Timestamp,Device Timestamp (ns),ECG Value (uV)
2025-06-26 14:26:56.729627,599618650737306533,-154.00
2025-06-26 14:26:56.729627,599618650737306533,-159.00
2025-06-26 14:26:56.729627,599618650737306533,-156.00
2025-06-26 14:26:56.729627,599618650737306533,-154.00
2025-06-26 14:26:56.729627,599618650737306533,-151.00
2025-06-26 14:26:56.729627,599618650737306533,-144.00
2025-06-26 14:26:56.729627,599618650737306533,-137.00
2025-06-26 14:26:56.729627,599618650737306533,-129.00
2025-06-26 14:26:56.729627,599618650737306533,-120.00
2025-06-26 14:26:56.729627,599618650737306533,-112.00
2025-06-26 14:26:56.729627,599618650737306533,-107.00
2025-06-26 14:26:56.729627,599618650737306533,-102.00
2025-06-26 14:26:56.729627,599618650737306533,-95.00
2025-06-26 14:26:56.729627,599618650737306533,-95.00
2025-06-26 14:26:56.729627,599618650737306533,-100.00
2025-06-26 14:26:56.729627,599618650737306533,-97.00
2025-06-26 14:26:56.729627,599618650737306533,-90.00
2025-06-26 14:26:56.729627,599618650737306533,-88.00
2025-06-26 14:26:56.729627,599618650737306533,-85.00
2025-06-26 14:26:56.729627,599618650737306533,-85.00
2025-06-26 14:26:56.729627,599618650737306533,-90.00
2025-06-26 14:26:56.729627,599618650737306533,-90.00
2025-06-26 14:26:56.729627,599618650737306533,-88.00
2025-06-26 14:26:56.729627,599618650737306533,-83.00
2025-06-26 14:26:56.729627,599618650737306533,-78.00
2025-06-26 14:26:56.729627,599618650737306533,-83.00
2025-06-26 14:26:56.729627,599618650737306533,-90.00
2025-06-26 14:26:56.729627,599618650737306533,-88.00
2025-06-26 14:26:56.729627,599618650737306533,-83.00
2025-06-26 14:26:56.729627,599618650737306533,-80.00
2025-06-26 14:26:56.729627,599618650737306533,-78.00
2025-06-26 14:26:56.729627,599618650737306533,-75.00
2025-06-26 14:26:56.729627,599618650737306533,-73.00
2025-06-26 14:26:56.729627,599618650737306533,-78.00
2025-06-26 14:26:56.729627,599618650737306533,-80.00
2025-06-26 14:26:56.729627,599618650737306533,-73.00
2025-06-26 14:26:56.729627,599618650737306533,-71.00
2025-06-26 14:26:56.729627,599618650737306533,-78.00
2025-06-26 14:26:56.729627,599618650737306533,-73.00
2025-06-26 14:26:56.729627,599618650737306533,-71.00
2025-06-26 14:26:56.729627,599618650737306533,-73.00
2025-06-26 14:26:56.729627,599618650737306533,-73.00
2025-06-26 14:26:56.729627,599618650737306533,-66.00
2025-06-26 14:26:56.729627,599618650737306533,-56.00
2025-06-26 14:26:56.729627,599618650737306533,-31.00
2025-06-26 14:26:56.729627,599618650737306533,-17.00
2025-06-26 14:26:56.729627,599618650737306533,-36.00
2025-06-26 14:26:56.729627,599618650737306533,-53.00
2025-06-26 14:26:56.729627,599618650737306533,-48.00
2025-06-26 14:26:56.729627,599618650737306533,-51.00
2025-06-26 14:26:56.729627,599618650737306533,-63.00
2025-06-26 14:26:56.729627,599618650737306533,-63.00
2025-06-26 14:26:56.729627,599618650737306533,-63.00
2025-06-26 14:26:56.729627,599618650737306533,-63.00
2025-06-26 14:26:56.729627,599618650737306533,-56.00
2025-06-26 14:26:56.729627,599618650737306533,-58.00
2025-06-26 14:26:56.729627,599618650737306533,-71.00
2025-06-26 14:26:56.729627,599618650737306533,-63.00
2025-06-26 14:26:56.729627,599618650737306533,24.00
2025-06-26 14:26:56.729627,599618650737306533,227.00
2025-06-26 14:26:56.729627,599618650737306533,509.00
2025-06-26 14:26:56.729627,599618650737306533,700.00
2025-06-26 14:26:56.729627,599618650737306533,543.00
2025-06-26 14:26:56.729627,599618650737306533,39.00
2025-06-26 14:26:56.729627,599618650737306533,-293.00
2025-06-26 14:26:56.729627,599618650737306533,-149.00
2025-06-26 14:26:56.729627,599618650737306533,-17.00
2025-06-26 14:26:56.729627,599618650737306533,-117.00
2025-06-26 14:26:56.729627,599618650737306533,-137.00
2025-06-26 14:26:56.729627,599618650737306533,-85.00
2025-06-26 14:26:56.729627,599618650737306533,-95.00
2025-06-26 14:26:56.729627,599618650737306533,-95.00
2025-06-26 14:26:56.729627,599618650737306533,-68.00
2025-06-26 14:26:57.270168,599618651298003574,-66.00
2025-06-26 14:26:57.270168,599618651298003574,-68.00
2025-06-26 14:26:57.270168,599618651298003574,-56.00
2025-06-26 14:26:57.270168,599618651298003574,-51.00
2025-06-26 14:26:57.270168,599618651298003574,-36.00
2025-06-26 14:26:57.270168,599618651298003574,-9.00
2025-06-26 14:26:57.270168,599618651298003574,-4.00
2025-06-26 14:26:57.270168,599618651298003574,-4.00
2025-06-26 14:26:57.270168,599618651298003574,9.00
2025-06-26 14:26:57.270168,599618651298003574,17.00
2025-06-26 14:26:57.270168,599618651298003574,31.00
2025-06-26 14:26:57.270168,599618651298003574,61.00
2025-06-26 14:26:57.270168,599618651298003574,73.00
2025-06-26 14:26:57.270168,599618651298003574,78.00
2025-06-26 14:26:57.270168,599618651298003574,93.00
2025-06-26 14:26:57.270168,599618651298003574,97.00
2025-06-26 14:26:57.270168,599618651298003574,93.00
2025-06-26 14:26:57.270168,599618651298003574,97.00
2025-06-26 14:26:57.270168,599618651298003574,97.00
2025-06-26 14:26:57.270168,599618651298003574,73.00
2025-06-26 14:26:57.270168,599618651298003574,31.00
2025-06-26 14:26:57.270168,599618651298003574,-14.00
2025-06-26 14:26:57.270168,599618651298003574,-58.00
2025-06-26 14:26:57.270168,599618651298003574,-97.00
2025-06-26 14:26:57.270168,599618651298003574,-132.00
2025-06-26 14:26:57.270168,599618651298003574,-149.00
2025-06-26 14:26:57.270168,599618651298003574,-156.00
2025-06-26 14:26:57.270168,599618651298003574,-166.00
2025-06-26 14:26:57.270168,599618651298003574,-154.00
2025-06-26 14:26:57.270168,599618651298003574,-137.00
2025-06-26 14:26:57.270168,599618651298003574,-144.00
2025-06-26 14:26:57.270168,599618651298003574,-154.00
2025-06-26 14:26:57.270168,599618651298003574,-139.00
2025-06-26 14:26:57.270168,599618651298003574,-107.00
2025-06-26 14:26:57.270168,599618651298003574,-105.00
2025-06-26 14:26:57.270168,599618651298003574,-124.00
2025-06-26 14:26:57.270168,599618651298003574,-115.00
2025-06-26 14:26:57.270168,599618651298003574,-90.00
2025-06-26 14:26:57.270168,599618651298003574,-90.00
2025-06-26 14:26:57.270168,599618651298003574,-100.00
2025-06-26 14:26:57.270168,599618651298003574,-93.00
2025-06-26 14:26:57.270168,599618651298003574,-75.00
2025-06-26 14:26:57.270168,599618651298003574,-58.00
2025-06-26 14:26:57.270168,599618651298003574,-71.00
2025-06-26 14:26:57.270168,599618651298003574,-95.00
2025-06-26 14:26:57.270168,599618651298003574,-88.00
2025-06-26 14:26:57.270168,599618651298003574,-80.00
2025-06-26 14:26:57.270168,599618651298003574,-83.00
2025-06-26 14:26:57.270168,599618651298003574,-80.00
2025-06-26 14:26:57.270168,599618651298003574,-93.00
2025-06-26 14:26:57.270168,599618651298003574,-95.00
2025-06-26 14:26:57.270168,599618651298003574,-80.00
2025-06-26 14:26:57.270168,599618651298003574,-90.00
2025-06-26 14:26:57.270168,599618651298003574,-93.00
2025-06-26 14:26:57.270168,599618651298003574,-83.00
2025-06-26 14:26:57.270168,599618651298003574,-97.00
2025-06-26 14:26:57.270168,599618651298003574,-107.00
2025-06-26 14:26:57.270168,599618651298003574,-85.00
2025-06-26 14:26:57.270168,599618651298003574,-90.00
2025-06-26 14:26:57.270168,599618651298003574,-112.00
2025-06-26 14:26:57.270168,599618651298003574,-105.00
2025-06-26 14:26:57.270168,599618651298003574,-95.00
2025-06-26 14:26:57.270168,599618651298003574,-95.00
2025-06-26 14:26:57.270168,599618651298003574,-61.00
2025-06-26 14:26:57.270168,599618651298003574,-34.00
2025-06-26 14:26:57.270168,599618651298003574,-61.00
2025-06-26 14:26:57.270168,599618651298003574,-75.00
2025-06-26 14:26:57.270168,599618651298003574,-68.00
2025-06-26 14:26:57.270168,599618651298003574,-78.00
2025-06-26 14:26:57.270168,599618651298003574,-83.00
2025-06-26 14:26:57.270168,599618651298003574,-78.00
2025-06-26 14:26:57.270168,599618651298003574,-80.00
2025-06-26 14:26:57.270168,599618651298003574,-85.00
2025-06-26 14:26:57.869736,599618651858731135,-85.00
2025-06-26 14:26:57.869736,599618651858731135,-80.00
2025-06-26 14:26:57.869736,599618651858731135,-71.00
2025-06-26 14:26:57.869736,599618651858731135,-75.00
2025-06-26 14:26:57.869736,599618651858731135,-36.00
2025-06-26 14:26:57.869736,599618651858731135,144.00
2025-06-26 14:26:57.869736,599618651858731135,450.00
2025-06-26 14:26:57.869736,599618651858731135,769.00
2025-06-26 14:26:57.869736,599618651858731135,884.00
2025-06-26 14:26:57.869736,599618651858731135,482.00
2025-06-26 14:26:57.869736,599618651858731135,-169.00
2025-06-26 14:26:57.869736,599618651858731135,-291.00
2025-06-26 14:26:57.869736,599618651858731135,-26.00
2025-06-26 14:26:57.869736,599618651858731135,-31.00
2025-06-26 14:26:57.869736,599618651858731135,-149.00
2025-06-26 14:26:57.869736,599618651858731135,-102.00
2025-06-26 14:26:57.869736,599618651858731135,-73.00
2025-06-26 14:26:57.869736,599618651858731135,-93.00
2025-06-26 14:26:57.869736,599618651858731135,-71.00
2025-06-26 14:26:57.869736,599618651858731135,-56.00
2025-06-26 14:26:57.869736,599618651858731135,-56.00
2025-06-26 14:26:57.869736,599618651858731135,-34.00
2025-06-26 14:26:57.869736,599618651858731135,-24.00
2025-06-26 14:26:57.869736,599618651858731135,-26.00
2025-06-26 14:26:57.869736,599618651858731135,-12.00
2025-06-26 14:26:57.869736,599618651858731135,4.00
2025-06-26 14:26:57.869736,599618651858731135,17.00
2025-06-26 14:26:57.869736,599618651858731135,24.00
2025-06-26 14:26:57.869736,599618651858731135,34.00
2025-06-26 14:26:57.869736,599618651858731135,51.00
2025-06-26 14:26:57.869736,599618651858731135,75.00
2025-06-26 14:26:57.869736,599618651858731135,83.00
2025-06-26 14:26:57.869736,599618651858731135,85.00
2025-06-26 14:26:57.869736,599618651858731135,112.00
2025-06-26 14:26:57.869736,599618651858731135,129.00
2025-06-26 14:26:57.869736,599618651858731135,115.00
2025-06-26 14:26:57.869736,599618651858731135,115.00
2025-06-26 14:26:57.869736,599618651858731135,124.00
2025-06-26 14:26:57.869736,599618651858731135,97.00
2025-06-26 14:26:57.869736,599618651858731135,46.00
2025-06-26 14:26:57.869736,599618651858731135,2.00
2025-06-26 14:26:57.869736,599618651858731135,-46.00
2025-06-26 14:26:57.869736,599618651858731135,-102.00
2025-06-26 14:26:57.869736,599618651858731135,-134.00
2025-06-26 14:26:57.869736,599618651858731135,-149.00
2025-06-26 14:26:57.869736,599618651858731135,-169.00
2025-06-26 14:26:57.869736,599618651858731135,-166.00
2025-06-26 14:26:57.869736,599618651858731135,-159.00
2025-06-26 14:26:57.869736,599618651858731135,-156.00
2025-06-26 14:26:57.869736,599618651858731135,-149.00
2025-06-26 14:26:57.869736,599618651858731135,-137.00
2025-06-26 14:26:57.869736,599618651858731135,-139.00
2025-06-26 14:26:57.869736,599618651858731135,-139.00
2025-06-26 14:26:57.869736,599618651858731135,-127.00
2025-06-26 14:26:57.869736,599618651858731135,-115.00
2025-06-26 14:26:57.869736,599618651858731135,-112.00
2025-06-26 14:26:57.869736,599618651858731135,-107.00
2025-06-26 14:26:57.869736,599618651858731135,-102.00
2025-06-26 14:26:57.869736,599618651858731135,-100.00
2025-06-26 14:26:57.869736,599618651858731135,-95.00
2025-06-26 14:26:57.869736,599618651858731135,-90.00
2025-06-26 14:26:57.869736,599618651858731135,-85.00
2025-06-26 14:26:57.869736,599618651858731135,-83.00
2025-06-26 14:26:57.869736,599618651858731135,-83.00
2025-06-26 14:26:57.869736,599618651858731135,-80.00
2025-06-26 14:26:57.869736,599618651858731135,-75.00
2025-06-26 14:26:57.869736,599618651858731135,-78.00
2025-06-26 14:26:57.869736,599618651858731135,-80.00
2025-06-26 14:26:57.869736,599618651858731135,-73.00
2025-06-26 14:26:57.869736,599618651858731135,-73.00
2025-06-26 14:26:57.869736,599618651858731135,-78.00
2025-06-26 14:26:57.869736,599618651858731135,-71.00
2025-06-26 14:26:57.869736,599618651858731135,-66.00
2025-06-26 14:26:58.411000,599618652419428176,-61.00
2025-06-26 14:26:58.411000,599618652419428176,-53.00
2025-06-26 14:26:58.411000,599618652419428176,-53.00
2025-06-26 14:26:58.411000,599618652419428176,-58.00
2025-06-26 14:26:58.411000,599618652419428176,-56.00
2025-06-26 14:26:58.411000,599618652419428176,-51.00
2025-06-26 14:26:58.411000,599618652419428176,-51.00
2025-06-26 14:26:58.411000,599618652419428176,-53.00
2025-06-26 14:26:58.411000,599618652419428176,-53.00
2025-06-26 14:26:58.411000,599618652419428176,-46.00
2025-06-26 14:26:58.411000,599618652419428176,-17.00
2025-06-26 14:26:58.411000,599618652419428176,7.00
2025-06-26 14:26:58.411000,599618652419428176,0.00
2025-06-26 14:26:58.411000,599618652419428176,-22.00
2025-06-26 14:26:58.411000,599618652419428176,-22.00
2025-06-26 14:26:58.411000,599618652419428176,-19.00
2025-06-26 14:26:58.411000,599618652419428176,-24.00
2025-06-26 14:26:58.411000,599618652419428176,-29.00
2025-06-26 14:26:58.411000,599618652419428176,-29.00
2025-06-26 14:26:58.411000,599618652419428176,-31.00
2025-06-26 14:26:58.411000,599618652419428176,-31.00
2025-06-26 14:26:58.411000,599618652419428176,-29.00
2025-06-26 14:26:58.411000,599618652419428176,-29.00
2025-06-26 14:26:58.411000,599618652419428176,-34.00
2025-06-26 14:26:58.411000,599618652419428176,-12.00
2025-06-26 14:26:58.411000,599618652419428176,124.00
2025-06-26 14:26:58.411000,599618652419428176,409.00
2025-06-26 14:26:58.411000,599618652419428176,732.00
2025-06-26 14:26:58.411000,599618652419428176,869.00
2025-06-26 14:26:58.411000,599618652419428176,534.00
2025-06-26 14:26:58.411000,599618652419428176,-75.00
2025-06-26 14:26:58.411000,599618652419428176,-254.00
2025-06-26 14:26:58.411000,599618652419428176,-14.00
2025-06-26 14:26:58.411000,599618652419428176,12.00
2025-06-26 14:26:58.411000,599618652419428176,-107.00
2025-06-26 14:26:58.411000,599618652419428176,-73.00
2025-06-26 14:26:58.411000,599618652419428176,-36.00
2025-06-26 14:26:58.411000,599618652419428176,-68.00
2025-06-26 14:26:58.411000,599618652419428176,-53.00
2025-06-26 14:26:58.411000,599618652419428176,-26.00
2025-06-26 14:26:58.411000,599618652419428176,-31.00
2025-06-26 14:26:58.411000,599618652419428176,-24.00
2025-06-26 14:26:58.411000,599618652419428176,-9.00
2025-06-26 14:26:58.411000,599618652419428176,-4.00
2025-06-26 14:26:58.411000,599618652419428176,2.00
2025-06-26 14:26:58.411000,599618652419428176,9.00
2025-06-26 14:26:58.411000,599618652419428176,17.00
2025-06-26 14:26:58.411000,599618652419428176,29.00
2025-06-26 14:26:58.411000,599618652419428176,36.00
2025-06-26 14:26:58.411000,599618652419428176,44.00
2025-06-26 14:26:58.411000,599618652419428176,61.00
2025-06-26 14:26:58.411000,599618652419428176,73.00
2025-06-26 14:26:58.411000,599618652419428176,80.00
2025-06-26 14:26:58.411000,599618652419428176,88.00
2025-06-26 14:26:58.411000,599618652419428176,97.00
2025-06-26 14:26:58.411000,599618652419428176,105.00
2025-06-26 14:26:58.411000,599618652419428176,102.00
2025-06-26 14:26:58.411000,599618652419428176,97.00
2025-06-26 14:26:58.411000,599618652419428176,80.00
2025-06-26 14:26:58.411000,599618652419428176,48.00
2025-06-26 14:26:58.411000,599618652419428176,4.00
2025-06-26 14:26:58.411000,599618652419428176,-39.00
2025-06-26 14:26:58.411000,599618652419428176,-80.00
2025-06-26 14:26:58.411000,599618652419428176,-110.00
2025-06-26 14:26:58.411000,599618652419428176,-134.00
2025-06-26 14:26:58.411000,599618652419428176,-151.00
2025-06-26 14:26:58.411000,599618652419428176,-159.00
2025-06-26 14:26:58.411000,599618652419428176,-159.00
2025-06-26 14:26:58.411000,599618652419428176,-156.00
2025-06-26 14:26:58.411000,599618652419428176,-151.00
2025-06-26 14:26:58.411000,599618652419428176,-149.00
2025-06-26 14:26:58.411000,599618652419428176,-146.00
2025-06-26 14:26:58.411000,599618652419428176,-139.00
2025-06-26 14:26:58.979947,599618652980125217,-134.00
2025-06-26 14:26:58.979947,599618652980125217,-127.00
2025-06-26 14:26:58.979947,599618652980125217,-122.00
2025-06-26 14:26:58.979947,599618652980125217,-117.00
2025-06-26 14:26:58.979947,599618652980125217,-115.00
2025-06-26 14:26:58.979947,599618652980125217,-112.00
2025-06-26 14:26:58.979947,599618652980125217,-110.00
2025-06-26 14:26:58.979947,599618652980125217,-105.00
2025-06-26 14:26:58.979947,599618652980125217,-102.00
2025-06-26 14:26:58.979947,599618652980125217,-102.00
2025-06-26 14:26:58.979947,599618652980125217,-102.00
2025-06-26 14:26:58.979947,599618652980125217,-100.00
2025-06-26 14:26:58.979947,599618652980125217,-100.00
2025-06-26 14:26:58.979947,599618652980125217,-102.00
2025-06-26 14:26:58.979947,599618652980125217,-105.00
2025-06-26 14:26:58.979947,599618652980125217,-105.00
2025-06-26 14:26:58.979947,599618652980125217,-105.00
2025-06-26 14:26:58.979947,599618652980125217,-102.00
2025-06-26 14:26:58.979947,599618652980125217,-100.00
2025-06-26 14:26:58.979947,599618652980125217,-95.00
2025-06-26 14:26:58.979947,599618652980125217,-95.00
2025-06-26 14:26:58.979947,599618652980125217,-95.00
2025-06-26 14:26:58.979947,599618652980125217,-93.00
2025-06-26 14:26:58.979947,599618652980125217,-93.00
2025-06-26 14:26:58.979947,599618652980125217,-90.00
2025-06-26 14:26:58.979947,599618652980125217,-90.00
2025-06-26 14:26:58.979947,599618652980125217,-90.00
2025-06-26 14:26:58.979947,599618652980125217,-88.00
2025-06-26 14:26:58.979947,599618652980125217,-88.00
2025-06-26 14:26:58.979947,599618652980125217,-93.00
2025-06-26 14:26:58.979947,599618652980125217,-97.00
2025-06-26 14:26:58.979947,599618652980125217,-90.00
2025-06-26 14:26:58.979947,599618652980125217,-73.00
2025-06-26 14:26:58.979947,599618652980125217,-51.00
2025-06-26 14:26:58.979947,599618652980125217,-41.00
2025-06-26 14:26:58.979947,599618652980125217,-51.00
2025-06-26 14:26:58.979947,599618652980125217,-63.00
2025-06-26 14:26:58.979947,599618652980125217,-61.00
2025-06-26 14:26:58.979947,599618652980125217,-61.00
2025-06-26 14:26:58.979947,599618652980125217,-73.00
2025-06-26 14:26:58.979947,599618652980125217,-78.00
2025-06-26 14:26:58.979947,599618652980125217,-80.00
2025-06-26 14:26:58.979947,599618652980125217,-80.00
2025-06-26 14:26:58.979947,599618652980125217,-78.00
2025-06-26 14:26:58.979947,599618652980125217,-78.00
2025-06-26 14:26:58.979947,599618652980125217,-83.00
2025-06-26 14:26:58.979947,599618652980125217,-93.00
2025-06-26 14:26:58.979947,599618652980125217,-46.00
2025-06-26 14:26:58.979947,599618652980125217,142.00
2025-06-26 14:26:58.979947,599618652980125217,462.00
2025-06-26 14:26:58.979947,599618652980125217,747.00
2025-06-26 14:26:58.979947,599618652980125217,720.00
2025-06-26 14:26:58.979947,599618652980125217,213.00
2025-06-26 14:26:58.979947,599618652980125217,-308.00
2025-06-26 14:26:58.979947,599618652980125217,-254.00
2025-06-26 14:26:58.979947,599618652980125217,-26.00
2025-06-26 14:26:58.979947,599618652980125217,-115.00
2025-06-26 14:26:58.979947,599618652980125217,-195.00
2025-06-26 14:26:58.979947,599618652980125217,-117.00
2025-06-26 14:26:58.979947,599618652980125217,-102.00
2025-06-26 14:26:58.979947,599618652980125217,-132.00
2025-06-26 14:26:58.979947,599618652980125217,-107.00
2025-06-26 14:26:58.979947,599618652980125217,-85.00
2025-06-26 14:26:58.979947,599618652980125217,-90.00
2025-06-26 14:26:58.979947,599618652980125217,-78.00
2025-06-26 14:26:58.979947,599618652980125217,-66.00
2025-06-26 14:26:58.979947,599618652980125217,-66.00
2025-06-26 14:26:58.979947,599618652980125217,-56.00
2025-06-26 14:26:58.979947,599618652980125217,-44.00
2025-06-26 14:26:58.979947,599618652980125217,-36.00
2025-06-26 14:26:58.979947,599618652980125217,-26.00
2025-06-26 14:26:58.979947,599618652980125217,-12.00
2025-06-26 14:26:58.979947,599618652980125217,2.00
2025-06-26 14:26:59.522781,599618653540852776,14.00
2025-06-26 14:26:59.522781,599618653540852776,29.00
2025-06-26 14:26:59.522781,599618653540852776,46.00
2025-06-26 14:26:59.522781,599618653540852776,53.00
2025-06-26 14:26:59.522781,599618653540852776,61.00
2025-06-26 14:26:59.522781,599618653540852776,73.00
2025-06-26 14:26:59.522781,599618653540852776,75.00
2025-06-26 14:26:59.522781,599618653540852776,66.00
2025-06-26 14:26:59.522781,599618653540852776,56.00
2025-06-26 14:26:59.522781,599618653540852776,29.00
2025-06-26 14:26:59.522781,599618653540852776,-9.00
2025-06-26 14:26:59.522781,599618653540852776,-51.00
2025-06-26 14:26:59.522781,599618653540852776,-88.00
2025-06-26 14:26:59.522781,599618653540852776,-120.00
2025-06-26 14:26:59.522781,599618653540852776,-144.00
2025-06-26 14:26:59.522781,599618653540852776,-156.00
2025-06-26 14:26:59.522781,599618653540852776,-159.00
2025-06-26 14:26:59.522781,599618653540852776,-161.00
2025-06-26 14:26:59.522781,599618653540852776,-156.00
2025-06-26 14:26:59.522781,599618653540852776,-151.00
2025-06-26 14:26:59.522781,599618653540852776,-146.00
2025-06-26 14:26:59.522781,599618653540852776,-139.00
2025-06-26 14:26:59.522781,599618653540852776,-134.00
2025-06-26 14:26:59.522781,599618653540852776,-129.00
2025-06-26 14:26:59.522781,599618653540852776,-124.00
2025-06-26 14:26:59.522781,599618653540852776,-117.00
2025-06-26 14:26:59.522781,599618653540852776,-115.00
2025-06-26 14:26:59.522781,599618653540852776,-110.00
2025-06-26 14:26:59.522781,599618653540852776,-105.00
2025-06-26 14:26:59.522781,599618653540852776,-97.00
2025-06-26 14:26:59.522781,599618653540852776,-95.00
2025-06-26 14:26:59.522781,599618653540852776,-93.00
2025-06-26 14:26:59.522781,599618653540852776,-93.00
2025-06-26 14:26:59.522781,599618653540852776,-88.00
2025-06-26 14:26:59.522781,599618653540852776,-88.00
2025-06-26 14:26:59.522781,599618653540852776,-88.00
2025-06-26 14:26:59.522781,599618653540852776,-88.00
2025-06-26 14:26:59.522781,599618653540852776,-85.00
2025-06-26 14:26:59.522781,599618653540852776,-85.00
2025-06-26 14:26:59.522781,599618653540852776,-85.00
2025-06-26 14:26:59.522781,599618653540852776,-83.00
2025-06-26 14:26:59.522781,599618653540852776,-83.00
2025-06-26 14:26:59.522781,599618653540852776,-83.00
2025-06-26 14:26:59.522781,599618653540852776,-80.00
2025-06-26 14:26:59.522781,599618653540852776,-78.00
2025-06-26 14:26:59.522781,599618653540852776,-78.00
2025-06-26 14:26:59.522781,599618653540852776,-78.00
2025-06-26 14:26:59.522781,599618653540852776,-75.00
2025-06-26 14:26:59.522781,599618653540852776,-73.00
2025-06-26 14:26:59.522781,599618653540852776,-73.00
2025-06-26 14:26:59.522781,599618653540852776,-71.00
2025-06-26 14:26:59.522781,599618653540852776,-71.00
2025-06-26 14:26:59.522781,599618653540852776,-68.00
2025-06-26 14:26:59.522781,599618653540852776,-71.00
2025-06-26 14:26:59.522781,599618653540852776,-73.00
2025-06-26 14:26:59.522781,599618653540852776,-73.00
2025-06-26 14:26:59.522781,599618653540852776,-66.00
2025-06-26 14:26:59.522781,599618653540852776,-51.00
2025-06-26 14:26:59.522781,599618653540852776,-31.00
2025-06-26 14:26:59.522781,599618653540852776,-22.00
2025-06-26 14:26:59.522781,599618653540852776,-31.00
2025-06-26 14:26:59.522781,599618653540852776,-39.00
2025-06-26 14:26:59.522781,599618653540852776,-39.00
2025-06-26 14:26:59.522781,599618653540852776,-44.00
2025-06-26 14:26:59.522781,599618653540852776,-53.00
2025-06-26 14:26:59.522781,599618653540852776,-58.00
2025-06-26 14:26:59.522781,599618653540852776,-61.00
2025-06-26 14:26:59.522781,599618653540852776,-61.00
2025-06-26 14:26:59.522781,599618653540852776,-58.00
2025-06-26 14:26:59.522781,599618653540852776,-58.00
2025-06-26 14:26:59.522781,599618653540852776,-66.00
2025-06-26 14:26:59.522781,599618653540852776,-71.00
2025-06-26 14:26:59.522781,599618653540852776,-7.00
2025-06-26 14:27:00.149655,599618654101549817,191.00
2025-06-26 14:27:00.149655,599618654101549817,494.00
2025-06-26 14:27:00.149655,599618654101549817,737.00
2025-06-26 14:27:00.149655,599618654101549817,629.00
2025-06-26 14:27:00.149655,599618654101549817,97.00
2025-06-26 14:27:00.149655,599618654101549817,-296.00
2025-06-26 14:27:00.149655,599618654101549817,-159.00
2025-06-26 14:27:00.149655,599618654101549817,-2.00
2025-06-26 14:27:00.149655,599618654101549817,-112.00
2025-06-26 14:27:00.149655,599618654101549817,-146.00
2025-06-26 14:27:00.149655,599618654101549817,-80.00
2025-06-26 14:27:00.149655,599618654101549817,-90.00
2025-06-26 14:27:00.149655,599618654101549817,-105.00
2025-06-26 14:27:00.149655,599618654101549817,-78.00
2025-06-26 14:27:00.149655,599618654101549817,-68.00
2025-06-26 14:27:00.149655,599618654101549817,-71.00
2025-06-26 14:27:00.149655,599618654101549817,-58.00
2025-06-26 14:27:00.149655,599618654101549817,-48.00
2025-06-26 14:27:00.149655,599618654101549817,-44.00
2025-06-26 14:27:00.149655,599618654101549817,-34.00
2025-06-26 14:27:00.149655,599618654101549817,-24.00
2025-06-26 14:27:00.149655,599618654101549817,-14.00
2025-06-26 14:27:00.149655,599618654101549817,-4.00
2025-06-26 14:27:00.149655,599618654101549817,7.00
2025-06-26 14:27:00.149655,599618654101549817,19.00
2025-06-26 14:27:00.149655,599618654101549817,31.00
2025-06-26 14:27:00.149655,599618654101549817,46.00
2025-06-26 14:27:00.149655,599618654101549817,58.00
2025-06-26 14:27:00.149655,599618654101549817,68.00
2025-06-26 14:27:00.149655,599618654101549817,78.00
2025-06-26 14:27:00.149655,599618654101549817,83.00
2025-06-26 14:27:00.149655,599618654101549817,85.00
2025-06-26 14:27:00.149655,599618654101549817,83.00
2025-06-26 14:27:00.149655,599618654101549817,66.00
2025-06-26 14:27:00.149655,599618654101549817,36.00
2025-06-26 14:27:00.149655,599618654101549817,-2.00
2025-06-26 14:27:00.149655,599618654101549817,-51.00
2025-06-26 14:27:00.149655,599618654101549817,-93.00
2025-06-26 14:27:00.149655,599618654101549817,-124.00
2025-06-26 14:27:00.149655,599618654101549817,-146.00
2025-06-26 14:27:00.149655,599618654101549817,-159.00
2025-06-26 14:27:00.149655,599618654101549817,-164.00
2025-06-26 14:27:00.149655,599618654101549817,-164.00
2025-06-26 14:27:00.149655,599618654101549817,-161.00
2025-06-26 14:27:00.149655,599618654101549817,-159.00
2025-06-26 14:27:00.149655,599618654101549817,-154.00
2025-06-26 14:27:00.149655,599618654101549817,-149.00
2025-06-26 14:27:00.149655,599618654101549817,-142.00
2025-06-26 14:27:00.149655,599618654101549817,-137.00
2025-06-26 14:27:00.149655,599618654101549817,-132.00
2025-06-26 14:27:00.149655,599618654101549817,-127.00
2025-06-26 14:27:00.149655,599618654101549817,-122.00
2025-06-26 14:27:00.149655,599618654101549817,-120.00
2025-06-26 14:27:00.149655,599618654101549817,-117.00
2025-06-26 14:27:00.149655,599618654101549817,-115.00
2025-06-26 14:27:00.149655,599618654101549817,-112.00
2025-06-26 14:27:00.149655,599618654101549817,-112.00
2025-06-26 14:27:00.149655,599618654101549817,-110.00
2025-06-26 14:27:00.149655,599618654101549817,-107.00
2025-06-26 14:27:00.149655,599618654101549817,-107.00
2025-06-26 14:27:00.149655,599618654101549817,-107.00
2025-06-26 14:27:00.149655,599618654101549817,-105.00
2025-06-26 14:27:00.149655,599618654101549817,-105.00
2025-06-26 14:27:00.149655,599618654101549817,-102.00
2025-06-26 14:27:00.149655,599618654101549817,-100.00
2025-06-26 14:27:00.149655,599618654101549817,-100.00
2025-06-26 14:27:00.149655,599618654101549817,-100.00
2025-06-26 14:27:00.149655,599618654101549817,-100.00
2025-06-26 14:27:00.149655,599618654101549817,-95.00
2025-06-26 14:27:00.149655,599618654101549817,-93.00
2025-06-26 14:27:00.149655,599618654101549817,-90.00
2025-06-26 14:27:00.149655,599618654101549817,-90.00
2025-06-26 14:27:00.149655,599618654101549817,-88.00
2025-06-26 14:27:00.630481,599618654662246858,-85.00
2025-06-26 14:27:00.630481,599618654662246858,-85.00
2025-06-26 14:27:00.630481,599618654662246858,-85.00
2025-06-26 14:27:00.630481,599618654662246858,-83.00
2025-06-26 14:27:00.630481,599618654662246858,-80.00
2025-06-26 14:27:00.630481,599618654662246858,-78.00
2025-06-26 14:27:00.630481,599618654662246858,-78.00
2025-06-26 14:27:00.630481,599618654662246858,-75.00
2025-06-26 14:27:00.630481,599618654662246858,-68.00
2025-06-26 14:27:00.630481,599618654662246858,-68.00
2025-06-26 14:27:00.630481,599618654662246858,-68.00
2025-06-26 14:27:00.630481,599618654662246858,-66.00
2025-06-26 14:27:00.630481,599618654662246858,-68.00
2025-06-26 14:27:00.630481,599618654662246858,-68.00
2025-06-26 14:27:00.630481,599618654662246858,-68.00
2025-06-26 14:27:00.630481,599618654662246858,-73.00
2025-06-26 14:27:00.630481,599618654662246858,-71.00
2025-06-26 14:27:00.630481,599618654662246858,-58.00
2025-06-26 14:27:00.630481,599618654662246858,-36.00
2025-06-26 14:27:00.630481,599618654662246858,-22.00
2025-06-26 14:27:00.630481,599618654662246858,-31.00
2025-06-26 14:27:00.630481,599618654662246858,-46.00
2025-06-26 14:27:00.630481,599618654662246858,-46.00
2025-06-26 14:27:00.630481,599618654662246858,-48.00
2025-06-26 14:27:00.630481,599618654662246858,-63.00
2025-06-26 14:27:00.630481,599618654662246858,-66.00
2025-06-26 14:27:00.630481,599618654662246858,-68.00
2025-06-26 14:27:00.630481,599618654662246858,-68.00
2025-06-26 14:27:00.630481,599618654662246858,-66.00
2025-06-26 14:27:00.630481,599618654662246858,-63.00
2025-06-26 14:27:00.630481,599618654662246858,-68.00
2025-06-26 14:27:00.630481,599618654662246858,-78.00
2025-06-26 14:27:00.630481,599618654662246858,-46.00
2025-06-26 14:27:00.630481,599618654662246858,105.00
2025-06-26 14:27:00.630481,599618654662246858,379.00
2025-06-26 14:27:00.630481,599618654662246858,649.00
2025-06-26 14:27:00.630481,599618654662246858,656.00
2025-06-26 14:27:00.630481,599618654662246858,227.00
2025-06-26 14:27:00.630481,599618654662246858,-240.00
2025-06-26 14:27:00.630481,599618654662246858,-222.00
2025-06-26 14:27:00.630481,599618654662246858,-26.00
2025-06-26 14:27:00.630481,599618654662246858,-85.00
2025-06-26 14:27:00.630481,599618654662246858,-156.00
2025-06-26 14:27:00.630481,599618654662246858,-102.00
2025-06-26 14:27:00.630481,599618654662246858,-90.00
2025-06-26 14:27:00.630481,599618654662246858,-112.00
2025-06-26 14:27:00.630481,599618654662246858,-93.00
2025-06-26 14:27:00.630481,599618654662246858,-73.00
2025-06-26 14:27:00.630481,599618654662246858,-75.00
2025-06-26 14:27:00.630481,599618654662246858,-68.00
2025-06-26 14:27:00.630481,599618654662246858,-56.00
2025-06-26 14:27:00.630481,599618654662246858,-48.00
2025-06-26 14:27:00.630481,599618654662246858,-41.00
2025-06-26 14:27:00.630481,599618654662246858,-31.00
2025-06-26 14:27:00.630481,599618654662246858,-22.00
2025-06-26 14:27:00.630481,599618654662246858,-12.00
2025-06-26 14:27:00.630481,599618654662246858,-4.00
2025-06-26 14:27:00.630481,599618654662246858,7.00
2025-06-26 14:27:00.630481,599618654662246858,24.00
2025-06-26 14:27:00.630481,599618654662246858,36.00
2025-06-26 14:27:00.630481,599618654662246858,46.00
2025-06-26 14:27:00.630481,599618654662246858,58.00
2025-06-26 14:27:00.630481,599618654662246858,71.00
2025-06-26 14:27:00.630481,599618654662246858,75.00
2025-06-26 14:27:00.630481,599618654662246858,78.00
2025-06-26 14:27:00.630481,599618654662246858,80.00
2025-06-26 14:27:00.630481,599618654662246858,73.00
2025-06-26 14:27:00.630481,599618654662246858,53.00
2025-06-26 14:27:00.630481,599618654662246858,19.00
2025-06-26 14:27:00.630481,599618654662246858,-22.00
2025-06-26 14:27:00.630481,599618654662246858,-61.00
2025-06-26 14:27:00.630481,599618654662246858,-97.00
2025-06-26 14:27:00.630481,599618654662246858,-124.00
2025-06-26 14:27:01.230982,599618655222974419,-144.00
2025-06-26 14:27:01.230982,599618655222974419,-154.00
2025-06-26 14:27:01.230982,599618655222974419,-156.00
2025-06-26 14:27:01.230982,599618655222974419,-156.00
2025-06-26 14:27:01.230982,599618655222974419,-154.00
2025-06-26 14:27:01.230982,599618655222974419,-146.00
2025-06-26 14:27:01.230982,599618655222974419,-142.00
2025-06-26 14:27:01.230982,599618655222974419,-137.00
2025-06-26 14:27:01.230982,599618655222974419,-132.00
2025-06-26 14:27:01.230982,599618655222974419,-127.00
2025-06-26 14:27:01.230982,599618655222974419,-124.00
2025-06-26 14:27:01.230982,599618655222974419,-120.00
2025-06-26 14:27:01.230982,599618655222974419,-117.00
2025-06-26 14:27:01.230982,599618655222974419,-115.00
2025-06-26 14:27:01.230982,599618655222974419,-112.00
2025-06-26 14:27:01.230982,599618655222974419,-112.00
2025-06-26 14:27:01.230982,599618655222974419,-110.00
2025-06-26 14:27:01.230982,599618655222974419,-107.00
2025-06-26 14:27:01.230982,599618655222974419,-107.00
2025-06-26 14:27:01.230982,599618655222974419,-107.00
2025-06-26 14:27:01.230982,599618655222974419,-105.00
2025-06-26 14:27:01.230982,599618655222974419,-105.00
2025-06-26 14:27:01.230982,599618655222974419,-102.00
2025-06-26 14:27:01.230982,599618655222974419,-102.00
2025-06-26 14:27:01.230982,599618655222974419,-102.00
2025-06-26 14:27:01.230982,599618655222974419,-102.00
2025-06-26 14:27:01.230982,599618655222974419,-100.00
2025-06-26 14:27:01.230982,599618655222974419,-102.00
2025-06-26 14:27:01.230982,599618655222974419,-100.00
2025-06-26 14:27:01.230982,599618655222974419,-100.00
2025-06-26 14:27:01.230982,599618655222974419,-100.00
2025-06-26 14:27:01.230982,599618655222974419,-97.00
2025-06-26 14:27:01.230982,599618655222974419,-97.00
2025-06-26 14:27:01.230982,599618655222974419,-95.00
2025-06-26 14:27:01.230982,599618655222974419,-93.00
2025-06-26 14:27:01.230982,599618655222974419,-93.00
2025-06-26 14:27:01.230982,599618655222974419,-93.00
2025-06-26 14:27:01.230982,599618655222974419,-90.00
2025-06-26 14:27:01.230982,599618655222974419,-85.00
2025-06-26 14:27:01.230982,599618655222974419,-85.00
2025-06-26 14:27:01.230982,599618655222974419,-83.00
2025-06-26 14:27:01.230982,599618655222974419,-83.00
2025-06-26 14:27:01.230982,599618655222974419,-83.00
2025-06-26 14:27:01.230982,599618655222974419,-83.00
2025-06-26 14:27:01.230982,599618655222974419,-83.00
2025-06-26 14:27:01.230982,599618655222974419,-83.00
2025-06-26 14:27:01.230982,599618655222974419,-85.00
2025-06-26 14:27:01.230982,599618655222974419,-85.00
2025-06-26 14:27:01.230982,599618655222974419,-73.00
2025-06-26 14:27:01.230982,599618655222974419,-51.00
2025-06-26 14:27:01.230982,599618655222974419,-31.00
2025-06-26 14:27:01.230982,599618655222974419,-36.00
2025-06-26 14:27:01.230982,599618655222974419,-53.00
2025-06-26 14:27:01.230982,599618655222974419,-56.00
2025-06-26 14:27:01.230982,599618655222974419,-56.00
2025-06-26 14:27:01.230982,599618655222974419,-66.00
2025-06-26 14:27:01.230982,599618655222974419,-73.00
2025-06-26 14:27:01.230982,599618655222974419,-73.00
2025-06-26 14:27:01.230982,599618655222974419,-75.00
2025-06-26 14:27:01.230982,599618655222974419,-75.00
2025-06-26 14:27:01.230982,599618655222974419,-71.00
2025-06-26 14:27:01.230982,599618655222974419,-73.00
2025-06-26 14:27:01.230982,599618655222974419,-85.00
2025-06-26 14:27:01.230982,599618655222974419,-63.00
2025-06-26 14:27:01.230982,599618655222974419,66.00
2025-06-26 14:27:01.230982,599618655222974419,320.00
2025-06-26 14:27:01.230982,599618655222974419,595.00
2025-06-26 14:27:01.230982,599618655222974419,646.00
2025-06-26 14:27:01.230982,599618655222974419,279.00
2025-06-26 14:27:01.230982,599618655222974419,-198.00
2025-06-26 14:27:01.230982,599618655222974419,-252.00
2025-06-26 14:27:01.230982,599618655222974419,-51.00
2025-06-26 14:27:01.230982,599618655222974419,-63.00
2025-06-26 14:27:01.770454,599618655783671460,-149.00
2025-06-26 14:27:01.770454,599618655783671460,-110.00
2025-06-26 14:27:01.770454,599618655783671460,-83.00
2025-06-26 14:27:01.770454,599618655783671460,-105.00
2025-06-26 14:27:01.770454,599618655783671460,-93.00
2025-06-26 14:27:01.770454,599618655783671460,-71.00
2025-06-26 14:27:01.770454,599618655783671460,-68.00
2025-06-26 14:27:01.770454,599618655783671460,-61.00
2025-06-26 14:27:01.770454,599618655783671460,-46.00
2025-06-26 14:27:01.770454,599618655783671460,-39.00
2025-06-26 14:27:01.770454,599618655783671460,-29.00
2025-06-26 14:27:01.770454,599618655783671460,-19.00
2025-06-26 14:27:01.770454,599618655783671460,-12.00
2025-06-26 14:27:01.770454,599618655783671460,-2.00
2025-06-26 14:27:01.770454,599618655783671460,9.00
2025-06-26 14:27:01.770454,599618655783671460,19.00
2025-06-26 14:27:01.770454,599618655783671460,29.00
2025-06-26 14:27:01.770454,599618655783671460,41.00
2025-06-26 14:27:01.770454,599618655783671460,51.00
2025-06-26 14:27:01.770454,599618655783671460,63.00
2025-06-26 14:27:01.770454,599618655783671460,71.00
2025-06-26 14:27:01.770454,599618655783671460,75.00
2025-06-26 14:27:01.770454,599618655783671460,80.00
2025-06-26 14:27:01.770454,599618655783671460,80.00
2025-06-26 14:27:01.770454,599618655783671460,71.00
2025-06-26 14:27:01.770454,599618655783671460,53.00
2025-06-26 14:27:01.770454,599618655783671460,24.00
2025-06-26 14:27:01.770454,599618655783671460,-17.00
2025-06-26 14:27:01.770454,599618655783671460,-61.00
2025-06-26 14:27:01.770454,599618655783671460,-95.00
2025-06-26 14:27:01.770454,599618655783671460,-122.00
2025-06-26 14:27:01.770454,599618655783671460,-139.00
2025-06-26 14:27:01.770454,599618655783671460,-149.00
2025-06-26 14:27:01.770454,599618655783671460,-151.00
2025-06-26 14:27:01.770454,599618655783671460,-151.00
2025-06-26 14:27:01.770454,599618655783671460,-149.00
2025-06-26 14:27:01.770454,599618655783671460,-146.00
2025-06-26 14:27:01.770454,599618655783671460,-142.00
2025-06-26 14:27:01.770454,599618655783671460,-134.00
2025-06-26 14:27:01.770454,599618655783671460,-129.00
2025-06-26 14:27:01.770454,599618655783671460,-124.00
2025-06-26 14:27:01.770454,599618655783671460,-120.00
2025-06-26 14:27:01.770454,599618655783671460,-115.00
2025-06-26 14:27:01.770454,599618655783671460,-112.00
2025-06-26 14:27:01.770454,599618655783671460,-110.00
2025-06-26 14:27:01.770454,599618655783671460,-107.00
2025-06-26 14:27:01.770454,599618655783671460,-107.00
2025-06-26 14:27:01.770454,599618655783671460,-105.00
2025-06-26 14:27:01.770454,599618655783671460,-100.00
2025-06-26 14:27:01.770454,599618655783671460,-100.00
2025-06-26 14:27:01.770454,599618655783671460,-100.00
2025-06-26 14:27:01.770454,599618655783671460,-97.00
2025-06-26 14:27:01.770454,599618655783671460,-97.00
2025-06-26 14:27:01.770454,599618655783671460,-95.00
2025-06-26 14:27:01.770454,599618655783671460,-95.00
2025-06-26 14:27:01.770454,599618655783671460,-97.00
2025-06-26 14:27:01.770454,599618655783671460,-95.00
2025-06-26 14:27:01.770454,599618655783671460,-95.00
2025-06-26 14:27:01.770454,599618655783671460,-93.00
2025-06-26 14:27:01.770454,599618655783671460,-90.00
2025-06-26 14:27:01.770454,599618655783671460,-93.00
2025-06-26 14:27:01.770454,599618655783671460,-93.00
2025-06-26 14:27:01.770454,599618655783671460,-90.00
2025-06-26 14:27:01.770454,599618655783671460,-90.00
2025-06-26 14:27:01.770454,599618655783671460,-90.00
2025-06-26 14:27:01.770454,599618655783671460,-90.00
2025-06-26 14:27:01.770454,599618655783671460,-88.00
2025-06-26 14:27:01.770454,599618655783671460,-88.00
2025-06-26 14:27:01.770454,599618655783671460,-80.00
2025-06-26 14:27:01.770454,599618655783671460,-80.00
2025-06-26 14:27:01.770454,599618655783671460,-85.00
2025-06-26 14:27:01.770454,599618655783671460,-88.00
2025-06-26 14:27:01.770454,599618655783671460,-85.00
2025-06-26 14:27:02.340211,599618656344368501,-88.00
2025-06-26 14:27:02.340211,599618656344368501,-90.00
2025-06-26 14:27:02.340211,599618656344368501,-93.00
2025-06-26 14:27:02.340211,599618656344368501,-90.00
2025-06-26 14:27:02.340211,599618656344368501,-83.00
2025-06-26 14:27:02.340211,599618656344368501,-66.00
2025-06-26 14:27:02.340211,599618656344368501,-46.00
2025-06-26 14:27:02.340211,599618656344368501,-48.00
2025-06-26 14:27:02.340211,599618656344368501,-66.00
2025-06-26 14:27:02.340211,599618656344368501,-75.00
2025-06-26 14:27:02.340211,599618656344368501,-80.00
2025-06-26 14:27:02.340211,599618656344368501,-88.00
2025-06-26 14:27:02.340211,599618656344368501,-95.00
2025-06-26 14:27:02.340211,599618656344368501,-93.00
2025-06-26 14:27:02.340211,599618656344368501,-90.00
2025-06-26 14:27:02.340211,599618656344368501,-97.00
2025-06-26 14:27:02.340211,599618656344368501,-97.00
2025-06-26 14:27:02.340211,599618656344368501,-93.00
2025-06-26 14:27:02.340211,599618656344368501,-102.00
2025-06-26 14:27:02.340211,599618656344368501,-83.00
2025-06-26 14:27:02.340211,599618656344368501,46.00
2025-06-26 14:27:02.340211,599618656344368501,291.00
2025-06-26 14:27:02.340211,599618656344368501,556.00
2025-06-26 14:27:02.340211,599618656344368501,617.00
2025-06-26 14:27:02.340211,599618656344368501,291.00
2025-06-26 14:27:02.340211,599618656344368501,-191.00
2025-06-26 14:27:02.340211,599618656344368501,-311.00
2025-06-26 14:27:02.340211,599618656344368501,-112.00
2025-06-26 14:27:02.340211,599618656344368501,-75.00
2025-06-26 14:27:02.340211,599618656344368501,-166.00
2025-06-26 14:27:02.340211,599618656344368501,-144.00
2025-06-26 14:27:02.340211,599618656344368501,-105.00
2025-06-26 14:27:02.340211,599618656344368501,-122.00
2025-06-26 14:27:02.340211,599618656344368501,-122.00
2025-06-26 14:27:02.340211,599618656344368501,-100.00
2025-06-26 14:27:02.340211,599618656344368501,-85.00
2025-06-26 14:27:02.340211,599618656344368501,-78.00
2025-06-26 14:27:02.340211,599618656344368501,-68.00
2025-06-26 14:27:02.340211,599618656344368501,-61.00
2025-06-26 14:27:02.340211,599618656344368501,-53.00
2025-06-26 14:27:02.340211,599618656344368501,-44.00
2025-06-26 14:27:02.340211,599618656344368501,-31.00
2025-06-26 14:27:02.340211,599618656344368501,-19.00
2025-06-26 14:27:02.340211,599618656344368501,-9.00
2025-06-26 14:27:02.340211,599618656344368501,2.00
2025-06-26 14:27:02.340211,599618656344368501,14.00
2025-06-26 14:27:02.340211,599618656344368501,24.00
2025-06-26 14:27:02.340211,599618656344368501,36.00
2025-06-26 14:27:02.340211,599618656344368501,46.00
2025-06-26 14:27:02.340211,599618656344368501,53.00
2025-06-26 14:27:02.340211,599618656344368501,58.00
2025-06-26 14:27:02.340211,599618656344368501,61.00
2025-06-26 14:27:02.340211,599618656344368501,61.00
2025-06-26 14:27:02.340211,599618656344368501,53.00
2025-06-26 14:27:02.340211,599618656344368501,34.00
2025-06-26 14:27:02.340211,599618656344368501,0.00
2025-06-26 14:27:02.340211,599618656344368501,-39.00
2025-06-26 14:27:02.340211,599618656344368501,-78.00
2025-06-26 14:27:02.340211,599618656344368501,-110.00
2025-06-26 14:27:02.340211,599618656344368501,-129.00
2025-06-26 14:27:02.340211,599618656344368501,-144.00
2025-06-26 14:27:02.340211,599618656344368501,-146.00
2025-06-26 14:27:02.340211,599618656344368501,-146.00
2025-06-26 14:27:02.340211,599618656344368501,-144.00
2025-06-26 14:27:02.340211,599618656344368501,-139.00
2025-06-26 14:27:02.340211,599618656344368501,-132.00
2025-06-26 14:27:02.340211,599618656344368501,-124.00
2025-06-26 14:27:02.340211,599618656344368501,-115.00
2025-06-26 14:27:02.340211,599618656344368501,-107.00
2025-06-26 14:27:02.340211,599618656344368501,-100.00
2025-06-26 14:27:02.340211,599618656344368501,-95.00
2025-06-26 14:27:02.340211,599618656344368501,-88.00
2025-06-26 14:27:02.340211,599618656344368501,-83.00
2025-06-26 14:27:02.881110,599618656905065542,-80.00
2025-06-26 14:27:02.881110,599618656905065542,-78.00
2025-06-26 14:27:02.881110,599618656905065542,-75.00
2025-06-26 14:27:02.881110,599618656905065542,-71.00
2025-06-26 14:27:02.881110,599618656905065542,-68.00
2025-06-26 14:27:02.881110,599618656905065542,-71.00
2025-06-26 14:27:02.881110,599618656905065542,-71.00
2025-06-26 14:27:02.881110,599618656905065542,-68.00
2025-06-26 14:27:02.881110,599618656905065542,-68.00
2025-06-26 14:27:02.881110,599618656905065542,-68.00
2025-06-26 14:27:02.881110,599618656905065542,-71.00
2025-06-26 14:27:02.881110,599618656905065542,-71.00
2025-06-26 14:27:02.881110,599618656905065542,-71.00
2025-06-26 14:27:02.881110,599618656905065542,-71.00
2025-06-26 14:27:02.881110,599618656905065542,-71.00
2025-06-26 14:27:02.881110,599618656905065542,-73.00
2025-06-26 14:27:02.881110,599618656905065542,-71.00
2025-06-26 14:27:02.881110,599618656905065542,-71.00
2025-06-26 14:27:02.881110,599618656905065542,-73.00
2025-06-26 14:27:02.881110,599618656905065542,-71.00
2025-06-26 14:27:02.881110,599618656905065542,-71.00
2025-06-26 14:27:02.881110,599618656905065542,-71.00
2025-06-26 14:27:02.881110,599618656905065542,-73.00
2025-06-26 14:27:02.881110,599618656905065542,-78.00
2025-06-26 14:27:02.881110,599618656905065542,-78.00
2025-06-26 14:27:02.881110,599618656905065542,-66.00
2025-06-26 14:27:02.881110,599618656905065542,-41.00
2025-06-26 14:27:02.881110,599618656905065542,-24.00
2025-06-26 14:27:02.881110,599618656905065542,-31.00
2025-06-26 14:27:02.881110,599618656905065542,-44.00
2025-06-26 14:27:02.881110,599618656905065542,-46.00
2025-06-26 14:27:02.881110,599618656905065542,-48.00
2025-06-26 14:27:02.881110,599618656905065542,-56.00
2025-06-26 14:27:02.881110,599618656905065542,-61.00
2025-06-26 14:27:02.881110,599618656905065542,-63.00
2025-06-26 14:27:02.881110,599618656905065542,-66.00
2025-06-26 14:27:02.881110,599618656905065542,-61.00
2025-06-26 14:27:02.881110,599618656905065542,-56.00
2025-06-26 14:27:02.881110,599618656905065542,-61.00
2025-06-26 14:27:02.881110,599618656905065542,-75.00
2025-06-26 14:27:02.881110,599618656905065542,-48.00
2025-06-26 14:27:02.881110,599618656905065542,105.00
2025-06-26 14:27:02.881110,599618656905065542,396.00
2025-06-26 14:27:02.881110,599618656905065542,698.00
2025-06-26 14:27:02.881110,599618656905065542,739.00
2025-06-26 14:27:02.881110,599618656905065542,303.00
2025-06-26 14:27:02.881110,599618656905065542,-240.00
2025-06-26 14:27:02.881110,599618656905065542,-264.00
2025-06-26 14:27:02.881110,599618656905065542,-24.00
2025-06-26 14:27:02.881110,599618656905065542,-53.00
2025-06-26 14:27:02.881110,599618656905065542,-144.00
2025-06-26 14:27:02.881110,599618656905065542,-90.00
2025-06-26 14:27:02.881110,599618656905065542,-66.00
2025-06-26 14:27:02.881110,599618656905065542,-93.00
2025-06-26 14:27:02.881110,599618656905065542,-75.00
2025-06-26 14:27:02.881110,599618656905065542,-51.00
2025-06-26 14:27:02.881110,599618656905065542,-48.00
2025-06-26 14:27:02.881110,599618656905065542,-41.00
2025-06-26 14:27:02.881110,599618656905065542,-26.00
2025-06-26 14:27:02.881110,599618656905065542,-19.00
2025-06-26 14:27:02.881110,599618656905065542,-12.00
2025-06-26 14:27:02.881110,599618656905065542,0.00
2025-06-26 14:27:02.881110,599618656905065542,9.00
2025-06-26 14:27:02.881110,599618656905065542,17.00
2025-06-26 14:27:02.881110,599618656905065542,29.00
2025-06-26 14:27:02.881110,599618656905065542,46.00
2025-06-26 14:27:02.881110,599618656905065542,58.00
2025-06-26 14:27:02.881110,599618656905065542,68.00
2025-06-26 14:27:02.881110,599618656905065542,80.00
2025-06-26 14:27:02.881110,599618656905065542,90.00
2025-06-26 14:27:02.881110,599618656905065542,97.00
2025-06-26 14:27:02.881110,599618656905065542,102.00
2025-06-26 14:27:02.881110,599618656905065542,102.00
2025-06-26 14:27:03.481543,599618657465793101,97.00
2025-06-26 14:27:03.481543,599618657465793101,83.00
2025-06-26 14:27:03.481543,599618657465793101,53.00
2025-06-26 14:27:03.481543,599618657465793101,12.00
2025-06-26 14:27:03.481543,599618657465793101,-34.00
2025-06-26 14:27:03.481543,599618657465793101,-73.00
2025-06-26 14:27:03.481543,599618657465793101,-105.00
2025-06-26 14:27:03.481543,599618657465793101,-129.00
2025-06-26 14:27:03.481543,599618657465793101,-144.00
2025-06-26 14:27:03.481543,599618657465793101,-151.00
2025-06-26 14:27:03.481543,599618657465793101,-151.00
2025-06-26 14:27:03.481543,599618657465793101,-151.00
2025-06-26 14:27:03.481543,599618657465793101,-146.00
2025-06-26 14:27:03.481543,599618657465793101,-142.00
2025-06-26 14:27:03.481543,599618657465793101,-137.00
2025-06-26 14:27:03.481543,599618657465793101,-129.00
2025-06-26 14:27:03.481543,599618657465793101,-122.00
2025-06-26 14:27:03.481543,599618657465793101,-117.00
2025-06-26 14:27:03.481543,599618657465793101,-110.00
2025-06-26 14:27:03.481543,599618657465793101,-105.00
2025-06-26 14:27:03.481543,599618657465793101,-100.00
2025-06-26 14:27:03.481543,599618657465793101,-95.00
2025-06-26 14:27:03.481543,599618657465793101,-93.00
2025-06-26 14:27:03.481543,599618657465793101,-93.00
2025-06-26 14:27:03.481543,599618657465793101,-90.00
2025-06-26 14:27:03.481543,599618657465793101,-85.00
2025-06-26 14:27:03.481543,599618657465793101,-80.00
2025-06-26 14:27:03.481543,599618657465793101,-80.00
2025-06-26 14:27:03.481543,599618657465793101,-83.00
2025-06-26 14:27:03.481543,599618657465793101,-80.00
2025-06-26 14:27:03.481543,599618657465793101,-78.00
2025-06-26 14:27:03.481543,599618657465793101,-80.00
2025-06-26 14:27:03.481543,599618657465793101,-78.00
2025-06-26 14:27:03.481543,599618657465793101,-78.00
2025-06-26 14:27:03.481543,599618657465793101,-78.00
2025-06-26 14:27:03.481543,599618657465793101,-78.00
2025-06-26 14:27:03.481543,599618657465793101,-78.00
2025-06-26 14:27:03.481543,599618657465793101,-75.00
2025-06-26 14:27:03.481543,599618657465793101,-75.00
2025-06-26 14:27:03.481543,599618657465793101,-78.00
2025-06-26 14:27:03.481543,599618657465793101,-83.00
2025-06-26 14:27:03.481543,599618657465793101,-85.00
2025-06-26 14:27:03.481543,599618657465793101,-78.00
2025-06-26 14:27:03.481543,599618657465793101,-61.00
2025-06-26 14:27:03.481543,599618657465793101,-36.00
2025-06-26 14:27:03.481543,599618657465793101,-29.00
2025-06-26 14:27:03.481543,599618657465793101,-46.00
2025-06-26 14:27:03.481543,599618657465793101,-48.00
2025-06-26 14:27:03.481543,599618657465793101,-46.00
2025-06-26 14:27:03.481543,599618657465793101,-58.00
2025-06-26 14:27:03.481543,599618657465793101,-66.00
2025-06-26 14:27:03.481543,599618657465793101,-66.00
2025-06-26 14:27:03.481543,599618657465793101,-66.00
2025-06-26 14:27:03.481543,599618657465793101,-63.00
2025-06-26 14:27:03.481543,599618657465793101,-58.00
2025-06-26 14:27:03.481543,599618657465793101,-61.00
2025-06-26 14:27:03.481543,599618657465793101,-73.00
2025-06-26 14:27:03.481543,599618657465793101,-51.00
2025-06-26 14:27:03.481543,599618657465793101,97.00
2025-06-26 14:27:03.481543,599618657465793101,387.00
2025-06-26 14:27:03.481543,599618657465793101,688.00
2025-06-26 14:27:03.481543,599618657465793101,722.00
2025-06-26 14:27:03.481543,599618657465793101,284.00
2025-06-26 14:27:03.481543,599618657465793101,-244.00
2025-06-26 14:27:03.481543,599618657465793101,-262.00
2025-06-26 14:27:03.481543,599618657465793101,-26.00
2025-06-26 14:27:03.481543,599618657465793101,-56.00
2025-06-26 14:27:03.481543,599618657465793101,-146.00
2025-06-26 14:27:03.481543,599618657465793101,-93.00
2025-06-26 14:27:03.481543,599618657465793101,-68.00
2025-06-26 14:27:03.481543,599618657465793101,-95.00
2025-06-26 14:27:03.481543,599618657465793101,-78.00
2025-06-26 14:27:03.481543,599618657465793101,-53.00
2025-06-26 14:27:03.991296,599618658026490142,-51.00
2025-06-26 14:27:03.991296,599618658026490142,-41.00
2025-06-26 14:27:03.991296,599618658026490142,-26.00
2025-06-26 14:27:03.991296,599618658026490142,-17.00
2025-06-26 14:27:03.991296,599618658026490142,-7.00
2025-06-26 14:27:03.991296,599618658026490142,2.00
2025-06-26 14:27:03.991296,599618658026490142,12.00
2025-06-26 14:27:03.991296,599618658026490142,24.00
2025-06-26 14:27:03.991296,599618658026490142,36.00
2025-06-26 14:27:03.991296,599618658026490142,46.00
2025-06-26 14:27:03.991296,599618658026490142,61.00
2025-06-26 14:27:03.991296,599618658026490142,75.00
2025-06-26 14:27:03.991296,599618658026490142,85.00
2025-06-26 14:27:03.991296,599618658026490142,95.00
2025-06-26 14:27:03.991296,599618658026490142,102.00
2025-06-26 14:27:03.991296,599618658026490142,107.00
2025-06-26 14:27:03.991296,599618658026490142,110.00
2025-06-26 14:27:03.991296,599618658026490142,105.00
2025-06-26 14:27:03.991296,599618658026490142,93.00
2025-06-26 14:27:03.991296,599618658026490142,63.00
2025-06-26 14:27:03.991296,599618658026490142,19.00
2025-06-26 14:27:03.991296,599618658026490142,-29.00
2025-06-26 14:27:03.991296,599618658026490142,-73.00
2025-06-26 14:27:03.991296,599618658026490142,-107.00
2025-06-26 14:27:03.991296,599618658026490142,-132.00
2025-06-26 14:27:03.991296,599618658026490142,-144.00
2025-06-26 14:27:03.991296,599618658026490142,-149.00
2025-06-26 14:27:03.991296,599618658026490142,-149.00
2025-06-26 14:27:03.991296,599618658026490142,-149.00
2025-06-26 14:27:03.991296,599618658026490142,-146.00
2025-06-26 14:27:03.991296,599618658026490142,-142.00
2025-06-26 14:27:03.991296,599618658026490142,-134.00
2025-06-26 14:27:03.991296,599618658026490142,-127.00
2025-06-26 14:27:03.991296,599618658026490142,-122.00
2025-06-26 14:27:03.991296,599618658026490142,-117.00
2025-06-26 14:27:03.991296,599618658026490142,-110.00
2025-06-26 14:27:03.991296,599618658026490142,-107.00
2025-06-26 14:27:03.991296,599618658026490142,-105.00
2025-06-26 14:27:03.991296,599618658026490142,-100.00
2025-06-26 14:27:03.991296,599618658026490142,-97.00
2025-06-26 14:27:03.991296,599618658026490142,-95.00
2025-06-26 14:27:03.991296,599618658026490142,-95.00
2025-06-26 14:27:03.991296,599618658026490142,-93.00
2025-06-26 14:27:03.991296,599618658026490142,-93.00
2025-06-26 14:27:03.991296,599618658026490142,-93.00
2025-06-26 14:27:03.991296,599618658026490142,-93.00
2025-06-26 14:27:03.991296,599618658026490142,-90.00
2025-06-26 14:27:03.991296,599618658026490142,-90.00
2025-06-26 14:27:03.991296,599618658026490142,-90.00
2025-06-26 14:27:03.991296,599618658026490142,-88.00
2025-06-26 14:27:03.991296,599618658026490142,-88.00
2025-06-26 14:27:03.991296,599618658026490142,-88.00
2025-06-26 14:27:03.991296,599618658026490142,-88.00
2025-06-26 14:27:03.991296,599618658026490142,-85.00
2025-06-26 14:27:03.991296,599618658026490142,-83.00
2025-06-26 14:27:03.991296,599618658026490142,-80.00
2025-06-26 14:27:03.991296,599618658026490142,-80.00
2025-06-26 14:27:03.991296,599618658026490142,-85.00
2025-06-26 14:27:03.991296,599618658026490142,-90.00
2025-06-26 14:27:03.991296,599618658026490142,-93.00
2025-06-26 14:27:03.991296,599618658026490142,-83.00
2025-06-26 14:27:03.991296,599618658026490142,-58.00
2025-06-26 14:27:03.991296,599618658026490142,-39.00
2025-06-26 14:27:03.991296,599618658026490142,-41.00
2025-06-26 14:27:03.991296,599618658026490142,-51.00
2025-06-26 14:27:03.991296,599618658026490142,-48.00
2025-06-26 14:27:03.991296,599618658026490142,-53.00
2025-06-26 14:27:03.991296,599618658026490142,-63.00
2025-06-26 14:27:03.991296,599618658026490142,-66.00
2025-06-26 14:27:03.991296,599618658026490142,-66.00
2025-06-26 14:27:03.991296,599618658026490142,-63.00
2025-06-26 14:27:03.991296,599618658026490142,-61.00
2025-06-26 14:27:03.991296,599618658026490142,-58.00
2025-06-26 14:27:04.592645,599618658587192271,-68.00
2025-06-26 14:27:04.592645,599618658587192271,-63.00
2025-06-26 14:27:04.592645,599618658587192271,41.00
2025-06-26 14:27:04.592645,599618658587192271,298.00
2025-06-26 14:27:04.592645,599618658587192271,622.00
2025-06-26 14:27:04.592645,599618658587192271,754.00
2025-06-26 14:27:04.592645,599618658587192271,423.00
2025-06-26 14:27:04.592645,599618658587192271,-146.00
2025-06-26 14:27:04.592645,599618658587192271,-313.00
2025-06-26 14:27:04.592645,599618658587192271,-73.00
2025-06-26 14:27:04.592645,599618658587192271,-22.00
2025-06-26 14:27:04.592645,599618658587192271,-134.00
2025-06-26 14:27:04.592645,599618658587192271,-110.00
2025-06-26 14:27:04.592645,599618658587192271,-63.00
2025-06-26 14:27:04.592645,599618658587192271,-88.00
2025-06-26 14:27:04.592645,599618658587192271,-83.00
2025-06-26 14:27:04.592645,599618658587192271,-58.00
2025-06-26 14:27:04.592645,599618658587192271,-56.00
2025-06-26 14:27:04.592645,599618658587192271,-51.00
2025-06-26 14:27:04.592645,599618658587192271,-36.00
2025-06-26 14:27:04.592645,599618658587192271,-26.00
2025-06-26 14:27:04.592645,599618658587192271,-22.00
2025-06-26 14:27:04.592645,599618658587192271,-9.00
2025-06-26 14:27:04.592645,599618658587192271,0.00
2025-06-26 14:27:04.592645,599618658587192271,7.00
2025-06-26 14:27:04.592645,599618658587192271,17.00
2025-06-26 14:27:04.592645,599618658587192271,29.00
2025-06-26 14:27:04.592645,599618658587192271,41.00
2025-06-26 14:27:04.592645,599618658587192271,53.00
2025-06-26 14:27:04.592645,599618658587192271,66.00
2025-06-26 14:27:04.592645,599618658587192271,75.00
2025-06-26 14:27:04.592645,599618658587192271,83.00
2025-06-26 14:27:04.592645,599618658587192271,88.00
2025-06-26 14:27:04.592645,599618658587192271,90.00
2025-06-26 14:27:04.592645,599618658587192271,90.00
2025-06-26 14:27:04.592645,599618658587192271,80.00
2025-06-26 14:27:04.592645,599618658587192271,58.00
2025-06-26 14:27:04.592645,599618658587192271,19.00
2025-06-26 14:27:04.592645,599618658587192271,-24.00
2025-06-26 14:27:04.592645,599618658587192271,-68.00
2025-06-26 14:27:04.592645,599618658587192271,-107.00
2025-06-26 14:27:04.592645,599618658587192271,-137.00
2025-06-26 14:27:04.592645,599618658587192271,-151.00
2025-06-26 14:27:04.592645,599618658587192271,-156.00
2025-06-26 14:27:04.592645,599618658587192271,-159.00
2025-06-26 14:27:04.592645,599618658587192271,-156.00
2025-06-26 14:27:04.592645,599618658587192271,-151.00
2025-06-26 14:27:04.592645,599618658587192271,-146.00
2025-06-26 14:27:04.592645,599618658587192271,-139.00
2025-06-26 14:27:04.592645,599618658587192271,-132.00
2025-06-26 14:27:04.592645,599618658587192271,-124.00
2025-06-26 14:27:04.592645,599618658587192271,-120.00
2025-06-26 14:27:04.592645,599618658587192271,-112.00
2025-06-26 14:27:04.592645,599618658587192271,-110.00
2025-06-26 14:27:04.592645,599618658587192271,-110.00
2025-06-26 14:27:04.592645,599618658587192271,-105.00
2025-06-26 14:27:04.592645,599618658587192271,-102.00
2025-06-26 14:27:04.592645,599618658587192271,-100.00
2025-06-26 14:27:04.592645,599618658587192271,-100.00
2025-06-26 14:27:04.592645,599618658587192271,-97.00
2025-06-26 14:27:04.592645,599618658587192271,-95.00
2025-06-26 14:27:04.592645,599618658587192271,-95.00
2025-06-26 14:27:04.592645,599618658587192271,-95.00
2025-06-26 14:27:04.592645,599618658587192271,-93.00
2025-06-26 14:27:04.592645,599618658587192271,-93.00
2025-06-26 14:27:04.592645,599618658587192271,-90.00
2025-06-26 14:27:04.592645,599618658587192271,-90.00
2025-06-26 14:27:04.592645,599618658587192271,-90.00
2025-06-26 14:27:04.592645,599618658587192271,-88.00
2025-06-26 14:27:04.592645,599618658587192271,-88.00
2025-06-26 14:27:04.592645,599618658587192271,-85.00
2025-06-26 14:27:04.592645,599618658587192271,-85.00
2025-06-26 14:27:04.592645,599618658587192271,-83.00
2025-06-26 14:27:05.221428,599618659147914744,-83.00
2025-06-26 14:27:05.221428,599618659147914744,-80.00
2025-06-26 14:27:05.221428,599618659147914744,-80.00
2025-06-26 14:27:05.221428,599618659147914744,-78.00
2025-06-26 14:27:05.221428,599618659147914744,-75.00
2025-06-26 14:27:05.221428,599618659147914744,-83.00
2025-06-26 14:27:05.221428,599618659147914744,-88.00
2025-06-26 14:27:05.221428,599618659147914744,-85.00
2025-06-26 14:27:05.221428,599618659147914744,-68.00
2025-06-26 14:27:05.221428,599618659147914744,-41.00
2025-06-26 14:27:05.221428,599618659147914744,-31.00
2025-06-26 14:27:05.221428,599618659147914744,-44.00
2025-06-26 14:27:05.221428,599618659147914744,-48.00
2025-06-26 14:27:05.221428,599618659147914744,-46.00
2025-06-26 14:27:05.221428,599618659147914744,-58.00
2025-06-26 14:27:05.221428,599618659147914744,-68.00
2025-06-26 14:27:05.221428,599618659147914744,-68.00
2025-06-26 14:27:05.221428,599618659147914744,-66.00
2025-06-26 14:27:05.221428,599618659147914744,-66.00
2025-06-26 14:27:05.221428,599618659147914744,-63.00
2025-06-26 14:27:05.221428,599618659147914744,-66.00
2025-06-26 14:27:05.221428,599618659147914744,-71.00
2025-06-26 14:27:05.221428,599618659147914744,-12.00
2025-06-26 14:27:05.221428,599618659147914744,188.00
2025-06-26 14:27:05.221428,599618659147914744,499.00
2025-06-26 14:27:05.221428,599618659147914744,732.00
2025-06-26 14:27:05.221428,599618659147914744,582.00
2025-06-26 14:27:05.221428,599618659147914744,34.00
2025-06-26 14:27:05.221428,599618659147914744,-330.00
2025-06-26 14:27:05.221428,599618659147914744,-166.00
2025-06-26 14:27:05.221428,599618659147914744,-7.00
2025-06-26 14:27:05.221428,599618659147914744,-112.00
2025-06-26 14:27:05.221428,599618659147914744,-139.00
2025-06-26 14:27:05.221428,599618659147914744,-75.00
2025-06-26 14:27:05.221428,599618659147914744,-88.00
2025-06-26 14:27:05.221428,599618659147914744,-100.00
2025-06-26 14:27:05.221428,599618659147914744,-73.00
2025-06-26 14:27:05.221428,599618659147914744,-58.00
2025-06-26 14:27:05.221428,599618659147914744,-58.00
2025-06-26 14:27:05.221428,599618659147914744,-44.00
2025-06-26 14:27:05.221428,599618659147914744,-34.00
2025-06-26 14:27:05.221428,599618659147914744,-29.00
2025-06-26 14:27:05.221428,599618659147914744,-19.00
2025-06-26 14:27:05.221428,599618659147914744,-9.00
2025-06-26 14:27:05.221428,599618659147914744,0.00
2025-06-26 14:27:05.221428,599618659147914744,9.00
2025-06-26 14:27:05.221428,599618659147914744,17.00
2025-06-26 14:27:05.221428,599618659147914744,26.00
2025-06-26 14:27:05.221428,599618659147914744,36.00
2025-06-26 14:27:05.221428,599618659147914744,48.00
2025-06-26 14:27:05.221428,599618659147914744,58.00
2025-06-26 14:27:05.221428,599618659147914744,66.00
2025-06-26 14:27:05.221428,599618659147914744,73.00
2025-06-26 14:27:05.221428,599618659147914744,78.00
2025-06-26 14:27:05.221428,599618659147914744,78.00
2025-06-26 14:27:05.221428,599618659147914744,75.00
2025-06-26 14:27:05.221428,599618659147914744,63.00
2025-06-26 14:27:05.221428,599618659147914744,34.00
2025-06-26 14:27:05.221428,599618659147914744,-4.00
2025-06-26 14:27:05.221428,599618659147914744,-48.00
2025-06-26 14:27:05.221428,599618659147914744,-88.00
2025-06-26 14:27:05.221428,599618659147914744,-117.00
2025-06-26 14:27:05.221428,599618659147914744,-137.00
2025-06-26 14:27:05.221428,599618659147914744,-149.00
2025-06-26 14:27:05.221428,599618659147914744,-151.00
2025-06-26 14:27:05.221428,599618659147914744,-151.00
2025-06-26 14:27:05.221428,599618659147914744,-146.00
2025-06-26 14:27:05.221428,599618659147914744,-142.00
2025-06-26 14:27:05.221428,599618659147914744,-132.00
2025-06-26 14:27:05.221428,599618659147914744,-122.00
2025-06-26 14:27:05.221428,599618659147914744,-115.00
2025-06-26 14:27:05.221428,599618659147914744,-110.00
2025-06-26 14:27:05.221428,599618659147914744,-105.00
2025-06-26 14:27:05.700995,599618659708611785,-100.00
2025-06-26 14:27:05.700995,599618659708611785,-97.00
2025-06-26 14:27:05.700995,599618659708611785,-97.00
2025-06-26 14:27:05.700995,599618659708611785,-95.00
2025-06-26 14:27:05.700995,599618659708611785,-93.00
2025-06-26 14:27:05.700995,599618659708611785,-93.00
2025-06-26 14:27:05.700995,599618659708611785,-90.00
2025-06-26 14:27:05.700995,599618659708611785,-88.00
2025-06-26 14:27:05.700995,599618659708611785,-88.00
2025-06-26 14:27:05.700995,599618659708611785,-88.00
2025-06-26 14:27:05.700995,599618659708611785,-85.00
2025-06-26 14:27:05.700995,599618659708611785,-83.00
2025-06-26 14:27:05.700995,599618659708611785,-83.00
2025-06-26 14:27:05.700995,599618659708611785,-83.00
2025-06-26 14:27:05.700995,599618659708611785,-78.00
2025-06-26 14:27:05.700995,599618659708611785,-75.00
2025-06-26 14:27:05.700995,599618659708611785,-75.00
2025-06-26 14:27:05.700995,599618659708611785,-75.00
2025-06-26 14:27:05.700995,599618659708611785,-73.00
2025-06-26 14:27:05.700995,599618659708611785,-68.00
2025-06-26 14:27:05.700995,599618659708611785,-68.00
2025-06-26 14:27:05.700995,599618659708611785,-68.00
2025-06-26 14:27:05.700995,599618659708611785,-66.00
2025-06-26 14:27:05.700995,599618659708611785,-66.00
2025-06-26 14:27:05.700995,599618659708611785,-63.00
2025-06-26 14:27:05.700995,599618659708611785,-63.00
2025-06-26 14:27:05.700995,599618659708611785,-63.00
2025-06-26 14:27:05.700995,599618659708611785,-61.00
2025-06-26 14:27:05.700995,599618659708611785,-63.00
2025-06-26 14:27:05.700995,599618659708611785,-71.00
2025-06-26 14:27:05.700995,599618659708611785,-75.00
2025-06-26 14:27:05.700995,599618659708611785,-68.00
2025-06-26 14:27:05.700995,599618659708611785,-51.00
2025-06-26 14:27:05.700995,599618659708611785,-29.00
2025-06-26 14:27:05.700995,599618659708611785,-19.00
2025-06-26 14:27:05.700995,599618659708611785,-29.00
2025-06-26 14:27:05.700995,599618659708611785,-34.00
2025-06-26 14:27:05.700995,599618659708611785,-36.00
2025-06-26 14:27:05.700995,599618659708611785,-48.00
2025-06-26 14:27:05.700995,599618659708611785,-56.00
2025-06-26 14:27:05.700995,599618659708611785,-56.00
2025-06-26 14:27:05.700995,599618659708611785,-58.00
2025-06-26 14:27:05.700995,599618659708611785,-56.00
2025-06-26 14:27:05.700995,599618659708611785,-51.00
2025-06-26 14:27:05.700995,599618659708611785,-58.00
2025-06-26 14:27:05.700995,599618659708611785,-63.00
2025-06-26 14:27:05.700995,599618659708611785,7.00
2025-06-26 14:27:05.700995,599618659708611785,218.00
2025-06-26 14:27:05.700995,599618659708611785,526.00
2025-06-26 14:27:05.700995,599618659708611785,712.00
2025-06-26 14:27:05.700995,599618659708611785,504.00
2025-06-26 14:27:05.700995,599618659708611785,-31.00
2025-06-26 14:27:05.700995,599618659708611785,-311.00
2025-06-26 14:27:05.700995,599618659708611785,-122.00
2025-06-26 14:27:05.700995,599618659708611785,-4.00
2025-06-26 14:27:05.700995,599618659708611785,-107.00
2025-06-26 14:27:05.700995,599618659708611785,-115.00
2025-06-26 14:27:05.700995,599618659708611785,-63.00
2025-06-26 14:27:05.700995,599618659708611785,-75.00
2025-06-26 14:27:05.700995,599618659708611785,-80.00
2025-06-26 14:27:05.700995,599618659708611785,-53.00
2025-06-26 14:27:05.700995,599618659708611785,-46.00
2025-06-26 14:27:05.700995,599618659708611785,-41.00
2025-06-26 14:27:05.700995,599618659708611785,-31.00
2025-06-26 14:27:05.700995,599618659708611785,-22.00
2025-06-26 14:27:05.700995,599618659708611785,-17.00
2025-06-26 14:27:05.700995,599618659708611785,-7.00
2025-06-26 14:27:05.700995,599618659708611785,0.00
2025-06-26 14:27:05.700995,599618659708611785,7.00
2025-06-26 14:27:05.700995,599618659708611785,14.00
2025-06-26 14:27:05.700995,599618659708611785,24.00
2025-06-26 14:27:05.700995,599618659708611785,31.00
2025-06-26 14:27:05.700995,599618659708611785,41.00
2025-06-26 14:27:06.330599,599618660269308826,51.00
2025-06-26 14:27:06.330599,599618660269308826,56.00
2025-06-26 14:27:06.330599,599618660269308826,63.00
2025-06-26 14:27:06.330599,599618660269308826,71.00
2025-06-26 14:27:06.330599,599618660269308826,71.00
2025-06-26 14:27:06.330599,599618660269308826,71.00
2025-06-26 14:27:06.330599,599618660269308826,68.00
2025-06-26 14:27:06.330599,599618660269308826,58.00
2025-06-26 14:27:06.330599,599618660269308826,34.00
2025-06-26 14:27:06.330599,599618660269308826,-2.00
2025-06-26 14:27:06.330599,599618660269308826,-44.00
2025-06-26 14:27:06.330599,599618660269308826,-80.00
2025-06-26 14:27:06.330599,599618660269308826,-107.00
2025-06-26 14:27:06.330599,599618660269308826,-129.00
2025-06-26 14:27:06.330599,599618660269308826,-142.00
2025-06-26 14:27:06.330599,599618660269308826,-144.00
2025-06-26 14:27:06.330599,599618660269308826,-144.00
2025-06-26 14:27:06.330599,599618660269308826,-142.00
2025-06-26 14:27:06.330599,599618660269308826,-134.00
2025-06-26 14:27:06.330599,599618660269308826,-127.00
2025-06-26 14:27:06.330599,599618660269308826,-120.00
2025-06-26 14:27:06.330599,599618660269308826,-115.00
2025-06-26 14:27:06.330599,599618660269308826,-110.00
2025-06-26 14:27:06.330599,599618660269308826,-105.00
2025-06-26 14:27:06.330599,599618660269308826,-100.00
2025-06-26 14:27:06.330599,599618660269308826,-97.00
2025-06-26 14:27:06.330599,599618660269308826,-95.00
2025-06-26 14:27:06.330599,599618660269308826,-95.00
2025-06-26 14:27:06.330599,599618660269308826,-90.00
2025-06-26 14:27:06.330599,599618660269308826,-88.00
2025-06-26 14:27:06.330599,599618660269308826,-90.00
2025-06-26 14:27:06.330599,599618660269308826,-90.00
2025-06-26 14:27:06.330599,599618660269308826,-85.00
2025-06-26 14:27:06.330599,599618660269308826,-85.00
2025-06-26 14:27:06.330599,599618660269308826,-85.00
2025-06-26 14:27:06.330599,599618660269308826,-83.00
2025-06-26 14:27:06.330599,599618660269308826,-83.00
2025-06-26 14:27:06.330599,599618660269308826,-80.00
2025-06-26 14:27:06.330599,599618660269308826,-80.00
2025-06-26 14:27:06.330599,599618660269308826,-80.00
2025-06-26 14:27:06.330599,599618660269308826,-78.00
2025-06-26 14:27:06.330599,599618660269308826,-75.00
2025-06-26 14:27:06.330599,599618660269308826,-75.00
2025-06-26 14:27:06.330599,599618660269308826,-73.00
2025-06-26 14:27:06.330599,599618660269308826,-73.00
2025-06-26 14:27:06.330599,599618660269308826,-71.00
2025-06-26 14:27:06.330599,599618660269308826,-68.00
2025-06-26 14:27:06.330599,599618660269308826,-68.00
2025-06-26 14:27:06.330599,599618660269308826,-68.00
2025-06-26 14:27:06.330599,599618660269308826,-68.00
2025-06-26 14:27:06.330599,599618660269308826,-68.00
2025-06-26 14:27:06.330599,599618660269308826,-66.00
2025-06-26 14:27:06.330599,599618660269308826,-66.00
2025-06-26 14:27:06.330599,599618660269308826,-68.00
2025-06-26 14:27:06.330599,599618660269308826,-73.00
2025-06-26 14:27:06.330599,599618660269308826,-71.00
2025-06-26 14:27:06.330599,599618660269308826,-58.00
2025-06-26 14:27:06.330599,599618660269308826,-34.00
2025-06-26 14:27:06.330599,599618660269308826,-17.00
2025-06-26 14:27:06.330599,599618660269308826,-24.00
2025-06-26 14:27:06.330599,599618660269308826,-39.00
2025-06-26 14:27:06.330599,599618660269308826,-46.00
2025-06-26 14:27:06.330599,599618660269308826,-51.00
2025-06-26 14:27:06.330599,599618660269308826,-51.00
2025-06-26 14:27:06.330599,599618660269308826,-56.00
2025-06-26 14:27:06.330599,599618660269308826,-63.00
2025-06-26 14:27:06.330599,599618660269308826,-56.00
2025-06-26 14:27:06.330599,599618660269308826,-51.00
2025-06-26 14:27:06.330599,599618660269308826,-58.00
2025-06-26 14:27:06.330599,599618660269308826,-66.00
2025-06-26 14:27:06.330599,599618660269308826,-7.00
2025-06-26 14:27:06.330599,599618660269308826,178.00
2025-06-26 14:27:06.330599,599618660269308826,472.00
2025-06-26 14:27:06.899806,599618660830005867,690.00
2025-06-26 14:27:06.899806,599618660830005867,556.00
2025-06-26 14:27:06.899806,599618660830005867,46.00
2025-06-26 14:27:06.899806,599618660830005867,-303.00
2025-06-26 14:27:06.899806,599618660830005867,-164.00
2025-06-26 14:27:06.899806,599618660830005867,-9.00
2025-06-26 14:27:06.899806,599618660830005867,-93.00
2025-06-26 14:27:06.899806,599618660830005867,-122.00
2025-06-26 14:27:06.899806,599618660830005867,-71.00
2025-06-26 14:27:06.899806,599618660830005867,-73.00
2025-06-26 14:27:06.899806,599618660830005867,-80.00
2025-06-26 14:27:06.899806,599618660830005867,-58.00
2025-06-26 14:27:06.899806,599618660830005867,-46.00
2025-06-26 14:27:06.899806,599618660830005867,-41.00
2025-06-26 14:27:06.899806,599618660830005867,-31.00
2025-06-26 14:27:06.899806,599618660830005867,-22.00
2025-06-26 14:27:06.899806,599618660830005867,-17.00
2025-06-26 14:27:06.899806,599618660830005867,-4.00
2025-06-26 14:27:06.899806,599618660830005867,4.00
2025-06-26 14:27:06.899806,599618660830005867,12.00
2025-06-26 14:27:06.899806,599618660830005867,19.00
2025-06-26 14:27:06.899806,599618660830005867,31.00
2025-06-26 14:27:06.899806,599618660830005867,36.00
2025-06-26 14:27:06.899806,599618660830005867,46.00
2025-06-26 14:27:06.899806,599618660830005867,56.00
2025-06-26 14:27:06.899806,599618660830005867,63.00
2025-06-26 14:27:06.899806,599618660830005867,68.00
2025-06-26 14:27:06.899806,599618660830005867,71.00
2025-06-26 14:27:06.899806,599618660830005867,73.00
2025-06-26 14:27:06.899806,599618660830005867,75.00
2025-06-26 14:27:06.899806,599618660830005867,73.00
2025-06-26 14:27:06.899806,599618660830005867,63.00
2025-06-26 14:27:06.899806,599618660830005867,39.00
2025-06-26 14:27:06.899806,599618660830005867,2.00
2025-06-26 14:27:06.899806,599618660830005867,-36.00
2025-06-26 14:27:06.899806,599618660830005867,-73.00
2025-06-26 14:27:06.899806,599618660830005867,-102.00
2025-06-26 14:27:06.899806,599618660830005867,-122.00
2025-06-26 14:27:06.899806,599618660830005867,-134.00
2025-06-26 14:27:06.899806,599618660830005867,-142.00
2025-06-26 14:27:06.899806,599618660830005867,-139.00
2025-06-26 14:27:06.899806,599618660830005867,-137.00
2025-06-26 14:27:06.899806,599618660830005867,-132.00
2025-06-26 14:27:06.899806,599618660830005867,-122.00
2025-06-26 14:27:06.899806,599618660830005867,-115.00
2025-06-26 14:27:06.899806,599618660830005867,-107.00
2025-06-26 14:27:06.899806,599618660830005867,-105.00
2025-06-26 14:27:06.899806,599618660830005867,-97.00
2025-06-26 14:27:06.899806,599618660830005867,-93.00
2025-06-26 14:27:06.899806,599618660830005867,-88.00
2025-06-26 14:27:06.899806,599618660830005867,-88.00
2025-06-26 14:27:06.899806,599618660830005867,-85.00
2025-06-26 14:27:06.899806,599618660830005867,-83.00
2025-06-26 14:27:06.899806,599618660830005867,-83.00
2025-06-26 14:27:06.899806,599618660830005867,-83.00
2025-06-26 14:27:06.899806,599618660830005867,-80.00
2025-06-26 14:27:06.899806,599618660830005867,-78.00
2025-06-26 14:27:06.899806,599618660830005867,-78.00
2025-06-26 14:27:06.899806,599618660830005867,-75.00
2025-06-26 14:27:06.899806,599618660830005867,-75.00
2025-06-26 14:27:06.899806,599618660830005867,-73.00
2025-06-26 14:27:06.899806,599618660830005867,-73.00
2025-06-26 14:27:06.899806,599618660830005867,-73.00
2025-06-26 14:27:06.899806,599618660830005867,-73.00
2025-06-26 14:27:06.899806,599618660830005867,-71.00
2025-06-26 14:27:06.899806,599618660830005867,-68.00
2025-06-26 14:27:06.899806,599618660830005867,-68.00
2025-06-26 14:27:06.899806,599618660830005867,-66.00
2025-06-26 14:27:06.899806,599618660830005867,-66.00
2025-06-26 14:27:06.899806,599618660830005867,-63.00
2025-06-26 14:27:06.899806,599618660830005867,-61.00
2025-06-26 14:27:06.899806,599618660830005867,-58.00
2025-06-26 14:27:06.899806,599618660830005867,-58.00
2025-06-26 14:27:07.439999,599618661390733426,-58.00
2025-06-26 14:27:07.439999,599618661390733426,-58.00
2025-06-26 14:27:07.439999,599618661390733426,-63.00
2025-06-26 14:27:07.439999,599618661390733426,-68.00
2025-06-26 14:27:07.439999,599618661390733426,-58.00
2025-06-26 14:27:07.439999,599618661390733426,-39.00
2025-06-26 14:27:07.439999,599618661390733426,-17.00
2025-06-26 14:27:07.439999,599618661390733426,-14.00
2025-06-26 14:27:07.439999,599618661390733426,-26.00
2025-06-26 14:27:07.439999,599618661390733426,-29.00
2025-06-26 14:27:07.439999,599618661390733426,-31.00
2025-06-26 14:27:07.439999,599618661390733426,-41.00
2025-06-26 14:27:07.439999,599618661390733426,-48.00
2025-06-26 14:27:07.439999,599618661390733426,-51.00
2025-06-26 14:27:07.439999,599618661390733426,-48.00
2025-06-26 14:27:07.439999,599618661390733426,-44.00
2025-06-26 14:27:07.439999,599618661390733426,-44.00
2025-06-26 14:27:07.439999,599618661390733426,-53.00
2025-06-26 14:27:07.439999,599618661390733426,-36.00
2025-06-26 14:27:07.439999,599618661390733426,93.00
2025-06-26 14:27:07.439999,599618661390733426,357.00
2025-06-26 14:27:07.439999,599618661390733426,634.00
2025-06-26 14:27:07.439999,599618661390733426,673.00
2025-06-26 14:27:07.439999,599618661390733426,284.00
2025-06-26 14:27:07.439999,599618661390733426,-198.00
2025-06-26 14:27:07.439999,599618661390733426,-240.00
2025-06-26 14:27:07.439999,599618661390733426,-29.00
2025-06-26 14:27:07.439999,599618661390733426,-29.00
2025-06-26 14:27:07.439999,599618661390733426,-110.00
2025-06-26 14:27:07.439999,599618661390733426,-75.00
2025-06-26 14:27:07.439999,599618661390733426,-56.00
2025-06-26 14:27:07.439999,599618661390733426,-73.00
2025-06-26 14:27:07.439999,599618661390733426,-61.00
2025-06-26 14:27:07.439999,599618661390733426,-39.00
2025-06-26 14:27:07.439999,599618661390733426,-36.00
2025-06-26 14:27:07.439999,599618661390733426,-31.00
2025-06-26 14:27:07.439999,599618661390733426,-17.00
2025-06-26 14:27:07.439999,599618661390733426,-12.00
2025-06-26 14:27:07.439999,599618661390733426,-4.00
2025-06-26 14:27:07.439999,599618661390733426,7.00
2025-06-26 14:27:07.439999,599618661390733426,17.00
2025-06-26 14:27:07.439999,599618661390733426,22.00
2025-06-26 14:27:07.439999,599618661390733426,31.00
2025-06-26 14:27:07.439999,599618661390733426,39.00
2025-06-26 14:27:07.439999,599618661390733426,46.00
2025-06-26 14:27:07.439999,599618661390733426,56.00
2025-06-26 14:27:07.439999,599618661390733426,66.00
2025-06-26 14:27:07.439999,599618661390733426,73.00
2025-06-26 14:27:07.439999,599618661390733426,78.00
2025-06-26 14:27:07.439999,599618661390733426,83.00
2025-06-26 14:27:07.439999,599618661390733426,83.00
2025-06-26 14:27:07.439999,599618661390733426,80.00
2025-06-26 14:27:07.439999,599618661390733426,71.00
2025-06-26 14:27:07.439999,599618661390733426,53.00
2025-06-26 14:27:07.439999,599618661390733426,22.00
2025-06-26 14:27:07.439999,599618661390733426,-19.00
2025-06-26 14:27:07.439999,599618661390733426,-58.00
2025-06-26 14:27:07.439999,599618661390733426,-88.00
2025-06-26 14:27:07.439999,599618661390733426,-112.00
2025-06-26 14:27:07.439999,599618661390733426,-129.00
2025-06-26 14:27:07.439999,599618661390733426,-134.00
2025-06-26 14:27:07.439999,599618661390733426,-134.00
2025-06-26 14:27:07.439999,599618661390733426,-134.00
2025-06-26 14:27:07.439999,599618661390733426,-129.00
2025-06-26 14:27:07.439999,599618661390733426,-124.00
2025-06-26 14:27:07.439999,599618661390733426,-117.00
2025-06-26 14:27:07.439999,599618661390733426,-110.00
2025-06-26 14:27:07.439999,599618661390733426,-107.00
2025-06-26 14:27:07.439999,599618661390733426,-105.00
2025-06-26 14:27:07.439999,599618661390733426,-100.00
2025-06-26 14:27:07.439999,599618661390733426,-97.00
2025-06-26 14:27:07.439999,599618661390733426,-97.00
2025-06-26 14:27:07.439999,599618661390733426,-95.00
2025-06-26 14:27:08.010044,599618661951430469,-95.00
2025-06-26 14:27:08.010044,599618661951430469,-93.00
2025-06-26 14:27:08.010044,599618661951430469,-90.00
2025-06-26 14:27:08.010044,599618661951430469,-90.00
2025-06-26 14:27:08.010044,599618661951430469,-88.00
2025-06-26 14:27:08.010044,599618661951430469,-88.00
2025-06-26 14:27:08.010044,599618661951430469,-90.00
2025-06-26 14:27:08.010044,599618661951430469,-88.00
2025-06-26 14:27:08.010044,599618661951430469,-85.00
2025-06-26 14:27:08.010044,599618661951430469,-85.00
2025-06-26 14:27:08.010044,599618661951430469,-85.00
2025-06-26 14:27:08.010044,599618661951430469,-85.00
2025-06-26 14:27:08.010044,599618661951430469,-83.00
2025-06-26 14:27:08.010044,599618661951430469,-80.00
2025-06-26 14:27:08.010044,599618661951430469,-80.00
2025-06-26 14:27:08.010044,599618661951430469,-75.00
2025-06-26 14:27:08.010044,599618661951430469,-73.00
2025-06-26 14:27:08.010044,599618661951430469,-75.00
2025-06-26 14:27:08.010044,599618661951430469,-75.00
2025-06-26 14:27:08.010044,599618661951430469,-73.00
2025-06-26 14:27:08.010044,599618661951430469,-75.00
2025-06-26 14:27:08.010044,599618661951430469,-78.00
2025-06-26 14:27:08.010044,599618661951430469,-85.00
2025-06-26 14:27:08.010044,599618661951430469,-85.00
2025-06-26 14:27:08.010044,599618661951430469,-73.00
2025-06-26 14:27:08.010044,599618661951430469,-51.00
2025-06-26 14:27:08.010044,599618661951430469,-36.00
2025-06-26 14:27:08.010044,599618661951430469,-41.00
2025-06-26 14:27:08.010044,599618661951430469,-48.00
2025-06-26 14:27:08.010044,599618661951430469,-48.00
2025-06-26 14:27:08.010044,599618661951430469,-53.00
2025-06-26 14:27:08.010044,599618661951430469,-68.00
2025-06-26 14:27:08.010044,599618661951430469,-68.00
2025-06-26 14:27:08.010044,599618661951430469,-63.00
2025-06-26 14:27:08.010044,599618661951430469,-63.00
2025-06-26 14:27:08.010044,599618661951430469,-61.00
2025-06-26 14:27:08.010044,599618661951430469,-61.00
2025-06-26 14:27:08.010044,599618661951430469,-71.00
2025-06-26 14:27:08.010044,599618661951430469,-29.00
2025-06-26 14:27:08.010044,599618661951430469,137.00
2025-06-26 14:27:08.010044,599618661951430469,421.00
2025-06-26 14:27:08.010044,599618661951430469,656.00
2025-06-26 14:27:08.010044,599618661951430469,573.00
2025-06-26 14:27:08.010044,599618661951430469,100.00
2025-06-26 14:27:08.010044,599618661951430469,-286.00
2025-06-26 14:27:08.010044,599618661951430469,-195.00
2025-06-26 14:27:08.010044,599618661951430469,-22.00
2025-06-26 14:27:08.010044,599618661951430469,-83.00
2025-06-26 14:27:08.010044,599618661951430469,-124.00
2025-06-26 14:27:08.010044,599618661951430469,-78.00
2025-06-26 14:27:08.010044,599618661951430469,-78.00
2025-06-26 14:27:08.010044,599618661951430469,-90.00
2025-06-26 14:27:08.010044,599618661951430469,-66.00
2025-06-26 14:27:08.010044,599618661951430469,-51.00
2025-06-26 14:27:08.010044,599618661951430469,-53.00
2025-06-26 14:27:08.010044,599618661951430469,-44.00
2025-06-26 14:27:08.010044,599618661951430469,-31.00
2025-06-26 14:27:08.010044,599618661951430469,-24.00
2025-06-26 14:27:08.010044,599618661951430469,-17.00
2025-06-26 14:27:08.010044,599618661951430469,-9.00
2025-06-26 14:27:08.010044,599618661951430469,0.00
2025-06-26 14:27:08.010044,599618661951430469,7.00
2025-06-26 14:27:08.010044,599618661951430469,17.00
2025-06-26 14:27:08.010044,599618661951430469,26.00
2025-06-26 14:27:08.010044,599618661951430469,36.00
2025-06-26 14:27:08.010044,599618661951430469,46.00
2025-06-26 14:27:08.010044,599618661951430469,53.00
2025-06-26 14:27:08.010044,599618661951430469,61.00
2025-06-26 14:27:08.010044,599618661951430469,66.00
2025-06-26 14:27:08.010044,599618661951430469,68.00
2025-06-26 14:27:08.010044,599618661951430469,71.00
2025-06-26 14:27:08.010044,599618661951430469,68.00
2025-06-26 14:27:08.010044,599618661951430469,58.00
2025-06-26 14:27:08.518966,599618662512127510,34.00
2025-06-26 14:27:08.518966,599618662512127510,-4.00
2025-06-26 14:27:08.518966,599618662512127510,-39.00
2025-06-26 14:27:08.518966,599618662512127510,-73.00
2025-06-26 14:27:08.518966,599618662512127510,-102.00
2025-06-26 14:27:08.518966,599618662512127510,-122.00
2025-06-26 14:27:08.518966,599618662512127510,-132.00
2025-06-26 14:27:08.518966,599618662512127510,-134.00
2025-06-26 14:27:08.518966,599618662512127510,-134.00
2025-06-26 14:27:08.518966,599618662512127510,-129.00
2025-06-26 14:27:08.518966,599618662512127510,-122.00
2025-06-26 14:27:08.518966,599618662512127510,-117.00
2025-06-26 14:27:08.518966,599618662512127510,-112.00
2025-06-26 14:27:08.518966,599618662512127510,-105.00
2025-06-26 14:27:08.518966,599618662512127510,-97.00
2025-06-26 14:27:08.518966,599618662512127510,-93.00
2025-06-26 14:27:08.518966,599618662512127510,-90.00
2025-06-26 14:27:08.518966,599618662512127510,-88.00
2025-06-26 14:27:08.518966,599618662512127510,-83.00
2025-06-26 14:27:08.518966,599618662512127510,-83.00
2025-06-26 14:27:08.518966,599618662512127510,-80.00
2025-06-26 14:27:08.518966,599618662512127510,-80.00
2025-06-26 14:27:08.518966,599618662512127510,-80.00
2025-06-26 14:27:08.518966,599618662512127510,-78.00
2025-06-26 14:27:08.518966,599618662512127510,-78.00
2025-06-26 14:27:08.518966,599618662512127510,-78.00
2025-06-26 14:27:08.518966,599618662512127510,-73.00
2025-06-26 14:27:08.518966,599618662512127510,-71.00
2025-06-26 14:27:08.518966,599618662512127510,-73.00
2025-06-26 14:27:08.518966,599618662512127510,-71.00
2025-06-26 14:27:08.518966,599618662512127510,-68.00
2025-06-26 14:27:08.518966,599618662512127510,-71.00
2025-06-26 14:27:08.518966,599618662512127510,-68.00
2025-06-26 14:27:08.518966,599618662512127510,-68.00
2025-06-26 14:27:08.518966,599618662512127510,-66.00
2025-06-26 14:27:08.518966,599618662512127510,-63.00
2025-06-26 14:27:08.518966,599618662512127510,-63.00
2025-06-26 14:27:08.518966,599618662512127510,-63.00
2025-06-26 14:27:08.518966,599618662512127510,-61.00
2025-06-26 14:27:08.518966,599618662512127510,-58.00
2025-06-26 14:27:08.518966,599618662512127510,-58.00
2025-06-26 14:27:08.518966,599618662512127510,-61.00
2025-06-26 14:27:08.518966,599618662512127510,-63.00
2025-06-26 14:27:08.518966,599618662512127510,-68.00
2025-06-26 14:27:08.518966,599618662512127510,-66.00
2025-06-26 14:27:08.518966,599618662512127510,-51.00
2025-06-26 14:27:08.518966,599618662512127510,-26.00
2025-06-26 14:27:08.518966,599618662512127510,-17.00
2025-06-26 14:27:08.518966,599618662512127510,-24.00
2025-06-26 14:27:08.518966,599618662512127510,-29.00
2025-06-26 14:27:08.518966,599618662512127510,-31.00
2025-06-26 14:27:08.518966,599618662512127510,-41.00
2025-06-26 14:27:08.518966,599618662512127510,-51.00
2025-06-26 14:27:08.518966,599618662512127510,-51.00
2025-06-26 14:27:08.518966,599618662512127510,-48.00
2025-06-26 14:27:08.518966,599618662512127510,-48.00
2025-06-26 14:27:08.518966,599618662512127510,-46.00
2025-06-26 14:27:08.518966,599618662512127510,-51.00
2025-06-26 14:27:08.518966,599618662512127510,-56.00
2025-06-26 14:27:08.518966,599618662512127510,4.00
2025-06-26 14:27:08.518966,599618662512127510,198.00
2025-06-26 14:27:08.518966,599618662512127510,480.00
2025-06-26 14:27:08.518966,599618662512127510,658.00
2025-06-26 14:27:08.518966,599618662512127510,475.00
2025-06-26 14:27:08.518966,599618662512127510,-9.00
2025-06-26 14:27:08.518966,599618662512127510,-284.00
2025-06-26 14:27:08.518966,599618662512127510,-132.00
2025-06-26 14:27:08.518966,599618662512127510,-17.00
2025-06-26 14:27:08.518966,599618662512127510,-105.00
2025-06-26 14:27:08.518966,599618662512127510,-120.00
2025-06-26 14:27:08.518966,599618662512127510,-73.00
2025-06-26 14:27:08.518966,599618662512127510,-83.00
2025-06-26 14:27:08.518966,599618662512127510,-90.00
2025-06-26 14:27:09.123748,599618663072824551,-68.00
2025-06-26 14:27:09.123748,599618663072824551,-58.00
2025-06-26 14:27:09.123748,599618663072824551,-58.00
2025-06-26 14:27:09.123748,599618663072824551,-46.00
2025-06-26 14:27:09.123748,599618663072824551,-36.00
2025-06-26 14:27:09.123748,599618663072824551,-34.00
2025-06-26 14:27:09.123748,599618663072824551,-26.00
2025-06-26 14:27:09.123748,599618663072824551,-17.00
2025-06-26 14:27:09.123748,599618663072824551,-12.00
2025-06-26 14:27:09.123748,599618663072824551,-4.00
2025-06-26 14:27:09.123748,599618663072824551,7.00
2025-06-26 14:27:09.123748,599618663072824551,17.00
2025-06-26 14:27:09.123748,599618663072824551,24.00
2025-06-26 14:27:09.123748,599618663072824551,34.00
2025-06-26 14:27:09.123748,599618663072824551,41.00
2025-06-26 14:27:09.123748,599618663072824551,48.00
2025-06-26 14:27:09.123748,599618663072824551,53.00
2025-06-26 14:27:09.123748,599618663072824551,58.00
2025-06-26 14:27:09.123748,599618663072824551,61.00
2025-06-26 14:27:09.123748,599618663072824551,56.00
2025-06-26 14:27:09.123748,599618663072824551,41.00
2025-06-26 14:27:09.123748,599618663072824551,19.00
2025-06-26 14:27:09.123748,599618663072824551,-14.00
2025-06-26 14:27:09.123748,599618663072824551,-51.00
2025-06-26 14:27:09.123748,599618663072824551,-83.00
2025-06-26 14:27:09.123748,599618663072824551,-107.00
2025-06-26 14:27:09.123748,599618663072824551,-122.00
2025-06-26 14:27:09.123748,599618663072824551,-132.00
2025-06-26 14:27:09.123748,599618663072824551,-137.00
2025-06-26 14:27:09.123748,599618663072824551,-137.00
2025-06-26 14:27:09.123748,599618663072824551,-132.00
2025-06-26 14:27:09.123748,599618663072824551,-127.00
2025-06-26 14:27:09.123748,599618663072824551,-120.00
2025-06-26 14:27:09.123748,599618663072824551,-115.00
2025-06-26 14:27:09.123748,599618663072824551,-107.00
2025-06-26 14:27:09.123748,599618663072824551,-102.00
2025-06-26 14:27:09.123748,599618663072824551,-100.00
2025-06-26 14:27:09.123748,599618663072824551,-97.00
2025-06-26 14:27:09.123748,599618663072824551,-95.00
2025-06-26 14:27:09.123748,599618663072824551,-93.00
2025-06-26 14:27:09.123748,599618663072824551,-90.00
2025-06-26 14:27:09.123748,599618663072824551,-88.00
2025-06-26 14:27:09.123748,599618663072824551,-88.00
2025-06-26 14:27:09.123748,599618663072824551,-85.00
2025-06-26 14:27:09.123748,599618663072824551,-85.00
2025-06-26 14:27:09.123748,599618663072824551,-85.00
2025-06-26 14:27:09.123748,599618663072824551,-83.00
2025-06-26 14:27:09.123748,599618663072824551,-83.00
2025-06-26 14:27:09.123748,599618663072824551,-83.00
2025-06-26 14:27:09.123748,599618663072824551,-80.00
2025-06-26 14:27:09.123748,599618663072824551,-80.00
2025-06-26 14:27:09.123748,599618663072824551,-80.00
2025-06-26 14:27:09.123748,599618663072824551,-78.00
2025-06-26 14:27:09.123748,599618663072824551,-78.00
2025-06-26 14:27:09.123748,599618663072824551,-75.00
2025-06-26 14:27:09.123748,599618663072824551,-73.00
2025-06-26 14:27:09.123748,599618663072824551,-71.00
2025-06-26 14:27:09.123748,599618663072824551,-71.00
2025-06-26 14:27:09.123748,599618663072824551,-68.00
2025-06-26 14:27:09.123748,599618663072824551,-68.00
2025-06-26 14:27:09.123748,599618663072824551,-73.00
2025-06-26 14:27:09.123748,599618663072824551,-75.00
2025-06-26 14:27:09.123748,599618663072824551,-73.00
2025-06-26 14:27:09.123748,599618663072824551,-58.00
2025-06-26 14:27:09.123748,599618663072824551,-34.00
2025-06-26 14:27:09.123748,599618663072824551,-24.00
2025-06-26 14:27:09.123748,599618663072824551,-34.00
2025-06-26 14:27:09.123748,599618663072824551,-39.00
2025-06-26 14:27:09.123748,599618663072824551,-41.00
2025-06-26 14:27:09.123748,599618663072824551,-48.00
2025-06-26 14:27:09.123748,599618663072824551,-61.00
2025-06-26 14:27:09.123748,599618663072824551,-61.00
2025-06-26 14:27:09.123748,599618663072824551,-58.00
2025-06-26 14:27:09.661462,599618663633552110,-56.00
2025-06-26 14:27:09.661462,599618663633552110,-53.00
2025-06-26 14:27:09.661462,599618663633552110,-58.00
2025-06-26 14:27:09.661462,599618663633552110,-61.00
2025-06-26 14:27:09.661462,599618663633552110,-12.00
2025-06-26 14:27:09.661462,599618663633552110,154.00
2025-06-26 14:27:09.661462,599618663633552110,423.00
2025-06-26 14:27:09.661462,599618663633552110,627.00
2025-06-26 14:27:09.661462,599618663633552110,514.00
2025-06-26 14:27:09.661462,599618663633552110,78.00
2025-06-26 14:27:09.661462,599618663633552110,-247.00
2025-06-26 14:27:09.661462,599618663633552110,-159.00
2025-06-26 14:27:09.661462,599618663633552110,-9.00
2025-06-26 14:27:09.661462,599618663633552110,-58.00
2025-06-26 14:27:09.661462,599618663633552110,-93.00
2025-06-26 14:27:09.661462,599618663633552110,-53.00
2025-06-26 14:27:09.661462,599618663633552110,-48.00
2025-06-26 14:27:09.661462,599618663633552110,-58.00
2025-06-26 14:27:09.661462,599618663633552110,-44.00
2025-06-26 14:27:09.661462,599618663633552110,-31.00
2025-06-26 14:27:09.661462,599618663633552110,-29.00
2025-06-26 14:27:09.661462,599618663633552110,-24.00
2025-06-26 14:27:09.661462,599618663633552110,-17.00
2025-06-26 14:27:09.661462,599618663633552110,-14.00
2025-06-26 14:27:09.661462,599618663633552110,-7.00
2025-06-26 14:27:09.661462,599618663633552110,0.00
2025-06-26 14:27:09.661462,599618663633552110,4.00
2025-06-26 14:27:09.661462,599618663633552110,9.00
2025-06-26 14:27:09.661462,599618663633552110,17.00
2025-06-26 14:27:09.661462,599618663633552110,24.00
2025-06-26 14:27:09.661462,599618663633552110,31.00
2025-06-26 14:27:09.661462,599618663633552110,39.00
2025-06-26 14:27:09.661462,599618663633552110,44.00
2025-06-26 14:27:09.661462,599618663633552110,46.00
2025-06-26 14:27:09.661462,599618663633552110,51.00
2025-06-26 14:27:09.661462,599618663633552110,56.00
2025-06-26 14:27:09.661462,599618663633552110,53.00
2025-06-26 14:27:09.661462,599618663633552110,48.00
2025-06-26 14:27:09.661462,599618663633552110,36.00
2025-06-26 14:27:09.661462,599618663633552110,12.00
2025-06-26 14:27:09.661462,599618663633552110,-24.00
2025-06-26 14:27:09.661462,599618663633552110,-61.00
2025-06-26 14:27:09.661462,599618663633552110,-93.00
2025-06-26 14:27:09.661462,599618663633552110,-117.00
2025-06-26 14:27:09.661462,599618663633552110,-137.00
2025-06-26 14:27:09.661462,599618663633552110,-144.00
2025-06-26 14:27:09.661462,599618663633552110,-146.00
2025-06-26 14:27:09.661462,599618663633552110,-144.00
2025-06-26 14:27:09.661462,599618663633552110,-142.00
2025-06-26 14:27:09.661462,599618663633552110,-134.00
2025-06-26 14:27:09.661462,599618663633552110,-127.00
2025-06-26 14:27:09.661462,599618663633552110,-122.00
2025-06-26 14:27:09.661462,599618663633552110,-117.00
2025-06-26 14:27:09.661462,599618663633552110,-112.00
2025-06-26 14:27:09.661462,599618663633552110,-110.00
2025-06-26 14:27:09.661462,599618663633552110,-107.00
2025-06-26 14:27:09.661462,599618663633552110,-105.00
2025-06-26 14:27:09.661462,599618663633552110,-102.00
2025-06-26 14:27:09.661462,599618663633552110,-97.00
2025-06-26 14:27:09.661462,599618663633552110,-95.00
2025-06-26 14:27:09.661462,599618663633552110,-97.00
2025-06-26 14:27:09.661462,599618663633552110,-95.00
2025-06-26 14:27:09.661462,599618663633552110,-93.00
2025-06-26 14:27:09.661462,599618663633552110,-90.00
2025-06-26 14:27:09.661462,599618663633552110,-93.00
2025-06-26 14:27:09.661462,599618663633552110,-93.00
2025-06-26 14:27:09.661462,599618663633552110,-90.00
2025-06-26 14:27:09.661462,599618663633552110,-90.00
2025-06-26 14:27:09.661462,599618663633552110,-93.00
2025-06-26 14:27:09.661462,599618663633552110,-90.00
2025-06-26 14:27:09.661462,599618663633552110,-90.00
2025-06-26 14:27:09.661462,599618663633552110,-90.00
2025-06-26 14:27:09.661462,599618663633552110,-88.00
2025-06-26 14:27:10.260101,599618664194274581,-85.00
2025-06-26 14:27:10.260101,599618664194274581,-85.00
2025-06-26 14:27:10.260101,599618664194274581,-83.00
2025-06-26 14:27:10.260101,599618664194274581,-78.00
2025-06-26 14:27:10.260101,599618664194274581,-75.00
2025-06-26 14:27:10.260101,599618664194274581,-75.00
2025-06-26 14:27:10.260101,599618664194274581,-73.00
2025-06-26 14:27:10.260101,599618664194274581,-73.00
2025-06-26 14:27:10.260101,599618664194274581,-78.00
2025-06-26 14:27:10.260101,599618664194274581,-78.00
2025-06-26 14:27:10.260101,599618664194274581,-71.00
2025-06-26 14:27:10.260101,599618664194274581,-56.00
2025-06-26 14:27:10.260101,599618664194274581,-34.00
2025-06-26 14:27:10.260101,599618664194274581,-24.00
2025-06-26 14:27:10.260101,599618664194274581,-36.00
2025-06-26 14:27:10.260101,599618664194274581,-41.00
2025-06-26 14:27:10.260101,599618664194274581,-41.00
2025-06-26 14:27:10.260101,599618664194274581,-51.00
2025-06-26 14:27:10.260101,599618664194274581,-61.00
2025-06-26 14:27:10.260101,599618664194274581,-63.00
2025-06-26 14:27:10.260101,599618664194274581,-61.00
2025-06-26 14:27:10.260101,599618664194274581,-61.00
2025-06-26 14:27:10.260101,599618664194274581,-58.00
2025-06-26 14:27:10.260101,599618664194274581,-63.00
2025-06-26 14:27:10.260101,599618664194274581,-66.00
2025-06-26 14:27:10.260101,599618664194274581,0.00
2025-06-26 14:27:10.260101,599618664194274581,191.00
2025-06-26 14:27:10.260101,599618664194274581,460.00
2025-06-26 14:27:10.260101,599618664194274581,619.00
2025-06-26 14:27:10.260101,599618664194274581,438.00
2025-06-26 14:27:10.260101,599618664194274581,-19.00
2025-06-26 14:27:10.260101,599618664194274581,-281.00
2025-06-26 14:27:10.260101,599618664194274581,-139.00
2025-06-26 14:27:10.260101,599618664194274581,-24.00
2025-06-26 14:27:10.260101,599618664194274581,-100.00
2025-06-26 14:27:10.260101,599618664194274581,-112.00
2025-06-26 14:27:10.260101,599618664194274581,-68.00
2025-06-26 14:27:10.260101,599618664194274581,-73.00
2025-06-26 14:27:10.260101,599618664194274581,-78.00
2025-06-26 14:27:10.260101,599618664194274581,-58.00
2025-06-26 14:27:10.260101,599618664194274581,-48.00
2025-06-26 14:27:10.260101,599618664194274581,-46.00
2025-06-26 14:27:10.260101,599618664194274581,-36.00
2025-06-26 14:27:10.260101,599618664194274581,-26.00
2025-06-26 14:27:10.260101,599618664194274581,-22.00
2025-06-26 14:27:10.260101,599618664194274581,-14.00
2025-06-26 14:27:10.260101,599618664194274581,-4.00
2025-06-26 14:27:10.260101,599618664194274581,2.00
2025-06-26 14:27:10.260101,599618664194274581,9.00
2025-06-26 14:27:10.260101,599618664194274581,17.00
2025-06-26 14:27:10.260101,599618664194274581,24.00
2025-06-26 14:27:10.260101,599618664194274581,34.00
2025-06-26 14:27:10.260101,599618664194274581,44.00
2025-06-26 14:27:10.260101,599618664194274581,48.00
2025-06-26 14:27:10.260101,599618664194274581,53.00
2025-06-26 14:27:10.260101,599618664194274581,58.00
2025-06-26 14:27:10.260101,599618664194274581,61.00
2025-06-26 14:27:10.260101,599618664194274581,63.00
2025-06-26 14:27:10.260101,599618664194274581,61.00
2025-06-26 14:27:10.260101,599618664194274581,48.00
2025-06-26 14:27:10.260101,599618664194274581,24.00
2025-06-26 14:27:10.260101,599618664194274581,-12.00
2025-06-26 14:27:10.260101,599618664194274581,-46.00
2025-06-26 14:27:10.260101,599618664194274581,-78.00
2025-06-26 14:27:10.260101,599618664194274581,-100.00
2025-06-26 14:27:10.260101,599618664194274581,-117.00
2025-06-26 14:27:10.260101,599618664194274581,-124.00
2025-06-26 14:27:10.260101,599618664194274581,-129.00
2025-06-26 14:27:10.260101,599618664194274581,-127.00
2025-06-26 14:27:10.260101,599618664194274581,-122.00
2025-06-26 14:27:10.260101,599618664194274581,-117.00
2025-06-26 14:27:10.260101,599618664194274581,-112.00
2025-06-26 14:27:10.260101,599618664194274581,-105.00
2025-06-26 14:27:10.709656,599618664754976710,-97.00
2025-06-26 14:27:10.709656,599618664754976710,-93.00
2025-06-26 14:27:10.709656,599618664754976710,-90.00
2025-06-26 14:27:10.709656,599618664754976710,-85.00
2025-06-26 14:27:10.709656,599618664754976710,-80.00
2025-06-26 14:27:10.709656,599618664754976710,-78.00
2025-06-26 14:27:10.709656,599618664754976710,-75.00
2025-06-26 14:27:10.709656,599618664754976710,-71.00
2025-06-26 14:27:10.709656,599618664754976710,-71.00
2025-06-26 14:27:10.709656,599618664754976710,-71.00
2025-06-26 14:27:10.709656,599618664754976710,-66.00
2025-06-26 14:27:10.709656,599618664754976710,-66.00
2025-06-26 14:27:10.709656,599618664754976710,-68.00
2025-06-26 14:27:10.709656,599618664754976710,-68.00
2025-06-26 14:27:10.709656,599618664754976710,-68.00
2025-06-26 14:27:10.709656,599618664754976710,-68.00
2025-06-26 14:27:10.709656,599618664754976710,-68.00
2025-06-26 14:27:10.709656,599618664754976710,-68.00
2025-06-26 14:27:10.709656,599618664754976710,-66.00
2025-06-26 14:27:10.709656,599618664754976710,-66.00
2025-06-26 14:27:10.709656,599618664754976710,-66.00
2025-06-26 14:27:10.709656,599618664754976710,-66.00
2025-06-26 14:27:10.709656,599618664754976710,-66.00
2025-06-26 14:27:10.709656,599618664754976710,-66.00
2025-06-26 14:27:10.709656,599618664754976710,-66.00
2025-06-26 14:27:10.709656,599618664754976710,-63.00
2025-06-26 14:27:10.709656,599618664754976710,-63.00
2025-06-26 14:27:10.709656,599618664754976710,-63.00
2025-06-26 14:27:10.709656,599618664754976710,-61.00
2025-06-26 14:27:10.709656,599618664754976710,-58.00
2025-06-26 14:27:10.709656,599618664754976710,-63.00
2025-06-26 14:27:10.709656,599618664754976710,-71.00
2025-06-26 14:27:10.709656,599618664754976710,-73.00
2025-06-26 14:27:10.709656,599618664754976710,-68.00
2025-06-26 14:27:10.709656,599618664754976710,-51.00
2025-06-26 14:27:10.709656,599618664754976710,-34.00
2025-06-26 14:27:10.709656,599618664754976710,-29.00
2025-06-26 14:27:10.709656,599618664754976710,-41.00
2025-06-26 14:27:10.709656,599618664754976710,-46.00
2025-06-26 14:27:10.709656,599618664754976710,-48.00
2025-06-26 14:27:10.709656,599618664754976710,-56.00
2025-06-26 14:27:10.709656,599618664754976710,-66.00
2025-06-26 14:27:10.709656,599618664754976710,-68.00
2025-06-26 14:27:10.709656,599618664754976710,-68.00
2025-06-26 14:27:10.709656,599618664754976710,-66.00
2025-06-26 14:27:10.709656,599618664754976710,-63.00
2025-06-26 14:27:10.709656,599618664754976710,-71.00
2025-06-26 14:27:10.709656,599618664754976710,-73.00
2025-06-26 14:27:10.709656,599618664754976710,0.00
2025-06-26 14:27:10.709656,599618664754976710,200.00
2025-06-26 14:27:10.709656,599618664754976710,470.00
2025-06-26 14:27:10.709656,599618664754976710,609.00
2025-06-26 14:27:10.709656,599618664754976710,399.00
2025-06-26 14:27:10.709656,599618664754976710,-58.00
2025-06-26 14:27:10.709656,599618664754976710,-286.00
2025-06-26 14:27:10.709656,599618664754976710,-127.00
2025-06-26 14:27:10.709656,599618664754976710,-29.00
2025-06-26 14:27:10.709656,599618664754976710,-110.00
2025-06-26 14:27:10.709656,599618664754976710,-115.00
2025-06-26 14:27:10.709656,599618664754976710,-71.00
2025-06-26 14:27:10.709656,599618664754976710,-80.00
2025-06-26 14:27:10.709656,599618664754976710,-80.00
2025-06-26 14:27:10.709656,599618664754976710,-56.00
2025-06-26 14:27:10.709656,599618664754976710,-48.00
2025-06-26 14:27:10.709656,599618664754976710,-46.00
2025-06-26 14:27:10.709656,599618664754976710,-36.00
2025-06-26 14:27:10.709656,599618664754976710,-26.00
2025-06-26 14:27:10.709656,599618664754976710,-22.00
2025-06-26 14:27:10.709656,599618664754976710,-12.00
2025-06-26 14:27:10.709656,599618664754976710,-2.00
2025-06-26 14:27:10.709656,599618664754976710,2.00
2025-06-26 14:27:10.709656,599618664754976710,12.00
2025-06-26 14:27:10.709656,599618664754976710,22.00
2025-06-26 14:27:11.340152,599618665315673753,29.00
2025-06-26 14:27:11.340152,599618665315673753,39.00
2025-06-26 14:27:11.340152,599618665315673753,48.00
2025-06-26 14:27:11.340152,599618665315673753,56.00
2025-06-26 14:27:11.340152,599618665315673753,63.00
2025-06-26 14:27:11.340152,599618665315673753,66.00
2025-06-26 14:27:11.340152,599618665315673753,68.00
2025-06-26 14:27:11.340152,599618665315673753,68.00
2025-06-26 14:27:11.340152,599618665315673753,63.00
2025-06-26 14:27:11.340152,599618665315673753,48.00
2025-06-26 14:27:11.340152,599618665315673753,19.00
2025-06-26 14:27:11.340152,599618665315673753,-14.00
2025-06-26 14:27:11.340152,599618665315673753,-48.00
2025-06-26 14:27:11.340152,599618665315673753,-78.00
2025-06-26 14:27:11.340152,599618665315673753,-102.00
2025-06-26 14:27:11.340152,599618665315673753,-120.00
2025-06-26 14:27:11.340152,599618665315673753,-127.00
2025-06-26 14:27:11.340152,599618665315673753,-129.00
2025-06-26 14:27:11.340152,599618665315673753,-129.00
2025-06-26 14:27:11.340152,599618665315673753,-124.00
2025-06-26 14:27:11.340152,599618665315673753,-122.00
2025-06-26 14:27:11.340152,599618665315673753,-117.00
2025-06-26 14:27:11.340152,599618665315673753,-110.00
2025-06-26 14:27:11.340152,599618665315673753,-102.00
2025-06-26 14:27:11.340152,599618665315673753,-97.00
2025-06-26 14:27:11.340152,599618665315673753,-93.00
2025-06-26 14:27:11.340152,599618665315673753,-90.00
2025-06-26 14:27:11.340152,599618665315673753,-88.00
2025-06-26 14:27:11.340152,599618665315673753,-85.00
2025-06-26 14:27:11.340152,599618665315673753,-83.00
2025-06-26 14:27:11.340152,599618665315673753,-80.00
2025-06-26 14:27:11.340152,599618665315673753,-78.00
2025-06-26 14:27:11.340152,599618665315673753,-78.00
2025-06-26 14:27:11.340152,599618665315673753,-78.00
2025-06-26 14:27:11.340152,599618665315673753,-75.00
2025-06-26 14:27:11.340152,599618665315673753,-75.00
2025-06-26 14:27:11.340152,599618665315673753,-78.00
2025-06-26 14:27:11.340152,599618665315673753,-75.00
2025-06-26 14:27:11.340152,599618665315673753,-73.00
2025-06-26 14:27:11.340152,599618665315673753,-75.00
2025-06-26 14:27:11.340152,599618665315673753,-75.00
2025-06-26 14:27:11.340152,599618665315673753,-75.00
2025-06-26 14:27:11.340152,599618665315673753,-75.00
2025-06-26 14:27:11.340152,599618665315673753,-73.00
2025-06-26 14:27:11.340152,599618665315673753,-73.00
2025-06-26 14:27:11.340152,599618665315673753,-73.00
2025-06-26 14:27:11.340152,599618665315673753,-71.00
2025-06-26 14:27:11.340152,599618665315673753,-71.00
2025-06-26 14:27:11.340152,599618665315673753,-71.00
2025-06-26 14:27:11.340152,599618665315673753,-68.00
2025-06-26 14:27:11.340152,599618665315673753,-66.00
2025-06-26 14:27:11.340152,599618665315673753,-66.00
2025-06-26 14:27:11.340152,599618665315673753,-63.00
2025-06-26 14:27:11.340152,599618665315673753,-66.00
2025-06-26 14:27:11.340152,599618665315673753,-71.00
2025-06-26 14:27:11.340152,599618665315673753,-68.00
2025-06-26 14:27:11.340152,599618665315673753,-61.00
2025-06-26 14:27:11.340152,599618665315673753,-44.00
2025-06-26 14:27:11.340152,599618665315673753,-24.00
2025-06-26 14:27:11.340152,599618665315673753,-24.00
2025-06-26 14:27:11.340152,599618665315673753,-36.00
2025-06-26 14:27:11.340152,599618665315673753,-39.00
2025-06-26 14:27:11.340152,599618665315673753,-41.00
2025-06-26 14:27:11.340152,599618665315673753,-51.00
2025-06-26 14:27:11.340152,599618665315673753,-56.00
2025-06-26 14:27:11.340152,599618665315673753,-58.00
2025-06-26 14:27:11.340152,599618665315673753,-58.00
2025-06-26 14:27:11.340152,599618665315673753,-56.00
2025-06-26 14:27:11.340152,599618665315673753,-56.00
2025-06-26 14:27:11.340152,599618665315673753,-63.00
2025-06-26 14:27:11.340152,599618665315673753,-51.00
2025-06-26 14:27:11.340152,599618665315673753,53.00
2025-06-26 14:27:11.340152,599618665315673753,281.00
2025-06-26 14:27:11.880575,599618665876370794,538.00
2025-06-26 14:27:11.880575,599618665876370794,609.00
2025-06-26 14:27:11.880575,599618665876370794,315.00
2025-06-26 14:27:11.880575,599618665876370794,-134.00
2025-06-26 14:27:11.880575,599618665876370794,-262.00
2025-06-26 14:27:11.880575,599618665876370794,-80.00
2025-06-26 14:27:11.880575,599618665876370794,-39.00
2025-06-26 14:27:11.880575,599618665876370794,-117.00
2025-06-26 14:27:11.880575,599618665876370794,-100.00
2025-06-26 14:27:11.880575,599618665876370794,-68.00
2025-06-26 14:27:11.880575,599618665876370794,-80.00
2025-06-26 14:27:11.880575,599618665876370794,-73.00
2025-06-26 14:27:11.880575,599618665876370794,-51.00
2025-06-26 14:27:11.880575,599618665876370794,-46.00
2025-06-26 14:27:11.880575,599618665876370794,-44.00
2025-06-26 14:27:11.880575,599618665876370794,-31.00
2025-06-26 14:27:11.880575,599618665876370794,-24.00
2025-06-26 14:27:11.880575,599618665876370794,-19.00
2025-06-26 14:27:11.880575,599618665876370794,-12.00
2025-06-26 14:27:11.880575,599618665876370794,-2.00
2025-06-26 14:27:11.880575,599618665876370794,7.00
2025-06-26 14:27:11.880575,599618665876370794,14.00
2025-06-26 14:27:11.880575,599618665876370794,22.00
2025-06-26 14:27:11.880575,599618665876370794,31.00
2025-06-26 14:27:11.880575,599618665876370794,39.00
2025-06-26 14:27:11.880575,599618665876370794,46.00
2025-06-26 14:27:11.880575,599618665876370794,53.00
2025-06-26 14:27:11.880575,599618665876370794,58.00
2025-06-26 14:27:11.880575,599618665876370794,61.00
2025-06-26 14:27:11.880575,599618665876370794,61.00
2025-06-26 14:27:11.880575,599618665876370794,61.00
2025-06-26 14:27:11.880575,599618665876370794,51.00
2025-06-26 14:27:11.880575,599618665876370794,31.00
2025-06-26 14:27:11.880575,599618665876370794,-2.00
2025-06-26 14:27:11.880575,599618665876370794,-41.00
2025-06-26 14:27:11.880575,599618665876370794,-78.00
2025-06-26 14:27:11.880575,599618665876370794,-112.00
2025-06-26 14:27:11.880575,599618665876370794,-134.00
2025-06-26 14:27:11.880575,599618665876370794,-146.00
2025-06-26 14:27:11.880575,599618665876370794,-151.00
2025-06-26 14:27:11.880575,599618665876370794,-154.00
2025-06-26 14:27:11.880575,599618665876370794,-151.00
2025-06-26 14:27:11.880575,599618665876370794,-149.00
2025-06-26 14:27:11.880575,599618665876370794,-144.00
2025-06-26 14:27:11.880575,599618665876370794,-137.00
2025-06-26 14:27:11.880575,599618665876370794,-132.00
2025-06-26 14:27:11.880575,599618665876370794,-127.00
2025-06-26 14:27:11.880575,599618665876370794,-122.00
2025-06-26 14:27:11.880575,599618665876370794,-115.00
2025-06-26 14:27:11.880575,599618665876370794,-110.00
2025-06-26 14:27:11.880575,599618665876370794,-107.00
2025-06-26 14:27:11.880575,599618665876370794,-102.00
2025-06-26 14:27:11.880575,599618665876370794,-100.00
2025-06-26 14:27:11.880575,599618665876370794,-100.00
2025-06-26 14:27:11.880575,599618665876370794,-97.00
2025-06-26 14:27:11.880575,599618665876370794,-97.00
2025-06-26 14:27:11.880575,599618665876370794,-95.00
2025-06-26 14:27:11.880575,599618665876370794,-95.00
2025-06-26 14:27:11.880575,599618665876370794,-95.00
2025-06-26 14:27:11.880575,599618665876370794,-93.00
2025-06-26 14:27:11.880575,599618665876370794,-93.00
2025-06-26 14:27:11.880575,599618665876370794,-93.00
2025-06-26 14:27:11.880575,599618665876370794,-90.00
2025-06-26 14:27:11.880575,599618665876370794,-90.00
2025-06-26 14:27:11.880575,599618665876370794,-90.00
2025-06-26 14:27:11.880575,599618665876370794,-90.00
2025-06-26 14:27:11.880575,599618665876370794,-90.00
2025-06-26 14:27:11.880575,599618665876370794,-88.00
2025-06-26 14:27:11.880575,599618665876370794,-85.00
2025-06-26 14:27:11.880575,599618665876370794,-85.00
2025-06-26 14:27:11.880575,599618665876370794,-83.00
2025-06-26 14:27:11.880575,599618665876370794,-83.00
2025-06-26 14:27:11.880575,599618665876370794,-80.00
2025-06-26 14:27:12.420334,599618666437067835,-78.00
2025-06-26 14:27:12.420334,599618666437067835,-78.00
2025-06-26 14:27:12.420334,599618666437067835,-80.00
2025-06-26 14:27:12.420334,599618666437067835,-85.00
2025-06-26 14:27:12.420334,599618666437067835,-85.00
2025-06-26 14:27:12.420334,599618666437067835,-75.00
2025-06-26 14:27:12.420334,599618666437067835,-53.00
2025-06-26 14:27:12.420334,599618666437067835,-36.00
2025-06-26 14:27:12.420334,599618666437067835,-44.00
2025-06-26 14:27:12.420334,599618666437067835,-53.00
2025-06-26 14:27:12.420334,599618666437067835,-53.00
2025-06-26 14:27:12.420334,599618666437067835,-58.00
2025-06-26 14:27:12.420334,599618666437067835,-68.00
2025-06-26 14:27:12.420334,599618666437067835,-71.00
2025-06-26 14:27:12.420334,599618666437067835,-71.00
2025-06-26 14:27:12.420334,599618666437067835,-71.00
2025-06-26 14:27:12.420334,599618666437067835,-68.00
2025-06-26 14:27:12.420334,599618666437067835,-68.00
2025-06-26 14:27:12.420334,599618666437067835,-78.00
2025-06-26 14:27:12.420334,599618666437067835,-61.00
2025-06-26 14:27:12.420334,599618666437067835,58.00
2025-06-26 14:27:12.420334,599618666437067835,298.00
2025-06-26 14:27:12.420334,599618666437067835,553.00
2025-06-26 14:27:12.420334,599618666437067835,597.00
2025-06-26 14:27:12.420334,599618666437067835,262.00
2025-06-26 14:27:12.420334,599618666437067835,-186.00
2025-06-26 14:27:12.420334,599618666437067835,-257.00
2025-06-26 14:27:12.420334,599618666437067835,-71.00
2025-06-26 14:27:12.420334,599618666437067835,-56.00
2025-06-26 14:27:12.420334,599618666437067835,-134.00
2025-06-26 14:27:12.420334,599618666437067835,-107.00
2025-06-26 14:27:12.420334,599618666437067835,-78.00
2025-06-26 14:27:12.420334,599618666437067835,-93.00
2025-06-26 14:27:12.420334,599618666437067835,-80.00
2025-06-26 14:27:12.420334,599618666437067835,-63.00
2025-06-26 14:27:12.420334,599618666437067835,-63.00
2025-06-26 14:27:12.420334,599618666437067835,-56.00
2025-06-26 14:27:12.420334,599618666437067835,-41.00
2025-06-26 14:27:12.420334,599618666437067835,-36.00
2025-06-26 14:27:12.420334,599618666437067835,-29.00
2025-06-26 14:27:12.420334,599618666437067835,-17.00
2025-06-26 14:27:12.420334,599618666437067835,-7.00
2025-06-26 14:27:12.420334,599618666437067835,-2.00
2025-06-26 14:27:12.420334,599618666437067835,9.00
2025-06-26 14:27:12.420334,599618666437067835,19.00
2025-06-26 14:27:12.420334,599618666437067835,29.00
2025-06-26 14:27:12.420334,599618666437067835,39.00
2025-06-26 14:27:12.420334,599618666437067835,48.00
2025-06-26 14:27:12.420334,599618666437067835,56.00
2025-06-26 14:27:12.420334,599618666437067835,61.00
2025-06-26 14:27:12.420334,599618666437067835,66.00
2025-06-26 14:27:12.420334,599618666437067835,68.00
2025-06-26 14:27:12.420334,599618666437067835,66.00
2025-06-26 14:27:12.420334,599618666437067835,56.00
2025-06-26 14:27:12.420334,599618666437067835,29.00
2025-06-26 14:27:12.420334,599618666437067835,-7.00
2025-06-26 14:27:12.420334,599618666437067835,-46.00
2025-06-26 14:27:12.420334,599618666437067835,-83.00
2025-06-26 14:27:12.420334,599618666437067835,-112.00
2025-06-26 14:27:12.420334,599618666437067835,-132.00
2025-06-26 14:27:12.420334,599618666437067835,-142.00
2025-06-26 14:27:12.420334,599618666437067835,-146.00
2025-06-26 14:27:12.420334,599618666437067835,-146.00
2025-06-26 14:27:12.420334,599618666437067835,-144.00
2025-06-26 14:27:12.420334,599618666437067835,-142.00
2025-06-26 14:27:12.420334,599618666437067835,-137.00
2025-06-26 14:27:12.420334,599618666437067835,-129.00
2025-06-26 14:27:12.420334,599618666437067835,-124.00
2025-06-26 14:27:12.420334,599618666437067835,-117.00
2025-06-26 14:27:12.420334,599618666437067835,-112.00
2025-06-26 14:27:12.420334,599618666437067835,-107.00
2025-06-26 14:27:12.420334,599618666437067835,-102.00
2025-06-26 14:27:12.420334,599618666437067835,-97.00
2025-06-26 14:27:12.989754,599618666997795394,-95.00
2025-06-26 14:27:12.989754,599618666997795394,-93.00
2025-06-26 14:27:12.989754,599618666997795394,-90.00
2025-06-26 14:27:12.989754,599618666997795394,-88.00
2025-06-26 14:27:12.989754,599618666997795394,-88.00
2025-06-26 14:27:12.989754,599618666997795394,-85.00
2025-06-26 14:27:12.989754,599618666997795394,-83.00
2025-06-26 14:27:12.989754,599618666997795394,-83.00
2025-06-26 14:27:12.989754,599618666997795394,-83.00
2025-06-26 14:27:12.989754,599618666997795394,-83.00
2025-06-26 14:27:12.989754,599618666997795394,-83.00
2025-06-26 14:27:12.989754,599618666997795394,-83.00
2025-06-26 14:27:12.989754,599618666997795394,-80.00
2025-06-26 14:27:12.989754,599618666997795394,-80.00
2025-06-26 14:27:12.989754,599618666997795394,-83.00
2025-06-26 14:27:12.989754,599618666997795394,-83.00
2025-06-26 14:27:12.989754,599618666997795394,-80.00
2025-06-26 14:27:12.989754,599618666997795394,-78.00
2025-06-26 14:27:12.989754,599618666997795394,-78.00
2025-06-26 14:27:12.989754,599618666997795394,-78.00
2025-06-26 14:27:12.989754,599618666997795394,-78.00
2025-06-26 14:27:12.989754,599618666997795394,-75.00
2025-06-26 14:27:12.989754,599618666997795394,-75.00
2025-06-26 14:27:12.989754,599618666997795394,-75.00
2025-06-26 14:27:12.989754,599618666997795394,-71.00
2025-06-26 14:27:12.989754,599618666997795394,-71.00
2025-06-26 14:27:12.989754,599618666997795394,-71.00
2025-06-26 14:27:12.989754,599618666997795394,-68.00
2025-06-26 14:27:12.989754,599618666997795394,-68.00
2025-06-26 14:27:12.989754,599618666997795394,-68.00
2025-06-26 14:27:12.989754,599618666997795394,-71.00
2025-06-26 14:27:12.989754,599618666997795394,-73.00
2025-06-26 14:27:12.989754,599618666997795394,-73.00
2025-06-26 14:27:12.989754,599618666997795394,-66.00
2025-06-26 14:27:12.989754,599618666997795394,-46.00
2025-06-26 14:27:12.989754,599618666997795394,-24.00
2025-06-26 14:27:12.989754,599618666997795394,-26.00
2025-06-26 14:27:12.989754,599618666997795394,-44.00
2025-06-26 14:27:12.989754,599618666997795394,-48.00
2025-06-26 14:27:12.989754,599618666997795394,-48.00
2025-06-26 14:27:12.989754,599618666997795394,-61.00
2025-06-26 14:27:12.989754,599618666997795394,-66.00
2025-06-26 14:27:12.989754,599618666997795394,-68.00
2025-06-26 14:27:12.989754,599618666997795394,-71.00
2025-06-26 14:27:12.989754,599618666997795394,-71.00
2025-06-26 14:27:12.989754,599618666997795394,-68.00
2025-06-26 14:27:12.989754,599618666997795394,-73.00
2025-06-26 14:27:12.989754,599618666997795394,-73.00
2025-06-26 14:27:12.989754,599618666997795394,2.00
2025-06-26 14:27:12.989754,599618666997795394,198.00
2025-06-26 14:27:12.989754,599618666997795394,465.00
2025-06-26 14:27:12.989754,599618666997795394,622.00
2025-06-26 14:27:12.989754,599618666997795394,448.00
2025-06-26 14:27:12.989754,599618666997795394,-19.00
2025-06-26 14:27:12.989754,599618666997795394,-286.00
2025-06-26 14:27:12.989754,599618666997795394,-137.00
2025-06-26 14:27:12.989754,599618666997795394,-22.00
2025-06-26 14:27:12.989754,599618666997795394,-112.00
2025-06-26 14:27:12.989754,599618666997795394,-124.00
2025-06-26 14:27:12.989754,599618666997795394,-75.00
2025-06-26 14:27:12.989754,599618666997795394,-85.00
2025-06-26 14:27:12.989754,599618666997795394,-93.00
2025-06-26 14:27:12.989754,599618666997795394,-68.00
2025-06-26 14:27:12.989754,599618666997795394,-61.00
2025-06-26 14:27:12.989754,599618666997795394,-61.00
2025-06-26 14:27:12.989754,599618666997795394,-46.00
2025-06-26 14:27:12.989754,599618666997795394,-36.00
2025-06-26 14:27:12.989754,599618666997795394,-31.00
2025-06-26 14:27:12.989754,599618666997795394,-24.00
2025-06-26 14:27:12.989754,599618666997795394,-14.00
2025-06-26 14:27:12.989754,599618666997795394,-7.00
2025-06-26 14:27:12.989754,599618666997795394,2.00
2025-06-26 14:27:12.989754,599618666997795394,12.00
2025-06-26 14:27:13.561297,599618667558492435,22.00
2025-06-26 14:27:13.561297,599618667558492435,31.00
2025-06-26 14:27:13.561297,599618667558492435,39.00
2025-06-26 14:27:13.561297,599618667558492435,48.00
2025-06-26 14:27:13.561297,599618667558492435,56.00
2025-06-26 14:27:13.561297,599618667558492435,61.00
2025-06-26 14:27:13.561297,599618667558492435,63.00
2025-06-26 14:27:13.561297,599618667558492435,66.00
2025-06-26 14:27:13.561297,599618667558492435,66.00
2025-06-26 14:27:13.561297,599618667558492435,53.00
2025-06-26 14:27:13.561297,599618667558492435,26.00
2025-06-26 14:27:13.561297,599618667558492435,-12.00
2025-06-26 14:27:13.561297,599618667558492435,-48.00
2025-06-26 14:27:13.561297,599618667558492435,-83.00
2025-06-26 14:27:13.561297,599618667558492435,-110.00
2025-06-26 14:27:13.561297,599618667558492435,-127.00
2025-06-26 14:27:13.561297,599618667558492435,-137.00
2025-06-26 14:27:13.561297,599618667558492435,-142.00
2025-06-26 14:27:13.561297,599618667558492435,-142.00
2025-06-26 14:27:13.561297,599618667558492435,-142.00
2025-06-26 14:27:13.561297,599618667558492435,-139.00
2025-06-26 14:27:13.561297,599618667558492435,-134.00
2025-06-26 14:27:13.561297,599618667558492435,-129.00
2025-06-26 14:27:13.561297,599618667558492435,-122.00
2025-06-26 14:27:13.561297,599618667558492435,-117.00
2025-06-26 14:27:13.561297,599618667558492435,-112.00
2025-06-26 14:27:13.561297,599618667558492435,-107.00
2025-06-26 14:27:13.561297,599618667558492435,-102.00
2025-06-26 14:27:13.561297,599618667558492435,-97.00
2025-06-26 14:27:13.561297,599618667558492435,-97.00
2025-06-26 14:27:13.561297,599618667558492435,-95.00
2025-06-26 14:27:13.561297,599618667558492435,-93.00
2025-06-26 14:27:13.561297,599618667558492435,-90.00
2025-06-26 14:27:13.561297,599618667558492435,-88.00
2025-06-26 14:27:13.561297,599618667558492435,-88.00
2025-06-26 14:27:13.561297,599618667558492435,-88.00
2025-06-26 14:27:13.561297,599618667558492435,-85.00
2025-06-26 14:27:13.561297,599618667558492435,-85.00
2025-06-26 14:27:13.561297,599618667558492435,-85.00
2025-06-26 14:27:13.561297,599618667558492435,-85.00
2025-06-26 14:27:13.561297,599618667558492435,-85.00
2025-06-26 14:27:13.561297,599618667558492435,-83.00
2025-06-26 14:27:13.561297,599618667558492435,-83.00
2025-06-26 14:27:13.561297,599618667558492435,-83.00
2025-06-26 14:27:13.561297,599618667558492435,-83.00
2025-06-26 14:27:13.561297,599618667558492435,-83.00
2025-06-26 14:27:13.561297,599618667558492435,-83.00
2025-06-26 14:27:13.561297,599618667558492435,-80.00
2025-06-26 14:27:13.561297,599618667558492435,-80.00
2025-06-26 14:27:13.561297,599618667558492435,-78.00
2025-06-26 14:27:13.561297,599618667558492435,-75.00
2025-06-26 14:27:13.561297,599618667558492435,-73.00
2025-06-26 14:27:13.561297,599618667558492435,-73.00
2025-06-26 14:27:13.561297,599618667558492435,-73.00
2025-06-26 14:27:13.561297,599618667558492435,-71.00
2025-06-26 14:27:13.561297,599618667558492435,-71.00
2025-06-26 14:27:13.561297,599618667558492435,-71.00
2025-06-26 14:27:13.561297,599618667558492435,-68.00
2025-06-26 14:27:13.561297,599618667558492435,-68.00
2025-06-26 14:27:13.561297,599618667558492435,-68.00
2025-06-26 14:27:13.561297,599618667558492435,-71.00
2025-06-26 14:27:13.561297,599618667558492435,-73.00
2025-06-26 14:27:13.561297,599618667558492435,-71.00
2025-06-26 14:27:13.561297,599618667558492435,-53.00
2025-06-26 14:27:13.561297,599618667558492435,-29.00
2025-06-26 14:27:13.561297,599618667558492435,-22.00
2025-06-26 14:27:13.561297,599618667558492435,-36.00
2025-06-26 14:27:13.561297,599618667558492435,-44.00
2025-06-26 14:27:13.561297,599618667558492435,-44.00
2025-06-26 14:27:13.561297,599618667558492435,-53.00
2025-06-26 14:27:13.561297,599618667558492435,-61.00
2025-06-26 14:27:13.561297,599618667558492435,-61.00
2025-06-26 14:27:13.561297,599618667558492435,-63.00
2025-06-26 14:27:14.100911,599618668119189476,-61.00
2025-06-26 14:27:14.100911,599618668119189476,-61.00
2025-06-26 14:27:14.100911,599618668119189476,-63.00
2025-06-26 14:27:14.100911,599618668119189476,-71.00
2025-06-26 14:27:14.100911,599618668119189476,-17.00
2025-06-26 14:27:14.100911,599618668119189476,156.00
2025-06-26 14:27:14.100911,599618668119189476,418.00
2025-06-26 14:27:14.100911,599618668119189476,617.00
2025-06-26 14:27:14.100911,599618668119189476,526.00
2025-06-26 14:27:14.100911,599618668119189476,93.00
2025-06-26 14:27:14.100911,599618668119189476,-259.00
2025-06-26 14:27:14.100911,599618668119189476,-169.00
2025-06-26 14:27:14.100911,599618668119189476,-14.00
2025-06-26 14:27:14.100911,599618668119189476,-83.00
2025-06-26 14:27:14.100911,599618668119189476,-124.00
2025-06-26 14:27:14.100911,599618668119189476,-73.00
2025-06-26 14:27:14.100911,599618668119189476,-71.00
2025-06-26 14:27:14.100911,599618668119189476,-83.00
2025-06-26 14:27:14.100911,599618668119189476,-61.00
2025-06-26 14:27:14.100911,599618668119189476,-48.00
2025-06-26 14:27:14.100911,599618668119189476,-48.00
2025-06-26 14:27:14.100911,599618668119189476,-36.00
2025-06-26 14:27:14.100911,599618668119189476,-26.00
2025-06-26 14:27:14.100911,599618668119189476,-22.00
2025-06-26 14:27:14.100911,599618668119189476,-14.00
2025-06-26 14:27:14.100911,599618668119189476,-4.00
2025-06-26 14:27:14.100911,599618668119189476,4.00
2025-06-26 14:27:14.100911,599618668119189476,14.00
2025-06-26 14:27:14.100911,599618668119189476,24.00
2025-06-26 14:27:14.100911,599618668119189476,36.00
2025-06-26 14:27:14.100911,599618668119189476,46.00
2025-06-26 14:27:14.100911,599618668119189476,53.00
2025-06-26 14:27:14.100911,599618668119189476,61.00
2025-06-26 14:27:14.100911,599618668119189476,71.00
2025-06-26 14:27:14.100911,599618668119189476,75.00
2025-06-26 14:27:14.100911,599618668119189476,75.00
2025-06-26 14:27:14.100911,599618668119189476,78.00
2025-06-26 14:27:14.100911,599618668119189476,73.00
2025-06-26 14:27:14.100911,599618668119189476,63.00
2025-06-26 14:27:14.100911,599618668119189476,36.00
2025-06-26 14:27:14.100911,599618668119189476,2.00
2025-06-26 14:27:14.100911,599618668119189476,-36.00
2025-06-26 14:27:14.100911,599618668119189476,-73.00
2025-06-26 14:27:14.100911,599618668119189476,-102.00
2025-06-26 14:27:14.100911,599618668119189476,-122.00
2025-06-26 14:27:14.100911,599618668119189476,-132.00
2025-06-26 14:27:14.100911,599618668119189476,-134.00
2025-06-26 14:27:14.100911,599618668119189476,-137.00
2025-06-26 14:27:14.100911,599618668119189476,-137.00
2025-06-26 14:27:14.100911,599618668119189476,-132.00
2025-06-26 14:27:14.100911,599618668119189476,-129.00
2025-06-26 14:27:14.100911,599618668119189476,-124.00
2025-06-26 14:27:14.100911,599618668119189476,-120.00
2025-06-26 14:27:14.100911,599618668119189476,-112.00
2025-06-26 14:27:14.100911,599618668119189476,-107.00
2025-06-26 14:27:14.100911,599618668119189476,-105.00
2025-06-26 14:27:14.100911,599618668119189476,-102.00
2025-06-26 14:27:14.100911,599618668119189476,-97.00
2025-06-26 14:27:14.100911,599618668119189476,-95.00
2025-06-26 14:27:14.100911,599618668119189476,-93.00
2025-06-26 14:27:14.100911,599618668119189476,-90.00
2025-06-26 14:27:14.100911,599618668119189476,-88.00
2025-06-26 14:27:14.100911,599618668119189476,-88.00
2025-06-26 14:27:14.100911,599618668119189476,-85.00
2025-06-26 14:27:14.100911,599618668119189476,-83.00
2025-06-26 14:27:14.100911,599618668119189476,-83.00
2025-06-26 14:27:14.100911,599618668119189476,-83.00
2025-06-26 14:27:14.100911,599618668119189476,-83.00
2025-06-26 14:27:14.100911,599618668119189476,-80.00
2025-06-26 14:27:14.100911,599618668119189476,-80.00
2025-06-26 14:27:14.100911,599618668119189476,-78.00
2025-06-26 14:27:14.100911,599618668119189476,-78.00
2025-06-26 14:27:14.100911,599618668119189476,-78.00
2025-06-26 14:27:14.821139,599618668679886519,-78.00
2025-06-26 14:27:14.821139,599618668679886519,-78.00
2025-06-26 14:27:14.821139,599618668679886519,-78.00
2025-06-26 14:27:14.821139,599618668679886519,-75.00
2025-06-26 14:27:14.821139,599618668679886519,-73.00
2025-06-26 14:27:14.821139,599618668679886519,-73.00
2025-06-26 14:27:14.821139,599618668679886519,-71.00
2025-06-26 14:27:14.821139,599618668679886519,-68.00
2025-06-26 14:27:14.821139,599618668679886519,-68.00
2025-06-26 14:27:14.821139,599618668679886519,-66.00
2025-06-26 14:27:14.821139,599618668679886519,-63.00
2025-06-26 14:27:14.821139,599618668679886519,-63.00
2025-06-26 14:27:14.821139,599618668679886519,-61.00
2025-06-26 14:27:14.821139,599618668679886519,-58.00
2025-06-26 14:27:14.821139,599618668679886519,-58.00
2025-06-26 14:27:14.821139,599618668679886519,-63.00
2025-06-26 14:27:14.821139,599618668679886519,-68.00
2025-06-26 14:27:14.821139,599618668679886519,-61.00
2025-06-26 14:27:14.821139,599618668679886519,-41.00
2025-06-26 14:27:14.821139,599618668679886519,-19.00
2025-06-26 14:27:14.821139,599618668679886519,-14.00
2025-06-26 14:27:14.821139,599618668679886519,-26.00
2025-06-26 14:27:14.821139,599618668679886519,-41.00
2025-06-26 14:27:14.821139,599618668679886519,-48.00
2025-06-26 14:27:14.821139,599618668679886519,-36.00
2025-06-26 14:27:14.821139,599618668679886519,-19.00
2025-06-26 14:27:14.821139,599618668679886519,-36.00
2025-06-26 14:27:14.821139,599618668679886519,-48.00
2025-06-26 14:27:14.821139,599618668679886519,-26.00
2025-06-26 14:27:14.821139,599618668679886519,-29.00
2025-06-26 14:27:14.821139,599618668679886519,-63.00
2025-06-26 14:27:14.821139,599618668679886519,-90.00
2025-06-26 14:27:14.821139,599618668679886519,-39.00
2025-06-26 14:27:14.821139,599618668679886519,146.00
2025-06-26 14:27:14.821139,599618668679886519,416.00
2025-06-26 14:27:14.821139,599618668679886519,617.00
2025-06-26 14:27:14.821139,599618668679886519,536.00
2025-06-26 14:27:14.821139,599618668679886519,107.00
2025-06-26 14:27:14.821139,599618668679886519,-247.00
2025-06-26 14:27:14.821139,599618668679886519,-164.00
2025-06-26 14:27:14.821139,599618668679886519,-4.00
2025-06-26 14:27:14.821139,599618668679886519,-48.00
2025-06-26 14:27:14.821139,599618668679886519,-85.00
2025-06-26 14:27:14.821139,599618668679886519,-63.00
2025-06-26 14:27:14.821139,599618668679886519,-63.00
2025-06-26 14:27:14.821139,599618668679886519,-53.00
2025-06-26 14:27:14.821139,599618668679886519,-31.00
2025-06-26 14:27:14.821139,599618668679886519,-24.00
2025-06-26 14:27:14.821139,599618668679886519,-19.00
2025-06-26 14:27:14.821139,599618668679886519,-7.00
2025-06-26 14:27:14.821139,599618668679886519,4.00
2025-06-26 14:27:14.821139,599618668679886519,14.00
2025-06-26 14:27:14.821139,599618668679886519,17.00
2025-06-26 14:27:14.821139,599618668679886519,12.00
2025-06-26 14:27:14.821139,599618668679886519,19.00
2025-06-26 14:27:14.821139,599618668679886519,39.00
2025-06-26 14:27:14.821139,599618668679886519,51.00
2025-06-26 14:27:14.821139,599618668679886519,56.00
2025-06-26 14:27:14.821139,599618668679886519,68.00
2025-06-26 14:27:14.821139,599618668679886519,83.00
2025-06-26 14:27:14.821139,599618668679886519,95.00
2025-06-26 14:27:14.821139,599618668679886519,95.00
2025-06-26 14:27:14.821139,599618668679886519,97.00
2025-06-26 14:27:14.821139,599618668679886519,107.00
2025-06-26 14:27:14.821139,599618668679886519,105.00
2025-06-26 14:27:14.821139,599618668679886519,97.00
2025-06-26 14:27:14.821139,599618668679886519,90.00
2025-06-26 14:27:14.821139,599618668679886519,68.00
2025-06-26 14:27:14.821139,599618668679886519,36.00
2025-06-26 14:27:14.821139,599618668679886519,2.00
2025-06-26 14:27:14.821139,599618668679886519,-29.00
2025-06-26 14:27:14.821139,599618668679886519,-58.00
2025-06-26 14:27:14.821139,599618668679886519,-75.00
2025-06-26 14:27:15.271785,599618669240583560,-88.00
2025-06-26 14:27:15.271785,599618669240583560,-97.00
2025-06-26 14:27:15.271785,599618669240583560,-97.00
2025-06-26 14:27:15.271785,599618669240583560,-97.00
2025-06-26 14:27:15.271785,599618669240583560,-97.00
2025-06-26 14:27:15.271785,599618669240583560,-93.00
2025-06-26 14:27:15.271785,599618669240583560,-88.00
2025-06-26 14:27:15.271785,599618669240583560,-88.00
2025-06-26 14:27:15.271785,599618669240583560,-83.00
2025-06-26 14:27:15.271785,599618669240583560,-80.00
2025-06-26 14:27:15.271785,599618669240583560,-78.00
2025-06-26 14:27:15.271785,599618669240583560,-73.00
2025-06-26 14:27:15.271785,599618669240583560,-71.00
2025-06-26 14:27:15.271785,599618669240583560,-68.00
2025-06-26 14:27:15.271785,599618669240583560,-66.00
2025-06-26 14:27:15.271785,599618669240583560,-63.00
2025-06-26 14:27:15.271785,599618669240583560,-61.00
2025-06-26 14:27:15.271785,599618669240583560,-61.00
2025-06-26 14:27:15.271785,599618669240583560,-61.00
2025-06-26 14:27:15.271785,599618669240583560,-63.00
2025-06-26 14:27:15.271785,599618669240583560,-63.00
2025-06-26 14:27:15.271785,599618669240583560,-68.00
2025-06-26 14:27:15.271785,599618669240583560,-71.00
2025-06-26 14:27:15.271785,599618669240583560,-71.00
2025-06-26 14:27:15.271785,599618669240583560,-71.00
2025-06-26 14:27:15.271785,599618669240583560,-73.00
2025-06-26 14:27:15.271785,599618669240583560,-75.00
2025-06-26 14:27:15.271785,599618669240583560,-78.00
2025-06-26 14:27:15.271785,599618669240583560,-78.00
2025-06-26 14:27:15.271785,599618669240583560,-73.00
2025-06-26 14:27:15.271785,599618669240583560,-73.00
2025-06-26 14:27:15.271785,599618669240583560,-75.00
2025-06-26 14:27:15.271785,599618669240583560,-73.00
2025-06-26 14:27:15.271785,599618669240583560,-73.00
2025-06-26 14:27:15.271785,599618669240583560,-78.00
2025-06-26 14:27:15.271785,599618669240583560,-80.00
2025-06-26 14:27:15.271785,599618669240583560,-78.00
2025-06-26 14:27:15.271785,599618669240583560,-71.00
2025-06-26 14:27:15.271785,599618669240583560,-51.00
2025-06-26 14:27:15.271785,599618669240583560,-34.00
2025-06-26 14:27:15.271785,599618669240583560,-44.00
2025-06-26 14:27:15.271785,599618669240583560,-63.00
2025-06-26 14:27:15.271785,599618669240583560,-66.00
2025-06-26 14:27:15.271785,599618669240583560,-71.00
2025-06-26 14:27:15.271785,599618669240583560,-83.00
2025-06-26 14:27:15.271785,599618669240583560,-90.00
2025-06-26 14:27:15.271785,599618669240583560,-90.00
2025-06-26 14:27:15.271785,599618669240583560,-93.00
2025-06-26 14:27:15.271785,599618669240583560,-93.00
2025-06-26 14:27:15.271785,599618669240583560,-90.00
2025-06-26 14:27:15.271785,599618669240583560,-95.00
2025-06-26 14:27:15.271785,599618669240583560,-95.00
2025-06-26 14:27:15.271785,599618669240583560,-22.00
2025-06-26 14:27:15.271785,599618669240583560,166.00
2025-06-26 14:27:15.271785,599618669240583560,423.00
2025-06-26 14:27:15.271785,599618669240583560,556.00
2025-06-26 14:27:15.271785,599618669240583560,357.00
2025-06-26 14:27:15.271785,599618669240583560,-78.00
2025-06-26 14:27:15.271785,599618669240583560,-308.00
2025-06-26 14:27:15.271785,599618669240583560,-166.00
2025-06-26 14:27:15.271785,599618669240583560,-61.00
2025-06-26 14:27:15.271785,599618669240583560,-132.00
2025-06-26 14:27:15.271785,599618669240583560,-139.00
2025-06-26 14:27:15.271785,599618669240583560,-97.00
2025-06-26 14:27:15.271785,599618669240583560,-105.00
2025-06-26 14:27:15.271785,599618669240583560,-110.00
2025-06-26 14:27:15.271785,599618669240583560,-88.00
2025-06-26 14:27:15.271785,599618669240583560,-78.00
2025-06-26 14:27:15.271785,599618669240583560,-75.00
2025-06-26 14:27:15.271785,599618669240583560,-63.00
2025-06-26 14:27:15.271785,599618669240583560,-53.00
2025-06-26 14:27:15.271785,599618669240583560,-46.00
2025-06-26 14:27:15.271785,599618669240583560,-36.00
2025-06-26 14:27:15.782697,599618669801311119,-26.00
2025-06-26 14:27:15.782697,599618669801311119,-14.00
2025-06-26 14:27:15.782697,599618669801311119,-7.00
2025-06-26 14:27:15.782697,599618669801311119,2.00
2025-06-26 14:27:15.782697,599618669801311119,12.00
2025-06-26 14:27:15.782697,599618669801311119,24.00
2025-06-26 14:27:15.782697,599618669801311119,34.00
2025-06-26 14:27:15.782697,599618669801311119,41.00
2025-06-26 14:27:15.782697,599618669801311119,48.00
2025-06-26 14:27:15.782697,599618669801311119,56.00
2025-06-26 14:27:15.782697,599618669801311119,61.00
2025-06-26 14:27:15.782697,599618669801311119,61.00
2025-06-26 14:27:15.782697,599618669801311119,58.00
2025-06-26 14:27:15.782697,599618669801311119,41.00
2025-06-26 14:27:15.782697,599618669801311119,7.00
2025-06-26 14:27:15.782697,599618669801311119,-34.00
2025-06-26 14:27:15.782697,599618669801311119,-75.00
2025-06-26 14:27:15.782697,599618669801311119,-107.00
2025-06-26 14:27:15.782697,599618669801311119,-132.00
2025-06-26 14:27:15.782697,599618669801311119,-146.00
2025-06-26 14:27:15.782697,599618669801311119,-154.00
2025-06-26 14:27:15.782697,599618669801311119,-154.00
2025-06-26 14:27:15.782697,599618669801311119,-151.00
2025-06-26 14:27:15.782697,599618669801311119,-151.00
2025-06-26 14:27:15.782697,599618669801311119,-146.00
2025-06-26 14:27:15.782697,599618669801311119,-139.00
2025-06-26 14:27:15.782697,599618669801311119,-134.00
2025-06-26 14:27:15.782697,599618669801311119,-129.00
2025-06-26 14:27:15.782697,599618669801311119,-122.00
2025-06-26 14:27:15.782697,599618669801311119,-117.00
2025-06-26 14:27:15.782697,599618669801311119,-115.00
2025-06-26 14:27:15.782697,599618669801311119,-110.00
2025-06-26 14:27:15.782697,599618669801311119,-105.00
2025-06-26 14:27:15.782697,599618669801311119,-102.00
2025-06-26 14:27:15.782697,599618669801311119,-100.00
2025-06-26 14:27:15.782697,599618669801311119,-97.00
2025-06-26 14:27:15.782697,599618669801311119,-95.00
2025-06-26 14:27:15.782697,599618669801311119,-93.00
2025-06-26 14:27:15.782697,599618669801311119,-90.00
2025-06-26 14:27:15.782697,599618669801311119,-93.00
2025-06-26 14:27:15.782697,599618669801311119,-93.00
2025-06-26 14:27:15.782697,599618669801311119,-93.00
2025-06-26 14:27:15.782697,599618669801311119,-93.00
2025-06-26 14:27:15.782697,599618669801311119,-93.00
2025-06-26 14:27:15.782697,599618669801311119,-90.00
2025-06-26 14:27:15.782697,599618669801311119,-88.00
2025-06-26 14:27:15.782697,599618669801311119,-90.00
2025-06-26 14:27:15.782697,599618669801311119,-90.00
2025-06-26 14:27:15.782697,599618669801311119,-85.00
2025-06-26 14:27:15.782697,599618669801311119,-85.00
2025-06-26 14:27:15.782697,599618669801311119,-85.00
2025-06-26 14:27:15.782697,599618669801311119,-85.00
2025-06-26 14:27:15.782697,599618669801311119,-83.00
2025-06-26 14:27:15.782697,599618669801311119,-85.00
2025-06-26 14:27:15.782697,599618669801311119,-88.00
2025-06-26 14:27:15.782697,599618669801311119,-85.00
2025-06-26 14:27:15.782697,599618669801311119,-78.00
2025-06-26 14:27:15.782697,599618669801311119,-58.00
2025-06-26 14:27:15.782697,599618669801311119,-36.00
2025-06-26 14:27:15.782697,599618669801311119,-41.00
2025-06-26 14:27:15.782697,599618669801311119,-56.00
2025-06-26 14:27:15.782697,599618669801311119,-58.00
2025-06-26 14:27:15.782697,599618669801311119,-63.00
2025-06-26 14:27:15.782697,599618669801311119,-73.00
2025-06-26 14:27:15.782697,599618669801311119,-78.00
2025-06-26 14:27:15.782697,599618669801311119,-75.00
2025-06-26 14:27:15.782697,599618669801311119,-78.00
2025-06-26 14:27:15.782697,599618669801311119,-73.00
2025-06-26 14:27:15.782697,599618669801311119,-71.00
2025-06-26 14:27:15.782697,599618669801311119,-78.00
2025-06-26 14:27:15.782697,599618669801311119,-83.00
2025-06-26 14:27:15.782697,599618669801311119,-12.00
2025-06-26 14:27:15.782697,599618669801311119,186.00
2025-06-26 14:27:16.380897,599618670362008160,460.00
2025-06-26 14:27:16.380897,599618670362008160,629.00
2025-06-26 14:27:16.380897,599618670362008160,462.00
2025-06-26 14:27:16.380897,599618670362008160,-9.00
2025-06-26 14:27:16.380897,599618670362008160,-296.00
2025-06-26 14:27:16.380897,599618670362008160,-151.00
2025-06-26 14:27:16.380897,599618670362008160,-26.00
2025-06-26 14:27:16.380897,599618670362008160,-112.00
2025-06-26 14:27:16.380897,599618670362008160,-127.00
2025-06-26 14:27:16.380897,599618670362008160,-78.00
2025-06-26 14:27:16.380897,599618670362008160,-85.00
2025-06-26 14:27:16.380897,599618670362008160,-93.00
2025-06-26 14:27:16.380897,599618670362008160,-66.00
2025-06-26 14:27:16.380897,599618670362008160,-58.00
2025-06-26 14:27:16.380897,599618670362008160,-58.00
2025-06-26 14:27:16.380897,599618670362008160,-46.00
2025-06-26 14:27:16.380897,599618670362008160,-36.00
2025-06-26 14:27:16.380897,599618670362008160,-34.00
2025-06-26 14:27:16.380897,599618670362008160,-22.00
2025-06-26 14:27:16.380897,599618670362008160,-12.00
2025-06-26 14:27:16.380897,599618670362008160,-4.00
2025-06-26 14:27:16.380897,599618670362008160,7.00
2025-06-26 14:27:16.380897,599618670362008160,19.00
2025-06-26 14:27:16.380897,599618670362008160,29.00
2025-06-26 14:27:16.380897,599618670362008160,39.00
2025-06-26 14:27:16.380897,599618670362008160,48.00
2025-06-26 14:27:16.380897,599618670362008160,61.00
2025-06-26 14:27:16.380897,599618670362008160,66.00
2025-06-26 14:27:16.380897,599618670362008160,71.00
2025-06-26 14:27:16.380897,599618670362008160,75.00
2025-06-26 14:27:16.380897,599618670362008160,75.00
2025-06-26 14:27:16.380897,599618670362008160,68.00
2025-06-26 14:27:16.380897,599618670362008160,48.00
2025-06-26 14:27:16.380897,599618670362008160,14.00
2025-06-26 14:27:16.380897,599618670362008160,-26.00
2025-06-26 14:27:16.380897,599618670362008160,-66.00
2025-06-26 14:27:16.380897,599618670362008160,-97.00
2025-06-26 14:27:16.380897,599618670362008160,-122.00
2025-06-26 14:27:16.380897,599618670362008160,-137.00
2025-06-26 14:27:16.380897,599618670362008160,-144.00
2025-06-26 14:27:16.380897,599618670362008160,-149.00
2025-06-26 14:27:16.380897,599618670362008160,-146.00
2025-06-26 14:27:16.380897,599618670362008160,-144.00
2025-06-26 14:27:16.380897,599618670362008160,-142.00
2025-06-26 14:27:16.380897,599618670362008160,-139.00
2025-06-26 14:27:16.380897,599618670362008160,-132.00
2025-06-26 14:27:16.380897,599618670362008160,-127.00
2025-06-26 14:27:16.380897,599618670362008160,-122.00
2025-06-26 14:27:16.380897,599618670362008160,-120.00
2025-06-26 14:27:16.380897,599618670362008160,-115.00
2025-06-26 14:27:16.380897,599618670362008160,-110.00
2025-06-26 14:27:16.380897,599618670362008160,-107.00
2025-06-26 14:27:16.380897,599618670362008160,-105.00
2025-06-26 14:27:16.380897,599618670362008160,-102.00
2025-06-26 14:27:16.380897,599618670362008160,-100.00
2025-06-26 14:27:16.380897,599618670362008160,-97.00
2025-06-26 14:27:16.380897,599618670362008160,-95.00
2025-06-26 14:27:16.380897,599618670362008160,-93.00
2025-06-26 14:27:16.380897,599618670362008160,-90.00
2025-06-26 14:27:16.380897,599618670362008160,-90.00
2025-06-26 14:27:16.380897,599618670362008160,-90.00
2025-06-26 14:27:16.380897,599618670362008160,-88.00
2025-06-26 14:27:16.380897,599618670362008160,-88.00
2025-06-26 14:27:16.380897,599618670362008160,-90.00
2025-06-26 14:27:16.380897,599618670362008160,-88.00
2025-06-26 14:27:16.380897,599618670362008160,-88.00
2025-06-26 14:27:16.380897,599618670362008160,-85.00
2025-06-26 14:27:16.380897,599618670362008160,-83.00
2025-06-26 14:27:16.380897,599618670362008160,-83.00
2025-06-26 14:27:16.380897,599618670362008160,-83.00
2025-06-26 14:27:16.380897,599618670362008160,-80.00
2025-06-26 14:27:16.380897,599618670362008160,-80.00
2025-06-26 14:27:16.380897,599618670362008160,-78.00
2025-06-26 14:27:16.890351,599618670922735719,-73.00
2025-06-26 14:27:16.890351,599618670922735719,-73.00
2025-06-26 14:27:16.890351,599618670922735719,-73.00
2025-06-26 14:27:16.890351,599618670922735719,-71.00
2025-06-26 14:27:16.890351,599618670922735719,-73.00
2025-06-26 14:27:16.890351,599618670922735719,-75.00
2025-06-26 14:27:16.890351,599618670922735719,-73.00
2025-06-26 14:27:16.890351,599618670922735719,-63.00
2025-06-26 14:27:16.890351,599618670922735719,-39.00
2025-06-26 14:27:16.890351,599618670922735719,-19.00
2025-06-26 14:27:16.890351,599618670922735719,-29.00
2025-06-26 14:27:16.890351,599618670922735719,-44.00
2025-06-26 14:27:16.890351,599618670922735719,-41.00
2025-06-26 14:27:16.890351,599618670922735719,-46.00
2025-06-26 14:27:16.890351,599618670922735719,-61.00
2025-06-26 14:27:16.890351,599618670922735719,-63.00
2025-06-26 14:27:16.890351,599618670922735719,-63.00
2025-06-26 14:27:16.890351,599618670922735719,-66.00
2025-06-26 14:27:16.890351,599618670922735719,-66.00
2025-06-26 14:27:16.890351,599618670922735719,-63.00
2025-06-26 14:27:16.890351,599618670922735719,-68.00
2025-06-26 14:27:16.890351,599618670922735719,-73.00
2025-06-26 14:27:16.890351,599618670922735719,-7.00
2025-06-26 14:27:16.890351,599618670922735719,183.00
2025-06-26 14:27:16.890351,599618670922735719,455.00
2025-06-26 14:27:16.890351,599618670922735719,631.00
2025-06-26 14:27:16.890351,599618670922735719,480.00
2025-06-26 14:27:16.890351,599618670922735719,12.00
2025-06-26 14:27:16.890351,599618670922735719,-286.00
2025-06-26 14:27:16.890351,599618670922735719,-146.00
2025-06-26 14:27:16.890351,599618670922735719,-22.00
2025-06-26 14:27:16.890351,599618670922735719,-110.00
2025-06-26 14:27:16.890351,599618670922735719,-132.00
2025-06-26 14:27:16.890351,599618670922735719,-80.00
2025-06-26 14:27:16.890351,599618670922735719,-88.00
2025-06-26 14:27:16.890351,599618670922735719,-95.00
2025-06-26 14:27:16.890351,599618670922735719,-71.00
2025-06-26 14:27:16.890351,599618670922735719,-61.00
2025-06-26 14:27:16.890351,599618670922735719,-58.00
2025-06-26 14:27:16.890351,599618670922735719,-48.00
2025-06-26 14:27:16.890351,599618670922735719,-39.00
2025-06-26 14:27:16.890351,599618670922735719,-34.00
2025-06-26 14:27:16.890351,599618670922735719,-26.00
2025-06-26 14:27:16.890351,599618670922735719,-17.00
2025-06-26 14:27:16.890351,599618670922735719,-7.00
2025-06-26 14:27:16.890351,599618670922735719,0.00
2025-06-26 14:27:16.890351,599618670922735719,12.00
2025-06-26 14:27:16.890351,599618670922735719,24.00
2025-06-26 14:27:16.890351,599618670922735719,31.00
2025-06-26 14:27:16.890351,599618670922735719,41.00
2025-06-26 14:27:16.890351,599618670922735719,53.00
2025-06-26 14:27:16.890351,599618670922735719,63.00
2025-06-26 14:27:16.890351,599618670922735719,71.00
2025-06-26 14:27:16.890351,599618670922735719,73.00
2025-06-26 14:27:16.890351,599618670922735719,75.00
2025-06-26 14:27:16.890351,599618670922735719,71.00
2025-06-26 14:27:16.890351,599618670922735719,53.00
2025-06-26 14:27:16.890351,599618670922735719,29.00
2025-06-26 14:27:16.890351,599618670922735719,-7.00
2025-06-26 14:27:16.890351,599618670922735719,-48.00
2025-06-26 14:27:16.890351,599618670922735719,-85.00
2025-06-26 14:27:16.890351,599618670922735719,-112.00
2025-06-26 14:27:16.890351,599618670922735719,-129.00
2025-06-26 14:27:16.890351,599618670922735719,-139.00
2025-06-26 14:27:16.890351,599618670922735719,-144.00
2025-06-26 14:27:16.890351,599618670922735719,-142.00
2025-06-26 14:27:16.890351,599618670922735719,-142.00
2025-06-26 14:27:16.890351,599618670922735719,-139.00
2025-06-26 14:27:16.890351,599618670922735719,-134.00
2025-06-26 14:27:16.890351,599618670922735719,-129.00
2025-06-26 14:27:16.890351,599618670922735719,-124.00
2025-06-26 14:27:16.890351,599618670922735719,-120.00
2025-06-26 14:27:16.890351,599618670922735719,-115.00
2025-06-26 14:27:17.489517,599618671483432760,-112.00
2025-06-26 14:27:17.489517,599618671483432760,-107.00
2025-06-26 14:27:17.489517,599618671483432760,-105.00
2025-06-26 14:27:17.489517,599618671483432760,-102.00
2025-06-26 14:27:17.489517,599618671483432760,-97.00
2025-06-26 14:27:17.489517,599618671483432760,-95.00
2025-06-26 14:27:17.489517,599618671483432760,-93.00
2025-06-26 14:27:17.489517,599618671483432760,-90.00
2025-06-26 14:27:17.489517,599618671483432760,-90.00
2025-06-26 14:27:17.489517,599618671483432760,-88.00
2025-06-26 14:27:17.489517,599618671483432760,-88.00
2025-06-26 14:27:17.489517,599618671483432760,-88.00
2025-06-26 14:27:17.489517,599618671483432760,-88.00
2025-06-26 14:27:17.489517,599618671483432760,-88.00
2025-06-26 14:27:17.489517,599618671483432760,-88.00
2025-06-26 14:27:17.489517,599618671483432760,-88.00
2025-06-26 14:27:17.489517,599618671483432760,-88.00
2025-06-26 14:27:17.489517,599618671483432760,-85.00
2025-06-26 14:27:17.489517,599618671483432760,-83.00
2025-06-26 14:27:17.489517,599618671483432760,-83.00
2025-06-26 14:27:17.489517,599618671483432760,-83.00
2025-06-26 14:27:17.489517,599618671483432760,-80.00
2025-06-26 14:27:17.489517,599618671483432760,-78.00
2025-06-26 14:27:17.489517,599618671483432760,-78.00
2025-06-26 14:27:17.489517,599618671483432760,-78.00
2025-06-26 14:27:17.489517,599618671483432760,-75.00
2025-06-26 14:27:17.489517,599618671483432760,-75.00
2025-06-26 14:27:17.489517,599618671483432760,-75.00
2025-06-26 14:27:17.489517,599618671483432760,-71.00
2025-06-26 14:27:17.489517,599618671483432760,-71.00
2025-06-26 14:27:17.489517,599618671483432760,-71.00
2025-06-26 14:27:17.489517,599618671483432760,-71.00
2025-06-26 14:27:17.489517,599618671483432760,-71.00
2025-06-26 14:27:17.489517,599618671483432760,-73.00
2025-06-26 14:27:17.489517,599618671483432760,-68.00
2025-06-26 14:27:17.489517,599618671483432760,-53.00
2025-06-26 14:27:17.489517,599618671483432760,-31.00
2025-06-26 14:27:17.489517,599618671483432760,-19.00
2025-06-26 14:27:17.489517,599618671483432760,-34.00
2025-06-26 14:27:17.489517,599618671483432760,-46.00
2025-06-26 14:27:17.489517,599618671483432760,-46.00
2025-06-26 14:27:17.489517,599618671483432760,-51.00
2025-06-26 14:27:17.489517,599618671483432760,-63.00
2025-06-26 14:27:17.489517,599618671483432760,-66.00
2025-06-26 14:27:17.489517,599618671483432760,-63.00
2025-06-26 14:27:17.489517,599618671483432760,-63.00
2025-06-26 14:27:17.489517,599618671483432760,-63.00
2025-06-26 14:27:17.489517,599618671483432760,-58.00
2025-06-26 14:27:17.489517,599618671483432760,-66.00
2025-06-26 14:27:17.489517,599618671483432760,-66.00
2025-06-26 14:27:17.489517,599618671483432760,14.00
2025-06-26 14:27:17.489517,599618671483432760,213.00
2025-06-26 14:27:17.489517,599618671483432760,482.00
2025-06-26 14:27:17.489517,599618671483432760,636.00
2025-06-26 14:27:17.489517,599618671483432760,448.00
2025-06-26 14:27:17.489517,599618671483432760,-26.00
2025-06-26 14:27:17.489517,599618671483432760,-284.00
2025-06-26 14:27:17.489517,599618671483432760,-122.00
2025-06-26 14:27:17.489517,599618671483432760,-17.00
2025-06-26 14:27:17.489517,599618671483432760,-115.00
2025-06-26 14:27:17.489517,599618671483432760,-122.00
2025-06-26 14:27:17.489517,599618671483432760,-71.00
2025-06-26 14:27:17.489517,599618671483432760,-83.00
2025-06-26 14:27:17.489517,599618671483432760,-88.00
2025-06-26 14:27:17.489517,599618671483432760,-61.00
2025-06-26 14:27:17.489517,599618671483432760,-53.00
2025-06-26 14:27:17.489517,599618671483432760,-53.00
2025-06-26 14:27:17.489517,599618671483432760,-41.00
2025-06-26 14:27:17.489517,599618671483432760,-31.00
2025-06-26 14:27:17.489517,599618671483432760,-24.00
2025-06-26 14:27:17.489517,599618671483432760,-17.00
2025-06-26 14:27:17.489517,599618671483432760,-7.00
2025-06-26 14:27:17.489517,599618671483432760,0.00
2025-06-26 14:27:18.090763,599618672044160321,9.00
2025-06-26 14:27:18.090763,599618672044160321,17.00
2025-06-26 14:27:18.090763,599618672044160321,26.00
2025-06-26 14:27:18.090763,599618672044160321,39.00
2025-06-26 14:27:18.090763,599618672044160321,48.00
2025-06-26 14:27:18.090763,599618672044160321,58.00
2025-06-26 14:27:18.090763,599618672044160321,68.00
2025-06-26 14:27:18.090763,599618672044160321,78.00
2025-06-26 14:27:18.090763,599618672044160321,83.00
2025-06-26 14:27:18.090763,599618672044160321,85.00
2025-06-26 14:27:18.090763,599618672044160321,83.00
2025-06-26 14:27:18.090763,599618672044160321,66.00
2025-06-26 14:27:18.090763,599618672044160321,36.00
2025-06-26 14:27:18.090763,599618672044160321,0.00
2025-06-26 14:27:18.090763,599618672044160321,-39.00
2025-06-26 14:27:18.090763,599618672044160321,-73.00
2025-06-26 14:27:18.090763,599618672044160321,-100.00
2025-06-26 14:27:18.090763,599618672044160321,-117.00
2025-06-26 14:27:18.090763,599618672044160321,-127.00
2025-06-26 14:27:18.090763,599618672044160321,-132.00
2025-06-26 14:27:18.090763,599618672044160321,-132.00
2025-06-26 14:27:18.090763,599618672044160321,-129.00
2025-06-26 14:27:18.090763,599618672044160321,-127.00
2025-06-26 14:27:18.090763,599618672044160321,-122.00
2025-06-26 14:27:18.090763,599618672044160321,-120.00
2025-06-26 14:27:18.090763,599618672044160321,-112.00
2025-06-26 14:27:18.090763,599618672044160321,-107.00
2025-06-26 14:27:18.090763,599618672044160321,-102.00
2025-06-26 14:27:18.090763,599618672044160321,-97.00
2025-06-26 14:27:18.090763,599618672044160321,-93.00
2025-06-26 14:27:18.090763,599618672044160321,-90.00
2025-06-26 14:27:18.090763,599618672044160321,-88.00
2025-06-26 14:27:18.090763,599618672044160321,-85.00
2025-06-26 14:27:18.090763,599618672044160321,-83.00
2025-06-26 14:27:18.090763,599618672044160321,-80.00
2025-06-26 14:27:18.090763,599618672044160321,-80.00
2025-06-26 14:27:18.090763,599618672044160321,-78.00
2025-06-26 14:27:18.090763,599618672044160321,-75.00
2025-06-26 14:27:18.090763,599618672044160321,-73.00
2025-06-26 14:27:18.090763,599618672044160321,-73.00
2025-06-26 14:27:18.090763,599618672044160321,-73.00
2025-06-26 14:27:18.090763,599618672044160321,-71.00
2025-06-26 14:27:18.090763,599618672044160321,-73.00
2025-06-26 14:27:18.090763,599618672044160321,-73.00
2025-06-26 14:27:18.090763,599618672044160321,-73.00
2025-06-26 14:27:18.090763,599618672044160321,-71.00
2025-06-26 14:27:18.090763,599618672044160321,-71.00
2025-06-26 14:27:18.090763,599618672044160321,-71.00
2025-06-26 14:27:18.090763,599618672044160321,-68.00
2025-06-26 14:27:18.090763,599618672044160321,-66.00
2025-06-26 14:27:18.090763,599618672044160321,-66.00
2025-06-26 14:27:18.090763,599618672044160321,-63.00
2025-06-26 14:27:18.090763,599618672044160321,-63.00
2025-06-26 14:27:18.090763,599618672044160321,-61.00
2025-06-26 14:27:18.090763,599618672044160321,-58.00
2025-06-26 14:27:18.090763,599618672044160321,-58.00
2025-06-26 14:27:18.090763,599618672044160321,-58.00
2025-06-26 14:27:18.090763,599618672044160321,-56.00
2025-06-26 14:27:18.090763,599618672044160321,-56.00
2025-06-26 14:27:18.090763,599618672044160321,-56.00
2025-06-26 14:27:18.090763,599618672044160321,-56.00
2025-06-26 14:27:18.090763,599618672044160321,-56.00
2025-06-26 14:27:18.090763,599618672044160321,-56.00
2025-06-26 14:27:18.090763,599618672044160321,-58.00
2025-06-26 14:27:18.090763,599618672044160321,-61.00
2025-06-26 14:27:18.090763,599618672044160321,-56.00
2025-06-26 14:27:18.090763,599618672044160321,-41.00
2025-06-26 14:27:18.090763,599618672044160321,-19.00
2025-06-26 14:27:18.090763,599618672044160321,-9.00
2025-06-26 14:27:18.090763,599618672044160321,-24.00
2025-06-26 14:27:18.090763,599618672044160321,-34.00
2025-06-26 14:27:18.090763,599618672044160321,-34.00
2025-06-26 14:27:18.090763,599618672044160321,-39.00
2025-06-26 14:27:18.601706,599618672604857362,-51.00
2025-06-26 14:27:18.601706,599618672604857362,-53.00
2025-06-26 14:27:18.601706,599618672604857362,-56.00
2025-06-26 14:27:18.601706,599618672604857362,-56.00
2025-06-26 14:27:18.601706,599618672604857362,-51.00
2025-06-26 14:27:18.601706,599618672604857362,-51.00
2025-06-26 14:27:18.601706,599618672604857362,-58.00
2025-06-26 14:27:18.601706,599618672604857362,-53.00
2025-06-26 14:27:18.601706,599618672604857362,34.00
2025-06-26 14:27:18.601706,599618672604857362,244.00
2025-06-26 14:27:18.601706,599618672604857362,511.00
2025-06-26 14:27:18.601706,599618672604857362,644.00
2025-06-26 14:27:18.601706,599618672604857362,416.00
2025-06-26 14:27:18.601706,599618672604857362,-63.00
2025-06-26 14:27:18.601706,599618672604857362,-271.00
2025-06-26 14:27:18.601706,599618672604857362,-90.00
2025-06-26 14:27:18.601706,599618672604857362,-12.00
2025-06-26 14:27:18.601706,599618672604857362,-110.00
2025-06-26 14:27:18.601706,599618672604857362,-107.00
2025-06-26 14:27:18.601706,599618672604857362,-58.00
2025-06-26 14:27:18.601706,599618672604857362,-75.00
2025-06-26 14:27:18.601706,599618672604857362,-75.00
2025-06-26 14:27:18.601706,599618672604857362,-48.00
2025-06-26 14:27:18.601706,599618672604857362,-44.00
2025-06-26 14:27:18.601706,599618672604857362,-44.00
2025-06-26 14:27:18.601706,599618672604857362,-31.00
2025-06-26 14:27:18.601706,599618672604857362,-22.00
2025-06-26 14:27:18.601706,599618672604857362,-17.00
2025-06-26 14:27:18.601706,599618672604857362,-7.00
2025-06-26 14:27:18.601706,599618672604857362,2.00
2025-06-26 14:27:18.601706,599618672604857362,9.00
2025-06-26 14:27:18.601706,599618672604857362,19.00
2025-06-26 14:27:18.601706,599618672604857362,31.00
2025-06-26 14:27:18.601706,599618672604857362,41.00
2025-06-26 14:27:18.601706,599618672604857362,53.00
2025-06-26 14:27:18.601706,599618672604857362,66.00
2025-06-26 14:27:18.601706,599618672604857362,73.00
2025-06-26 14:27:18.601706,599618672604857362,80.00
2025-06-26 14:27:18.601706,599618672604857362,88.00
2025-06-26 14:27:18.601706,599618672604857362,90.00
2025-06-26 14:27:18.601706,599618672604857362,90.00
2025-06-26 14:27:18.601706,599618672604857362,85.00
2025-06-26 14:27:18.601706,599618672604857362,71.00
2025-06-26 14:27:18.601706,599618672604857362,41.00
2025-06-26 14:27:18.601706,599618672604857362,4.00
2025-06-26 14:27:18.601706,599618672604857362,-36.00
2025-06-26 14:27:18.601706,599618672604857362,-68.00
2025-06-26 14:27:18.601706,599618672604857362,-95.00
2025-06-26 14:27:18.601706,599618672604857362,-115.00
2025-06-26 14:27:18.601706,599618672604857362,-122.00
2025-06-26 14:27:18.601706,599618672604857362,-124.00
2025-06-26 14:27:18.601706,599618672604857362,-127.00
2025-06-26 14:27:18.601706,599618672604857362,-124.00
2025-06-26 14:27:18.601706,599618672604857362,-122.00
2025-06-26 14:27:18.601706,599618672604857362,-117.00
2025-06-26 14:27:18.601706,599618672604857362,-110.00
2025-06-26 14:27:18.601706,599618672604857362,-107.00
2025-06-26 14:27:18.601706,599618672604857362,-102.00
2025-06-26 14:27:18.601706,599618672604857362,-97.00
2025-06-26 14:27:18.601706,599618672604857362,-93.00
2025-06-26 14:27:18.601706,599618672604857362,-88.00
2025-06-26 14:27:18.601706,599618672604857362,-85.00
2025-06-26 14:27:18.601706,599618672604857362,-83.00
2025-06-26 14:27:18.601706,599618672604857362,-78.00
2025-06-26 14:27:18.601706,599618672604857362,-75.00
2025-06-26 14:27:18.601706,599618672604857362,-75.00
2025-06-26 14:27:18.601706,599618672604857362,-73.00
2025-06-26 14:27:18.601706,599618672604857362,-73.00
2025-06-26 14:27:18.601706,599618672604857362,-73.00
2025-06-26 14:27:18.601706,599618672604857362,-71.00
2025-06-26 14:27:18.601706,599618672604857362,-71.00
2025-06-26 14:27:18.601706,599618672604857362,-71.00
2025-06-26 14:27:18.601706,599618672604857362,-71.00
2025-06-26 14:27:19.169848,599618673165554403,-71.00
2025-06-26 14:27:19.169848,599618673165554403,-71.00
2025-06-26 14:27:19.169848,599618673165554403,-68.00
2025-06-26 14:27:19.169848,599618673165554403,-68.00
2025-06-26 14:27:19.169848,599618673165554403,-71.00
2025-06-26 14:27:19.169848,599618673165554403,-68.00
2025-06-26 14:27:19.169848,599618673165554403,-66.00
2025-06-26 14:27:19.169848,599618673165554403,-66.00
2025-06-26 14:27:19.169848,599618673165554403,-63.00
2025-06-26 14:27:19.169848,599618673165554403,-61.00
2025-06-26 14:27:19.169848,599618673165554403,-58.00
2025-06-26 14:27:19.169848,599618673165554403,-58.00
2025-06-26 14:27:19.169848,599618673165554403,-58.00
2025-06-26 14:27:19.169848,599618673165554403,-56.00
2025-06-26 14:27:19.169848,599618673165554403,-56.00
2025-06-26 14:27:19.169848,599618673165554403,-56.00
2025-06-26 14:27:19.169848,599618673165554403,-53.00
2025-06-26 14:27:19.169848,599618673165554403,-53.00
2025-06-26 14:27:19.169848,599618673165554403,-53.00
2025-06-26 14:27:19.169848,599618673165554403,-53.00
2025-06-26 14:27:19.169848,599618673165554403,-56.00
2025-06-26 14:27:19.169848,599618673165554403,-56.00
2025-06-26 14:27:19.169848,599618673165554403,-46.00
2025-06-26 14:27:19.169848,599618673165554403,-31.00
2025-06-26 14:27:19.169848,599618673165554403,-12.00
2025-06-26 14:27:19.169848,599618673165554403,-2.00
2025-06-26 14:27:19.169848,599618673165554403,-17.00
2025-06-26 14:27:19.169848,599618673165554403,-31.00
2025-06-26 14:27:19.169848,599618673165554403,-29.00
2025-06-26 14:27:19.169848,599618673165554403,-34.00
2025-06-26 14:27:19.169848,599618673165554403,-48.00
2025-06-26 14:27:19.169848,599618673165554403,-53.00
2025-06-26 14:27:19.169848,599618673165554403,-51.00
2025-06-26 14:27:19.169848,599618673165554403,-56.00
2025-06-26 14:27:19.169848,599618673165554403,-53.00
2025-06-26 14:27:19.169848,599618673165554403,-51.00
2025-06-26 14:27:19.169848,599618673165554403,-61.00
2025-06-26 14:27:19.169848,599618673165554403,-56.00
2025-06-26 14:27:19.169848,599618673165554403,26.00
2025-06-26 14:27:19.169848,599618673165554403,230.00
2025-06-26 14:27:19.169848,599618673165554403,497.00
2025-06-26 14:27:19.169848,599618673165554403,641.00
2025-06-26 14:27:19.169848,599618673165554403,436.00
2025-06-26 14:27:19.169848,599618673165554403,-39.00
2025-06-26 14:27:19.169848,599618673165554403,-274.00
2025-06-26 14:27:19.169848,599618673165554403,-107.00
2025-06-26 14:27:19.169848,599618673165554403,-17.00
2025-06-26 14:27:19.169848,599618673165554403,-112.00
2025-06-26 14:27:19.169848,599618673165554403,-115.00
2025-06-26 14:27:19.169848,599618673165554403,-68.00
2025-06-26 14:27:19.169848,599618673165554403,-80.00
2025-06-26 14:27:19.169848,599618673165554403,-83.00
2025-06-26 14:27:19.169848,599618673165554403,-58.00
2025-06-26 14:27:19.169848,599618673165554403,-51.00
2025-06-26 14:27:19.169848,599618673165554403,-48.00
2025-06-26 14:27:19.169848,599618673165554403,-34.00
2025-06-26 14:27:19.169848,599618673165554403,-24.00
2025-06-26 14:27:19.169848,599618673165554403,-22.00
2025-06-26 14:27:19.169848,599618673165554403,-12.00
2025-06-26 14:27:19.169848,599618673165554403,0.00
2025-06-26 14:27:19.169848,599618673165554403,7.00
2025-06-26 14:27:19.169848,599618673165554403,17.00
2025-06-26 14:27:19.169848,599618673165554403,26.00
2025-06-26 14:27:19.169848,599618673165554403,36.00
2025-06-26 14:27:19.169848,599618673165554403,48.00
2025-06-26 14:27:19.169848,599618673165554403,56.00
2025-06-26 14:27:19.169848,599618673165554403,66.00
2025-06-26 14:27:19.169848,599618673165554403,75.00
2025-06-26 14:27:19.169848,599618673165554403,80.00
2025-06-26 14:27:19.169848,599618673165554403,80.00
2025-06-26 14:27:19.169848,599618673165554403,83.00
2025-06-26 14:27:19.169848,599618673165554403,78.00
2025-06-26 14:27:19.169848,599618673165554403,61.00
2025-06-26 14:27:19.770975,599618673726281962,29.00
2025-06-26 14:27:19.770975,599618673726281962,-9.00
2025-06-26 14:27:19.770975,599618673726281962,-48.00
2025-06-26 14:27:19.770975,599618673726281962,-83.00
2025-06-26 14:27:19.770975,599618673726281962,-112.00
2025-06-26 14:27:19.770975,599618673726281962,-129.00
2025-06-26 14:27:19.770975,599618673726281962,-137.00
2025-06-26 14:27:19.770975,599618673726281962,-142.00
2025-06-26 14:27:19.770975,599618673726281962,-142.00
2025-06-26 14:27:19.770975,599618673726281962,-139.00
2025-06-26 14:27:19.770975,599618673726281962,-134.00
2025-06-26 14:27:19.770975,599618673726281962,-129.00
2025-06-26 14:27:19.770975,599618673726281962,-124.00
2025-06-26 14:27:19.770975,599618673726281962,-120.00
2025-06-26 14:27:19.770975,599618673726281962,-112.00
2025-06-26 14:27:19.770975,599618673726281962,-107.00
2025-06-26 14:27:19.770975,599618673726281962,-100.00
2025-06-26 14:27:19.770975,599618673726281962,-97.00
2025-06-26 14:27:19.770975,599618673726281962,-95.00
2025-06-26 14:27:19.770975,599618673726281962,-90.00
2025-06-26 14:27:19.770975,599618673726281962,-90.00
2025-06-26 14:27:19.770975,599618673726281962,-85.00
2025-06-26 14:27:19.770975,599618673726281962,-85.00
2025-06-26 14:27:19.770975,599618673726281962,-85.00
2025-06-26 14:27:19.770975,599618673726281962,-85.00
2025-06-26 14:27:19.770975,599618673726281962,-83.00
2025-06-26 14:27:19.770975,599618673726281962,-83.00
2025-06-26 14:27:19.770975,599618673726281962,-83.00
2025-06-26 14:27:19.770975,599618673726281962,-80.00
2025-06-26 14:27:19.770975,599618673726281962,-80.00
2025-06-26 14:27:19.770975,599618673726281962,-80.00
2025-06-26 14:27:19.770975,599618673726281962,-78.00
2025-06-26 14:27:19.770975,599618673726281962,-75.00
2025-06-26 14:27:19.770975,599618673726281962,-85.00
2025-06-26 14:27:19.770975,599618673726281962,-88.00
2025-06-26 14:27:19.770975,599618673726281962,-78.00
2025-06-26 14:27:19.770975,599618673726281962,-73.00
2025-06-26 14:27:19.770975,599618673726281962,-78.00
2025-06-26 14:27:19.770975,599618673726281962,-80.00
2025-06-26 14:27:19.770975,599618673726281962,-78.00
2025-06-26 14:27:19.770975,599618673726281962,-85.00
2025-06-26 14:27:19.770975,599618673726281962,-90.00
2025-06-26 14:27:19.770975,599618673726281962,-83.00
2025-06-26 14:27:19.770975,599618673726281962,-61.00
2025-06-26 14:27:19.770975,599618673726281962,-39.00
2025-06-26 14:27:19.770975,599618673726281962,-46.00
2025-06-26 14:27:19.770975,599618673726281962,-61.00
2025-06-26 14:27:19.770975,599618673726281962,-63.00
2025-06-26 14:27:19.770975,599618673726281962,-71.00
2025-06-26 14:27:19.770975,599618673726281962,-83.00
2025-06-26 14:27:19.770975,599618673726281962,-90.00
2025-06-26 14:27:19.770975,599618673726281962,-97.00
2025-06-26 14:27:19.770975,599618673726281962,-102.00
2025-06-26 14:27:19.770975,599618673726281962,-100.00
2025-06-26 14:27:19.770975,599618673726281962,-93.00
2025-06-26 14:27:19.770975,599618673726281962,-90.00
2025-06-26 14:27:19.770975,599618673726281962,-97.00
2025-06-26 14:27:19.770975,599618673726281962,-80.00
2025-06-26 14:27:19.770975,599618673726281962,46.00
2025-06-26 14:27:19.770975,599618673726281962,291.00
2025-06-26 14:27:19.770975,599618673726281962,536.00
2025-06-26 14:27:19.770975,599618673726281962,573.00
2025-06-26 14:27:19.770975,599618673726281962,259.00
2025-06-26 14:27:19.770975,599618673726281962,-191.00
2025-06-26 14:27:19.770975,599618673726281962,-306.00
2025-06-26 14:27:19.770975,599618673726281962,-122.00
2025-06-26 14:27:19.770975,599618673726281962,-78.00
2025-06-26 14:27:19.770975,599618673726281962,-156.00
2025-06-26 14:27:19.770975,599618673726281962,-142.00
2025-06-26 14:27:19.770975,599618673726281962,-107.00
2025-06-26 14:27:19.770975,599618673726281962,-117.00
2025-06-26 14:27:19.770975,599618673726281962,-120.00
2025-06-26 14:27:19.770975,599618673726281962,-97.00
2025-06-26 14:27:20.281170,599618674286979003,-83.00
2025-06-26 14:27:20.281170,599618674286979003,-73.00
2025-06-26 14:27:20.281170,599618674286979003,-66.00
2025-06-26 14:27:20.281170,599618674286979003,-58.00
2025-06-26 14:27:20.281170,599618674286979003,-48.00
2025-06-26 14:27:20.281170,599618674286979003,-36.00
2025-06-26 14:27:20.281170,599618674286979003,-31.00
2025-06-26 14:27:20.281170,599618674286979003,-17.00
2025-06-26 14:27:20.281170,599618674286979003,2.00
2025-06-26 14:27:20.281170,599618674286979003,12.00
2025-06-26 14:27:20.281170,599618674286979003,24.00
2025-06-26 14:27:20.281170,599618674286979003,41.00
2025-06-26 14:27:20.281170,599618674286979003,51.00
2025-06-26 14:27:20.281170,599618674286979003,61.00
2025-06-26 14:27:20.281170,599618674286979003,71.00
2025-06-26 14:27:20.281170,599618674286979003,75.00
2025-06-26 14:27:20.281170,599618674286979003,78.00
2025-06-26 14:27:20.281170,599618674286979003,73.00
2025-06-26 14:27:20.281170,599618674286979003,56.00
2025-06-26 14:27:20.281170,599618674286979003,22.00
2025-06-26 14:27:20.281170,599618674286979003,-26.00
2025-06-26 14:27:20.281170,599618674286979003,-80.00
2025-06-26 14:27:20.281170,599618674286979003,-124.00
2025-06-26 14:27:20.281170,599618674286979003,-156.00
2025-06-26 14:27:20.281170,599618674286979003,-181.00
2025-06-26 14:27:20.281170,599618674286979003,-191.00
2025-06-26 14:27:20.281170,599618674286979003,-193.00
2025-06-26 14:27:20.281170,599618674286979003,-191.00
2025-06-26 14:27:20.281170,599618674286979003,-186.00
2025-06-26 14:27:20.281170,599618674286979003,-181.00
2025-06-26 14:27:20.281170,599618674286979003,-178.00
2025-06-26 14:27:20.281170,599618674286979003,-171.00
2025-06-26 14:27:20.281170,599618674286979003,-161.00
2025-06-26 14:27:20.281170,599618674286979003,-146.00
2025-06-26 14:27:20.281170,599618674286979003,-132.00
2025-06-26 14:27:20.281170,599618674286979003,-122.00
2025-06-26 14:27:20.281170,599618674286979003,-115.00
2025-06-26 14:27:20.281170,599618674286979003,-105.00
2025-06-26 14:27:20.281170,599618674286979003,-97.00
2025-06-26 14:27:20.281170,599618674286979003,-90.00
2025-06-26 14:27:20.281170,599618674286979003,-80.00
2025-06-26 14:27:20.281170,599618674286979003,-78.00
2025-06-26 14:27:20.281170,599618674286979003,-78.00
2025-06-26 14:27:20.281170,599618674286979003,-78.00
2025-06-26 14:27:20.281170,599618674286979003,-75.00
2025-06-26 14:27:20.281170,599618674286979003,-75.00
2025-06-26 14:27:20.281170,599618674286979003,-75.00
2025-06-26 14:27:20.281170,599618674286979003,-75.00
2025-06-26 14:27:20.281170,599618674286979003,-78.00
2025-06-26 14:27:20.281170,599618674286979003,-78.00
2025-06-26 14:27:20.281170,599618674286979003,-78.00
2025-06-26 14:27:20.281170,599618674286979003,-78.00
2025-06-26 14:27:20.281170,599618674286979003,-78.00
2025-06-26 14:27:20.281170,599618674286979003,-78.00
2025-06-26 14:27:20.281170,599618674286979003,-83.00
2025-06-26 14:27:20.281170,599618674286979003,-88.00
2025-06-26 14:27:20.281170,599618674286979003,-83.00
2025-06-26 14:27:20.281170,599618674286979003,-66.00
2025-06-26 14:27:20.281170,599618674286979003,-41.00
2025-06-26 14:27:20.281170,599618674286979003,-36.00
2025-06-26 14:27:20.281170,599618674286979003,-51.00
2025-06-26 14:27:20.281170,599618674286979003,-58.00
2025-06-26 14:27:20.281170,599618674286979003,-56.00
2025-06-26 14:27:20.281170,599618674286979003,-66.00
2025-06-26 14:27:20.281170,599618674286979003,-73.00
2025-06-26 14:27:20.281170,599618674286979003,-71.00
2025-06-26 14:27:20.281170,599618674286979003,-71.00
2025-06-26 14:27:20.281170,599618674286979003,-71.00
2025-06-26 14:27:20.281170,599618674286979003,-68.00
2025-06-26 14:27:20.281170,599618674286979003,-73.00
2025-06-26 14:27:20.281170,599618674286979003,-68.00
2025-06-26 14:27:20.281170,599618674286979003,39.00
2025-06-26 14:27:20.281170,599618674286979003,289.00
2025-06-26 14:27:20.823180,599618674847706560,600.00
2025-06-26 14:27:20.823180,599618674847706560,756.00
2025-06-26 14:27:20.823180,599618674847706560,504.00
2025-06-26 14:27:20.823180,599618674847706560,-61.00
2025-06-26 14:27:20.823180,599618674847706560,-320.00
2025-06-26 14:27:20.823180,599618674847706560,-115.00
2025-06-26 14:27:20.823180,599618674847706560,-22.00
2025-06-26 14:27:20.823180,599618674847706560,-132.00
2025-06-26 14:27:20.823180,599618674847706560,-122.00
2025-06-26 14:27:20.823180,599618674847706560,-71.00
2025-06-26 14:27:20.823180,599618674847706560,-90.00
2025-06-26 14:27:20.823180,599618674847706560,-88.00
2025-06-26 14:27:20.823180,599618674847706560,-58.00
2025-06-26 14:27:20.823180,599618674847706560,-53.00
2025-06-26 14:27:20.823180,599618674847706560,-53.00
2025-06-26 14:27:20.823180,599618674847706560,-39.00
2025-06-26 14:27:20.823180,599618674847706560,-26.00
2025-06-26 14:27:20.823180,599618674847706560,-19.00
2025-06-26 14:27:20.823180,599618674847706560,-12.00
2025-06-26 14:27:20.823180,599618674847706560,0.00
2025-06-26 14:27:20.823180,599618674847706560,12.00
2025-06-26 14:27:20.823180,599618674847706560,24.00
2025-06-26 14:27:20.823180,599618674847706560,39.00
2025-06-26 14:27:20.823180,599618674847706560,51.00
2025-06-26 14:27:20.823180,599618674847706560,66.00
2025-06-26 14:27:20.823180,599618674847706560,80.00
2025-06-26 14:27:20.823180,599618674847706560,90.00
2025-06-26 14:27:20.823180,599618674847706560,100.00
2025-06-26 14:27:20.823180,599618674847706560,107.00
2025-06-26 14:27:20.823180,599618674847706560,110.00
2025-06-26 14:27:20.823180,599618674847706560,102.00
2025-06-26 14:27:20.823180,599618674847706560,83.00
2025-06-26 14:27:20.823180,599618674847706560,48.00
2025-06-26 14:27:20.823180,599618674847706560,2.00
2025-06-26 14:27:20.823180,599618674847706560,-51.00
2025-06-26 14:27:20.823180,599618674847706560,-97.00
2025-06-26 14:27:20.823180,599618674847706560,-132.00
2025-06-26 14:27:20.823180,599618674847706560,-151.00
2025-06-26 14:27:20.823180,599618674847706560,-159.00
2025-06-26 14:27:20.823180,599618674847706560,-164.00
2025-06-26 14:27:20.823180,599618674847706560,-166.00
2025-06-26 14:27:20.823180,599618674847706560,-164.00
2025-06-26 14:27:20.823180,599618674847706560,-159.00
2025-06-26 14:27:20.823180,599618674847706560,-156.00
2025-06-26 14:27:20.823180,599618674847706560,-151.00
2025-06-26 14:27:20.823180,599618674847706560,-146.00
2025-06-26 14:27:20.823180,599618674847706560,-139.00
2025-06-26 14:27:20.823180,599618674847706560,-132.00
2025-06-26 14:27:20.823180,599618674847706560,-124.00
2025-06-26 14:27:20.823180,599618674847706560,-117.00
2025-06-26 14:27:20.823180,599618674847706560,-112.00
2025-06-26 14:27:20.823180,599618674847706560,-107.00
2025-06-26 14:27:20.823180,599618674847706560,-102.00
2025-06-26 14:27:20.823180,599618674847706560,-100.00
2025-06-26 14:27:20.823180,599618674847706560,-97.00
2025-06-26 14:27:20.823180,599618674847706560,-93.00
2025-06-26 14:27:20.823180,599618674847706560,-93.00
2025-06-26 14:27:20.823180,599618674847706560,-93.00
2025-06-26 14:27:20.823180,599618674847706560,-90.00
2025-06-26 14:27:20.823180,599618674847706560,-88.00
2025-06-26 14:27:20.823180,599618674847706560,-88.00
2025-06-26 14:27:20.823180,599618674847706560,-88.00
2025-06-26 14:27:20.823180,599618674847706560,-88.00
2025-06-26 14:27:20.823180,599618674847706560,-85.00
2025-06-26 14:27:20.823180,599618674847706560,-83.00
2025-06-26 14:27:20.823180,599618674847706560,-83.00
2025-06-26 14:27:20.823180,599618674847706560,-88.00
2025-06-26 14:27:20.823180,599618674847706560,-90.00
2025-06-26 14:27:20.823180,599618674847706560,-90.00
2025-06-26 14:27:20.823180,599618674847706560,-75.00
2025-06-26 14:27:20.823180,599618674847706560,-51.00
2025-06-26 14:27:20.823180,599618674847706560,-39.00
2025-06-26 14:27:20.823180,599618674847706560,-46.00
2025-06-26 14:27:21.420726,599618675408403605,-53.00
2025-06-26 14:27:21.420726,599618675408403605,-48.00
2025-06-26 14:27:21.420726,599618675408403605,-56.00
2025-06-26 14:27:21.420726,599618675408403605,-66.00
2025-06-26 14:27:21.420726,599618675408403605,-66.00
2025-06-26 14:27:21.420726,599618675408403605,-63.00
2025-06-26 14:27:21.420726,599618675408403605,-61.00
2025-06-26 14:27:21.420726,599618675408403605,-58.00
2025-06-26 14:27:21.420726,599618675408403605,-58.00
2025-06-26 14:27:21.420726,599618675408403605,-68.00
2025-06-26 14:27:21.420726,599618675408403605,-31.00
2025-06-26 14:27:21.420726,599618675408403605,132.00
2025-06-26 14:27:21.420726,599618675408403605,431.00
2025-06-26 14:27:21.420726,599618675408403605,725.00
2025-06-26 14:27:21.420726,599618675408403605,739.00
2025-06-26 14:27:21.420726,599618675408403605,274.00
2025-06-26 14:27:21.420726,599618675408403605,-259.00
2025-06-26 14:27:21.420726,599618675408403605,-249.00
2025-06-26 14:27:21.420726,599618675408403605,-7.00
2025-06-26 14:27:21.420726,599618675408403605,-53.00
2025-06-26 14:27:21.420726,599618675408403605,-144.00
2025-06-26 14:27:21.420726,599618675408403605,-83.00
2025-06-26 14:27:21.420726,599618675408403605,-63.00
2025-06-26 14:27:21.420726,599618675408403605,-90.00
2025-06-26 14:27:21.420726,599618675408403605,-71.00
2025-06-26 14:27:21.420726,599618675408403605,-48.00
2025-06-26 14:27:21.420726,599618675408403605,-51.00
2025-06-26 14:27:21.420726,599618675408403605,-41.00
2025-06-26 14:27:21.420726,599618675408403605,-22.00
2025-06-26 14:27:21.420726,599618675408403605,-17.00
2025-06-26 14:27:21.420726,599618675408403605,-9.00
2025-06-26 14:27:21.420726,599618675408403605,2.00
2025-06-26 14:27:21.420726,599618675408403605,12.00
2025-06-26 14:27:21.420726,599618675408403605,22.00
2025-06-26 14:27:21.420726,599618675408403605,34.00
2025-06-26 14:27:21.420726,599618675408403605,48.00
2025-06-26 14:27:21.420726,599618675408403605,61.00
2025-06-26 14:27:21.420726,599618675408403605,75.00
2025-06-26 14:27:21.420726,599618675408403605,93.00
2025-06-26 14:27:21.420726,599618675408403605,102.00
2025-06-26 14:27:21.420726,599618675408403605,110.00
2025-06-26 14:27:21.420726,599618675408403605,117.00
2025-06-26 14:27:21.420726,599618675408403605,117.00
2025-06-26 14:27:21.420726,599618675408403605,107.00
2025-06-26 14:27:21.420726,599618675408403605,83.00
2025-06-26 14:27:21.420726,599618675408403605,39.00
2025-06-26 14:27:21.420726,599618675408403605,-14.00
2025-06-26 14:27:21.420726,599618675408403605,-66.00
2025-06-26 14:27:21.420726,599618675408403605,-107.00
2025-06-26 14:27:21.420726,599618675408403605,-139.00
2025-06-26 14:27:21.420726,599618675408403605,-156.00
2025-06-26 14:27:21.420726,599618675408403605,-161.00
2025-06-26 14:27:21.420726,599618675408403605,-164.00
2025-06-26 14:27:21.420726,599618675408403605,-161.00
2025-06-26 14:27:21.420726,599618675408403605,-156.00
2025-06-26 14:27:21.420726,599618675408403605,-154.00
2025-06-26 14:27:21.420726,599618675408403605,-149.00
2025-06-26 14:27:21.420726,599618675408403605,-144.00
2025-06-26 14:27:21.420726,599618675408403605,-134.00
2025-06-26 14:27:21.420726,599618675408403605,-127.00
2025-06-26 14:27:21.420726,599618675408403605,-120.00
2025-06-26 14:27:21.420726,599618675408403605,-115.00
2025-06-26 14:27:21.420726,599618675408403605,-110.00
2025-06-26 14:27:21.420726,599618675408403605,-107.00
2025-06-26 14:27:21.420726,599618675408403605,-102.00
2025-06-26 14:27:21.420726,599618675408403605,-97.00
2025-06-26 14:27:21.420726,599618675408403605,-93.00
2025-06-26 14:27:21.420726,599618675408403605,-88.00
2025-06-26 14:27:21.420726,599618675408403605,-85.00
2025-06-26 14:27:21.420726,599618675408403605,-83.00
2025-06-26 14:27:21.420726,599618675408403605,-80.00
2025-06-26 14:27:21.420726,599618675408403605,-80.00
2025-06-26 14:27:21.420726,599618675408403605,-78.00
2025-06-26 14:27:22.020587,599618675969100646,-75.00
2025-06-26 14:27:22.020587,599618675969100646,-75.00
2025-06-26 14:27:22.020587,599618675969100646,-73.00
2025-06-26 14:27:22.020587,599618675969100646,-71.00
2025-06-26 14:27:22.020587,599618675969100646,-68.00
2025-06-26 14:27:22.020587,599618675969100646,-66.00
2025-06-26 14:27:22.020587,599618675969100646,-66.00
2025-06-26 14:27:22.020587,599618675969100646,-63.00
2025-06-26 14:27:22.020587,599618675969100646,-61.00
2025-06-26 14:27:22.020587,599618675969100646,-66.00
2025-06-26 14:27:22.020587,599618675969100646,-71.00
2025-06-26 14:27:22.020587,599618675969100646,-63.00
2025-06-26 14:27:22.020587,599618675969100646,-44.00
2025-06-26 14:27:22.020587,599618675969100646,-22.00
2025-06-26 14:27:22.020587,599618675969100646,-12.00
2025-06-26 14:27:22.020587,599618675969100646,-22.00
2025-06-26 14:27:22.020587,599618675969100646,-26.00
2025-06-26 14:27:22.020587,599618675969100646,-24.00
2025-06-26 14:27:22.020587,599618675969100646,-34.00
2025-06-26 14:27:22.020587,599618675969100646,-44.00
2025-06-26 14:27:22.020587,599618675969100646,-44.00
2025-06-26 14:27:22.020587,599618675969100646,-41.00
2025-06-26 14:27:22.020587,599618675969100646,-41.00
2025-06-26 14:27:22.020587,599618675969100646,-41.00
2025-06-26 14:27:22.020587,599618675969100646,-44.00
2025-06-26 14:27:22.020587,599618675969100646,-51.00
2025-06-26 14:27:22.020587,599618675969100646,4.00
2025-06-26 14:27:22.020587,599618675969100646,203.00
2025-06-26 14:27:22.020587,599618675969100646,514.00
2025-06-26 14:27:22.020587,599618675969100646,766.00
2025-06-26 14:27:22.020587,599618675969100646,678.00
2025-06-26 14:27:22.020587,599618675969100646,151.00
2025-06-26 14:27:22.020587,599618675969100646,-291.00
2025-06-26 14:27:22.020587,599618675969100646,-181.00
2025-06-26 14:27:22.020587,599618675969100646,9.00
2025-06-26 14:27:22.020587,599618675969100646,-85.00
2025-06-26 14:27:22.020587,599618675969100646,-139.00
2025-06-26 14:27:22.020587,599618675969100646,-73.00
2025-06-26 14:27:22.020587,599618675969100646,-73.00
2025-06-26 14:27:22.020587,599618675969100646,-93.00
2025-06-26 14:27:22.020587,599618675969100646,-66.00
2025-06-26 14:27:22.020587,599618675969100646,-51.00
2025-06-26 14:27:22.020587,599618675969100646,-51.00
2025-06-26 14:27:22.020587,599618675969100646,-39.00
2025-06-26 14:27:22.020587,599618675969100646,-24.00
2025-06-26 14:27:22.020587,599618675969100646,-22.00
2025-06-26 14:27:22.020587,599618675969100646,-12.00
2025-06-26 14:27:22.020587,599618675969100646,0.00
2025-06-26 14:27:22.020587,599618675969100646,9.00
2025-06-26 14:27:22.020587,599618675969100646,19.00
2025-06-26 14:27:22.020587,599618675969100646,36.00
2025-06-26 14:27:22.020587,599618675969100646,51.00
2025-06-26 14:27:22.020587,599618675969100646,66.00
2025-06-26 14:27:22.020587,599618675969100646,78.00
2025-06-26 14:27:22.020587,599618675969100646,88.00
2025-06-26 14:27:22.020587,599618675969100646,100.00
2025-06-26 14:27:22.020587,599618675969100646,110.00
2025-06-26 14:27:22.020587,599618675969100646,115.00
2025-06-26 14:27:22.020587,599618675969100646,115.00
2025-06-26 14:27:22.020587,599618675969100646,105.00
2025-06-26 14:27:22.020587,599618675969100646,80.00
2025-06-26 14:27:22.020587,599618675969100646,41.00
2025-06-26 14:27:22.020587,599618675969100646,-7.00
2025-06-26 14:27:22.020587,599618675969100646,-58.00
2025-06-26 14:27:22.020587,599618675969100646,-100.00
2025-06-26 14:27:22.020587,599618675969100646,-127.00
2025-06-26 14:27:22.020587,599618675969100646,-144.00
2025-06-26 14:27:22.020587,599618675969100646,-151.00
2025-06-26 14:27:22.020587,599618675969100646,-151.00
2025-06-26 14:27:22.020587,599618675969100646,-151.00
2025-06-26 14:27:22.020587,599618675969100646,-146.00
2025-06-26 14:27:22.020587,599618675969100646,-142.00
2025-06-26 14:27:22.020587,599618675969100646,-139.00
2025-06-26 14:27:22.531414,599618676529812945,-132.00
2025-06-26 14:27:22.531414,599618676529812945,-122.00
2025-06-26 14:27:22.531414,599618676529812945,-115.00
2025-06-26 14:27:22.531414,599618676529812945,-112.00
2025-06-26 14:27:22.531414,599618676529812945,-107.00
2025-06-26 14:27:22.531414,599618676529812945,-100.00
2025-06-26 14:27:22.531414,599618676529812945,-95.00
2025-06-26 14:27:22.531414,599618676529812945,-88.00
2025-06-26 14:27:22.531414,599618676529812945,-80.00
2025-06-26 14:27:22.531414,599618676529812945,-78.00
2025-06-26 14:27:22.531414,599618676529812945,-78.00
2025-06-26 14:27:22.531414,599618676529812945,-71.00
2025-06-26 14:27:22.531414,599618676529812945,-66.00
2025-06-26 14:27:22.531414,599618676529812945,-68.00
2025-06-26 14:27:22.531414,599618676529812945,-68.00
2025-06-26 14:27:22.531414,599618676529812945,-66.00
2025-06-26 14:27:22.531414,599618676529812945,-61.00
2025-06-26 14:27:22.531414,599618676529812945,-58.00
2025-06-26 14:27:22.531414,599618676529812945,-61.00
2025-06-26 14:27:22.531414,599618676529812945,-58.00
2025-06-26 14:27:22.531414,599618676529812945,-58.00
2025-06-26 14:27:22.531414,599618676529812945,-56.00
2025-06-26 14:27:22.531414,599618676529812945,-56.00
2025-06-26 14:27:22.531414,599618676529812945,-56.00
2025-06-26 14:27:22.531414,599618676529812945,-56.00
2025-06-26 14:27:22.531414,599618676529812945,-53.00
2025-06-26 14:27:22.531414,599618676529812945,-53.00
2025-06-26 14:27:22.531414,599618676529812945,-51.00
2025-06-26 14:27:22.531414,599618676529812945,-48.00
2025-06-26 14:27:22.531414,599618676529812945,-48.00
2025-06-26 14:27:22.531414,599618676529812945,-46.00
2025-06-26 14:27:22.531414,599618676529812945,-44.00
2025-06-26 14:27:22.531414,599618676529812945,-41.00
2025-06-26 14:27:22.531414,599618676529812945,-41.00
2025-06-26 14:27:22.531414,599618676529812945,-41.00
2025-06-26 14:27:22.531414,599618676529812945,-44.00
2025-06-26 14:27:22.531414,599618676529812945,-48.00
2025-06-26 14:27:22.531414,599618676529812945,-44.00
2025-06-26 14:27:22.531414,599618676529812945,-24.00
2025-06-26 14:27:22.531414,599618676529812945,0.00
2025-06-26 14:27:22.531414,599618676529812945,4.00
2025-06-26 14:27:22.531414,599618676529812945,-9.00
2025-06-26 14:27:22.531414,599618676529812945,-17.00
2025-06-26 14:27:22.531414,599618676529812945,-14.00
2025-06-26 14:27:22.531414,599618676529812945,-19.00
2025-06-26 14:27:22.531414,599618676529812945,-29.00
2025-06-26 14:27:22.531414,599618676529812945,-31.00
2025-06-26 14:27:22.531414,599618676529812945,-34.00
2025-06-26 14:27:22.531414,599618676529812945,-31.00
2025-06-26 14:27:22.531414,599618676529812945,-26.00
2025-06-26 14:27:22.531414,599618676529812945,-26.00
2025-06-26 14:27:22.531414,599618676529812945,-34.00
2025-06-26 14:27:22.531414,599618676529812945,-34.00
2025-06-26 14:27:22.531414,599618676529812945,44.00
2025-06-26 14:27:22.531414,599618676529812945,257.00
2025-06-26 14:27:22.531414,599618676529812945,556.00
2025-06-26 14:27:22.531414,599618676529812945,752.00
2025-06-26 14:27:22.531414,599618676529812945,573.00
2025-06-26 14:27:22.531414,599618676529812945,41.00
2025-06-26 14:27:22.531414,599618676529812945,-269.00
2025-06-26 14:27:22.531414,599618676529812945,-93.00
2025-06-26 14:27:22.531414,599618676529812945,31.00
2025-06-26 14:27:22.531414,599618676529812945,-80.00
2025-06-26 14:27:22.531414,599618676529812945,-95.00
2025-06-26 14:27:22.531414,599618676529812945,-36.00
2025-06-26 14:27:22.531414,599618676529812945,-48.00
2025-06-26 14:27:22.531414,599618676529812945,-56.00
2025-06-26 14:27:22.531414,599618676529812945,-29.00
2025-06-26 14:27:22.531414,599618676529812945,-19.00
2025-06-26 14:27:22.531414,599618676529812945,-19.00
2025-06-26 14:27:22.531414,599618676529812945,-7.00
2025-06-26 14:27:22.531414,599618676529812945,2.00
2025-06-26 14:27:22.531414,599618676529812945,9.00
2025-06-26 14:27:23.071197,599618677090525246,22.00
2025-06-26 14:27:23.071197,599618677090525246,34.00
2025-06-26 14:27:23.071197,599618677090525246,41.00
2025-06-26 14:27:23.071197,599618677090525246,51.00
2025-06-26 14:27:23.071197,599618677090525246,63.00
2025-06-26 14:27:23.071197,599618677090525246,78.00
2025-06-26 14:27:23.071197,599618677090525246,90.00
2025-06-26 14:27:23.071197,599618677090525246,102.00
2025-06-26 14:27:23.071197,599618677090525246,115.00
2025-06-26 14:27:23.071197,599618677090525246,124.00
2025-06-26 14:27:23.071197,599618677090525246,132.00
2025-06-26 14:27:23.071197,599618677090525246,137.00
2025-06-26 14:27:23.071197,599618677090525246,139.00
2025-06-26 14:27:23.071197,599618677090525246,132.00
2025-06-26 14:27:23.071197,599618677090525246,112.00
2025-06-26 14:27:23.071197,599618677090525246,78.00
2025-06-26 14:27:23.071197,599618677090525246,34.00
2025-06-26 14:27:23.071197,599618677090525246,-9.00
2025-06-26 14:27:23.071197,599618677090525246,-51.00
2025-06-26 14:27:23.071197,599618677090525246,-80.00
2025-06-26 14:27:23.071197,599618677090525246,-100.00
2025-06-26 14:27:23.071197,599618677090525246,-112.00
2025-06-26 14:27:23.071197,599618677090525246,-115.00
2025-06-26 14:27:23.071197,599618677090525246,-115.00
2025-06-26 14:27:23.071197,599618677090525246,-110.00
2025-06-26 14:27:23.071197,599618677090525246,-105.00
2025-06-26 14:27:23.071197,599618677090525246,-100.00
2025-06-26 14:27:23.071197,599618677090525246,-93.00
2025-06-26 14:27:23.071197,599618677090525246,-88.00
2025-06-26 14:27:23.071197,599618677090525246,-83.00
2025-06-26 14:27:23.071197,599618677090525246,-75.00
2025-06-26 14:27:23.071197,599618677090525246,-73.00
2025-06-26 14:27:23.071197,599618677090525246,-71.00
2025-06-26 14:27:23.071197,599618677090525246,-68.00
2025-06-26 14:27:23.071197,599618677090525246,-66.00
2025-06-26 14:27:23.071197,599618677090525246,-63.00
2025-06-26 14:27:23.071197,599618677090525246,-61.00
2025-06-26 14:27:23.071197,599618677090525246,-56.00
2025-06-26 14:27:23.071197,599618677090525246,-56.00
2025-06-26 14:27:23.071197,599618677090525246,-56.00
2025-06-26 14:27:23.071197,599618677090525246,-53.00
2025-06-26 14:27:23.071197,599618677090525246,-53.00
2025-06-26 14:27:23.071197,599618677090525246,-56.00
2025-06-26 14:27:23.071197,599618677090525246,-53.00
2025-06-26 14:27:23.071197,599618677090525246,-51.00
2025-06-26 14:27:23.071197,599618677090525246,-53.00
2025-06-26 14:27:23.071197,599618677090525246,-53.00
2025-06-26 14:27:23.071197,599618677090525246,-53.00
2025-06-26 14:27:23.071197,599618677090525246,-51.00
2025-06-26 14:27:23.071197,599618677090525246,-51.00
2025-06-26 14:27:23.071197,599618677090525246,-51.00
2025-06-26 14:27:23.071197,599618677090525246,-51.00
2025-06-26 14:27:23.071197,599618677090525246,-48.00
2025-06-26 14:27:23.071197,599618677090525246,-48.00
2025-06-26 14:27:23.071197,599618677090525246,-48.00
2025-06-26 14:27:23.071197,599618677090525246,-46.00
2025-06-26 14:27:23.071197,599618677090525246,-41.00
2025-06-26 14:27:23.071197,599618677090525246,-44.00
2025-06-26 14:27:23.071197,599618677090525246,-41.00
2025-06-26 14:27:23.071197,599618677090525246,-39.00
2025-06-26 14:27:23.071197,599618677090525246,-39.00
2025-06-26 14:27:23.071197,599618677090525246,-39.00
2025-06-26 14:27:23.071197,599618677090525246,-39.00
2025-06-26 14:27:23.071197,599618677090525246,-36.00
2025-06-26 14:27:23.071197,599618677090525246,-36.00
2025-06-26 14:27:23.071197,599618677090525246,-36.00
2025-06-26 14:27:23.071197,599618677090525246,-36.00
2025-06-26 14:27:23.071197,599618677090525246,-36.00
2025-06-26 14:27:23.071197,599618677090525246,-39.00
2025-06-26 14:27:23.071197,599618677090525246,-44.00
2025-06-26 14:27:23.071197,599618677090525246,-41.00
2025-06-26 14:27:23.071197,599618677090525246,-26.00
2025-06-26 14:27:23.071197,599618677090525246,-4.00
2025-06-26 14:27:23.640643,599618677651222287,4.00
2025-06-26 14:27:23.640643,599618677651222287,-7.00
2025-06-26 14:27:23.640643,599618677651222287,-19.00
2025-06-26 14:27:23.640643,599618677651222287,-17.00
2025-06-26 14:27:23.640643,599618677651222287,-24.00
2025-06-26 14:27:23.640643,599618677651222287,-36.00
2025-06-26 14:27:23.640643,599618677651222287,-39.00
2025-06-26 14:27:23.640643,599618677651222287,-39.00
2025-06-26 14:27:23.640643,599618677651222287,-41.00
2025-06-26 14:27:23.640643,599618677651222287,-39.00
2025-06-26 14:27:23.640643,599618677651222287,-36.00
2025-06-26 14:27:23.640643,599618677651222287,-41.00
2025-06-26 14:27:23.640643,599618677651222287,-44.00
2025-06-26 14:27:23.640643,599618677651222287,26.00
2025-06-26 14:27:23.640643,599618677651222287,232.00
2025-06-26 14:27:23.640643,599618677651222287,521.00
2025-06-26 14:27:23.640643,599618677651222287,705.00
2025-06-26 14:27:23.640643,599618677651222287,521.00
2025-06-26 14:27:23.640643,599618677651222287,17.00
2025-06-26 14:27:23.640643,599618677651222287,-267.00
2025-06-26 14:27:23.640643,599618677651222287,-102.00
2025-06-26 14:27:23.640643,599618677651222287,2.00
2025-06-26 14:27:23.640643,599618677651222287,-100.00
2025-06-26 14:27:23.640643,599618677651222287,-110.00
2025-06-26 14:27:23.640643,599618677651222287,-58.00
2025-06-26 14:27:23.640643,599618677651222287,-71.00
2025-06-26 14:27:23.640643,599618677651222287,-75.00
2025-06-26 14:27:23.640643,599618677651222287,-48.00
2025-06-26 14:27:23.640643,599618677651222287,-41.00
2025-06-26 14:27:23.640643,599618677651222287,-36.00
2025-06-26 14:27:23.640643,599618677651222287,-24.00
2025-06-26 14:27:23.640643,599618677651222287,-14.00
2025-06-26 14:27:23.640643,599618677651222287,-12.00
2025-06-26 14:27:23.640643,599618677651222287,-2.00
2025-06-26 14:27:23.640643,599618677651222287,7.00
2025-06-26 14:27:23.640643,599618677651222287,14.00
2025-06-26 14:27:23.640643,599618677651222287,24.00
2025-06-26 14:27:23.640643,599618677651222287,34.00
2025-06-26 14:27:23.640643,599618677651222287,41.00
2025-06-26 14:27:23.640643,599618677651222287,53.00
2025-06-26 14:27:23.640643,599618677651222287,63.00
2025-06-26 14:27:23.640643,599618677651222287,73.00
2025-06-26 14:27:23.640643,599618677651222287,80.00
2025-06-26 14:27:23.640643,599618677651222287,85.00
2025-06-26 14:27:23.640643,599618677651222287,88.00
2025-06-26 14:27:23.640643,599618677651222287,90.00
2025-06-26 14:27:23.640643,599618677651222287,88.00
2025-06-26 14:27:23.640643,599618677651222287,73.00
2025-06-26 14:27:23.640643,599618677651222287,46.00
2025-06-26 14:27:23.640643,599618677651222287,7.00
2025-06-26 14:27:23.640643,599618677651222287,-34.00
2025-06-26 14:27:23.640643,599618677651222287,-71.00
2025-06-26 14:27:23.640643,599618677651222287,-100.00
2025-06-26 14:27:23.640643,599618677651222287,-117.00
2025-06-26 14:27:23.640643,599618677651222287,-127.00
2025-06-26 14:27:23.640643,599618677651222287,-132.00
2025-06-26 14:27:23.640643,599618677651222287,-132.00
2025-06-26 14:27:23.640643,599618677651222287,-127.00
2025-06-26 14:27:23.640643,599618677651222287,-122.00
2025-06-26 14:27:23.640643,599618677651222287,-117.00
2025-06-26 14:27:23.640643,599618677651222287,-110.00
2025-06-26 14:27:23.640643,599618677651222287,-102.00
2025-06-26 14:27:23.640643,599618677651222287,-97.00
2025-06-26 14:27:23.640643,599618677651222287,-95.00
2025-06-26 14:27:23.640643,599618677651222287,-90.00
2025-06-26 14:27:23.640643,599618677651222287,-88.00
2025-06-26 14:27:23.640643,599618677651222287,-83.00
2025-06-26 14:27:23.640643,599618677651222287,-80.00
2025-06-26 14:27:23.640643,599618677651222287,-78.00
2025-06-26 14:27:23.640643,599618677651222287,-75.00
2025-06-26 14:27:23.640643,599618677651222287,-73.00
2025-06-26 14:27:23.640643,599618677651222287,-73.00
2025-06-26 14:27:23.640643,599618677651222287,-73.00
2025-06-26 14:27:24.180639,599618678211949844,-71.00
2025-06-26 14:27:24.180639,599618678211949844,-71.00
2025-06-26 14:27:24.180639,599618678211949844,-71.00
2025-06-26 14:27:24.180639,599618678211949844,-68.00
2025-06-26 14:27:24.180639,599618678211949844,-68.00
2025-06-26 14:27:24.180639,599618678211949844,-68.00
2025-06-26 14:27:24.180639,599618678211949844,-66.00
2025-06-26 14:27:24.180639,599618678211949844,-61.00
2025-06-26 14:27:24.180639,599618678211949844,-58.00
2025-06-26 14:27:24.180639,599618678211949844,-58.00
2025-06-26 14:27:24.180639,599618678211949844,-56.00
2025-06-26 14:27:24.180639,599618678211949844,-53.00
2025-06-26 14:27:24.180639,599618678211949844,-53.00
2025-06-26 14:27:24.180639,599618678211949844,-53.00
2025-06-26 14:27:24.180639,599618678211949844,-53.00
2025-06-26 14:27:24.180639,599618678211949844,-53.00
2025-06-26 14:27:24.180639,599618678211949844,-53.00
2025-06-26 14:27:24.180639,599618678211949844,-51.00
2025-06-26 14:27:24.180639,599618678211949844,-51.00
2025-06-26 14:27:24.180639,599618678211949844,-51.00
2025-06-26 14:27:24.180639,599618678211949844,-48.00
2025-06-26 14:27:24.180639,599618678211949844,-48.00
2025-06-26 14:27:24.180639,599618678211949844,-48.00
2025-06-26 14:27:24.180639,599618678211949844,-46.00
2025-06-26 14:27:24.180639,599618678211949844,-48.00
2025-06-26 14:27:24.180639,599618678211949844,-51.00
2025-06-26 14:27:24.180639,599618678211949844,-51.00
2025-06-26 14:27:24.180639,599618678211949844,-48.00
2025-06-26 14:27:24.180639,599618678211949844,-51.00
2025-06-26 14:27:24.180639,599618678211949844,-51.00
2025-06-26 14:27:24.180639,599618678211949844,-51.00
2025-06-26 14:27:24.180639,599618678211949844,-53.00
2025-06-26 14:27:24.180639,599618678211949844,-53.00
2025-06-26 14:27:24.180639,599618678211949844,-58.00
2025-06-26 14:27:24.180639,599618678211949844,-58.00
2025-06-26 14:27:24.180639,599618678211949844,-48.00
2025-06-26 14:27:24.180639,599618678211949844,-29.00
2025-06-26 14:27:24.180639,599618678211949844,-14.00
2025-06-26 14:27:24.180639,599618678211949844,-19.00
2025-06-26 14:27:24.180639,599618678211949844,-31.00
2025-06-26 14:27:24.180639,599618678211949844,-36.00
2025-06-26 14:27:24.180639,599618678211949844,-41.00
2025-06-26 14:27:24.180639,599618678211949844,-53.00
2025-06-26 14:27:24.180639,599618678211949844,-63.00
2025-06-26 14:27:24.180639,599618678211949844,-63.00
2025-06-26 14:27:24.180639,599618678211949844,-66.00
2025-06-26 14:27:24.180639,599618678211949844,-63.00
2025-06-26 14:27:24.180639,599618678211949844,-61.00
2025-06-26 14:27:24.180639,599618678211949844,-68.00
2025-06-26 14:27:24.180639,599618678211949844,-68.00
2025-06-26 14:27:24.180639,599618678211949844,2.00
2025-06-26 14:27:24.180639,599618678211949844,205.00
2025-06-26 14:27:24.180639,599618678211949844,482.00
2025-06-26 14:27:24.180639,599618678211949844,649.00
2025-06-26 14:27:24.180639,599618678211949844,487.00
2025-06-26 14:27:24.180639,599618678211949844,22.00
2025-06-26 14:27:24.180639,599618678211949844,-284.00
2025-06-26 14:27:24.180639,599618678211949844,-164.00
2025-06-26 14:27:24.180639,599618678211949844,-36.00
2025-06-26 14:27:24.180639,599618678211949844,-112.00
2025-06-26 14:27:24.180639,599618678211949844,-132.00
2025-06-26 14:27:24.180639,599618678211949844,-88.00
2025-06-26 14:27:24.180639,599618678211949844,-95.00
2025-06-26 14:27:24.180639,599618678211949844,-102.00
2025-06-26 14:27:24.180639,599618678211949844,-80.00
2025-06-26 14:27:24.180639,599618678211949844,-73.00
2025-06-26 14:27:24.180639,599618678211949844,-73.00
2025-06-26 14:27:24.180639,599618678211949844,-61.00
2025-06-26 14:27:24.180639,599618678211949844,-51.00
2025-06-26 14:27:24.180639,599618678211949844,-44.00
2025-06-26 14:27:24.180639,599618678211949844,-36.00
2025-06-26 14:27:24.180639,599618678211949844,-24.00
2025-06-26 14:27:24.180639,599618678211949844,-14.00
2025-06-26 14:27:24.811045,599618678772646889,-7.00
2025-06-26 14:27:24.811045,599618678772646889,4.00
2025-06-26 14:27:24.811045,599618678772646889,17.00
2025-06-26 14:27:24.811045,599618678772646889,24.00
2025-06-26 14:27:24.811045,599618678772646889,31.00
2025-06-26 14:27:24.811045,599618678772646889,46.00
2025-06-26 14:27:24.811045,599618678772646889,56.00
2025-06-26 14:27:24.811045,599618678772646889,56.00
2025-06-26 14:27:24.811045,599618678772646889,63.00
2025-06-26 14:27:24.811045,599618678772646889,68.00
2025-06-26 14:27:24.811045,599618678772646889,58.00
2025-06-26 14:27:24.811045,599618678772646889,48.00
2025-06-26 14:27:24.811045,599618678772646889,26.00
2025-06-26 14:27:24.811045,599618678772646889,-9.00
2025-06-26 14:27:24.811045,599618678772646889,-48.00
2025-06-26 14:27:24.811045,599618678772646889,-85.00
2025-06-26 14:27:24.811045,599618678772646889,-117.00
2025-06-26 14:27:24.811045,599618678772646889,-137.00
2025-06-26 14:27:24.811045,599618678772646889,-144.00
2025-06-26 14:27:24.811045,599618678772646889,-151.00
2025-06-26 14:27:24.811045,599618678772646889,-156.00
2025-06-26 14:27:24.811045,599618678772646889,-151.00
2025-06-26 14:27:24.811045,599618678772646889,-149.00
2025-06-26 14:27:24.811045,599618678772646889,-144.00
2025-06-26 14:27:24.811045,599618678772646889,-139.00
2025-06-26 14:27:24.811045,599618678772646889,-132.00
2025-06-26 14:27:24.811045,599618678772646889,-127.00
2025-06-26 14:27:24.811045,599618678772646889,-124.00
2025-06-26 14:27:24.811045,599618678772646889,-117.00
2025-06-26 14:27:24.811045,599618678772646889,-112.00
2025-06-26 14:27:24.811045,599618678772646889,-112.00
2025-06-26 14:27:24.811045,599618678772646889,-110.00
2025-06-26 14:27:24.811045,599618678772646889,-107.00
2025-06-26 14:27:24.811045,599618678772646889,-105.00
2025-06-26 14:27:24.811045,599618678772646889,-102.00
2025-06-26 14:27:24.811045,599618678772646889,-100.00
2025-06-26 14:27:24.811045,599618678772646889,-95.00
2025-06-26 14:27:24.811045,599618678772646889,-95.00
2025-06-26 14:27:24.811045,599618678772646889,-97.00
2025-06-26 14:27:24.811045,599618678772646889,-97.00
2025-06-26 14:27:24.811045,599618678772646889,-93.00
2025-06-26 14:27:24.811045,599618678772646889,-90.00
2025-06-26 14:27:24.811045,599618678772646889,-90.00
2025-06-26 14:27:24.811045,599618678772646889,-90.00
2025-06-26 14:27:24.811045,599618678772646889,-88.00
2025-06-26 14:27:24.811045,599618678772646889,-88.00
2025-06-26 14:27:24.811045,599618678772646889,-83.00
2025-06-26 14:27:24.811045,599618678772646889,-80.00
2025-06-26 14:27:24.811045,599618678772646889,-78.00
2025-06-26 14:27:24.811045,599618678772646889,-75.00
2025-06-26 14:27:24.811045,599618678772646889,-75.00
2025-06-26 14:27:24.811045,599618678772646889,-71.00
2025-06-26 14:27:24.811045,599618678772646889,-68.00
2025-06-26 14:27:24.811045,599618678772646889,-68.00
2025-06-26 14:27:24.811045,599618678772646889,-68.00
2025-06-26 14:27:24.811045,599618678772646889,-66.00
2025-06-26 14:27:24.811045,599618678772646889,-66.00
2025-06-26 14:27:24.811045,599618678772646889,-71.00
2025-06-26 14:27:24.811045,599618678772646889,-66.00
2025-06-26 14:27:24.811045,599618678772646889,-51.00
2025-06-26 14:27:24.811045,599618678772646889,-26.00
2025-06-26 14:27:24.811045,599618678772646889,-12.00
2025-06-26 14:27:24.811045,599618678772646889,-24.00
2025-06-26 14:27:24.811045,599618678772646889,-36.00
2025-06-26 14:27:24.811045,599618678772646889,-34.00
2025-06-26 14:27:24.811045,599618678772646889,-39.00
2025-06-26 14:27:24.811045,599618678772646889,-48.00
2025-06-26 14:27:24.811045,599618678772646889,-51.00
2025-06-26 14:27:24.811045,599618678772646889,-51.00
2025-06-26 14:27:24.811045,599618678772646889,-48.00
2025-06-26 14:27:24.811045,599618678772646889,-44.00
2025-06-26 14:27:24.811045,599618678772646889,-41.00
2025-06-26 14:27:24.811045,599618678772646889,-48.00
2025-06-26 14:27:25.379611,599618679333343930,-48.00
2025-06-26 14:27:25.379611,599618679333343930,29.00
2025-06-26 14:27:25.379611,599618679333343930,242.00
2025-06-26 14:27:25.379611,599618679333343930,538.00
2025-06-26 14:27:25.379611,599618679333343930,717.00
2025-06-26 14:27:25.379611,599618679333343930,524.00
2025-06-26 14:27:25.379611,599618679333343930,12.00
2025-06-26 14:27:25.379611,599618679333343930,-279.00
2025-06-26 14:27:25.379611,599618679333343930,-122.00
2025-06-26 14:27:25.379611,599618679333343930,-7.00
2025-06-26 14:27:25.379611,599618679333343930,-97.00
2025-06-26 14:27:25.379611,599618679333343930,-107.00
2025-06-26 14:27:25.379611,599618679333343930,-61.00
2025-06-26 14:27:25.379611,599618679333343930,-71.00
2025-06-26 14:27:25.379611,599618679333343930,-73.00
2025-06-26 14:27:25.379611,599618679333343930,-48.00
2025-06-26 14:27:25.379611,599618679333343930,-44.00
2025-06-26 14:27:25.379611,599618679333343930,-41.00
2025-06-26 14:27:25.379611,599618679333343930,-26.00
2025-06-26 14:27:25.379611,599618679333343930,-17.00
2025-06-26 14:27:25.379611,599618679333343930,-17.00
2025-06-26 14:27:25.379611,599618679333343930,-4.00
2025-06-26 14:27:25.379611,599618679333343930,14.00
2025-06-26 14:27:25.379611,599618679333343930,26.00
2025-06-26 14:27:25.379611,599618679333343930,26.00
2025-06-26 14:27:25.379611,599618679333343930,36.00
2025-06-26 14:27:25.379611,599618679333343930,46.00
2025-06-26 14:27:25.379611,599618679333343930,51.00
2025-06-26 14:27:25.379611,599618679333343930,58.00
2025-06-26 14:27:25.379611,599618679333343930,71.00
2025-06-26 14:27:25.379611,599618679333343930,75.00
2025-06-26 14:27:25.379611,599618679333343930,78.00
2025-06-26 14:27:25.379611,599618679333343930,78.00
2025-06-26 14:27:25.379611,599618679333343930,75.00
2025-06-26 14:27:25.379611,599618679333343930,61.00
2025-06-26 14:27:25.379611,599618679333343930,31.00
2025-06-26 14:27:25.379611,599618679333343930,-14.00
2025-06-26 14:27:25.379611,599618679333343930,-56.00
2025-06-26 14:27:25.379611,599618679333343930,-95.00
2025-06-26 14:27:25.379611,599618679333343930,-134.00
2025-06-26 14:27:25.379611,599618679333343930,-161.00
2025-06-26 14:27:25.379611,599618679333343930,-176.00
2025-06-26 14:27:25.379611,599618679333343930,-186.00
2025-06-26 14:27:25.379611,599618679333343930,-191.00
2025-06-26 14:27:25.379611,599618679333343930,-193.00
2025-06-26 14:27:25.379611,599618679333343930,-188.00
2025-06-26 14:27:25.379611,599618679333343930,-186.00
2025-06-26 14:27:25.379611,599618679333343930,-191.00
2025-06-26 14:27:25.379611,599618679333343930,-186.00
2025-06-26 14:27:25.379611,599618679333343930,-171.00
2025-06-26 14:27:25.379611,599618679333343930,-161.00
2025-06-26 14:27:25.379611,599618679333343930,-159.00
2025-06-26 14:27:25.379611,599618679333343930,-154.00
2025-06-26 14:27:25.379611,599618679333343930,-144.00
2025-06-26 14:27:25.379611,599618679333343930,-139.00
2025-06-26 14:27:25.379611,599618679333343930,-142.00
2025-06-26 14:27:25.379611,599618679333343930,-139.00
2025-06-26 14:27:25.379611,599618679333343930,-129.00
2025-06-26 14:27:25.379611,599618679333343930,-127.00
2025-06-26 14:27:25.379611,599618679333343930,-134.00
2025-06-26 14:27:25.379611,599618679333343930,-129.00
2025-06-26 14:27:25.379611,599618679333343930,-122.00
2025-06-26 14:27:25.379611,599618679333343930,-129.00
2025-06-26 14:27:25.379611,599618679333343930,-132.00
2025-06-26 14:27:25.379611,599618679333343930,-122.00
2025-06-26 14:27:25.379611,599618679333343930,-120.00
2025-06-26 14:27:25.379611,599618679333343930,-124.00
2025-06-26 14:27:25.379611,599618679333343930,-124.00
2025-06-26 14:27:25.379611,599618679333343930,-122.00
2025-06-26 14:27:25.379611,599618679333343930,-115.00
2025-06-26 14:27:25.379611,599618679333343930,-117.00
2025-06-26 14:27:25.379611,599618679333343930,-120.00
2025-06-26 14:27:25.379611,599618679333343930,-115.00
2025-06-26 14:27:25.891268,599618679894071489,-110.00
2025-06-26 14:27:25.891268,599618679894071489,-110.00
2025-06-26 14:27:25.891268,599618679894071489,-110.00
2025-06-26 14:27:25.891268,599618679894071489,-107.00
2025-06-26 14:27:25.891268,599618679894071489,-105.00
2025-06-26 14:27:25.891268,599618679894071489,-105.00
2025-06-26 14:27:25.891268,599618679894071489,-105.00
2025-06-26 14:27:25.891268,599618679894071489,-107.00
2025-06-26 14:27:25.891268,599618679894071489,-107.00
2025-06-26 14:27:25.891268,599618679894071489,-107.00
2025-06-26 14:27:25.891268,599618679894071489,-95.00
2025-06-26 14:27:25.891268,599618679894071489,-66.00
2025-06-26 14:27:25.891268,599618679894071489,-44.00
2025-06-26 14:27:25.891268,599618679894071489,-48.00
2025-06-26 14:27:25.891268,599618679894071489,-68.00
2025-06-26 14:27:25.891268,599618679894071489,-68.00
2025-06-26 14:27:25.891268,599618679894071489,-63.00
2025-06-26 14:27:25.891268,599618679894071489,-68.00
2025-06-26 14:27:25.891268,599618679894071489,-75.00
2025-06-26 14:27:25.891268,599618679894071489,-75.00
2025-06-26 14:27:25.891268,599618679894071489,-73.00
2025-06-26 14:27:25.891268,599618679894071489,-68.00
2025-06-26 14:27:25.891268,599618679894071489,-63.00
2025-06-26 14:27:25.891268,599618679894071489,-66.00
2025-06-26 14:27:25.891268,599618679894071489,-71.00
2025-06-26 14:27:25.891268,599618679894071489,-12.00
2025-06-26 14:27:25.891268,599618679894071489,178.00
2025-06-26 14:27:25.891268,599618679894071489,485.00
2025-06-26 14:27:25.891268,599618679894071489,754.00
2025-06-26 14:27:25.891268,599618679894071489,710.00
2025-06-26 14:27:25.891268,599618679894071489,213.00
2025-06-26 14:27:25.891268,599618679894071489,-264.00
2025-06-26 14:27:25.891268,599618679894071489,-198.00
2025-06-26 14:27:25.891268,599618679894071489,0.00
2025-06-26 14:27:25.891268,599618679894071489,-71.00
2025-06-26 14:27:25.891268,599618679894071489,-127.00
2025-06-26 14:27:25.891268,599618679894071489,-66.00
2025-06-26 14:27:25.891268,599618679894071489,-58.00
2025-06-26 14:27:25.891268,599618679894071489,-75.00
2025-06-26 14:27:25.891268,599618679894071489,-53.00
2025-06-26 14:27:25.891268,599618679894071489,-39.00
2025-06-26 14:27:25.891268,599618679894071489,-41.00
2025-06-26 14:27:25.891268,599618679894071489,-29.00
2025-06-26 14:27:25.891268,599618679894071489,-12.00
2025-06-26 14:27:25.891268,599618679894071489,-4.00
2025-06-26 14:27:25.891268,599618679894071489,2.00
2025-06-26 14:27:25.891268,599618679894071489,9.00
2025-06-26 14:27:25.891268,599618679894071489,19.00
2025-06-26 14:27:25.891268,599618679894071489,29.00
2025-06-26 14:27:25.891268,599618679894071489,39.00
2025-06-26 14:27:25.891268,599618679894071489,53.00
2025-06-26 14:27:25.891268,599618679894071489,66.00
2025-06-26 14:27:25.891268,599618679894071489,73.00
2025-06-26 14:27:25.891268,599618679894071489,83.00
2025-06-26 14:27:25.891268,599618679894071489,93.00
2025-06-26 14:27:25.891268,599618679894071489,97.00
2025-06-26 14:27:25.891268,599618679894071489,100.00
2025-06-26 14:27:25.891268,599618679894071489,97.00
2025-06-26 14:27:25.891268,599618679894071489,93.00
2025-06-26 14:27:25.891268,599618679894071489,73.00
2025-06-26 14:27:25.891268,599618679894071489,36.00
2025-06-26 14:27:25.891268,599618679894071489,-7.00
2025-06-26 14:27:25.891268,599618679894071489,-51.00
2025-06-26 14:27:25.891268,599618679894071489,-93.00
2025-06-26 14:27:25.891268,599618679894071489,-124.00
2025-06-26 14:27:25.891268,599618679894071489,-144.00
2025-06-26 14:27:25.891268,599618679894071489,-156.00
2025-06-26 14:27:25.891268,599618679894071489,-159.00
2025-06-26 14:27:25.891268,599618679894071489,-156.00
2025-06-26 14:27:25.891268,599618679894071489,-156.00
2025-06-26 14:27:25.891268,599618679894071489,-156.00
2025-06-26 14:27:25.891268,599618679894071489,-151.00
2025-06-26 14:27:25.891268,599618679894071489,-146.00
2025-06-26 14:27:26.431501,599618680454768530,-139.00
2025-06-26 14:27:26.431501,599618680454768530,-134.00
2025-06-26 14:27:26.431501,599618680454768530,-127.00
2025-06-26 14:27:26.431501,599618680454768530,-122.00
2025-06-26 14:27:26.431501,599618680454768530,-117.00
2025-06-26 14:27:26.431501,599618680454768530,-112.00
2025-06-26 14:27:26.431501,599618680454768530,-105.00
2025-06-26 14:27:26.431501,599618680454768530,-100.00
2025-06-26 14:27:26.431501,599618680454768530,-97.00
2025-06-26 14:27:26.431501,599618680454768530,-93.00
2025-06-26 14:27:26.431501,599618680454768530,-93.00
2025-06-26 14:27:26.431501,599618680454768530,-93.00
2025-06-26 14:27:26.431501,599618680454768530,-90.00
2025-06-26 14:27:26.431501,599618680454768530,-88.00
2025-06-26 14:27:26.431501,599618680454768530,-88.00
2025-06-26 14:27:26.431501,599618680454768530,-88.00
2025-06-26 14:27:26.431501,599618680454768530,-90.00
2025-06-26 14:27:26.431501,599618680454768530,-90.00
2025-06-26 14:27:26.431501,599618680454768530,-88.00
2025-06-26 14:27:26.431501,599618680454768530,-85.00
2025-06-26 14:27:26.431501,599618680454768530,-85.00
2025-06-26 14:27:26.431501,599618680454768530,-88.00
2025-06-26 14:27:26.431501,599618680454768530,-88.00
2025-06-26 14:27:26.431501,599618680454768530,-83.00
2025-06-26 14:27:26.431501,599618680454768530,-83.00
2025-06-26 14:27:26.431501,599618680454768530,-83.00
2025-06-26 14:27:26.431501,599618680454768530,-83.00
2025-06-26 14:27:26.431501,599618680454768530,-78.00
2025-06-26 14:27:26.431501,599618680454768530,-75.00
2025-06-26 14:27:26.431501,599618680454768530,-75.00
2025-06-26 14:27:26.431501,599618680454768530,-78.00
2025-06-26 14:27:26.431501,599618680454768530,-80.00
2025-06-26 14:27:26.431501,599618680454768530,-83.00
2025-06-26 14:27:26.431501,599618680454768530,-85.00
2025-06-26 14:27:26.431501,599618680454768530,-71.00
2025-06-26 14:27:26.431501,599618680454768530,-44.00
2025-06-26 14:27:26.431501,599618680454768530,-29.00
2025-06-26 14:27:26.431501,599618680454768530,-41.00
2025-06-26 14:27:26.431501,599618680454768530,-56.00
2025-06-26 14:27:26.431501,599618680454768530,-56.00
2025-06-26 14:27:26.431501,599618680454768530,-56.00
2025-06-26 14:27:26.431501,599618680454768530,-66.00
2025-06-26 14:27:26.431501,599618680454768530,-73.00
2025-06-26 14:27:26.431501,599618680454768530,-73.00
2025-06-26 14:27:26.431501,599618680454768530,-75.00
2025-06-26 14:27:26.431501,599618680454768530,-73.00
2025-06-26 14:27:26.431501,599618680454768530,-71.00
2025-06-26 14:27:26.431501,599618680454768530,-73.00
2025-06-26 14:27:26.431501,599618680454768530,-83.00
2025-06-26 14:27:26.431501,599618680454768530,-29.00
2025-06-26 14:27:26.431501,599618680454768530,169.00
2025-06-26 14:27:26.431501,599618680454768530,480.00
2025-06-26 14:27:26.431501,599618680454768530,744.00
2025-06-26 14:27:26.431501,599618680454768530,688.00
2025-06-26 14:27:26.431501,599618680454768530,171.00
2025-06-26 14:27:26.431501,599618680454768530,-296.00
2025-06-26 14:27:26.431501,599618680454768530,-203.00
2025-06-26 14:27:26.431501,599618680454768530,-7.00
2025-06-26 14:27:26.431501,599618680454768530,-95.00
2025-06-26 14:27:26.431501,599618680454768530,-144.00
2025-06-26 14:27:26.431501,599618680454768530,-80.00
2025-06-26 14:27:26.431501,599618680454768530,-80.00
2025-06-26 14:27:26.431501,599618680454768530,-97.00
2025-06-26 14:27:26.431501,599618680454768530,-73.00
2025-06-26 14:27:26.431501,599618680454768530,-58.00
2025-06-26 14:27:26.431501,599618680454768530,-61.00
2025-06-26 14:27:26.431501,599618680454768530,-48.00
2025-06-26 14:27:26.431501,599618680454768530,-34.00
2025-06-26 14:27:26.431501,599618680454768530,-26.00
2025-06-26 14:27:26.431501,599618680454768530,-22.00
2025-06-26 14:27:26.431501,599618680454768530,-12.00
2025-06-26 14:27:26.431501,599618680454768530,0.00
2025-06-26 14:27:26.431501,599618680454768530,9.00
2025-06-26 14:27:27.002474,599618681015465571,24.00
2025-06-26 14:27:27.002474,599618681015465571,36.00
2025-06-26 14:27:27.002474,599618681015465571,46.00
2025-06-26 14:27:27.002474,599618681015465571,56.00
2025-06-26 14:27:27.002474,599618681015465571,71.00
2025-06-26 14:27:27.002474,599618681015465571,80.00
2025-06-26 14:27:27.002474,599618681015465571,85.00
2025-06-26 14:27:27.002474,599618681015465571,90.00
2025-06-26 14:27:27.002474,599618681015465571,90.00
2025-06-26 14:27:27.002474,599618681015465571,85.00
2025-06-26 14:27:27.002474,599618681015465571,66.00
2025-06-26 14:27:27.002474,599618681015465571,31.00
2025-06-26 14:27:27.002474,599618681015465571,-17.00
2025-06-26 14:27:27.002474,599618681015465571,-63.00
2025-06-26 14:27:27.002474,599618681015465571,-100.00
2025-06-26 14:27:27.002474,599618681015465571,-129.00
2025-06-26 14:27:27.002474,599618681015465571,-154.00
2025-06-26 14:27:27.002474,599618681015465571,-164.00
2025-06-26 14:27:27.002474,599618681015465571,-164.00
2025-06-26 14:27:27.002474,599618681015465571,-164.00
2025-06-26 14:27:27.002474,599618681015465571,-166.00
2025-06-26 14:27:27.002474,599618681015465571,-164.00
2025-06-26 14:27:27.002474,599618681015465571,-159.00
2025-06-26 14:27:27.002474,599618681015465571,-156.00
2025-06-26 14:27:27.002474,599618681015465571,-149.00
2025-06-26 14:27:27.002474,599618681015465571,-142.00
2025-06-26 14:27:27.002474,599618681015465571,-137.00
2025-06-26 14:27:27.002474,599618681015465571,-132.00
2025-06-26 14:27:27.002474,599618681015465571,-124.00
2025-06-26 14:27:27.002474,599618681015465571,-120.00
2025-06-26 14:27:27.002474,599618681015465571,-115.00
2025-06-26 14:27:27.002474,599618681015465571,-112.00
2025-06-26 14:27:27.002474,599618681015465571,-110.00
2025-06-26 14:27:27.002474,599618681015465571,-110.00
2025-06-26 14:27:27.002474,599618681015465571,-105.00
2025-06-26 14:27:27.002474,599618681015465571,-102.00
2025-06-26 14:27:27.002474,599618681015465571,-102.00
2025-06-26 14:27:27.002474,599618681015465571,-102.00
2025-06-26 14:27:27.002474,599618681015465571,-105.00
2025-06-26 14:27:27.002474,599618681015465571,-102.00
2025-06-26 14:27:27.002474,599618681015465571,-100.00
2025-06-26 14:27:27.002474,599618681015465571,-102.00
2025-06-26 14:27:27.002474,599618681015465571,-105.00
2025-06-26 14:27:27.002474,599618681015465571,-100.00
2025-06-26 14:27:27.002474,599618681015465571,-100.00
2025-06-26 14:27:27.002474,599618681015465571,-100.00
2025-06-26 14:27:27.002474,599618681015465571,-97.00
2025-06-26 14:27:27.002474,599618681015465571,-97.00
2025-06-26 14:27:27.002474,599618681015465571,-93.00
2025-06-26 14:27:27.002474,599618681015465571,-93.00
2025-06-26 14:27:27.002474,599618681015465571,-90.00
2025-06-26 14:27:27.002474,599618681015465571,-85.00
2025-06-26 14:27:27.002474,599618681015465571,-83.00
2025-06-26 14:27:27.002474,599618681015465571,-83.00
2025-06-26 14:27:27.002474,599618681015465571,-83.00
2025-06-26 14:27:27.002474,599618681015465571,-83.00
2025-06-26 14:27:27.002474,599618681015465571,-85.00
2025-06-26 14:27:27.002474,599618681015465571,-88.00
2025-06-26 14:27:27.002474,599618681015465571,-78.00
2025-06-26 14:27:27.002474,599618681015465571,-58.00
2025-06-26 14:27:27.002474,599618681015465571,-34.00
2025-06-26 14:27:27.002474,599618681015465571,-26.00
2025-06-26 14:27:27.002474,599618681015465571,-41.00
2025-06-26 14:27:27.002474,599618681015465571,-51.00
2025-06-26 14:27:27.002474,599618681015465571,-48.00
2025-06-26 14:27:27.002474,599618681015465571,-53.00
2025-06-26 14:27:27.002474,599618681015465571,-66.00
2025-06-26 14:27:27.002474,599618681015465571,-68.00
2025-06-26 14:27:27.002474,599618681015465571,-66.00
2025-06-26 14:27:27.002474,599618681015465571,-66.00
2025-06-26 14:27:27.002474,599618681015465571,-61.00
2025-06-26 14:27:27.002474,599618681015465571,-56.00
2025-06-26 14:27:27.002474,599618681015465571,-58.00
2025-06-26 14:27:27.601886,599618681576193128,-56.00
2025-06-26 14:27:27.601886,599618681576193128,26.00
2025-06-26 14:27:27.601886,599618681576193128,244.00
2025-06-26 14:27:27.601886,599618681576193128,548.00
2025-06-26 14:27:27.601886,599618681576193128,747.00
2025-06-26 14:27:27.601886,599618681576193128,570.00
2025-06-26 14:27:27.601886,599618681576193128,39.00
2025-06-26 14:27:27.601886,599618681576193128,-279.00
2025-06-26 14:27:27.601886,599618681576193128,-110.00
2025-06-26 14:27:27.601886,599618681576193128,14.00
2025-06-26 14:27:27.601886,599618681576193128,-88.00
2025-06-26 14:27:27.601886,599618681576193128,-100.00
2025-06-26 14:27:27.601886,599618681576193128,-44.00
2025-06-26 14:27:27.601886,599618681576193128,-56.00
2025-06-26 14:27:27.601886,599618681576193128,-63.00
2025-06-26 14:27:27.601886,599618681576193128,-34.00
2025-06-26 14:27:27.601886,599618681576193128,-24.00
2025-06-26 14:27:27.601886,599618681576193128,-22.00
2025-06-26 14:27:27.601886,599618681576193128,-7.00
2025-06-26 14:27:27.601886,599618681576193128,4.00
2025-06-26 14:27:27.601886,599618681576193128,9.00
2025-06-26 14:27:27.601886,599618681576193128,17.00
2025-06-26 14:27:27.601886,599618681576193128,26.00
2025-06-26 14:27:27.601886,599618681576193128,34.00
2025-06-26 14:27:27.601886,599618681576193128,44.00
2025-06-26 14:27:27.601886,599618681576193128,53.00
2025-06-26 14:27:27.601886,599618681576193128,66.00
2025-06-26 14:27:27.601886,599618681576193128,78.00
2025-06-26 14:27:27.601886,599618681576193128,90.00
2025-06-26 14:27:27.601886,599618681576193128,100.00
2025-06-26 14:27:27.601886,599618681576193128,107.00
2025-06-26 14:27:27.601886,599618681576193128,115.00
2025-06-26 14:27:27.601886,599618681576193128,120.00
2025-06-26 14:27:27.601886,599618681576193128,117.00
2025-06-26 14:27:27.601886,599618681576193128,107.00
2025-06-26 14:27:27.601886,599618681576193128,88.00
2025-06-26 14:27:27.601886,599618681576193128,46.00
2025-06-26 14:27:27.601886,599618681576193128,-2.00
2025-06-26 14:27:27.601886,599618681576193128,-46.00
2025-06-26 14:27:27.601886,599618681576193128,-88.00
2025-06-26 14:27:27.601886,599618681576193128,-117.00
2025-06-26 14:27:27.601886,599618681576193128,-134.00
2025-06-26 14:27:27.601886,599618681576193128,-144.00
2025-06-26 14:27:27.601886,599618681576193128,-146.00
2025-06-26 14:27:27.601886,599618681576193128,-144.00
2025-06-26 14:27:27.601886,599618681576193128,-139.00
2025-06-26 14:27:27.601886,599618681576193128,-137.00
2025-06-26 14:27:27.601886,599618681576193128,-134.00
2025-06-26 14:27:27.601886,599618681576193128,-129.00
2025-06-26 14:27:27.601886,599618681576193128,-122.00
2025-06-26 14:27:27.601886,599618681576193128,-117.00
2025-06-26 14:27:27.601886,599618681576193128,-110.00
2025-06-26 14:27:27.601886,599618681576193128,-105.00
2025-06-26 14:27:27.601886,599618681576193128,-100.00
2025-06-26 14:27:27.601886,599618681576193128,-97.00
2025-06-26 14:27:27.601886,599618681576193128,-95.00
2025-06-26 14:27:27.601886,599618681576193128,-93.00
2025-06-26 14:27:27.601886,599618681576193128,-90.00
2025-06-26 14:27:27.601886,599618681576193128,-88.00
2025-06-26 14:27:27.601886,599618681576193128,-85.00
2025-06-26 14:27:27.601886,599618681576193128,-85.00
2025-06-26 14:27:27.601886,599618681576193128,-85.00
2025-06-26 14:27:27.601886,599618681576193128,-85.00
2025-06-26 14:27:27.601886,599618681576193128,-83.00
2025-06-26 14:27:27.601886,599618681576193128,-83.00
2025-06-26 14:27:27.601886,599618681576193128,-83.00
2025-06-26 14:27:27.601886,599618681576193128,-83.00
2025-06-26 14:27:27.601886,599618681576193128,-83.00
2025-06-26 14:27:27.601886,599618681576193128,-83.00
2025-06-26 14:27:27.601886,599618681576193128,-80.00
2025-06-26 14:27:27.601886,599618681576193128,-80.00
2025-06-26 14:27:27.601886,599618681576193128,-78.00
2025-06-26 14:27:27.601886,599618681576193128,-75.00
2025-06-26 14:27:28.141621,599618682136915605,-75.00
2025-06-26 14:27:28.141621,599618682136915605,-73.00
2025-06-26 14:27:28.141621,599618682136915605,-73.00
2025-06-26 14:27:28.141621,599618682136915605,-73.00
2025-06-26 14:27:28.141621,599618682136915605,-71.00
2025-06-26 14:27:28.141621,599618682136915605,-68.00
2025-06-26 14:27:28.141621,599618682136915605,-68.00
2025-06-26 14:27:28.141621,599618682136915605,-68.00
2025-06-26 14:27:28.141621,599618682136915605,-63.00
2025-06-26 14:27:28.141621,599618682136915605,-61.00
2025-06-26 14:27:28.141621,599618682136915605,-61.00
2025-06-26 14:27:28.141621,599618682136915605,-61.00
2025-06-26 14:27:28.141621,599618682136915605,-58.00
2025-06-26 14:27:28.141621,599618682136915605,-56.00
2025-06-26 14:27:28.141621,599618682136915605,-58.00
2025-06-26 14:27:28.141621,599618682136915605,-63.00
2025-06-26 14:27:28.141621,599618682136915605,-61.00
2025-06-26 14:27:28.141621,599618682136915605,-46.00
2025-06-26 14:27:28.141621,599618682136915605,-26.00
2025-06-26 14:27:28.141621,599618682136915605,-12.00
2025-06-26 14:27:28.141621,599618682136915605,-19.00
2025-06-26 14:27:28.141621,599618682136915605,-31.00
2025-06-26 14:27:28.141621,599618682136915605,-34.00
2025-06-26 14:27:28.141621,599618682136915605,-36.00
2025-06-26 14:27:28.141621,599618682136915605,-48.00
2025-06-26 14:27:28.141621,599618682136915605,-56.00
2025-06-26 14:27:28.141621,599618682136915605,-56.00
2025-06-26 14:27:28.141621,599618682136915605,-56.00
2025-06-26 14:27:28.141621,599618682136915605,-56.00
2025-06-26 14:27:28.141621,599618682136915605,-53.00
2025-06-26 14:27:28.141621,599618682136915605,-58.00
2025-06-26 14:27:28.141621,599618682136915605,-68.00
2025-06-26 14:27:28.141621,599618682136915605,-24.00
2025-06-26 14:27:28.141621,599618682136915605,142.00
2025-06-26 14:27:28.141621,599618682136915605,421.00
2025-06-26 14:27:28.141621,599618682136915605,671.00
2025-06-26 14:27:28.141621,599618682136915605,639.00
2025-06-26 14:27:28.141621,599618682136915605,188.00
2025-06-26 14:27:28.141621,599618682136915605,-244.00
2025-06-26 14:27:28.141621,599618682136915605,-188.00
2025-06-26 14:27:28.141621,599618682136915605,-7.00
2025-06-26 14:27:28.141621,599618682136915605,-75.00
2025-06-26 14:27:28.141621,599618682136915605,-132.00
2025-06-26 14:27:28.141621,599618682136915605,-80.00
2025-06-26 14:27:28.141621,599618682136915605,-71.00
2025-06-26 14:27:28.141621,599618682136915605,-88.00
2025-06-26 14:27:28.141621,599618682136915605,-66.00
2025-06-26 14:27:28.141621,599618682136915605,-51.00
2025-06-26 14:27:28.141621,599618682136915605,-53.00
2025-06-26 14:27:28.141621,599618682136915605,-46.00
2025-06-26 14:27:28.141621,599618682136915605,-31.00
2025-06-26 14:27:28.141621,599618682136915605,-24.00
2025-06-26 14:27:28.141621,599618682136915605,-17.00
2025-06-26 14:27:28.141621,599618682136915605,-7.00
2025-06-26 14:27:28.141621,599618682136915605,2.00
2025-06-26 14:27:28.141621,599618682136915605,7.00
2025-06-26 14:27:28.141621,599618682136915605,17.00
2025-06-26 14:27:28.141621,599618682136915605,31.00
2025-06-26 14:27:28.141621,599618682136915605,46.00
2025-06-26 14:27:28.141621,599618682136915605,51.00
2025-06-26 14:27:28.141621,599618682136915605,61.00
2025-06-26 14:27:28.141621,599618682136915605,78.00
2025-06-26 14:27:28.141621,599618682136915605,83.00
2025-06-26 14:27:28.141621,599618682136915605,88.00
2025-06-26 14:27:28.141621,599618682136915605,90.00
2025-06-26 14:27:28.141621,599618682136915605,88.00
2025-06-26 14:27:28.141621,599618682136915605,73.00
2025-06-26 14:27:28.141621,599618682136915605,46.00
2025-06-26 14:27:28.141621,599618682136915605,9.00
2025-06-26 14:27:28.141621,599618682136915605,-31.00
2025-06-26 14:27:28.141621,599618682136915605,-73.00
2025-06-26 14:27:28.141621,599618682136915605,-105.00
2025-06-26 14:27:28.141621,599618682136915605,-127.00
2025-06-26 14:27:28.710320,599618682697587214,-142.00
2025-06-26 14:27:28.710320,599618682697587214,-146.00
2025-06-26 14:27:28.710320,599618682697587214,-149.00
2025-06-26 14:27:28.710320,599618682697587214,-146.00
2025-06-26 14:27:28.710320,599618682697587214,-144.00
2025-06-26 14:27:28.710320,599618682697587214,-139.00
2025-06-26 14:27:28.710320,599618682697587214,-134.00
2025-06-26 14:27:28.710320,599618682697587214,-127.00
2025-06-26 14:27:28.710320,599618682697587214,-122.00
2025-06-26 14:27:28.710320,599618682697587214,-115.00
2025-06-26 14:27:28.710320,599618682697587214,-107.00
2025-06-26 14:27:28.710320,599618682697587214,-102.00
2025-06-26 14:27:28.710320,599618682697587214,-97.00
2025-06-26 14:27:28.710320,599618682697587214,-95.00
2025-06-26 14:27:28.710320,599618682697587214,-90.00
2025-06-26 14:27:28.710320,599618682697587214,-88.00
2025-06-26 14:27:28.710320,599618682697587214,-88.00
2025-06-26 14:27:28.710320,599618682697587214,-85.00
2025-06-26 14:27:28.710320,599618682697587214,-83.00
2025-06-26 14:27:28.710320,599618682697587214,-83.00
2025-06-26 14:27:28.710320,599618682697587214,-83.00
2025-06-26 14:27:28.710320,599618682697587214,-80.00
2025-06-26 14:27:28.710320,599618682697587214,-78.00
2025-06-26 14:27:28.710320,599618682697587214,-78.00
2025-06-26 14:27:28.710320,599618682697587214,-78.00
2025-06-26 14:27:28.710320,599618682697587214,-75.00
2025-06-26 14:27:28.710320,599618682697587214,-75.00
2025-06-26 14:27:28.710320,599618682697587214,-75.00
2025-06-26 14:27:28.710320,599618682697587214,-73.00
2025-06-26 14:27:28.710320,599618682697587214,-71.00
2025-06-26 14:27:28.710320,599618682697587214,-66.00
2025-06-26 14:27:28.710320,599618682697587214,-63.00
2025-06-26 14:27:28.710320,599618682697587214,-61.00
2025-06-26 14:27:28.710320,599618682697587214,-58.00
2025-06-26 14:27:28.710320,599618682697587214,-58.00
2025-06-26 14:27:28.710320,599618682697587214,-56.00
2025-06-26 14:27:28.710320,599618682697587214,-56.00
2025-06-26 14:27:28.710320,599618682697587214,-56.00
2025-06-26 14:27:28.710320,599618682697587214,-53.00
2025-06-26 14:27:28.710320,599618682697587214,-53.00
2025-06-26 14:27:28.710320,599618682697587214,-56.00
2025-06-26 14:27:28.710320,599618682697587214,-53.00
2025-06-26 14:27:28.710320,599618682697587214,-56.00
2025-06-26 14:27:28.710320,599618682697587214,-56.00
2025-06-26 14:27:28.710320,599618682697587214,-56.00
2025-06-26 14:27:28.710320,599618682697587214,-53.00
2025-06-26 14:27:28.710320,599618682697587214,-56.00
2025-06-26 14:27:28.710320,599618682697587214,-58.00
2025-06-26 14:27:28.710320,599618682697587214,-61.00
2025-06-26 14:27:28.710320,599618682697587214,-61.00
2025-06-26 14:27:28.710320,599618682697587214,-48.00
2025-06-26 14:27:28.710320,599618682697587214,-26.00
2025-06-26 14:27:28.710320,599618682697587214,-14.00
2025-06-26 14:27:28.710320,599618682697587214,-24.00
2025-06-26 14:27:28.710320,599618682697587214,-41.00
2025-06-26 14:27:28.710320,599618682697587214,-41.00
2025-06-26 14:27:28.710320,599618682697587214,-44.00
2025-06-26 14:27:28.710320,599618682697587214,-53.00
2025-06-26 14:27:28.710320,599618682697587214,-63.00
2025-06-26 14:27:28.710320,599618682697587214,-66.00
2025-06-26 14:27:28.710320,599618682697587214,-66.00
2025-06-26 14:27:28.710320,599618682697587214,-63.00
2025-06-26 14:27:28.710320,599618682697587214,-61.00
2025-06-26 14:27:28.710320,599618682697587214,-61.00
2025-06-26 14:27:28.710320,599618682697587214,-68.00
2025-06-26 14:27:28.710320,599618682697587214,-22.00
2025-06-26 14:27:28.710320,599618682697587214,146.00
2025-06-26 14:27:28.710320,599618682697587214,416.00
2025-06-26 14:27:28.710320,599618682697587214,639.00
2025-06-26 14:27:28.710320,599618682697587214,575.00
2025-06-26 14:27:28.710320,599618682697587214,139.00
2025-06-26 14:27:28.710320,599618682697587214,-249.00
2025-06-26 14:27:28.710320,599618682697587214,-181.00
2025-06-26 14:27:29.249882,599618683258284255,-17.00
2025-06-26 14:27:29.249882,599618683258284255,-80.00
2025-06-26 14:27:29.249882,599618683258284255,-127.00
2025-06-26 14:27:29.249882,599618683258284255,-73.00
2025-06-26 14:27:29.249882,599618683258284255,-68.00
2025-06-26 14:27:29.249882,599618683258284255,-83.00
2025-06-26 14:27:29.249882,599618683258284255,-63.00
2025-06-26 14:27:29.249882,599618683258284255,-48.00
2025-06-26 14:27:29.249882,599618683258284255,-48.00
2025-06-26 14:27:29.249882,599618683258284255,-41.00
2025-06-26 14:27:29.249882,599618683258284255,-31.00
2025-06-26 14:27:29.249882,599618683258284255,-24.00
2025-06-26 14:27:29.249882,599618683258284255,-17.00
2025-06-26 14:27:29.249882,599618683258284255,-9.00
2025-06-26 14:27:29.249882,599618683258284255,0.00
2025-06-26 14:27:29.249882,599618683258284255,9.00
2025-06-26 14:27:29.249882,599618683258284255,19.00
2025-06-26 14:27:29.249882,599618683258284255,26.00
2025-06-26 14:27:29.249882,599618683258284255,39.00
2025-06-26 14:27:29.249882,599618683258284255,51.00
2025-06-26 14:27:29.249882,599618683258284255,61.00
2025-06-26 14:27:29.249882,599618683258284255,71.00
2025-06-26 14:27:29.249882,599618683258284255,80.00
2025-06-26 14:27:29.249882,599618683258284255,88.00
2025-06-26 14:27:29.249882,599618683258284255,88.00
2025-06-26 14:27:29.249882,599618683258284255,85.00
2025-06-26 14:27:29.249882,599618683258284255,75.00
2025-06-26 14:27:29.249882,599618683258284255,51.00
2025-06-26 14:27:29.249882,599618683258284255,14.00
2025-06-26 14:27:29.249882,599618683258284255,-26.00
2025-06-26 14:27:29.249882,599618683258284255,-63.00
2025-06-26 14:27:29.249882,599618683258284255,-95.00
2025-06-26 14:27:29.249882,599618683258284255,-115.00
2025-06-26 14:27:29.249882,599618683258284255,-129.00
2025-06-26 14:27:29.249882,599618683258284255,-134.00
2025-06-26 14:27:29.249882,599618683258284255,-134.00
2025-06-26 14:27:29.249882,599618683258284255,-134.00
2025-06-26 14:27:29.249882,599618683258284255,-132.00
2025-06-26 14:27:29.249882,599618683258284255,-127.00
2025-06-26 14:27:29.249882,599618683258284255,-122.00
2025-06-26 14:27:29.249882,599618683258284255,-115.00
2025-06-26 14:27:29.249882,599618683258284255,-110.00
2025-06-26 14:27:29.249882,599618683258284255,-105.00
2025-06-26 14:27:29.249882,599618683258284255,-100.00
2025-06-26 14:27:29.249882,599618683258284255,-95.00
2025-06-26 14:27:29.249882,599618683258284255,-93.00
2025-06-26 14:27:29.249882,599618683258284255,-90.00
2025-06-26 14:27:29.249882,599618683258284255,-88.00
2025-06-26 14:27:29.249882,599618683258284255,-85.00
2025-06-26 14:27:29.249882,599618683258284255,-83.00
2025-06-26 14:27:29.249882,599618683258284255,-80.00
2025-06-26 14:27:29.249882,599618683258284255,-75.00
2025-06-26 14:27:29.249882,599618683258284255,-75.00
2025-06-26 14:27:29.249882,599618683258284255,-78.00
2025-06-26 14:27:29.249882,599618683258284255,-73.00
2025-06-26 14:27:29.249882,599618683258284255,-71.00
2025-06-26 14:27:29.249882,599618683258284255,-75.00
2025-06-26 14:27:29.249882,599618683258284255,-73.00
2025-06-26 14:27:29.249882,599618683258284255,-71.00
2025-06-26 14:27:29.249882,599618683258284255,-73.00
2025-06-26 14:27:29.249882,599618683258284255,-75.00
2025-06-26 14:27:29.249882,599618683258284255,-75.00
2025-06-26 14:27:29.249882,599618683258284255,-75.00
2025-06-26 14:27:29.249882,599618683258284255,-75.00
2025-06-26 14:27:29.249882,599618683258284255,-75.00
2025-06-26 14:27:29.249882,599618683258284255,-75.00
2025-06-26 14:27:29.249882,599618683258284255,-78.00
2025-06-26 14:27:29.249882,599618683258284255,-78.00
2025-06-26 14:27:29.249882,599618683258284255,-78.00
2025-06-26 14:27:29.249882,599618683258284255,-78.00
2025-06-26 14:27:29.249882,599618683258284255,-78.00
2025-06-26 14:27:29.249882,599618683258284255,-78.00
2025-06-26 14:27:29.249882,599618683258284255,-75.00
2025-06-26 14:27:29.820649,599618683819011814,-73.00
2025-06-26 14:27:29.820649,599618683819011814,-75.00
2025-06-26 14:27:29.820649,599618683819011814,-75.00
2025-06-26 14:27:29.820649,599618683819011814,-78.00
2025-06-26 14:27:29.820649,599618683819011814,-75.00
2025-06-26 14:27:29.820649,599618683819011814,-73.00
2025-06-26 14:27:29.820649,599618683819011814,-73.00
2025-06-26 14:27:29.820649,599618683819011814,-73.00
2025-06-26 14:27:29.820649,599618683819011814,-75.00
2025-06-26 14:27:29.820649,599618683819011814,-78.00
2025-06-26 14:27:29.820649,599618683819011814,-75.00
2025-06-26 14:27:29.820649,599618683819011814,-61.00
2025-06-26 14:27:29.820649,599618683819011814,-39.00
2025-06-26 14:27:29.820649,599618683819011814,-22.00
2025-06-26 14:27:29.820649,599618683819011814,-31.00
2025-06-26 14:27:29.820649,599618683819011814,-46.00
2025-06-26 14:27:29.820649,599618683819011814,-48.00
2025-06-26 14:27:29.820649,599618683819011814,-51.00
2025-06-26 14:27:29.820649,599618683819011814,-61.00
2025-06-26 14:27:29.820649,599618683819011814,-68.00
2025-06-26 14:27:29.820649,599618683819011814,-68.00
2025-06-26 14:27:29.820649,599618683819011814,-63.00
2025-06-26 14:27:29.820649,599618683819011814,-61.00
2025-06-26 14:27:29.820649,599618683819011814,-61.00
2025-06-26 14:27:29.820649,599618683819011814,-68.00
2025-06-26 14:27:29.820649,599618683819011814,-71.00
2025-06-26 14:27:29.820649,599618683819011814,12.00
2025-06-26 14:27:29.820649,599618683819011814,237.00
2025-06-26 14:27:29.820649,599618683819011814,519.00
2025-06-26 14:27:29.820649,599618683819011814,671.00
2025-06-26 14:27:29.820649,599618683819011814,487.00
2025-06-26 14:27:29.820649,599618683819011814,2.00
2025-06-26 14:27:29.820649,599618683819011814,-286.00
2025-06-26 14:27:29.820649,599618683819011814,-137.00
2025-06-26 14:27:29.820649,599618683819011814,-19.00
2025-06-26 14:27:29.820649,599618683819011814,-107.00
2025-06-26 14:27:29.820649,599618683819011814,-112.00
2025-06-26 14:27:29.820649,599618683819011814,-41.00
2025-06-26 14:27:29.820649,599618683819011814,-56.00
2025-06-26 14:27:29.820649,599618683819011814,-85.00
2025-06-26 14:27:29.820649,599618683819011814,-58.00
2025-06-26 14:27:29.820649,599618683819011814,-36.00
2025-06-26 14:27:29.820649,599618683819011814,-39.00
2025-06-26 14:27:29.820649,599618683819011814,-24.00
2025-06-26 14:27:29.820649,599618683819011814,-9.00
2025-06-26 14:27:29.820649,599618683819011814,-2.00
2025-06-26 14:27:29.820649,599618683819011814,7.00
2025-06-26 14:27:29.820649,599618683819011814,17.00
2025-06-26 14:27:29.820649,599618683819011814,26.00
2025-06-26 14:27:29.820649,599618683819011814,34.00
2025-06-26 14:27:29.820649,599618683819011814,44.00
2025-06-26 14:27:29.820649,599618683819011814,53.00
2025-06-26 14:27:29.820649,599618683819011814,63.00
2025-06-26 14:27:29.820649,599618683819011814,73.00
2025-06-26 14:27:29.820649,599618683819011814,83.00
2025-06-26 14:27:29.820649,599618683819011814,90.00
2025-06-26 14:27:29.820649,599618683819011814,95.00
2025-06-26 14:27:29.820649,599618683819011814,100.00
2025-06-26 14:27:29.820649,599618683819011814,97.00
2025-06-26 14:27:29.820649,599618683819011814,93.00
2025-06-26 14:27:29.820649,599618683819011814,80.00
2025-06-26 14:27:29.820649,599618683819011814,53.00
2025-06-26 14:27:29.820649,599618683819011814,14.00
2025-06-26 14:27:29.820649,599618683819011814,-26.00
2025-06-26 14:27:29.820649,599618683819011814,-63.00
2025-06-26 14:27:29.820649,599618683819011814,-95.00
2025-06-26 14:27:29.820649,599618683819011814,-120.00
2025-06-26 14:27:29.820649,599618683819011814,-127.00
2025-06-26 14:27:29.820649,599618683819011814,-129.00
2025-06-26 14:27:29.820649,599618683819011814,-137.00
2025-06-26 14:27:29.820649,599618683819011814,-139.00
2025-06-26 14:27:29.820649,599618683819011814,-134.00
2025-06-26 14:27:29.820649,599618683819011814,-129.00
2025-06-26 14:27:30.360552,599618684379708855,-127.00
2025-06-26 14:27:30.360552,599618684379708855,-122.00
2025-06-26 14:27:30.360552,599618684379708855,-117.00
2025-06-26 14:27:30.360552,599618684379708855,-112.00
2025-06-26 14:27:30.360552,599618684379708855,-110.00
2025-06-26 14:27:30.360552,599618684379708855,-107.00
2025-06-26 14:27:30.360552,599618684379708855,-102.00
2025-06-26 14:27:30.360552,599618684379708855,-97.00
2025-06-26 14:27:30.360552,599618684379708855,-95.00
2025-06-26 14:27:30.360552,599618684379708855,-90.00
2025-06-26 14:27:30.360552,599618684379708855,-88.00
2025-06-26 14:27:30.360552,599618684379708855,-88.00
2025-06-26 14:27:30.360552,599618684379708855,-88.00
2025-06-26 14:27:30.360552,599618684379708855,-85.00
2025-06-26 14:27:30.360552,599618684379708855,-85.00
2025-06-26 14:27:30.360552,599618684379708855,-88.00
2025-06-26 14:27:30.360552,599618684379708855,-90.00
2025-06-26 14:27:30.360552,599618684379708855,-88.00
2025-06-26 14:27:30.360552,599618684379708855,-83.00
2025-06-26 14:27:30.360552,599618684379708855,-83.00
2025-06-26 14:27:30.360552,599618684379708855,-88.00
2025-06-26 14:27:30.360552,599618684379708855,-85.00
2025-06-26 14:27:30.360552,599618684379708855,-90.00
2025-06-26 14:27:30.360552,599618684379708855,-100.00
2025-06-26 14:27:30.360552,599618684379708855,-85.00
2025-06-26 14:27:30.360552,599618684379708855,-68.00
2025-06-26 14:27:30.360552,599618684379708855,-78.00
2025-06-26 14:27:30.360552,599618684379708855,-78.00
2025-06-26 14:27:30.360552,599618684379708855,-73.00
2025-06-26 14:27:30.360552,599618684379708855,-93.00
2025-06-26 14:27:30.360552,599618684379708855,-53.00
2025-06-26 14:27:30.360552,599618684379708855,9.00
2025-06-26 14:27:30.360552,599618684379708855,-68.00
2025-06-26 14:27:30.360552,599618684379708855,-220.00
2025-06-26 14:27:30.360552,599618684379708855,-161.00
2025-06-26 14:27:30.360552,599618684379708855,88.00
2025-06-26 14:27:30.360552,599618684379708855,31.00
2025-06-26 14:27:30.360552,599618684379708855,-208.00
2025-06-26 14:27:30.360552,599618684379708855,-132.00
2025-06-26 14:27:30.360552,599618684379708855,-12.00
2025-06-26 14:27:30.360552,599618684379708855,-9.00
2025-06-26 14:27:30.360552,599618684379708855,53.00
2025-06-26 14:27:30.360552,599618684379708855,83.00
2025-06-26 14:27:30.360552,599618684379708855,75.00
2025-06-26 14:27:30.360552,599618684379708855,142.00
2025-06-26 14:27:30.360552,599618684379708855,100.00
2025-06-26 14:27:30.360552,599618684379708855,-26.00
2025-06-26 14:27:30.360552,599618684379708855,31.00
2025-06-26 14:27:30.360552,599618684379708855,110.00
2025-06-26 14:27:30.360552,599618684379708855,88.00
2025-06-26 14:27:30.360552,599618684379708855,41.00
2025-06-26 14:27:30.360552,599618684379708855,-19.00
2025-06-26 14:27:30.360552,599618684379708855,102.00
2025-06-26 14:27:30.360552,599618684379708855,293.00
2025-06-26 14:27:30.360552,599618684379708855,416.00
2025-06-26 14:27:30.360552,599618684379708855,703.00
2025-06-26 14:27:30.360552,599618684379708855,766.00
2025-06-26 14:27:30.360552,599618684379708855,296.00
2025-06-26 14:27:30.360552,599618684379708855,-93.00
2025-06-26 14:27:30.360552,599618684379708855,-22.00
2025-06-26 14:27:30.360552,599618684379708855,107.00
2025-06-26 14:27:30.360552,599618684379708855,19.00
2025-06-26 14:27:30.360552,599618684379708855,-68.00
2025-06-26 14:27:30.360552,599618684379708855,-61.00
2025-06-26 14:27:30.360552,599618684379708855,-29.00
2025-06-26 14:27:30.360552,599618684379708855,0.00
2025-06-26 14:27:30.360552,599618684379708855,53.00
2025-06-26 14:27:30.360552,599618684379708855,83.00
2025-06-26 14:27:30.360552,599618684379708855,-17.00
2025-06-26 14:27:30.360552,599618684379708855,-22.00
2025-06-26 14:27:30.360552,599618684379708855,90.00
2025-06-26 14:27:30.360552,599618684379708855,41.00
2025-06-26 14:27:30.360552,599618684379708855,-39.00
2025-06-26 14:27:30.902157,599618684940405896,83.00
2025-06-26 14:27:30.902157,599618684940405896,178.00
2025-06-26 14:27:30.902157,599618684940405896,-12.00
2025-06-26 14:27:30.902157,599618684940405896,-100.00
2025-06-26 14:27:30.902157,599618684940405896,120.00
2025-06-26 14:27:30.902157,599618684940405896,183.00
2025-06-26 14:27:30.902157,599618684940405896,68.00
2025-06-26 14:27:30.902157,599618684940405896,93.00
2025-06-26 14:27:30.902157,599618684940405896,161.00
2025-06-26 14:27:30.902157,599618684940405896,134.00
2025-06-26 14:27:30.902157,599618684940405896,107.00
2025-06-26 14:27:30.902157,599618684940405896,120.00
2025-06-26 14:27:30.902157,599618684940405896,102.00
2025-06-26 14:27:30.902157,599618684940405896,95.00
2025-06-26 14:27:30.902157,599618684940405896,122.00
2025-06-26 14:27:30.902157,599618684940405896,88.00
2025-06-26 14:27:30.902157,599618684940405896,14.00
2025-06-26 14:27:30.902157,599618684940405896,26.00
2025-06-26 14:27:30.902157,599618684940405896,-2.00
2025-06-26 14:27:30.902157,599618684940405896,-151.00
2025-06-26 14:27:30.902157,599618684940405896,-151.00
2025-06-26 14:27:30.902157,599618684940405896,-56.00
2025-06-26 14:27:30.902157,599618684940405896,-100.00
2025-06-26 14:27:30.902157,599618684940405896,-117.00
2025-06-26 14:27:30.902157,599618684940405896,-88.00
2025-06-26 14:27:30.902157,599618684940405896,-107.00
2025-06-26 14:27:30.902157,599618684940405896,-105.00
2025-06-26 14:27:30.902157,599618684940405896,-78.00
2025-06-26 14:27:30.902157,599618684940405896,-88.00
2025-06-26 14:27:30.902157,599618684940405896,-97.00
2025-06-26 14:27:30.902157,599618684940405896,-85.00
2025-06-26 14:27:30.902157,599618684940405896,-75.00
2025-06-26 14:27:30.902157,599618684940405896,-75.00
2025-06-26 14:27:30.902157,599618684940405896,-78.00
2025-06-26 14:27:30.902157,599618684940405896,-75.00
2025-06-26 14:27:30.902157,599618684940405896,-75.00
2025-06-26 14:27:30.902157,599618684940405896,-83.00
2025-06-26 14:27:30.902157,599618684940405896,-36.00
2025-06-26 14:27:30.902157,599618684940405896,9.00
2025-06-26 14:27:30.902157,599618684940405896,-100.00
2025-06-26 14:27:30.902157,599618684940405896,-173.00
2025-06-26 14:27:30.902157,599618684940405896,-53.00
2025-06-26 14:27:30.902157,599618684940405896,-19.00
2025-06-26 14:27:30.902157,599618684940405896,-85.00
2025-06-26 14:27:30.902157,599618684940405896,-68.00
2025-06-26 14:27:30.902157,599618684940405896,-51.00
2025-06-26 14:27:30.902157,599618684940405896,-80.00
2025-06-26 14:27:30.902157,599618684940405896,-80.00
2025-06-26 14:27:30.902157,599618684940405896,-63.00
2025-06-26 14:27:30.902157,599618684940405896,-63.00
2025-06-26 14:27:30.902157,599618684940405896,-63.00
2025-06-26 14:27:30.902157,599618684940405896,-56.00
2025-06-26 14:27:30.902157,599618684940405896,-56.00
2025-06-26 14:27:30.902157,599618684940405896,-53.00
2025-06-26 14:27:30.902157,599618684940405896,-39.00
2025-06-26 14:27:30.902157,599618684940405896,-36.00
2025-06-26 14:27:30.902157,599618684940405896,-53.00
2025-06-26 14:27:30.902157,599618684940405896,-53.00
2025-06-26 14:27:30.902157,599618684940405896,-41.00
2025-06-26 14:27:30.902157,599618684940405896,-34.00
2025-06-26 14:27:30.902157,599618684940405896,-34.00
2025-06-26 14:27:30.902157,599618684940405896,-31.00
2025-06-26 14:27:30.902157,599618684940405896,-14.00
2025-06-26 14:27:30.902157,599618684940405896,-2.00
2025-06-26 14:27:30.902157,599618684940405896,2.00
2025-06-26 14:27:30.902157,599618684940405896,-9.00
2025-06-26 14:27:30.902157,599618684940405896,-39.00
2025-06-26 14:27:30.902157,599618684940405896,-41.00
2025-06-26 14:27:30.902157,599618684940405896,-39.00
2025-06-26 14:27:30.902157,599618684940405896,-58.00
2025-06-26 14:27:30.902157,599618684940405896,-48.00
2025-06-26 14:27:30.902157,599618684940405896,-29.00
2025-06-26 14:27:30.902157,599618684940405896,-44.00
2025-06-26 14:27:31.532435,599618685501133457,-51.00
2025-06-26 14:27:31.532435,599618685501133457,-39.00
2025-06-26 14:27:31.532435,599618685501133457,-19.00
2025-06-26 14:27:31.532435,599618685501133457,88.00
2025-06-26 14:27:31.532435,599618685501133457,323.00
2025-06-26 14:27:31.532435,599618685501133457,563.00
2025-06-26 14:27:31.532435,599618685501133457,573.00
2025-06-26 14:27:31.532435,599618685501133457,244.00
2025-06-26 14:27:31.532435,599618685501133457,-129.00
2025-06-26 14:27:31.532435,599618685501133457,-203.00
2025-06-26 14:27:31.532435,599618685501133457,-75.00
2025-06-26 14:27:31.532435,599618685501133457,-39.00
2025-06-26 14:27:31.532435,599618685501133457,-58.00
2025-06-26 14:27:31.532435,599618685501133457,-68.00
2025-06-26 14:27:31.532435,599618685501133457,-75.00
2025-06-26 14:27:31.532435,599618685501133457,-41.00
2025-06-26 14:27:31.532435,599618685501133457,-44.00
2025-06-26 14:27:31.532435,599618685501133457,-71.00
2025-06-26 14:27:31.532435,599618685501133457,-36.00
2025-06-26 14:27:31.532435,599618685501133457,-7.00
2025-06-26 14:27:31.532435,599618685501133457,-14.00
2025-06-26 14:27:31.532435,599618685501133457,-12.00
2025-06-26 14:27:31.532435,599618685501133457,0.00
2025-06-26 14:27:31.532435,599618685501133457,4.00
2025-06-26 14:27:31.532435,599618685501133457,4.00
2025-06-26 14:27:31.532435,599618685501133457,14.00
2025-06-26 14:27:31.532435,599618685501133457,26.00
2025-06-26 14:27:31.532435,599618685501133457,31.00
2025-06-26 14:27:31.532435,599618685501133457,46.00
2025-06-26 14:27:31.532435,599618685501133457,61.00
2025-06-26 14:27:31.532435,599618685501133457,56.00
2025-06-26 14:27:31.532435,599618685501133457,61.00
2025-06-26 14:27:31.532435,599618685501133457,75.00
2025-06-26 14:27:31.532435,599618685501133457,100.00
2025-06-26 14:27:31.532435,599618685501133457,127.00
2025-06-26 14:27:31.532435,599618685501133457,97.00
2025-06-26 14:27:31.532435,599618685501133457,46.00
2025-06-26 14:27:31.532435,599618685501133457,41.00
2025-06-26 14:27:31.532435,599618685501133457,36.00
2025-06-26 14:27:31.532435,599618685501133457,14.00
2025-06-26 14:27:31.532435,599618685501133457,-36.00
2025-06-26 14:27:31.532435,599618685501133457,-68.00
2025-06-26 14:27:31.532435,599618685501133457,-48.00
2025-06-26 14:27:31.532435,599618685501133457,-88.00
2025-06-26 14:27:31.532435,599618685501133457,-151.00
2025-06-26 14:27:31.532435,599618685501133457,-132.00
2025-06-26 14:27:31.532435,599618685501133457,-110.00
2025-06-26 14:27:31.532435,599618685501133457,-120.00
2025-06-26 14:27:31.532435,599618685501133457,-102.00
2025-06-26 14:27:31.532435,599618685501133457,-90.00
2025-06-26 14:27:31.532435,599618685501133457,-93.00
2025-06-26 14:27:31.532435,599618685501133457,-78.00
2025-06-26 14:27:31.532435,599618685501133457,-75.00
2025-06-26 14:27:31.532435,599618685501133457,-90.00
2025-06-26 14:27:31.532435,599618685501133457,-73.00
2025-06-26 14:27:31.532435,599618685501133457,-24.00
2025-06-26 14:27:31.532435,599618685501133457,7.00
2025-06-26 14:27:31.532435,599618685501133457,-26.00
2025-06-26 14:27:31.532435,599618685501133457,-66.00
2025-06-26 14:27:31.532435,599618685501133457,-61.00
2025-06-26 14:27:31.532435,599618685501133457,-41.00
2025-06-26 14:27:31.532435,599618685501133457,-46.00
2025-06-26 14:27:31.532435,599618685501133457,-142.00
2025-06-26 14:27:31.532435,599618685501133457,-178.00
2025-06-26 14:27:31.532435,599618685501133457,-51.00
2025-06-26 14:27:31.532435,599618685501133457,-12.00
2025-06-26 14:27:31.532435,599618685501133457,-85.00
2025-06-26 14:27:31.532435,599618685501133457,-36.00
2025-06-26 14:27:31.532435,599618685501133457,29.00
2025-06-26 14:27:31.532435,599618685501133457,-34.00
2025-06-26 14:27:31.532435,599618685501133457,-71.00
2025-06-26 14:27:31.532435,599618685501133457,-31.00
2025-06-26 14:27:31.532435,599618685501133457,-24.00
2025-06-26 14:27:32.100357,599618686061830498,-56.00
2025-06-26 14:27:32.100357,599618686061830498,-56.00
2025-06-26 14:27:32.100357,599618686061830498,-26.00
2025-06-26 14:27:32.100357,599618686061830498,-39.00
2025-06-26 14:27:32.100357,599618686061830498,-75.00
2025-06-26 14:27:32.100357,599618686061830498,-19.00
2025-06-26 14:27:32.100357,599618686061830498,61.00
2025-06-26 14:27:32.100357,599618686061830498,22.00
2025-06-26 14:27:32.100357,599618686061830498,-66.00
2025-06-26 14:27:32.100357,599618686061830498,-80.00
2025-06-26 14:27:32.100357,599618686061830498,-36.00
2025-06-26 14:27:32.100357,599618686061830498,9.00
2025-06-26 14:27:32.100357,599618686061830498,24.00
2025-06-26 14:27:32.100357,599618686061830498,-29.00
2025-06-26 14:27:32.100357,599618686061830498,-88.00
2025-06-26 14:27:32.100357,599618686061830498,-80.00
2025-06-26 14:27:32.100357,599618686061830498,-66.00
2025-06-26 14:27:32.100357,599618686061830498,-63.00
2025-06-26 14:27:32.100357,599618686061830498,-39.00
2025-06-26 14:27:32.100357,599618686061830498,41.00
2025-06-26 14:27:32.100357,599618686061830498,156.00
2025-06-26 14:27:32.100357,599618686061830498,342.00
2025-06-26 14:27:32.100357,599618686061830498,585.00
2025-06-26 14:27:32.100357,599618686061830498,560.00
2025-06-26 14:27:32.100357,599618686061830498,161.00
2025-06-26 14:27:32.100357,599618686061830498,-186.00
2025-06-26 14:27:32.100357,599618686061830498,-164.00
2025-06-26 14:27:32.100357,599618686061830498,-24.00
2025-06-26 14:27:32.100357,599618686061830498,-39.00
2025-06-26 14:27:32.100357,599618686061830498,-78.00
2025-06-26 14:27:32.100357,599618686061830498,-61.00
2025-06-26 14:27:32.100357,599618686061830498,-46.00
2025-06-26 14:27:32.100357,599618686061830498,-46.00
2025-06-26 14:27:32.100357,599618686061830498,-44.00
2025-06-26 14:27:32.100357,599618686061830498,-39.00
2025-06-26 14:27:32.100357,599618686061830498,-7.00
2025-06-26 14:27:32.100357,599618686061830498,17.00
2025-06-26 14:27:32.100357,599618686061830498,-41.00
2025-06-26 14:27:32.100357,599618686061830498,-97.00
2025-06-26 14:27:32.100357,599618686061830498,-17.00
2025-06-26 14:27:32.100357,599618686061830498,124.00
2025-06-26 14:27:32.100357,599618686061830498,124.00
2025-06-26 14:27:32.100357,599618686061830498,4.00
2025-06-26 14:27:32.100357,599618686061830498,-48.00
2025-06-26 14:27:32.100357,599618686061830498,9.00
2025-06-26 14:27:32.100357,599618686061830498,80.00
2025-06-26 14:27:32.100357,599618686061830498,75.00
2025-06-26 14:27:32.100357,599618686061830498,46.00
2025-06-26 14:27:32.100357,599618686061830498,83.00
2025-06-26 14:27:32.100357,599618686061830498,124.00
2025-06-26 14:27:32.100357,599618686061830498,115.00
2025-06-26 14:27:32.100357,599618686061830498,100.00
2025-06-26 14:27:32.100357,599618686061830498,102.00
2025-06-26 14:27:32.100357,599618686061830498,93.00
2025-06-26 14:27:32.100357,599618686061830498,66.00
2025-06-26 14:27:32.100357,599618686061830498,34.00
2025-06-26 14:27:32.100357,599618686061830498,-2.00
2025-06-26 14:27:32.100357,599618686061830498,-31.00
2025-06-26 14:27:32.100357,599618686061830498,-51.00
2025-06-26 14:27:32.100357,599618686061830498,-63.00
2025-06-26 14:27:32.100357,599618686061830498,-75.00
2025-06-26 14:27:32.100357,599618686061830498,-93.00
2025-06-26 14:27:32.100357,599618686061830498,-100.00
2025-06-26 14:27:32.100357,599618686061830498,-97.00
2025-06-26 14:27:32.100357,599618686061830498,-88.00
2025-06-26 14:27:32.100357,599618686061830498,-93.00
2025-06-26 14:27:32.100357,599618686061830498,-122.00
2025-06-26 14:27:32.100357,599618686061830498,-120.00
2025-06-26 14:27:32.100357,599618686061830498,-85.00
2025-06-26 14:27:32.100357,599618686061830498,-63.00
2025-06-26 14:27:32.100357,599618686061830498,-73.00
2025-06-26 14:27:32.100357,599618686061830498,-90.00
2025-06-26 14:27:32.100357,599618686061830498,-112.00
2025-06-26 14:27:32.640703,599618686622527539,-127.00
2025-06-26 14:27:32.640703,599618686622527539,-80.00
2025-06-26 14:27:32.640703,599618686622527539,-44.00
2025-06-26 14:27:32.640703,599618686622527539,-71.00
2025-06-26 14:27:32.640703,599618686622527539,-83.00
2025-06-26 14:27:32.640703,599618686622527539,-58.00
2025-06-26 14:27:32.640703,599618686622527539,-56.00
2025-06-26 14:27:32.640703,599618686622527539,-66.00
2025-06-26 14:27:32.640703,599618686622527539,-58.00
2025-06-26 14:27:32.640703,599618686622527539,-53.00
2025-06-26 14:27:32.640703,599618686622527539,-61.00
2025-06-26 14:27:32.640703,599618686622527539,-58.00
2025-06-26 14:27:32.640703,599618686622527539,-48.00
2025-06-26 14:27:32.640703,599618686622527539,-51.00
2025-06-26 14:27:32.640703,599618686622527539,-51.00
2025-06-26 14:27:32.640703,599618686622527539,-46.00
2025-06-26 14:27:32.640703,599618686622527539,-48.00
2025-06-26 14:27:32.640703,599618686622527539,-56.00
2025-06-26 14:27:32.640703,599618686622527539,-51.00
2025-06-26 14:27:32.640703,599618686622527539,-14.00
2025-06-26 14:27:32.640703,599618686622527539,12.00
2025-06-26 14:27:32.640703,599618686622527539,-26.00
2025-06-26 14:27:32.640703,599618686622527539,-63.00
2025-06-26 14:27:32.640703,599618686622527539,-31.00
2025-06-26 14:27:32.640703,599618686622527539,14.00
2025-06-26 14:27:32.640703,599618686622527539,-26.00
2025-06-26 14:27:32.640703,599618686622527539,-120.00
2025-06-26 14:27:32.640703,599618686622527539,-102.00
2025-06-26 14:27:32.640703,599618686622527539,-26.00
2025-06-26 14:27:32.640703,599618686622527539,-48.00
2025-06-26 14:27:32.640703,599618686622527539,-97.00
2025-06-26 14:27:32.640703,599618686622527539,-75.00
2025-06-26 14:27:32.640703,599618686622527539,-44.00
2025-06-26 14:27:32.640703,599618686622527539,-12.00
2025-06-26 14:27:32.640703,599618686622527539,134.00
2025-06-26 14:27:32.640703,599618686622527539,394.00
2025-06-26 14:27:32.640703,599618686622527539,580.00
2025-06-26 14:27:32.640703,599618686622527539,485.00
2025-06-26 14:27:32.640703,599618686622527539,102.00
2025-06-26 14:27:32.640703,599618686622527539,-218.00
2025-06-26 14:27:32.640703,599618686622527539,-176.00
2025-06-26 14:27:32.640703,599618686622527539,-31.00
2025-06-26 14:27:32.640703,599618686622527539,-56.00
2025-06-26 14:27:32.640703,599618686622527539,-93.00
2025-06-26 14:27:32.640703,599618686622527539,-71.00
2025-06-26 14:27:32.640703,599618686622527539,-71.00
2025-06-26 14:27:32.640703,599618686622527539,-80.00
2025-06-26 14:27:32.640703,599618686622527539,-68.00
2025-06-26 14:27:32.640703,599618686622527539,-78.00
2025-06-26 14:27:32.640703,599618686622527539,-75.00
2025-06-26 14:27:32.640703,599618686622527539,-24.00
2025-06-26 14:27:32.640703,599618686622527539,-12.00
2025-06-26 14:27:32.640703,599618686622527539,-48.00
2025-06-26 14:27:32.640703,599618686622527539,-44.00
2025-06-26 14:27:32.640703,599618686622527539,-17.00
2025-06-26 14:27:32.640703,599618686622527539,-7.00
2025-06-26 14:27:32.640703,599618686622527539,-12.00
2025-06-26 14:27:32.640703,599618686622527539,-46.00
2025-06-26 14:27:32.640703,599618686622527539,-51.00
2025-06-26 14:27:32.640703,599618686622527539,2.00
2025-06-26 14:27:32.640703,599618686622527539,34.00
2025-06-26 14:27:32.640703,599618686622527539,24.00
2025-06-26 14:27:32.640703,599618686622527539,31.00
2025-06-26 14:27:32.640703,599618686622527539,48.00
2025-06-26 14:27:32.640703,599618686622527539,56.00
2025-06-26 14:27:32.640703,599618686622527539,71.00
2025-06-26 14:27:32.640703,599618686622527539,71.00
2025-06-26 14:27:32.640703,599618686622527539,46.00
2025-06-26 14:27:32.640703,599618686622527539,19.00
2025-06-26 14:27:32.640703,599618686622527539,-14.00
2025-06-26 14:27:32.640703,599618686622527539,-53.00
2025-06-26 14:27:32.640703,599618686622527539,-85.00
2025-06-26 14:27:32.640703,599618686622527539,-107.00
2025-06-26 14:27:33.271499,599618687183255098,-120.00
2025-06-26 14:27:33.271499,599618687183255098,-134.00
2025-06-26 14:27:33.271499,599618687183255098,-142.00
2025-06-26 14:27:33.271499,599618687183255098,-122.00
2025-06-26 14:27:33.271499,599618687183255098,-122.00
2025-06-26 14:27:33.271499,599618687183255098,-146.00
2025-06-26 14:27:33.271499,599618687183255098,-139.00
2025-06-26 14:27:33.271499,599618687183255098,-107.00
2025-06-26 14:27:33.271499,599618687183255098,-95.00
2025-06-26 14:27:33.271499,599618687183255098,-117.00
2025-06-26 14:27:33.271499,599618687183255098,-149.00
2025-06-26 14:27:33.271499,599618687183255098,-156.00
2025-06-26 14:27:33.271499,599618687183255098,-137.00
2025-06-26 14:27:33.271499,599618687183255098,-120.00
2025-06-26 14:27:33.271499,599618687183255098,-124.00
2025-06-26 14:27:33.271499,599618687183255098,-122.00
2025-06-26 14:27:33.271499,599618687183255098,-124.00
2025-06-26 14:27:33.271499,599618687183255098,-142.00
2025-06-26 14:27:33.271499,599618687183255098,-127.00
2025-06-26 14:27:33.271499,599618687183255098,-93.00
2025-06-26 14:27:33.271499,599618687183255098,-88.00
2025-06-26 14:27:33.271499,599618687183255098,-102.00
2025-06-26 14:27:33.271499,599618687183255098,-105.00
2025-06-26 14:27:33.271499,599618687183255098,-97.00
2025-06-26 14:27:33.271499,599618687183255098,-100.00
2025-06-26 14:27:33.271499,599618687183255098,-117.00
2025-06-26 14:27:33.271499,599618687183255098,-122.00
2025-06-26 14:27:33.271499,599618687183255098,-102.00
2025-06-26 14:27:33.271499,599618687183255098,-78.00
2025-06-26 14:27:33.271499,599618687183255098,-75.00
2025-06-26 14:27:33.271499,599618687183255098,-80.00
2025-06-26 14:27:33.271499,599618687183255098,-56.00
2025-06-26 14:27:33.271499,599618687183255098,-46.00
2025-06-26 14:27:33.271499,599618687183255098,-100.00
2025-06-26 14:27:33.271499,599618687183255098,-127.00
2025-06-26 14:27:33.271499,599618687183255098,-53.00
2025-06-26 14:27:33.271499,599618687183255098,9.00
2025-06-26 14:27:33.271499,599618687183255098,-29.00
2025-06-26 14:27:33.271499,599618687183255098,-88.00
2025-06-26 14:27:33.271499,599618687183255098,-75.00
2025-06-26 14:27:33.271499,599618687183255098,-53.00
2025-06-26 14:27:33.271499,599618687183255098,-68.00
2025-06-26 14:27:33.271499,599618687183255098,-75.00
2025-06-26 14:27:33.271499,599618687183255098,-80.00
2025-06-26 14:27:33.271499,599618687183255098,-75.00
2025-06-26 14:27:33.271499,599618687183255098,2.00
2025-06-26 14:27:33.271499,599618687183255098,193.00
2025-06-26 14:27:33.271499,599618687183255098,436.00
2025-06-26 14:27:33.271499,599618687183255098,565.00
2025-06-26 14:27:33.271499,599618687183255098,377.00
2025-06-26 14:27:33.271499,599618687183255098,-56.00
2025-06-26 14:27:33.271499,599618687183255098,-274.00
2025-06-26 14:27:33.271499,599618687183255098,-134.00
2025-06-26 14:27:33.271499,599618687183255098,-48.00
2025-06-26 14:27:33.271499,599618687183255098,-124.00
2025-06-26 14:27:33.271499,599618687183255098,-132.00
2025-06-26 14:27:33.271499,599618687183255098,-95.00
2025-06-26 14:27:33.271499,599618687183255098,-100.00
2025-06-26 14:27:33.271499,599618687183255098,-93.00
2025-06-26 14:27:33.271499,599618687183255098,-68.00
2025-06-26 14:27:33.271499,599618687183255098,-68.00
2025-06-26 14:27:33.271499,599618687183255098,-78.00
2025-06-26 14:27:33.271499,599618687183255098,-71.00
2025-06-26 14:27:33.271499,599618687183255098,-39.00
2025-06-26 14:27:33.271499,599618687183255098,-12.00
2025-06-26 14:27:33.271499,599618687183255098,-17.00
2025-06-26 14:27:33.271499,599618687183255098,-29.00
2025-06-26 14:27:33.271499,599618687183255098,-39.00
2025-06-26 14:27:33.271499,599618687183255098,-53.00
2025-06-26 14:27:33.271499,599618687183255098,-46.00
2025-06-26 14:27:33.271499,599618687183255098,-4.00
2025-06-26 14:27:33.271499,599618687183255098,44.00
2025-06-26 14:27:33.271499,599618687183255098,34.00
2025-06-26 14:27:33.782908,599618687743952139,-19.00
2025-06-26 14:27:33.782908,599618687743952139,-4.00
2025-06-26 14:27:33.782908,599618687743952139,12.00
2025-06-26 14:27:33.782908,599618687743952139,17.00
2025-06-26 14:27:33.782908,599618687743952139,88.00
2025-06-26 14:27:33.782908,599618687743952139,80.00
2025-06-26 14:27:33.782908,599618687743952139,-17.00
2025-06-26 14:27:33.782908,599618687743952139,-53.00
2025-06-26 14:27:33.782908,599618687743952139,-56.00
2025-06-26 14:27:33.782908,599618687743952139,-100.00
2025-06-26 14:27:33.782908,599618687743952139,-139.00
2025-06-26 14:27:33.782908,599618687743952139,-151.00
2025-06-26 14:27:33.782908,599618687743952139,-169.00
2025-06-26 14:27:33.782908,599618687743952139,-178.00
2025-06-26 14:27:33.782908,599618687743952139,-161.00
2025-06-26 14:27:33.782908,599618687743952139,-134.00
2025-06-26 14:27:33.782908,599618687743952139,-132.00
2025-06-26 14:27:33.782908,599618687743952139,-144.00
2025-06-26 14:27:33.782908,599618687743952139,-139.00
2025-06-26 14:27:33.782908,599618687743952139,-122.00
2025-06-26 14:27:33.782908,599618687743952139,-127.00
2025-06-26 14:27:33.782908,599618687743952139,-127.00
2025-06-26 14:27:33.782908,599618687743952139,-100.00
2025-06-26 14:27:33.782908,599618687743952139,-100.00
2025-06-26 14:27:33.782908,599618687743952139,-122.00
2025-06-26 14:27:33.782908,599618687743952139,-117.00
2025-06-26 14:27:33.782908,599618687743952139,-93.00
2025-06-26 14:27:33.782908,599618687743952139,-78.00
2025-06-26 14:27:33.782908,599618687743952139,-88.00
2025-06-26 14:27:33.782908,599618687743952139,-107.00
2025-06-26 14:27:33.782908,599618687743952139,-124.00
2025-06-26 14:27:33.782908,599618687743952139,-112.00
2025-06-26 14:27:33.782908,599618687743952139,-88.00
2025-06-26 14:27:33.782908,599618687743952139,-90.00
2025-06-26 14:27:33.782908,599618687743952139,-105.00
2025-06-26 14:27:33.782908,599618687743952139,-102.00
2025-06-26 14:27:33.782908,599618687743952139,-97.00
2025-06-26 14:27:33.782908,599618687743952139,-90.00
2025-06-26 14:27:33.782908,599618687743952139,-85.00
2025-06-26 14:27:33.782908,599618687743952139,-83.00
2025-06-26 14:27:33.782908,599618687743952139,-88.00
2025-06-26 14:27:33.782908,599618687743952139,-95.00
2025-06-26 14:27:33.782908,599618687743952139,-83.00
2025-06-26 14:27:33.782908,599618687743952139,-75.00
2025-06-26 14:27:33.782908,599618687743952139,-83.00
2025-06-26 14:27:33.782908,599618687743952139,-80.00
2025-06-26 14:27:33.782908,599618687743952139,-58.00
2025-06-26 14:27:33.782908,599618687743952139,-39.00
2025-06-26 14:27:33.782908,599618687743952139,-34.00
2025-06-26 14:27:33.782908,599618687743952139,-48.00
2025-06-26 14:27:33.782908,599618687743952139,-71.00
2025-06-26 14:27:33.782908,599618687743952139,-71.00
2025-06-26 14:27:33.782908,599618687743952139,-66.00
2025-06-26 14:27:33.782908,599618687743952139,-83.00
2025-06-26 14:27:33.782908,599618687743952139,-102.00
2025-06-26 14:27:33.782908,599618687743952139,-71.00
2025-06-26 14:27:33.782908,599618687743952139,-31.00
2025-06-26 14:27:33.782908,599618687743952139,-51.00
2025-06-26 14:27:33.782908,599618687743952139,-90.00
2025-06-26 14:27:33.782908,599618687743952139,-115.00
2025-06-26 14:27:33.782908,599618687743952139,-78.00
2025-06-26 14:27:33.782908,599618687743952139,102.00
2025-06-26 14:27:33.782908,599618687743952139,374.00
2025-06-26 14:27:33.782908,599618687743952139,600.00
2025-06-26 14:27:33.782908,599618687743952139,578.00
2025-06-26 14:27:33.782908,599618687743952139,181.00
2025-06-26 14:27:33.782908,599618687743952139,-242.00
2025-06-26 14:27:33.782908,599618687743952139,-235.00
2025-06-26 14:27:33.782908,599618687743952139,-53.00
2025-06-26 14:27:33.782908,599618687743952139,-88.00
2025-06-26 14:27:33.782908,599618687743952139,-149.00
2025-06-26 14:27:33.782908,599618687743952139,-95.00
2025-06-26 14:27:33.782908,599618687743952139,-75.00
2025-06-26 14:27:34.260477,599618688304679698,-95.00
2025-06-26 14:27:34.260477,599618688304679698,-80.00
2025-06-26 14:27:34.260477,599618688304679698,-66.00
2025-06-26 14:27:34.260477,599618688304679698,-63.00
2025-06-26 14:27:34.260477,599618688304679698,-53.00
2025-06-26 14:27:34.260477,599618688304679698,-46.00
2025-06-26 14:27:34.260477,599618688304679698,-48.00
2025-06-26 14:27:34.260477,599618688304679698,-48.00
2025-06-26 14:27:34.260477,599618688304679698,-46.00
2025-06-26 14:27:34.260477,599618688304679698,-48.00
2025-06-26 14:27:34.260477,599618688304679698,-39.00
2025-06-26 14:27:34.260477,599618688304679698,-2.00
2025-06-26 14:27:34.260477,599618688304679698,0.00
2025-06-26 14:27:34.260477,599618688304679698,-34.00
2025-06-26 14:27:34.260477,599618688304679698,14.00
2025-06-26 14:27:34.260477,599618688304679698,85.00
2025-06-26 14:27:34.260477,599618688304679698,51.00
2025-06-26 14:27:34.260477,599618688304679698,19.00
2025-06-26 14:27:34.260477,599618688304679698,46.00
2025-06-26 14:27:34.260477,599618688304679698,51.00
2025-06-26 14:27:34.260477,599618688304679698,36.00
2025-06-26 14:27:34.260477,599618688304679698,29.00
2025-06-26 14:27:34.260477,599618688304679698,2.00
2025-06-26 14:27:34.260477,599618688304679698,-34.00
2025-06-26 14:27:34.260477,599618688304679698,-73.00
2025-06-26 14:27:34.260477,599618688304679698,-110.00
2025-06-26 14:27:34.260477,599618688304679698,-134.00
2025-06-26 14:27:34.260477,599618688304679698,-146.00
2025-06-26 14:27:34.260477,599618688304679698,-156.00
2025-06-26 14:27:34.260477,599618688304679698,-154.00
2025-06-26 14:27:34.260477,599618688304679698,-151.00
2025-06-26 14:27:34.260477,599618688304679698,-154.00
2025-06-26 14:27:34.260477,599618688304679698,-156.00
2025-06-26 14:27:34.260477,599618688304679698,-161.00
2025-06-26 14:27:34.260477,599618688304679698,-166.00
2025-06-26 14:27:34.260477,599618688304679698,-169.00
2025-06-26 14:27:34.260477,599618688304679698,-176.00
2025-06-26 14:27:34.260477,599618688304679698,-144.00
2025-06-26 14:27:34.260477,599618688304679698,-90.00
2025-06-26 14:27:34.260477,599618688304679698,-100.00
2025-06-26 14:27:34.260477,599618688304679698,-144.00
2025-06-26 14:27:34.260477,599618688304679698,-134.00
2025-06-26 14:27:34.260477,599618688304679698,-115.00
2025-06-26 14:27:34.260477,599618688304679698,-127.00
2025-06-26 14:27:34.260477,599618688304679698,-129.00
2025-06-26 14:27:34.260477,599618688304679698,-124.00
2025-06-26 14:27:34.260477,599618688304679698,-129.00
2025-06-26 14:27:34.260477,599618688304679698,-127.00
2025-06-26 14:27:34.260477,599618688304679698,-115.00
2025-06-26 14:27:34.260477,599618688304679698,-110.00
2025-06-26 14:27:34.260477,599618688304679698,-117.00
2025-06-26 14:27:34.260477,599618688304679698,-132.00
2025-06-26 14:27:34.260477,599618688304679698,-144.00
2025-06-26 14:27:34.260477,599618688304679698,-127.00
2025-06-26 14:27:34.260477,599618688304679698,-90.00
2025-06-26 14:27:34.260477,599618688304679698,-78.00
2025-06-26 14:27:34.260477,599618688304679698,-97.00
2025-06-26 14:27:34.260477,599618688304679698,-100.00
2025-06-26 14:27:34.260477,599618688304679698,-93.00
2025-06-26 14:27:34.260477,599618688304679698,-95.00
2025-06-26 14:27:34.260477,599618688304679698,-97.00
2025-06-26 14:27:34.260477,599618688304679698,-97.00
2025-06-26 14:27:34.260477,599618688304679698,-107.00
2025-06-26 14:27:34.260477,599618688304679698,-105.00
2025-06-26 14:27:34.260477,599618688304679698,-90.00
2025-06-26 14:27:34.260477,599618688304679698,-73.00
2025-06-26 14:27:34.260477,599618688304679698,-63.00
2025-06-26 14:27:34.260477,599618688304679698,-71.00
2025-06-26 14:27:34.260477,599618688304679698,-66.00
2025-06-26 14:27:34.260477,599618688304679698,-48.00
2025-06-26 14:27:34.260477,599618688304679698,-68.00
2025-06-26 14:27:34.260477,599618688304679698,-85.00
2025-06-26 14:27:34.260477,599618688304679698,-71.00
2025-06-26 14:27:34.890233,599618688865407259,-68.00
2025-06-26 14:27:34.890233,599618688865407259,-71.00
2025-06-26 14:27:34.890233,599618688865407259,-73.00
2025-06-26 14:27:34.890233,599618688865407259,-80.00
2025-06-26 14:27:34.890233,599618688865407259,-73.00
2025-06-26 14:27:34.890233,599618688865407259,-63.00
2025-06-26 14:27:34.890233,599618688865407259,-80.00
2025-06-26 14:27:34.890233,599618688865407259,-100.00
2025-06-26 14:27:34.890233,599618688865407259,-75.00
2025-06-26 14:27:34.890233,599618688865407259,48.00
2025-06-26 14:27:34.890233,599618688865407259,296.00
2025-06-26 14:27:34.890233,599618688865407259,553.00
2025-06-26 14:27:34.890233,599618688865407259,624.00
2025-06-26 14:27:34.890233,599618688865407259,323.00
2025-06-26 14:27:34.890233,599618688865407259,-151.00
2025-06-26 14:27:34.890233,599618688865407259,-271.00
2025-06-26 14:27:34.890233,599618688865407259,-73.00
2025-06-26 14:27:34.890233,599618688865407259,-51.00
2025-06-26 14:27:34.890233,599618688865407259,-151.00
2025-06-26 14:27:34.890233,599618688865407259,-122.00
2025-06-26 14:27:34.890233,599618688865407259,-83.00
2025-06-26 14:27:34.890233,599618688865407259,-112.00
2025-06-26 14:27:34.890233,599618688865407259,-110.00
2025-06-26 14:27:34.890233,599618688865407259,-78.00
2025-06-26 14:27:34.890233,599618688865407259,-75.00
2025-06-26 14:27:34.890233,599618688865407259,-80.00
2025-06-26 14:27:34.890233,599618688865407259,-63.00
2025-06-26 14:27:34.890233,599618688865407259,-51.00
2025-06-26 14:27:34.890233,599618688865407259,-48.00
2025-06-26 14:27:34.890233,599618688865407259,-41.00
2025-06-26 14:27:34.890233,599618688865407259,-31.00
2025-06-26 14:27:34.890233,599618688865407259,-26.00
2025-06-26 14:27:34.890233,599618688865407259,-17.00
2025-06-26 14:27:34.890233,599618688865407259,-4.00
2025-06-26 14:27:34.890233,599618688865407259,0.00
2025-06-26 14:27:34.890233,599618688865407259,7.00
2025-06-26 14:27:34.890233,599618688865407259,26.00
2025-06-26 14:27:34.890233,599618688865407259,39.00
2025-06-26 14:27:34.890233,599618688865407259,39.00
2025-06-26 14:27:34.890233,599618688865407259,44.00
2025-06-26 14:27:34.890233,599618688865407259,51.00
2025-06-26 14:27:34.890233,599618688865407259,46.00
2025-06-26 14:27:34.890233,599618688865407259,34.00
2025-06-26 14:27:34.890233,599618688865407259,7.00
2025-06-26 14:27:34.890233,599618688865407259,-26.00
2025-06-26 14:27:34.890233,599618688865407259,-61.00
2025-06-26 14:27:34.890233,599618688865407259,-110.00
2025-06-26 14:27:34.890233,599618688865407259,-149.00
2025-06-26 14:27:34.890233,599618688865407259,-161.00
2025-06-26 14:27:34.890233,599618688865407259,-171.00
2025-06-26 14:27:34.890233,599618688865407259,-186.00
2025-06-26 14:27:34.890233,599618688865407259,-186.00
2025-06-26 14:27:34.890233,599618688865407259,-173.00
2025-06-26 14:27:34.890233,599618688865407259,-169.00
2025-06-26 14:27:34.890233,599618688865407259,-169.00
2025-06-26 14:27:34.890233,599618688865407259,-164.00
2025-06-26 14:27:34.890233,599618688865407259,-164.00
2025-06-26 14:27:34.890233,599618688865407259,-171.00
2025-06-26 14:27:34.890233,599618688865407259,-176.00
2025-06-26 14:27:34.890233,599618688865407259,-161.00
2025-06-26 14:27:34.890233,599618688865407259,-137.00
2025-06-26 14:27:34.890233,599618688865407259,-137.00
2025-06-26 14:27:34.890233,599618688865407259,-149.00
2025-06-26 14:27:34.890233,599618688865407259,-142.00
2025-06-26 14:27:34.890233,599618688865407259,-132.00
2025-06-26 14:27:34.890233,599618688865407259,-134.00
2025-06-26 14:27:34.890233,599618688865407259,-134.00
2025-06-26 14:27:34.890233,599618688865407259,-129.00
2025-06-26 14:27:34.890233,599618688865407259,-127.00
2025-06-26 14:27:34.890233,599618688865407259,-127.00
2025-06-26 14:27:34.890233,599618688865407259,-124.00
2025-06-26 14:27:34.890233,599618688865407259,-127.00
2025-06-26 14:27:34.890233,599618688865407259,-122.00
2025-06-26 14:27:35.460480,599618689426104300,-115.00
2025-06-26 14:27:35.460480,599618689426104300,-122.00
2025-06-26 14:27:35.460480,599618689426104300,-127.00
2025-06-26 14:27:35.460480,599618689426104300,-117.00
2025-06-26 14:27:35.460480,599618689426104300,-112.00
2025-06-26 14:27:35.460480,599618689426104300,-117.00
2025-06-26 14:27:35.460480,599618689426104300,-112.00
2025-06-26 14:27:35.460480,599618689426104300,-110.00
2025-06-26 14:27:35.460480,599618689426104300,-105.00
2025-06-26 14:27:35.460480,599618689426104300,-105.00
2025-06-26 14:27:35.460480,599618689426104300,-110.00
2025-06-26 14:27:35.460480,599618689426104300,-110.00
2025-06-26 14:27:35.460480,599618689426104300,-97.00
2025-06-26 14:27:35.460480,599618689426104300,-100.00
2025-06-26 14:27:35.460480,599618689426104300,-107.00
2025-06-26 14:27:35.460480,599618689426104300,-102.00
2025-06-26 14:27:35.460480,599618689426104300,-93.00
2025-06-26 14:27:35.460480,599618689426104300,-100.00
2025-06-26 14:27:35.460480,599618689426104300,-105.00
2025-06-26 14:27:35.460480,599618689426104300,-97.00
2025-06-26 14:27:35.460480,599618689426104300,-80.00
2025-06-26 14:27:35.460480,599618689426104300,-61.00
2025-06-26 14:27:35.460480,599618689426104300,-68.00
2025-06-26 14:27:35.460480,599618689426104300,-88.00
2025-06-26 14:27:35.460480,599618689426104300,-78.00
2025-06-26 14:27:35.460480,599618689426104300,-73.00
2025-06-26 14:27:35.460480,599618689426104300,-90.00
2025-06-26 14:27:35.460480,599618689426104300,-105.00
2025-06-26 14:27:35.460480,599618689426104300,-105.00
2025-06-26 14:27:35.460480,599618689426104300,-107.00
2025-06-26 14:27:35.460480,599618689426104300,-102.00
2025-06-26 14:27:35.460480,599618689426104300,-93.00
2025-06-26 14:27:35.460480,599618689426104300,-100.00
2025-06-26 14:27:35.460480,599618689426104300,-120.00
2025-06-26 14:27:35.460480,599618689426104300,-97.00
2025-06-26 14:27:35.460480,599618689426104300,24.00
2025-06-26 14:27:35.460480,599618689426104300,254.00
2025-06-26 14:27:35.460480,599618689426104300,511.00
2025-06-26 14:27:35.460480,599618689426104300,585.00
2025-06-26 14:27:35.460480,599618689426104300,262.00
2025-06-26 14:27:35.460480,599618689426104300,-203.00
2025-06-26 14:27:35.460480,599618689426104300,-286.00
2025-06-26 14:27:35.460480,599618689426104300,-93.00
2025-06-26 14:27:35.460480,599618689426104300,-88.00
2025-06-26 14:27:35.460480,599618689426104300,-181.00
2025-06-26 14:27:35.460480,599618689426104300,-151.00
2025-06-26 14:27:35.460480,599618689426104300,-117.00
2025-06-26 14:27:35.460480,599618689426104300,-137.00
2025-06-26 14:27:35.460480,599618689426104300,-132.00
2025-06-26 14:27:35.460480,599618689426104300,-117.00
2025-06-26 14:27:35.460480,599618689426104300,-112.00
2025-06-26 14:27:35.460480,599618689426104300,-100.00
2025-06-26 14:27:35.460480,599618689426104300,-85.00
2025-06-26 14:27:35.460480,599618689426104300,-80.00
2025-06-26 14:27:35.460480,599618689426104300,-71.00
2025-06-26 14:27:35.460480,599618689426104300,-58.00
2025-06-26 14:27:35.460480,599618689426104300,-53.00
2025-06-26 14:27:35.460480,599618689426104300,-48.00
2025-06-26 14:27:35.460480,599618689426104300,-41.00
2025-06-26 14:27:35.460480,599618689426104300,-31.00
2025-06-26 14:27:35.460480,599618689426104300,-17.00
2025-06-26 14:27:35.460480,599618689426104300,-4.00
2025-06-26 14:27:35.460480,599618689426104300,4.00
2025-06-26 14:27:35.460480,599618689426104300,9.00
2025-06-26 14:27:35.460480,599618689426104300,12.00
2025-06-26 14:27:35.460480,599618689426104300,22.00
2025-06-26 14:27:35.460480,599618689426104300,29.00
2025-06-26 14:27:35.460480,599618689426104300,24.00
2025-06-26 14:27:35.460480,599618689426104300,17.00
2025-06-26 14:27:35.460480,599618689426104300,-4.00
2025-06-26 14:27:35.460480,599618689426104300,-31.00
2025-06-26 14:27:35.460480,599618689426104300,-56.00
2025-06-26 14:27:35.460480,599618689426104300,-88.00
2025-06-26 14:27:36.000772,599618689986831859,-129.00
2025-06-26 14:27:36.000772,599618689986831859,-156.00
2025-06-26 14:27:36.000772,599618689986831859,-169.00
2025-06-26 14:27:36.000772,599618689986831859,-181.00
2025-06-26 14:27:36.000772,599618689986831859,-183.00
2025-06-26 14:27:36.000772,599618689986831859,-181.00
2025-06-26 14:27:36.000772,599618689986831859,-176.00
2025-06-26 14:27:36.000772,599618689986831859,-166.00
2025-06-26 14:27:36.000772,599618689986831859,-164.00
2025-06-26 14:27:36.000772,599618689986831859,-166.00
2025-06-26 14:27:36.000772,599618689986831859,-159.00
2025-06-26 14:27:36.000772,599618689986831859,-144.00
2025-06-26 14:27:36.000772,599618689986831859,-146.00
2025-06-26 14:27:36.000772,599618689986831859,-149.00
2025-06-26 14:27:36.000772,599618689986831859,-139.00
2025-06-26 14:27:36.000772,599618689986831859,-132.00
2025-06-26 14:27:36.000772,599618689986831859,-139.00
2025-06-26 14:27:36.000772,599618689986831859,-144.00
2025-06-26 14:27:36.000772,599618689986831859,-137.00
2025-06-26 14:27:36.000772,599618689986831859,-134.00
2025-06-26 14:27:36.000772,599618689986831859,-144.00
2025-06-26 14:27:36.000772,599618689986831859,-139.00
2025-06-26 14:27:36.000772,599618689986831859,-122.00
2025-06-26 14:27:36.000772,599618689986831859,-120.00
2025-06-26 14:27:36.000772,599618689986831859,-127.00
2025-06-26 14:27:36.000772,599618689986831859,-132.00
2025-06-26 14:27:36.000772,599618689986831859,-139.00
2025-06-26 14:27:36.000772,599618689986831859,-149.00
2025-06-26 14:27:36.000772,599618689986831859,-142.00
2025-06-26 14:27:36.000772,599618689986831859,-132.00
2025-06-26 14:27:36.000772,599618689986831859,-142.00
2025-06-26 14:27:36.000772,599618689986831859,-149.00
2025-06-26 14:27:36.000772,599618689986831859,-146.00
2025-06-26 14:27:36.000772,599618689986831859,-149.00
2025-06-26 14:27:36.000772,599618689986831859,-149.00
2025-06-26 14:27:36.000772,599618689986831859,-142.00
2025-06-26 14:27:36.000772,599618689986831859,-134.00
2025-06-26 14:27:36.000772,599618689986831859,-134.00
2025-06-26 14:27:36.000772,599618689986831859,-137.00
2025-06-26 14:27:36.000772,599618689986831859,-134.00
2025-06-26 14:27:36.000772,599618689986831859,-134.00
2025-06-26 14:27:36.000772,599618689986831859,-139.00
2025-06-26 14:27:36.000772,599618689986831859,-142.00
2025-06-26 14:27:36.000772,599618689986831859,-139.00
2025-06-26 14:27:36.000772,599618689986831859,-124.00
2025-06-26 14:27:36.000772,599618689986831859,-117.00
2025-06-26 14:27:36.000772,599618689986831859,-124.00
2025-06-26 14:27:36.000772,599618689986831859,-127.00
2025-06-26 14:27:36.000772,599618689986831859,-112.00
2025-06-26 14:27:36.000772,599618689986831859,-88.00
2025-06-26 14:27:36.000772,599618689986831859,-75.00
2025-06-26 14:27:36.000772,599618689986831859,-90.00
2025-06-26 14:27:36.000772,599618689986831859,-105.00
2025-06-26 14:27:36.000772,599618689986831859,-105.00
2025-06-26 14:27:36.000772,599618689986831859,-110.00
2025-06-26 14:27:36.000772,599618689986831859,-124.00
2025-06-26 14:27:36.000772,599618689986831859,-122.00
2025-06-26 14:27:36.000772,599618689986831859,-112.00
2025-06-26 14:27:36.000772,599618689986831859,-107.00
2025-06-26 14:27:36.000772,599618689986831859,-105.00
2025-06-26 14:27:36.000772,599618689986831859,-110.00
2025-06-26 14:27:36.000772,599618689986831859,-117.00
2025-06-26 14:27:36.000772,599618689986831859,-83.00
2025-06-26 14:27:36.000772,599618689986831859,56.00
2025-06-26 14:27:36.000772,599618689986831859,303.00
2025-06-26 14:27:36.000772,599618689986831859,563.00
2025-06-26 14:27:36.000772,599618689986831859,612.00
2025-06-26 14:27:36.000772,599618689986831859,276.00
2025-06-26 14:27:36.000772,599618689986831859,-193.00
2025-06-26 14:27:36.000772,599618689986831859,-289.00
2025-06-26 14:27:36.000772,599618689986831859,-97.00
2025-06-26 14:27:36.000772,599618689986831859,-75.00
2025-06-26 14:27:36.000772,599618689986831859,-151.00
2025-06-26 14:27:36.720215,599618690547549244,-124.00
2025-06-26 14:27:36.720215,599618690547549244,-100.00
2025-06-26 14:27:36.720215,599618690547549244,-110.00
2025-06-26 14:27:36.720215,599618690547549244,-95.00
2025-06-26 14:27:36.720215,599618690547549244,-75.00
2025-06-26 14:27:36.720215,599618690547549244,-71.00
2025-06-26 14:27:36.720215,599618690547549244,-63.00
2025-06-26 14:27:36.720215,599618690547549244,-51.00
2025-06-26 14:27:36.720215,599618690547549244,-41.00
2025-06-26 14:27:36.720215,599618690547549244,-36.00
2025-06-26 14:27:36.720215,599618690547549244,-29.00
2025-06-26 14:27:36.720215,599618690547549244,-19.00
2025-06-26 14:27:36.720215,599618690547549244,-7.00
2025-06-26 14:27:36.720215,599618690547549244,0.00
2025-06-26 14:27:36.720215,599618690547549244,7.00
2025-06-26 14:27:36.720215,599618690547549244,19.00
2025-06-26 14:27:36.720215,599618690547549244,29.00
2025-06-26 14:27:36.720215,599618690547549244,34.00
2025-06-26 14:27:36.720215,599618690547549244,39.00
2025-06-26 14:27:36.720215,599618690547549244,41.00
2025-06-26 14:27:36.720215,599618690547549244,44.00
2025-06-26 14:27:36.720215,599618690547549244,48.00
2025-06-26 14:27:36.720215,599618690547549244,51.00
2025-06-26 14:27:36.720215,599618690547549244,44.00
2025-06-26 14:27:36.720215,599618690547549244,26.00
2025-06-26 14:27:36.720215,599618690547549244,-4.00
2025-06-26 14:27:36.720215,599618690547549244,-41.00
2025-06-26 14:27:36.720215,599618690547549244,-83.00
2025-06-26 14:27:36.720215,599618690547549244,-124.00
2025-06-26 14:27:36.720215,599618690547549244,-151.00
2025-06-26 14:27:36.720215,599618690547549244,-164.00
2025-06-26 14:27:36.720215,599618690547549244,-166.00
2025-06-26 14:27:36.720215,599618690547549244,-166.00
2025-06-26 14:27:36.720215,599618690547549244,-166.00
2025-06-26 14:27:36.720215,599618690547549244,-166.00
2025-06-26 14:27:36.720215,599618690547549244,-159.00
2025-06-26 14:27:36.720215,599618690547549244,-144.00
2025-06-26 14:27:36.720215,599618690547549244,-142.00
2025-06-26 14:27:36.720215,599618690547549244,-139.00
2025-06-26 14:27:36.720215,599618690547549244,-124.00
2025-06-26 14:27:36.720215,599618690547549244,-120.00
2025-06-26 14:27:36.720215,599618690547549244,-124.00
2025-06-26 14:27:36.720215,599618690547549244,-120.00
2025-06-26 14:27:36.720215,599618690547549244,-112.00
2025-06-26 14:27:36.720215,599618690547549244,-112.00
2025-06-26 14:27:36.720215,599618690547549244,-115.00
2025-06-26 14:27:36.720215,599618690547549244,-112.00
2025-06-26 14:27:36.720215,599618690547549244,-110.00
2025-06-26 14:27:36.720215,599618690547549244,-107.00
2025-06-26 14:27:36.720215,599618690547549244,-105.00
2025-06-26 14:27:36.720215,599618690547549244,-105.00
2025-06-26 14:27:36.720215,599618690547549244,-107.00
2025-06-26 14:27:36.720215,599618690547549244,-107.00
2025-06-26 14:27:36.720215,599618690547549244,-102.00
2025-06-26 14:27:36.720215,599618690547549244,-97.00
2025-06-26 14:27:36.720215,599618690547549244,-102.00
2025-06-26 14:27:36.720215,599618690547549244,-105.00
2025-06-26 14:27:36.720215,599618690547549244,-100.00
2025-06-26 14:27:36.720215,599618690547549244,-97.00
2025-06-26 14:27:36.720215,599618690547549244,-102.00
2025-06-26 14:27:36.720215,599618690547549244,-97.00
2025-06-26 14:27:36.720215,599618690547549244,-90.00
2025-06-26 14:27:36.720215,599618690547549244,-90.00
2025-06-26 14:27:36.720215,599618690547549244,-90.00
2025-06-26 14:27:36.720215,599618690547549244,-90.00
2025-06-26 14:27:36.720215,599618690547549244,-95.00
2025-06-26 14:27:36.720215,599618690547549244,-97.00
2025-06-26 14:27:36.720215,599618690547549244,-88.00
2025-06-26 14:27:36.720215,599618690547549244,-80.00
2025-06-26 14:27:36.720215,599618690547549244,-90.00
2025-06-26 14:27:36.720215,599618690547549244,-93.00
2025-06-26 14:27:36.720215,599618690547549244,-61.00
2025-06-26 14:27:36.720215,599618690547549244,-34.00
2025-06-26 14:27:37.110808,599618691108256459,-44.00
2025-06-26 14:27:37.110808,599618691108256459,-63.00
2025-06-26 14:27:37.110808,599618691108256459,-68.00
2025-06-26 14:27:37.110808,599618691108256459,-66.00
2025-06-26 14:27:37.110808,599618691108256459,-75.00
2025-06-26 14:27:37.110808,599618691108256459,-83.00
2025-06-26 14:27:37.110808,599618691108256459,-83.00
2025-06-26 14:27:37.110808,599618691108256459,-78.00
2025-06-26 14:27:37.110808,599618691108256459,-78.00
2025-06-26 14:27:37.110808,599618691108256459,-83.00
2025-06-26 14:27:37.110808,599618691108256459,-83.00
2025-06-26 14:27:37.110808,599618691108256459,-88.00
2025-06-26 14:27:37.110808,599618691108256459,-58.00
2025-06-26 14:27:37.110808,599618691108256459,88.00
2025-06-26 14:27:37.110808,599618691108256459,364.00
2025-06-26 14:27:37.110808,599618691108256459,654.00
2025-06-26 14:27:37.110808,599618691108256459,693.00
2025-06-26 14:27:37.110808,599618691108256459,271.00
2025-06-26 14:27:37.110808,599618691108256459,-237.00
2025-06-26 14:27:37.110808,599618691108256459,-252.00
2025-06-26 14:27:37.110808,599618691108256459,-36.00
2025-06-26 14:27:37.110808,599618691108256459,-80.00
2025-06-26 14:27:37.110808,599618691108256459,-176.00
2025-06-26 14:27:37.110808,599618691108256459,-117.00
2025-06-26 14:27:37.110808,599618691108256459,-88.00
2025-06-26 14:27:37.110808,599618691108256459,-112.00
2025-06-26 14:27:37.110808,599618691108256459,-97.00
2025-06-26 14:27:37.110808,599618691108256459,-80.00
2025-06-26 14:27:37.110808,599618691108256459,-78.00
2025-06-26 14:27:37.110808,599618691108256459,-66.00
2025-06-26 14:27:37.110808,599618691108256459,-53.00
2025-06-26 14:27:37.110808,599618691108256459,-56.00
2025-06-26 14:27:37.110808,599618691108256459,-46.00
2025-06-26 14:27:37.110808,599618691108256459,-29.00
2025-06-26 14:27:37.110808,599618691108256459,-19.00
2025-06-26 14:27:37.110808,599618691108256459,-9.00
2025-06-26 14:27:37.110808,599618691108256459,4.00
2025-06-26 14:27:37.110808,599618691108256459,14.00
2025-06-26 14:27:37.110808,599618691108256459,22.00
2025-06-26 14:27:37.110808,599618691108256459,36.00
2025-06-26 14:27:37.110808,599618691108256459,51.00
2025-06-26 14:27:37.110808,599618691108256459,61.00
2025-06-26 14:27:37.110808,599618691108256459,68.00
2025-06-26 14:27:37.110808,599618691108256459,75.00
2025-06-26 14:27:37.110808,599618691108256459,78.00
2025-06-26 14:27:37.110808,599618691108256459,71.00
2025-06-26 14:27:37.110808,599618691108256459,63.00
2025-06-26 14:27:37.110808,599618691108256459,41.00
2025-06-26 14:27:37.110808,599618691108256459,-2.00
2025-06-26 14:27:37.110808,599618691108256459,-51.00
2025-06-26 14:27:37.110808,599618691108256459,-88.00
2025-06-26 14:27:37.110808,599618691108256459,-120.00
2025-06-26 14:27:37.110808,599618691108256459,-146.00
2025-06-26 14:27:37.110808,599618691108256459,-161.00
2025-06-26 14:27:37.110808,599618691108256459,-161.00
2025-06-26 14:27:37.110808,599618691108256459,-161.00
2025-06-26 14:27:37.110808,599618691108256459,-169.00
2025-06-26 14:27:37.110808,599618691108256459,-166.00
2025-06-26 14:27:37.110808,599618691108256459,-151.00
2025-06-26 14:27:37.110808,599618691108256459,-146.00
2025-06-26 14:27:37.110808,599618691108256459,-151.00
2025-06-26 14:27:37.110808,599618691108256459,-144.00
2025-06-26 14:27:37.110808,599618691108256459,-129.00
2025-06-26 14:27:37.110808,599618691108256459,-127.00
2025-06-26 14:27:37.110808,599618691108256459,-132.00
2025-06-26 14:27:37.110808,599618691108256459,-129.00
2025-06-26 14:27:37.110808,599618691108256459,-124.00
2025-06-26 14:27:37.110808,599618691108256459,-120.00
2025-06-26 14:27:37.110808,599618691108256459,-115.00
2025-06-26 14:27:37.110808,599618691108256459,-112.00
2025-06-26 14:27:37.110808,599618691108256459,-112.00
2025-06-26 14:27:37.110808,599618691108256459,-110.00
2025-06-26 14:27:37.110808,599618691108256459,-110.00
2025-06-26 14:27:37.649555,599618691668953500,-112.00
2025-06-26 14:27:37.649555,599618691668953500,-105.00
2025-06-26 14:27:37.649555,599618691668953500,-102.00
2025-06-26 14:27:37.649555,599618691668953500,-110.00
2025-06-26 14:27:37.649555,599618691668953500,-110.00
2025-06-26 14:27:37.649555,599618691668953500,-100.00
2025-06-26 14:27:37.649555,599618691668953500,-93.00
2025-06-26 14:27:37.649555,599618691668953500,-95.00
2025-06-26 14:27:37.649555,599618691668953500,-100.00
2025-06-26 14:27:37.649555,599618691668953500,-100.00
2025-06-26 14:27:37.649555,599618691668953500,-93.00
2025-06-26 14:27:37.649555,599618691668953500,-93.00
2025-06-26 14:27:37.649555,599618691668953500,-95.00
2025-06-26 14:27:37.649555,599618691668953500,-95.00
2025-06-26 14:27:37.649555,599618691668953500,-88.00
2025-06-26 14:27:37.649555,599618691668953500,-83.00
2025-06-26 14:27:37.649555,599618691668953500,-85.00
2025-06-26 14:27:37.649555,599618691668953500,-90.00
2025-06-26 14:27:37.649555,599618691668953500,-90.00
2025-06-26 14:27:37.649555,599618691668953500,-83.00
2025-06-26 14:27:37.649555,599618691668953500,-73.00
2025-06-26 14:27:37.649555,599618691668953500,-53.00
2025-06-26 14:27:37.649555,599618691668953500,-39.00
2025-06-26 14:27:37.649555,599618691668953500,-51.00
2025-06-26 14:27:37.649555,599618691668953500,-68.00
2025-06-26 14:27:37.649555,599618691668953500,-66.00
2025-06-26 14:27:37.649555,599618691668953500,-68.00
2025-06-26 14:27:37.649555,599618691668953500,-83.00
2025-06-26 14:27:37.649555,599618691668953500,-83.00
2025-06-26 14:27:37.649555,599618691668953500,-78.00
2025-06-26 14:27:37.649555,599618691668953500,-80.00
2025-06-26 14:27:37.649555,599618691668953500,-83.00
2025-06-26 14:27:37.649555,599618691668953500,-85.00
2025-06-26 14:27:37.649555,599618691668953500,-90.00
2025-06-26 14:27:37.649555,599618691668953500,-90.00
2025-06-26 14:27:37.649555,599618691668953500,-22.00
2025-06-26 14:27:37.649555,599618691668953500,176.00
2025-06-26 14:27:37.649555,599618691668953500,462.00
2025-06-26 14:27:37.649555,599618691668953500,673.00
2025-06-26 14:27:37.649555,599618691668953500,536.00
2025-06-26 14:27:37.649555,599618691668953500,26.00
2025-06-26 14:27:37.649555,599618691668953500,-315.00
2025-06-26 14:27:37.649555,599618691668953500,-166.00
2025-06-26 14:27:37.649555,599618691668953500,-24.00
2025-06-26 14:27:37.649555,599618691668953500,-122.00
2025-06-26 14:27:37.649555,599618691668953500,-149.00
2025-06-26 14:27:37.649555,599618691668953500,-95.00
2025-06-26 14:27:37.649555,599618691668953500,-107.00
2025-06-26 14:27:37.649555,599618691668953500,-115.00
2025-06-26 14:27:37.649555,599618691668953500,-78.00
2025-06-26 14:27:37.649555,599618691668953500,-68.00
2025-06-26 14:27:37.649555,599618691668953500,-78.00
2025-06-26 14:27:37.649555,599618691668953500,-63.00
2025-06-26 14:27:37.649555,599618691668953500,-48.00
2025-06-26 14:27:37.649555,599618691668953500,-46.00
2025-06-26 14:27:37.649555,599618691668953500,-39.00
2025-06-26 14:27:37.649555,599618691668953500,-24.00
2025-06-26 14:27:37.649555,599618691668953500,-17.00
2025-06-26 14:27:37.649555,599618691668953500,-12.00
2025-06-26 14:27:37.649555,599618691668953500,0.00
2025-06-26 14:27:37.649555,599618691668953500,17.00
2025-06-26 14:27:37.649555,599618691668953500,26.00
2025-06-26 14:27:37.649555,599618691668953500,34.00
2025-06-26 14:27:37.649555,599618691668953500,44.00
2025-06-26 14:27:37.649555,599618691668953500,58.00
2025-06-26 14:27:37.649555,599618691668953500,63.00
2025-06-26 14:27:37.649555,599618691668953500,66.00
2025-06-26 14:27:37.649555,599618691668953500,71.00
2025-06-26 14:27:37.649555,599618691668953500,73.00
2025-06-26 14:27:37.649555,599618691668953500,58.00
2025-06-26 14:27:37.649555,599618691668953500,22.00
2025-06-26 14:27:37.649555,599618691668953500,-24.00
2025-06-26 14:27:37.649555,599618691668953500,-63.00
2025-06-26 14:27:38.226065,599618692229681061,-97.00
2025-06-26 14:27:38.226065,599618692229681061,-134.00
2025-06-26 14:27:38.226065,599618692229681061,-156.00
2025-06-26 14:27:38.226065,599618692229681061,-164.00
2025-06-26 14:27:38.226065,599618692229681061,-164.00
2025-06-26 14:27:38.226065,599618692229681061,-166.00
2025-06-26 14:27:38.226065,599618692229681061,-166.00
2025-06-26 14:27:38.226065,599618692229681061,-161.00
2025-06-26 14:27:38.226065,599618692229681061,-144.00
2025-06-26 14:27:38.226065,599618692229681061,-134.00
2025-06-26 14:27:38.226065,599618692229681061,-132.00
2025-06-26 14:27:38.226065,599618692229681061,-122.00
2025-06-26 14:27:38.226065,599618692229681061,-120.00
2025-06-26 14:27:38.226065,599618692229681061,-124.00
2025-06-26 14:27:38.226065,599618692229681061,-112.00
2025-06-26 14:27:38.226065,599618692229681061,-102.00
2025-06-26 14:27:38.226065,599618692229681061,-107.00
2025-06-26 14:27:38.226065,599618692229681061,-107.00
2025-06-26 14:27:38.226065,599618692229681061,-102.00
2025-06-26 14:27:38.226065,599618692229681061,-105.00
2025-06-26 14:27:38.226065,599618692229681061,-110.00
2025-06-26 14:27:38.226065,599618692229681061,-97.00
2025-06-26 14:27:38.226065,599618692229681061,-80.00
2025-06-26 14:27:38.226065,599618692229681061,-80.00
2025-06-26 14:27:38.226065,599618692229681061,-88.00
2025-06-26 14:27:38.226065,599618692229681061,-85.00
2025-06-26 14:27:38.226065,599618692229681061,-85.00
2025-06-26 14:27:38.226065,599618692229681061,-85.00
2025-06-26 14:27:38.226065,599618692229681061,-78.00
2025-06-26 14:27:38.226065,599618692229681061,-71.00
2025-06-26 14:27:38.226065,599618692229681061,-68.00
2025-06-26 14:27:38.226065,599618692229681061,-71.00
2025-06-26 14:27:38.226065,599618692229681061,-75.00
2025-06-26 14:27:38.226065,599618692229681061,-73.00
2025-06-26 14:27:38.226065,599618692229681061,-68.00
2025-06-26 14:27:38.226065,599618692229681061,-66.00
2025-06-26 14:27:38.226065,599618692229681061,-66.00
2025-06-26 14:27:38.226065,599618692229681061,-61.00
2025-06-26 14:27:38.226065,599618692229681061,-61.00
2025-06-26 14:27:38.226065,599618692229681061,-61.00
2025-06-26 14:27:38.226065,599618692229681061,-53.00
2025-06-26 14:27:38.226065,599618692229681061,-48.00
2025-06-26 14:27:38.226065,599618692229681061,-56.00
2025-06-26 14:27:38.226065,599618692229681061,-46.00
2025-06-26 14:27:38.226065,599618692229681061,-19.00
2025-06-26 14:27:38.226065,599618692229681061,-2.00
2025-06-26 14:27:38.226065,599618692229681061,-9.00
2025-06-26 14:27:38.226065,599618692229681061,-26.00
2025-06-26 14:27:38.226065,599618692229681061,-34.00
2025-06-26 14:27:38.226065,599618692229681061,-34.00
2025-06-26 14:27:38.226065,599618692229681061,-36.00
2025-06-26 14:27:38.226065,599618692229681061,-41.00
2025-06-26 14:27:38.226065,599618692229681061,-48.00
2025-06-26 14:27:38.226065,599618692229681061,-48.00
2025-06-26 14:27:38.226065,599618692229681061,-51.00
2025-06-26 14:27:38.226065,599618692229681061,-56.00
2025-06-26 14:27:38.226065,599618692229681061,-56.00
2025-06-26 14:27:38.226065,599618692229681061,-56.00
2025-06-26 14:27:38.226065,599618692229681061,-41.00
2025-06-26 14:27:38.226065,599618692229681061,68.00
2025-06-26 14:27:38.226065,599618692229681061,311.00
2025-06-26 14:27:38.226065,599618692229681061,573.00
2025-06-26 14:27:38.226065,599618692229681061,636.00
2025-06-26 14:27:38.226065,599618692229681061,325.00
2025-06-26 14:27:38.226065,599618692229681061,-137.00
2025-06-26 14:27:38.226065,599618692229681061,-247.00
2025-06-26 14:27:38.226065,599618692229681061,-53.00
2025-06-26 14:27:38.226065,599618692229681061,-26.00
2025-06-26 14:27:38.226065,599618692229681061,-120.00
2025-06-26 14:27:38.226065,599618692229681061,-97.00
2025-06-26 14:27:38.226065,599618692229681061,-61.00
2025-06-26 14:27:38.226065,599618692229681061,-75.00
2025-06-26 14:27:38.226065,599618692229681061,-68.00
2025-06-26 14:27:38.790448,599618692790378102,-48.00
2025-06-26 14:27:38.790448,599618692790378102,-48.00
2025-06-26 14:27:38.790448,599618692790378102,-31.00
2025-06-26 14:27:38.790448,599618692790378102,-14.00
2025-06-26 14:27:38.790448,599618692790378102,-24.00
2025-06-26 14:27:38.790448,599618692790378102,-17.00
2025-06-26 14:27:38.790448,599618692790378102,4.00
2025-06-26 14:27:38.790448,599618692790378102,2.00
2025-06-26 14:27:38.790448,599618692790378102,7.00
2025-06-26 14:27:38.790448,599618692790378102,29.00
2025-06-26 14:27:38.790448,599618692790378102,31.00
2025-06-26 14:27:38.790448,599618692790378102,31.00
2025-06-26 14:27:38.790448,599618692790378102,51.00
2025-06-26 14:27:38.790448,599618692790378102,68.00
2025-06-26 14:27:38.790448,599618692790378102,73.00
2025-06-26 14:27:38.790448,599618692790378102,78.00
2025-06-26 14:27:38.790448,599618692790378102,80.00
2025-06-26 14:27:38.790448,599618692790378102,78.00
2025-06-26 14:27:38.790448,599618692790378102,78.00
2025-06-26 14:27:38.790448,599618692790378102,75.00
2025-06-26 14:27:38.790448,599618692790378102,61.00
2025-06-26 14:27:38.790448,599618692790378102,31.00
2025-06-26 14:27:38.790448,599618692790378102,-2.00
2025-06-26 14:27:38.790448,599618692790378102,-36.00
2025-06-26 14:27:38.790448,599618692790378102,-66.00
2025-06-26 14:27:38.790448,599618692790378102,-93.00
2025-06-26 14:27:38.790448,599618692790378102,-107.00
2025-06-26 14:27:38.790448,599618692790378102,-110.00
2025-06-26 14:27:38.790448,599618692790378102,-112.00
2025-06-26 14:27:38.790448,599618692790378102,-115.00
2025-06-26 14:27:38.790448,599618692790378102,-115.00
2025-06-26 14:27:38.790448,599618692790378102,-110.00
2025-06-26 14:27:38.790448,599618692790378102,-97.00
2025-06-26 14:27:38.790448,599618692790378102,-90.00
2025-06-26 14:27:38.790448,599618692790378102,-93.00
2025-06-26 14:27:38.790448,599618692790378102,-93.00
2025-06-26 14:27:38.790448,599618692790378102,-90.00
2025-06-26 14:27:38.790448,599618692790378102,-90.00
2025-06-26 14:27:38.790448,599618692790378102,-90.00
2025-06-26 14:27:38.790448,599618692790378102,-85.00
2025-06-26 14:27:38.790448,599618692790378102,-83.00
2025-06-26 14:27:38.790448,599618692790378102,-85.00
2025-06-26 14:27:38.790448,599618692790378102,-85.00
2025-06-26 14:27:38.790448,599618692790378102,-85.00
2025-06-26 14:27:38.790448,599618692790378102,-90.00
2025-06-26 14:27:38.790448,599618692790378102,-90.00
2025-06-26 14:27:38.790448,599618692790378102,-85.00
2025-06-26 14:27:38.790448,599618692790378102,-88.00
2025-06-26 14:27:38.790448,599618692790378102,-93.00
2025-06-26 14:27:38.790448,599618692790378102,-90.00
2025-06-26 14:27:38.790448,599618692790378102,-93.00
2025-06-26 14:27:38.790448,599618692790378102,-95.00
2025-06-26 14:27:38.790448,599618692790378102,-95.00
2025-06-26 14:27:38.790448,599618692790378102,-97.00
2025-06-26 14:27:38.790448,599618692790378102,-97.00
2025-06-26 14:27:38.790448,599618692790378102,-90.00
2025-06-26 14:27:38.790448,599618692790378102,-90.00
2025-06-26 14:27:38.790448,599618692790378102,-97.00
2025-06-26 14:27:38.790448,599618692790378102,-93.00
2025-06-26 14:27:38.790448,599618692790378102,-90.00
2025-06-26 14:27:38.790448,599618692790378102,-97.00
2025-06-26 14:27:38.790448,599618692790378102,-97.00
2025-06-26 14:27:38.790448,599618692790378102,-97.00
2025-06-26 14:27:38.790448,599618692790378102,-100.00
2025-06-26 14:27:38.790448,599618692790378102,-100.00
2025-06-26 14:27:38.790448,599618692790378102,-88.00
2025-06-26 14:27:38.790448,599618692790378102,-68.00
2025-06-26 14:27:38.790448,599618692790378102,-48.00
2025-06-26 14:27:38.790448,599618692790378102,-48.00
2025-06-26 14:27:38.790448,599618692790378102,-68.00
2025-06-26 14:27:38.790448,599618692790378102,-80.00
2025-06-26 14:27:38.790448,599618692790378102,-78.00
2025-06-26 14:27:38.790448,599618692790378102,-88.00
2025-06-26 14:27:39.330428,599618693351105661,-105.00
2025-06-26 14:27:39.330428,599618693351105661,-105.00
2025-06-26 14:27:39.330428,599618693351105661,-100.00
2025-06-26 14:27:39.330428,599618693351105661,-97.00
2025-06-26 14:27:39.330428,599618693351105661,-100.00
2025-06-26 14:27:39.330428,599618693351105661,-105.00
2025-06-26 14:27:39.330428,599618693351105661,-107.00
2025-06-26 14:27:39.330428,599618693351105661,-56.00
2025-06-26 14:27:39.330428,599618693351105661,97.00
2025-06-26 14:27:39.330428,599618693351105661,340.00
2025-06-26 14:27:39.330428,599618693351105661,546.00
2025-06-26 14:27:39.330428,599618693351105661,489.00
2025-06-26 14:27:39.330428,599618693351105661,102.00
2025-06-26 14:27:39.330428,599618693351105661,-259.00
2025-06-26 14:27:39.330428,599618693351105661,-232.00
2025-06-26 14:27:39.330428,599618693351105661,-71.00
2025-06-26 14:27:39.330428,599618693351105661,-90.00
2025-06-26 14:27:39.330428,599618693351105661,-137.00
2025-06-26 14:27:39.330428,599618693351105661,-100.00
2025-06-26 14:27:39.330428,599618693351105661,-85.00
2025-06-26 14:27:39.330428,599618693351105661,-95.00
2025-06-26 14:27:39.330428,599618693351105661,-83.00
2025-06-26 14:27:39.330428,599618693351105661,-63.00
2025-06-26 14:27:39.330428,599618693351105661,-56.00
2025-06-26 14:27:39.330428,599618693351105661,-53.00
2025-06-26 14:27:39.330428,599618693351105661,-44.00
2025-06-26 14:27:39.330428,599618693351105661,-29.00
2025-06-26 14:27:39.330428,599618693351105661,-26.00
2025-06-26 14:27:39.330428,599618693351105661,-22.00
2025-06-26 14:27:39.330428,599618693351105661,-7.00
2025-06-26 14:27:39.330428,599618693351105661,4.00
2025-06-26 14:27:39.330428,599618693351105661,7.00
2025-06-26 14:27:39.330428,599618693351105661,14.00
2025-06-26 14:27:39.330428,599618693351105661,29.00
2025-06-26 14:27:39.330428,599618693351105661,41.00
2025-06-26 14:27:39.330428,599618693351105661,34.00
2025-06-26 14:27:39.330428,599618693351105661,36.00
2025-06-26 14:27:39.330428,599618693351105661,51.00
2025-06-26 14:27:39.330428,599618693351105661,56.00
2025-06-26 14:27:39.330428,599618693351105661,53.00
2025-06-26 14:27:39.330428,599618693351105661,63.00
2025-06-26 14:27:39.330428,599618693351105661,61.00
2025-06-26 14:27:39.330428,599618693351105661,29.00
2025-06-26 14:27:39.330428,599618693351105661,0.00
2025-06-26 14:27:39.330428,599618693351105661,-29.00
2025-06-26 14:27:39.330428,599618693351105661,-73.00
2025-06-26 14:27:39.330428,599618693351105661,-107.00
2025-06-26 14:27:39.330428,599618693351105661,-122.00
2025-06-26 14:27:39.330428,599618693351105661,-129.00
2025-06-26 14:27:39.330428,599618693351105661,-134.00
2025-06-26 14:27:39.330428,599618693351105661,-134.00
2025-06-26 14:27:39.330428,599618693351105661,-132.00
2025-06-26 14:27:39.330428,599618693351105661,-129.00
2025-06-26 14:27:39.330428,599618693351105661,-124.00
2025-06-26 14:27:39.330428,599618693351105661,-117.00
2025-06-26 14:27:39.330428,599618693351105661,-110.00
2025-06-26 14:27:39.330428,599618693351105661,-102.00
2025-06-26 14:27:39.330428,599618693351105661,-95.00
2025-06-26 14:27:39.330428,599618693351105661,-90.00
2025-06-26 14:27:39.330428,599618693351105661,-90.00
2025-06-26 14:27:39.330428,599618693351105661,-85.00
2025-06-26 14:27:39.330428,599618693351105661,-85.00
2025-06-26 14:27:39.330428,599618693351105661,-85.00
2025-06-26 14:27:39.330428,599618693351105661,-75.00
2025-06-26 14:27:39.330428,599618693351105661,-73.00
2025-06-26 14:27:39.330428,599618693351105661,-78.00
2025-06-26 14:27:39.330428,599618693351105661,-78.00
2025-06-26 14:27:39.330428,599618693351105661,-75.00
2025-06-26 14:27:39.330428,599618693351105661,-78.00
2025-06-26 14:27:39.330428,599618693351105661,-80.00
2025-06-26 14:27:39.330428,599618693351105661,-80.00
2025-06-26 14:27:39.330428,599618693351105661,-75.00
2025-06-26 14:27:39.330428,599618693351105661,-73.00
2025-06-26 14:27:39.900526,599618693911823046,-78.00
2025-06-26 14:27:39.900526,599618693911823046,-83.00
2025-06-26 14:27:39.900526,599618693911823046,-75.00
2025-06-26 14:27:39.900526,599618693911823046,-66.00
2025-06-26 14:27:39.900526,599618693911823046,-73.00
2025-06-26 14:27:39.900526,599618693911823046,-78.00
2025-06-26 14:27:39.900526,599618693911823046,-68.00
2025-06-26 14:27:39.900526,599618693911823046,-63.00
2025-06-26 14:27:39.900526,599618693911823046,-68.00
2025-06-26 14:27:39.900526,599618693911823046,-71.00
2025-06-26 14:27:39.900526,599618693911823046,-66.00
2025-06-26 14:27:39.900526,599618693911823046,-58.00
2025-06-26 14:27:39.900526,599618693911823046,-41.00
2025-06-26 14:27:39.900526,599618693911823046,-22.00
2025-06-26 14:27:39.900526,599618693911823046,-24.00
2025-06-26 14:27:39.900526,599618693911823046,-44.00
2025-06-26 14:27:39.900526,599618693911823046,-48.00
2025-06-26 14:27:39.900526,599618693911823046,-46.00
2025-06-26 14:27:39.900526,599618693911823046,-61.00
2025-06-26 14:27:39.900526,599618693911823046,-66.00
2025-06-26 14:27:39.900526,599618693911823046,-61.00
2025-06-26 14:27:39.900526,599618693911823046,-71.00
2025-06-26 14:27:39.900526,599618693911823046,-75.00
2025-06-26 14:27:39.900526,599618693911823046,-68.00
2025-06-26 14:27:39.900526,599618693911823046,-66.00
2025-06-26 14:27:39.900526,599618693911823046,-75.00
2025-06-26 14:27:39.900526,599618693911823046,-56.00
2025-06-26 14:27:39.900526,599618693911823046,61.00
2025-06-26 14:27:39.900526,599618693911823046,303.00
2025-06-26 14:27:39.900526,599618693911823046,551.00
2025-06-26 14:27:39.900526,599618693911823046,556.00
2025-06-26 14:27:39.900526,599618693911823046,198.00
2025-06-26 14:27:39.900526,599618693911823046,-208.00
2025-06-26 14:27:39.900526,599618693911823046,-235.00
2025-06-26 14:27:39.900526,599618693911823046,-61.00
2025-06-26 14:27:39.900526,599618693911823046,-66.00
2025-06-26 14:27:39.900526,599618693911823046,-127.00
2025-06-26 14:27:39.900526,599618693911823046,-95.00
2025-06-26 14:27:39.900526,599618693911823046,-73.00
2025-06-26 14:27:39.900526,599618693911823046,-90.00
2025-06-26 14:27:39.900526,599618693911823046,-78.00
2025-06-26 14:27:39.900526,599618693911823046,-63.00
2025-06-26 14:27:39.900526,599618693911823046,-63.00
2025-06-26 14:27:39.900526,599618693911823046,-53.00
2025-06-26 14:27:39.900526,599618693911823046,-39.00
2025-06-26 14:27:39.900526,599618693911823046,-34.00
2025-06-26 14:27:39.900526,599618693911823046,-31.00
2025-06-26 14:27:39.900526,599618693911823046,-24.00
2025-06-26 14:27:39.900526,599618693911823046,-17.00
2025-06-26 14:27:39.900526,599618693911823046,-9.00
2025-06-26 14:27:39.900526,599618693911823046,0.00
2025-06-26 14:27:39.900526,599618693911823046,12.00
2025-06-26 14:27:39.900526,599618693911823046,22.00
2025-06-26 14:27:39.900526,599618693911823046,29.00
2025-06-26 14:27:39.900526,599618693911823046,36.00
2025-06-26 14:27:39.900526,599618693911823046,41.00
2025-06-26 14:27:39.900526,599618693911823046,48.00
2025-06-26 14:27:39.900526,599618693911823046,51.00
2025-06-26 14:27:39.900526,599618693911823046,48.00
2025-06-26 14:27:39.900526,599618693911823046,48.00
2025-06-26 14:27:39.900526,599618693911823046,39.00
2025-06-26 14:27:39.900526,599618693911823046,19.00
2025-06-26 14:27:39.900526,599618693911823046,-7.00
2025-06-26 14:27:39.900526,599618693911823046,-46.00
2025-06-26 14:27:39.900526,599618693911823046,-83.00
2025-06-26 14:27:39.900526,599618693911823046,-102.00
2025-06-26 14:27:39.900526,599618693911823046,-120.00
2025-06-26 14:27:39.900526,599618693911823046,-134.00
2025-06-26 14:27:39.900526,599618693911823046,-142.00
2025-06-26 14:27:39.900526,599618693911823046,-137.00
2025-06-26 14:27:39.900526,599618693911823046,-134.00
2025-06-26 14:27:39.900526,599618693911823046,-134.00
2025-06-26 14:27:39.900526,599618693911823046,-129.00
2025-06-26 14:27:40.440525,599618694472530261,-122.00
2025-06-26 14:27:40.440525,599618694472530261,-115.00
2025-06-26 14:27:40.440525,599618694472530261,-112.00
2025-06-26 14:27:40.440525,599618694472530261,-110.00
2025-06-26 14:27:40.440525,599618694472530261,-102.00
2025-06-26 14:27:40.440525,599618694472530261,-100.00
2025-06-26 14:27:40.440525,599618694472530261,-97.00
2025-06-26 14:27:40.440525,599618694472530261,-88.00
2025-06-26 14:27:40.440525,599618694472530261,-75.00
2025-06-26 14:27:40.440525,599618694472530261,-83.00
2025-06-26 14:27:40.440525,599618694472530261,-90.00
2025-06-26 14:27:40.440525,599618694472530261,-85.00
2025-06-26 14:27:40.440525,599618694472530261,-75.00
2025-06-26 14:27:40.440525,599618694472530261,-73.00
2025-06-26 14:27:40.440525,599618694472530261,-78.00
2025-06-26 14:27:40.440525,599618694472530261,-78.00
2025-06-26 14:27:40.440525,599618694472530261,-78.00
2025-06-26 14:27:40.440525,599618694472530261,-78.00
2025-06-26 14:27:40.440525,599618694472530261,-78.00
2025-06-26 14:27:40.440525,599618694472530261,-80.00
2025-06-26 14:27:40.440525,599618694472530261,-78.00
2025-06-26 14:27:40.440525,599618694472530261,-80.00
2025-06-26 14:27:40.440525,599618694472530261,-83.00
2025-06-26 14:27:40.440525,599618694472530261,-78.00
2025-06-26 14:27:40.440525,599618694472530261,-71.00
2025-06-26 14:27:40.440525,599618694472530261,-75.00
2025-06-26 14:27:40.440525,599618694472530261,-73.00
2025-06-26 14:27:40.440525,599618694472530261,-71.00
2025-06-26 14:27:40.440525,599618694472530261,-75.00
2025-06-26 14:27:40.440525,599618694472530261,-73.00
2025-06-26 14:27:40.440525,599618694472530261,-71.00
2025-06-26 14:27:40.440525,599618694472530261,-78.00
2025-06-26 14:27:40.440525,599618694472530261,-78.00
2025-06-26 14:27:40.440525,599618694472530261,-58.00
2025-06-26 14:27:40.440525,599618694472530261,-36.00
2025-06-26 14:27:40.440525,599618694472530261,-29.00
2025-06-26 14:27:40.440525,599618694472530261,-36.00
2025-06-26 14:27:40.440525,599618694472530261,-44.00
2025-06-26 14:27:40.440525,599618694472530261,-48.00
2025-06-26 14:27:40.440525,599618694472530261,-53.00
2025-06-26 14:27:40.440525,599618694472530261,-61.00
2025-06-26 14:27:40.440525,599618694472530261,-66.00
2025-06-26 14:27:40.440525,599618694472530261,-71.00
2025-06-26 14:27:40.440525,599618694472530261,-73.00
2025-06-26 14:27:40.440525,599618694472530261,-71.00
2025-06-26 14:27:40.440525,599618694472530261,-68.00
2025-06-26 14:27:40.440525,599618694472530261,-73.00
2025-06-26 14:27:40.440525,599618694472530261,-83.00
2025-06-26 14:27:40.440525,599618694472530261,-39.00
2025-06-26 14:27:40.440525,599618694472530261,129.00
2025-06-26 14:27:40.440525,599618694472530261,396.00
2025-06-26 14:27:40.440525,599618694472530261,585.00
2025-06-26 14:27:40.440525,599618694472530261,477.00
2025-06-26 14:27:40.440525,599618694472530261,61.00
2025-06-26 14:27:40.440525,599618694472530261,-267.00
2025-06-26 14:27:40.440525,599618694472530261,-183.00
2025-06-26 14:27:40.440525,599618694472530261,-34.00
2025-06-26 14:27:40.440525,599618694472530261,-97.00
2025-06-26 14:27:40.440525,599618694472530261,-137.00
2025-06-26 14:27:40.440525,599618694472530261,-85.00
2025-06-26 14:27:40.440525,599618694472530261,-80.00
2025-06-26 14:27:40.440525,599618694472530261,-95.00
2025-06-26 14:27:40.440525,599618694472530261,-78.00
2025-06-26 14:27:40.440525,599618694472530261,-63.00
2025-06-26 14:27:40.440525,599618694472530261,-61.00
2025-06-26 14:27:40.440525,599618694472530261,-53.00
2025-06-26 14:27:40.440525,599618694472530261,-44.00
2025-06-26 14:27:40.440525,599618694472530261,-39.00
2025-06-26 14:27:40.440525,599618694472530261,-34.00
2025-06-26 14:27:40.440525,599618694472530261,-24.00
2025-06-26 14:27:40.440525,599618694472530261,-12.00
2025-06-26 14:27:40.440525,599618694472530261,-2.00
2025-06-26 14:27:40.440525,599618694472530261,7.00
2025-06-26 14:27:41.012161,599618695033227302,17.00
2025-06-26 14:27:41.012161,599618695033227302,24.00
2025-06-26 14:27:41.012161,599618695033227302,34.00
2025-06-26 14:27:41.012161,599618695033227302,44.00
2025-06-26 14:27:41.012161,599618695033227302,48.00
2025-06-26 14:27:41.012161,599618695033227302,58.00
2025-06-26 14:27:41.012161,599618695033227302,66.00
2025-06-26 14:27:41.012161,599618695033227302,66.00
2025-06-26 14:27:41.012161,599618695033227302,63.00
2025-06-26 14:27:41.012161,599618695033227302,51.00
2025-06-26 14:27:41.012161,599618695033227302,24.00
2025-06-26 14:27:41.012161,599618695033227302,-9.00
2025-06-26 14:27:41.012161,599618695033227302,-46.00
2025-06-26 14:27:41.012161,599618695033227302,-80.00
2025-06-26 14:27:41.012161,599618695033227302,-102.00
2025-06-26 14:27:41.012161,599618695033227302,-115.00
2025-06-26 14:27:41.012161,599618695033227302,-124.00
2025-06-26 14:27:41.012161,599618695033227302,-132.00
2025-06-26 14:27:41.012161,599618695033227302,-134.00
2025-06-26 14:27:41.012161,599618695033227302,-129.00
2025-06-26 14:27:41.012161,599618695033227302,-124.00
2025-06-26 14:27:41.012161,599618695033227302,-122.00
2025-06-26 14:27:41.012161,599618695033227302,-117.00
2025-06-26 14:27:41.012161,599618695033227302,-110.00
2025-06-26 14:27:41.012161,599618695033227302,-107.00
2025-06-26 14:27:41.012161,599618695033227302,-102.00
2025-06-26 14:27:41.012161,599618695033227302,-100.00
2025-06-26 14:27:41.012161,599618695033227302,-97.00
2025-06-26 14:27:41.012161,599618695033227302,-93.00
2025-06-26 14:27:41.012161,599618695033227302,-85.00
2025-06-26 14:27:41.012161,599618695033227302,-83.00
2025-06-26 14:27:41.012161,599618695033227302,-80.00
2025-06-26 14:27:41.012161,599618695033227302,-75.00
2025-06-26 14:27:41.012161,599618695033227302,-75.00
2025-06-26 14:27:41.012161,599618695033227302,-73.00
2025-06-26 14:27:41.012161,599618695033227302,-75.00
2025-06-26 14:27:41.012161,599618695033227302,-80.00
2025-06-26 14:27:41.012161,599618695033227302,-83.00
2025-06-26 14:27:41.012161,599618695033227302,-80.00
2025-06-26 14:27:41.012161,599618695033227302,-78.00
2025-06-26 14:27:41.012161,599618695033227302,-75.00
2025-06-26 14:27:41.012161,599618695033227302,-75.00
2025-06-26 14:27:41.012161,599618695033227302,-75.00
2025-06-26 14:27:41.012161,599618695033227302,-75.00
2025-06-26 14:27:41.012161,599618695033227302,-71.00
2025-06-26 14:27:41.012161,599618695033227302,-71.00
2025-06-26 14:27:41.012161,599618695033227302,-71.00
2025-06-26 14:27:41.012161,599618695033227302,-71.00
2025-06-26 14:27:41.012161,599618695033227302,-68.00
2025-06-26 14:27:41.012161,599618695033227302,-63.00
2025-06-26 14:27:41.012161,599618695033227302,-63.00
2025-06-26 14:27:41.012161,599618695033227302,-66.00
2025-06-26 14:27:41.012161,599618695033227302,-66.00
2025-06-26 14:27:41.012161,599618695033227302,-68.00
2025-06-26 14:27:41.012161,599618695033227302,-63.00
2025-06-26 14:27:41.012161,599618695033227302,-44.00
2025-06-26 14:27:41.012161,599618695033227302,-22.00
2025-06-26 14:27:41.012161,599618695033227302,-19.00
2025-06-26 14:27:41.012161,599618695033227302,-34.00
2025-06-26 14:27:41.012161,599618695033227302,-44.00
2025-06-26 14:27:41.012161,599618695033227302,-46.00
2025-06-26 14:27:41.012161,599618695033227302,-48.00
2025-06-26 14:27:41.012161,599618695033227302,-61.00
2025-06-26 14:27:41.012161,599618695033227302,-66.00
2025-06-26 14:27:41.012161,599618695033227302,-58.00
2025-06-26 14:27:41.012161,599618695033227302,-56.00
2025-06-26 14:27:41.012161,599618695033227302,-56.00
2025-06-26 14:27:41.012161,599618695033227302,-56.00
2025-06-26 14:27:41.012161,599618695033227302,-61.00
2025-06-26 14:27:41.012161,599618695033227302,-63.00
2025-06-26 14:27:41.012161,599618695033227302,0.00
2025-06-26 14:27:41.012161,599618695033227302,188.00
2025-06-26 14:27:41.012161,599618695033227302,448.00
2025-06-26 14:27:41.670009,599618695593954863,597.00
2025-06-26 14:27:41.670009,599618695593954863,426.00
2025-06-26 14:27:41.670009,599618695593954863,-17.00
2025-06-26 14:27:41.670009,599618695593954863,-274.00
2025-06-26 14:27:41.670009,599618695593954863,-137.00
2025-06-26 14:27:41.670009,599618695593954863,-22.00
2025-06-26 14:27:41.670009,599618695593954863,-95.00
2025-06-26 14:27:41.670009,599618695593954863,-107.00
2025-06-26 14:27:41.670009,599618695593954863,-66.00
2025-06-26 14:27:41.670009,599618695593954863,-73.00
2025-06-26 14:27:41.670009,599618695593954863,-78.00
2025-06-26 14:27:41.670009,599618695593954863,-56.00
2025-06-26 14:27:41.670009,599618695593954863,-51.00
2025-06-26 14:27:41.670009,599618695593954863,-51.00
2025-06-26 14:27:41.670009,599618695593954863,-39.00
2025-06-26 14:27:41.670009,599618695593954863,-31.00
2025-06-26 14:27:41.670009,599618695593954863,-26.00
2025-06-26 14:27:41.670009,599618695593954863,-17.00
2025-06-26 14:27:41.670009,599618695593954863,-7.00
2025-06-26 14:27:41.670009,599618695593954863,0.00
2025-06-26 14:27:41.670009,599618695593954863,9.00
2025-06-26 14:27:41.670009,599618695593954863,19.00
2025-06-26 14:27:41.670009,599618695593954863,29.00
2025-06-26 14:27:41.670009,599618695593954863,39.00
2025-06-26 14:27:41.670009,599618695593954863,48.00
2025-06-26 14:27:41.670009,599618695593954863,56.00
2025-06-26 14:27:41.670009,599618695593954863,63.00
2025-06-26 14:27:41.670009,599618695593954863,68.00
2025-06-26 14:27:41.670009,599618695593954863,71.00
2025-06-26 14:27:41.670009,599618695593954863,73.00
2025-06-26 14:27:41.670009,599618695593954863,66.00
2025-06-26 14:27:41.670009,599618695593954863,48.00
2025-06-26 14:27:41.670009,599618695593954863,22.00
2025-06-26 14:27:41.670009,599618695593954863,-9.00
2025-06-26 14:27:41.670009,599618695593954863,-44.00
2025-06-26 14:27:41.670009,599618695593954863,-75.00
2025-06-26 14:27:41.670009,599618695593954863,-110.00
2025-06-26 14:27:41.670009,599618695593954863,-127.00
2025-06-26 14:27:41.670009,599618695593954863,-129.00
2025-06-26 14:27:41.670009,599618695593954863,-134.00
2025-06-26 14:27:41.670009,599618695593954863,-139.00
2025-06-26 14:27:41.670009,599618695593954863,-132.00
2025-06-26 14:27:41.670009,599618695593954863,-120.00
2025-06-26 14:27:41.670009,599618695593954863,-117.00
2025-06-26 14:27:41.670009,599618695593954863,-120.00
2025-06-26 14:27:41.670009,599618695593954863,-107.00
2025-06-26 14:27:41.670009,599618695593954863,-97.00
2025-06-26 14:27:41.670009,599618695593954863,-97.00
2025-06-26 14:27:41.670009,599618695593954863,-100.00
2025-06-26 14:27:41.670009,599618695593954863,-95.00
2025-06-26 14:27:41.670009,599618695593954863,-90.00
2025-06-26 14:27:41.670009,599618695593954863,-88.00
2025-06-26 14:27:41.670009,599618695593954863,-83.00
2025-06-26 14:27:41.670009,599618695593954863,-80.00
2025-06-26 14:27:41.670009,599618695593954863,-80.00
2025-06-26 14:27:41.670009,599618695593954863,-80.00
2025-06-26 14:27:41.670009,599618695593954863,-78.00
2025-06-26 14:27:41.670009,599618695593954863,-71.00
2025-06-26 14:27:41.670009,599618695593954863,-75.00
2025-06-26 14:27:41.670009,599618695593954863,-80.00
2025-06-26 14:27:41.670009,599618695593954863,-78.00
2025-06-26 14:27:41.670009,599618695593954863,-75.00
2025-06-26 14:27:41.670009,599618695593954863,-75.00
2025-06-26 14:27:41.670009,599618695593954863,-75.00
2025-06-26 14:27:41.670009,599618695593954863,-71.00
2025-06-26 14:27:41.670009,599618695593954863,-75.00
2025-06-26 14:27:41.670009,599618695593954863,-83.00
2025-06-26 14:27:41.670009,599618695593954863,-78.00
2025-06-26 14:27:41.670009,599618695593954863,-68.00
2025-06-26 14:27:41.670009,599618695593954863,-66.00
2025-06-26 14:27:41.670009,599618695593954863,-71.00
2025-06-26 14:27:41.670009,599618695593954863,-71.00
2025-06-26 14:27:41.670009,599618695593954863,-73.00
2025-06-26 14:27:42.150610,599618696154682422,-78.00
2025-06-26 14:27:42.150610,599618696154682422,-75.00
2025-06-26 14:27:42.150610,599618696154682422,-68.00
2025-06-26 14:27:42.150610,599618696154682422,-51.00
2025-06-26 14:27:42.150610,599618696154682422,-29.00
2025-06-26 14:27:42.150610,599618696154682422,-22.00
2025-06-26 14:27:42.150610,599618696154682422,-39.00
2025-06-26 14:27:42.150610,599618696154682422,-46.00
2025-06-26 14:27:42.150610,599618696154682422,-41.00
2025-06-26 14:27:42.150610,599618696154682422,-48.00
2025-06-26 14:27:42.150610,599618696154682422,-61.00
2025-06-26 14:27:42.150610,599618696154682422,-61.00
2025-06-26 14:27:42.150610,599618696154682422,-58.00
2025-06-26 14:27:42.150610,599618696154682422,-66.00
2025-06-26 14:27:42.150610,599618696154682422,-71.00
2025-06-26 14:27:42.150610,599618696154682422,-68.00
2025-06-26 14:27:42.150610,599618696154682422,-68.00
2025-06-26 14:27:42.150610,599618696154682422,-61.00
2025-06-26 14:27:42.150610,599618696154682422,22.00
2025-06-26 14:27:42.150610,599618696154682422,242.00
2025-06-26 14:27:42.150610,599618696154682422,509.00
2025-06-26 14:27:42.150610,599618696154682422,627.00
2025-06-26 14:27:42.150610,599618696154682422,413.00
2025-06-26 14:27:42.150610,599618696154682422,-34.00
2025-06-26 14:27:42.150610,599618696154682422,-259.00
2025-06-26 14:27:42.150610,599618696154682422,-117.00
2025-06-26 14:27:42.150610,599618696154682422,-31.00
2025-06-26 14:27:42.150610,599618696154682422,-110.00
2025-06-26 14:27:42.150610,599618696154682422,-93.00
2025-06-26 14:27:42.150610,599618696154682422,-44.00
2025-06-26 14:27:42.150610,599618696154682422,-63.00
2025-06-26 14:27:42.150610,599618696154682422,-68.00
2025-06-26 14:27:42.150610,599618696154682422,-44.00
2025-06-26 14:27:42.150610,599618696154682422,-44.00
2025-06-26 14:27:42.150610,599618696154682422,-41.00
2025-06-26 14:27:42.150610,599618696154682422,-22.00
2025-06-26 14:27:42.150610,599618696154682422,-9.00
2025-06-26 14:27:42.150610,599618696154682422,-12.00
2025-06-26 14:27:42.150610,599618696154682422,-7.00
2025-06-26 14:27:42.150610,599618696154682422,0.00
2025-06-26 14:27:42.150610,599618696154682422,12.00
2025-06-26 14:27:42.150610,599618696154682422,22.00
2025-06-26 14:27:42.150610,599618696154682422,26.00
2025-06-26 14:27:42.150610,599618696154682422,34.00
2025-06-26 14:27:42.150610,599618696154682422,48.00
2025-06-26 14:27:42.150610,599618696154682422,66.00
2025-06-26 14:27:42.150610,599618696154682422,71.00
2025-06-26 14:27:42.150610,599618696154682422,75.00
2025-06-26 14:27:42.150610,599618696154682422,80.00
2025-06-26 14:27:42.150610,599618696154682422,80.00
2025-06-26 14:27:42.150610,599618696154682422,80.00
2025-06-26 14:27:42.150610,599618696154682422,78.00
2025-06-26 14:27:42.150610,599618696154682422,56.00
2025-06-26 14:27:42.150610,599618696154682422,19.00
2025-06-26 14:27:42.150610,599618696154682422,-19.00
2025-06-26 14:27:42.150610,599618696154682422,-53.00
2025-06-26 14:27:42.150610,599618696154682422,-85.00
2025-06-26 14:27:42.150610,599618696154682422,-112.00
2025-06-26 14:27:42.150610,599618696154682422,-124.00
2025-06-26 14:27:42.150610,599618696154682422,-124.00
2025-06-26 14:27:42.150610,599618696154682422,-122.00
2025-06-26 14:27:42.150610,599618696154682422,-120.00
2025-06-26 14:27:42.150610,599618696154682422,-115.00
2025-06-26 14:27:42.150610,599618696154682422,-115.00
2025-06-26 14:27:42.150610,599618696154682422,-112.00
2025-06-26 14:27:42.150610,599618696154682422,-107.00
2025-06-26 14:27:42.150610,599618696154682422,-100.00
2025-06-26 14:27:42.150610,599618696154682422,-93.00
2025-06-26 14:27:42.150610,599618696154682422,-90.00
2025-06-26 14:27:42.150610,599618696154682422,-90.00
2025-06-26 14:27:42.150610,599618696154682422,-83.00
2025-06-26 14:27:42.150610,599618696154682422,-75.00
2025-06-26 14:27:42.150610,599618696154682422,-75.00
2025-06-26 14:27:42.720969,599618696715379463,-80.00
2025-06-26 14:27:42.720969,599618696715379463,-75.00
2025-06-26 14:27:42.720969,599618696715379463,-71.00
2025-06-26 14:27:42.720969,599618696715379463,-71.00
2025-06-26 14:27:42.720969,599618696715379463,-68.00
2025-06-26 14:27:42.720969,599618696715379463,-61.00
2025-06-26 14:27:42.720969,599618696715379463,-61.00
2025-06-26 14:27:42.720969,599618696715379463,-68.00
2025-06-26 14:27:42.720969,599618696715379463,-66.00
2025-06-26 14:27:42.720969,599618696715379463,-58.00
2025-06-26 14:27:42.720969,599618696715379463,-58.00
2025-06-26 14:27:42.720969,599618696715379463,-63.00
2025-06-26 14:27:42.720969,599618696715379463,-66.00
2025-06-26 14:27:42.720969,599618696715379463,-68.00
2025-06-26 14:27:42.720969,599618696715379463,-73.00
2025-06-26 14:27:42.720969,599618696715379463,-71.00
2025-06-26 14:27:42.720969,599618696715379463,-58.00
2025-06-26 14:27:42.720969,599618696715379463,-51.00
2025-06-26 14:27:42.720969,599618696715379463,-56.00
2025-06-26 14:27:42.720969,599618696715379463,-56.00
2025-06-26 14:27:42.720969,599618696715379463,-53.00
2025-06-26 14:27:42.720969,599618696715379463,-53.00
2025-06-26 14:27:42.720969,599618696715379463,-53.00
2025-06-26 14:27:42.720969,599618696715379463,-56.00
2025-06-26 14:27:42.720969,599618696715379463,-63.00
2025-06-26 14:27:42.720969,599618696715379463,-61.00
2025-06-26 14:27:42.720969,599618696715379463,-53.00
2025-06-26 14:27:42.720969,599618696715379463,-34.00
2025-06-26 14:27:42.720969,599618696715379463,-9.00
2025-06-26 14:27:42.720969,599618696715379463,-14.00
2025-06-26 14:27:42.720969,599618696715379463,-39.00
2025-06-26 14:27:42.720969,599618696715379463,-46.00
2025-06-26 14:27:42.720969,599618696715379463,-39.00
2025-06-26 14:27:42.720969,599618696715379463,-41.00
2025-06-26 14:27:42.720969,599618696715379463,-51.00
2025-06-26 14:27:42.720969,599618696715379463,-58.00
2025-06-26 14:27:42.720969,599618696715379463,-58.00
2025-06-26 14:27:42.720969,599618696715379463,-53.00
2025-06-26 14:27:42.720969,599618696715379463,-53.00
2025-06-26 14:27:42.720969,599618696715379463,-56.00
2025-06-26 14:27:42.720969,599618696715379463,-63.00
2025-06-26 14:27:42.720969,599618696715379463,-56.00
2025-06-26 14:27:42.720969,599618696715379463,34.00
2025-06-26 14:27:42.720969,599618696715379463,247.00
2025-06-26 14:27:42.720969,599618696715379463,507.00
2025-06-26 14:27:42.720969,599618696715379463,607.00
2025-06-26 14:27:42.720969,599618696715379463,352.00
2025-06-26 14:27:42.720969,599618696715379463,-97.00
2025-06-26 14:27:42.720969,599618696715379463,-259.00
2025-06-26 14:27:42.720969,599618696715379463,-80.00
2025-06-26 14:27:42.720969,599618696715379463,-24.00
2025-06-26 14:27:42.720969,599618696715379463,-117.00
2025-06-26 14:27:42.720969,599618696715379463,-107.00
2025-06-26 14:27:42.720969,599618696715379463,-66.00
2025-06-26 14:27:42.720969,599618696715379463,-80.00
2025-06-26 14:27:42.720969,599618696715379463,-80.00
2025-06-26 14:27:42.720969,599618696715379463,-58.00
2025-06-26 14:27:42.720969,599618696715379463,-56.00
2025-06-26 14:27:42.720969,599618696715379463,-53.00
2025-06-26 14:27:42.720969,599618696715379463,-36.00
2025-06-26 14:27:42.720969,599618696715379463,-26.00
2025-06-26 14:27:42.720969,599618696715379463,-24.00
2025-06-26 14:27:42.720969,599618696715379463,-19.00
2025-06-26 14:27:42.720969,599618696715379463,-9.00
2025-06-26 14:27:42.720969,599618696715379463,-2.00
2025-06-26 14:27:42.720969,599618696715379463,2.00
2025-06-26 14:27:42.720969,599618696715379463,17.00
2025-06-26 14:27:42.720969,599618696715379463,31.00
2025-06-26 14:27:42.720969,599618696715379463,46.00
2025-06-26 14:27:42.720969,599618696715379463,56.00
2025-06-26 14:27:42.720969,599618696715379463,58.00
2025-06-26 14:27:42.720969,599618696715379463,63.00
2025-06-26 14:27:42.720969,599618696715379463,75.00
2025-06-26 14:27:43.260937,599618697276096848,80.00
2025-06-26 14:27:43.260937,599618697276096848,75.00
2025-06-26 14:27:43.260937,599618697276096848,68.00
2025-06-26 14:27:43.260937,599618697276096848,51.00
2025-06-26 14:27:43.260937,599618697276096848,9.00
2025-06-26 14:27:43.260937,599618697276096848,-34.00
2025-06-26 14:27:43.260937,599618697276096848,-61.00
2025-06-26 14:27:43.260937,599618697276096848,-88.00
2025-06-26 14:27:43.260937,599618697276096848,-117.00
2025-06-26 14:27:43.260937,599618697276096848,-127.00
2025-06-26 14:27:43.260937,599618697276096848,-122.00
2025-06-26 14:27:43.260937,599618697276096848,-127.00
2025-06-26 14:27:43.260937,599618697276096848,-134.00
2025-06-26 14:27:43.260937,599618697276096848,-127.00
2025-06-26 14:27:43.260937,599618697276096848,-117.00
2025-06-26 14:27:43.260937,599618697276096848,-117.00
2025-06-26 14:27:43.260937,599618697276096848,-120.00
2025-06-26 14:27:43.260937,599618697276096848,-115.00
2025-06-26 14:27:43.260937,599618697276096848,-110.00
2025-06-26 14:27:43.260937,599618697276096848,-105.00
2025-06-26 14:27:43.260937,599618697276096848,-95.00
2025-06-26 14:27:43.260937,599618697276096848,-90.00
2025-06-26 14:27:43.260937,599618697276096848,-90.00
2025-06-26 14:27:43.260937,599618697276096848,-88.00
2025-06-26 14:27:43.260937,599618697276096848,-85.00
2025-06-26 14:27:43.260937,599618697276096848,-80.00
2025-06-26 14:27:43.260937,599618697276096848,-73.00
2025-06-26 14:27:43.260937,599618697276096848,-71.00
2025-06-26 14:27:43.260937,599618697276096848,-75.00
2025-06-26 14:27:43.260937,599618697276096848,-71.00
2025-06-26 14:27:43.260937,599618697276096848,-66.00
2025-06-26 14:27:43.260937,599618697276096848,-71.00
2025-06-26 14:27:43.260937,599618697276096848,-78.00
2025-06-26 14:27:43.260937,599618697276096848,-71.00
2025-06-26 14:27:43.260937,599618697276096848,-66.00
2025-06-26 14:27:43.260937,599618697276096848,-71.00
2025-06-26 14:27:43.260937,599618697276096848,-75.00
2025-06-26 14:27:43.260937,599618697276096848,-68.00
2025-06-26 14:27:43.260937,599618697276096848,-66.00
2025-06-26 14:27:43.260937,599618697276096848,-63.00
2025-06-26 14:27:43.260937,599618697276096848,-58.00
2025-06-26 14:27:43.260937,599618697276096848,-61.00
2025-06-26 14:27:43.260937,599618697276096848,-58.00
2025-06-26 14:27:43.260937,599618697276096848,-56.00
2025-06-26 14:27:43.260937,599618697276096848,-58.00
2025-06-26 14:27:43.260937,599618697276096848,-61.00
2025-06-26 14:27:43.260937,599618697276096848,-56.00
2025-06-26 14:27:43.260937,599618697276096848,-53.00
2025-06-26 14:27:43.260937,599618697276096848,-56.00
2025-06-26 14:27:43.260937,599618697276096848,-56.00
2025-06-26 14:27:43.260937,599618697276096848,-58.00
2025-06-26 14:27:43.260937,599618697276096848,-63.00
2025-06-26 14:27:43.260937,599618697276096848,-58.00
2025-06-26 14:27:43.260937,599618697276096848,-41.00
2025-06-26 14:27:43.260937,599618697276096848,-17.00
2025-06-26 14:27:43.260937,599618697276096848,-12.00
2025-06-26 14:27:43.260937,599618697276096848,-26.00
2025-06-26 14:27:43.260937,599618697276096848,-34.00
2025-06-26 14:27:43.260937,599618697276096848,-31.00
2025-06-26 14:27:43.260937,599618697276096848,-36.00
2025-06-26 14:27:43.260937,599618697276096848,-51.00
2025-06-26 14:27:43.260937,599618697276096848,-58.00
2025-06-26 14:27:43.260937,599618697276096848,-61.00
2025-06-26 14:27:43.260937,599618697276096848,-61.00
2025-06-26 14:27:43.260937,599618697276096848,-56.00
2025-06-26 14:27:43.260937,599618697276096848,-56.00
2025-06-26 14:27:43.260937,599618697276096848,-63.00
2025-06-26 14:27:43.260937,599618697276096848,-66.00
2025-06-26 14:27:43.260937,599618697276096848,-14.00
2025-06-26 14:27:43.260937,599618697276096848,146.00
2025-06-26 14:27:43.260937,599618697276096848,399.00
2025-06-26 14:27:43.260937,599618697276096848,592.00
2025-06-26 14:27:43.260937,599618697276096848,497.00
2025-06-26 14:27:43.801536,599618697836804063,75.00
2025-06-26 14:27:43.801536,599618697836804063,-259.00
2025-06-26 14:27:43.801536,599618697836804063,-173.00
2025-06-26 14:27:43.801536,599618697836804063,-22.00
2025-06-26 14:27:43.801536,599618697836804063,-80.00
2025-06-26 14:27:43.801536,599618697836804063,-124.00
2025-06-26 14:27:43.801536,599618697836804063,-75.00
2025-06-26 14:27:43.801536,599618697836804063,-71.00
2025-06-26 14:27:43.801536,599618697836804063,-80.00
2025-06-26 14:27:43.801536,599618697836804063,-63.00
2025-06-26 14:27:43.801536,599618697836804063,-53.00
2025-06-26 14:27:43.801536,599618697836804063,-53.00
2025-06-26 14:27:43.801536,599618697836804063,-41.00
2025-06-26 14:27:43.801536,599618697836804063,-29.00
2025-06-26 14:27:43.801536,599618697836804063,-26.00
2025-06-26 14:27:43.801536,599618697836804063,-14.00
2025-06-26 14:27:43.801536,599618697836804063,-4.00
2025-06-26 14:27:43.801536,599618697836804063,-2.00
2025-06-26 14:27:43.801536,599618697836804063,7.00
2025-06-26 14:27:43.801536,599618697836804063,17.00
2025-06-26 14:27:43.801536,599618697836804063,29.00
2025-06-26 14:27:43.801536,599618697836804063,48.00
2025-06-26 14:27:43.801536,599618697836804063,56.00
2025-06-26 14:27:43.801536,599618697836804063,61.00
2025-06-26 14:27:43.801536,599618697836804063,78.00
2025-06-26 14:27:43.801536,599618697836804063,85.00
2025-06-26 14:27:43.801536,599618697836804063,80.00
2025-06-26 14:27:43.801536,599618697836804063,83.00
2025-06-26 14:27:43.801536,599618697836804063,85.00
2025-06-26 14:27:43.801536,599618697836804063,71.00
2025-06-26 14:27:43.801536,599618697836804063,39.00
2025-06-26 14:27:43.801536,599618697836804063,2.00
2025-06-26 14:27:43.801536,599618697836804063,-39.00
2025-06-26 14:27:43.801536,599618697836804063,-78.00
2025-06-26 14:27:43.801536,599618697836804063,-100.00
2025-06-26 14:27:43.801536,599618697836804063,-117.00
2025-06-26 14:27:43.801536,599618697836804063,-129.00
2025-06-26 14:27:43.801536,599618697836804063,-132.00
2025-06-26 14:27:43.801536,599618697836804063,-132.00
2025-06-26 14:27:43.801536,599618697836804063,-129.00
2025-06-26 14:27:43.801536,599618697836804063,-127.00
2025-06-26 14:27:43.801536,599618697836804063,-122.00
2025-06-26 14:27:43.801536,599618697836804063,-117.00
2025-06-26 14:27:43.801536,599618697836804063,-112.00
2025-06-26 14:27:43.801536,599618697836804063,-115.00
2025-06-26 14:27:43.801536,599618697836804063,-110.00
2025-06-26 14:27:43.801536,599618697836804063,-100.00
2025-06-26 14:27:43.801536,599618697836804063,-95.00
2025-06-26 14:27:43.801536,599618697836804063,-93.00
2025-06-26 14:27:43.801536,599618697836804063,-88.00
2025-06-26 14:27:43.801536,599618697836804063,-80.00
2025-06-26 14:27:43.801536,599618697836804063,-80.00
2025-06-26 14:27:43.801536,599618697836804063,-80.00
2025-06-26 14:27:43.801536,599618697836804063,-80.00
2025-06-26 14:27:43.801536,599618697836804063,-78.00
2025-06-26 14:27:43.801536,599618697836804063,-73.00
2025-06-26 14:27:43.801536,599618697836804063,-73.00
2025-06-26 14:27:43.801536,599618697836804063,-78.00
2025-06-26 14:27:43.801536,599618697836804063,-80.00
2025-06-26 14:27:43.801536,599618697836804063,-75.00
2025-06-26 14:27:43.801536,599618697836804063,-68.00
2025-06-26 14:27:43.801536,599618697836804063,-71.00
2025-06-26 14:27:43.801536,599618697836804063,-73.00
2025-06-26 14:27:43.801536,599618697836804063,-68.00
2025-06-26 14:27:43.801536,599618697836804063,-68.00
2025-06-26 14:27:43.801536,599618697836804063,-73.00
2025-06-26 14:27:43.801536,599618697836804063,-71.00
2025-06-26 14:27:43.801536,599618697836804063,-63.00
2025-06-26 14:27:43.801536,599618697836804063,-66.00
2025-06-26 14:27:43.801536,599618697836804063,-68.00
2025-06-26 14:27:43.801536,599618697836804063,-66.00
2025-06-26 14:27:43.801536,599618697836804063,-61.00
2025-06-26 14:27:43.801536,599618697836804063,-58.00
2025-06-26 14:27:44.459965,599618698397501104,-58.00
2025-06-26 14:27:44.459965,599618698397501104,-58.00
2025-06-26 14:27:44.459965,599618698397501104,-61.00
2025-06-26 14:27:44.459965,599618698397501104,-61.00
2025-06-26 14:27:44.459965,599618698397501104,-58.00
2025-06-26 14:27:44.459965,599618698397501104,-56.00
2025-06-26 14:27:44.459965,599618698397501104,-41.00
2025-06-26 14:27:44.459965,599618698397501104,-14.00
2025-06-26 14:27:44.459965,599618698397501104,-4.00
2025-06-26 14:27:44.459965,599618698397501104,-9.00
2025-06-26 14:27:44.459965,599618698397501104,-22.00
2025-06-26 14:27:44.459965,599618698397501104,-26.00
2025-06-26 14:27:44.459965,599618698397501104,-31.00
2025-06-26 14:27:44.459965,599618698397501104,-39.00
2025-06-26 14:27:44.459965,599618698397501104,-44.00
2025-06-26 14:27:44.459965,599618698397501104,-46.00
2025-06-26 14:27:44.459965,599618698397501104,-46.00
2025-06-26 14:27:44.459965,599618698397501104,-44.00
2025-06-26 14:27:44.459965,599618698397501104,-39.00
2025-06-26 14:27:44.459965,599618698397501104,-44.00
2025-06-26 14:27:44.459965,599618698397501104,-51.00
2025-06-26 14:27:44.459965,599618698397501104,-9.00
2025-06-26 14:27:44.459965,599618698397501104,146.00
2025-06-26 14:27:44.459965,599618698397501104,394.00
2025-06-26 14:27:44.459965,599618698397501104,602.00
2025-06-26 14:27:44.459965,599618698397501104,556.00
2025-06-26 14:27:44.459965,599618698397501104,171.00
2025-06-26 14:27:44.459965,599618698397501104,-203.00
2025-06-26 14:27:44.459965,599618698397501104,-181.00
2025-06-26 14:27:44.459965,599618698397501104,-17.00
2025-06-26 14:27:44.459965,599618698397501104,-48.00
2025-06-26 14:27:44.459965,599618698397501104,-102.00
2025-06-26 14:27:44.459965,599618698397501104,-61.00
2025-06-26 14:27:44.459965,599618698397501104,-46.00
2025-06-26 14:27:44.459965,599618698397501104,-56.00
2025-06-26 14:27:44.459965,599618698397501104,-41.00
2025-06-26 14:27:44.459965,599618698397501104,-29.00
2025-06-26 14:27:44.459965,599618698397501104,-29.00
2025-06-26 14:27:44.459965,599618698397501104,-17.00
2025-06-26 14:27:44.459965,599618698397501104,-7.00
2025-06-26 14:27:44.459965,599618698397501104,-2.00
2025-06-26 14:27:44.459965,599618698397501104,7.00
2025-06-26 14:27:44.459965,599618698397501104,19.00
2025-06-26 14:27:44.459965,599618698397501104,24.00
2025-06-26 14:27:44.459965,599618698397501104,29.00
2025-06-26 14:27:44.459965,599618698397501104,41.00
2025-06-26 14:27:44.459965,599618698397501104,51.00
2025-06-26 14:27:44.459965,599618698397501104,58.00
2025-06-26 14:27:44.459965,599618698397501104,71.00
2025-06-26 14:27:44.459965,599618698397501104,88.00
2025-06-26 14:27:44.459965,599618698397501104,95.00
2025-06-26 14:27:44.459965,599618698397501104,97.00
2025-06-26 14:27:44.459965,599618698397501104,102.00
2025-06-26 14:27:44.459965,599618698397501104,110.00
2025-06-26 14:27:44.459965,599618698397501104,107.00
2025-06-26 14:27:44.459965,599618698397501104,95.00
2025-06-26 14:27:44.459965,599618698397501104,61.00
2025-06-26 14:27:44.459965,599618698397501104,17.00
2025-06-26 14:27:44.459965,599618698397501104,-24.00
2025-06-26 14:27:44.459965,599618698397501104,-56.00
2025-06-26 14:27:44.459965,599618698397501104,-83.00
2025-06-26 14:27:44.459965,599618698397501104,-102.00
2025-06-26 14:27:44.459965,599618698397501104,-117.00
2025-06-26 14:27:44.459965,599618698397501104,-117.00
2025-06-26 14:27:44.459965,599618698397501104,-112.00
2025-06-26 14:27:44.459965,599618698397501104,-110.00
2025-06-26 14:27:44.459965,599618698397501104,-110.00
2025-06-26 14:27:44.459965,599618698397501104,-105.00
2025-06-26 14:27:44.459965,599618698397501104,-100.00
2025-06-26 14:27:44.459965,599618698397501104,-100.00
2025-06-26 14:27:44.459965,599618698397501104,-95.00
2025-06-26 14:27:44.459965,599618698397501104,-88.00
2025-06-26 14:27:44.459965,599618698397501104,-80.00
2025-06-26 14:27:44.971730,599618698958228665,-75.00
2025-06-26 14:27:44.971730,599618698958228665,-78.00
2025-06-26 14:27:44.971730,599618698958228665,-71.00
2025-06-26 14:27:44.971730,599618698958228665,-66.00
2025-06-26 14:27:44.971730,599618698958228665,-63.00
2025-06-26 14:27:44.971730,599618698958228665,-61.00
2025-06-26 14:27:44.971730,599618698958228665,-56.00
2025-06-26 14:27:44.971730,599618698958228665,-53.00
2025-06-26 14:27:44.971730,599618698958228665,-53.00
2025-06-26 14:27:44.971730,599618698958228665,-51.00
2025-06-26 14:27:44.971730,599618698958228665,-48.00
2025-06-26 14:27:44.971730,599618698958228665,-51.00
2025-06-26 14:27:44.971730,599618698958228665,-53.00
2025-06-26 14:27:44.971730,599618698958228665,-46.00
2025-06-26 14:27:44.971730,599618698958228665,-44.00
2025-06-26 14:27:44.971730,599618698958228665,-46.00
2025-06-26 14:27:44.971730,599618698958228665,-44.00
2025-06-26 14:27:44.971730,599618698958228665,-44.00
2025-06-26 14:27:44.971730,599618698958228665,-46.00
2025-06-26 14:27:44.971730,599618698958228665,-46.00
2025-06-26 14:27:44.971730,599618698958228665,-44.00
2025-06-26 14:27:44.971730,599618698958228665,-41.00
2025-06-26 14:27:44.971730,599618698958228665,-36.00
2025-06-26 14:27:44.971730,599618698958228665,-36.00
2025-06-26 14:27:44.971730,599618698958228665,-36.00
2025-06-26 14:27:44.971730,599618698958228665,-36.00
2025-06-26 14:27:44.971730,599618698958228665,-36.00
2025-06-26 14:27:44.971730,599618698958228665,-39.00
2025-06-26 14:27:44.971730,599618698958228665,-36.00
2025-06-26 14:27:44.971730,599618698958228665,-36.00
2025-06-26 14:27:44.971730,599618698958228665,-36.00
2025-06-26 14:27:44.971730,599618698958228665,-31.00
2025-06-26 14:27:44.971730,599618698958228665,-26.00
2025-06-26 14:27:44.971730,599618698958228665,-34.00
2025-06-26 14:27:44.971730,599618698958228665,-34.00
2025-06-26 14:27:44.971730,599618698958228665,-31.00
2025-06-26 14:27:44.971730,599618698958228665,-31.00
2025-06-26 14:27:44.971730,599618698958228665,-24.00
2025-06-26 14:27:44.971730,599618698958228665,-12.00
2025-06-26 14:27:44.971730,599618698958228665,0.00
2025-06-26 14:27:44.971730,599618698958228665,0.00
2025-06-26 14:27:44.971730,599618698958228665,-9.00
2025-06-26 14:27:44.971730,599618698958228665,-12.00
2025-06-26 14:27:44.971730,599618698958228665,-12.00
2025-06-26 14:27:44.971730,599618698958228665,-22.00
2025-06-26 14:27:44.971730,599618698958228665,-31.00
2025-06-26 14:27:44.971730,599618698958228665,-39.00
2025-06-26 14:27:44.971730,599618698958228665,-41.00
2025-06-26 14:27:44.971730,599618698958228665,-41.00
2025-06-26 14:27:44.971730,599618698958228665,-39.00
2025-06-26 14:27:44.971730,599618698958228665,-36.00
2025-06-26 14:27:44.971730,599618698958228665,-41.00
2025-06-26 14:27:44.971730,599618698958228665,-41.00
2025-06-26 14:27:44.971730,599618698958228665,31.00
2025-06-26 14:27:44.971730,599618698958228665,227.00
2025-06-26 14:27:44.971730,599618698958228665,489.00
2025-06-26 14:27:44.971730,599618698958228665,629.00
2025-06-26 14:27:44.971730,599618698958228665,433.00
2025-06-26 14:27:44.971730,599618698958228665,-19.00
2025-06-26 14:27:44.971730,599618698958228665,-249.00
2025-06-26 14:27:44.971730,599618698958228665,-90.00
2025-06-26 14:27:44.971730,599618698958228665,2.00
2025-06-26 14:27:44.971730,599618698958228665,-90.00
2025-06-26 14:27:44.971730,599618698958228665,-95.00
2025-06-26 14:27:44.971730,599618698958228665,-46.00
2025-06-26 14:27:44.971730,599618698958228665,-61.00
2025-06-26 14:27:44.971730,599618698958228665,-66.00
2025-06-26 14:27:44.971730,599618698958228665,-39.00
2025-06-26 14:27:44.971730,599618698958228665,-26.00
2025-06-26 14:27:44.971730,599618698958228665,-26.00
2025-06-26 14:27:44.971730,599618698958228665,-22.00
2025-06-26 14:27:44.971730,599618698958228665,-14.00
2025-06-26 14:27:44.971730,599618698958228665,-4.00
2025-06-26 14:27:45.571844,599618699518925706,7.00
2025-06-26 14:27:45.571844,599618699518925706,19.00
2025-06-26 14:27:45.571844,599618699518925706,24.00
2025-06-26 14:27:45.571844,599618699518925706,31.00
2025-06-26 14:27:45.571844,599618699518925706,46.00
2025-06-26 14:27:45.571844,599618699518925706,56.00
2025-06-26 14:27:45.571844,599618699518925706,66.00
2025-06-26 14:27:45.571844,599618699518925706,80.00
2025-06-26 14:27:45.571844,599618699518925706,93.00
2025-06-26 14:27:45.571844,599618699518925706,95.00
2025-06-26 14:27:45.571844,599618699518925706,100.00
2025-06-26 14:27:45.571844,599618699518925706,105.00
2025-06-26 14:27:45.571844,599618699518925706,105.00
2025-06-26 14:27:45.571844,599618699518925706,107.00
2025-06-26 14:27:45.571844,599618699518925706,95.00
2025-06-26 14:27:45.571844,599618699518925706,56.00
2025-06-26 14:27:45.571844,599618699518925706,14.00
2025-06-26 14:27:45.571844,599618699518925706,-22.00
2025-06-26 14:27:45.571844,599618699518925706,-58.00
2025-06-26 14:27:45.571844,599618699518925706,-85.00
2025-06-26 14:27:45.571844,599618699518925706,-97.00
2025-06-26 14:27:45.571844,599618699518925706,-102.00
2025-06-26 14:27:45.571844,599618699518925706,-107.00
2025-06-26 14:27:45.571844,599618699518925706,-112.00
2025-06-26 14:27:45.571844,599618699518925706,-110.00
2025-06-26 14:27:45.571844,599618699518925706,-102.00
2025-06-26 14:27:45.571844,599618699518925706,-102.00
2025-06-26 14:27:45.571844,599618699518925706,-100.00
2025-06-26 14:27:45.571844,599618699518925706,-93.00
2025-06-26 14:27:45.571844,599618699518925706,-83.00
2025-06-26 14:27:45.571844,599618699518925706,-80.00
2025-06-26 14:27:45.571844,599618699518925706,-80.00
2025-06-26 14:27:45.571844,599618699518925706,-75.00
2025-06-26 14:27:45.571844,599618699518925706,-68.00
2025-06-26 14:27:45.571844,599618699518925706,-68.00
2025-06-26 14:27:45.571844,599618699518925706,-68.00
2025-06-26 14:27:45.571844,599618699518925706,-63.00
2025-06-26 14:27:45.571844,599618699518925706,-58.00
2025-06-26 14:27:45.571844,599618699518925706,-61.00
2025-06-26 14:27:45.571844,599618699518925706,-61.00
2025-06-26 14:27:45.571844,599618699518925706,-58.00
2025-06-26 14:27:45.571844,599618699518925706,-58.00
2025-06-26 14:27:45.571844,599618699518925706,-61.00
2025-06-26 14:27:45.571844,599618699518925706,-63.00
2025-06-26 14:27:45.571844,599618699518925706,-61.00
2025-06-26 14:27:45.571844,599618699518925706,-58.00
2025-06-26 14:27:45.571844,599618699518925706,-53.00
2025-06-26 14:27:45.571844,599618699518925706,-56.00
2025-06-26 14:27:45.571844,599618699518925706,-61.00
2025-06-26 14:27:45.571844,599618699518925706,-58.00
2025-06-26 14:27:45.571844,599618699518925706,-58.00
2025-06-26 14:27:45.571844,599618699518925706,-58.00
2025-06-26 14:27:45.571844,599618699518925706,-58.00
2025-06-26 14:27:45.571844,599618699518925706,-56.00
2025-06-26 14:27:45.571844,599618699518925706,-48.00
2025-06-26 14:27:45.571844,599618699518925706,-44.00
2025-06-26 14:27:45.571844,599618699518925706,-48.00
2025-06-26 14:27:45.571844,599618699518925706,-51.00
2025-06-26 14:27:45.571844,599618699518925706,-48.00
2025-06-26 14:27:45.571844,599618699518925706,-48.00
2025-06-26 14:27:45.571844,599618699518925706,-48.00
2025-06-26 14:27:45.571844,599618699518925706,-51.00
2025-06-26 14:27:45.571844,599618699518925706,-51.00
2025-06-26 14:27:45.571844,599618699518925706,-51.00
2025-06-26 14:27:45.571844,599618699518925706,-53.00
2025-06-26 14:27:45.571844,599618699518925706,-51.00
2025-06-26 14:27:45.571844,599618699518925706,-39.00
2025-06-26 14:27:45.571844,599618699518925706,-12.00
2025-06-26 14:27:45.571844,599618699518925706,-2.00
2025-06-26 14:27:45.571844,599618699518925706,-17.00
2025-06-26 14:27:45.571844,599618699518925706,-29.00
2025-06-26 14:27:45.571844,599618699518925706,-26.00
2025-06-26 14:27:45.571844,599618699518925706,-31.00
2025-06-26 14:27:46.200364,599618700079638005,-44.00
2025-06-26 14:27:46.200364,599618700079638005,-48.00
2025-06-26 14:27:46.200364,599618700079638005,-48.00
2025-06-26 14:27:46.200364,599618700079638005,-48.00
2025-06-26 14:27:46.200364,599618700079638005,-46.00
2025-06-26 14:27:46.200364,599618700079638005,-46.00
2025-06-26 14:27:46.200364,599618700079638005,-48.00
2025-06-26 14:27:46.200364,599618700079638005,-53.00
2025-06-26 14:27:46.200364,599618700079638005,-14.00
2025-06-26 14:27:46.200364,599618700079638005,134.00
2025-06-26 14:27:46.200364,599618700079638005,384.00
2025-06-26 14:27:46.200364,599618700079638005,590.00
2025-06-26 14:27:46.200364,599618700079638005,536.00
2025-06-26 14:27:46.200364,599618700079638005,142.00
2025-06-26 14:27:46.200364,599618700079638005,-225.00
2025-06-26 14:27:46.200364,599618700079638005,-178.00
2025-06-26 14:27:46.200364,599618700079638005,-19.00
2025-06-26 14:27:46.200364,599618700079638005,-73.00
2025-06-26 14:27:46.200364,599618700079638005,-120.00
2025-06-26 14:27:46.200364,599618700079638005,-53.00
2025-06-26 14:27:46.200364,599618700079638005,-48.00
2025-06-26 14:27:46.200364,599618700079638005,-78.00
2025-06-26 14:27:46.200364,599618700079638005,-46.00
2025-06-26 14:27:46.200364,599618700079638005,-19.00
2025-06-26 14:27:46.200364,599618700079638005,-29.00
2025-06-26 14:27:46.200364,599618700079638005,-29.00
2025-06-26 14:27:46.200364,599618700079638005,-14.00
2025-06-26 14:27:46.200364,599618700079638005,-14.00
2025-06-26 14:27:46.200364,599618700079638005,-17.00
2025-06-26 14:27:46.200364,599618700079638005,0.00
2025-06-26 14:27:46.200364,599618700079638005,17.00
2025-06-26 14:27:46.200364,599618700079638005,19.00
2025-06-26 14:27:46.200364,599618700079638005,26.00
2025-06-26 14:27:46.200364,599618700079638005,41.00
2025-06-26 14:27:46.200364,599618700079638005,46.00
2025-06-26 14:27:46.200364,599618700079638005,53.00
2025-06-26 14:27:46.200364,599618700079638005,66.00
2025-06-26 14:27:46.200364,599618700079638005,73.00
2025-06-26 14:27:46.200364,599618700079638005,78.00
2025-06-26 14:27:46.200364,599618700079638005,85.00
2025-06-26 14:27:46.200364,599618700079638005,83.00
2025-06-26 14:27:46.200364,599618700079638005,78.00
2025-06-26 14:27:46.200364,599618700079638005,68.00
2025-06-26 14:27:46.200364,599618700079638005,36.00
2025-06-26 14:27:46.200364,599618700079638005,-12.00
2025-06-26 14:27:46.200364,599618700079638005,-53.00
2025-06-26 14:27:46.200364,599618700079638005,-78.00
2025-06-26 14:27:46.200364,599618700079638005,-102.00
2025-06-26 14:27:46.200364,599618700079638005,-127.00
2025-06-26 14:27:46.200364,599618700079638005,-142.00
2025-06-26 14:27:46.200364,599618700079638005,-146.00
2025-06-26 14:27:46.200364,599618700079638005,-146.00
2025-06-26 14:27:46.200364,599618700079638005,-139.00
2025-06-26 14:27:46.200364,599618700079638005,-139.00
2025-06-26 14:27:46.200364,599618700079638005,-142.00
2025-06-26 14:27:46.200364,599618700079638005,-137.00
2025-06-26 14:27:46.200364,599618700079638005,-132.00
2025-06-26 14:27:46.200364,599618700079638005,-127.00
2025-06-26 14:27:46.200364,599618700079638005,-120.00
2025-06-26 14:27:46.200364,599618700079638005,-112.00
2025-06-26 14:27:46.200364,599618700079638005,-107.00
2025-06-26 14:27:46.200364,599618700079638005,-105.00
2025-06-26 14:27:46.200364,599618700079638005,-97.00
2025-06-26 14:27:46.200364,599618700079638005,-90.00
2025-06-26 14:27:46.200364,599618700079638005,-88.00
2025-06-26 14:27:46.200364,599618700079638005,-88.00
2025-06-26 14:27:46.200364,599618700079638005,-83.00
2025-06-26 14:27:46.200364,599618700079638005,-80.00
2025-06-26 14:27:46.200364,599618700079638005,-80.00
2025-06-26 14:27:46.200364,599618700079638005,-78.00
2025-06-26 14:27:46.200364,599618700079638005,-73.00
2025-06-26 14:27:46.200364,599618700079638005,-73.00
2025-06-26 14:27:46.200364,599618700079638005,-75.00
2025-06-26 14:27:46.649604,599618700640350306,-75.00
2025-06-26 14:27:46.649604,599618700640350306,-71.00
2025-06-26 14:27:46.649604,599618700640350306,-66.00
2025-06-26 14:27:46.649604,599618700640350306,-71.00
2025-06-26 14:27:46.649604,599618700640350306,-73.00
2025-06-26 14:27:46.649604,599618700640350306,-68.00
2025-06-26 14:27:46.649604,599618700640350306,-61.00
2025-06-26 14:27:46.649604,599618700640350306,-61.00
2025-06-26 14:27:46.649604,599618700640350306,-63.00
2025-06-26 14:27:46.649604,599618700640350306,-61.00
2025-06-26 14:27:46.649604,599618700640350306,-58.00
2025-06-26 14:27:46.649604,599618700640350306,-58.00
2025-06-26 14:27:46.649604,599618700640350306,-53.00
2025-06-26 14:27:46.649604,599618700640350306,-51.00
2025-06-26 14:27:46.649604,599618700640350306,-53.00
2025-06-26 14:27:46.649604,599618700640350306,-51.00
2025-06-26 14:27:46.649604,599618700640350306,-46.00
2025-06-26 14:27:46.649604,599618700640350306,-41.00
2025-06-26 14:27:46.649604,599618700640350306,-39.00
2025-06-26 14:27:46.649604,599618700640350306,-44.00
2025-06-26 14:27:46.649604,599618700640350306,-34.00
2025-06-26 14:27:46.649604,599618700640350306,-4.00
2025-06-26 14:27:46.649604,599618700640350306,9.00
2025-06-26 14:27:46.649604,599618700640350306,-9.00
2025-06-26 14:27:46.649604,599618700640350306,-19.00
2025-06-26 14:27:46.649604,599618700640350306,-9.00
2025-06-26 14:27:46.649604,599618700640350306,-14.00
2025-06-26 14:27:46.649604,599618700640350306,-31.00
2025-06-26 14:27:46.649604,599618700640350306,-34.00
2025-06-26 14:27:46.649604,599618700640350306,-34.00
2025-06-26 14:27:46.649604,599618700640350306,-41.00
2025-06-26 14:27:46.649604,599618700640350306,-34.00
2025-06-26 14:27:46.649604,599618700640350306,-24.00
2025-06-26 14:27:46.649604,599618700640350306,-26.00
2025-06-26 14:27:46.649604,599618700640350306,-39.00
2025-06-26 14:27:46.649604,599618700640350306,-2.00
2025-06-26 14:27:46.649604,599618700640350306,151.00
2025-06-26 14:27:46.649604,599618700640350306,406.00
2025-06-26 14:27:46.649604,599618700640350306,622.00
2025-06-26 14:27:46.649604,599618700640350306,585.00
2025-06-26 14:27:46.649604,599618700640350306,198.00
2025-06-26 14:27:46.649604,599618700640350306,-193.00
2025-06-26 14:27:46.649604,599618700640350306,-176.00
2025-06-26 14:27:46.649604,599618700640350306,-9.00
2025-06-26 14:27:46.649604,599618700640350306,-41.00
2025-06-26 14:27:46.649604,599618700640350306,-95.00
2025-06-26 14:27:46.649604,599618700640350306,-56.00
2025-06-26 14:27:46.649604,599618700640350306,-48.00
2025-06-26 14:27:46.649604,599618700640350306,-58.00
2025-06-26 14:27:46.649604,599618700640350306,-44.00
2025-06-26 14:27:46.649604,599618700640350306,-36.00
2025-06-26 14:27:46.649604,599618700640350306,-36.00
2025-06-26 14:27:46.649604,599618700640350306,-22.00
2025-06-26 14:27:46.649604,599618700640350306,-7.00
2025-06-26 14:27:46.649604,599618700640350306,-2.00
2025-06-26 14:27:46.649604,599618700640350306,0.00
2025-06-26 14:27:46.649604,599618700640350306,7.00
2025-06-26 14:27:46.649604,599618700640350306,12.00
2025-06-26 14:27:46.649604,599618700640350306,24.00
2025-06-26 14:27:46.649604,599618700640350306,39.00
2025-06-26 14:27:46.649604,599618700640350306,51.00
2025-06-26 14:27:46.649604,599618700640350306,61.00
2025-06-26 14:27:46.649604,599618700640350306,68.00
2025-06-26 14:27:46.649604,599618700640350306,83.00
2025-06-26 14:27:46.649604,599618700640350306,93.00
2025-06-26 14:27:46.649604,599618700640350306,95.00
2025-06-26 14:27:46.649604,599618700640350306,102.00
2025-06-26 14:27:46.649604,599618700640350306,107.00
2025-06-26 14:27:46.649604,599618700640350306,102.00
2025-06-26 14:27:46.649604,599618700640350306,83.00
2025-06-26 14:27:46.649604,599618700640350306,51.00
2025-06-26 14:27:46.649604,599618700640350306,12.00
2025-06-26 14:27:46.649604,599618700640350306,-31.00
2025-06-26 14:27:47.190046,599618701201047347,-75.00
2025-06-26 14:27:47.190046,599618701201047347,-107.00
2025-06-26 14:27:47.190046,599618701201047347,-122.00
2025-06-26 14:27:47.190046,599618701201047347,-129.00
2025-06-26 14:27:47.190046,599618701201047347,-132.00
2025-06-26 14:27:47.190046,599618701201047347,-127.00
2025-06-26 14:27:47.190046,599618701201047347,-122.00
2025-06-26 14:27:47.190046,599618701201047347,-124.00
2025-06-26 14:27:47.190046,599618701201047347,-127.00
2025-06-26 14:27:47.190046,599618701201047347,-122.00
2025-06-26 14:27:47.190046,599618701201047347,-115.00
2025-06-26 14:27:47.190046,599618701201047347,-110.00
2025-06-26 14:27:47.190046,599618701201047347,-105.00
2025-06-26 14:27:47.190046,599618701201047347,-100.00
2025-06-26 14:27:47.190046,599618701201047347,-95.00
2025-06-26 14:27:47.190046,599618701201047347,-88.00
2025-06-26 14:27:47.190046,599618701201047347,-83.00
2025-06-26 14:27:47.190046,599618701201047347,-80.00
2025-06-26 14:27:47.190046,599618701201047347,-78.00
2025-06-26 14:27:47.190046,599618701201047347,-75.00
2025-06-26 14:27:47.190046,599618701201047347,-73.00
2025-06-26 14:27:47.190046,599618701201047347,-71.00
2025-06-26 14:27:47.190046,599618701201047347,-71.00
2025-06-26 14:27:47.190046,599618701201047347,-75.00
2025-06-26 14:27:47.190046,599618701201047347,-75.00
2025-06-26 14:27:47.190046,599618701201047347,-71.00
2025-06-26 14:27:47.190046,599618701201047347,-71.00
2025-06-26 14:27:47.190046,599618701201047347,-75.00
2025-06-26 14:27:47.190046,599618701201047347,-71.00
2025-06-26 14:27:47.190046,599618701201047347,-66.00
2025-06-26 14:27:47.190046,599618701201047347,-68.00
2025-06-26 14:27:47.190046,599618701201047347,-73.00
2025-06-26 14:27:47.190046,599618701201047347,-73.00
2025-06-26 14:27:47.190046,599618701201047347,-66.00
2025-06-26 14:27:47.190046,599618701201047347,-63.00
2025-06-26 14:27:47.190046,599618701201047347,-66.00
2025-06-26 14:27:47.190046,599618701201047347,-66.00
2025-06-26 14:27:47.190046,599618701201047347,-58.00
2025-06-26 14:27:47.190046,599618701201047347,-58.00
2025-06-26 14:27:47.190046,599618701201047347,-63.00
2025-06-26 14:27:47.190046,599618701201047347,-63.00
2025-06-26 14:27:47.190046,599618701201047347,-61.00
2025-06-26 14:27:47.190046,599618701201047347,-56.00
2025-06-26 14:27:47.190046,599618701201047347,-51.00
2025-06-26 14:27:47.190046,599618701201047347,-51.00
2025-06-26 14:27:47.190046,599618701201047347,-56.00
2025-06-26 14:27:47.190046,599618701201047347,-56.00
2025-06-26 14:27:47.190046,599618701201047347,-58.00
2025-06-26 14:27:47.190046,599618701201047347,-58.00
2025-06-26 14:27:47.190046,599618701201047347,-53.00
2025-06-26 14:27:47.190046,599618701201047347,-53.00
2025-06-26 14:27:47.190046,599618701201047347,-56.00
2025-06-26 14:27:47.190046,599618701201047347,-51.00
2025-06-26 14:27:47.190046,599618701201047347,-39.00
2025-06-26 14:27:47.190046,599618701201047347,-19.00
2025-06-26 14:27:47.190046,599618701201047347,-7.00
2025-06-26 14:27:47.190046,599618701201047347,-17.00
2025-06-26 14:27:47.190046,599618701201047347,-26.00
2025-06-26 14:27:47.190046,599618701201047347,-22.00
2025-06-26 14:27:47.190046,599618701201047347,-29.00
2025-06-26 14:27:47.190046,599618701201047347,-41.00
2025-06-26 14:27:47.190046,599618701201047347,-46.00
2025-06-26 14:27:47.190046,599618701201047347,-48.00
2025-06-26 14:27:47.190046,599618701201047347,-53.00
2025-06-26 14:27:47.190046,599618701201047347,-51.00
2025-06-26 14:27:47.190046,599618701201047347,-46.00
2025-06-26 14:27:47.190046,599618701201047347,-48.00
2025-06-26 14:27:47.190046,599618701201047347,-56.00
2025-06-26 14:27:47.190046,599618701201047347,-14.00
2025-06-26 14:27:47.190046,599618701201047347,137.00
2025-06-26 14:27:47.190046,599618701201047347,379.00
2025-06-26 14:27:47.190046,599618701201047347,600.00
2025-06-26 14:27:47.190046,599618701201047347,573.00
2025-06-26 14:27:47.731622,599618701761744388,181.00
2025-06-26 14:27:47.731622,599618701761744388,-203.00
2025-06-26 14:27:47.731622,599618701761744388,-166.00
2025-06-26 14:27:47.731622,599618701761744388,-4.00
2025-06-26 14:27:47.731622,599618701761744388,-56.00
2025-06-26 14:27:47.731622,599618701761744388,-107.00
2025-06-26 14:27:47.731622,599618701761744388,-61.00
2025-06-26 14:27:47.731622,599618701761744388,-58.00
2025-06-26 14:27:47.731622,599618701761744388,-71.00
2025-06-26 14:27:47.731622,599618701761744388,-46.00
2025-06-26 14:27:47.731622,599618701761744388,-36.00
2025-06-26 14:27:47.731622,599618701761744388,-44.00
2025-06-26 14:27:47.731622,599618701761744388,-36.00
2025-06-26 14:27:47.731622,599618701761744388,-22.00
2025-06-26 14:27:47.731622,599618701761744388,-12.00
2025-06-26 14:27:47.731622,599618701761744388,-7.00
2025-06-26 14:27:47.731622,599618701761744388,2.00
2025-06-26 14:27:47.731622,599618701761744388,12.00
2025-06-26 14:27:47.731622,599618701761744388,19.00
2025-06-26 14:27:47.731622,599618701761744388,31.00
2025-06-26 14:27:47.731622,599618701761744388,39.00
2025-06-26 14:27:47.731622,599618701761744388,44.00
2025-06-26 14:27:47.731622,599618701761744388,56.00
2025-06-26 14:27:47.731622,599618701761744388,71.00
2025-06-26 14:27:47.731622,599618701761744388,83.00
2025-06-26 14:27:47.731622,599618701761744388,90.00
2025-06-26 14:27:47.731622,599618701761744388,90.00
2025-06-26 14:27:47.731622,599618701761744388,88.00
2025-06-26 14:27:47.731622,599618701761744388,90.00
2025-06-26 14:27:47.731622,599618701761744388,85.00
2025-06-26 14:27:47.731622,599618701761744388,58.00
2025-06-26 14:27:47.731622,599618701761744388,17.00
2025-06-26 14:27:47.731622,599618701761744388,-19.00
2025-06-26 14:27:47.731622,599618701761744388,-51.00
2025-06-26 14:27:47.731622,599618701761744388,-88.00
2025-06-26 14:27:47.731622,599618701761744388,-112.00
2025-06-26 14:27:47.731622,599618701761744388,-120.00
2025-06-26 14:27:47.731622,599618701761744388,-122.00
2025-06-26 14:27:47.731622,599618701761744388,-129.00
2025-06-26 14:27:47.731622,599618701761744388,-132.00
2025-06-26 14:27:47.731622,599618701761744388,-127.00
2025-06-26 14:27:47.731622,599618701761744388,-122.00
2025-06-26 14:27:47.731622,599618701761744388,-120.00
2025-06-26 14:27:47.731622,599618701761744388,-120.00
2025-06-26 14:27:47.731622,599618701761744388,-112.00
2025-06-26 14:27:47.731622,599618701761744388,-105.00
2025-06-26 14:27:47.731622,599618701761744388,-95.00
2025-06-26 14:27:47.731622,599618701761744388,-88.00
2025-06-26 14:27:47.731622,599618701761744388,-88.00
2025-06-26 14:27:47.731622,599618701761744388,-88.00
2025-06-26 14:27:47.731622,599618701761744388,-83.00
2025-06-26 14:27:47.731622,599618701761744388,-75.00
2025-06-26 14:27:47.731622,599618701761744388,-75.00
2025-06-26 14:27:47.731622,599618701761744388,-75.00
2025-06-26 14:27:47.731622,599618701761744388,-78.00
2025-06-26 14:27:47.731622,599618701761744388,-73.00
2025-06-26 14:27:47.731622,599618701761744388,-68.00
2025-06-26 14:27:47.731622,599618701761744388,-68.00
2025-06-26 14:27:47.731622,599618701761744388,-71.00
2025-06-26 14:27:47.731622,599618701761744388,-68.00
2025-06-26 14:27:47.731622,599618701761744388,-66.00
2025-06-26 14:27:47.731622,599618701761744388,-68.00
2025-06-26 14:27:47.731622,599618701761744388,-71.00
2025-06-26 14:27:47.731622,599618701761744388,-66.00
2025-06-26 14:27:47.731622,599618701761744388,-61.00
2025-06-26 14:27:47.731622,599618701761744388,-61.00
2025-06-26 14:27:47.731622,599618701761744388,-66.00
2025-06-26 14:27:47.731622,599618701761744388,-66.00
2025-06-26 14:27:47.731622,599618701761744388,-63.00
2025-06-26 14:27:47.731622,599618701761744388,-63.00
2025-06-26 14:27:47.731622,599618701761744388,-63.00
2025-06-26 14:27:47.731622,599618701761744388,-56.00
2025-06-26 14:27:47.731622,599618701761744388,-53.00
2025-06-26 14:27:48.331866,599618702322471949,-56.00
2025-06-26 14:27:48.331866,599618702322471949,-53.00
2025-06-26 14:27:48.331866,599618702322471949,-51.00
2025-06-26 14:27:48.331866,599618702322471949,-51.00
2025-06-26 14:27:48.331866,599618702322471949,-48.00
2025-06-26 14:27:48.331866,599618702322471949,-48.00
2025-06-26 14:27:48.331866,599618702322471949,-48.00
2025-06-26 14:27:48.331866,599618702322471949,-48.00
2025-06-26 14:27:48.331866,599618702322471949,-46.00
2025-06-26 14:27:48.331866,599618702322471949,-44.00
2025-06-26 14:27:48.331866,599618702322471949,-44.00
2025-06-26 14:27:48.331866,599618702322471949,-41.00
2025-06-26 14:27:48.331866,599618702322471949,-46.00
2025-06-26 14:27:48.331866,599618702322471949,-44.00
2025-06-26 14:27:48.331866,599618702322471949,-26.00
2025-06-26 14:27:48.331866,599618702322471949,-9.00
2025-06-26 14:27:48.331866,599618702322471949,-2.00
2025-06-26 14:27:48.331866,599618702322471949,-12.00
2025-06-26 14:27:48.331866,599618702322471949,-19.00
2025-06-26 14:27:48.331866,599618702322471949,-19.00
2025-06-26 14:27:48.331866,599618702322471949,-26.00
2025-06-26 14:27:48.331866,599618702322471949,-34.00
2025-06-26 14:27:48.331866,599618702322471949,-39.00
2025-06-26 14:27:48.331866,599618702322471949,-39.00
2025-06-26 14:27:48.331866,599618702322471949,-39.00
2025-06-26 14:27:48.331866,599618702322471949,-36.00
2025-06-26 14:27:48.331866,599618702322471949,-34.00
2025-06-26 14:27:48.331866,599618702322471949,-41.00
2025-06-26 14:27:48.331866,599618702322471949,-53.00
2025-06-26 14:27:48.331866,599618702322471949,-12.00
2025-06-26 14:27:48.331866,599618702322471949,146.00
2025-06-26 14:27:48.331866,599618702322471949,399.00
2025-06-26 14:27:48.331866,599618702322471949,609.00
2025-06-26 14:27:48.331866,599618702322471949,556.00
2025-06-26 14:27:48.331866,599618702322471949,151.00
2025-06-26 14:27:48.331866,599618702322471949,-222.00
2025-06-26 14:27:48.331866,599618702322471949,-171.00
2025-06-26 14:27:48.331866,599618702322471949,-4.00
2025-06-26 14:27:48.331866,599618702322471949,-56.00
2025-06-26 14:27:48.331866,599618702322471949,-110.00
2025-06-26 14:27:48.331866,599618702322471949,-66.00
2025-06-26 14:27:48.331866,599618702322471949,-58.00
2025-06-26 14:27:48.331866,599618702322471949,-73.00
2025-06-26 14:27:48.331866,599618702322471949,-51.00
2025-06-26 14:27:48.331866,599618702322471949,-34.00
2025-06-26 14:27:48.331866,599618702322471949,-31.00
2025-06-26 14:27:48.331866,599618702322471949,-29.00
2025-06-26 14:27:48.331866,599618702322471949,-19.00
2025-06-26 14:27:48.331866,599618702322471949,-9.00
2025-06-26 14:27:48.331866,599618702322471949,-2.00
2025-06-26 14:27:48.331866,599618702322471949,0.00
2025-06-26 14:27:48.331866,599618702322471949,12.00
2025-06-26 14:27:48.331866,599618702322471949,19.00
2025-06-26 14:27:48.331866,599618702322471949,22.00
2025-06-26 14:27:48.331866,599618702322471949,31.00
2025-06-26 14:27:48.331866,599618702322471949,51.00
2025-06-26 14:27:48.331866,599618702322471949,58.00
2025-06-26 14:27:48.331866,599618702322471949,63.00
2025-06-26 14:27:48.331866,599618702322471949,78.00
2025-06-26 14:27:48.331866,599618702322471949,90.00
2025-06-26 14:27:48.331866,599618702322471949,88.00
2025-06-26 14:27:48.331866,599618702322471949,88.00
2025-06-26 14:27:48.331866,599618702322471949,95.00
2025-06-26 14:27:48.331866,599618702322471949,83.00
2025-06-26 14:27:48.331866,599618702322471949,53.00
2025-06-26 14:27:48.331866,599618702322471949,17.00
2025-06-26 14:27:48.331866,599618702322471949,-19.00
2025-06-26 14:27:48.331866,599618702322471949,-58.00
2025-06-26 14:27:48.331866,599618702322471949,-85.00
2025-06-26 14:27:48.331866,599618702322471949,-110.00
2025-06-26 14:27:48.331866,599618702322471949,-129.00
2025-06-26 14:27:48.331866,599618702322471949,-134.00
2025-06-26 14:27:48.331866,599618702322471949,-127.00
2025-06-26 14:27:48.873668,599618702883168990,-124.00
2025-06-26 14:27:48.873668,599618702883168990,-124.00
2025-06-26 14:27:48.873668,599618702883168990,-124.00
2025-06-26 14:27:48.873668,599618702883168990,-120.00
2025-06-26 14:27:48.873668,599618702883168990,-117.00
2025-06-26 14:27:48.873668,599618702883168990,-112.00
2025-06-26 14:27:48.873668,599618702883168990,-102.00
2025-06-26 14:27:48.873668,599618702883168990,-95.00
2025-06-26 14:27:48.873668,599618702883168990,-97.00
2025-06-26 14:27:48.873668,599618702883168990,-97.00
2025-06-26 14:27:48.873668,599618702883168990,-90.00
2025-06-26 14:27:48.873668,599618702883168990,-83.00
2025-06-26 14:27:48.873668,599618702883168990,-83.00
2025-06-26 14:27:48.873668,599618702883168990,-85.00
2025-06-26 14:27:48.873668,599618702883168990,-80.00
2025-06-26 14:27:48.873668,599618702883168990,-73.00
2025-06-26 14:27:48.873668,599618702883168990,-75.00
2025-06-26 14:27:48.873668,599618702883168990,-78.00
2025-06-26 14:27:48.873668,599618702883168990,-75.00
2025-06-26 14:27:48.873668,599618702883168990,-75.00
2025-06-26 14:27:48.873668,599618702883168990,-75.00
2025-06-26 14:27:48.873668,599618702883168990,-75.00
2025-06-26 14:27:48.873668,599618702883168990,-75.00
2025-06-26 14:27:48.873668,599618702883168990,-75.00
2025-06-26 14:27:48.873668,599618702883168990,-75.00
2025-06-26 14:27:48.873668,599618702883168990,-75.00
2025-06-26 14:27:48.873668,599618702883168990,-73.00
2025-06-26 14:27:48.873668,599618702883168990,-73.00
2025-06-26 14:27:48.873668,599618702883168990,-73.00
2025-06-26 14:27:48.873668,599618702883168990,-71.00
2025-06-26 14:27:48.873668,599618702883168990,-66.00
2025-06-26 14:27:48.873668,599618702883168990,-63.00
2025-06-26 14:27:48.873668,599618702883168990,-61.00
2025-06-26 14:27:48.873668,599618702883168990,-58.00
2025-06-26 14:27:48.873668,599618702883168990,-58.00
2025-06-26 14:27:48.873668,599618702883168990,-61.00
2025-06-26 14:27:48.873668,599618702883168990,-58.00
2025-06-26 14:27:48.873668,599618702883168990,-56.00
2025-06-26 14:27:48.873668,599618702883168990,-53.00
2025-06-26 14:27:48.873668,599618702883168990,-53.00
2025-06-26 14:27:48.873668,599618702883168990,-53.00
2025-06-26 14:27:48.873668,599618702883168990,-53.00
2025-06-26 14:27:48.873668,599618702883168990,-53.00
2025-06-26 14:27:48.873668,599618702883168990,-51.00
2025-06-26 14:27:48.873668,599618702883168990,-39.00
2025-06-26 14:27:48.873668,599618702883168990,-17.00
2025-06-26 14:27:48.873668,599618702883168990,-4.00
2025-06-26 14:27:48.873668,599618702883168990,-9.00
2025-06-26 14:27:48.873668,599618702883168990,-26.00
2025-06-26 14:27:48.873668,599618702883168990,-29.00
2025-06-26 14:27:48.873668,599618702883168990,-31.00
2025-06-26 14:27:48.873668,599618702883168990,-46.00
2025-06-26 14:27:48.873668,599618702883168990,-56.00
2025-06-26 14:27:48.873668,599618702883168990,-51.00
2025-06-26 14:27:48.873668,599618702883168990,-48.00
2025-06-26 14:27:48.873668,599618702883168990,-46.00
2025-06-26 14:27:48.873668,599618702883168990,-41.00
2025-06-26 14:27:48.873668,599618702883168990,-41.00
2025-06-26 14:27:48.873668,599618702883168990,-51.00
2025-06-26 14:27:48.873668,599618702883168990,-29.00
2025-06-26 14:27:48.873668,599618702883168990,102.00
2025-06-26 14:27:48.873668,599618702883168990,340.00
2025-06-26 14:27:48.873668,599618702883168990,573.00
2025-06-26 14:27:48.873668,599618702883168990,587.00
2025-06-26 14:27:48.873668,599618702883168990,242.00
2025-06-26 14:27:48.873668,599618702883168990,-176.00
2025-06-26 14:27:48.873668,599618702883168990,-213.00
2025-06-26 14:27:48.873668,599618702883168990,-34.00
2025-06-26 14:27:48.873668,599618702883168990,-39.00
2025-06-26 14:27:48.873668,599618702883168990,-110.00
2025-06-26 14:27:48.873668,599618702883168990,-75.00
2025-06-26 14:27:48.873668,599618702883168990,-56.00
2025-06-26 14:27:48.873668,599618702883168990,-68.00
2025-06-26 14:27:49.442605,599618703443896549,-56.00
2025-06-26 14:27:49.442605,599618703443896549,-41.00
2025-06-26 14:27:49.442605,599618703443896549,-36.00
2025-06-26 14:27:49.442605,599618703443896549,-29.00
2025-06-26 14:27:49.442605,599618703443896549,-24.00
2025-06-26 14:27:49.442605,599618703443896549,-19.00
2025-06-26 14:27:49.442605,599618703443896549,-9.00
2025-06-26 14:27:49.442605,599618703443896549,-2.00
2025-06-26 14:27:49.442605,599618703443896549,4.00
2025-06-26 14:27:49.442605,599618703443896549,12.00
2025-06-26 14:27:49.442605,599618703443896549,22.00
2025-06-26 14:27:49.442605,599618703443896549,31.00
2025-06-26 14:27:49.442605,599618703443896549,41.00
2025-06-26 14:27:49.442605,599618703443896549,56.00
2025-06-26 14:27:49.442605,599618703443896549,68.00
2025-06-26 14:27:49.442605,599618703443896549,73.00
2025-06-26 14:27:49.442605,599618703443896549,78.00
2025-06-26 14:27:49.442605,599618703443896549,83.00
2025-06-26 14:27:49.442605,599618703443896549,83.00
2025-06-26 14:27:49.442605,599618703443896549,83.00
2025-06-26 14:27:49.442605,599618703443896549,73.00
2025-06-26 14:27:49.442605,599618703443896549,51.00
2025-06-26 14:27:49.442605,599618703443896549,14.00
2025-06-26 14:27:49.442605,599618703443896549,-19.00
2025-06-26 14:27:49.442605,599618703443896549,-48.00
2025-06-26 14:27:49.442605,599618703443896549,-78.00
2025-06-26 14:27:49.442605,599618703443896549,-105.00
2025-06-26 14:27:49.442605,599618703443896549,-127.00
2025-06-26 14:27:49.442605,599618703443896549,-134.00
2025-06-26 14:27:49.442605,599618703443896549,-137.00
2025-06-26 14:27:49.442605,599618703443896549,-134.00
2025-06-26 14:27:49.442605,599618703443896549,-129.00
2025-06-26 14:27:49.442605,599618703443896549,-127.00
2025-06-26 14:27:49.442605,599618703443896549,-124.00
2025-06-26 14:27:49.442605,599618703443896549,-122.00
2025-06-26 14:27:49.442605,599618703443896549,-117.00
2025-06-26 14:27:49.442605,599618703443896549,-112.00
2025-06-26 14:27:49.442605,599618703443896549,-107.00
2025-06-26 14:27:49.442605,599618703443896549,-105.00
2025-06-26 14:27:49.442605,599618703443896549,-100.00
2025-06-26 14:27:49.442605,599618703443896549,-90.00
2025-06-26 14:27:49.442605,599618703443896549,-88.00
2025-06-26 14:27:49.442605,599618703443896549,-88.00
2025-06-26 14:27:49.442605,599618703443896549,-85.00
2025-06-26 14:27:49.442605,599618703443896549,-80.00
2025-06-26 14:27:49.442605,599618703443896549,-80.00
2025-06-26 14:27:49.442605,599618703443896549,-83.00
2025-06-26 14:27:49.442605,599618703443896549,-83.00
2025-06-26 14:27:49.442605,599618703443896549,-80.00
2025-06-26 14:27:49.442605,599618703443896549,-83.00
2025-06-26 14:27:49.442605,599618703443896549,-78.00
2025-06-26 14:27:49.442605,599618703443896549,-73.00
2025-06-26 14:27:49.442605,599618703443896549,-73.00
2025-06-26 14:27:49.442605,599618703443896549,-73.00
2025-06-26 14:27:49.442605,599618703443896549,-73.00
2025-06-26 14:27:49.442605,599618703443896549,-78.00
2025-06-26 14:27:49.442605,599618703443896549,-75.00
2025-06-26 14:27:49.442605,599618703443896549,-68.00
2025-06-26 14:27:49.442605,599618703443896549,-71.00
2025-06-26 14:27:49.442605,599618703443896549,-75.00
2025-06-26 14:27:49.442605,599618703443896549,-75.00
2025-06-26 14:27:49.442605,599618703443896549,-73.00
2025-06-26 14:27:49.442605,599618703443896549,-71.00
2025-06-26 14:27:49.442605,599618703443896549,-68.00
2025-06-26 14:27:49.442605,599618703443896549,-71.00
2025-06-26 14:27:49.442605,599618703443896549,-68.00
2025-06-26 14:27:49.442605,599618703443896549,-41.00
2025-06-26 14:27:49.442605,599618703443896549,-9.00
2025-06-26 14:27:49.442605,599618703443896549,-17.00
2025-06-26 14:27:49.442605,599618703443896549,-44.00
2025-06-26 14:27:49.442605,599618703443896549,-46.00
2025-06-26 14:27:49.442605,599618703443896549,-41.00
2025-06-26 14:27:49.442605,599618703443896549,-56.00
2025-06-26 14:27:50.041799,599618704004593590,-66.00
2025-06-26 14:27:50.041799,599618704004593590,-63.00
2025-06-26 14:27:50.041799,599618704004593590,-63.00
2025-06-26 14:27:50.041799,599618704004593590,-61.00
2025-06-26 14:27:50.041799,599618704004593590,-58.00
2025-06-26 14:27:50.041799,599618704004593590,-61.00
2025-06-26 14:27:50.041799,599618704004593590,-68.00
2025-06-26 14:27:50.041799,599618704004593590,-41.00
2025-06-26 14:27:50.041799,599618704004593590,83.00
2025-06-26 14:27:50.041799,599618704004593590,320.00
2025-06-26 14:27:50.041799,599618704004593590,563.00
2025-06-26 14:27:50.041799,599618704004593590,597.00
2025-06-26 14:27:50.041799,599618704004593590,276.00
2025-06-26 14:27:50.041799,599618704004593590,-159.00
2025-06-26 14:27:50.041799,599618704004593590,-249.00
2025-06-26 14:27:50.041799,599618704004593590,-68.00
2025-06-26 14:27:50.041799,599618704004593590,-34.00
2025-06-26 14:27:50.041799,599618704004593590,-102.00
2025-06-26 14:27:50.041799,599618704004593590,-83.00
2025-06-26 14:27:50.041799,599618704004593590,-58.00
2025-06-26 14:27:50.041799,599618704004593590,-71.00
2025-06-26 14:27:50.041799,599618704004593590,-58.00
2025-06-26 14:27:50.041799,599618704004593590,-41.00
2025-06-26 14:27:50.041799,599618704004593590,-41.00
2025-06-26 14:27:50.041799,599618704004593590,-34.00
2025-06-26 14:27:50.041799,599618704004593590,-26.00
2025-06-26 14:27:50.041799,599618704004593590,-22.00
2025-06-26 14:27:50.041799,599618704004593590,-12.00
2025-06-26 14:27:50.041799,599618704004593590,0.00
2025-06-26 14:27:50.041799,599618704004593590,4.00
2025-06-26 14:27:50.041799,599618704004593590,12.00
2025-06-26 14:27:50.041799,599618704004593590,24.00
2025-06-26 14:27:50.041799,599618704004593590,36.00
2025-06-26 14:27:50.041799,599618704004593590,48.00
2025-06-26 14:27:50.041799,599618704004593590,58.00
2025-06-26 14:27:50.041799,599618704004593590,66.00
2025-06-26 14:27:50.041799,599618704004593590,78.00
2025-06-26 14:27:50.041799,599618704004593590,90.00
2025-06-26 14:27:50.041799,599618704004593590,95.00
2025-06-26 14:27:50.041799,599618704004593590,100.00
2025-06-26 14:27:50.041799,599618704004593590,97.00
2025-06-26 14:27:50.041799,599618704004593590,80.00
2025-06-26 14:27:50.041799,599618704004593590,51.00
2025-06-26 14:27:50.041799,599618704004593590,9.00
2025-06-26 14:27:50.041799,599618704004593590,-36.00
2025-06-26 14:27:50.041799,599618704004593590,-78.00
2025-06-26 14:27:50.041799,599618704004593590,-105.00
2025-06-26 14:27:50.041799,599618704004593590,-127.00
2025-06-26 14:27:50.041799,599618704004593590,-142.00
2025-06-26 14:27:50.041799,599618704004593590,-144.00
2025-06-26 14:27:50.041799,599618704004593590,-144.00
2025-06-26 14:27:50.041799,599618704004593590,-146.00
2025-06-26 14:27:50.041799,599618704004593590,-146.00
2025-06-26 14:27:50.041799,599618704004593590,-146.00
2025-06-26 14:27:50.041799,599618704004593590,-134.00
2025-06-26 14:27:50.041799,599618704004593590,-122.00
2025-06-26 14:27:50.041799,599618704004593590,-120.00
2025-06-26 14:27:50.041799,599618704004593590,-122.00
2025-06-26 14:27:50.041799,599618704004593590,-115.00
2025-06-26 14:27:50.041799,599618704004593590,-105.00
2025-06-26 14:27:50.041799,599618704004593590,-100.00
2025-06-26 14:27:50.041799,599618704004593590,-100.00
2025-06-26 14:27:50.041799,599618704004593590,-97.00
2025-06-26 14:27:50.041799,599618704004593590,-95.00
2025-06-26 14:27:50.041799,599618704004593590,-90.00
2025-06-26 14:27:50.041799,599618704004593590,-88.00
2025-06-26 14:27:50.041799,599618704004593590,-85.00
2025-06-26 14:27:50.041799,599618704004593590,-83.00
2025-06-26 14:27:50.041799,599618704004593590,-80.00
2025-06-26 14:27:50.041799,599618704004593590,-83.00
2025-06-26 14:27:50.041799,599618704004593590,-85.00
2025-06-26 14:27:50.041799,599618704004593590,-85.00
2025-06-26 14:27:50.041799,599618704004593590,-83.00
2025-06-26 14:27:50.552025,599618704565316061,-83.00
2025-06-26 14:27:50.552025,599618704565316061,-85.00
2025-06-26 14:27:50.552025,599618704565316061,-85.00
2025-06-26 14:27:50.552025,599618704565316061,-88.00
2025-06-26 14:27:50.552025,599618704565316061,-88.00
2025-06-26 14:27:50.552025,599618704565316061,-75.00
2025-06-26 14:27:50.552025,599618704565316061,-63.00
2025-06-26 14:27:50.552025,599618704565316061,-71.00
2025-06-26 14:27:50.552025,599618704565316061,-80.00
2025-06-26 14:27:50.552025,599618704565316061,-78.00
2025-06-26 14:27:50.552025,599618704565316061,-56.00
2025-06-26 14:27:50.552025,599618704565316061,-26.00
2025-06-26 14:27:50.552025,599618704565316061,-17.00
2025-06-26 14:27:50.552025,599618704565316061,-34.00
2025-06-26 14:27:50.552025,599618704565316061,-46.00
2025-06-26 14:27:50.552025,599618704565316061,-44.00
2025-06-26 14:27:50.552025,599618704565316061,-48.00
2025-06-26 14:27:50.552025,599618704565316061,-56.00
2025-06-26 14:27:50.552025,599618704565316061,-58.00
2025-06-26 14:27:50.552025,599618704565316061,-58.00
2025-06-26 14:27:50.552025,599618704565316061,-63.00
2025-06-26 14:27:50.552025,599618704565316061,-63.00
2025-06-26 14:27:50.552025,599618704565316061,-56.00
2025-06-26 14:27:50.552025,599618704565316061,-61.00
2025-06-26 14:27:50.552025,599618704565316061,-71.00
2025-06-26 14:27:50.552025,599618704565316061,-24.00
2025-06-26 14:27:50.552025,599618704565316061,142.00
2025-06-26 14:27:50.552025,599618704565316061,409.00
2025-06-26 14:27:50.552025,599618704565316061,636.00
2025-06-26 14:27:50.552025,599618704565316061,580.00
2025-06-26 14:27:50.552025,599618704565316061,151.00
2025-06-26 14:27:50.552025,599618704565316061,-240.00
2025-06-26 14:27:50.552025,599618704565316061,-195.00
2025-06-26 14:27:50.552025,599618704565316061,-31.00
2025-06-26 14:27:50.552025,599618704565316061,-80.00
2025-06-26 14:27:50.552025,599618704565316061,-122.00
2025-06-26 14:27:50.552025,599618704565316061,-75.00
2025-06-26 14:27:50.552025,599618704565316061,-66.00
2025-06-26 14:27:50.552025,599618704565316061,-78.00
2025-06-26 14:27:50.552025,599618704565316061,-61.00
2025-06-26 14:27:50.552025,599618704565316061,-53.00
2025-06-26 14:27:50.552025,599618704565316061,-51.00
2025-06-26 14:27:50.552025,599618704565316061,-36.00
2025-06-26 14:27:50.552025,599618704565316061,-26.00
2025-06-26 14:27:50.552025,599618704565316061,-19.00
2025-06-26 14:27:50.552025,599618704565316061,-9.00
2025-06-26 14:27:50.552025,599618704565316061,2.00
2025-06-26 14:27:50.552025,599618704565316061,9.00
2025-06-26 14:27:50.552025,599618704565316061,19.00
2025-06-26 14:27:50.552025,599618704565316061,31.00
2025-06-26 14:27:50.552025,599618704565316061,41.00
2025-06-26 14:27:50.552025,599618704565316061,51.00
2025-06-26 14:27:50.552025,599618704565316061,63.00
2025-06-26 14:27:50.552025,599618704565316061,75.00
2025-06-26 14:27:50.552025,599618704565316061,85.00
2025-06-26 14:27:50.552025,599618704565316061,90.00
2025-06-26 14:27:50.552025,599618704565316061,97.00
2025-06-26 14:27:50.552025,599618704565316061,102.00
2025-06-26 14:27:50.552025,599618704565316061,102.00
2025-06-26 14:27:50.552025,599618704565316061,85.00
2025-06-26 14:27:50.552025,599618704565316061,44.00
2025-06-26 14:27:50.552025,599618704565316061,-7.00
2025-06-26 14:27:50.552025,599618704565316061,-53.00
2025-06-26 14:27:50.552025,599618704565316061,-93.00
2025-06-26 14:27:50.552025,599618704565316061,-122.00
2025-06-26 14:27:50.552025,599618704565316061,-139.00
2025-06-26 14:27:50.552025,599618704565316061,-151.00
2025-06-26 14:27:50.552025,599618704565316061,-154.00
2025-06-26 14:27:50.552025,599618704565316061,-151.00
2025-06-26 14:27:50.552025,599618704565316061,-149.00
2025-06-26 14:27:50.552025,599618704565316061,-146.00
2025-06-26 14:27:50.552025,599618704565316061,-146.00
2025-06-26 14:27:50.552025,599618704565316061,-142.00
2025-06-26 14:27:51.091273,599618705126018190,-129.00
2025-06-26 14:27:51.091273,599618705126018190,-117.00
2025-06-26 14:27:51.091273,599618705126018190,-115.00
2025-06-26 14:27:51.091273,599618705126018190,-112.00
2025-06-26 14:27:51.091273,599618705126018190,-107.00
2025-06-26 14:27:51.091273,599618705126018190,-100.00
2025-06-26 14:27:51.091273,599618705126018190,-95.00
2025-06-26 14:27:51.091273,599618705126018190,-93.00
2025-06-26 14:27:51.091273,599618705126018190,-90.00
2025-06-26 14:27:51.091273,599618705126018190,-88.00
2025-06-26 14:27:51.091273,599618705126018190,-83.00
2025-06-26 14:27:51.091273,599618705126018190,-80.00
2025-06-26 14:27:51.091273,599618705126018190,-80.00
2025-06-26 14:27:51.091273,599618705126018190,-83.00
2025-06-26 14:27:51.091273,599618705126018190,-80.00
2025-06-26 14:27:51.091273,599618705126018190,-78.00
2025-06-26 14:27:51.091273,599618705126018190,-75.00
2025-06-26 14:27:51.091273,599618705126018190,-80.00
2025-06-26 14:27:51.091273,599618705126018190,-80.00
2025-06-26 14:27:51.091273,599618705126018190,-73.00
2025-06-26 14:27:51.091273,599618705126018190,-68.00
2025-06-26 14:27:51.091273,599618705126018190,-73.00
2025-06-26 14:27:51.091273,599618705126018190,-78.00
2025-06-26 14:27:51.091273,599618705126018190,-80.00
2025-06-26 14:27:51.091273,599618705126018190,-80.00
2025-06-26 14:27:51.091273,599618705126018190,-75.00
2025-06-26 14:27:51.091273,599618705126018190,-58.00
2025-06-26 14:27:51.091273,599618705126018190,-36.00
2025-06-26 14:27:51.091273,599618705126018190,-29.00
2025-06-26 14:27:51.091273,599618705126018190,-41.00
2025-06-26 14:27:51.091273,599618705126018190,-48.00
2025-06-26 14:27:51.091273,599618705126018190,-51.00
2025-06-26 14:27:51.091273,599618705126018190,-56.00
2025-06-26 14:27:51.091273,599618705126018190,-58.00
2025-06-26 14:27:51.091273,599618705126018190,-61.00
2025-06-26 14:27:51.091273,599618705126018190,-66.00
2025-06-26 14:27:51.091273,599618705126018190,-68.00
2025-06-26 14:27:51.091273,599618705126018190,-61.00
2025-06-26 14:27:51.091273,599618705126018190,-63.00
2025-06-26 14:27:51.091273,599618705126018190,-66.00
2025-06-26 14:27:51.091273,599618705126018190,14.00
2025-06-26 14:27:51.091273,599618705126018190,232.00
2025-06-26 14:27:51.091273,599618705126018190,529.00
2025-06-26 14:27:51.091273,599618705126018190,703.00
2025-06-26 14:27:51.091273,599618705126018190,485.00
2025-06-26 14:27:51.091273,599618705126018190,-41.00
2025-06-26 14:27:51.091273,599618705126018190,-303.00
2025-06-26 14:27:51.091273,599618705126018190,-120.00
2025-06-26 14:27:51.091273,599618705126018190,-22.00
2025-06-26 14:27:51.091273,599618705126018190,-127.00
2025-06-26 14:27:51.091273,599618705126018190,-124.00
2025-06-26 14:27:51.091273,599618705126018190,-68.00
2025-06-26 14:27:51.091273,599618705126018190,-83.00
2025-06-26 14:27:51.091273,599618705126018190,-85.00
2025-06-26 14:27:51.091273,599618705126018190,-61.00
2025-06-26 14:27:51.091273,599618705126018190,-58.00
2025-06-26 14:27:51.091273,599618705126018190,-51.00
2025-06-26 14:27:51.091273,599618705126018190,-39.00
2025-06-26 14:27:51.091273,599618705126018190,-41.00
2025-06-26 14:27:51.091273,599618705126018190,-41.00
2025-06-26 14:27:51.091273,599618705126018190,-29.00
2025-06-26 14:27:51.091273,599618705126018190,-24.00
2025-06-26 14:27:51.091273,599618705126018190,-2.00
2025-06-26 14:27:51.091273,599618705126018190,24.00
2025-06-26 14:27:51.091273,599618705126018190,29.00
2025-06-26 14:27:51.091273,599618705126018190,36.00
2025-06-26 14:27:51.091273,599618705126018190,61.00
2025-06-26 14:27:51.091273,599618705126018190,83.00
2025-06-26 14:27:51.091273,599618705126018190,100.00
2025-06-26 14:27:51.091273,599618705126018190,120.00
2025-06-26 14:27:51.091273,599618705126018190,117.00
2025-06-26 14:27:51.091273,599618705126018190,110.00
2025-06-26 14:27:51.091273,599618705126018190,117.00
2025-06-26 14:27:51.692354,599618705686720319,112.00
2025-06-26 14:27:51.692354,599618705686720319,83.00
2025-06-26 14:27:51.692354,599618705686720319,41.00
2025-06-26 14:27:51.692354,599618705686720319,-9.00
2025-06-26 14:27:51.692354,599618705686720319,-51.00
2025-06-26 14:27:51.692354,599618705686720319,-83.00
2025-06-26 14:27:51.692354,599618705686720319,-115.00
2025-06-26 14:27:51.692354,599618705686720319,-129.00
2025-06-26 14:27:51.692354,599618705686720319,-120.00
2025-06-26 14:27:51.692354,599618705686720319,-122.00
2025-06-26 14:27:51.692354,599618705686720319,-132.00
2025-06-26 14:27:51.692354,599618705686720319,-122.00
2025-06-26 14:27:51.692354,599618705686720319,-117.00
2025-06-26 14:27:51.692354,599618705686720319,-120.00
2025-06-26 14:27:51.692354,599618705686720319,-112.00
2025-06-26 14:27:51.692354,599618705686720319,-107.00
2025-06-26 14:27:51.692354,599618705686720319,-107.00
2025-06-26 14:27:51.692354,599618705686720319,-97.00
2025-06-26 14:27:51.692354,599618705686720319,-90.00
2025-06-26 14:27:51.692354,599618705686720319,-93.00
2025-06-26 14:27:51.692354,599618705686720319,-88.00
2025-06-26 14:27:51.692354,599618705686720319,-83.00
2025-06-26 14:27:51.692354,599618705686720319,-83.00
2025-06-26 14:27:51.692354,599618705686720319,-78.00
2025-06-26 14:27:51.692354,599618705686720319,-73.00
2025-06-26 14:27:51.692354,599618705686720319,-71.00
2025-06-26 14:27:51.692354,599618705686720319,-61.00
2025-06-26 14:27:51.692354,599618705686720319,-66.00
2025-06-26 14:27:51.692354,599618705686720319,-75.00
2025-06-26 14:27:51.692354,599618705686720319,-66.00
2025-06-26 14:27:51.692354,599618705686720319,-48.00
2025-06-26 14:27:51.692354,599618705686720319,-29.00
2025-06-26 14:27:51.692354,599618705686720319,-26.00
2025-06-26 14:27:51.692354,599618705686720319,-39.00
2025-06-26 14:27:51.692354,599618705686720319,-53.00
2025-06-26 14:27:51.692354,599618705686720319,-93.00
2025-06-26 14:27:51.692354,599618705686720319,-129.00
2025-06-26 14:27:51.692354,599618705686720319,-115.00
2025-06-26 14:27:51.692354,599618705686720319,-85.00
2025-06-26 14:27:51.692354,599618705686720319,-58.00
2025-06-26 14:27:51.692354,599618705686720319,-41.00
2025-06-26 14:27:51.692354,599618705686720319,-48.00
2025-06-26 14:27:51.692354,599618705686720319,-58.00
2025-06-26 14:27:51.692354,599618705686720319,-51.00
2025-06-26 14:27:51.692354,599618705686720319,-39.00
2025-06-26 14:27:51.692354,599618705686720319,-31.00
2025-06-26 14:27:51.692354,599618705686720319,-31.00
2025-06-26 14:27:51.692354,599618705686720319,-41.00
2025-06-26 14:27:51.692354,599618705686720319,-56.00
2025-06-26 14:27:51.692354,599618705686720319,-61.00
2025-06-26 14:27:51.692354,599618705686720319,-51.00
2025-06-26 14:27:51.692354,599618705686720319,-61.00
2025-06-26 14:27:51.692354,599618705686720319,-48.00
2025-06-26 14:27:51.692354,599618705686720319,85.00
2025-06-26 14:27:51.692354,599618705686720319,350.00
2025-06-26 14:27:51.692354,599618705686720319,600.00
2025-06-26 14:27:51.692354,599618705686720319,600.00
2025-06-26 14:27:51.692354,599618705686720319,235.00
2025-06-26 14:27:51.692354,599618705686720319,-193.00
2025-06-26 14:27:51.692354,599618705686720319,-230.00
2025-06-26 14:27:51.692354,599618705686720319,-44.00
2025-06-26 14:27:51.692354,599618705686720319,-44.00
2025-06-26 14:27:51.692354,599618705686720319,-112.00
2025-06-26 14:27:51.692354,599618705686720319,-73.00
2025-06-26 14:27:51.692354,599618705686720319,-53.00
2025-06-26 14:27:51.692354,599618705686720319,-78.00
2025-06-26 14:27:51.692354,599618705686720319,-73.00
2025-06-26 14:27:51.692354,599618705686720319,-53.00
2025-06-26 14:27:51.692354,599618705686720319,-48.00
2025-06-26 14:27:51.692354,599618705686720319,-44.00
2025-06-26 14:27:51.692354,599618705686720319,-36.00
2025-06-26 14:27:51.692354,599618705686720319,-26.00
2025-06-26 14:27:51.692354,599618705686720319,-19.00
2025-06-26 14:27:52.262405,599618706247442792,-12.00
2025-06-26 14:27:52.262405,599618706247442792,4.00
2025-06-26 14:27:52.262405,599618706247442792,22.00
2025-06-26 14:27:52.262405,599618706247442792,29.00
2025-06-26 14:27:52.262405,599618706247442792,34.00
2025-06-26 14:27:52.262405,599618706247442792,46.00
2025-06-26 14:27:52.262405,599618706247442792,63.00
2025-06-26 14:27:52.262405,599618706247442792,78.00
2025-06-26 14:27:52.262405,599618706247442792,90.00
2025-06-26 14:27:52.262405,599618706247442792,97.00
2025-06-26 14:27:52.262405,599618706247442792,110.00
2025-06-26 14:27:52.262405,599618706247442792,112.00
2025-06-26 14:27:52.262405,599618706247442792,105.00
2025-06-26 14:27:52.262405,599618706247442792,80.00
2025-06-26 14:27:52.262405,599618706247442792,36.00
2025-06-26 14:27:52.262405,599618706247442792,-9.00
2025-06-26 14:27:52.262405,599618706247442792,-51.00
2025-06-26 14:27:52.262405,599618706247442792,-95.00
2025-06-26 14:27:52.262405,599618706247442792,-124.00
2025-06-26 14:27:52.262405,599618706247442792,-142.00
2025-06-26 14:27:52.262405,599618706247442792,-151.00
2025-06-26 14:27:52.262405,599618706247442792,-156.00
2025-06-26 14:27:52.262405,599618706247442792,-159.00
2025-06-26 14:27:52.262405,599618706247442792,-159.00
2025-06-26 14:27:52.262405,599618706247442792,-149.00
2025-06-26 14:27:52.262405,599618706247442792,-134.00
2025-06-26 14:27:52.262405,599618706247442792,-127.00
2025-06-26 14:27:52.262405,599618706247442792,-122.00
2025-06-26 14:27:52.262405,599618706247442792,-117.00
2025-06-26 14:27:52.262405,599618706247442792,-117.00
2025-06-26 14:27:52.262405,599618706247442792,-115.00
2025-06-26 14:27:52.262405,599618706247442792,-107.00
2025-06-26 14:27:52.262405,599618706247442792,-100.00
2025-06-26 14:27:52.262405,599618706247442792,-97.00
2025-06-26 14:27:52.262405,599618706247442792,-93.00
2025-06-26 14:27:52.262405,599618706247442792,-90.00
2025-06-26 14:27:52.262405,599618706247442792,-90.00
2025-06-26 14:27:52.262405,599618706247442792,-88.00
2025-06-26 14:27:52.262405,599618706247442792,-85.00
2025-06-26 14:27:52.262405,599618706247442792,-85.00
2025-06-26 14:27:52.262405,599618706247442792,-80.00
2025-06-26 14:27:52.262405,599618706247442792,-73.00
2025-06-26 14:27:52.262405,599618706247442792,-71.00
2025-06-26 14:27:52.262405,599618706247442792,-73.00
2025-06-26 14:27:52.262405,599618706247442792,-73.00
2025-06-26 14:27:52.262405,599618706247442792,-75.00
2025-06-26 14:27:52.262405,599618706247442792,-78.00
2025-06-26 14:27:52.262405,599618706247442792,-78.00
2025-06-26 14:27:52.262405,599618706247442792,-75.00
2025-06-26 14:27:52.262405,599618706247442792,-73.00
2025-06-26 14:27:52.262405,599618706247442792,-71.00
2025-06-26 14:27:52.262405,599618706247442792,-73.00
2025-06-26 14:27:52.262405,599618706247442792,-75.00
2025-06-26 14:27:52.262405,599618706247442792,-73.00
2025-06-26 14:27:52.262405,599618706247442792,-75.00
2025-06-26 14:27:52.262405,599618706247442792,-75.00
2025-06-26 14:27:52.262405,599618706247442792,-56.00
2025-06-26 14:27:52.262405,599618706247442792,-29.00
2025-06-26 14:27:52.262405,599618706247442792,-22.00
2025-06-26 14:27:52.262405,599618706247442792,-34.00
2025-06-26 14:27:52.262405,599618706247442792,-44.00
2025-06-26 14:27:52.262405,599618706247442792,-51.00
2025-06-26 14:27:52.262405,599618706247442792,-61.00
2025-06-26 14:27:52.262405,599618706247442792,-63.00
2025-06-26 14:27:52.262405,599618706247442792,-61.00
2025-06-26 14:27:52.262405,599618706247442792,-63.00
2025-06-26 14:27:52.262405,599618706247442792,-63.00
2025-06-26 14:27:52.262405,599618706247442792,-61.00
2025-06-26 14:27:52.262405,599618706247442792,-63.00
2025-06-26 14:27:52.262405,599618706247442792,-73.00
2025-06-26 14:27:52.262405,599618706247442792,-53.00
2025-06-26 14:27:52.262405,599618706247442792,78.00
2025-06-26 14:27:52.262405,599618706247442792,330.00
2025-06-26 14:27:52.802187,599618706808139833,578.00
2025-06-26 14:27:52.802187,599618706808139833,592.00
2025-06-26 14:27:52.802187,599618706808139833,230.00
2025-06-26 14:27:52.802187,599618706808139833,-198.00
2025-06-26 14:27:52.802187,599618706808139833,-227.00
2025-06-26 14:27:52.802187,599618706808139833,-44.00
2025-06-26 14:27:52.802187,599618706808139833,-56.00
2025-06-26 14:27:52.802187,599618706808139833,-129.00
2025-06-26 14:27:52.802187,599618706808139833,-93.00
2025-06-26 14:27:52.802187,599618706808139833,-73.00
2025-06-26 14:27:52.802187,599618706808139833,-93.00
2025-06-26 14:27:52.802187,599618706808139833,-78.00
2025-06-26 14:27:52.802187,599618706808139833,-61.00
2025-06-26 14:27:52.802187,599618706808139833,-63.00
2025-06-26 14:27:52.802187,599618706808139833,-56.00
2025-06-26 14:27:52.802187,599618706808139833,-31.00
2025-06-26 14:27:52.802187,599618706808139833,-22.00
2025-06-26 14:27:52.802187,599618706808139833,-26.00
2025-06-26 14:27:52.802187,599618706808139833,-17.00
2025-06-26 14:27:52.802187,599618706808139833,0.00
2025-06-26 14:27:52.802187,599618706808139833,7.00
2025-06-26 14:27:52.802187,599618706808139833,14.00
2025-06-26 14:27:52.802187,599618706808139833,29.00
2025-06-26 14:27:52.802187,599618706808139833,41.00
2025-06-26 14:27:52.802187,599618706808139833,48.00
2025-06-26 14:27:52.802187,599618706808139833,56.00
2025-06-26 14:27:52.802187,599618706808139833,66.00
2025-06-26 14:27:52.802187,599618706808139833,75.00
2025-06-26 14:27:52.802187,599618706808139833,83.00
2025-06-26 14:27:52.802187,599618706808139833,95.00
2025-06-26 14:27:52.802187,599618706808139833,93.00
2025-06-26 14:27:52.802187,599618706808139833,73.00
2025-06-26 14:27:52.802187,599618706808139833,44.00
2025-06-26 14:27:52.802187,599618706808139833,7.00
2025-06-26 14:27:52.802187,599618706808139833,-41.00
2025-06-26 14:27:52.802187,599618706808139833,-85.00
2025-06-26 14:27:52.802187,599618706808139833,-117.00
2025-06-26 14:27:52.802187,599618706808139833,-134.00
2025-06-26 14:27:52.802187,599618706808139833,-144.00
2025-06-26 14:27:52.802187,599618706808139833,-154.00
2025-06-26 14:27:52.802187,599618706808139833,-151.00
2025-06-26 14:27:52.802187,599618706808139833,-144.00
2025-06-26 14:27:52.802187,599618706808139833,-139.00
2025-06-26 14:27:52.802187,599618706808139833,-137.00
2025-06-26 14:27:52.802187,599618706808139833,-132.00
2025-06-26 14:27:52.802187,599618706808139833,-124.00
2025-06-26 14:27:52.802187,599618706808139833,-117.00
2025-06-26 14:27:52.802187,599618706808139833,-110.00
2025-06-26 14:27:52.802187,599618706808139833,-102.00
2025-06-26 14:27:52.802187,599618706808139833,-97.00
2025-06-26 14:27:52.802187,599618706808139833,-97.00
2025-06-26 14:27:52.802187,599618706808139833,-93.00
2025-06-26 14:27:52.802187,599618706808139833,-90.00
2025-06-26 14:27:52.802187,599618706808139833,-90.00
2025-06-26 14:27:52.802187,599618706808139833,-83.00
2025-06-26 14:27:52.802187,599618706808139833,-75.00
2025-06-26 14:27:52.802187,599618706808139833,-78.00
2025-06-26 14:27:52.802187,599618706808139833,-78.00
2025-06-26 14:27:52.802187,599618706808139833,-73.00
2025-06-26 14:27:52.802187,599618706808139833,-68.00
2025-06-26 14:27:52.802187,599618706808139833,-73.00
2025-06-26 14:27:52.802187,599618706808139833,-78.00
2025-06-26 14:27:52.802187,599618706808139833,-66.00
2025-06-26 14:27:52.802187,599618706808139833,-56.00
2025-06-26 14:27:52.802187,599618706808139833,-63.00
2025-06-26 14:27:52.802187,599618706808139833,-71.00
2025-06-26 14:27:52.802187,599618706808139833,-63.00
2025-06-26 14:27:52.802187,599618706808139833,-61.00
2025-06-26 14:27:52.802187,599618706808139833,-66.00
2025-06-26 14:27:52.802187,599618706808139833,-66.00
2025-06-26 14:27:52.802187,599618706808139833,-61.00
2025-06-26 14:27:52.802187,599618706808139833,-61.00
2025-06-26 14:27:52.802187,599618706808139833,-56.00
2025-06-26 14:27:53.372633,599618707368857218,-53.00
2025-06-26 14:27:53.372633,599618707368857218,-58.00
2025-06-26 14:27:53.372633,599618707368857218,-61.00
2025-06-26 14:27:53.372633,599618707368857218,-53.00
2025-06-26 14:27:53.372633,599618707368857218,-51.00
2025-06-26 14:27:53.372633,599618707368857218,-56.00
2025-06-26 14:27:53.372633,599618707368857218,-53.00
2025-06-26 14:27:53.372633,599618707368857218,-46.00
2025-06-26 14:27:53.372633,599618707368857218,-44.00
2025-06-26 14:27:53.372633,599618707368857218,-48.00
2025-06-26 14:27:53.372633,599618707368857218,-51.00
2025-06-26 14:27:53.372633,599618707368857218,-51.00
2025-06-26 14:27:53.372633,599618707368857218,-46.00
2025-06-26 14:27:53.372633,599618707368857218,-31.00
2025-06-26 14:27:53.372633,599618707368857218,-14.00
2025-06-26 14:27:53.372633,599618707368857218,-4.00
2025-06-26 14:27:53.372633,599618707368857218,-12.00
2025-06-26 14:27:53.372633,599618707368857218,-17.00
2025-06-26 14:27:53.372633,599618707368857218,-12.00
2025-06-26 14:27:53.372633,599618707368857218,-22.00
2025-06-26 14:27:53.372633,599618707368857218,-39.00
2025-06-26 14:27:53.372633,599618707368857218,-46.00
2025-06-26 14:27:53.372633,599618707368857218,-51.00
2025-06-26 14:27:53.372633,599618707368857218,-56.00
2025-06-26 14:27:53.372633,599618707368857218,-48.00
2025-06-26 14:27:53.372633,599618707368857218,-41.00
2025-06-26 14:27:53.372633,599618707368857218,-44.00
2025-06-26 14:27:53.372633,599618707368857218,-53.00
2025-06-26 14:27:53.372633,599618707368857218,-12.00
2025-06-26 14:27:53.372633,599618707368857218,142.00
2025-06-26 14:27:53.372633,599618707368857218,399.00
2025-06-26 14:27:53.372633,599618707368857218,612.00
2025-06-26 14:27:53.372633,599618707368857218,546.00
2025-06-26 14:27:53.372633,599618707368857218,127.00
2025-06-26 14:27:53.372633,599618707368857218,-235.00
2025-06-26 14:27:53.372633,599618707368857218,-166.00
2025-06-26 14:27:53.372633,599618707368857218,-12.00
2025-06-26 14:27:53.372633,599618707368857218,-68.00
2025-06-26 14:27:53.372633,599618707368857218,-110.00
2025-06-26 14:27:53.372633,599618707368857218,-63.00
2025-06-26 14:27:53.372633,599618707368857218,-63.00
2025-06-26 14:27:53.372633,599618707368857218,-78.00
2025-06-26 14:27:53.372633,599618707368857218,-58.00
2025-06-26 14:27:53.372633,599618707368857218,-44.00
2025-06-26 14:27:53.372633,599618707368857218,-44.00
2025-06-26 14:27:53.372633,599618707368857218,-41.00
2025-06-26 14:27:53.372633,599618707368857218,-41.00
2025-06-26 14:27:53.372633,599618707368857218,-34.00
2025-06-26 14:27:53.372633,599618707368857218,-9.00
2025-06-26 14:27:53.372633,599618707368857218,7.00
2025-06-26 14:27:53.372633,599618707368857218,4.00
2025-06-26 14:27:53.372633,599618707368857218,9.00
2025-06-26 14:27:53.372633,599618707368857218,26.00
2025-06-26 14:27:53.372633,599618707368857218,34.00
2025-06-26 14:27:53.372633,599618707368857218,39.00
2025-06-26 14:27:53.372633,599618707368857218,51.00
2025-06-26 14:27:53.372633,599618707368857218,61.00
2025-06-26 14:27:53.372633,599618707368857218,71.00
2025-06-26 14:27:53.372633,599618707368857218,80.00
2025-06-26 14:27:53.372633,599618707368857218,85.00
2025-06-26 14:27:53.372633,599618707368857218,90.00
2025-06-26 14:27:53.372633,599618707368857218,90.00
2025-06-26 14:27:53.372633,599618707368857218,73.00
2025-06-26 14:27:53.372633,599618707368857218,48.00
2025-06-26 14:27:53.372633,599618707368857218,14.00
2025-06-26 14:27:53.372633,599618707368857218,-19.00
2025-06-26 14:27:53.372633,599618707368857218,-51.00
2025-06-26 14:27:53.372633,599618707368857218,-83.00
2025-06-26 14:27:53.372633,599618707368857218,-107.00
2025-06-26 14:27:53.372633,599618707368857218,-117.00
2025-06-26 14:27:53.372633,599618707368857218,-124.00
2025-06-26 14:27:53.372633,599618707368857218,-124.00
2025-06-26 14:27:53.372633,599618707368857218,-122.00
2025-06-26 14:27:53.941359,599618707929564433,-117.00
2025-06-26 14:27:53.941359,599618707929564433,-110.00
2025-06-26 14:27:53.941359,599618707929564433,-110.00
2025-06-26 14:27:53.941359,599618707929564433,-107.00
2025-06-26 14:27:53.941359,599618707929564433,-97.00
2025-06-26 14:27:53.941359,599618707929564433,-90.00
2025-06-26 14:27:53.941359,599618707929564433,-85.00
2025-06-26 14:27:53.941359,599618707929564433,-85.00
2025-06-26 14:27:53.941359,599618707929564433,-78.00
2025-06-26 14:27:53.941359,599618707929564433,-73.00
2025-06-26 14:27:53.941359,599618707929564433,-71.00
2025-06-26 14:27:53.941359,599618707929564433,-68.00
2025-06-26 14:27:53.941359,599618707929564433,-66.00
2025-06-26 14:27:53.941359,599618707929564433,-63.00
2025-06-26 14:27:53.941359,599618707929564433,-58.00
2025-06-26 14:27:53.941359,599618707929564433,-56.00
2025-06-26 14:27:53.941359,599618707929564433,-61.00
2025-06-26 14:27:53.941359,599618707929564433,-58.00
2025-06-26 14:27:53.941359,599618707929564433,-56.00
2025-06-26 14:27:53.941359,599618707929564433,-53.00
2025-06-26 14:27:53.941359,599618707929564433,-53.00
2025-06-26 14:27:53.941359,599618707929564433,-58.00
2025-06-26 14:27:53.941359,599618707929564433,-58.00
2025-06-26 14:27:53.941359,599618707929564433,-53.00
2025-06-26 14:27:53.941359,599618707929564433,-51.00
2025-06-26 14:27:53.941359,599618707929564433,-51.00
2025-06-26 14:27:53.941359,599618707929564433,-56.00
2025-06-26 14:27:53.941359,599618707929564433,-56.00
2025-06-26 14:27:53.941359,599618707929564433,-51.00
2025-06-26 14:27:53.941359,599618707929564433,-51.00
2025-06-26 14:27:53.941359,599618707929564433,-53.00
2025-06-26 14:27:53.941359,599618707929564433,-48.00
2025-06-26 14:27:53.941359,599618707929564433,-46.00
2025-06-26 14:27:53.941359,599618707929564433,-48.00
2025-06-26 14:27:53.941359,599618707929564433,-46.00
2025-06-26 14:27:53.941359,599618707929564433,-46.00
2025-06-26 14:27:53.941359,599618707929564433,-44.00
2025-06-26 14:27:53.941359,599618707929564433,-39.00
2025-06-26 14:27:53.941359,599618707929564433,-39.00
2025-06-26 14:27:53.941359,599618707929564433,-46.00
2025-06-26 14:27:53.941359,599618707929564433,-48.00
2025-06-26 14:27:53.941359,599618707929564433,-46.00
2025-06-26 14:27:53.941359,599618707929564433,-53.00
2025-06-26 14:27:53.941359,599618707929564433,-56.00
2025-06-26 14:27:53.941359,599618707929564433,-44.00
2025-06-26 14:27:53.941359,599618707929564433,-31.00
2025-06-26 14:27:53.941359,599618707929564433,-26.00
2025-06-26 14:27:53.941359,599618707929564433,-9.00
2025-06-26 14:27:53.941359,599618707929564433,-7.00
2025-06-26 14:27:53.941359,599618707929564433,-24.00
2025-06-26 14:27:53.941359,599618707929564433,-29.00
2025-06-26 14:27:53.941359,599618707929564433,-24.00
2025-06-26 14:27:53.941359,599618707929564433,-36.00
2025-06-26 14:27:53.941359,599618707929564433,-48.00
2025-06-26 14:27:53.941359,599618707929564433,-48.00
2025-06-26 14:27:53.941359,599618707929564433,-48.00
2025-06-26 14:27:53.941359,599618707929564433,-46.00
2025-06-26 14:27:53.941359,599618707929564433,-44.00
2025-06-26 14:27:53.941359,599618707929564433,-44.00
2025-06-26 14:27:53.941359,599618707929564433,-53.00
2025-06-26 14:27:53.941359,599618707929564433,-36.00
2025-06-26 14:27:53.941359,599618707929564433,73.00
2025-06-26 14:27:53.941359,599618707929564433,303.00
2025-06-26 14:27:53.941359,599618707929564433,553.00
2025-06-26 14:27:53.941359,599618707929564433,607.00
2025-06-26 14:27:53.941359,599618707929564433,289.00
2025-06-26 14:27:53.941359,599618707929564433,-146.00
2025-06-26 14:27:53.941359,599618707929564433,-222.00
2025-06-26 14:27:53.941359,599618707929564433,-41.00
2025-06-26 14:27:53.941359,599618707929564433,-31.00
2025-06-26 14:27:53.941359,599618707929564433,-112.00
2025-06-26 14:27:53.941359,599618707929564433,-88.00
2025-06-26 14:27:53.941359,599618707929564433,-61.00
2025-06-26 14:27:54.512800,599618708490261474,-75.00
2025-06-26 14:27:54.512800,599618708490261474,-66.00
2025-06-26 14:27:54.512800,599618708490261474,-46.00
2025-06-26 14:27:54.512800,599618708490261474,-48.00
2025-06-26 14:27:54.512800,599618708490261474,-46.00
2025-06-26 14:27:54.512800,599618708490261474,-34.00
2025-06-26 14:27:54.512800,599618708490261474,-29.00
2025-06-26 14:27:54.512800,599618708490261474,-22.00
2025-06-26 14:27:54.512800,599618708490261474,-9.00
2025-06-26 14:27:54.512800,599618708490261474,2.00
2025-06-26 14:27:54.512800,599618708490261474,9.00
2025-06-26 14:27:54.512800,599618708490261474,19.00
2025-06-26 14:27:54.512800,599618708490261474,29.00
2025-06-26 14:27:54.512800,599618708490261474,36.00
2025-06-26 14:27:54.512800,599618708490261474,46.00
2025-06-26 14:27:54.512800,599618708490261474,63.00
2025-06-26 14:27:54.512800,599618708490261474,78.00
2025-06-26 14:27:54.512800,599618708490261474,80.00
2025-06-26 14:27:54.512800,599618708490261474,83.00
2025-06-26 14:27:54.512800,599618708490261474,93.00
2025-06-26 14:27:54.512800,599618708490261474,95.00
2025-06-26 14:27:54.512800,599618708490261474,83.00
2025-06-26 14:27:54.512800,599618708490261474,63.00
2025-06-26 14:27:54.512800,599618708490261474,36.00
2025-06-26 14:27:54.512800,599618708490261474,-4.00
2025-06-26 14:27:54.512800,599618708490261474,-44.00
2025-06-26 14:27:54.512800,599618708490261474,-66.00
2025-06-26 14:27:54.512800,599618708490261474,-85.00
2025-06-26 14:27:54.512800,599618708490261474,-107.00
2025-06-26 14:27:54.512800,599618708490261474,-115.00
2025-06-26 14:27:54.512800,599618708490261474,-112.00
2025-06-26 14:27:54.512800,599618708490261474,-115.00
2025-06-26 14:27:54.512800,599618708490261474,-115.00
2025-06-26 14:27:54.512800,599618708490261474,-107.00
2025-06-26 14:27:54.512800,599618708490261474,-102.00
2025-06-26 14:27:54.512800,599618708490261474,-97.00
2025-06-26 14:27:54.512800,599618708490261474,-93.00
2025-06-26 14:27:54.512800,599618708490261474,-93.00
2025-06-26 14:27:54.512800,599618708490261474,-90.00
2025-06-26 14:27:54.512800,599618708490261474,-83.00
2025-06-26 14:27:54.512800,599618708490261474,-73.00
2025-06-26 14:27:54.512800,599618708490261474,-68.00
2025-06-26 14:27:54.512800,599618708490261474,-73.00
2025-06-26 14:27:54.512800,599618708490261474,-71.00
2025-06-26 14:27:54.512800,599618708490261474,-68.00
2025-06-26 14:27:54.512800,599618708490261474,-68.00
2025-06-26 14:27:54.512800,599618708490261474,-63.00
2025-06-26 14:27:54.512800,599618708490261474,-63.00
2025-06-26 14:27:54.512800,599618708490261474,-63.00
2025-06-26 14:27:54.512800,599618708490261474,-61.00
2025-06-26 14:27:54.512800,599618708490261474,-61.00
2025-06-26 14:27:54.512800,599618708490261474,-63.00
2025-06-26 14:27:54.512800,599618708490261474,-63.00
2025-06-26 14:27:54.512800,599618708490261474,-63.00
2025-06-26 14:27:54.512800,599618708490261474,-61.00
2025-06-26 14:27:54.512800,599618708490261474,-58.00
2025-06-26 14:27:54.512800,599618708490261474,-58.00
2025-06-26 14:27:54.512800,599618708490261474,-56.00
2025-06-26 14:27:54.512800,599618708490261474,-56.00
2025-06-26 14:27:54.512800,599618708490261474,-58.00
2025-06-26 14:27:54.512800,599618708490261474,-63.00
2025-06-26 14:27:54.512800,599618708490261474,-63.00
2025-06-26 14:27:54.512800,599618708490261474,-61.00
2025-06-26 14:27:54.512800,599618708490261474,-61.00
2025-06-26 14:27:54.512800,599618708490261474,-58.00
2025-06-26 14:27:54.512800,599618708490261474,-53.00
2025-06-26 14:27:54.512800,599618708490261474,-51.00
2025-06-26 14:27:54.512800,599618708490261474,-48.00
2025-06-26 14:27:54.512800,599618708490261474,-53.00
2025-06-26 14:27:54.512800,599618708490261474,-53.00
2025-06-26 14:27:54.512800,599618708490261474,-53.00
2025-06-26 14:27:54.512800,599618708490261474,-58.00
2025-06-26 14:27:54.512800,599618708490261474,-58.00
2025-06-26 14:27:55.111740,599618709050989035,-48.00
2025-06-26 14:27:55.111740,599618709050989035,-46.00
2025-06-26 14:27:55.111740,599618709050989035,-51.00
2025-06-26 14:27:55.111740,599618709050989035,-46.00
2025-06-26 14:27:55.111740,599618709050989035,-46.00
2025-06-26 14:27:55.111740,599618709050989035,-53.00
2025-06-26 14:27:55.111740,599618709050989035,-51.00
2025-06-26 14:27:55.111740,599618709050989035,-36.00
2025-06-26 14:27:55.111740,599618709050989035,-19.00
2025-06-26 14:27:55.111740,599618709050989035,-7.00
2025-06-26 14:27:55.111740,599618709050989035,-17.00
2025-06-26 14:27:55.111740,599618709050989035,-22.00
2025-06-26 14:27:55.111740,599618709050989035,-19.00
2025-06-26 14:27:55.111740,599618709050989035,-29.00
2025-06-26 14:27:55.111740,599618709050989035,-39.00
2025-06-26 14:27:55.111740,599618709050989035,-44.00
2025-06-26 14:27:55.111740,599618709050989035,-51.00
2025-06-26 14:27:55.111740,599618709050989035,-56.00
2025-06-26 14:27:55.111740,599618709050989035,-44.00
2025-06-26 14:27:55.111740,599618709050989035,-39.00
2025-06-26 14:27:55.111740,599618709050989035,-51.00
2025-06-26 14:27:55.111740,599618709050989035,-58.00
2025-06-26 14:27:55.111740,599618709050989035,-14.00
2025-06-26 14:27:55.111740,599618709050989035,142.00
2025-06-26 14:27:55.111740,599618709050989035,396.00
2025-06-26 14:27:55.111740,599618709050989035,597.00
2025-06-26 14:27:55.111740,599618709050989035,521.00
2025-06-26 14:27:55.111740,599618709050989035,115.00
2025-06-26 14:27:55.111740,599618709050989035,-235.00
2025-06-26 14:27:55.111740,599618709050989035,-166.00
2025-06-26 14:27:55.111740,599618709050989035,-7.00
2025-06-26 14:27:55.111740,599618709050989035,-71.00
2025-06-26 14:27:55.111740,599618709050989035,-129.00
2025-06-26 14:27:55.111740,599618709050989035,-83.00
2025-06-26 14:27:55.111740,599618709050989035,-66.00
2025-06-26 14:27:55.111740,599618709050989035,-83.00
2025-06-26 14:27:55.111740,599618709050989035,-75.00
2025-06-26 14:27:55.111740,599618709050989035,-58.00
2025-06-26 14:27:55.111740,599618709050989035,-53.00
2025-06-26 14:27:55.111740,599618709050989035,-48.00
2025-06-26 14:27:55.111740,599618709050989035,-34.00
2025-06-26 14:27:55.111740,599618709050989035,-22.00
2025-06-26 14:27:55.111740,599618709050989035,-22.00
2025-06-26 14:27:55.111740,599618709050989035,-24.00
2025-06-26 14:27:55.111740,599618709050989035,0.00
2025-06-26 14:27:55.111740,599618709050989035,22.00
2025-06-26 14:27:55.111740,599618709050989035,14.00
2025-06-26 14:27:55.111740,599618709050989035,17.00
2025-06-26 14:27:55.111740,599618709050989035,46.00
2025-06-26 14:27:55.111740,599618709050989035,58.00
2025-06-26 14:27:55.111740,599618709050989035,48.00
2025-06-26 14:27:55.111740,599618709050989035,53.00
2025-06-26 14:27:55.111740,599618709050989035,75.00
2025-06-26 14:27:55.111740,599618709050989035,78.00
2025-06-26 14:27:55.111740,599618709050989035,68.00
2025-06-26 14:27:55.111740,599618709050989035,80.00
2025-06-26 14:27:55.111740,599618709050989035,75.00
2025-06-26 14:27:55.111740,599618709050989035,29.00
2025-06-26 14:27:55.111740,599618709050989035,-4.00
2025-06-26 14:27:55.111740,599618709050989035,-19.00
2025-06-26 14:27:55.111740,599618709050989035,-63.00
2025-06-26 14:27:55.111740,599618709050989035,-107.00
2025-06-26 14:27:55.111740,599618709050989035,-117.00
2025-06-26 14:27:55.111740,599618709050989035,-120.00
2025-06-26 14:27:55.111740,599618709050989035,-129.00
2025-06-26 14:27:55.111740,599618709050989035,-129.00
2025-06-26 14:27:55.111740,599618709050989035,-120.00
2025-06-26 14:27:55.111740,599618709050989035,-127.00
2025-06-26 14:27:55.111740,599618709050989035,-137.00
2025-06-26 14:27:55.111740,599618709050989035,-124.00
2025-06-26 14:27:55.111740,599618709050989035,-112.00
2025-06-26 14:27:55.111740,599618709050989035,-115.00
2025-06-26 14:27:55.111740,599618709050989035,-112.00
2025-06-26 14:27:55.619797,599618709611686076,-97.00
2025-06-26 14:27:55.619797,599618709611686076,-88.00
2025-06-26 14:27:55.619797,599618709611686076,-80.00
2025-06-26 14:27:55.619797,599618709611686076,-73.00
2025-06-26 14:27:55.619797,599618709611686076,-83.00
2025-06-26 14:27:55.619797,599618709611686076,-93.00
2025-06-26 14:27:55.619797,599618709611686076,-75.00
2025-06-26 14:27:55.619797,599618709611686076,-68.00
2025-06-26 14:27:55.619797,599618709611686076,-85.00
2025-06-26 14:27:55.619797,599618709611686076,-88.00
2025-06-26 14:27:55.619797,599618709611686076,-78.00
2025-06-26 14:27:55.619797,599618709611686076,-78.00
2025-06-26 14:27:55.619797,599618709611686076,-75.00
2025-06-26 14:27:55.619797,599618709611686076,-66.00
2025-06-26 14:27:55.619797,599618709611686076,-66.00
2025-06-26 14:27:55.619797,599618709611686076,-61.00
2025-06-26 14:27:55.619797,599618709611686076,-46.00
2025-06-26 14:27:55.619797,599618709611686076,-53.00
2025-06-26 14:27:55.619797,599618709611686076,-73.00
2025-06-26 14:27:55.619797,599618709611686076,-71.00
2025-06-26 14:27:55.619797,599618709611686076,-75.00
2025-06-26 14:27:55.619797,599618709611686076,-85.00
2025-06-26 14:27:55.619797,599618709611686076,-73.00
2025-06-26 14:27:55.619797,599618709611686076,-63.00
2025-06-26 14:27:55.619797,599618709611686076,-63.00
2025-06-26 14:27:55.619797,599618709611686076,-48.00
2025-06-26 14:27:55.619797,599618709611686076,-44.00
2025-06-26 14:27:55.619797,599618709611686076,-58.00
2025-06-26 14:27:55.619797,599618709611686076,-51.00
2025-06-26 14:27:55.619797,599618709611686076,-44.00
2025-06-26 14:27:55.619797,599618709611686076,-80.00
2025-06-26 14:27:55.619797,599618709611686076,-95.00
2025-06-26 14:27:55.619797,599618709611686076,-58.00
2025-06-26 14:27:55.619797,599618709611686076,-39.00
2025-06-26 14:27:55.619797,599618709611686076,-56.00
2025-06-26 14:27:55.619797,599618709611686076,-71.00
2025-06-26 14:27:55.619797,599618709611686076,-53.00
2025-06-26 14:27:55.619797,599618709611686076,-26.00
2025-06-26 14:27:55.619797,599618709611686076,-26.00
2025-06-26 14:27:55.619797,599618709611686076,-31.00
2025-06-26 14:27:55.619797,599618709611686076,-31.00
2025-06-26 14:27:55.619797,599618709611686076,-29.00
2025-06-26 14:27:55.619797,599618709611686076,-44.00
2025-06-26 14:27:55.619797,599618709611686076,-75.00
2025-06-26 14:27:55.619797,599618709611686076,-68.00
2025-06-26 14:27:55.619797,599618709611686076,-48.00
2025-06-26 14:27:55.619797,599618709611686076,-68.00
2025-06-26 14:27:55.619797,599618709611686076,-80.00
2025-06-26 14:27:55.619797,599618709611686076,-58.00
2025-06-26 14:27:55.619797,599618709611686076,-61.00
2025-06-26 14:27:55.619797,599618709611686076,-83.00
2025-06-26 14:27:55.619797,599618709611686076,-73.00
2025-06-26 14:27:55.619797,599618709611686076,41.00
2025-06-26 14:27:55.619797,599618709611686076,286.00
2025-06-26 14:27:55.619797,599618709611686076,534.00
2025-06-26 14:27:55.619797,599618709611686076,602.00
2025-06-26 14:27:55.619797,599618709611686076,357.00
2025-06-26 14:27:55.619797,599618709611686076,-97.00
2025-06-26 14:27:55.619797,599618709611686076,-308.00
2025-06-26 14:27:55.619797,599618709611686076,-127.00
2025-06-26 14:27:55.619797,599618709611686076,-24.00
2025-06-26 14:27:55.619797,599618709611686076,-127.00
2025-06-26 14:27:55.619797,599618709611686076,-134.00
2025-06-26 14:27:55.619797,599618709611686076,-80.00
2025-06-26 14:27:55.619797,599618709611686076,-102.00
2025-06-26 14:27:55.619797,599618709611686076,-97.00
2025-06-26 14:27:55.619797,599618709611686076,-75.00
2025-06-26 14:27:55.619797,599618709611686076,-95.00
2025-06-26 14:27:55.619797,599618709611686076,-78.00
2025-06-26 14:27:55.619797,599618709611686076,-31.00
2025-06-26 14:27:55.619797,599618709611686076,-31.00
2025-06-26 14:27:55.619797,599618709611686076,-51.00
2025-06-26 14:27:55.619797,599618709611686076,-34.00
