Timestamp,Device Timestamp (ns),ECG Value (uV)
2025-06-26 14:13:16.486236,599617830444371094,-95.00
2025-06-26 14:13:16.486236,599617830444371094,-93.00
2025-06-26 14:13:16.486236,599617830444371094,-93.00
2025-06-26 14:13:16.486236,599617830444371094,-93.00
2025-06-26 14:13:16.486236,599617830444371094,-88.00
2025-06-26 14:13:16.486236,599617830444371094,-85.00
2025-06-26 14:13:16.486236,599617830444371094,-90.00
2025-06-26 14:13:16.486236,599617830444371094,-90.00
2025-06-26 14:13:16.486236,599617830444371094,-83.00
2025-06-26 14:13:16.486236,599617830444371094,-85.00
2025-06-26 14:13:16.486236,599617830444371094,-85.00
2025-06-26 14:13:16.486236,599617830444371094,-83.00
2025-06-26 14:13:16.486236,599617830444371094,-80.00
2025-06-26 14:13:16.486236,599617830444371094,-80.00
2025-06-26 14:13:16.486236,599617830444371094,-80.00
2025-06-26 14:13:16.486236,599617830444371094,-78.00
2025-06-26 14:13:16.486236,599617830444371094,-75.00
2025-06-26 14:13:16.486236,599617830444371094,-75.00
2025-06-26 14:13:16.486236,599617830444371094,-75.00
2025-06-26 14:13:16.486236,599617830444371094,-75.00
2025-06-26 14:13:16.486236,599617830444371094,-73.00
2025-06-26 14:13:16.486236,599617830444371094,-66.00
2025-06-26 14:13:16.486236,599617830444371094,-53.00
2025-06-26 14:13:16.486236,599617830444371094,-31.00
2025-06-26 14:13:16.486236,599617830444371094,-24.00
2025-06-26 14:13:16.486236,599617830444371094,-39.00
2025-06-26 14:13:16.486236,599617830444371094,-51.00
2025-06-26 14:13:16.486236,599617830444371094,-48.00
2025-06-26 14:13:16.486236,599617830444371094,-56.00
2025-06-26 14:13:16.486236,599617830444371094,-68.00
2025-06-26 14:13:16.486236,599617830444371094,-71.00
2025-06-26 14:13:16.486236,599617830444371094,-73.00
2025-06-26 14:13:16.486236,599617830444371094,-73.00
2025-06-26 14:13:16.486236,599617830444371094,-73.00
2025-06-26 14:13:16.486236,599617830444371094,-71.00
2025-06-26 14:13:16.486236,599617830444371094,-71.00
2025-06-26 14:13:16.486236,599617830444371094,-80.00
2025-06-26 14:13:16.486236,599617830444371094,-39.00
2025-06-26 14:13:16.486236,599617830444371094,124.00
2025-06-26 14:13:16.486236,599617830444371094,387.00
2025-06-26 14:13:16.486236,599617830444371094,600.00
2025-06-26 14:13:16.486236,599617830444371094,538.00
2025-06-26 14:13:16.486236,599617830444371094,112.00
2025-06-26 14:13:16.486236,599617830444371094,-264.00
2025-06-26 14:13:16.486236,599617830444371094,-191.00
2025-06-26 14:13:16.486236,599617830444371094,-22.00
2025-06-26 14:13:16.486236,599617830444371094,-88.00
2025-06-26 14:13:16.486236,599617830444371094,-137.00
2025-06-26 14:13:16.486236,599617830444371094,-80.00
2025-06-26 14:13:16.486236,599617830444371094,-75.00
2025-06-26 14:13:16.486236,599617830444371094,-93.00
2025-06-26 14:13:16.486236,599617830444371094,-71.00
2025-06-26 14:13:16.486236,599617830444371094,-56.00
2025-06-26 14:13:16.486236,599617830444371094,-56.00
2025-06-26 14:13:16.486236,599617830444371094,-48.00
2025-06-26 14:13:16.486236,599617830444371094,-39.00
2025-06-26 14:13:16.486236,599617830444371094,-34.00
2025-06-26 14:13:16.486236,599617830444371094,-26.00
2025-06-26 14:13:16.486236,599617830444371094,-14.00
2025-06-26 14:13:16.486236,599617830444371094,-7.00
2025-06-26 14:13:16.486236,599617830444371094,2.00
2025-06-26 14:13:16.486236,599617830444371094,12.00
2025-06-26 14:13:16.486236,599617830444371094,24.00
2025-06-26 14:13:16.486236,599617830444371094,39.00
2025-06-26 14:13:16.486236,599617830444371094,51.00
2025-06-26 14:13:16.486236,599617830444371094,61.00
2025-06-26 14:13:16.486236,599617830444371094,73.00
2025-06-26 14:13:16.486236,599617830444371094,83.00
2025-06-26 14:13:16.486236,599617830444371094,85.00
2025-06-26 14:13:16.486236,599617830444371094,88.00
2025-06-26 14:13:16.486236,599617830444371094,88.00
2025-06-26 14:13:16.486236,599617830444371094,73.00
2025-06-26 14:13:16.486236,599617830444371094,39.00
2025-06-26 14:13:17.028680,599617831005037619,-7.00
2025-06-26 14:13:17.028680,599617831005037619,-51.00
2025-06-26 14:13:17.028680,599617831005037619,-90.00
2025-06-26 14:13:17.028680,599617831005037619,-115.00
2025-06-26 14:13:17.028680,599617831005037619,-129.00
2025-06-26 14:13:17.028680,599617831005037619,-137.00
2025-06-26 14:13:17.028680,599617831005037619,-142.00
2025-06-26 14:13:17.028680,599617831005037619,-139.00
2025-06-26 14:13:17.028680,599617831005037619,-137.00
2025-06-26 14:13:17.028680,599617831005037619,-132.00
2025-06-26 14:13:17.028680,599617831005037619,-129.00
2025-06-26 14:13:17.028680,599617831005037619,-124.00
2025-06-26 14:13:17.028680,599617831005037619,-117.00
2025-06-26 14:13:17.028680,599617831005037619,-112.00
2025-06-26 14:13:17.028680,599617831005037619,-107.00
2025-06-26 14:13:17.028680,599617831005037619,-102.00
2025-06-26 14:13:17.028680,599617831005037619,-97.00
2025-06-26 14:13:17.028680,599617831005037619,-95.00
2025-06-26 14:13:17.028680,599617831005037619,-93.00
2025-06-26 14:13:17.028680,599617831005037619,-90.00
2025-06-26 14:13:17.028680,599617831005037619,-88.00
2025-06-26 14:13:17.028680,599617831005037619,-85.00
2025-06-26 14:13:17.028680,599617831005037619,-85.00
2025-06-26 14:13:17.028680,599617831005037619,-83.00
2025-06-26 14:13:17.028680,599617831005037619,-83.00
2025-06-26 14:13:17.028680,599617831005037619,-80.00
2025-06-26 14:13:17.028680,599617831005037619,-80.00
2025-06-26 14:13:17.028680,599617831005037619,-80.00
2025-06-26 14:13:17.028680,599617831005037619,-78.00
2025-06-26 14:13:17.028680,599617831005037619,-80.00
2025-06-26 14:13:17.028680,599617831005037619,-80.00
2025-06-26 14:13:17.028680,599617831005037619,-80.00
2025-06-26 14:13:17.028680,599617831005037619,-80.00
2025-06-26 14:13:17.028680,599617831005037619,-78.00
2025-06-26 14:13:17.028680,599617831005037619,-78.00
2025-06-26 14:13:17.028680,599617831005037619,-75.00
2025-06-26 14:13:17.028680,599617831005037619,-75.00
2025-06-26 14:13:17.028680,599617831005037619,-75.00
2025-06-26 14:13:17.028680,599617831005037619,-75.00
2025-06-26 14:13:17.028680,599617831005037619,-73.00
2025-06-26 14:13:17.028680,599617831005037619,-71.00
2025-06-26 14:13:17.028680,599617831005037619,-71.00
2025-06-26 14:13:17.028680,599617831005037619,-68.00
2025-06-26 14:13:17.028680,599617831005037619,-73.00
2025-06-26 14:13:17.028680,599617831005037619,-73.00
2025-06-26 14:13:17.028680,599617831005037619,-63.00
2025-06-26 14:13:17.028680,599617831005037619,-44.00
2025-06-26 14:13:17.028680,599617831005037619,-26.00
2025-06-26 14:13:17.028680,599617831005037619,-31.00
2025-06-26 14:13:17.028680,599617831005037619,-48.00
2025-06-26 14:13:17.028680,599617831005037619,-51.00
2025-06-26 14:13:17.028680,599617831005037619,-53.00
2025-06-26 14:13:17.028680,599617831005037619,-63.00
2025-06-26 14:13:17.028680,599617831005037619,-73.00
2025-06-26 14:13:17.028680,599617831005037619,-75.00
2025-06-26 14:13:17.028680,599617831005037619,-75.00
2025-06-26 14:13:17.028680,599617831005037619,-71.00
2025-06-26 14:13:17.028680,599617831005037619,-71.00
2025-06-26 14:13:17.028680,599617831005037619,-73.00
2025-06-26 14:13:17.028680,599617831005037619,-80.00
2025-06-26 14:13:17.028680,599617831005037619,-61.00
2025-06-26 14:13:17.028680,599617831005037619,58.00
2025-06-26 14:13:17.028680,599617831005037619,293.00
2025-06-26 14:13:17.028680,599617831005037619,541.00
2025-06-26 14:13:17.028680,599617831005037619,587.00
2025-06-26 14:13:17.028680,599617831005037619,262.00
2025-06-26 14:13:17.028680,599617831005037619,-186.00
2025-06-26 14:13:17.028680,599617831005037619,-257.00
2025-06-26 14:13:17.028680,599617831005037619,-66.00
2025-06-26 14:13:17.028680,599617831005037619,-53.00
2025-06-26 14:13:17.028680,599617831005037619,-132.00
2025-06-26 14:13:17.028680,599617831005037619,-102.00
2025-06-26 14:13:17.028680,599617831005037619,-75.00
2025-06-26 14:13:17.565434,599617831565734660,-90.00
2025-06-26 14:13:17.565434,599617831565734660,-80.00
2025-06-26 14:13:17.565434,599617831565734660,-63.00
2025-06-26 14:13:17.565434,599617831565734660,-66.00
2025-06-26 14:13:17.565434,599617831565734660,-58.00
2025-06-26 14:13:17.565434,599617831565734660,-44.00
2025-06-26 14:13:17.565434,599617831565734660,-41.00
2025-06-26 14:13:17.565434,599617831565734660,-34.00
2025-06-26 14:13:17.565434,599617831565734660,-19.00
2025-06-26 14:13:17.565434,599617831565734660,-9.00
2025-06-26 14:13:17.565434,599617831565734660,-2.00
2025-06-26 14:13:17.565434,599617831565734660,7.00
2025-06-26 14:13:17.565434,599617831565734660,19.00
2025-06-26 14:13:17.565434,599617831565734660,34.00
2025-06-26 14:13:17.565434,599617831565734660,46.00
2025-06-26 14:13:17.565434,599617831565734660,51.00
2025-06-26 14:13:17.565434,599617831565734660,61.00
2025-06-26 14:13:17.565434,599617831565734660,71.00
2025-06-26 14:13:17.565434,599617831565734660,75.00
2025-06-26 14:13:17.565434,599617831565734660,83.00
2025-06-26 14:13:17.565434,599617831565734660,85.00
2025-06-26 14:13:17.565434,599617831565734660,73.00
2025-06-26 14:13:17.565434,599617831565734660,44.00
2025-06-26 14:13:17.565434,599617831565734660,2.00
2025-06-26 14:13:17.565434,599617831565734660,-44.00
2025-06-26 14:13:17.565434,599617831565734660,-85.00
2025-06-26 14:13:17.565434,599617831565734660,-120.00
2025-06-26 14:13:17.565434,599617831565734660,-142.00
2025-06-26 14:13:17.565434,599617831565734660,-151.00
2025-06-26 14:13:17.565434,599617831565734660,-154.00
2025-06-26 14:13:17.565434,599617831565734660,-154.00
2025-06-26 14:13:17.565434,599617831565734660,-154.00
2025-06-26 14:13:17.565434,599617831565734660,-151.00
2025-06-26 14:13:17.565434,599617831565734660,-149.00
2025-06-26 14:13:17.565434,599617831565734660,-144.00
2025-06-26 14:13:17.565434,599617831565734660,-137.00
2025-06-26 14:13:17.565434,599617831565734660,-132.00
2025-06-26 14:13:17.565434,599617831565734660,-127.00
2025-06-26 14:13:17.565434,599617831565734660,-117.00
2025-06-26 14:13:17.565434,599617831565734660,-115.00
2025-06-26 14:13:17.565434,599617831565734660,-117.00
2025-06-26 14:13:17.565434,599617831565734660,-110.00
2025-06-26 14:13:17.565434,599617831565734660,-100.00
2025-06-26 14:13:17.565434,599617831565734660,-100.00
2025-06-26 14:13:17.565434,599617831565734660,-102.00
2025-06-26 14:13:17.565434,599617831565734660,-100.00
2025-06-26 14:13:17.565434,599617831565734660,-95.00
2025-06-26 14:13:17.565434,599617831565734660,-97.00
2025-06-26 14:13:17.565434,599617831565734660,-95.00
2025-06-26 14:13:17.565434,599617831565734660,-93.00
2025-06-26 14:13:17.565434,599617831565734660,-95.00
2025-06-26 14:13:17.565434,599617831565734660,-97.00
2025-06-26 14:13:17.565434,599617831565734660,-95.00
2025-06-26 14:13:17.565434,599617831565734660,-93.00
2025-06-26 14:13:17.565434,599617831565734660,-93.00
2025-06-26 14:13:17.565434,599617831565734660,-90.00
2025-06-26 14:13:17.565434,599617831565734660,-88.00
2025-06-26 14:13:17.565434,599617831565734660,-90.00
2025-06-26 14:13:17.565434,599617831565734660,-88.00
2025-06-26 14:13:17.565434,599617831565734660,-83.00
2025-06-26 14:13:17.565434,599617831565734660,-83.00
2025-06-26 14:13:17.565434,599617831565734660,-83.00
2025-06-26 14:13:17.565434,599617831565734660,-80.00
2025-06-26 14:13:17.565434,599617831565734660,-83.00
2025-06-26 14:13:17.565434,599617831565734660,-80.00
2025-06-26 14:13:17.565434,599617831565734660,-66.00
2025-06-26 14:13:17.565434,599617831565734660,-41.00
2025-06-26 14:13:17.565434,599617831565734660,-29.00
2025-06-26 14:13:17.565434,599617831565734660,-41.00
2025-06-26 14:13:17.565434,599617831565734660,-56.00
2025-06-26 14:13:17.565434,599617831565734660,-56.00
2025-06-26 14:13:17.565434,599617831565734660,-61.00
2025-06-26 14:13:17.565434,599617831565734660,-68.00
2025-06-26 14:13:18.137724,599617832126401183,-71.00
2025-06-26 14:13:18.137724,599617832126401183,-73.00
2025-06-26 14:13:18.137724,599617832126401183,-73.00
2025-06-26 14:13:18.137724,599617832126401183,-71.00
2025-06-26 14:13:18.137724,599617832126401183,-68.00
2025-06-26 14:13:18.137724,599617832126401183,-75.00
2025-06-26 14:13:18.137724,599617832126401183,-80.00
2025-06-26 14:13:18.137724,599617832126401183,-12.00
2025-06-26 14:13:18.137724,599617832126401183,169.00
2025-06-26 14:13:18.137724,599617832126401183,431.00
2025-06-26 14:13:18.137724,599617832126401183,622.00
2025-06-26 14:13:18.137724,599617832126401183,509.00
2025-06-26 14:13:18.137724,599617832126401183,61.00
2025-06-26 14:13:18.137724,599617832126401183,-271.00
2025-06-26 14:13:18.137724,599617832126401183,-169.00
2025-06-26 14:13:18.137724,599617832126401183,-26.00
2025-06-26 14:13:18.137724,599617832126401183,-93.00
2025-06-26 14:13:18.137724,599617832126401183,-117.00
2025-06-26 14:13:18.137724,599617832126401183,-71.00
2025-06-26 14:13:18.137724,599617832126401183,-75.00
2025-06-26 14:13:18.137724,599617832126401183,-85.00
2025-06-26 14:13:18.137724,599617832126401183,-61.00
2025-06-26 14:13:18.137724,599617832126401183,-48.00
2025-06-26 14:13:18.137724,599617832126401183,-48.00
2025-06-26 14:13:18.137724,599617832126401183,-36.00
2025-06-26 14:13:18.137724,599617832126401183,-26.00
2025-06-26 14:13:18.137724,599617832126401183,-22.00
2025-06-26 14:13:18.137724,599617832126401183,-12.00
2025-06-26 14:13:18.137724,599617832126401183,0.00
2025-06-26 14:13:18.137724,599617832126401183,7.00
2025-06-26 14:13:18.137724,599617832126401183,17.00
2025-06-26 14:13:18.137724,599617832126401183,29.00
2025-06-26 14:13:18.137724,599617832126401183,41.00
2025-06-26 14:13:18.137724,599617832126401183,53.00
2025-06-26 14:13:18.137724,599617832126401183,63.00
2025-06-26 14:13:18.137724,599617832126401183,75.00
2025-06-26 14:13:18.137724,599617832126401183,85.00
2025-06-26 14:13:18.137724,599617832126401183,93.00
2025-06-26 14:13:18.137724,599617832126401183,100.00
2025-06-26 14:13:18.137724,599617832126401183,102.00
2025-06-26 14:13:18.137724,599617832126401183,93.00
2025-06-26 14:13:18.137724,599617832126401183,68.00
2025-06-26 14:13:18.137724,599617832126401183,26.00
2025-06-26 14:13:18.137724,599617832126401183,-22.00
2025-06-26 14:13:18.137724,599617832126401183,-68.00
2025-06-26 14:13:18.137724,599617832126401183,-102.00
2025-06-26 14:13:18.137724,599617832126401183,-127.00
2025-06-26 14:13:18.137724,599617832126401183,-139.00
2025-06-26 14:13:18.137724,599617832126401183,-144.00
2025-06-26 14:13:18.137724,599617832126401183,-146.00
2025-06-26 14:13:18.137724,599617832126401183,-144.00
2025-06-26 14:13:18.137724,599617832126401183,-142.00
2025-06-26 14:13:18.137724,599617832126401183,-137.00
2025-06-26 14:13:18.137724,599617832126401183,-134.00
2025-06-26 14:13:18.137724,599617832126401183,-127.00
2025-06-26 14:13:18.137724,599617832126401183,-120.00
2025-06-26 14:13:18.137724,599617832126401183,-112.00
2025-06-26 14:13:18.137724,599617832126401183,-105.00
2025-06-26 14:13:18.137724,599617832126401183,-100.00
2025-06-26 14:13:18.137724,599617832126401183,-97.00
2025-06-26 14:13:18.137724,599617832126401183,-93.00
2025-06-26 14:13:18.137724,599617832126401183,-85.00
2025-06-26 14:13:18.137724,599617832126401183,-83.00
2025-06-26 14:13:18.137724,599617832126401183,-80.00
2025-06-26 14:13:18.137724,599617832126401183,-80.00
2025-06-26 14:13:18.137724,599617832126401183,-78.00
2025-06-26 14:13:18.137724,599617832126401183,-75.00
2025-06-26 14:13:18.137724,599617832126401183,-73.00
2025-06-26 14:13:18.137724,599617832126401183,-73.00
2025-06-26 14:13:18.137724,599617832126401183,-73.00
2025-06-26 14:13:18.137724,599617832126401183,-73.00
2025-06-26 14:13:18.137724,599617832126401183,-73.00
2025-06-26 14:13:18.137724,599617832126401183,-71.00
2025-06-26 14:13:18.678399,599617832687067706,-73.00
2025-06-26 14:13:18.678399,599617832687067706,-73.00
2025-06-26 14:13:18.678399,599617832687067706,-73.00
2025-06-26 14:13:18.678399,599617832687067706,-68.00
2025-06-26 14:13:18.678399,599617832687067706,-66.00
2025-06-26 14:13:18.678399,599617832687067706,-68.00
2025-06-26 14:13:18.678399,599617832687067706,-66.00
2025-06-26 14:13:18.678399,599617832687067706,-63.00
2025-06-26 14:13:18.678399,599617832687067706,-61.00
2025-06-26 14:13:18.678399,599617832687067706,-61.00
2025-06-26 14:13:18.678399,599617832687067706,-66.00
2025-06-26 14:13:18.678399,599617832687067706,-66.00
2025-06-26 14:13:18.678399,599617832687067706,-58.00
2025-06-26 14:13:18.678399,599617832687067706,-36.00
2025-06-26 14:13:18.678399,599617832687067706,-17.00
2025-06-26 14:13:18.678399,599617832687067706,-19.00
2025-06-26 14:13:18.678399,599617832687067706,-39.00
2025-06-26 14:13:18.678399,599617832687067706,-41.00
2025-06-26 14:13:18.678399,599617832687067706,-41.00
2025-06-26 14:13:18.678399,599617832687067706,-53.00
2025-06-26 14:13:18.678399,599617832687067706,-61.00
2025-06-26 14:13:18.678399,599617832687067706,-61.00
2025-06-26 14:13:18.678399,599617832687067706,-63.00
2025-06-26 14:13:18.678399,599617832687067706,-63.00
2025-06-26 14:13:18.678399,599617832687067706,-58.00
2025-06-26 14:13:18.678399,599617832687067706,-61.00
2025-06-26 14:13:18.678399,599617832687067706,-71.00
2025-06-26 14:13:18.678399,599617832687067706,-56.00
2025-06-26 14:13:18.678399,599617832687067706,61.00
2025-06-26 14:13:18.678399,599617832687067706,303.00
2025-06-26 14:13:18.678399,599617832687067706,580.00
2025-06-26 14:13:18.678399,599617832687067706,651.00
2025-06-26 14:13:18.678399,599617832687067706,308.00
2025-06-26 14:13:18.678399,599617832687067706,-178.00
2025-06-26 14:13:18.678399,599617832687067706,-254.00
2025-06-26 14:13:18.678399,599617832687067706,-48.00
2025-06-26 14:13:18.678399,599617832687067706,-46.00
2025-06-26 14:13:18.678399,599617832687067706,-134.00
2025-06-26 14:13:18.678399,599617832687067706,-97.00
2025-06-26 14:13:18.678399,599617832687067706,-71.00
2025-06-26 14:13:18.678399,599617832687067706,-93.00
2025-06-26 14:13:18.678399,599617832687067706,-80.00
2025-06-26 14:13:18.678399,599617832687067706,-58.00
2025-06-26 14:13:18.678399,599617832687067706,-58.00
2025-06-26 14:13:18.678399,599617832687067706,-53.00
2025-06-26 14:13:18.678399,599617832687067706,-39.00
2025-06-26 14:13:18.678399,599617832687067706,-31.00
2025-06-26 14:13:18.678399,599617832687067706,-26.00
2025-06-26 14:13:18.678399,599617832687067706,-14.00
2025-06-26 14:13:18.678399,599617832687067706,-4.00
2025-06-26 14:13:18.678399,599617832687067706,4.00
2025-06-26 14:13:18.678399,599617832687067706,14.00
2025-06-26 14:13:18.678399,599617832687067706,24.00
2025-06-26 14:13:18.678399,599617832687067706,36.00
2025-06-26 14:13:18.678399,599617832687067706,48.00
2025-06-26 14:13:18.678399,599617832687067706,61.00
2025-06-26 14:13:18.678399,599617832687067706,73.00
2025-06-26 14:13:18.678399,599617832687067706,85.00
2025-06-26 14:13:18.678399,599617832687067706,93.00
2025-06-26 14:13:18.678399,599617832687067706,95.00
2025-06-26 14:13:18.678399,599617832687067706,90.00
2025-06-26 14:13:18.678399,599617832687067706,73.00
2025-06-26 14:13:18.678399,599617832687067706,44.00
2025-06-26 14:13:18.678399,599617832687067706,-2.00
2025-06-26 14:13:18.678399,599617832687067706,-53.00
2025-06-26 14:13:18.678399,599617832687067706,-97.00
2025-06-26 14:13:18.678399,599617832687067706,-127.00
2025-06-26 14:13:18.678399,599617832687067706,-144.00
2025-06-26 14:13:18.678399,599617832687067706,-159.00
2025-06-26 14:13:18.678399,599617832687067706,-164.00
2025-06-26 14:13:18.678399,599617832687067706,-166.00
2025-06-26 14:13:18.678399,599617832687067706,-164.00
2025-06-26 14:13:18.678399,599617832687067706,-159.00
2025-06-26 14:13:19.248724,599617833247734229,-151.00
2025-06-26 14:13:19.248724,599617833247734229,-149.00
2025-06-26 14:13:19.248724,599617833247734229,-142.00
2025-06-26 14:13:19.248724,599617833247734229,-137.00
2025-06-26 14:13:19.248724,599617833247734229,-134.00
2025-06-26 14:13:19.248724,599617833247734229,-127.00
2025-06-26 14:13:19.248724,599617833247734229,-117.00
2025-06-26 14:13:19.248724,599617833247734229,-115.00
2025-06-26 14:13:19.248724,599617833247734229,-115.00
2025-06-26 14:13:19.248724,599617833247734229,-107.00
2025-06-26 14:13:19.248724,599617833247734229,-102.00
2025-06-26 14:13:19.248724,599617833247734229,-105.00
2025-06-26 14:13:19.248724,599617833247734229,-105.00
2025-06-26 14:13:19.248724,599617833247734229,-100.00
2025-06-26 14:13:19.248724,599617833247734229,-95.00
2025-06-26 14:13:19.248724,599617833247734229,-97.00
2025-06-26 14:13:19.248724,599617833247734229,-100.00
2025-06-26 14:13:19.248724,599617833247734229,-97.00
2025-06-26 14:13:19.248724,599617833247734229,-97.00
2025-06-26 14:13:19.248724,599617833247734229,-97.00
2025-06-26 14:13:19.248724,599617833247734229,-95.00
2025-06-26 14:13:19.248724,599617833247734229,-93.00
2025-06-26 14:13:19.248724,599617833247734229,-95.00
2025-06-26 14:13:19.248724,599617833247734229,-90.00
2025-06-26 14:13:19.248724,599617833247734229,-88.00
2025-06-26 14:13:19.248724,599617833247734229,-90.00
2025-06-26 14:13:19.248724,599617833247734229,-95.00
2025-06-26 14:13:19.248724,599617833247734229,-90.00
2025-06-26 14:13:19.248724,599617833247734229,-83.00
2025-06-26 14:13:19.248724,599617833247734229,-85.00
2025-06-26 14:13:19.248724,599617833247734229,-85.00
2025-06-26 14:13:19.248724,599617833247734229,-85.00
2025-06-26 14:13:19.248724,599617833247734229,-83.00
2025-06-26 14:13:19.248724,599617833247734229,-73.00
2025-06-26 14:13:19.248724,599617833247734229,-51.00
2025-06-26 14:13:19.248724,599617833247734229,-34.00
2025-06-26 14:13:19.248724,599617833247734229,-46.00
2025-06-26 14:13:19.248724,599617833247734229,-63.00
2025-06-26 14:13:19.248724,599617833247734229,-63.00
2025-06-26 14:13:19.248724,599617833247734229,-56.00
2025-06-26 14:13:19.248724,599617833247734229,-68.00
2025-06-26 14:13:19.248724,599617833247734229,-78.00
2025-06-26 14:13:19.248724,599617833247734229,-75.00
2025-06-26 14:13:19.248724,599617833247734229,-73.00
2025-06-26 14:13:19.248724,599617833247734229,-75.00
2025-06-26 14:13:19.248724,599617833247734229,-75.00
2025-06-26 14:13:19.248724,599617833247734229,-75.00
2025-06-26 14:13:19.248724,599617833247734229,-75.00
2025-06-26 14:13:19.248724,599617833247734229,-14.00
2025-06-26 14:13:19.248724,599617833247734229,171.00
2025-06-26 14:13:19.248724,599617833247734229,436.00
2025-06-26 14:13:19.248724,599617833247734229,614.00
2025-06-26 14:13:19.248724,599617833247734229,489.00
2025-06-26 14:13:19.248724,599617833247734229,44.00
2025-06-26 14:13:19.248724,599617833247734229,-286.00
2025-06-26 14:13:19.248724,599617833247734229,-173.00
2025-06-26 14:13:19.248724,599617833247734229,-31.00
2025-06-26 14:13:19.248724,599617833247734229,-107.00
2025-06-26 14:13:19.248724,599617833247734229,-132.00
2025-06-26 14:13:19.248724,599617833247734229,-80.00
2025-06-26 14:13:19.248724,599617833247734229,-83.00
2025-06-26 14:13:19.248724,599617833247734229,-95.00
2025-06-26 14:13:19.248724,599617833247734229,-80.00
2025-06-26 14:13:19.248724,599617833247734229,-71.00
2025-06-26 14:13:19.248724,599617833247734229,-63.00
2025-06-26 14:13:19.248724,599617833247734229,-51.00
2025-06-26 14:13:19.248724,599617833247734229,-46.00
2025-06-26 14:13:19.248724,599617833247734229,-39.00
2025-06-26 14:13:19.248724,599617833247734229,-26.00
2025-06-26 14:13:19.248724,599617833247734229,-17.00
2025-06-26 14:13:19.248724,599617833247734229,-12.00
2025-06-26 14:13:19.248724,599617833247734229,-2.00
2025-06-26 14:13:19.248724,599617833247734229,9.00
2025-06-26 14:13:19.786424,599617833808431270,24.00
2025-06-26 14:13:19.786424,599617833808431270,41.00
2025-06-26 14:13:19.786424,599617833808431270,51.00
2025-06-26 14:13:19.786424,599617833808431270,58.00
2025-06-26 14:13:19.786424,599617833808431270,71.00
2025-06-26 14:13:19.786424,599617833808431270,80.00
2025-06-26 14:13:19.786424,599617833808431270,88.00
2025-06-26 14:13:19.786424,599617833808431270,88.00
2025-06-26 14:13:19.786424,599617833808431270,75.00
2025-06-26 14:13:19.786424,599617833808431270,53.00
2025-06-26 14:13:19.786424,599617833808431270,17.00
2025-06-26 14:13:19.786424,599617833808431270,-39.00
2025-06-26 14:13:19.786424,599617833808431270,-88.00
2025-06-26 14:13:19.786424,599617833808431270,-122.00
2025-06-26 14:13:19.786424,599617833808431270,-149.00
2025-06-26 14:13:19.786424,599617833808431270,-166.00
2025-06-26 14:13:19.786424,599617833808431270,-166.00
2025-06-26 14:13:19.786424,599617833808431270,-166.00
2025-06-26 14:13:19.786424,599617833808431270,-173.00
2025-06-26 14:13:19.786424,599617833808431270,-171.00
2025-06-26 14:13:19.786424,599617833808431270,-164.00
2025-06-26 14:13:19.786424,599617833808431270,-161.00
2025-06-26 14:13:19.786424,599617833808431270,-156.00
2025-06-26 14:13:19.786424,599617833808431270,-146.00
2025-06-26 14:13:19.786424,599617833808431270,-146.00
2025-06-26 14:13:19.786424,599617833808431270,-142.00
2025-06-26 14:13:19.786424,599617833808431270,-129.00
2025-06-26 14:13:19.786424,599617833808431270,-120.00
2025-06-26 14:13:19.786424,599617833808431270,-117.00
2025-06-26 14:13:19.786424,599617833808431270,-117.00
2025-06-26 14:13:19.786424,599617833808431270,-115.00
2025-06-26 14:13:19.786424,599617833808431270,-112.00
2025-06-26 14:13:19.786424,599617833808431270,-107.00
2025-06-26 14:13:19.786424,599617833808431270,-102.00
2025-06-26 14:13:19.786424,599617833808431270,-102.00
2025-06-26 14:13:19.786424,599617833808431270,-102.00
2025-06-26 14:13:19.786424,599617833808431270,-95.00
2025-06-26 14:13:19.786424,599617833808431270,-100.00
2025-06-26 14:13:19.786424,599617833808431270,-110.00
2025-06-26 14:13:19.786424,599617833808431270,-105.00
2025-06-26 14:13:19.786424,599617833808431270,-97.00
2025-06-26 14:13:19.786424,599617833808431270,-95.00
2025-06-26 14:13:19.786424,599617833808431270,-97.00
2025-06-26 14:13:19.786424,599617833808431270,-95.00
2025-06-26 14:13:19.786424,599617833808431270,-97.00
2025-06-26 14:13:19.786424,599617833808431270,-97.00
2025-06-26 14:13:19.786424,599617833808431270,-100.00
2025-06-26 14:13:19.786424,599617833808431270,-97.00
2025-06-26 14:13:19.786424,599617833808431270,-88.00
2025-06-26 14:13:19.786424,599617833808431270,-68.00
2025-06-26 14:13:19.786424,599617833808431270,-41.00
2025-06-26 14:13:19.786424,599617833808431270,-39.00
2025-06-26 14:13:19.786424,599617833808431270,-61.00
2025-06-26 14:13:19.786424,599617833808431270,-68.00
2025-06-26 14:13:19.786424,599617833808431270,-66.00
2025-06-26 14:13:19.786424,599617833808431270,-78.00
2025-06-26 14:13:19.786424,599617833808431270,-80.00
2025-06-26 14:13:19.786424,599617833808431270,-78.00
2025-06-26 14:13:19.786424,599617833808431270,-85.00
2025-06-26 14:13:19.786424,599617833808431270,-85.00
2025-06-26 14:13:19.786424,599617833808431270,-73.00
2025-06-26 14:13:19.786424,599617833808431270,-73.00
2025-06-26 14:13:19.786424,599617833808431270,-80.00
2025-06-26 14:13:19.786424,599617833808431270,-63.00
2025-06-26 14:13:19.786424,599617833808431270,48.00
2025-06-26 14:13:19.786424,599617833808431270,289.00
2025-06-26 14:13:19.786424,599617833808431270,575.00
2025-06-26 14:13:19.786424,599617833808431270,688.00
2025-06-26 14:13:19.786424,599617833808431270,399.00
2025-06-26 14:13:19.786424,599617833808431270,-137.00
2025-06-26 14:13:19.786424,599617833808431270,-311.00
2025-06-26 14:13:19.786424,599617833808431270,-90.00
2025-06-26 14:13:19.786424,599617833808431270,-39.00
2025-06-26 14:13:20.416829,599617834369097795,-144.00
2025-06-26 14:13:20.416829,599617834369097795,-120.00
2025-06-26 14:13:20.416829,599617834369097795,-75.00
2025-06-26 14:13:20.416829,599617834369097795,-95.00
2025-06-26 14:13:20.416829,599617834369097795,-90.00
2025-06-26 14:13:20.416829,599617834369097795,-58.00
2025-06-26 14:13:20.416829,599617834369097795,-51.00
2025-06-26 14:13:20.416829,599617834369097795,-48.00
2025-06-26 14:13:20.416829,599617834369097795,-41.00
2025-06-26 14:13:20.416829,599617834369097795,-44.00
2025-06-26 14:13:20.416829,599617834369097795,-44.00
2025-06-26 14:13:20.416829,599617834369097795,-24.00
2025-06-26 14:13:20.416829,599617834369097795,-4.00
2025-06-26 14:13:20.416829,599617834369097795,2.00
2025-06-26 14:13:20.416829,599617834369097795,2.00
2025-06-26 14:13:20.416829,599617834369097795,17.00
2025-06-26 14:13:20.416829,599617834369097795,34.00
2025-06-26 14:13:20.416829,599617834369097795,48.00
2025-06-26 14:13:20.416829,599617834369097795,61.00
2025-06-26 14:13:20.416829,599617834369097795,73.00
2025-06-26 14:13:20.416829,599617834369097795,90.00
2025-06-26 14:13:20.416829,599617834369097795,107.00
2025-06-26 14:13:20.416829,599617834369097795,105.00
2025-06-26 14:13:20.416829,599617834369097795,100.00
2025-06-26 14:13:20.416829,599617834369097795,80.00
2025-06-26 14:13:20.416829,599617834369097795,31.00
2025-06-26 14:13:20.416829,599617834369097795,-22.00
2025-06-26 14:13:20.416829,599617834369097795,-75.00
2025-06-26 14:13:20.416829,599617834369097795,-122.00
2025-06-26 14:13:20.416829,599617834369097795,-142.00
2025-06-26 14:13:20.416829,599617834369097795,-151.00
2025-06-26 14:13:20.416829,599617834369097795,-169.00
2025-06-26 14:13:20.416829,599617834369097795,-173.00
2025-06-26 14:13:20.416829,599617834369097795,-159.00
2025-06-26 14:13:20.416829,599617834369097795,-154.00
2025-06-26 14:13:20.416829,599617834369097795,-154.00
2025-06-26 14:13:20.416829,599617834369097795,-146.00
2025-06-26 14:13:20.416829,599617834369097795,-142.00
2025-06-26 14:13:20.416829,599617834369097795,-132.00
2025-06-26 14:13:20.416829,599617834369097795,-120.00
2025-06-26 14:13:20.416829,599617834369097795,-117.00
2025-06-26 14:13:20.416829,599617834369097795,-115.00
2025-06-26 14:13:20.416829,599617834369097795,-97.00
2025-06-26 14:13:20.416829,599617834369097795,-88.00
2025-06-26 14:13:20.416829,599617834369097795,-90.00
2025-06-26 14:13:20.416829,599617834369097795,-85.00
2025-06-26 14:13:20.416829,599617834369097795,-78.00
2025-06-26 14:13:20.416829,599617834369097795,-75.00
2025-06-26 14:13:20.416829,599617834369097795,-73.00
2025-06-26 14:13:20.416829,599617834369097795,-73.00
2025-06-26 14:13:20.416829,599617834369097795,-71.00
2025-06-26 14:13:20.416829,599617834369097795,-66.00
2025-06-26 14:13:20.416829,599617834369097795,-68.00
2025-06-26 14:13:20.416829,599617834369097795,-75.00
2025-06-26 14:13:20.416829,599617834369097795,-73.00
2025-06-26 14:13:20.416829,599617834369097795,-75.00
2025-06-26 14:13:20.416829,599617834369097795,-78.00
2025-06-26 14:13:20.416829,599617834369097795,-75.00
2025-06-26 14:13:20.416829,599617834369097795,-75.00
2025-06-26 14:13:20.416829,599617834369097795,-83.00
2025-06-26 14:13:20.416829,599617834369097795,-83.00
2025-06-26 14:13:20.416829,599617834369097795,-66.00
2025-06-26 14:13:20.416829,599617834369097795,-44.00
2025-06-26 14:13:20.416829,599617834369097795,-36.00
2025-06-26 14:13:20.416829,599617834369097795,-51.00
2025-06-26 14:13:20.416829,599617834369097795,-61.00
2025-06-26 14:13:20.416829,599617834369097795,-71.00
2025-06-26 14:13:20.416829,599617834369097795,-78.00
2025-06-26 14:13:20.416829,599617834369097795,-80.00
2025-06-26 14:13:20.416829,599617834369097795,-75.00
2025-06-26 14:13:20.416829,599617834369097795,-75.00
2025-06-26 14:13:20.416829,599617834369097795,-78.00
2025-06-26 14:13:20.416829,599617834369097795,-71.00
2025-06-26 14:13:20.957907,599617834929794836,-68.00
2025-06-26 14:13:20.957907,599617834929794836,-75.00
2025-06-26 14:13:20.957907,599617834929794836,-26.00
2025-06-26 14:13:20.957907,599617834929794836,139.00
2025-06-26 14:13:20.957907,599617834929794836,394.00
2025-06-26 14:13:20.957907,599617834929794836,605.00
2025-06-26 14:13:20.957907,599617834929794836,553.00
2025-06-26 14:13:20.957907,599617834929794836,124.00
2025-06-26 14:13:20.957907,599617834929794836,-279.00
2025-06-26 14:13:20.957907,599617834929794836,-213.00
2025-06-26 14:13:20.957907,599617834929794836,-24.00
2025-06-26 14:13:20.957907,599617834929794836,-66.00
2025-06-26 14:13:20.957907,599617834929794836,-110.00
2025-06-26 14:13:20.957907,599617834929794836,-61.00
2025-06-26 14:13:20.957907,599617834929794836,-56.00
2025-06-26 14:13:20.957907,599617834929794836,-66.00
2025-06-26 14:13:20.957907,599617834929794836,-46.00
2025-06-26 14:13:20.957907,599617834929794836,-36.00
2025-06-26 14:13:20.957907,599617834929794836,-36.00
2025-06-26 14:13:20.957907,599617834929794836,-26.00
2025-06-26 14:13:20.957907,599617834929794836,-14.00
2025-06-26 14:13:20.957907,599617834929794836,-9.00
2025-06-26 14:13:20.957907,599617834929794836,0.00
2025-06-26 14:13:20.957907,599617834929794836,9.00
2025-06-26 14:13:20.957907,599617834929794836,19.00
2025-06-26 14:13:20.957907,599617834929794836,26.00
2025-06-26 14:13:20.957907,599617834929794836,39.00
2025-06-26 14:13:20.957907,599617834929794836,53.00
2025-06-26 14:13:20.957907,599617834929794836,71.00
2025-06-26 14:13:20.957907,599617834929794836,88.00
2025-06-26 14:13:20.957907,599617834929794836,97.00
2025-06-26 14:13:20.957907,599617834929794836,107.00
2025-06-26 14:13:20.957907,599617834929794836,120.00
2025-06-26 14:13:20.957907,599617834929794836,122.00
2025-06-26 14:13:20.957907,599617834929794836,120.00
2025-06-26 14:13:20.957907,599617834929794836,105.00
2025-06-26 14:13:20.957907,599617834929794836,75.00
2025-06-26 14:13:20.957907,599617834929794836,26.00
2025-06-26 14:13:20.957907,599617834929794836,-31.00
2025-06-26 14:13:20.957907,599617834929794836,-78.00
2025-06-26 14:13:20.957907,599617834929794836,-110.00
2025-06-26 14:13:20.957907,599617834929794836,-134.00
2025-06-26 14:13:20.957907,599617834929794836,-151.00
2025-06-26 14:13:20.957907,599617834929794836,-156.00
2025-06-26 14:13:20.957907,599617834929794836,-159.00
2025-06-26 14:13:20.957907,599617834929794836,-159.00
2025-06-26 14:13:20.957907,599617834929794836,-156.00
2025-06-26 14:13:20.957907,599617834929794836,-154.00
2025-06-26 14:13:20.957907,599617834929794836,-146.00
2025-06-26 14:13:20.957907,599617834929794836,-142.00
2025-06-26 14:13:20.957907,599617834929794836,-137.00
2025-06-26 14:13:20.957907,599617834929794836,-127.00
2025-06-26 14:13:20.957907,599617834929794836,-122.00
2025-06-26 14:13:20.957907,599617834929794836,-122.00
2025-06-26 14:13:20.957907,599617834929794836,-122.00
2025-06-26 14:13:20.957907,599617834929794836,-115.00
2025-06-26 14:13:20.957907,599617834929794836,-105.00
2025-06-26 14:13:20.957907,599617834929794836,-102.00
2025-06-26 14:13:20.957907,599617834929794836,-110.00
2025-06-26 14:13:20.957907,599617834929794836,-110.00
2025-06-26 14:13:20.957907,599617834929794836,-100.00
2025-06-26 14:13:20.957907,599617834929794836,-97.00
2025-06-26 14:13:20.957907,599617834929794836,-102.00
2025-06-26 14:13:20.957907,599617834929794836,-102.00
2025-06-26 14:13:20.957907,599617834929794836,-95.00
2025-06-26 14:13:20.957907,599617834929794836,-90.00
2025-06-26 14:13:20.957907,599617834929794836,-88.00
2025-06-26 14:13:20.957907,599617834929794836,-83.00
2025-06-26 14:13:20.957907,599617834929794836,-83.00
2025-06-26 14:13:20.957907,599617834929794836,-85.00
2025-06-26 14:13:20.957907,599617834929794836,-88.00
2025-06-26 14:13:20.957907,599617834929794836,-80.00
2025-06-26 14:13:20.957907,599617834929794836,-80.00
2025-06-26 14:13:21.497888,599617835490461359,-88.00
2025-06-26 14:13:21.497888,599617835490461359,-78.00
2025-06-26 14:13:21.497888,599617835490461359,-51.00
2025-06-26 14:13:21.497888,599617835490461359,-34.00
2025-06-26 14:13:21.497888,599617835490461359,-36.00
2025-06-26 14:13:21.497888,599617835490461359,-46.00
2025-06-26 14:13:21.497888,599617835490461359,-48.00
2025-06-26 14:13:21.497888,599617835490461359,-48.00
2025-06-26 14:13:21.497888,599617835490461359,-53.00
2025-06-26 14:13:21.497888,599617835490461359,-61.00
2025-06-26 14:13:21.497888,599617835490461359,-58.00
2025-06-26 14:13:21.497888,599617835490461359,-46.00
2025-06-26 14:13:21.497888,599617835490461359,-44.00
2025-06-26 14:13:21.497888,599617835490461359,-46.00
2025-06-26 14:13:21.497888,599617835490461359,-48.00
2025-06-26 14:13:21.497888,599617835490461359,-41.00
2025-06-26 14:13:21.497888,599617835490461359,46.00
2025-06-26 14:13:21.497888,599617835490461359,281.00
2025-06-26 14:13:21.497888,599617835490461359,573.00
2025-06-26 14:13:21.497888,599617835490461359,717.00
2025-06-26 14:13:21.497888,599617835490461359,480.00
2025-06-26 14:13:21.497888,599617835490461359,-51.00
2025-06-26 14:13:21.497888,599617835490461359,-281.00
2025-06-26 14:13:21.497888,599617835490461359,-66.00
2025-06-26 14:13:21.497888,599617835490461359,17.00
2025-06-26 14:13:21.497888,599617835490461359,-100.00
2025-06-26 14:13:21.497888,599617835490461359,-90.00
2025-06-26 14:13:21.497888,599617835490461359,-36.00
2025-06-26 14:13:21.497888,599617835490461359,-58.00
2025-06-26 14:13:21.497888,599617835490461359,-58.00
2025-06-26 14:13:21.497888,599617835490461359,-26.00
2025-06-26 14:13:21.497888,599617835490461359,-24.00
2025-06-26 14:13:21.497888,599617835490461359,-29.00
2025-06-26 14:13:21.497888,599617835490461359,-17.00
2025-06-26 14:13:21.497888,599617835490461359,-7.00
2025-06-26 14:13:21.497888,599617835490461359,-2.00
2025-06-26 14:13:21.497888,599617835490461359,7.00
2025-06-26 14:13:21.497888,599617835490461359,12.00
2025-06-26 14:13:21.497888,599617835490461359,22.00
2025-06-26 14:13:21.497888,599617835490461359,34.00
2025-06-26 14:13:21.497888,599617835490461359,46.00
2025-06-26 14:13:21.497888,599617835490461359,56.00
2025-06-26 14:13:21.497888,599617835490461359,75.00
2025-06-26 14:13:21.497888,599617835490461359,90.00
2025-06-26 14:13:21.497888,599617835490461359,100.00
2025-06-26 14:13:21.497888,599617835490461359,110.00
2025-06-26 14:13:21.497888,599617835490461359,117.00
2025-06-26 14:13:21.497888,599617835490461359,120.00
2025-06-26 14:13:21.497888,599617835490461359,120.00
2025-06-26 14:13:21.497888,599617835490461359,102.00
2025-06-26 14:13:21.497888,599617835490461359,56.00
2025-06-26 14:13:21.497888,599617835490461359,0.00
2025-06-26 14:13:21.497888,599617835490461359,-53.00
2025-06-26 14:13:21.497888,599617835490461359,-95.00
2025-06-26 14:13:21.497888,599617835490461359,-124.00
2025-06-26 14:13:21.497888,599617835490461359,-144.00
2025-06-26 14:13:21.497888,599617835490461359,-154.00
2025-06-26 14:13:21.497888,599617835490461359,-159.00
2025-06-26 14:13:21.497888,599617835490461359,-161.00
2025-06-26 14:13:21.497888,599617835490461359,-159.00
2025-06-26 14:13:21.497888,599617835490461359,-154.00
2025-06-26 14:13:21.497888,599617835490461359,-146.00
2025-06-26 14:13:21.497888,599617835490461359,-139.00
2025-06-26 14:13:21.497888,599617835490461359,-137.00
2025-06-26 14:13:21.497888,599617835490461359,-134.00
2025-06-26 14:13:21.497888,599617835490461359,-127.00
2025-06-26 14:13:21.497888,599617835490461359,-122.00
2025-06-26 14:13:21.497888,599617835490461359,-117.00
2025-06-26 14:13:21.497888,599617835490461359,-110.00
2025-06-26 14:13:21.497888,599617835490461359,-102.00
2025-06-26 14:13:21.497888,599617835490461359,-100.00
2025-06-26 14:13:21.497888,599617835490461359,-97.00
2025-06-26 14:13:21.497888,599617835490461359,-90.00
2025-06-26 14:13:22.036358,599617836051158400,-90.00
2025-06-26 14:13:22.036358,599617836051158400,-88.00
2025-06-26 14:13:22.036358,599617836051158400,-80.00
2025-06-26 14:13:22.036358,599617836051158400,-80.00
2025-06-26 14:13:22.036358,599617836051158400,-80.00
2025-06-26 14:13:22.036358,599617836051158400,-75.00
2025-06-26 14:13:22.036358,599617836051158400,-75.00
2025-06-26 14:13:22.036358,599617836051158400,-75.00
2025-06-26 14:13:22.036358,599617836051158400,-71.00
2025-06-26 14:13:22.036358,599617836051158400,-68.00
2025-06-26 14:13:22.036358,599617836051158400,-71.00
2025-06-26 14:13:22.036358,599617836051158400,-68.00
2025-06-26 14:13:22.036358,599617836051158400,-66.00
2025-06-26 14:13:22.036358,599617836051158400,-68.00
2025-06-26 14:13:22.036358,599617836051158400,-73.00
2025-06-26 14:13:22.036358,599617836051158400,-68.00
2025-06-26 14:13:22.036358,599617836051158400,-68.00
2025-06-26 14:13:22.036358,599617836051158400,-71.00
2025-06-26 14:13:22.036358,599617836051158400,-56.00
2025-06-26 14:13:22.036358,599617836051158400,-36.00
2025-06-26 14:13:22.036358,599617836051158400,-44.00
2025-06-26 14:13:22.036358,599617836051158400,-56.00
2025-06-26 14:13:22.036358,599617836051158400,-63.00
2025-06-26 14:13:22.036358,599617836051158400,-75.00
2025-06-26 14:13:22.036358,599617836051158400,-78.00
2025-06-26 14:13:22.036358,599617836051158400,-78.00
2025-06-26 14:13:22.036358,599617836051158400,-83.00
2025-06-26 14:13:22.036358,599617836051158400,-83.00
2025-06-26 14:13:22.036358,599617836051158400,-78.00
2025-06-26 14:13:22.036358,599617836051158400,-78.00
2025-06-26 14:13:22.036358,599617836051158400,-83.00
2025-06-26 14:13:22.036358,599617836051158400,-73.00
2025-06-26 14:13:22.036358,599617836051158400,22.00
2025-06-26 14:13:22.036358,599617836051158400,244.00
2025-06-26 14:13:22.036358,599617836051158400,536.00
2025-06-26 14:13:22.036358,599617836051158400,700.00
2025-06-26 14:13:22.036358,599617836051158400,480.00
2025-06-26 14:13:22.036358,599617836051158400,-51.00
2025-06-26 14:13:22.036358,599617836051158400,-308.00
2025-06-26 14:13:22.036358,599617836051158400,-110.00
2025-06-26 14:13:22.036358,599617836051158400,-17.00
2025-06-26 14:13:22.036358,599617836051158400,-122.00
2025-06-26 14:13:22.036358,599617836051158400,-115.00
2025-06-26 14:13:22.036358,599617836051158400,-61.00
2025-06-26 14:13:22.036358,599617836051158400,-80.00
2025-06-26 14:13:22.036358,599617836051158400,-83.00
2025-06-26 14:13:22.036358,599617836051158400,-56.00
2025-06-26 14:13:22.036358,599617836051158400,-48.00
2025-06-26 14:13:22.036358,599617836051158400,-46.00
2025-06-26 14:13:22.036358,599617836051158400,-31.00
2025-06-26 14:13:22.036358,599617836051158400,-19.00
2025-06-26 14:13:22.036358,599617836051158400,-9.00
2025-06-26 14:13:22.036358,599617836051158400,2.00
2025-06-26 14:13:22.036358,599617836051158400,12.00
2025-06-26 14:13:22.036358,599617836051158400,22.00
2025-06-26 14:13:22.036358,599617836051158400,39.00
2025-06-26 14:13:22.036358,599617836051158400,56.00
2025-06-26 14:13:22.036358,599617836051158400,68.00
2025-06-26 14:13:22.036358,599617836051158400,85.00
2025-06-26 14:13:22.036358,599617836051158400,105.00
2025-06-26 14:13:22.036358,599617836051158400,117.00
2025-06-26 14:13:22.036358,599617836051158400,127.00
2025-06-26 14:13:22.036358,599617836051158400,132.00
2025-06-26 14:13:22.036358,599617836051158400,137.00
2025-06-26 14:13:22.036358,599617836051158400,132.00
2025-06-26 14:13:22.036358,599617836051158400,110.00
2025-06-26 14:13:22.036358,599617836051158400,73.00
2025-06-26 14:13:22.036358,599617836051158400,24.00
2025-06-26 14:13:22.036358,599617836051158400,-26.00
2025-06-26 14:13:22.036358,599617836051158400,-75.00
2025-06-26 14:13:22.036358,599617836051158400,-110.00
2025-06-26 14:13:22.036358,599617836051158400,-124.00
2025-06-26 14:13:22.036358,599617836051158400,-134.00
2025-06-26 14:13:22.636636,599617836611824923,-139.00
2025-06-26 14:13:22.636636,599617836611824923,-139.00
2025-06-26 14:13:22.636636,599617836611824923,-137.00
2025-06-26 14:13:22.636636,599617836611824923,-137.00
2025-06-26 14:13:22.636636,599617836611824923,-137.00
2025-06-26 14:13:22.636636,599617836611824923,-129.00
2025-06-26 14:13:22.636636,599617836611824923,-122.00
2025-06-26 14:13:22.636636,599617836611824923,-120.00
2025-06-26 14:13:22.636636,599617836611824923,-115.00
2025-06-26 14:13:22.636636,599617836611824923,-110.00
2025-06-26 14:13:22.636636,599617836611824923,-107.00
2025-06-26 14:13:22.636636,599617836611824923,-100.00
2025-06-26 14:13:22.636636,599617836611824923,-97.00
2025-06-26 14:13:22.636636,599617836611824923,-97.00
2025-06-26 14:13:22.636636,599617836611824923,-95.00
2025-06-26 14:13:22.636636,599617836611824923,-90.00
2025-06-26 14:13:22.636636,599617836611824923,-88.00
2025-06-26 14:13:22.636636,599617836611824923,-88.00
2025-06-26 14:13:22.636636,599617836611824923,-90.00
2025-06-26 14:13:22.636636,599617836611824923,-88.00
2025-06-26 14:13:22.636636,599617836611824923,-88.00
2025-06-26 14:13:22.636636,599617836611824923,-90.00
2025-06-26 14:13:22.636636,599617836611824923,-93.00
2025-06-26 14:13:22.636636,599617836611824923,-93.00
2025-06-26 14:13:22.636636,599617836611824923,-90.00
2025-06-26 14:13:22.636636,599617836611824923,-93.00
2025-06-26 14:13:22.636636,599617836611824923,-90.00
2025-06-26 14:13:22.636636,599617836611824923,-90.00
2025-06-26 14:13:22.636636,599617836611824923,-93.00
2025-06-26 14:13:22.636636,599617836611824923,-90.00
2025-06-26 14:13:22.636636,599617836611824923,-85.00
2025-06-26 14:13:22.636636,599617836611824923,-85.00
2025-06-26 14:13:22.636636,599617836611824923,-83.00
2025-06-26 14:13:22.636636,599617836611824923,-78.00
2025-06-26 14:13:22.636636,599617836611824923,-78.00
2025-06-26 14:13:22.636636,599617836611824923,-78.00
2025-06-26 14:13:22.636636,599617836611824923,-75.00
2025-06-26 14:13:22.636636,599617836611824923,-73.00
2025-06-26 14:13:22.636636,599617836611824923,-73.00
2025-06-26 14:13:22.636636,599617836611824923,-75.00
2025-06-26 14:13:22.636636,599617836611824923,-80.00
2025-06-26 14:13:22.636636,599617836611824923,-75.00
2025-06-26 14:13:22.636636,599617836611824923,-56.00
2025-06-26 14:13:22.636636,599617836611824923,-29.00
2025-06-26 14:13:22.636636,599617836611824923,-22.00
2025-06-26 14:13:22.636636,599617836611824923,-34.00
2025-06-26 14:13:22.636636,599617836611824923,-41.00
2025-06-26 14:13:22.636636,599617836611824923,-36.00
2025-06-26 14:13:22.636636,599617836611824923,-39.00
2025-06-26 14:13:22.636636,599617836611824923,-51.00
2025-06-26 14:13:22.636636,599617836611824923,-56.00
2025-06-26 14:13:22.636636,599617836611824923,-53.00
2025-06-26 14:13:22.636636,599617836611824923,-56.00
2025-06-26 14:13:22.636636,599617836611824923,-51.00
2025-06-26 14:13:22.636636,599617836611824923,-46.00
2025-06-26 14:13:22.636636,599617836611824923,-51.00
2025-06-26 14:13:22.636636,599617836611824923,-58.00
2025-06-26 14:13:22.636636,599617836611824923,-7.00
2025-06-26 14:13:22.636636,599617836611824923,176.00
2025-06-26 14:13:22.636636,599617836611824923,467.00
2025-06-26 14:13:22.636636,599617836611824923,712.00
2025-06-26 14:13:22.636636,599617836611824923,651.00
2025-06-26 14:13:22.636636,599617836611824923,161.00
2025-06-26 14:13:22.636636,599617836611824923,-271.00
2025-06-26 14:13:22.636636,599617836611824923,-164.00
2025-06-26 14:13:22.636636,599617836611824923,22.00
2025-06-26 14:13:22.636636,599617836611824923,-80.00
2025-06-26 14:13:22.636636,599617836611824923,-127.00
2025-06-26 14:13:22.636636,599617836611824923,-56.00
2025-06-26 14:13:22.636636,599617836611824923,-63.00
2025-06-26 14:13:22.636636,599617836611824923,-85.00
2025-06-26 14:13:22.636636,599617836611824923,-61.00
2025-06-26 14:13:22.636636,599617836611824923,-48.00
2025-06-26 14:13:23.148368,599617837172521964,-48.00
2025-06-26 14:13:23.148368,599617837172521964,-36.00
2025-06-26 14:13:23.148368,599617837172521964,-24.00
2025-06-26 14:13:23.148368,599617837172521964,-19.00
2025-06-26 14:13:23.148368,599617837172521964,-12.00
2025-06-26 14:13:23.148368,599617837172521964,0.00
2025-06-26 14:13:23.148368,599617837172521964,9.00
2025-06-26 14:13:23.148368,599617837172521964,22.00
2025-06-26 14:13:23.148368,599617837172521964,34.00
2025-06-26 14:13:23.148368,599617837172521964,44.00
2025-06-26 14:13:23.148368,599617837172521964,61.00
2025-06-26 14:13:23.148368,599617837172521964,83.00
2025-06-26 14:13:23.148368,599617837172521964,95.00
2025-06-26 14:13:23.148368,599617837172521964,107.00
2025-06-26 14:13:23.148368,599617837172521964,120.00
2025-06-26 14:13:23.148368,599617837172521964,129.00
2025-06-26 14:13:23.148368,599617837172521964,134.00
2025-06-26 14:13:23.148368,599617837172521964,129.00
2025-06-26 14:13:23.148368,599617837172521964,105.00
2025-06-26 14:13:23.148368,599617837172521964,63.00
2025-06-26 14:13:23.148368,599617837172521964,12.00
2025-06-26 14:13:23.148368,599617837172521964,-41.00
2025-06-26 14:13:23.148368,599617837172521964,-80.00
2025-06-26 14:13:23.148368,599617837172521964,-107.00
2025-06-26 14:13:23.148368,599617837172521964,-127.00
2025-06-26 14:13:23.148368,599617837172521964,-134.00
2025-06-26 14:13:23.148368,599617837172521964,-139.00
2025-06-26 14:13:23.148368,599617837172521964,-139.00
2025-06-26 14:13:23.148368,599617837172521964,-134.00
2025-06-26 14:13:23.148368,599617837172521964,-132.00
2025-06-26 14:13:23.148368,599617837172521964,-127.00
2025-06-26 14:13:23.148368,599617837172521964,-120.00
2025-06-26 14:13:23.148368,599617837172521964,-115.00
2025-06-26 14:13:23.148368,599617837172521964,-115.00
2025-06-26 14:13:23.148368,599617837172521964,-107.00
2025-06-26 14:13:23.148368,599617837172521964,-100.00
2025-06-26 14:13:23.148368,599617837172521964,-100.00
2025-06-26 14:13:23.148368,599617837172521964,-97.00
2025-06-26 14:13:23.148368,599617837172521964,-90.00
2025-06-26 14:13:23.148368,599617837172521964,-88.00
2025-06-26 14:13:23.148368,599617837172521964,-85.00
2025-06-26 14:13:23.148368,599617837172521964,-78.00
2025-06-26 14:13:23.148368,599617837172521964,-75.00
2025-06-26 14:13:23.148368,599617837172521964,-75.00
2025-06-26 14:13:23.148368,599617837172521964,-71.00
2025-06-26 14:13:23.148368,599617837172521964,-68.00
2025-06-26 14:13:23.148368,599617837172521964,-71.00
2025-06-26 14:13:23.148368,599617837172521964,-68.00
2025-06-26 14:13:23.148368,599617837172521964,-66.00
2025-06-26 14:13:23.148368,599617837172521964,-66.00
2025-06-26 14:13:23.148368,599617837172521964,-63.00
2025-06-26 14:13:23.148368,599617837172521964,-58.00
2025-06-26 14:13:23.148368,599617837172521964,-58.00
2025-06-26 14:13:23.148368,599617837172521964,-56.00
2025-06-26 14:13:23.148368,599617837172521964,-56.00
2025-06-26 14:13:23.148368,599617837172521964,-53.00
2025-06-26 14:13:23.148368,599617837172521964,-53.00
2025-06-26 14:13:23.148368,599617837172521964,-51.00
2025-06-26 14:13:23.148368,599617837172521964,-48.00
2025-06-26 14:13:23.148368,599617837172521964,-48.00
2025-06-26 14:13:23.148368,599617837172521964,-46.00
2025-06-26 14:13:23.148368,599617837172521964,-41.00
2025-06-26 14:13:23.148368,599617837172521964,-41.00
2025-06-26 14:13:23.148368,599617837172521964,-44.00
2025-06-26 14:13:23.148368,599617837172521964,-41.00
2025-06-26 14:13:23.148368,599617837172521964,-39.00
2025-06-26 14:13:23.148368,599617837172521964,-46.00
2025-06-26 14:13:23.148368,599617837172521964,-51.00
2025-06-26 14:13:23.148368,599617837172521964,-39.00
2025-06-26 14:13:23.148368,599617837172521964,-17.00
2025-06-26 14:13:23.148368,599617837172521964,2.00
2025-06-26 14:13:23.148368,599617837172521964,0.00
2025-06-26 14:13:23.148368,599617837172521964,-14.00
2025-06-26 14:13:23.747341,599617837733188489,-19.00
2025-06-26 14:13:23.747341,599617837733188489,-17.00
2025-06-26 14:13:23.747341,599617837733188489,-29.00
2025-06-26 14:13:23.747341,599617837733188489,-34.00
2025-06-26 14:13:23.747341,599617837733188489,-34.00
2025-06-26 14:13:23.747341,599617837733188489,-34.00
2025-06-26 14:13:23.747341,599617837733188489,-36.00
2025-06-26 14:13:23.747341,599617837733188489,-34.00
2025-06-26 14:13:23.747341,599617837733188489,-31.00
2025-06-26 14:13:23.747341,599617837733188489,-41.00
2025-06-26 14:13:23.747341,599617837733188489,-26.00
2025-06-26 14:13:23.747341,599617837733188489,100.00
2025-06-26 14:13:23.747341,599617837733188489,364.00
2025-06-26 14:13:23.747341,599617837733188489,654.00
2025-06-26 14:13:23.747341,599617837733188489,715.00
2025-06-26 14:13:23.747341,599617837733188489,330.00
2025-06-26 14:13:23.747341,599617837733188489,-183.00
2025-06-26 14:13:23.747341,599617837733188489,-230.00
2025-06-26 14:13:23.747341,599617837733188489,-2.00
2025-06-26 14:13:23.747341,599617837733188489,-24.00
2025-06-26 14:13:23.747341,599617837733188489,-120.00
2025-06-26 14:13:23.747341,599617837733188489,-68.00
2025-06-26 14:13:23.747341,599617837733188489,-44.00
2025-06-26 14:13:23.747341,599617837733188489,-71.00
2025-06-26 14:13:23.747341,599617837733188489,-58.00
2025-06-26 14:13:23.747341,599617837733188489,-36.00
2025-06-26 14:13:23.747341,599617837733188489,-36.00
2025-06-26 14:13:23.747341,599617837733188489,-29.00
2025-06-26 14:13:23.747341,599617837733188489,-14.00
2025-06-26 14:13:23.747341,599617837733188489,-9.00
2025-06-26 14:13:23.747341,599617837733188489,-4.00
2025-06-26 14:13:23.747341,599617837733188489,7.00
2025-06-26 14:13:23.747341,599617837733188489,14.00
2025-06-26 14:13:23.747341,599617837733188489,24.00
2025-06-26 14:13:23.747341,599617837733188489,36.00
2025-06-26 14:13:23.747341,599617837733188489,51.00
2025-06-26 14:13:23.747341,599617837733188489,63.00
2025-06-26 14:13:23.747341,599617837733188489,75.00
2025-06-26 14:13:23.747341,599617837733188489,93.00
2025-06-26 14:13:23.747341,599617837733188489,105.00
2025-06-26 14:13:23.747341,599617837733188489,115.00
2025-06-26 14:13:23.747341,599617837733188489,122.00
2025-06-26 14:13:23.747341,599617837733188489,129.00
2025-06-26 14:13:23.747341,599617837733188489,127.00
2025-06-26 14:13:23.747341,599617837733188489,110.00
2025-06-26 14:13:23.747341,599617837733188489,75.00
2025-06-26 14:13:23.747341,599617837733188489,26.00
2025-06-26 14:13:23.747341,599617837733188489,-24.00
2025-06-26 14:13:23.747341,599617837733188489,-71.00
2025-06-26 14:13:23.747341,599617837733188489,-102.00
2025-06-26 14:13:23.747341,599617837733188489,-124.00
2025-06-26 14:13:23.747341,599617837733188489,-137.00
2025-06-26 14:13:23.747341,599617837733188489,-139.00
2025-06-26 14:13:23.747341,599617837733188489,-139.00
2025-06-26 14:13:23.747341,599617837733188489,-134.00
2025-06-26 14:13:23.747341,599617837733188489,-132.00
2025-06-26 14:13:23.747341,599617837733188489,-127.00
2025-06-26 14:13:23.747341,599617837733188489,-122.00
2025-06-26 14:13:23.747341,599617837733188489,-117.00
2025-06-26 14:13:23.747341,599617837733188489,-112.00
2025-06-26 14:13:23.747341,599617837733188489,-107.00
2025-06-26 14:13:23.747341,599617837733188489,-102.00
2025-06-26 14:13:23.747341,599617837733188489,-95.00
2025-06-26 14:13:23.747341,599617837733188489,-93.00
2025-06-26 14:13:23.747341,599617837733188489,-90.00
2025-06-26 14:13:23.747341,599617837733188489,-85.00
2025-06-26 14:13:23.747341,599617837733188489,-83.00
2025-06-26 14:13:23.747341,599617837733188489,-83.00
2025-06-26 14:13:23.747341,599617837733188489,-80.00
2025-06-26 14:13:23.747341,599617837733188489,-78.00
2025-06-26 14:13:23.747341,599617837733188489,-75.00
2025-06-26 14:13:23.747341,599617837733188489,-75.00
2025-06-26 14:13:23.747341,599617837733188489,-73.00
2025-06-26 14:13:24.316988,599617838293855012,-75.00
2025-06-26 14:13:24.316988,599617838293855012,-75.00
2025-06-26 14:13:24.316988,599617838293855012,-73.00
2025-06-26 14:13:24.316988,599617838293855012,-71.00
2025-06-26 14:13:24.316988,599617838293855012,-71.00
2025-06-26 14:13:24.316988,599617838293855012,-71.00
2025-06-26 14:13:24.316988,599617838293855012,-68.00
2025-06-26 14:13:24.316988,599617838293855012,-68.00
2025-06-26 14:13:24.316988,599617838293855012,-66.00
2025-06-26 14:13:24.316988,599617838293855012,-63.00
2025-06-26 14:13:24.316988,599617838293855012,-63.00
2025-06-26 14:13:24.316988,599617838293855012,-63.00
2025-06-26 14:13:24.316988,599617838293855012,-58.00
2025-06-26 14:13:24.316988,599617838293855012,-58.00
2025-06-26 14:13:24.316988,599617838293855012,-56.00
2025-06-26 14:13:24.316988,599617838293855012,-56.00
2025-06-26 14:13:24.316988,599617838293855012,-53.00
2025-06-26 14:13:24.316988,599617838293855012,-53.00
2025-06-26 14:13:24.316988,599617838293855012,-53.00
2025-06-26 14:13:24.316988,599617838293855012,-51.00
2025-06-26 14:13:24.316988,599617838293855012,-48.00
2025-06-26 14:13:24.316988,599617838293855012,-51.00
2025-06-26 14:13:24.316988,599617838293855012,-48.00
2025-06-26 14:13:24.316988,599617838293855012,-51.00
2025-06-26 14:13:24.316988,599617838293855012,-56.00
2025-06-26 14:13:24.316988,599617838293855012,-51.00
2025-06-26 14:13:24.316988,599617838293855012,-36.00
2025-06-26 14:13:24.316988,599617838293855012,-14.00
2025-06-26 14:13:24.316988,599617838293855012,-4.00
2025-06-26 14:13:24.316988,599617838293855012,-17.00
2025-06-26 14:13:24.316988,599617838293855012,-29.00
2025-06-26 14:13:24.316988,599617838293855012,-29.00
2025-06-26 14:13:24.316988,599617838293855012,-34.00
2025-06-26 14:13:24.316988,599617838293855012,-41.00
2025-06-26 14:13:24.316988,599617838293855012,-51.00
2025-06-26 14:13:24.316988,599617838293855012,-56.00
2025-06-26 14:13:24.316988,599617838293855012,-53.00
2025-06-26 14:13:24.316988,599617838293855012,-51.00
2025-06-26 14:13:24.316988,599617838293855012,-48.00
2025-06-26 14:13:24.316988,599617838293855012,-51.00
2025-06-26 14:13:24.316988,599617838293855012,-51.00
2025-06-26 14:13:24.316988,599617838293855012,22.00
2025-06-26 14:13:24.316988,599617838293855012,222.00
2025-06-26 14:13:24.316988,599617838293855012,511.00
2025-06-26 14:13:24.316988,599617838293855012,683.00
2025-06-26 14:13:24.316988,599617838293855012,467.00
2025-06-26 14:13:24.316988,599617838293855012,-39.00
2025-06-26 14:13:24.316988,599617838293855012,-271.00
2025-06-26 14:13:24.316988,599617838293855012,-83.00
2025-06-26 14:13:24.316988,599617838293855012,2.00
2025-06-26 14:13:24.316988,599617838293855012,-102.00
2025-06-26 14:13:24.316988,599617838293855012,-100.00
2025-06-26 14:13:24.316988,599617838293855012,-51.00
2025-06-26 14:13:24.316988,599617838293855012,-68.00
2025-06-26 14:13:24.316988,599617838293855012,-71.00
2025-06-26 14:13:24.316988,599617838293855012,-46.00
2025-06-26 14:13:24.316988,599617838293855012,-44.00
2025-06-26 14:13:24.316988,599617838293855012,-41.00
2025-06-26 14:13:24.316988,599617838293855012,-29.00
2025-06-26 14:13:24.316988,599617838293855012,-19.00
2025-06-26 14:13:24.316988,599617838293855012,-14.00
2025-06-26 14:13:24.316988,599617838293855012,-7.00
2025-06-26 14:13:24.316988,599617838293855012,-2.00
2025-06-26 14:13:24.316988,599617838293855012,4.00
2025-06-26 14:13:24.316988,599617838293855012,19.00
2025-06-26 14:13:24.316988,599617838293855012,31.00
2025-06-26 14:13:24.316988,599617838293855012,39.00
2025-06-26 14:13:24.316988,599617838293855012,56.00
2025-06-26 14:13:24.316988,599617838293855012,71.00
2025-06-26 14:13:24.316988,599617838293855012,80.00
2025-06-26 14:13:24.316988,599617838293855012,90.00
2025-06-26 14:13:24.316988,599617838293855012,100.00
2025-06-26 14:13:24.316988,599617838293855012,105.00
2025-06-26 14:13:24.857437,599617838854521535,105.00
2025-06-26 14:13:24.857437,599617838854521535,100.00
2025-06-26 14:13:24.857437,599617838854521535,80.00
2025-06-26 14:13:24.857437,599617838854521535,41.00
2025-06-26 14:13:24.857437,599617838854521535,-4.00
2025-06-26 14:13:24.857437,599617838854521535,-51.00
2025-06-26 14:13:24.857437,599617838854521535,-90.00
2025-06-26 14:13:24.857437,599617838854521535,-117.00
2025-06-26 14:13:24.857437,599617838854521535,-134.00
2025-06-26 14:13:24.857437,599617838854521535,-142.00
2025-06-26 14:13:24.857437,599617838854521535,-139.00
2025-06-26 14:13:24.857437,599617838854521535,-137.00
2025-06-26 14:13:24.857437,599617838854521535,-137.00
2025-06-26 14:13:24.857437,599617838854521535,-132.00
2025-06-26 14:13:24.857437,599617838854521535,-127.00
2025-06-26 14:13:24.857437,599617838854521535,-122.00
2025-06-26 14:13:24.857437,599617838854521535,-115.00
2025-06-26 14:13:24.857437,599617838854521535,-112.00
2025-06-26 14:13:24.857437,599617838854521535,-107.00
2025-06-26 14:13:24.857437,599617838854521535,-102.00
2025-06-26 14:13:24.857437,599617838854521535,-97.00
2025-06-26 14:13:24.857437,599617838854521535,-95.00
2025-06-26 14:13:24.857437,599617838854521535,-93.00
2025-06-26 14:13:24.857437,599617838854521535,-93.00
2025-06-26 14:13:24.857437,599617838854521535,-93.00
2025-06-26 14:13:24.857437,599617838854521535,-90.00
2025-06-26 14:13:24.857437,599617838854521535,-88.00
2025-06-26 14:13:24.857437,599617838854521535,-93.00
2025-06-26 14:13:24.857437,599617838854521535,-93.00
2025-06-26 14:13:24.857437,599617838854521535,-88.00
2025-06-26 14:13:24.857437,599617838854521535,-88.00
2025-06-26 14:13:24.857437,599617838854521535,-90.00
2025-06-26 14:13:24.857437,599617838854521535,-85.00
2025-06-26 14:13:24.857437,599617838854521535,-83.00
2025-06-26 14:13:24.857437,599617838854521535,-85.00
2025-06-26 14:13:24.857437,599617838854521535,-85.00
2025-06-26 14:13:24.857437,599617838854521535,-80.00
2025-06-26 14:13:24.857437,599617838854521535,-83.00
2025-06-26 14:13:24.857437,599617838854521535,-83.00
2025-06-26 14:13:24.857437,599617838854521535,-80.00
2025-06-26 14:13:24.857437,599617838854521535,-78.00
2025-06-26 14:13:24.857437,599617838854521535,-78.00
2025-06-26 14:13:24.857437,599617838854521535,-73.00
2025-06-26 14:13:24.857437,599617838854521535,-71.00
2025-06-26 14:13:24.857437,599617838854521535,-71.00
2025-06-26 14:13:24.857437,599617838854521535,-71.00
2025-06-26 14:13:24.857437,599617838854521535,-66.00
2025-06-26 14:13:24.857437,599617838854521535,-63.00
2025-06-26 14:13:24.857437,599617838854521535,-66.00
2025-06-26 14:13:24.857437,599617838854521535,-66.00
2025-06-26 14:13:24.857437,599617838854521535,-66.00
2025-06-26 14:13:24.857437,599617838854521535,-63.00
2025-06-26 14:13:24.857437,599617838854521535,-61.00
2025-06-26 14:13:24.857437,599617838854521535,-63.00
2025-06-26 14:13:24.857437,599617838854521535,-66.00
2025-06-26 14:13:24.857437,599617838854521535,-68.00
2025-06-26 14:13:24.857437,599617838854521535,-61.00
2025-06-26 14:13:24.857437,599617838854521535,-44.00
2025-06-26 14:13:24.857437,599617838854521535,-22.00
2025-06-26 14:13:24.857437,599617838854521535,-19.00
2025-06-26 14:13:24.857437,599617838854521535,-36.00
2025-06-26 14:13:24.857437,599617838854521535,-39.00
2025-06-26 14:13:24.857437,599617838854521535,-41.00
2025-06-26 14:13:24.857437,599617838854521535,-56.00
2025-06-26 14:13:24.857437,599617838854521535,-63.00
2025-06-26 14:13:24.857437,599617838854521535,-61.00
2025-06-26 14:13:24.857437,599617838854521535,-66.00
2025-06-26 14:13:24.857437,599617838854521535,-66.00
2025-06-26 14:13:24.857437,599617838854521535,-61.00
2025-06-26 14:13:24.857437,599617838854521535,-61.00
2025-06-26 14:13:24.857437,599617838854521535,-71.00
2025-06-26 14:13:24.857437,599617838854521535,-41.00
2025-06-26 14:13:24.857437,599617838854521535,110.00
2025-06-26 14:13:25.432373,599617839415218576,372.00
2025-06-26 14:13:25.432373,599617839415218576,600.00
2025-06-26 14:13:25.432373,599617839415218576,565.00
2025-06-26 14:13:25.432373,599617839415218576,151.00
2025-06-26 14:13:25.432373,599617839415218576,-249.00
2025-06-26 14:13:25.432373,599617839415218576,-198.00
2025-06-26 14:13:25.432373,599617839415218576,-14.00
2025-06-26 14:13:25.432373,599617839415218576,-68.00
2025-06-26 14:13:25.432373,599617839415218576,-124.00
2025-06-26 14:13:25.432373,599617839415218576,-73.00
2025-06-26 14:13:25.432373,599617839415218576,-63.00
2025-06-26 14:13:25.432373,599617839415218576,-80.00
2025-06-26 14:13:25.432373,599617839415218576,-63.00
2025-06-26 14:13:25.432373,599617839415218576,-46.00
2025-06-26 14:13:25.432373,599617839415218576,-48.00
2025-06-26 14:13:25.432373,599617839415218576,-41.00
2025-06-26 14:13:25.432373,599617839415218576,-26.00
2025-06-26 14:13:25.432373,599617839415218576,-19.00
2025-06-26 14:13:25.432373,599617839415218576,-12.00
2025-06-26 14:13:25.432373,599617839415218576,-9.00
2025-06-26 14:13:25.432373,599617839415218576,2.00
2025-06-26 14:13:25.432373,599617839415218576,14.00
2025-06-26 14:13:25.432373,599617839415218576,22.00
2025-06-26 14:13:25.432373,599617839415218576,36.00
2025-06-26 14:13:25.432373,599617839415218576,53.00
2025-06-26 14:13:25.432373,599617839415218576,63.00
2025-06-26 14:13:25.432373,599617839415218576,73.00
2025-06-26 14:13:25.432373,599617839415218576,85.00
2025-06-26 14:13:25.432373,599617839415218576,93.00
2025-06-26 14:13:25.432373,599617839415218576,97.00
2025-06-26 14:13:25.432373,599617839415218576,102.00
2025-06-26 14:13:25.432373,599617839415218576,102.00
2025-06-26 14:13:25.432373,599617839415218576,90.00
2025-06-26 14:13:25.432373,599617839415218576,58.00
2025-06-26 14:13:25.432373,599617839415218576,17.00
2025-06-26 14:13:25.432373,599617839415218576,-31.00
2025-06-26 14:13:25.432373,599617839415218576,-68.00
2025-06-26 14:13:25.432373,599617839415218576,-100.00
2025-06-26 14:13:25.432373,599617839415218576,-120.00
2025-06-26 14:13:25.432373,599617839415218576,-127.00
2025-06-26 14:13:25.432373,599617839415218576,-132.00
2025-06-26 14:13:25.432373,599617839415218576,-139.00
2025-06-26 14:13:25.432373,599617839415218576,-137.00
2025-06-26 14:13:25.432373,599617839415218576,-127.00
2025-06-26 14:13:25.432373,599617839415218576,-122.00
2025-06-26 14:13:25.432373,599617839415218576,-117.00
2025-06-26 14:13:25.432373,599617839415218576,-105.00
2025-06-26 14:13:25.432373,599617839415218576,-93.00
2025-06-26 14:13:25.432373,599617839415218576,-100.00
2025-06-26 14:13:25.432373,599617839415218576,-107.00
2025-06-26 14:13:25.432373,599617839415218576,-102.00
2025-06-26 14:13:25.432373,599617839415218576,-93.00
2025-06-26 14:13:25.432373,599617839415218576,-93.00
2025-06-26 14:13:25.432373,599617839415218576,-90.00
2025-06-26 14:13:25.432373,599617839415218576,-78.00
2025-06-26 14:13:25.432373,599617839415218576,-73.00
2025-06-26 14:13:25.432373,599617839415218576,-75.00
2025-06-26 14:13:25.432373,599617839415218576,-73.00
2025-06-26 14:13:25.432373,599617839415218576,-73.00
2025-06-26 14:13:25.432373,599617839415218576,-75.00
2025-06-26 14:13:25.432373,599617839415218576,-73.00
2025-06-26 14:13:25.432373,599617839415218576,-71.00
2025-06-26 14:13:25.432373,599617839415218576,-68.00
2025-06-26 14:13:25.432373,599617839415218576,-68.00
2025-06-26 14:13:25.432373,599617839415218576,-71.00
2025-06-26 14:13:25.432373,599617839415218576,-66.00
2025-06-26 14:13:25.432373,599617839415218576,-61.00
2025-06-26 14:13:25.432373,599617839415218576,-58.00
2025-06-26 14:13:25.432373,599617839415218576,-61.00
2025-06-26 14:13:25.432373,599617839415218576,-56.00
2025-06-26 14:13:25.432373,599617839415218576,-53.00
2025-06-26 14:13:25.432373,599617839415218576,-58.00
2025-06-26 14:13:25.432373,599617839415218576,-53.00
2025-06-26 14:13:25.967162,599617839975885099,-44.00
2025-06-26 14:13:25.967162,599617839975885099,-46.00
2025-06-26 14:13:25.967162,599617839975885099,-48.00
2025-06-26 14:13:25.967162,599617839975885099,-41.00
2025-06-26 14:13:25.967162,599617839975885099,-36.00
2025-06-26 14:13:25.967162,599617839975885099,-39.00
2025-06-26 14:13:25.967162,599617839975885099,-36.00
2025-06-26 14:13:25.967162,599617839975885099,-36.00
2025-06-26 14:13:25.967162,599617839975885099,-39.00
2025-06-26 14:13:25.967162,599617839975885099,-41.00
2025-06-26 14:13:25.967162,599617839975885099,-34.00
2025-06-26 14:13:25.967162,599617839975885099,-14.00
2025-06-26 14:13:25.967162,599617839975885099,4.00
2025-06-26 14:13:25.967162,599617839975885099,2.00
2025-06-26 14:13:25.967162,599617839975885099,-12.00
2025-06-26 14:13:25.967162,599617839975885099,-17.00
2025-06-26 14:13:25.967162,599617839975885099,-14.00
2025-06-26 14:13:25.967162,599617839975885099,-22.00
2025-06-26 14:13:25.967162,599617839975885099,-29.00
2025-06-26 14:13:25.967162,599617839975885099,-34.00
2025-06-26 14:13:25.967162,599617839975885099,-34.00
2025-06-26 14:13:25.967162,599617839975885099,-34.00
2025-06-26 14:13:25.967162,599617839975885099,-29.00
2025-06-26 14:13:25.967162,599617839975885099,-31.00
2025-06-26 14:13:25.967162,599617839975885099,-41.00
2025-06-26 14:13:25.967162,599617839975885099,-9.00
2025-06-26 14:13:25.967162,599617839975885099,134.00
2025-06-26 14:13:25.967162,599617839975885099,384.00
2025-06-26 14:13:25.967162,599617839975885099,612.00
2025-06-26 14:13:25.967162,599617839975885099,575.00
2025-06-26 14:13:25.967162,599617839975885099,166.00
2025-06-26 14:13:25.967162,599617839975885099,-220.00
2025-06-26 14:13:25.967162,599617839975885099,-171.00
2025-06-26 14:13:25.967162,599617839975885099,4.00
2025-06-26 14:13:25.967162,599617839975885099,-41.00
2025-06-26 14:13:25.967162,599617839975885099,-95.00
2025-06-26 14:13:25.967162,599617839975885099,-48.00
2025-06-26 14:13:25.967162,599617839975885099,-36.00
2025-06-26 14:13:25.967162,599617839975885099,-48.00
2025-06-26 14:13:25.967162,599617839975885099,-36.00
2025-06-26 14:13:25.967162,599617839975885099,-22.00
2025-06-26 14:13:25.967162,599617839975885099,-17.00
2025-06-26 14:13:25.967162,599617839975885099,-12.00
2025-06-26 14:13:25.967162,599617839975885099,-7.00
2025-06-26 14:13:25.967162,599617839975885099,2.00
2025-06-26 14:13:25.967162,599617839975885099,12.00
2025-06-26 14:13:25.967162,599617839975885099,17.00
2025-06-26 14:13:25.967162,599617839975885099,22.00
2025-06-26 14:13:25.967162,599617839975885099,31.00
2025-06-26 14:13:25.967162,599617839975885099,44.00
2025-06-26 14:13:25.967162,599617839975885099,56.00
2025-06-26 14:13:25.967162,599617839975885099,71.00
2025-06-26 14:13:25.967162,599617839975885099,83.00
2025-06-26 14:13:25.967162,599617839975885099,85.00
2025-06-26 14:13:25.967162,599617839975885099,85.00
2025-06-26 14:13:25.967162,599617839975885099,95.00
2025-06-26 14:13:25.967162,599617839975885099,107.00
2025-06-26 14:13:25.967162,599617839975885099,115.00
2025-06-26 14:13:25.967162,599617839975885099,112.00
2025-06-26 14:13:25.967162,599617839975885099,100.00
2025-06-26 14:13:25.967162,599617839975885099,71.00
2025-06-26 14:13:25.967162,599617839975885099,29.00
2025-06-26 14:13:25.967162,599617839975885099,-12.00
2025-06-26 14:13:25.967162,599617839975885099,-51.00
2025-06-26 14:13:25.967162,599617839975885099,-83.00
2025-06-26 14:13:25.967162,599617839975885099,-102.00
2025-06-26 14:13:25.967162,599617839975885099,-112.00
2025-06-26 14:13:25.967162,599617839975885099,-120.00
2025-06-26 14:13:25.967162,599617839975885099,-122.00
2025-06-26 14:13:25.967162,599617839975885099,-117.00
2025-06-26 14:13:25.967162,599617839975885099,-115.00
2025-06-26 14:13:25.967162,599617839975885099,-117.00
2025-06-26 14:13:25.967162,599617839975885099,-110.00
2025-06-26 14:13:26.536741,599617840536551622,-100.00
2025-06-26 14:13:26.536741,599617840536551622,-102.00
2025-06-26 14:13:26.536741,599617840536551622,-100.00
2025-06-26 14:13:26.536741,599617840536551622,-90.00
2025-06-26 14:13:26.536741,599617840536551622,-85.00
2025-06-26 14:13:26.536741,599617840536551622,-83.00
2025-06-26 14:13:26.536741,599617840536551622,-78.00
2025-06-26 14:13:26.536741,599617840536551622,-73.00
2025-06-26 14:13:26.536741,599617840536551622,-73.00
2025-06-26 14:13:26.536741,599617840536551622,-75.00
2025-06-26 14:13:26.536741,599617840536551622,-73.00
2025-06-26 14:13:26.536741,599617840536551622,-71.00
2025-06-26 14:13:26.536741,599617840536551622,-71.00
2025-06-26 14:13:26.536741,599617840536551622,-68.00
2025-06-26 14:13:26.536741,599617840536551622,-68.00
2025-06-26 14:13:26.536741,599617840536551622,-71.00
2025-06-26 14:13:26.536741,599617840536551622,-68.00
2025-06-26 14:13:26.536741,599617840536551622,-66.00
2025-06-26 14:13:26.536741,599617840536551622,-68.00
2025-06-26 14:13:26.536741,599617840536551622,-66.00
2025-06-26 14:13:26.536741,599617840536551622,-66.00
2025-06-26 14:13:26.536741,599617840536551622,-61.00
2025-06-26 14:13:26.536741,599617840536551622,-53.00
2025-06-26 14:13:26.536741,599617840536551622,-61.00
2025-06-26 14:13:26.536741,599617840536551622,-66.00
2025-06-26 14:13:26.536741,599617840536551622,-58.00
2025-06-26 14:13:26.536741,599617840536551622,-51.00
2025-06-26 14:13:26.536741,599617840536551622,-53.00
2025-06-26 14:13:26.536741,599617840536551622,-56.00
2025-06-26 14:13:26.536741,599617840536551622,-53.00
2025-06-26 14:13:26.536741,599617840536551622,-51.00
2025-06-26 14:13:26.536741,599617840536551622,-53.00
2025-06-26 14:13:26.536741,599617840536551622,-44.00
2025-06-26 14:13:26.536741,599617840536551622,-17.00
2025-06-26 14:13:26.536741,599617840536551622,2.00
2025-06-26 14:13:26.536741,599617840536551622,-4.00
2025-06-26 14:13:26.536741,599617840536551622,-24.00
2025-06-26 14:13:26.536741,599617840536551622,-29.00
2025-06-26 14:13:26.536741,599617840536551622,-29.00
2025-06-26 14:13:26.536741,599617840536551622,-36.00
2025-06-26 14:13:26.536741,599617840536551622,-44.00
2025-06-26 14:13:26.536741,599617840536551622,-46.00
2025-06-26 14:13:26.536741,599617840536551622,-41.00
2025-06-26 14:13:26.536741,599617840536551622,-39.00
2025-06-26 14:13:26.536741,599617840536551622,-41.00
2025-06-26 14:13:26.536741,599617840536551622,-53.00
2025-06-26 14:13:26.536741,599617840536551622,-61.00
2025-06-26 14:13:26.536741,599617840536551622,-19.00
2025-06-26 14:13:26.536741,599617840536551622,129.00
2025-06-26 14:13:26.536741,599617840536551622,389.00
2025-06-26 14:13:26.536741,599617840536551622,600.00
2025-06-26 14:13:26.536741,599617840536551622,519.00
2025-06-26 14:13:26.536741,599617840536551622,107.00
2025-06-26 14:13:26.536741,599617840536551622,-232.00
2025-06-26 14:13:26.536741,599617840536551622,-156.00
2025-06-26 14:13:26.536741,599617840536551622,2.00
2025-06-26 14:13:26.536741,599617840536551622,-51.00
2025-06-26 14:13:26.536741,599617840536551622,-93.00
2025-06-26 14:13:26.536741,599617840536551622,-41.00
2025-06-26 14:13:26.536741,599617840536551622,-39.00
2025-06-26 14:13:26.536741,599617840536551622,-53.00
2025-06-26 14:13:26.536741,599617840536551622,-34.00
2025-06-26 14:13:26.536741,599617840536551622,-17.00
2025-06-26 14:13:26.536741,599617840536551622,-12.00
2025-06-26 14:13:26.536741,599617840536551622,-2.00
2025-06-26 14:13:26.536741,599617840536551622,7.00
2025-06-26 14:13:26.536741,599617840536551622,19.00
2025-06-26 14:13:26.536741,599617840536551622,34.00
2025-06-26 14:13:26.536741,599617840536551622,31.00
2025-06-26 14:13:26.536741,599617840536551622,22.00
2025-06-26 14:13:26.536741,599617840536551622,31.00
2025-06-26 14:13:26.536741,599617840536551622,46.00
2025-06-26 14:13:26.536741,599617840536551622,46.00
2025-06-26 14:13:27.136800,599617841097218147,56.00
2025-06-26 14:13:27.136800,599617841097218147,78.00
2025-06-26 14:13:27.136800,599617841097218147,90.00
2025-06-26 14:13:27.136800,599617841097218147,100.00
2025-06-26 14:13:27.136800,599617841097218147,107.00
2025-06-26 14:13:27.136800,599617841097218147,117.00
2025-06-26 14:13:27.136800,599617841097218147,120.00
2025-06-26 14:13:27.136800,599617841097218147,112.00
2025-06-26 14:13:27.136800,599617841097218147,90.00
2025-06-26 14:13:27.136800,599617841097218147,63.00
2025-06-26 14:13:27.136800,599617841097218147,29.00
2025-06-26 14:13:27.136800,599617841097218147,-9.00
2025-06-26 14:13:27.136800,599617841097218147,-51.00
2025-06-26 14:13:27.136800,599617841097218147,-85.00
2025-06-26 14:13:27.136800,599617841097218147,-102.00
2025-06-26 14:13:27.136800,599617841097218147,-105.00
2025-06-26 14:13:27.136800,599617841097218147,-107.00
2025-06-26 14:13:27.136800,599617841097218147,-110.00
2025-06-26 14:13:27.136800,599617841097218147,-110.00
2025-06-26 14:13:27.136800,599617841097218147,-110.00
2025-06-26 14:13:27.136800,599617841097218147,-110.00
2025-06-26 14:13:27.136800,599617841097218147,-97.00
2025-06-26 14:13:27.136800,599617841097218147,-83.00
2025-06-26 14:13:27.136800,599617841097218147,-85.00
2025-06-26 14:13:27.136800,599617841097218147,-97.00
2025-06-26 14:13:27.136800,599617841097218147,-95.00
2025-06-26 14:13:27.136800,599617841097218147,-83.00
2025-06-26 14:13:27.136800,599617841097218147,-80.00
2025-06-26 14:13:27.136800,599617841097218147,-80.00
2025-06-26 14:13:27.136800,599617841097218147,-78.00
2025-06-26 14:13:27.136800,599617841097218147,-80.00
2025-06-26 14:13:27.136800,599617841097218147,-80.00
2025-06-26 14:13:27.136800,599617841097218147,-75.00
2025-06-26 14:13:27.136800,599617841097218147,-80.00
2025-06-26 14:13:27.136800,599617841097218147,-75.00
2025-06-26 14:13:27.136800,599617841097218147,-68.00
2025-06-26 14:13:27.136800,599617841097218147,-71.00
2025-06-26 14:13:27.136800,599617841097218147,-78.00
2025-06-26 14:13:27.136800,599617841097218147,-83.00
2025-06-26 14:13:27.136800,599617841097218147,-83.00
2025-06-26 14:13:27.136800,599617841097218147,-75.00
2025-06-26 14:13:27.136800,599617841097218147,-75.00
2025-06-26 14:13:27.136800,599617841097218147,-78.00
2025-06-26 14:13:27.136800,599617841097218147,-75.00
2025-06-26 14:13:27.136800,599617841097218147,-71.00
2025-06-26 14:13:27.136800,599617841097218147,-68.00
2025-06-26 14:13:27.136800,599617841097218147,-71.00
2025-06-26 14:13:27.136800,599617841097218147,-73.00
2025-06-26 14:13:27.136800,599617841097218147,-73.00
2025-06-26 14:13:27.136800,599617841097218147,-66.00
2025-06-26 14:13:27.136800,599617841097218147,-51.00
2025-06-26 14:13:27.136800,599617841097218147,-34.00
2025-06-26 14:13:27.136800,599617841097218147,-24.00
2025-06-26 14:13:27.136800,599617841097218147,-29.00
2025-06-26 14:13:27.136800,599617841097218147,-39.00
2025-06-26 14:13:27.136800,599617841097218147,-36.00
2025-06-26 14:13:27.136800,599617841097218147,-44.00
2025-06-26 14:13:27.136800,599617841097218147,-61.00
2025-06-26 14:13:27.136800,599617841097218147,-61.00
2025-06-26 14:13:27.136800,599617841097218147,-61.00
2025-06-26 14:13:27.136800,599617841097218147,-73.00
2025-06-26 14:13:27.136800,599617841097218147,-71.00
2025-06-26 14:13:27.136800,599617841097218147,-58.00
2025-06-26 14:13:27.136800,599617841097218147,-63.00
2025-06-26 14:13:27.136800,599617841097218147,-73.00
2025-06-26 14:13:27.136800,599617841097218147,-34.00
2025-06-26 14:13:27.136800,599617841097218147,115.00
2025-06-26 14:13:27.136800,599617841097218147,372.00
2025-06-26 14:13:27.136800,599617841097218147,570.00
2025-06-26 14:13:27.136800,599617841097218147,472.00
2025-06-26 14:13:27.136800,599617841097218147,63.00
2025-06-26 14:13:27.136800,599617841097218147,-252.00
2025-06-26 14:13:27.136800,599617841097218147,-169.00
2025-06-26 14:13:27.679167,599617841657884670,-22.00
2025-06-26 14:13:27.679167,599617841657884670,-68.00
2025-06-26 14:13:27.679167,599617841657884670,-100.00
2025-06-26 14:13:27.679167,599617841657884670,-56.00
2025-06-26 14:13:27.679167,599617841657884670,-51.00
2025-06-26 14:13:27.679167,599617841657884670,-66.00
2025-06-26 14:13:27.679167,599617841657884670,-53.00
2025-06-26 14:13:27.679167,599617841657884670,-39.00
2025-06-26 14:13:27.679167,599617841657884670,-34.00
2025-06-26 14:13:27.679167,599617841657884670,-24.00
2025-06-26 14:13:27.679167,599617841657884670,-14.00
2025-06-26 14:13:27.679167,599617841657884670,-9.00
2025-06-26 14:13:27.679167,599617841657884670,-4.00
2025-06-26 14:13:27.679167,599617841657884670,7.00
2025-06-26 14:13:27.679167,599617841657884670,17.00
2025-06-26 14:13:27.679167,599617841657884670,22.00
2025-06-26 14:13:27.679167,599617841657884670,26.00
2025-06-26 14:13:27.679167,599617841657884670,39.00
2025-06-26 14:13:27.679167,599617841657884670,53.00
2025-06-26 14:13:27.679167,599617841657884670,63.00
2025-06-26 14:13:27.679167,599617841657884670,71.00
2025-06-26 14:13:27.679167,599617841657884670,75.00
2025-06-26 14:13:27.679167,599617841657884670,80.00
2025-06-26 14:13:27.679167,599617841657884670,83.00
2025-06-26 14:13:27.679167,599617841657884670,85.00
2025-06-26 14:13:27.679167,599617841657884670,83.00
2025-06-26 14:13:27.679167,599617841657884670,68.00
2025-06-26 14:13:27.679167,599617841657884670,39.00
2025-06-26 14:13:27.679167,599617841657884670,-2.00
2025-06-26 14:13:27.679167,599617841657884670,-48.00
2025-06-26 14:13:27.679167,599617841657884670,-83.00
2025-06-26 14:13:27.679167,599617841657884670,-107.00
2025-06-26 14:13:27.679167,599617841657884670,-122.00
2025-06-26 14:13:27.679167,599617841657884670,-129.00
2025-06-26 14:13:27.679167,599617841657884670,-137.00
2025-06-26 14:13:27.679167,599617841657884670,-139.00
2025-06-26 14:13:27.679167,599617841657884670,-137.00
2025-06-26 14:13:27.679167,599617841657884670,-137.00
2025-06-26 14:13:27.679167,599617841657884670,-132.00
2025-06-26 14:13:27.679167,599617841657884670,-124.00
2025-06-26 14:13:27.679167,599617841657884670,-122.00
2025-06-26 14:13:27.679167,599617841657884670,-120.00
2025-06-26 14:13:27.679167,599617841657884670,-112.00
2025-06-26 14:13:27.679167,599617841657884670,-110.00
2025-06-26 14:13:27.679167,599617841657884670,-107.00
2025-06-26 14:13:27.679167,599617841657884670,-105.00
2025-06-26 14:13:27.679167,599617841657884670,-100.00
2025-06-26 14:13:27.679167,599617841657884670,-97.00
2025-06-26 14:13:27.679167,599617841657884670,-100.00
2025-06-26 14:13:27.679167,599617841657884670,-102.00
2025-06-26 14:13:27.679167,599617841657884670,-100.00
2025-06-26 14:13:27.679167,599617841657884670,-95.00
2025-06-26 14:13:27.679167,599617841657884670,-95.00
2025-06-26 14:13:27.679167,599617841657884670,-93.00
2025-06-26 14:13:27.679167,599617841657884670,-93.00
2025-06-26 14:13:27.679167,599617841657884670,-95.00
2025-06-26 14:13:27.679167,599617841657884670,-97.00
2025-06-26 14:13:27.679167,599617841657884670,-95.00
2025-06-26 14:13:27.679167,599617841657884670,-90.00
2025-06-26 14:13:27.679167,599617841657884670,-88.00
2025-06-26 14:13:27.679167,599617841657884670,-88.00
2025-06-26 14:13:27.679167,599617841657884670,-85.00
2025-06-26 14:13:27.679167,599617841657884670,-85.00
2025-06-26 14:13:27.679167,599617841657884670,-85.00
2025-06-26 14:13:27.679167,599617841657884670,-80.00
2025-06-26 14:13:27.679167,599617841657884670,-71.00
2025-06-26 14:13:27.679167,599617841657884670,-53.00
2025-06-26 14:13:27.679167,599617841657884670,-44.00
2025-06-26 14:13:27.679167,599617841657884670,-48.00
2025-06-26 14:13:27.679167,599617841657884670,-58.00
2025-06-26 14:13:27.679167,599617841657884670,-58.00
2025-06-26 14:13:27.679167,599617841657884670,-63.00
2025-06-26 14:13:27.679167,599617841657884670,-75.00
2025-06-26 14:13:28.217147,599617842218581711,-78.00
2025-06-26 14:13:28.217147,599617842218581711,-75.00
2025-06-26 14:13:28.217147,599617842218581711,-78.00
2025-06-26 14:13:28.217147,599617842218581711,-78.00
2025-06-26 14:13:28.217147,599617842218581711,-71.00
2025-06-26 14:13:28.217147,599617842218581711,-75.00
2025-06-26 14:13:28.217147,599617842218581711,-53.00
2025-06-26 14:13:28.217147,599617842218581711,71.00
2025-06-26 14:13:28.217147,599617842218581711,308.00
2025-06-26 14:13:28.217147,599617842218581711,531.00
2025-06-26 14:13:28.217147,599617842218581711,509.00
2025-06-26 14:13:28.217147,599617842218581711,146.00
2025-06-26 14:13:28.217147,599617842218581711,-227.00
2025-06-26 14:13:28.217147,599617842218581711,-227.00
2025-06-26 14:13:28.217147,599617842218581711,-46.00
2025-06-26 14:13:28.217147,599617842218581711,-58.00
2025-06-26 14:13:28.217147,599617842218581711,-134.00
2025-06-26 14:13:28.217147,599617842218581711,-105.00
2025-06-26 14:13:28.217147,599617842218581711,-75.00
2025-06-26 14:13:28.217147,599617842218581711,-93.00
2025-06-26 14:13:28.217147,599617842218581711,-85.00
2025-06-26 14:13:28.217147,599617842218581711,-61.00
2025-06-26 14:13:28.217147,599617842218581711,-58.00
2025-06-26 14:13:28.217147,599617842218581711,-56.00
2025-06-26 14:13:28.217147,599617842218581711,-41.00
2025-06-26 14:13:28.217147,599617842218581711,-34.00
2025-06-26 14:13:28.217147,599617842218581711,-26.00
2025-06-26 14:13:28.217147,599617842218581711,-12.00
2025-06-26 14:13:28.217147,599617842218581711,-7.00
2025-06-26 14:13:28.217147,599617842218581711,-4.00
2025-06-26 14:13:28.217147,599617842218581711,9.00
2025-06-26 14:13:28.217147,599617842218581711,24.00
2025-06-26 14:13:28.217147,599617842218581711,29.00
2025-06-26 14:13:28.217147,599617842218581711,46.00
2025-06-26 14:13:28.217147,599617842218581711,63.00
2025-06-26 14:13:28.217147,599617842218581711,63.00
2025-06-26 14:13:28.217147,599617842218581711,68.00
2025-06-26 14:13:28.217147,599617842218581711,78.00
2025-06-26 14:13:28.217147,599617842218581711,78.00
2025-06-26 14:13:28.217147,599617842218581711,73.00
2025-06-26 14:13:28.217147,599617842218581711,58.00
2025-06-26 14:13:28.217147,599617842218581711,22.00
2025-06-26 14:13:28.217147,599617842218581711,-22.00
2025-06-26 14:13:28.217147,599617842218581711,-61.00
2025-06-26 14:13:28.217147,599617842218581711,-97.00
2025-06-26 14:13:28.217147,599617842218581711,-124.00
2025-06-26 14:13:28.217147,599617842218581711,-137.00
2025-06-26 14:13:28.217147,599617842218581711,-142.00
2025-06-26 14:13:28.217147,599617842218581711,-146.00
2025-06-26 14:13:28.217147,599617842218581711,-146.00
2025-06-26 14:13:28.217147,599617842218581711,-144.00
2025-06-26 14:13:28.217147,599617842218581711,-142.00
2025-06-26 14:13:28.217147,599617842218581711,-139.00
2025-06-26 14:13:28.217147,599617842218581711,-132.00
2025-06-26 14:13:28.217147,599617842218581711,-124.00
2025-06-26 14:13:28.217147,599617842218581711,-117.00
2025-06-26 14:13:28.217147,599617842218581711,-107.00
2025-06-26 14:13:28.217147,599617842218581711,-105.00
2025-06-26 14:13:28.217147,599617842218581711,-105.00
2025-06-26 14:13:28.217147,599617842218581711,-100.00
2025-06-26 14:13:28.217147,599617842218581711,-100.00
2025-06-26 14:13:28.217147,599617842218581711,-95.00
2025-06-26 14:13:28.217147,599617842218581711,-90.00
2025-06-26 14:13:28.217147,599617842218581711,-90.00
2025-06-26 14:13:28.217147,599617842218581711,-93.00
2025-06-26 14:13:28.217147,599617842218581711,-90.00
2025-06-26 14:13:28.217147,599617842218581711,-88.00
2025-06-26 14:13:28.217147,599617842218581711,-88.00
2025-06-26 14:13:28.217147,599617842218581711,-90.00
2025-06-26 14:13:28.217147,599617842218581711,-90.00
2025-06-26 14:13:28.217147,599617842218581711,-88.00
2025-06-26 14:13:28.217147,599617842218581711,-90.00
2025-06-26 14:13:28.217147,599617842218581711,-88.00
2025-06-26 14:13:28.788849,599617842779248234,-83.00
2025-06-26 14:13:28.788849,599617842779248234,-85.00
2025-06-26 14:13:28.788849,599617842779248234,-90.00
2025-06-26 14:13:28.788849,599617842779248234,-88.00
2025-06-26 14:13:28.788849,599617842779248234,-80.00
2025-06-26 14:13:28.788849,599617842779248234,-66.00
2025-06-26 14:13:28.788849,599617842779248234,-48.00
2025-06-26 14:13:28.788849,599617842779248234,-46.00
2025-06-26 14:13:28.788849,599617842779248234,-56.00
2025-06-26 14:13:28.788849,599617842779248234,-61.00
2025-06-26 14:13:28.788849,599617842779248234,-63.00
2025-06-26 14:13:28.788849,599617842779248234,-68.00
2025-06-26 14:13:28.788849,599617842779248234,-73.00
2025-06-26 14:13:28.788849,599617842779248234,-75.00
2025-06-26 14:13:28.788849,599617842779248234,-71.00
2025-06-26 14:13:28.788849,599617842779248234,-68.00
2025-06-26 14:13:28.788849,599617842779248234,-73.00
2025-06-26 14:13:28.788849,599617842779248234,-83.00
2025-06-26 14:13:28.788849,599617842779248234,-73.00
2025-06-26 14:13:28.788849,599617842779248234,22.00
2025-06-26 14:13:28.788849,599617842779248234,240.00
2025-06-26 14:13:28.788849,599617842779248234,502.00
2025-06-26 14:13:28.788849,599617842779248234,592.00
2025-06-26 14:13:28.788849,599617842779248234,313.00
2025-06-26 14:13:28.788849,599617842779248234,-144.00
2025-06-26 14:13:28.788849,599617842779248234,-279.00
2025-06-26 14:13:28.788849,599617842779248234,-100.00
2025-06-26 14:13:28.788849,599617842779248234,-51.00
2025-06-26 14:13:28.788849,599617842779248234,-127.00
2025-06-26 14:13:28.788849,599617842779248234,-110.00
2025-06-26 14:13:28.788849,599617842779248234,-78.00
2025-06-26 14:13:28.788849,599617842779248234,-93.00
2025-06-26 14:13:28.788849,599617842779248234,-85.00
2025-06-26 14:13:28.788849,599617842779248234,-66.00
2025-06-26 14:13:28.788849,599617842779248234,-66.00
2025-06-26 14:13:28.788849,599617842779248234,-63.00
2025-06-26 14:13:28.788849,599617842779248234,-53.00
2025-06-26 14:13:28.788849,599617842779248234,-46.00
2025-06-26 14:13:28.788849,599617842779248234,-36.00
2025-06-26 14:13:28.788849,599617842779248234,-24.00
2025-06-26 14:13:28.788849,599617842779248234,-22.00
2025-06-26 14:13:28.788849,599617842779248234,-17.00
2025-06-26 14:13:28.788849,599617842779248234,0.00
2025-06-26 14:13:28.788849,599617842779248234,12.00
2025-06-26 14:13:28.788849,599617842779248234,22.00
2025-06-26 14:13:28.788849,599617842779248234,34.00
2025-06-26 14:13:28.788849,599617842779248234,48.00
2025-06-26 14:13:28.788849,599617842779248234,61.00
2025-06-26 14:13:28.788849,599617842779248234,68.00
2025-06-26 14:13:28.788849,599617842779248234,75.00
2025-06-26 14:13:28.788849,599617842779248234,75.00
2025-06-26 14:13:28.788849,599617842779248234,68.00
2025-06-26 14:13:28.788849,599617842779248234,53.00
2025-06-26 14:13:28.788849,599617842779248234,22.00
2025-06-26 14:13:28.788849,599617842779248234,-24.00
2025-06-26 14:13:28.788849,599617842779248234,-73.00
2025-06-26 14:13:28.788849,599617842779248234,-115.00
2025-06-26 14:13:28.788849,599617842779248234,-146.00
2025-06-26 14:13:28.788849,599617842779248234,-161.00
2025-06-26 14:13:28.788849,599617842779248234,-166.00
2025-06-26 14:13:28.788849,599617842779248234,-169.00
2025-06-26 14:13:28.788849,599617842779248234,-169.00
2025-06-26 14:13:28.788849,599617842779248234,-164.00
2025-06-26 14:13:28.788849,599617842779248234,-161.00
2025-06-26 14:13:28.788849,599617842779248234,-156.00
2025-06-26 14:13:28.788849,599617842779248234,-154.00
2025-06-26 14:13:28.788849,599617842779248234,-151.00
2025-06-26 14:13:28.788849,599617842779248234,-146.00
2025-06-26 14:13:28.788849,599617842779248234,-139.00
2025-06-26 14:13:28.788849,599617842779248234,-134.00
2025-06-26 14:13:28.788849,599617842779248234,-132.00
2025-06-26 14:13:28.788849,599617842779248234,-127.00
2025-06-26 14:13:28.788849,599617842779248234,-122.00
2025-06-26 14:13:29.326497,599617843339914757,-120.00
2025-06-26 14:13:29.326497,599617843339914757,-117.00
2025-06-26 14:13:29.326497,599617843339914757,-115.00
2025-06-26 14:13:29.326497,599617843339914757,-112.00
2025-06-26 14:13:29.326497,599617843339914757,-110.00
2025-06-26 14:13:29.326497,599617843339914757,-107.00
2025-06-26 14:13:29.326497,599617843339914757,-107.00
2025-06-26 14:13:29.326497,599617843339914757,-107.00
2025-06-26 14:13:29.326497,599617843339914757,-105.00
2025-06-26 14:13:29.326497,599617843339914757,-102.00
2025-06-26 14:13:29.326497,599617843339914757,-105.00
2025-06-26 14:13:29.326497,599617843339914757,-105.00
2025-06-26 14:13:29.326497,599617843339914757,-102.00
2025-06-26 14:13:29.326497,599617843339914757,-102.00
2025-06-26 14:13:29.326497,599617843339914757,-102.00
2025-06-26 14:13:29.326497,599617843339914757,-100.00
2025-06-26 14:13:29.326497,599617843339914757,-97.00
2025-06-26 14:13:29.326497,599617843339914757,-100.00
2025-06-26 14:13:29.326497,599617843339914757,-97.00
2025-06-26 14:13:29.326497,599617843339914757,-95.00
2025-06-26 14:13:29.326497,599617843339914757,-100.00
2025-06-26 14:13:29.326497,599617843339914757,-105.00
2025-06-26 14:13:29.326497,599617843339914757,-102.00
2025-06-26 14:13:29.326497,599617843339914757,-85.00
2025-06-26 14:13:29.326497,599617843339914757,-66.00
2025-06-26 14:13:29.326497,599617843339914757,-56.00
2025-06-26 14:13:29.326497,599617843339914757,-66.00
2025-06-26 14:13:29.326497,599617843339914757,-73.00
2025-06-26 14:13:29.326497,599617843339914757,-71.00
2025-06-26 14:13:29.326497,599617843339914757,-78.00
2025-06-26 14:13:29.326497,599617843339914757,-88.00
2025-06-26 14:13:29.326497,599617843339914757,-93.00
2025-06-26 14:13:29.326497,599617843339914757,-93.00
2025-06-26 14:13:29.326497,599617843339914757,-90.00
2025-06-26 14:13:29.326497,599617843339914757,-88.00
2025-06-26 14:13:29.326497,599617843339914757,-85.00
2025-06-26 14:13:29.326497,599617843339914757,-95.00
2025-06-26 14:13:29.326497,599617843339914757,-78.00
2025-06-26 14:13:29.326497,599617843339914757,44.00
2025-06-26 14:13:29.326497,599617843339914757,286.00
2025-06-26 14:13:29.326497,599617843339914757,534.00
2025-06-26 14:13:29.326497,599617843339914757,558.00
2025-06-26 14:13:29.326497,599617843339914757,208.00
2025-06-26 14:13:29.326497,599617843339914757,-222.00
2025-06-26 14:13:29.326497,599617843339914757,-264.00
2025-06-26 14:13:29.326497,599617843339914757,-73.00
2025-06-26 14:13:29.326497,599617843339914757,-75.00
2025-06-26 14:13:29.326497,599617843339914757,-146.00
2025-06-26 14:13:29.326497,599617843339914757,-110.00
2025-06-26 14:13:29.326497,599617843339914757,-88.00
2025-06-26 14:13:29.326497,599617843339914757,-105.00
2025-06-26 14:13:29.326497,599617843339914757,-93.00
2025-06-26 14:13:29.326497,599617843339914757,-73.00
2025-06-26 14:13:29.326497,599617843339914757,-73.00
2025-06-26 14:13:29.326497,599617843339914757,-68.00
2025-06-26 14:13:29.326497,599617843339914757,-53.00
2025-06-26 14:13:29.326497,599617843339914757,-46.00
2025-06-26 14:13:29.326497,599617843339914757,-41.00
2025-06-26 14:13:29.326497,599617843339914757,-36.00
2025-06-26 14:13:29.326497,599617843339914757,-26.00
2025-06-26 14:13:29.326497,599617843339914757,-14.00
2025-06-26 14:13:29.326497,599617843339914757,-7.00
2025-06-26 14:13:29.326497,599617843339914757,7.00
2025-06-26 14:13:29.326497,599617843339914757,22.00
2025-06-26 14:13:29.326497,599617843339914757,31.00
2025-06-26 14:13:29.326497,599617843339914757,41.00
2025-06-26 14:13:29.326497,599617843339914757,53.00
2025-06-26 14:13:29.326497,599617843339914757,63.00
2025-06-26 14:13:29.326497,599617843339914757,66.00
2025-06-26 14:13:29.326497,599617843339914757,68.00
2025-06-26 14:13:29.326497,599617843339914757,71.00
2025-06-26 14:13:29.326497,599617843339914757,56.00
2025-06-26 14:13:29.326497,599617843339914757,22.00
2025-06-26 14:13:29.925813,599617843900581280,-24.00
2025-06-26 14:13:29.925813,599617843900581280,-71.00
2025-06-26 14:13:29.925813,599617843900581280,-110.00
2025-06-26 14:13:29.925813,599617843900581280,-137.00
2025-06-26 14:13:29.925813,599617843900581280,-156.00
2025-06-26 14:13:29.925813,599617843900581280,-164.00
2025-06-26 14:13:29.925813,599617843900581280,-166.00
2025-06-26 14:13:29.925813,599617843900581280,-166.00
2025-06-26 14:13:29.925813,599617843900581280,-166.00
2025-06-26 14:13:29.925813,599617843900581280,-166.00
2025-06-26 14:13:29.925813,599617843900581280,-159.00
2025-06-26 14:13:29.925813,599617843900581280,-154.00
2025-06-26 14:13:29.925813,599617843900581280,-149.00
2025-06-26 14:13:29.925813,599617843900581280,-146.00
2025-06-26 14:13:29.925813,599617843900581280,-144.00
2025-06-26 14:13:29.925813,599617843900581280,-139.00
2025-06-26 14:13:29.925813,599617843900581280,-134.00
2025-06-26 14:13:29.925813,599617843900581280,-129.00
2025-06-26 14:13:29.925813,599617843900581280,-124.00
2025-06-26 14:13:29.925813,599617843900581280,-122.00
2025-06-26 14:13:29.925813,599617843900581280,-120.00
2025-06-26 14:13:29.925813,599617843900581280,-115.00
2025-06-26 14:13:29.925813,599617843900581280,-112.00
2025-06-26 14:13:29.925813,599617843900581280,-112.00
2025-06-26 14:13:29.925813,599617843900581280,-110.00
2025-06-26 14:13:29.925813,599617843900581280,-107.00
2025-06-26 14:13:29.925813,599617843900581280,-107.00
2025-06-26 14:13:29.925813,599617843900581280,-107.00
2025-06-26 14:13:29.925813,599617843900581280,-105.00
2025-06-26 14:13:29.925813,599617843900581280,-102.00
2025-06-26 14:13:29.925813,599617843900581280,-102.00
2025-06-26 14:13:29.925813,599617843900581280,-102.00
2025-06-26 14:13:29.925813,599617843900581280,-97.00
2025-06-26 14:13:29.925813,599617843900581280,-95.00
2025-06-26 14:13:29.925813,599617843900581280,-97.00
2025-06-26 14:13:29.925813,599617843900581280,-93.00
2025-06-26 14:13:29.925813,599617843900581280,-93.00
2025-06-26 14:13:29.925813,599617843900581280,-93.00
2025-06-26 14:13:29.925813,599617843900581280,-90.00
2025-06-26 14:13:29.925813,599617843900581280,-88.00
2025-06-26 14:13:29.925813,599617843900581280,-88.00
2025-06-26 14:13:29.925813,599617843900581280,-83.00
2025-06-26 14:13:29.925813,599617843900581280,-85.00
2025-06-26 14:13:29.925813,599617843900581280,-85.00
2025-06-26 14:13:29.925813,599617843900581280,-80.00
2025-06-26 14:13:29.925813,599617843900581280,-78.00
2025-06-26 14:13:29.925813,599617843900581280,-80.00
2025-06-26 14:13:29.925813,599617843900581280,-83.00
2025-06-26 14:13:29.925813,599617843900581280,-88.00
2025-06-26 14:13:29.925813,599617843900581280,-88.00
2025-06-26 14:13:29.925813,599617843900581280,-78.00
2025-06-26 14:13:29.925813,599617843900581280,-56.00
2025-06-26 14:13:29.925813,599617843900581280,-36.00
2025-06-26 14:13:29.925813,599617843900581280,-41.00
2025-06-26 14:13:29.925813,599617843900581280,-56.00
2025-06-26 14:13:29.925813,599617843900581280,-56.00
2025-06-26 14:13:29.925813,599617843900581280,-61.00
2025-06-26 14:13:29.925813,599617843900581280,-71.00
2025-06-26 14:13:29.925813,599617843900581280,-78.00
2025-06-26 14:13:29.925813,599617843900581280,-78.00
2025-06-26 14:13:29.925813,599617843900581280,-75.00
2025-06-26 14:13:29.925813,599617843900581280,-75.00
2025-06-26 14:13:29.925813,599617843900581280,-73.00
2025-06-26 14:13:29.925813,599617843900581280,-78.00
2025-06-26 14:13:29.925813,599617843900581280,-78.00
2025-06-26 14:13:29.925813,599617843900581280,-2.00
2025-06-26 14:13:29.925813,599617843900581280,195.00
2025-06-26 14:13:29.925813,599617843900581280,450.00
2025-06-26 14:13:29.925813,599617843900581280,578.00
2025-06-26 14:13:29.925813,599617843900581280,367.00
2025-06-26 14:13:29.925813,599617843900581280,-80.00
2025-06-26 14:13:29.925813,599617843900581280,-281.00
2025-06-26 14:13:29.925813,599617843900581280,-115.00
2025-06-26 14:13:30.500883,599617844461278323,-34.00
2025-06-26 14:13:30.500883,599617844461278323,-122.00
2025-06-26 14:13:30.500883,599617844461278323,-120.00
2025-06-26 14:13:30.500883,599617844461278323,-75.00
2025-06-26 14:13:30.500883,599617844461278323,-90.00
2025-06-26 14:13:30.500883,599617844461278323,-88.00
2025-06-26 14:13:30.500883,599617844461278323,-63.00
2025-06-26 14:13:30.500883,599617844461278323,-58.00
2025-06-26 14:13:30.500883,599617844461278323,-58.00
2025-06-26 14:13:30.500883,599617844461278323,-46.00
2025-06-26 14:13:30.500883,599617844461278323,-36.00
2025-06-26 14:13:30.500883,599617844461278323,-31.00
2025-06-26 14:13:30.500883,599617844461278323,-22.00
2025-06-26 14:13:30.500883,599617844461278323,-14.00
2025-06-26 14:13:30.500883,599617844461278323,-4.00
2025-06-26 14:13:30.500883,599617844461278323,7.00
2025-06-26 14:13:30.500883,599617844461278323,17.00
2025-06-26 14:13:30.500883,599617844461278323,26.00
2025-06-26 14:13:30.500883,599617844461278323,39.00
2025-06-26 14:13:30.500883,599617844461278323,51.00
2025-06-26 14:13:30.500883,599617844461278323,63.00
2025-06-26 14:13:30.500883,599617844461278323,73.00
2025-06-26 14:13:30.500883,599617844461278323,80.00
2025-06-26 14:13:30.500883,599617844461278323,85.00
2025-06-26 14:13:30.500883,599617844461278323,85.00
2025-06-26 14:13:30.500883,599617844461278323,80.00
2025-06-26 14:13:30.500883,599617844461278323,61.00
2025-06-26 14:13:30.500883,599617844461278323,22.00
2025-06-26 14:13:30.500883,599617844461278323,-24.00
2025-06-26 14:13:30.500883,599617844461278323,-63.00
2025-06-26 14:13:30.500883,599617844461278323,-95.00
2025-06-26 14:13:30.500883,599617844461278323,-120.00
2025-06-26 14:13:30.500883,599617844461278323,-134.00
2025-06-26 14:13:30.500883,599617844461278323,-139.00
2025-06-26 14:13:30.500883,599617844461278323,-144.00
2025-06-26 14:13:30.500883,599617844461278323,-146.00
2025-06-26 14:13:30.500883,599617844461278323,-146.00
2025-06-26 14:13:30.500883,599617844461278323,-139.00
2025-06-26 14:13:30.500883,599617844461278323,-132.00
2025-06-26 14:13:30.500883,599617844461278323,-132.00
2025-06-26 14:13:30.500883,599617844461278323,-127.00
2025-06-26 14:13:30.500883,599617844461278323,-122.00
2025-06-26 14:13:30.500883,599617844461278323,-117.00
2025-06-26 14:13:30.500883,599617844461278323,-115.00
2025-06-26 14:13:30.500883,599617844461278323,-110.00
2025-06-26 14:13:30.500883,599617844461278323,-105.00
2025-06-26 14:13:30.500883,599617844461278323,-102.00
2025-06-26 14:13:30.500883,599617844461278323,-100.00
2025-06-26 14:13:30.500883,599617844461278323,-95.00
2025-06-26 14:13:30.500883,599617844461278323,-93.00
2025-06-26 14:13:30.500883,599617844461278323,-90.00
2025-06-26 14:13:30.500883,599617844461278323,-88.00
2025-06-26 14:13:30.500883,599617844461278323,-85.00
2025-06-26 14:13:30.500883,599617844461278323,-85.00
2025-06-26 14:13:30.500883,599617844461278323,-85.00
2025-06-26 14:13:30.500883,599617844461278323,-85.00
2025-06-26 14:13:30.500883,599617844461278323,-85.00
2025-06-26 14:13:30.500883,599617844461278323,-83.00
2025-06-26 14:13:30.500883,599617844461278323,-80.00
2025-06-26 14:13:30.500883,599617844461278323,-83.00
2025-06-26 14:13:30.500883,599617844461278323,-83.00
2025-06-26 14:13:30.500883,599617844461278323,-85.00
2025-06-26 14:13:30.500883,599617844461278323,-85.00
2025-06-26 14:13:30.500883,599617844461278323,-83.00
2025-06-26 14:13:30.500883,599617844461278323,-78.00
2025-06-26 14:13:30.500883,599617844461278323,-78.00
2025-06-26 14:13:30.500883,599617844461278323,-78.00
2025-06-26 14:13:30.500883,599617844461278323,-80.00
2025-06-26 14:13:30.500883,599617844461278323,-75.00
2025-06-26 14:13:30.500883,599617844461278323,-75.00
2025-06-26 14:13:30.500883,599617844461278323,-75.00
2025-06-26 14:13:30.500883,599617844461278323,-75.00
2025-06-26 14:13:30.500883,599617844461278323,-75.00
2025-06-26 14:13:31.067053,599617845021944846,-75.00
2025-06-26 14:13:31.067053,599617845021944846,-75.00
2025-06-26 14:13:31.067053,599617845021944846,-75.00
2025-06-26 14:13:31.067053,599617845021944846,-75.00
2025-06-26 14:13:31.067053,599617845021944846,-73.00
2025-06-26 14:13:31.067053,599617845021944846,-73.00
2025-06-26 14:13:31.067053,599617845021944846,-73.00
2025-06-26 14:13:31.067053,599617845021944846,-73.00
2025-06-26 14:13:31.067053,599617845021944846,-75.00
2025-06-26 14:13:31.067053,599617845021944846,-78.00
2025-06-26 14:13:31.067053,599617845021944846,-75.00
2025-06-26 14:13:31.067053,599617845021944846,-66.00
2025-06-26 14:13:31.067053,599617845021944846,-46.00
2025-06-26 14:13:31.067053,599617845021944846,-31.00
2025-06-26 14:13:31.067053,599617845021944846,-39.00
2025-06-26 14:13:31.067053,599617845021944846,-51.00
2025-06-26 14:13:31.067053,599617845021944846,-48.00
2025-06-26 14:13:31.067053,599617845021944846,-53.00
2025-06-26 14:13:31.067053,599617845021944846,-63.00
2025-06-26 14:13:31.067053,599617845021944846,-66.00
2025-06-26 14:13:31.067053,599617845021944846,-63.00
2025-06-26 14:13:31.067053,599617845021944846,-68.00
2025-06-26 14:13:31.067053,599617845021944846,-71.00
2025-06-26 14:13:31.067053,599617845021944846,-68.00
2025-06-26 14:13:31.067053,599617845021944846,-75.00
2025-06-26 14:13:31.067053,599617845021944846,-58.00
2025-06-26 14:13:31.067053,599617845021944846,48.00
2025-06-26 14:13:31.067053,599617845021944846,267.00
2025-06-26 14:13:31.067053,599617845021944846,509.00
2025-06-26 14:13:31.067053,599617845021944846,578.00
2025-06-26 14:13:31.067053,599617845021944846,291.00
2025-06-26 14:13:31.067053,599617845021944846,-151.00
2025-06-26 14:13:31.067053,599617845021944846,-264.00
2025-06-26 14:13:31.067053,599617845021944846,-80.00
2025-06-26 14:13:31.067053,599617845021944846,-46.00
2025-06-26 14:13:31.067053,599617845021944846,-132.00
2025-06-26 14:13:31.067053,599617845021944846,-110.00
2025-06-26 14:13:31.067053,599617845021944846,-75.00
2025-06-26 14:13:31.067053,599617845021944846,-90.00
2025-06-26 14:13:31.067053,599617845021944846,-83.00
2025-06-26 14:13:31.067053,599617845021944846,-63.00
2025-06-26 14:13:31.067053,599617845021944846,-63.00
2025-06-26 14:13:31.067053,599617845021944846,-58.00
2025-06-26 14:13:31.067053,599617845021944846,-46.00
2025-06-26 14:13:31.067053,599617845021944846,-36.00
2025-06-26 14:13:31.067053,599617845021944846,-29.00
2025-06-26 14:13:31.067053,599617845021944846,-22.00
2025-06-26 14:13:31.067053,599617845021944846,-14.00
2025-06-26 14:13:31.067053,599617845021944846,-7.00
2025-06-26 14:13:31.067053,599617845021944846,2.00
2025-06-26 14:13:31.067053,599617845021944846,17.00
2025-06-26 14:13:31.067053,599617845021944846,26.00
2025-06-26 14:13:31.067053,599617845021944846,39.00
2025-06-26 14:13:31.067053,599617845021944846,51.00
2025-06-26 14:13:31.067053,599617845021944846,58.00
2025-06-26 14:13:31.067053,599617845021944846,68.00
2025-06-26 14:13:31.067053,599617845021944846,78.00
2025-06-26 14:13:31.067053,599617845021944846,83.00
2025-06-26 14:13:31.067053,599617845021944846,85.00
2025-06-26 14:13:31.067053,599617845021944846,78.00
2025-06-26 14:13:31.067053,599617845021944846,48.00
2025-06-26 14:13:31.067053,599617845021944846,7.00
2025-06-26 14:13:31.067053,599617845021944846,-36.00
2025-06-26 14:13:31.067053,599617845021944846,-73.00
2025-06-26 14:13:31.067053,599617845021944846,-107.00
2025-06-26 14:13:31.067053,599617845021944846,-132.00
2025-06-26 14:13:31.067053,599617845021944846,-144.00
2025-06-26 14:13:31.067053,599617845021944846,-146.00
2025-06-26 14:13:31.067053,599617845021944846,-151.00
2025-06-26 14:13:31.067053,599617845021944846,-149.00
2025-06-26 14:13:31.067053,599617845021944846,-144.00
2025-06-26 14:13:31.067053,599617845021944846,-142.00
2025-06-26 14:13:31.067053,599617845021944846,-139.00
2025-06-26 14:13:31.577994,599617845582611369,-134.00
2025-06-26 14:13:31.577994,599617845582611369,-124.00
2025-06-26 14:13:31.577994,599617845582611369,-120.00
2025-06-26 14:13:31.577994,599617845582611369,-115.00
2025-06-26 14:13:31.577994,599617845582611369,-107.00
2025-06-26 14:13:31.577994,599617845582611369,-105.00
2025-06-26 14:13:31.577994,599617845582611369,-100.00
2025-06-26 14:13:31.577994,599617845582611369,-95.00
2025-06-26 14:13:31.577994,599617845582611369,-90.00
2025-06-26 14:13:31.577994,599617845582611369,-88.00
2025-06-26 14:13:31.577994,599617845582611369,-83.00
2025-06-26 14:13:31.577994,599617845582611369,-80.00
2025-06-26 14:13:31.577994,599617845582611369,-75.00
2025-06-26 14:13:31.577994,599617845582611369,-75.00
2025-06-26 14:13:31.577994,599617845582611369,-75.00
2025-06-26 14:13:31.577994,599617845582611369,-75.00
2025-06-26 14:13:31.577994,599617845582611369,-75.00
2025-06-26 14:13:31.577994,599617845582611369,-75.00
2025-06-26 14:13:31.577994,599617845582611369,-75.00
2025-06-26 14:13:31.577994,599617845582611369,-73.00
2025-06-26 14:13:31.577994,599617845582611369,-73.00
2025-06-26 14:13:31.577994,599617845582611369,-73.00
2025-06-26 14:13:31.577994,599617845582611369,-71.00
2025-06-26 14:13:31.577994,599617845582611369,-73.00
2025-06-26 14:13:31.577994,599617845582611369,-73.00
2025-06-26 14:13:31.577994,599617845582611369,-71.00
2025-06-26 14:13:31.577994,599617845582611369,-68.00
2025-06-26 14:13:31.577994,599617845582611369,-68.00
2025-06-26 14:13:31.577994,599617845582611369,-68.00
2025-06-26 14:13:31.577994,599617845582611369,-66.00
2025-06-26 14:13:31.577994,599617845582611369,-66.00
2025-06-26 14:13:31.577994,599617845582611369,-63.00
2025-06-26 14:13:31.577994,599617845582611369,-61.00
2025-06-26 14:13:31.577994,599617845582611369,-63.00
2025-06-26 14:13:31.577994,599617845582611369,-63.00
2025-06-26 14:13:31.577994,599617845582611369,-61.00
2025-06-26 14:13:31.577994,599617845582611369,-61.00
2025-06-26 14:13:31.577994,599617845582611369,-58.00
2025-06-26 14:13:31.577994,599617845582611369,-58.00
2025-06-26 14:13:31.577994,599617845582611369,-61.00
2025-06-26 14:13:31.577994,599617845582611369,-56.00
2025-06-26 14:13:31.577994,599617845582611369,-56.00
2025-06-26 14:13:31.577994,599617845582611369,-61.00
2025-06-26 14:13:31.577994,599617845582611369,-61.00
2025-06-26 14:13:31.577994,599617845582611369,-48.00
2025-06-26 14:13:31.577994,599617845582611369,-24.00
2025-06-26 14:13:31.577994,599617845582611369,-12.00
2025-06-26 14:13:31.577994,599617845582611369,-26.00
2025-06-26 14:13:31.577994,599617845582611369,-39.00
2025-06-26 14:13:31.577994,599617845582611369,-39.00
2025-06-26 14:13:31.577994,599617845582611369,-46.00
2025-06-26 14:13:31.577994,599617845582611369,-56.00
2025-06-26 14:13:31.577994,599617845582611369,-58.00
2025-06-26 14:13:31.577994,599617845582611369,-58.00
2025-06-26 14:13:31.577994,599617845582611369,-61.00
2025-06-26 14:13:31.577994,599617845582611369,-58.00
2025-06-26 14:13:31.577994,599617845582611369,-56.00
2025-06-26 14:13:31.577994,599617845582611369,-66.00
2025-06-26 14:13:31.577994,599617845582611369,-63.00
2025-06-26 14:13:31.577994,599617845582611369,19.00
2025-06-26 14:13:31.577994,599617845582611369,220.00
2025-06-26 14:13:31.577994,599617845582611369,485.00
2025-06-26 14:13:31.577994,599617845582611369,631.00
2025-06-26 14:13:31.577994,599617845582611369,436.00
2025-06-26 14:13:31.577994,599617845582611369,-29.00
2025-06-26 14:13:31.577994,599617845582611369,-276.00
2025-06-26 14:13:31.577994,599617845582611369,-122.00
2025-06-26 14:13:31.577994,599617845582611369,-22.00
2025-06-26 14:13:31.577994,599617845582611369,-107.00
2025-06-26 14:13:31.577994,599617845582611369,-115.00
2025-06-26 14:13:31.577994,599617845582611369,-71.00
2025-06-26 14:13:31.577994,599617845582611369,-80.00
2025-06-26 14:13:31.577994,599617845582611369,-83.00
2025-06-26 14:13:32.176848,599617846143277892,-61.00
2025-06-26 14:13:32.176848,599617846143277892,-56.00
2025-06-26 14:13:32.176848,599617846143277892,-53.00
2025-06-26 14:13:32.176848,599617846143277892,-39.00
2025-06-26 14:13:32.176848,599617846143277892,-29.00
2025-06-26 14:13:32.176848,599617846143277892,-22.00
2025-06-26 14:13:32.176848,599617846143277892,-12.00
2025-06-26 14:13:32.176848,599617846143277892,-2.00
2025-06-26 14:13:32.176848,599617846143277892,7.00
2025-06-26 14:13:32.176848,599617846143277892,17.00
2025-06-26 14:13:32.176848,599617846143277892,29.00
2025-06-26 14:13:32.176848,599617846143277892,44.00
2025-06-26 14:13:32.176848,599617846143277892,58.00
2025-06-26 14:13:32.176848,599617846143277892,68.00
2025-06-26 14:13:32.176848,599617846143277892,78.00
2025-06-26 14:13:32.176848,599617846143277892,90.00
2025-06-26 14:13:32.176848,599617846143277892,100.00
2025-06-26 14:13:32.176848,599617846143277892,105.00
2025-06-26 14:13:32.176848,599617846143277892,105.00
2025-06-26 14:13:32.176848,599617846143277892,97.00
2025-06-26 14:13:32.176848,599617846143277892,71.00
2025-06-26 14:13:32.176848,599617846143277892,26.00
2025-06-26 14:13:32.176848,599617846143277892,-19.00
2025-06-26 14:13:32.176848,599617846143277892,-63.00
2025-06-26 14:13:32.176848,599617846143277892,-102.00
2025-06-26 14:13:32.176848,599617846143277892,-124.00
2025-06-26 14:13:32.176848,599617846143277892,-137.00
2025-06-26 14:13:32.176848,599617846143277892,-144.00
2025-06-26 14:13:32.176848,599617846143277892,-146.00
2025-06-26 14:13:32.176848,599617846143277892,-146.00
2025-06-26 14:13:32.176848,599617846143277892,-144.00
2025-06-26 14:13:32.176848,599617846143277892,-142.00
2025-06-26 14:13:32.176848,599617846143277892,-139.00
2025-06-26 14:13:32.176848,599617846143277892,-139.00
2025-06-26 14:13:32.176848,599617846143277892,-137.00
2025-06-26 14:13:32.176848,599617846143277892,-129.00
2025-06-26 14:13:32.176848,599617846143277892,-124.00
2025-06-26 14:13:32.176848,599617846143277892,-117.00
2025-06-26 14:13:32.176848,599617846143277892,-112.00
2025-06-26 14:13:32.176848,599617846143277892,-110.00
2025-06-26 14:13:32.176848,599617846143277892,-107.00
2025-06-26 14:13:32.176848,599617846143277892,-100.00
2025-06-26 14:13:32.176848,599617846143277892,-95.00
2025-06-26 14:13:32.176848,599617846143277892,-95.00
2025-06-26 14:13:32.176848,599617846143277892,-95.00
2025-06-26 14:13:32.176848,599617846143277892,-90.00
2025-06-26 14:13:32.176848,599617846143277892,-90.00
2025-06-26 14:13:32.176848,599617846143277892,-90.00
2025-06-26 14:13:32.176848,599617846143277892,-90.00
2025-06-26 14:13:32.176848,599617846143277892,-88.00
2025-06-26 14:13:32.176848,599617846143277892,-90.00
2025-06-26 14:13:32.176848,599617846143277892,-90.00
2025-06-26 14:13:32.176848,599617846143277892,-90.00
2025-06-26 14:13:32.176848,599617846143277892,-90.00
2025-06-26 14:13:32.176848,599617846143277892,-90.00
2025-06-26 14:13:32.176848,599617846143277892,-88.00
2025-06-26 14:13:32.176848,599617846143277892,-85.00
2025-06-26 14:13:32.176848,599617846143277892,-85.00
2025-06-26 14:13:32.176848,599617846143277892,-85.00
2025-06-26 14:13:32.176848,599617846143277892,-83.00
2025-06-26 14:13:32.176848,599617846143277892,-83.00
2025-06-26 14:13:32.176848,599617846143277892,-83.00
2025-06-26 14:13:32.176848,599617846143277892,-80.00
2025-06-26 14:13:32.176848,599617846143277892,-80.00
2025-06-26 14:13:32.176848,599617846143277892,-80.00
2025-06-26 14:13:32.176848,599617846143277892,-78.00
2025-06-26 14:13:32.176848,599617846143277892,-78.00
2025-06-26 14:13:32.176848,599617846143277892,-75.00
2025-06-26 14:13:32.176848,599617846143277892,-73.00
2025-06-26 14:13:32.176848,599617846143277892,-71.00
2025-06-26 14:13:32.176848,599617846143277892,-71.00
2025-06-26 14:13:32.176848,599617846143277892,-73.00
2025-06-26 14:13:32.176848,599617846143277892,-71.00
2025-06-26 14:13:32.687251,599617846703974933,-68.00
2025-06-26 14:13:32.687251,599617846703974933,-68.00
2025-06-26 14:13:32.687251,599617846703974933,-66.00
2025-06-26 14:13:32.687251,599617846703974933,-66.00
2025-06-26 14:13:32.687251,599617846703974933,-68.00
2025-06-26 14:13:32.687251,599617846703974933,-71.00
2025-06-26 14:13:32.687251,599617846703974933,-68.00
2025-06-26 14:13:32.687251,599617846703974933,-66.00
2025-06-26 14:13:32.687251,599617846703974933,-66.00
2025-06-26 14:13:32.687251,599617846703974933,-66.00
2025-06-26 14:13:32.687251,599617846703974933,-66.00
2025-06-26 14:13:32.687251,599617846703974933,-63.00
2025-06-26 14:13:32.687251,599617846703974933,-61.00
2025-06-26 14:13:32.687251,599617846703974933,-63.00
2025-06-26 14:13:32.687251,599617846703974933,-66.00
2025-06-26 14:13:32.687251,599617846703974933,-58.00
2025-06-26 14:13:32.687251,599617846703974933,-39.00
2025-06-26 14:13:32.687251,599617846703974933,-22.00
2025-06-26 14:13:32.687251,599617846703974933,-22.00
2025-06-26 14:13:32.687251,599617846703974933,-36.00
2025-06-26 14:13:32.687251,599617846703974933,-41.00
2025-06-26 14:13:32.687251,599617846703974933,-39.00
2025-06-26 14:13:32.687251,599617846703974933,-51.00
2025-06-26 14:13:32.687251,599617846703974933,-58.00
2025-06-26 14:13:32.687251,599617846703974933,-58.00
2025-06-26 14:13:32.687251,599617846703974933,-63.00
2025-06-26 14:13:32.687251,599617846703974933,-63.00
2025-06-26 14:13:32.687251,599617846703974933,-61.00
2025-06-26 14:13:32.687251,599617846703974933,-61.00
2025-06-26 14:13:32.687251,599617846703974933,-71.00
2025-06-26 14:13:32.687251,599617846703974933,-51.00
2025-06-26 14:13:32.687251,599617846703974933,68.00
2025-06-26 14:13:32.687251,599617846703974933,306.00
2025-06-26 14:13:32.687251,599617846703974933,560.00
2025-06-26 14:13:32.687251,599617846703974933,624.00
2025-06-26 14:13:32.687251,599617846703974933,301.00
2025-06-26 14:13:32.687251,599617846703974933,-161.00
2025-06-26 14:13:32.687251,599617846703974933,-244.00
2025-06-26 14:13:32.687251,599617846703974933,-48.00
2025-06-26 14:13:32.687251,599617846703974933,-46.00
2025-06-26 14:13:32.687251,599617846703974933,-137.00
2025-06-26 14:13:32.687251,599617846703974933,-100.00
2025-06-26 14:13:32.687251,599617846703974933,-71.00
2025-06-26 14:13:32.687251,599617846703974933,-93.00
2025-06-26 14:13:32.687251,599617846703974933,-83.00
2025-06-26 14:13:32.687251,599617846703974933,-63.00
2025-06-26 14:13:32.687251,599617846703974933,-61.00
2025-06-26 14:13:32.687251,599617846703974933,-53.00
2025-06-26 14:13:32.687251,599617846703974933,-41.00
2025-06-26 14:13:32.687251,599617846703974933,-36.00
2025-06-26 14:13:32.687251,599617846703974933,-29.00
2025-06-26 14:13:32.687251,599617846703974933,-22.00
2025-06-26 14:13:32.687251,599617846703974933,-12.00
2025-06-26 14:13:32.687251,599617846703974933,-2.00
2025-06-26 14:13:32.687251,599617846703974933,9.00
2025-06-26 14:13:32.687251,599617846703974933,22.00
2025-06-26 14:13:32.687251,599617846703974933,34.00
2025-06-26 14:13:32.687251,599617846703974933,46.00
2025-06-26 14:13:32.687251,599617846703974933,58.00
2025-06-26 14:13:32.687251,599617846703974933,73.00
2025-06-26 14:13:32.687251,599617846703974933,83.00
2025-06-26 14:13:32.687251,599617846703974933,88.00
2025-06-26 14:13:32.687251,599617846703974933,95.00
2025-06-26 14:13:32.687251,599617846703974933,97.00
2025-06-26 14:13:32.687251,599617846703974933,90.00
2025-06-26 14:13:32.687251,599617846703974933,66.00
2025-06-26 14:13:32.687251,599617846703974933,29.00
2025-06-26 14:13:32.687251,599617846703974933,-14.00
2025-06-26 14:13:32.687251,599617846703974933,-58.00
2025-06-26 14:13:32.687251,599617846703974933,-93.00
2025-06-26 14:13:32.687251,599617846703974933,-120.00
2025-06-26 14:13:32.687251,599617846703974933,-134.00
2025-06-26 14:13:32.687251,599617846703974933,-142.00
2025-06-26 14:13:33.256795,599617847264641456,-142.00
2025-06-26 14:13:33.256795,599617847264641456,-144.00
2025-06-26 14:13:33.256795,599617847264641456,-142.00
2025-06-26 14:13:33.256795,599617847264641456,-137.00
2025-06-26 14:13:33.256795,599617847264641456,-132.00
2025-06-26 14:13:33.256795,599617847264641456,-129.00
2025-06-26 14:13:33.256795,599617847264641456,-127.00
2025-06-26 14:13:33.256795,599617847264641456,-120.00
2025-06-26 14:13:33.256795,599617847264641456,-115.00
2025-06-26 14:13:33.256795,599617847264641456,-110.00
2025-06-26 14:13:33.256795,599617847264641456,-102.00
2025-06-26 14:13:33.256795,599617847264641456,-97.00
2025-06-26 14:13:33.256795,599617847264641456,-97.00
2025-06-26 14:13:33.256795,599617847264641456,-95.00
2025-06-26 14:13:33.256795,599617847264641456,-90.00
2025-06-26 14:13:33.256795,599617847264641456,-88.00
2025-06-26 14:13:33.256795,599617847264641456,-85.00
2025-06-26 14:13:33.256795,599617847264641456,-83.00
2025-06-26 14:13:33.256795,599617847264641456,-83.00
2025-06-26 14:13:33.256795,599617847264641456,-83.00
2025-06-26 14:13:33.256795,599617847264641456,-80.00
2025-06-26 14:13:33.256795,599617847264641456,-78.00
2025-06-26 14:13:33.256795,599617847264641456,-80.00
2025-06-26 14:13:33.256795,599617847264641456,-80.00
2025-06-26 14:13:33.256795,599617847264641456,-78.00
2025-06-26 14:13:33.256795,599617847264641456,-78.00
2025-06-26 14:13:33.256795,599617847264641456,-78.00
2025-06-26 14:13:33.256795,599617847264641456,-75.00
2025-06-26 14:13:33.256795,599617847264641456,-73.00
2025-06-26 14:13:33.256795,599617847264641456,-73.00
2025-06-26 14:13:33.256795,599617847264641456,-73.00
2025-06-26 14:13:33.256795,599617847264641456,-71.00
2025-06-26 14:13:33.256795,599617847264641456,-66.00
2025-06-26 14:13:33.256795,599617847264641456,-66.00
2025-06-26 14:13:33.256795,599617847264641456,-63.00
2025-06-26 14:13:33.256795,599617847264641456,-66.00
2025-06-26 14:13:33.256795,599617847264641456,-66.00
2025-06-26 14:13:33.256795,599617847264641456,-63.00
2025-06-26 14:13:33.256795,599617847264641456,-63.00
2025-06-26 14:13:33.256795,599617847264641456,-61.00
2025-06-26 14:13:33.256795,599617847264641456,-58.00
2025-06-26 14:13:33.256795,599617847264641456,-56.00
2025-06-26 14:13:33.256795,599617847264641456,-56.00
2025-06-26 14:13:33.256795,599617847264641456,-58.00
2025-06-26 14:13:33.256795,599617847264641456,-53.00
2025-06-26 14:13:33.256795,599617847264641456,-53.00
2025-06-26 14:13:33.256795,599617847264641456,-53.00
2025-06-26 14:13:33.256795,599617847264641456,-51.00
2025-06-26 14:13:33.256795,599617847264641456,-53.00
2025-06-26 14:13:33.256795,599617847264641456,-53.00
2025-06-26 14:13:33.256795,599617847264641456,-48.00
2025-06-26 14:13:33.256795,599617847264641456,-46.00
2025-06-26 14:13:33.256795,599617847264641456,-46.00
2025-06-26 14:13:33.256795,599617847264641456,-48.00
2025-06-26 14:13:33.256795,599617847264641456,-48.00
2025-06-26 14:13:33.256795,599617847264641456,-46.00
2025-06-26 14:13:33.256795,599617847264641456,-44.00
2025-06-26 14:13:33.256795,599617847264641456,-41.00
2025-06-26 14:13:33.256795,599617847264641456,-41.00
2025-06-26 14:13:33.256795,599617847264641456,-44.00
2025-06-26 14:13:33.256795,599617847264641456,-44.00
2025-06-26 14:13:33.256795,599617847264641456,-44.00
2025-06-26 14:13:33.256795,599617847264641456,-44.00
2025-06-26 14:13:33.256795,599617847264641456,-46.00
2025-06-26 14:13:33.256795,599617847264641456,-44.00
2025-06-26 14:13:33.256795,599617847264641456,-44.00
2025-06-26 14:13:33.256795,599617847264641456,-46.00
2025-06-26 14:13:33.256795,599617847264641456,-48.00
2025-06-26 14:13:33.256795,599617847264641456,-44.00
2025-06-26 14:13:33.256795,599617847264641456,-31.00
2025-06-26 14:13:33.256795,599617847264641456,-12.00
2025-06-26 14:13:33.256795,599617847264641456,0.00
2025-06-26 14:13:33.256795,599617847264641456,-17.00
2025-06-26 14:13:33.856592,599617847825307981,-31.00
2025-06-26 14:13:33.856592,599617847825307981,-29.00
2025-06-26 14:13:33.856592,599617847825307981,-31.00
2025-06-26 14:13:33.856592,599617847825307981,-41.00
2025-06-26 14:13:33.856592,599617847825307981,-48.00
2025-06-26 14:13:33.856592,599617847825307981,-48.00
2025-06-26 14:13:33.856592,599617847825307981,-48.00
2025-06-26 14:13:33.856592,599617847825307981,-46.00
2025-06-26 14:13:33.856592,599617847825307981,-46.00
2025-06-26 14:13:33.856592,599617847825307981,-53.00
2025-06-26 14:13:33.856592,599617847825307981,-46.00
2025-06-26 14:13:33.856592,599617847825307981,48.00
2025-06-26 14:13:33.856592,599617847825307981,267.00
2025-06-26 14:13:33.856592,599617847825307981,529.00
2025-06-26 14:13:33.856592,599617847825307981,644.00
2025-06-26 14:13:33.856592,599617847825307981,394.00
2025-06-26 14:13:33.856592,599617847825307981,-80.00
2025-06-26 14:13:33.856592,599617847825307981,-252.00
2025-06-26 14:13:33.856592,599617847825307981,-66.00
2025-06-26 14:13:33.856592,599617847825307981,-17.00
2025-06-26 14:13:33.856592,599617847825307981,-117.00
2025-06-26 14:13:33.856592,599617847825307981,-100.00
2025-06-26 14:13:33.856592,599617847825307981,-56.00
2025-06-26 14:13:33.856592,599617847825307981,-78.00
2025-06-26 14:13:33.856592,599617847825307981,-75.00
2025-06-26 14:13:33.856592,599617847825307981,-51.00
2025-06-26 14:13:33.856592,599617847825307981,-51.00
2025-06-26 14:13:33.856592,599617847825307981,-51.00
2025-06-26 14:13:33.856592,599617847825307981,-34.00
2025-06-26 14:13:33.856592,599617847825307981,-26.00
2025-06-26 14:13:33.856592,599617847825307981,-22.00
2025-06-26 14:13:33.856592,599617847825307981,-14.00
2025-06-26 14:13:33.856592,599617847825307981,-4.00
2025-06-26 14:13:33.856592,599617847825307981,4.00
2025-06-26 14:13:33.856592,599617847825307981,14.00
2025-06-26 14:13:33.856592,599617847825307981,24.00
2025-06-26 14:13:33.856592,599617847825307981,36.00
2025-06-26 14:13:33.856592,599617847825307981,46.00
2025-06-26 14:13:33.856592,599617847825307981,58.00
2025-06-26 14:13:33.856592,599617847825307981,71.00
2025-06-26 14:13:33.856592,599617847825307981,83.00
2025-06-26 14:13:33.856592,599617847825307981,90.00
2025-06-26 14:13:33.856592,599617847825307981,95.00
2025-06-26 14:13:33.856592,599617847825307981,97.00
2025-06-26 14:13:33.856592,599617847825307981,95.00
2025-06-26 14:13:33.856592,599617847825307981,78.00
2025-06-26 14:13:33.856592,599617847825307981,46.00
2025-06-26 14:13:33.856592,599617847825307981,7.00
2025-06-26 14:13:33.856592,599617847825307981,-31.00
2025-06-26 14:13:33.856592,599617847825307981,-68.00
2025-06-26 14:13:33.856592,599617847825307981,-95.00
2025-06-26 14:13:33.856592,599617847825307981,-115.00
2025-06-26 14:13:33.856592,599617847825307981,-124.00
2025-06-26 14:13:33.856592,599617847825307981,-129.00
2025-06-26 14:13:33.856592,599617847825307981,-129.00
2025-06-26 14:13:33.856592,599617847825307981,-129.00
2025-06-26 14:13:33.856592,599617847825307981,-127.00
2025-06-26 14:13:33.856592,599617847825307981,-124.00
2025-06-26 14:13:33.856592,599617847825307981,-122.00
2025-06-26 14:13:33.856592,599617847825307981,-117.00
2025-06-26 14:13:33.856592,599617847825307981,-110.00
2025-06-26 14:13:33.856592,599617847825307981,-105.00
2025-06-26 14:13:33.856592,599617847825307981,-102.00
2025-06-26 14:13:33.856592,599617847825307981,-97.00
2025-06-26 14:13:33.856592,599617847825307981,-93.00
2025-06-26 14:13:33.856592,599617847825307981,-88.00
2025-06-26 14:13:33.856592,599617847825307981,-83.00
2025-06-26 14:13:33.856592,599617847825307981,-80.00
2025-06-26 14:13:33.856592,599617847825307981,-78.00
2025-06-26 14:13:33.856592,599617847825307981,-78.00
2025-06-26 14:13:33.856592,599617847825307981,-75.00
2025-06-26 14:13:33.856592,599617847825307981,-71.00
2025-06-26 14:13:33.856592,599617847825307981,-71.00
2025-06-26 14:13:34.397551,599617848385974504,-71.00
2025-06-26 14:13:34.397551,599617848385974504,-68.00
2025-06-26 14:13:34.397551,599617848385974504,-66.00
2025-06-26 14:13:34.397551,599617848385974504,-68.00
2025-06-26 14:13:34.397551,599617848385974504,-68.00
2025-06-26 14:13:34.397551,599617848385974504,-68.00
2025-06-26 14:13:34.397551,599617848385974504,-68.00
2025-06-26 14:13:34.397551,599617848385974504,-66.00
2025-06-26 14:13:34.397551,599617848385974504,-66.00
2025-06-26 14:13:34.397551,599617848385974504,-63.00
2025-06-26 14:13:34.397551,599617848385974504,-63.00
2025-06-26 14:13:34.397551,599617848385974504,-61.00
2025-06-26 14:13:34.397551,599617848385974504,-58.00
2025-06-26 14:13:34.397551,599617848385974504,-58.00
2025-06-26 14:13:34.397551,599617848385974504,-56.00
2025-06-26 14:13:34.397551,599617848385974504,-56.00
2025-06-26 14:13:34.397551,599617848385974504,-56.00
2025-06-26 14:13:34.397551,599617848385974504,-51.00
2025-06-26 14:13:34.397551,599617848385974504,-51.00
2025-06-26 14:13:34.397551,599617848385974504,-53.00
2025-06-26 14:13:34.397551,599617848385974504,-51.00
2025-06-26 14:13:34.397551,599617848385974504,-48.00
2025-06-26 14:13:34.397551,599617848385974504,-48.00
2025-06-26 14:13:34.397551,599617848385974504,-46.00
2025-06-26 14:13:34.397551,599617848385974504,-46.00
2025-06-26 14:13:34.397551,599617848385974504,-46.00
2025-06-26 14:13:34.397551,599617848385974504,-46.00
2025-06-26 14:13:34.397551,599617848385974504,-46.00
2025-06-26 14:13:34.397551,599617848385974504,-48.00
2025-06-26 14:13:34.397551,599617848385974504,-48.00
2025-06-26 14:13:34.397551,599617848385974504,-44.00
2025-06-26 14:13:34.397551,599617848385974504,-44.00
2025-06-26 14:13:34.397551,599617848385974504,-44.00
2025-06-26 14:13:34.397551,599617848385974504,-41.00
2025-06-26 14:13:34.397551,599617848385974504,-44.00
2025-06-26 14:13:34.397551,599617848385974504,-44.00
2025-06-26 14:13:34.397551,599617848385974504,-44.00
2025-06-26 14:13:34.397551,599617848385974504,-44.00
2025-06-26 14:13:34.397551,599617848385974504,-46.00
2025-06-26 14:13:34.397551,599617848385974504,-44.00
2025-06-26 14:13:34.397551,599617848385974504,-41.00
2025-06-26 14:13:34.397551,599617848385974504,-41.00
2025-06-26 14:13:34.397551,599617848385974504,-41.00
2025-06-26 14:13:34.397551,599617848385974504,-39.00
2025-06-26 14:13:34.397551,599617848385974504,-39.00
2025-06-26 14:13:34.397551,599617848385974504,-39.00
2025-06-26 14:13:34.397551,599617848385974504,-39.00
2025-06-26 14:13:34.397551,599617848385974504,-44.00
2025-06-26 14:13:34.397551,599617848385974504,-46.00
2025-06-26 14:13:34.397551,599617848385974504,-39.00
2025-06-26 14:13:34.397551,599617848385974504,-24.00
2025-06-26 14:13:34.397551,599617848385974504,-4.00
2025-06-26 14:13:34.397551,599617848385974504,2.00
2025-06-26 14:13:34.397551,599617848385974504,-17.00
2025-06-26 14:13:34.397551,599617848385974504,-26.00
2025-06-26 14:13:34.397551,599617848385974504,-22.00
2025-06-26 14:13:34.397551,599617848385974504,-29.00
2025-06-26 14:13:34.397551,599617848385974504,-44.00
2025-06-26 14:13:34.397551,599617848385974504,-46.00
2025-06-26 14:13:34.397551,599617848385974504,-46.00
2025-06-26 14:13:34.397551,599617848385974504,-46.00
2025-06-26 14:13:34.397551,599617848385974504,-46.00
2025-06-26 14:13:34.397551,599617848385974504,-46.00
2025-06-26 14:13:34.397551,599617848385974504,-56.00
2025-06-26 14:13:34.397551,599617848385974504,-34.00
2025-06-26 14:13:34.397551,599617848385974504,90.00
2025-06-26 14:13:34.397551,599617848385974504,325.00
2025-06-26 14:13:34.397551,599617848385974504,573.00
2025-06-26 14:13:34.397551,599617848385974504,619.00
2025-06-26 14:13:34.397551,599617848385974504,284.00
2025-06-26 14:13:34.397551,599617848385974504,-166.00
2025-06-26 14:13:34.397551,599617848385974504,-222.00
2025-06-26 14:13:34.397551,599617848385974504,-34.00
2025-06-26 14:13:34.969129,599617848946671545,-44.00
2025-06-26 14:13:34.969129,599617848946671545,-127.00
2025-06-26 14:13:34.969129,599617848946671545,-85.00
2025-06-26 14:13:34.969129,599617848946671545,-63.00
2025-06-26 14:13:34.969129,599617848946671545,-88.00
2025-06-26 14:13:34.969129,599617848946671545,-75.00
2025-06-26 14:13:34.969129,599617848946671545,-53.00
2025-06-26 14:13:34.969129,599617848946671545,-51.00
2025-06-26 14:13:34.969129,599617848946671545,-46.00
2025-06-26 14:13:34.969129,599617848946671545,-34.00
2025-06-26 14:13:34.969129,599617848946671545,-29.00
2025-06-26 14:13:34.969129,599617848946671545,-26.00
2025-06-26 14:13:34.969129,599617848946671545,-14.00
2025-06-26 14:13:34.969129,599617848946671545,-4.00
2025-06-26 14:13:34.969129,599617848946671545,0.00
2025-06-26 14:13:34.969129,599617848946671545,9.00
2025-06-26 14:13:34.969129,599617848946671545,24.00
2025-06-26 14:13:34.969129,599617848946671545,31.00
2025-06-26 14:13:34.969129,599617848946671545,41.00
2025-06-26 14:13:34.969129,599617848946671545,58.00
2025-06-26 14:13:34.969129,599617848946671545,71.00
2025-06-26 14:13:34.969129,599617848946671545,78.00
2025-06-26 14:13:34.969129,599617848946671545,83.00
2025-06-26 14:13:34.969129,599617848946671545,88.00
2025-06-26 14:13:34.969129,599617848946671545,93.00
2025-06-26 14:13:34.969129,599617848946671545,88.00
2025-06-26 14:13:34.969129,599617848946671545,68.00
2025-06-26 14:13:34.969129,599617848946671545,36.00
2025-06-26 14:13:34.969129,599617848946671545,-2.00
2025-06-26 14:13:34.969129,599617848946671545,-44.00
2025-06-26 14:13:34.969129,599617848946671545,-80.00
2025-06-26 14:13:34.969129,599617848946671545,-107.00
2025-06-26 14:13:34.969129,599617848946671545,-124.00
2025-06-26 14:13:34.969129,599617848946671545,-134.00
2025-06-26 14:13:34.969129,599617848946671545,-134.00
2025-06-26 14:13:34.969129,599617848946671545,-137.00
2025-06-26 14:13:34.969129,599617848946671545,-139.00
2025-06-26 14:13:34.969129,599617848946671545,-134.00
2025-06-26 14:13:34.969129,599617848946671545,-134.00
2025-06-26 14:13:34.969129,599617848946671545,-132.00
2025-06-26 14:13:34.969129,599617848946671545,-124.00
2025-06-26 14:13:34.969129,599617848946671545,-120.00
2025-06-26 14:13:34.969129,599617848946671545,-115.00
2025-06-26 14:13:34.969129,599617848946671545,-110.00
2025-06-26 14:13:34.969129,599617848946671545,-107.00
2025-06-26 14:13:34.969129,599617848946671545,-100.00
2025-06-26 14:13:34.969129,599617848946671545,-93.00
2025-06-26 14:13:34.969129,599617848946671545,-93.00
2025-06-26 14:13:34.969129,599617848946671545,-93.00
2025-06-26 14:13:34.969129,599617848946671545,-90.00
2025-06-26 14:13:34.969129,599617848946671545,-85.00
2025-06-26 14:13:34.969129,599617848946671545,-85.00
2025-06-26 14:13:34.969129,599617848946671545,-85.00
2025-06-26 14:13:34.969129,599617848946671545,-83.00
2025-06-26 14:13:34.969129,599617848946671545,-80.00
2025-06-26 14:13:34.969129,599617848946671545,-80.00
2025-06-26 14:13:34.969129,599617848946671545,-80.00
2025-06-26 14:13:34.969129,599617848946671545,-78.00
2025-06-26 14:13:34.969129,599617848946671545,-78.00
2025-06-26 14:13:34.969129,599617848946671545,-78.00
2025-06-26 14:13:34.969129,599617848946671545,-78.00
2025-06-26 14:13:34.969129,599617848946671545,-75.00
2025-06-26 14:13:34.969129,599617848946671545,-73.00
2025-06-26 14:13:34.969129,599617848946671545,-73.00
2025-06-26 14:13:34.969129,599617848946671545,-75.00
2025-06-26 14:13:34.969129,599617848946671545,-78.00
2025-06-26 14:13:34.969129,599617848946671545,-75.00
2025-06-26 14:13:34.969129,599617848946671545,-71.00
2025-06-26 14:13:34.969129,599617848946671545,-71.00
2025-06-26 14:13:34.969129,599617848946671545,-73.00
2025-06-26 14:13:34.969129,599617848946671545,-68.00
2025-06-26 14:13:34.969129,599617848946671545,-66.00
2025-06-26 14:13:34.969129,599617848946671545,-66.00
2025-06-26 14:13:35.509002,599617849507348242,-66.00
2025-06-26 14:13:35.509002,599617849507348242,-61.00
2025-06-26 14:13:35.509002,599617849507348242,-63.00
2025-06-26 14:13:35.509002,599617849507348242,-61.00
2025-06-26 14:13:35.509002,599617849507348242,-58.00
2025-06-26 14:13:35.509002,599617849507348242,-61.00
2025-06-26 14:13:35.509002,599617849507348242,-61.00
2025-06-26 14:13:35.509002,599617849507348242,-56.00
2025-06-26 14:13:35.509002,599617849507348242,-56.00
2025-06-26 14:13:35.509002,599617849507348242,-56.00
2025-06-26 14:13:35.509002,599617849507348242,-56.00
2025-06-26 14:13:35.509002,599617849507348242,-56.00
2025-06-26 14:13:35.509002,599617849507348242,-53.00
2025-06-26 14:13:35.509002,599617849507348242,-51.00
2025-06-26 14:13:35.509002,599617849507348242,-48.00
2025-06-26 14:13:35.509002,599617849507348242,-48.00
2025-06-26 14:13:35.509002,599617849507348242,-51.00
2025-06-26 14:13:35.509002,599617849507348242,-56.00
2025-06-26 14:13:35.509002,599617849507348242,-56.00
2025-06-26 14:13:35.509002,599617849507348242,-48.00
2025-06-26 14:13:35.509002,599617849507348242,-36.00
2025-06-26 14:13:35.509002,599617849507348242,-14.00
2025-06-26 14:13:35.509002,599617849507348242,-7.00
2025-06-26 14:13:35.509002,599617849507348242,-26.00
2025-06-26 14:13:35.509002,599617849507348242,-36.00
2025-06-26 14:13:35.509002,599617849507348242,-31.00
2025-06-26 14:13:35.509002,599617849507348242,-41.00
2025-06-26 14:13:35.509002,599617849507348242,-48.00
2025-06-26 14:13:35.509002,599617849507348242,-51.00
2025-06-26 14:13:35.509002,599617849507348242,-53.00
2025-06-26 14:13:35.509002,599617849507348242,-53.00
2025-06-26 14:13:35.509002,599617849507348242,-51.00
2025-06-26 14:13:35.509002,599617849507348242,-53.00
2025-06-26 14:13:35.509002,599617849507348242,-58.00
2025-06-26 14:13:35.509002,599617849507348242,-12.00
2025-06-26 14:13:35.509002,599617849507348242,144.00
2025-06-26 14:13:35.509002,599617849507348242,396.00
2025-06-26 14:13:35.509002,599617849507348242,619.00
2025-06-26 14:13:35.509002,599617849507348242,597.00
2025-06-26 14:13:35.509002,599617849507348242,208.00
2025-06-26 14:13:35.509002,599617849507348242,-208.00
2025-06-26 14:13:35.509002,599617849507348242,-208.00
2025-06-26 14:13:35.509002,599617849507348242,-31.00
2025-06-26 14:13:35.509002,599617849507348242,-61.00
2025-06-26 14:13:35.509002,599617849507348242,-122.00
2025-06-26 14:13:35.509002,599617849507348242,-80.00
2025-06-26 14:13:35.509002,599617849507348242,-66.00
2025-06-26 14:13:35.509002,599617849507348242,-83.00
2025-06-26 14:13:35.509002,599617849507348242,-68.00
2025-06-26 14:13:35.509002,599617849507348242,-51.00
2025-06-26 14:13:35.509002,599617849507348242,-51.00
2025-06-26 14:13:35.509002,599617849507348242,-44.00
2025-06-26 14:13:35.509002,599617849507348242,-29.00
2025-06-26 14:13:35.509002,599617849507348242,-24.00
2025-06-26 14:13:35.509002,599617849507348242,-17.00
2025-06-26 14:13:35.509002,599617849507348242,-4.00
2025-06-26 14:13:35.509002,599617849507348242,2.00
2025-06-26 14:13:35.509002,599617849507348242,9.00
2025-06-26 14:13:35.509002,599617849507348242,22.00
2025-06-26 14:13:35.509002,599617849507348242,34.00
2025-06-26 14:13:35.509002,599617849507348242,46.00
2025-06-26 14:13:35.509002,599617849507348242,61.00
2025-06-26 14:13:35.509002,599617849507348242,75.00
2025-06-26 14:13:35.509002,599617849507348242,88.00
2025-06-26 14:13:35.509002,599617849507348242,100.00
2025-06-26 14:13:35.509002,599617849507348242,107.00
2025-06-26 14:13:35.509002,599617849507348242,110.00
2025-06-26 14:13:35.509002,599617849507348242,112.00
2025-06-26 14:13:35.509002,599617849507348242,105.00
2025-06-26 14:13:35.509002,599617849507348242,80.00
2025-06-26 14:13:35.509002,599617849507348242,39.00
2025-06-26 14:13:35.509002,599617849507348242,-9.00
2025-06-26 14:13:35.509002,599617849507348242,-53.00
2025-06-26 14:13:36.049905,599617850068004591,-88.00
2025-06-26 14:13:36.049905,599617850068004591,-115.00
2025-06-26 14:13:36.049905,599617850068004591,-132.00
2025-06-26 14:13:36.049905,599617850068004591,-137.00
2025-06-26 14:13:36.049905,599617850068004591,-137.00
2025-06-26 14:13:36.049905,599617850068004591,-137.00
2025-06-26 14:13:36.049905,599617850068004591,-134.00
2025-06-26 14:13:36.049905,599617850068004591,-129.00
2025-06-26 14:13:36.049905,599617850068004591,-124.00
2025-06-26 14:13:36.049905,599617850068004591,-122.00
2025-06-26 14:13:36.049905,599617850068004591,-117.00
2025-06-26 14:13:36.049905,599617850068004591,-112.00
2025-06-26 14:13:36.049905,599617850068004591,-105.00
2025-06-26 14:13:36.049905,599617850068004591,-100.00
2025-06-26 14:13:36.049905,599617850068004591,-95.00
2025-06-26 14:13:36.049905,599617850068004591,-90.00
2025-06-26 14:13:36.049905,599617850068004591,-88.00
2025-06-26 14:13:36.049905,599617850068004591,-85.00
2025-06-26 14:13:36.049905,599617850068004591,-80.00
2025-06-26 14:13:36.049905,599617850068004591,-78.00
2025-06-26 14:13:36.049905,599617850068004591,-75.00
2025-06-26 14:13:36.049905,599617850068004591,-75.00
2025-06-26 14:13:36.049905,599617850068004591,-75.00
2025-06-26 14:13:36.049905,599617850068004591,-73.00
2025-06-26 14:13:36.049905,599617850068004591,-73.00
2025-06-26 14:13:36.049905,599617850068004591,-73.00
2025-06-26 14:13:36.049905,599617850068004591,-73.00
2025-06-26 14:13:36.049905,599617850068004591,-73.00
2025-06-26 14:13:36.049905,599617850068004591,-73.00
2025-06-26 14:13:36.049905,599617850068004591,-73.00
2025-06-26 14:13:36.049905,599617850068004591,-71.00
2025-06-26 14:13:36.049905,599617850068004591,-71.00
2025-06-26 14:13:36.049905,599617850068004591,-71.00
2025-06-26 14:13:36.049905,599617850068004591,-71.00
2025-06-26 14:13:36.049905,599617850068004591,-68.00
2025-06-26 14:13:36.049905,599617850068004591,-68.00
2025-06-26 14:13:36.049905,599617850068004591,-68.00
2025-06-26 14:13:36.049905,599617850068004591,-68.00
2025-06-26 14:13:36.049905,599617850068004591,-66.00
2025-06-26 14:13:36.049905,599617850068004591,-66.00
2025-06-26 14:13:36.049905,599617850068004591,-66.00
2025-06-26 14:13:36.049905,599617850068004591,-66.00
2025-06-26 14:13:36.049905,599617850068004591,-63.00
2025-06-26 14:13:36.049905,599617850068004591,-61.00
2025-06-26 14:13:36.049905,599617850068004591,-61.00
2025-06-26 14:13:36.049905,599617850068004591,-66.00
2025-06-26 14:13:36.049905,599617850068004591,-66.00
2025-06-26 14:13:36.049905,599617850068004591,-63.00
2025-06-26 14:13:36.049905,599617850068004591,-63.00
2025-06-26 14:13:36.049905,599617850068004591,-63.00
2025-06-26 14:13:36.049905,599617850068004591,-61.00
2025-06-26 14:13:36.049905,599617850068004591,-61.00
2025-06-26 14:13:36.049905,599617850068004591,-66.00
2025-06-26 14:13:36.049905,599617850068004591,-68.00
2025-06-26 14:13:36.049905,599617850068004591,-61.00
2025-06-26 14:13:36.049905,599617850068004591,-46.00
2025-06-26 14:13:36.049905,599617850068004591,-24.00
2025-06-26 14:13:36.049905,599617850068004591,-17.00
2025-06-26 14:13:36.049905,599617850068004591,-36.00
2025-06-26 14:13:36.049905,599617850068004591,-46.00
2025-06-26 14:13:36.049905,599617850068004591,-41.00
2025-06-26 14:13:36.049905,599617850068004591,-48.00
2025-06-26 14:13:36.049905,599617850068004591,-63.00
2025-06-26 14:13:36.049905,599617850068004591,-66.00
2025-06-26 14:13:36.049905,599617850068004591,-66.00
2025-06-26 14:13:36.049905,599617850068004591,-68.00
2025-06-26 14:13:36.049905,599617850068004591,-66.00
2025-06-26 14:13:36.049905,599617850068004591,-66.00
2025-06-26 14:13:36.049905,599617850068004591,-75.00
2025-06-26 14:13:36.049905,599617850068004591,-66.00
2025-06-26 14:13:36.049905,599617850068004591,36.00
2025-06-26 14:13:36.049905,599617850068004591,267.00
2025-06-26 14:13:36.049905,599617850068004591,543.00
2025-06-26 14:13:36.617022,599617850628671114,658.00
2025-06-26 14:13:36.617022,599617850628671114,384.00
2025-06-26 14:13:36.617022,599617850628671114,-110.00
2025-06-26 14:13:36.617022,599617850628671114,-279.00
2025-06-26 14:13:36.617022,599617850628671114,-90.00
2025-06-26 14:13:36.617022,599617850628671114,-41.00
2025-06-26 14:13:36.617022,599617850628671114,-139.00
2025-06-26 14:13:36.617022,599617850628671114,-120.00
2025-06-26 14:13:36.617022,599617850628671114,-80.00
2025-06-26 14:13:36.617022,599617850628671114,-100.00
2025-06-26 14:13:36.617022,599617850628671114,-97.00
2025-06-26 14:13:36.617022,599617850628671114,-73.00
2025-06-26 14:13:36.617022,599617850628671114,-68.00
2025-06-26 14:13:36.617022,599617850628671114,-66.00
2025-06-26 14:13:36.617022,599617850628671114,-53.00
2025-06-26 14:13:36.617022,599617850628671114,-44.00
2025-06-26 14:13:36.617022,599617850628671114,-39.00
2025-06-26 14:13:36.617022,599617850628671114,-29.00
2025-06-26 14:13:36.617022,599617850628671114,-19.00
2025-06-26 14:13:36.617022,599617850628671114,-9.00
2025-06-26 14:13:36.617022,599617850628671114,2.00
2025-06-26 14:13:36.617022,599617850628671114,17.00
2025-06-26 14:13:36.617022,599617850628671114,29.00
2025-06-26 14:13:36.617022,599617850628671114,39.00
2025-06-26 14:13:36.617022,599617850628671114,51.00
2025-06-26 14:13:36.617022,599617850628671114,68.00
2025-06-26 14:13:36.617022,599617850628671114,80.00
2025-06-26 14:13:36.617022,599617850628671114,88.00
2025-06-26 14:13:36.617022,599617850628671114,95.00
2025-06-26 14:13:36.617022,599617850628671114,97.00
2025-06-26 14:13:36.617022,599617850628671114,90.00
2025-06-26 14:13:36.617022,599617850628671114,73.00
2025-06-26 14:13:36.617022,599617850628671114,39.00
2025-06-26 14:13:36.617022,599617850628671114,-7.00
2025-06-26 14:13:36.617022,599617850628671114,-53.00
2025-06-26 14:13:36.617022,599617850628671114,-90.00
2025-06-26 14:13:36.617022,599617850628671114,-120.00
2025-06-26 14:13:36.617022,599617850628671114,-139.00
2025-06-26 14:13:36.617022,599617850628671114,-151.00
2025-06-26 14:13:36.617022,599617850628671114,-154.00
2025-06-26 14:13:36.617022,599617850628671114,-154.00
2025-06-26 14:13:36.617022,599617850628671114,-149.00
2025-06-26 14:13:36.617022,599617850628671114,-146.00
2025-06-26 14:13:36.617022,599617850628671114,-144.00
2025-06-26 14:13:36.617022,599617850628671114,-142.00
2025-06-26 14:13:36.617022,599617850628671114,-137.00
2025-06-26 14:13:36.617022,599617850628671114,-132.00
2025-06-26 14:13:36.617022,599617850628671114,-127.00
2025-06-26 14:13:36.617022,599617850628671114,-122.00
2025-06-26 14:13:36.617022,599617850628671114,-117.00
2025-06-26 14:13:36.617022,599617850628671114,-112.00
2025-06-26 14:13:36.617022,599617850628671114,-110.00
2025-06-26 14:13:36.617022,599617850628671114,-105.00
2025-06-26 14:13:36.617022,599617850628671114,-100.00
2025-06-26 14:13:36.617022,599617850628671114,-97.00
2025-06-26 14:13:36.617022,599617850628671114,-95.00
2025-06-26 14:13:36.617022,599617850628671114,-95.00
2025-06-26 14:13:36.617022,599617850628671114,-93.00
2025-06-26 14:13:36.617022,599617850628671114,-93.00
2025-06-26 14:13:36.617022,599617850628671114,-93.00
2025-06-26 14:13:36.617022,599617850628671114,-90.00
2025-06-26 14:13:36.617022,599617850628671114,-90.00
2025-06-26 14:13:36.617022,599617850628671114,-88.00
2025-06-26 14:13:36.617022,599617850628671114,-88.00
2025-06-26 14:13:36.617022,599617850628671114,-88.00
2025-06-26 14:13:36.617022,599617850628671114,-88.00
2025-06-26 14:13:36.617022,599617850628671114,-88.00
2025-06-26 14:13:36.617022,599617850628671114,-88.00
2025-06-26 14:13:36.617022,599617850628671114,-88.00
2025-06-26 14:13:36.617022,599617850628671114,-88.00
2025-06-26 14:13:36.617022,599617850628671114,-85.00
2025-06-26 14:13:36.617022,599617850628671114,-83.00
2025-06-26 14:13:36.617022,599617850628671114,-80.00
2025-06-26 14:13:37.306686,599617851189368157,-83.00
2025-06-26 14:13:37.306686,599617851189368157,-80.00
2025-06-26 14:13:37.306686,599617851189368157,-80.00
2025-06-26 14:13:37.306686,599617851189368157,-78.00
2025-06-26 14:13:37.306686,599617851189368157,-75.00
2025-06-26 14:13:37.306686,599617851189368157,-71.00
2025-06-26 14:13:37.306686,599617851189368157,-68.00
2025-06-26 14:13:37.306686,599617851189368157,-71.00
2025-06-26 14:13:37.306686,599617851189368157,-71.00
2025-06-26 14:13:37.306686,599617851189368157,-68.00
2025-06-26 14:13:37.306686,599617851189368157,-66.00
2025-06-26 14:13:37.306686,599617851189368157,-68.00
2025-06-26 14:13:37.306686,599617851189368157,-68.00
2025-06-26 14:13:37.306686,599617851189368157,-63.00
2025-06-26 14:13:37.306686,599617851189368157,-63.00
2025-06-26 14:13:37.306686,599617851189368157,-63.00
2025-06-26 14:13:37.306686,599617851189368157,-63.00
2025-06-26 14:13:37.306686,599617851189368157,-61.00
2025-06-26 14:13:37.306686,599617851189368157,-63.00
2025-06-26 14:13:37.306686,599617851189368157,-66.00
2025-06-26 14:13:37.306686,599617851189368157,-66.00
2025-06-26 14:13:37.306686,599617851189368157,-66.00
2025-06-26 14:13:37.306686,599617851189368157,-53.00
2025-06-26 14:13:37.306686,599617851189368157,-31.00
2025-06-26 14:13:37.306686,599617851189368157,-19.00
2025-06-26 14:13:37.306686,599617851189368157,-31.00
2025-06-26 14:13:37.306686,599617851189368157,-46.00
2025-06-26 14:13:37.306686,599617851189368157,-46.00
2025-06-26 14:13:37.306686,599617851189368157,-51.00
2025-06-26 14:13:37.306686,599617851189368157,-61.00
2025-06-26 14:13:37.306686,599617851189368157,-66.00
2025-06-26 14:13:37.306686,599617851189368157,-68.00
2025-06-26 14:13:37.306686,599617851189368157,-68.00
2025-06-26 14:13:37.306686,599617851189368157,-66.00
2025-06-26 14:13:37.306686,599617851189368157,-66.00
2025-06-26 14:13:37.306686,599617851189368157,-71.00
2025-06-26 14:13:37.306686,599617851189368157,-73.00
2025-06-26 14:13:37.306686,599617851189368157,-4.00
2025-06-26 14:13:37.306686,599617851189368157,183.00
2025-06-26 14:13:37.306686,599617851189368157,450.00
2025-06-26 14:13:37.306686,599617851189368157,634.00
2025-06-26 14:13:37.306686,599617851189368157,499.00
2025-06-26 14:13:37.306686,599617851189368157,31.00
2025-06-26 14:13:37.306686,599617851189368157,-279.00
2025-06-26 14:13:37.306686,599617851189368157,-144.00
2025-06-26 14:13:37.306686,599617851189368157,-19.00
2025-06-26 14:13:37.306686,599617851189368157,-115.00
2025-06-26 14:13:37.306686,599617851189368157,-134.00
2025-06-26 14:13:37.306686,599617851189368157,-80.00
2025-06-26 14:13:37.306686,599617851189368157,-93.00
2025-06-26 14:13:37.306686,599617851189368157,-102.00
2025-06-26 14:13:37.306686,599617851189368157,-78.00
2025-06-26 14:13:37.306686,599617851189368157,-71.00
2025-06-26 14:13:37.306686,599617851189368157,-71.00
2025-06-26 14:13:37.306686,599617851189368157,-58.00
2025-06-26 14:13:37.306686,599617851189368157,-51.00
2025-06-26 14:13:37.306686,599617851189368157,-44.00
2025-06-26 14:13:37.306686,599617851189368157,-34.00
2025-06-26 14:13:37.306686,599617851189368157,-26.00
2025-06-26 14:13:37.306686,599617851189368157,-19.00
2025-06-26 14:13:37.306686,599617851189368157,-7.00
2025-06-26 14:13:37.306686,599617851189368157,4.00
2025-06-26 14:13:37.306686,599617851189368157,14.00
2025-06-26 14:13:37.306686,599617851189368157,26.00
2025-06-26 14:13:37.306686,599617851189368157,41.00
2025-06-26 14:13:37.306686,599617851189368157,53.00
2025-06-26 14:13:37.306686,599617851189368157,63.00
2025-06-26 14:13:37.306686,599617851189368157,73.00
2025-06-26 14:13:37.306686,599617851189368157,78.00
2025-06-26 14:13:37.306686,599617851189368157,85.00
2025-06-26 14:13:37.306686,599617851189368157,83.00
2025-06-26 14:13:37.306686,599617851189368157,73.00
2025-06-26 14:13:37.306686,599617851189368157,51.00
2025-06-26 14:13:37.757782,599617851750034680,14.00
2025-06-26 14:13:37.757782,599617851750034680,-29.00
2025-06-26 14:13:37.757782,599617851750034680,-71.00
2025-06-26 14:13:37.757782,599617851750034680,-102.00
2025-06-26 14:13:37.757782,599617851750034680,-124.00
2025-06-26 14:13:37.757782,599617851750034680,-142.00
2025-06-26 14:13:37.757782,599617851750034680,-149.00
2025-06-26 14:13:37.757782,599617851750034680,-149.00
2025-06-26 14:13:37.757782,599617851750034680,-149.00
2025-06-26 14:13:37.757782,599617851750034680,-146.00
2025-06-26 14:13:37.757782,599617851750034680,-144.00
2025-06-26 14:13:37.757782,599617851750034680,-139.00
2025-06-26 14:13:37.757782,599617851750034680,-134.00
2025-06-26 14:13:37.757782,599617851750034680,-132.00
2025-06-26 14:13:37.757782,599617851750034680,-124.00
2025-06-26 14:13:37.757782,599617851750034680,-115.00
2025-06-26 14:13:37.757782,599617851750034680,-110.00
2025-06-26 14:13:37.757782,599617851750034680,-107.00
2025-06-26 14:13:37.757782,599617851750034680,-105.00
2025-06-26 14:13:37.757782,599617851750034680,-100.00
2025-06-26 14:13:37.757782,599617851750034680,-97.00
2025-06-26 14:13:37.757782,599617851750034680,-93.00
2025-06-26 14:13:37.757782,599617851750034680,-90.00
2025-06-26 14:13:37.757782,599617851750034680,-85.00
2025-06-26 14:13:37.757782,599617851750034680,-85.00
2025-06-26 14:13:37.757782,599617851750034680,-85.00
2025-06-26 14:13:37.757782,599617851750034680,-83.00
2025-06-26 14:13:37.757782,599617851750034680,-80.00
2025-06-26 14:13:37.757782,599617851750034680,-80.00
2025-06-26 14:13:37.757782,599617851750034680,-83.00
2025-06-26 14:13:37.757782,599617851750034680,-83.00
2025-06-26 14:13:37.757782,599617851750034680,-80.00
2025-06-26 14:13:37.757782,599617851750034680,-80.00
2025-06-26 14:13:37.757782,599617851750034680,-78.00
2025-06-26 14:13:37.757782,599617851750034680,-78.00
2025-06-26 14:13:37.757782,599617851750034680,-78.00
2025-06-26 14:13:37.757782,599617851750034680,-78.00
2025-06-26 14:13:37.757782,599617851750034680,-78.00
2025-06-26 14:13:37.757782,599617851750034680,-75.00
2025-06-26 14:13:37.757782,599617851750034680,-73.00
2025-06-26 14:13:37.757782,599617851750034680,-73.00
2025-06-26 14:13:37.757782,599617851750034680,-73.00
2025-06-26 14:13:37.757782,599617851750034680,-71.00
2025-06-26 14:13:37.757782,599617851750034680,-68.00
2025-06-26 14:13:37.757782,599617851750034680,-71.00
2025-06-26 14:13:37.757782,599617851750034680,-68.00
2025-06-26 14:13:37.757782,599617851750034680,-68.00
2025-06-26 14:13:37.757782,599617851750034680,-68.00
2025-06-26 14:13:37.757782,599617851750034680,-68.00
2025-06-26 14:13:37.757782,599617851750034680,-66.00
2025-06-26 14:13:37.757782,599617851750034680,-66.00
2025-06-26 14:13:37.757782,599617851750034680,-68.00
2025-06-26 14:13:37.757782,599617851750034680,-68.00
2025-06-26 14:13:37.757782,599617851750034680,-66.00
2025-06-26 14:13:37.757782,599617851750034680,-66.00
2025-06-26 14:13:37.757782,599617851750034680,-66.00
2025-06-26 14:13:37.757782,599617851750034680,-66.00
2025-06-26 14:13:37.757782,599617851750034680,-63.00
2025-06-26 14:13:37.757782,599617851750034680,-63.00
2025-06-26 14:13:37.757782,599617851750034680,-63.00
2025-06-26 14:13:37.757782,599617851750034680,-63.00
2025-06-26 14:13:37.757782,599617851750034680,-66.00
2025-06-26 14:13:37.757782,599617851750034680,-68.00
2025-06-26 14:13:37.757782,599617851750034680,-58.00
2025-06-26 14:13:37.757782,599617851750034680,-39.00
2025-06-26 14:13:37.757782,599617851750034680,-19.00
2025-06-26 14:13:37.757782,599617851750034680,-22.00
2025-06-26 14:13:37.757782,599617851750034680,-39.00
2025-06-26 14:13:37.757782,599617851750034680,-46.00
2025-06-26 14:13:37.757782,599617851750034680,-46.00
2025-06-26 14:13:37.757782,599617851750034680,-56.00
2025-06-26 14:13:37.757782,599617851750034680,-63.00
2025-06-26 14:13:37.757782,599617851750034680,-66.00
2025-06-26 14:13:38.418344,599617852310701203,-66.00
2025-06-26 14:13:38.418344,599617852310701203,-63.00
2025-06-26 14:13:38.418344,599617852310701203,-66.00
2025-06-26 14:13:38.418344,599617852310701203,-68.00
2025-06-26 14:13:38.418344,599617852310701203,-71.00
2025-06-26 14:13:38.418344,599617852310701203,-29.00
2025-06-26 14:13:38.418344,599617852310701203,124.00
2025-06-26 14:13:38.418344,599617852310701203,379.00
2025-06-26 14:13:38.418344,599617852310701203,605.00
2025-06-26 14:13:38.418344,599617852310701203,573.00
2025-06-26 14:13:38.418344,599617852310701203,166.00
2025-06-26 14:13:38.418344,599617852310701203,-237.00
2025-06-26 14:13:38.418344,599617852310701203,-203.00
2025-06-26 14:13:38.418344,599617852310701203,-31.00
2025-06-26 14:13:38.418344,599617852310701203,-80.00
2025-06-26 14:13:38.418344,599617852310701203,-134.00
2025-06-26 14:13:38.418344,599617852310701203,-88.00
2025-06-26 14:13:38.418344,599617852310701203,-83.00
2025-06-26 14:13:38.418344,599617852310701203,-102.00
2025-06-26 14:13:38.418344,599617852310701203,-83.00
2025-06-26 14:13:38.418344,599617852310701203,-68.00
2025-06-26 14:13:38.418344,599617852310701203,-68.00
2025-06-26 14:13:38.418344,599617852310701203,-58.00
2025-06-26 14:13:38.418344,599617852310701203,-44.00
2025-06-26 14:13:38.418344,599617852310701203,-39.00
2025-06-26 14:13:38.418344,599617852310701203,-34.00
2025-06-26 14:13:38.418344,599617852310701203,-22.00
2025-06-26 14:13:38.418344,599617852310701203,-12.00
2025-06-26 14:13:38.418344,599617852310701203,-7.00
2025-06-26 14:13:38.418344,599617852310701203,2.00
2025-06-26 14:13:38.418344,599617852310701203,19.00
2025-06-26 14:13:38.418344,599617852310701203,29.00
2025-06-26 14:13:38.418344,599617852310701203,39.00
2025-06-26 14:13:38.418344,599617852310701203,51.00
2025-06-26 14:13:38.418344,599617852310701203,63.00
2025-06-26 14:13:38.418344,599617852310701203,73.00
2025-06-26 14:13:38.418344,599617852310701203,78.00
2025-06-26 14:13:38.418344,599617852310701203,88.00
2025-06-26 14:13:38.418344,599617852310701203,88.00
2025-06-26 14:13:38.418344,599617852310701203,80.00
2025-06-26 14:13:38.418344,599617852310701203,58.00
2025-06-26 14:13:38.418344,599617852310701203,24.00
2025-06-26 14:13:38.418344,599617852310701203,-19.00
2025-06-26 14:13:38.418344,599617852310701203,-61.00
2025-06-26 14:13:38.418344,599617852310701203,-93.00
2025-06-26 14:13:38.418344,599617852310701203,-122.00
2025-06-26 14:13:38.418344,599617852310701203,-139.00
2025-06-26 14:13:38.418344,599617852310701203,-149.00
2025-06-26 14:13:38.418344,599617852310701203,-151.00
2025-06-26 14:13:38.418344,599617852310701203,-151.00
2025-06-26 14:13:38.418344,599617852310701203,-146.00
2025-06-26 14:13:38.418344,599617852310701203,-146.00
2025-06-26 14:13:38.418344,599617852310701203,-144.00
2025-06-26 14:13:38.418344,599617852310701203,-139.00
2025-06-26 14:13:38.418344,599617852310701203,-129.00
2025-06-26 14:13:38.418344,599617852310701203,-122.00
2025-06-26 14:13:38.418344,599617852310701203,-120.00
2025-06-26 14:13:38.418344,599617852310701203,-115.00
2025-06-26 14:13:38.418344,599617852310701203,-105.00
2025-06-26 14:13:38.418344,599617852310701203,-100.00
2025-06-26 14:13:38.418344,599617852310701203,-97.00
2025-06-26 14:13:38.418344,599617852310701203,-95.00
2025-06-26 14:13:38.418344,599617852310701203,-90.00
2025-06-26 14:13:38.418344,599617852310701203,-90.00
2025-06-26 14:13:38.418344,599617852310701203,-88.00
2025-06-26 14:13:38.418344,599617852310701203,-83.00
2025-06-26 14:13:38.418344,599617852310701203,-80.00
2025-06-26 14:13:38.418344,599617852310701203,-80.00
2025-06-26 14:13:38.418344,599617852310701203,-80.00
2025-06-26 14:13:38.418344,599617852310701203,-75.00
2025-06-26 14:13:38.418344,599617852310701203,-75.00
2025-06-26 14:13:38.418344,599617852310701203,-78.00
2025-06-26 14:13:38.418344,599617852310701203,-78.00
2025-06-26 14:13:38.896399,599617852871398244,-75.00
2025-06-26 14:13:38.896399,599617852871398244,-73.00
2025-06-26 14:13:38.896399,599617852871398244,-73.00
2025-06-26 14:13:38.896399,599617852871398244,-71.00
2025-06-26 14:13:38.896399,599617852871398244,-71.00
2025-06-26 14:13:38.896399,599617852871398244,-71.00
2025-06-26 14:13:38.896399,599617852871398244,-68.00
2025-06-26 14:13:38.896399,599617852871398244,-66.00
2025-06-26 14:13:38.896399,599617852871398244,-66.00
2025-06-26 14:13:38.896399,599617852871398244,-66.00
2025-06-26 14:13:38.896399,599617852871398244,-61.00
2025-06-26 14:13:38.896399,599617852871398244,-61.00
2025-06-26 14:13:38.896399,599617852871398244,-58.00
2025-06-26 14:13:38.896399,599617852871398244,-58.00
2025-06-26 14:13:38.896399,599617852871398244,-56.00
2025-06-26 14:13:38.896399,599617852871398244,-56.00
2025-06-26 14:13:38.896399,599617852871398244,-58.00
2025-06-26 14:13:38.896399,599617852871398244,-56.00
2025-06-26 14:13:38.896399,599617852871398244,-53.00
2025-06-26 14:13:38.896399,599617852871398244,-53.00
2025-06-26 14:13:38.896399,599617852871398244,-53.00
2025-06-26 14:13:38.896399,599617852871398244,-53.00
2025-06-26 14:13:38.896399,599617852871398244,-56.00
2025-06-26 14:13:38.896399,599617852871398244,-48.00
2025-06-26 14:13:38.896399,599617852871398244,-26.00
2025-06-26 14:13:38.896399,599617852871398244,-4.00
2025-06-26 14:13:38.896399,599617852871398244,-9.00
2025-06-26 14:13:38.896399,599617852871398244,-29.00
2025-06-26 14:13:38.896399,599617852871398244,-34.00
2025-06-26 14:13:38.896399,599617852871398244,-31.00
2025-06-26 14:13:38.896399,599617852871398244,-41.00
2025-06-26 14:13:38.896399,599617852871398244,-51.00
2025-06-26 14:13:38.896399,599617852871398244,-51.00
2025-06-26 14:13:38.896399,599617852871398244,-53.00
2025-06-26 14:13:38.896399,599617852871398244,-56.00
2025-06-26 14:13:38.896399,599617852871398244,-51.00
2025-06-26 14:13:38.896399,599617852871398244,-48.00
2025-06-26 14:13:38.896399,599617852871398244,-56.00
2025-06-26 14:13:38.896399,599617852871398244,-19.00
2025-06-26 14:13:38.896399,599617852871398244,132.00
2025-06-26 14:13:38.896399,599617852871398244,387.00
2025-06-26 14:13:38.896399,599617852871398244,617.00
2025-06-26 14:13:38.896399,599617852871398244,605.00
2025-06-26 14:13:38.896399,599617852871398244,222.00
2025-06-26 14:13:38.896399,599617852871398244,-200.00
2025-06-26 14:13:38.896399,599617852871398244,-213.00
2025-06-26 14:13:38.896399,599617852871398244,-36.00
2025-06-26 14:13:38.896399,599617852871398244,-56.00
2025-06-26 14:13:38.896399,599617852871398244,-117.00
2025-06-26 14:13:38.896399,599617852871398244,-80.00
2025-06-26 14:13:38.896399,599617852871398244,-63.00
2025-06-26 14:13:38.896399,599617852871398244,-78.00
2025-06-26 14:13:38.896399,599617852871398244,-66.00
2025-06-26 14:13:38.896399,599617852871398244,-51.00
2025-06-26 14:13:38.896399,599617852871398244,-51.00
2025-06-26 14:13:38.896399,599617852871398244,-41.00
2025-06-26 14:13:38.896399,599617852871398244,-31.00
2025-06-26 14:13:38.896399,599617852871398244,-24.00
2025-06-26 14:13:38.896399,599617852871398244,-19.00
2025-06-26 14:13:38.896399,599617852871398244,-9.00
2025-06-26 14:13:38.896399,599617852871398244,0.00
2025-06-26 14:13:38.896399,599617852871398244,7.00
2025-06-26 14:13:38.896399,599617852871398244,17.00
2025-06-26 14:13:38.896399,599617852871398244,29.00
2025-06-26 14:13:38.896399,599617852871398244,44.00
2025-06-26 14:13:38.896399,599617852871398244,56.00
2025-06-26 14:13:38.896399,599617852871398244,68.00
2025-06-26 14:13:38.896399,599617852871398244,80.00
2025-06-26 14:13:38.896399,599617852871398244,88.00
2025-06-26 14:13:38.896399,599617852871398244,95.00
2025-06-26 14:13:38.896399,599617852871398244,102.00
2025-06-26 14:13:38.896399,599617852871398244,100.00
2025-06-26 14:13:38.896399,599617852871398244,90.00
2025-06-26 14:13:39.528039,599617853432064767,66.00
2025-06-26 14:13:39.528039,599617853432064767,29.00
2025-06-26 14:13:39.528039,599617853432064767,-17.00
2025-06-26 14:13:39.528039,599617853432064767,-63.00
2025-06-26 14:13:39.528039,599617853432064767,-100.00
2025-06-26 14:13:39.528039,599617853432064767,-127.00
2025-06-26 14:13:39.528039,599617853432064767,-139.00
2025-06-26 14:13:39.528039,599617853432064767,-146.00
2025-06-26 14:13:39.528039,599617853432064767,-149.00
2025-06-26 14:13:39.528039,599617853432064767,-146.00
2025-06-26 14:13:39.528039,599617853432064767,-142.00
2025-06-26 14:13:39.528039,599617853432064767,-139.00
2025-06-26 14:13:39.528039,599617853432064767,-139.00
2025-06-26 14:13:39.528039,599617853432064767,-134.00
2025-06-26 14:13:39.528039,599617853432064767,-127.00
2025-06-26 14:13:39.528039,599617853432064767,-122.00
2025-06-26 14:13:39.528039,599617853432064767,-115.00
2025-06-26 14:13:39.528039,599617853432064767,-112.00
2025-06-26 14:13:39.528039,599617853432064767,-107.00
2025-06-26 14:13:39.528039,599617853432064767,-102.00
2025-06-26 14:13:39.528039,599617853432064767,-100.00
2025-06-26 14:13:39.528039,599617853432064767,-97.00
2025-06-26 14:13:39.528039,599617853432064767,-93.00
2025-06-26 14:13:39.528039,599617853432064767,-88.00
2025-06-26 14:13:39.528039,599617853432064767,-88.00
2025-06-26 14:13:39.528039,599617853432064767,-85.00
2025-06-26 14:13:39.528039,599617853432064767,-83.00
2025-06-26 14:13:39.528039,599617853432064767,-83.00
2025-06-26 14:13:39.528039,599617853432064767,-83.00
2025-06-26 14:13:39.528039,599617853432064767,-80.00
2025-06-26 14:13:39.528039,599617853432064767,-80.00
2025-06-26 14:13:39.528039,599617853432064767,-80.00
2025-06-26 14:13:39.528039,599617853432064767,-80.00
2025-06-26 14:13:39.528039,599617853432064767,-80.00
2025-06-26 14:13:39.528039,599617853432064767,-80.00
2025-06-26 14:13:39.528039,599617853432064767,-78.00
2025-06-26 14:13:39.528039,599617853432064767,-78.00
2025-06-26 14:13:39.528039,599617853432064767,-78.00
2025-06-26 14:13:39.528039,599617853432064767,-75.00
2025-06-26 14:13:39.528039,599617853432064767,-73.00
2025-06-26 14:13:39.528039,599617853432064767,-73.00
2025-06-26 14:13:39.528039,599617853432064767,-71.00
2025-06-26 14:13:39.528039,599617853432064767,-68.00
2025-06-26 14:13:39.528039,599617853432064767,-68.00
2025-06-26 14:13:39.528039,599617853432064767,-68.00
2025-06-26 14:13:39.528039,599617853432064767,-66.00
2025-06-26 14:13:39.528039,599617853432064767,-66.00
2025-06-26 14:13:39.528039,599617853432064767,-63.00
2025-06-26 14:13:39.528039,599617853432064767,-63.00
2025-06-26 14:13:39.528039,599617853432064767,-63.00
2025-06-26 14:13:39.528039,599617853432064767,-63.00
2025-06-26 14:13:39.528039,599617853432064767,-63.00
2025-06-26 14:13:39.528039,599617853432064767,-63.00
2025-06-26 14:13:39.528039,599617853432064767,-61.00
2025-06-26 14:13:39.528039,599617853432064767,-61.00
2025-06-26 14:13:39.528039,599617853432064767,-61.00
2025-06-26 14:13:39.528039,599617853432064767,-58.00
2025-06-26 14:13:39.528039,599617853432064767,-58.00
2025-06-26 14:13:39.528039,599617853432064767,-58.00
2025-06-26 14:13:39.528039,599617853432064767,-58.00
2025-06-26 14:13:39.528039,599617853432064767,-58.00
2025-06-26 14:13:39.528039,599617853432064767,-58.00
2025-06-26 14:13:39.528039,599617853432064767,-61.00
2025-06-26 14:13:39.528039,599617853432064767,-61.00
2025-06-26 14:13:39.528039,599617853432064767,-48.00
2025-06-26 14:13:39.528039,599617853432064767,-26.00
2025-06-26 14:13:39.528039,599617853432064767,-14.00
2025-06-26 14:13:39.528039,599617853432064767,-26.00
2025-06-26 14:13:39.528039,599617853432064767,-41.00
2025-06-26 14:13:39.528039,599617853432064767,-39.00
2025-06-26 14:13:39.528039,599617853432064767,-41.00
2025-06-26 14:13:39.528039,599617853432064767,-53.00
2025-06-26 14:13:39.528039,599617853432064767,-61.00
2025-06-26 14:13:40.010585,599617853992731290,-63.00
2025-06-26 14:13:40.010585,599617853992731290,-63.00
2025-06-26 14:13:40.010585,599617853992731290,-61.00
2025-06-26 14:13:40.010585,599617853992731290,-61.00
2025-06-26 14:13:40.010585,599617853992731290,-63.00
2025-06-26 14:13:40.010585,599617853992731290,-68.00
2025-06-26 14:13:40.010585,599617853992731290,-7.00
2025-06-26 14:13:40.010585,599617853992731290,181.00
2025-06-26 14:13:40.010585,599617853992731290,453.00
2025-06-26 14:13:40.010585,599617853992731290,646.00
2025-06-26 14:13:40.010585,599617853992731290,529.00
2025-06-26 14:13:40.010585,599617853992731290,66.00
2025-06-26 14:13:40.010585,599617853992731290,-264.00
2025-06-26 14:13:40.010585,599617853992731290,-146.00
2025-06-26 14:13:40.010585,599617853992731290,-14.00
2025-06-26 14:13:40.010585,599617853992731290,-105.00
2025-06-26 14:13:40.010585,599617853992731290,-132.00
2025-06-26 14:13:40.010585,599617853992731290,-78.00
2025-06-26 14:13:40.010585,599617853992731290,-85.00
2025-06-26 14:13:40.010585,599617853992731290,-95.00
2025-06-26 14:13:40.010585,599617853992731290,-68.00
2025-06-26 14:13:40.010585,599617853992731290,-61.00
2025-06-26 14:13:40.010585,599617853992731290,-63.00
2025-06-26 14:13:40.010585,599617853992731290,-51.00
2025-06-26 14:13:40.010585,599617853992731290,-41.00
2025-06-26 14:13:40.010585,599617853992731290,-39.00
2025-06-26 14:13:40.010585,599617853992731290,-31.00
2025-06-26 14:13:40.010585,599617853992731290,-22.00
2025-06-26 14:13:40.010585,599617853992731290,-14.00
2025-06-26 14:13:40.010585,599617853992731290,-2.00
2025-06-26 14:13:40.010585,599617853992731290,9.00
2025-06-26 14:13:40.010585,599617853992731290,19.00
2025-06-26 14:13:40.010585,599617853992731290,31.00
2025-06-26 14:13:40.010585,599617853992731290,44.00
2025-06-26 14:13:40.010585,599617853992731290,58.00
2025-06-26 14:13:40.010585,599617853992731290,71.00
2025-06-26 14:13:40.010585,599617853992731290,80.00
2025-06-26 14:13:40.010585,599617853992731290,88.00
2025-06-26 14:13:40.010585,599617853992731290,90.00
2025-06-26 14:13:40.010585,599617853992731290,90.00
2025-06-26 14:13:40.010585,599617853992731290,80.00
2025-06-26 14:13:40.010585,599617853992731290,61.00
2025-06-26 14:13:40.010585,599617853992731290,24.00
2025-06-26 14:13:40.010585,599617853992731290,-17.00
2025-06-26 14:13:40.010585,599617853992731290,-58.00
2025-06-26 14:13:40.010585,599617853992731290,-93.00
2025-06-26 14:13:40.010585,599617853992731290,-117.00
2025-06-26 14:13:40.010585,599617853992731290,-132.00
2025-06-26 14:13:40.010585,599617853992731290,-144.00
2025-06-26 14:13:40.010585,599617853992731290,-146.00
2025-06-26 14:13:40.010585,599617853992731290,-146.00
2025-06-26 14:13:40.010585,599617853992731290,-142.00
2025-06-26 14:13:40.010585,599617853992731290,-139.00
2025-06-26 14:13:40.010585,599617853992731290,-137.00
2025-06-26 14:13:40.010585,599617853992731290,-132.00
2025-06-26 14:13:40.010585,599617853992731290,-127.00
2025-06-26 14:13:40.010585,599617853992731290,-122.00
2025-06-26 14:13:40.010585,599617853992731290,-117.00
2025-06-26 14:13:40.010585,599617853992731290,-112.00
2025-06-26 14:13:40.010585,599617853992731290,-107.00
2025-06-26 14:13:40.010585,599617853992731290,-105.00
2025-06-26 14:13:40.010585,599617853992731290,-100.00
2025-06-26 14:13:40.010585,599617853992731290,-95.00
2025-06-26 14:13:40.010585,599617853992731290,-97.00
2025-06-26 14:13:40.010585,599617853992731290,-95.00
2025-06-26 14:13:40.010585,599617853992731290,-90.00
2025-06-26 14:13:40.010585,599617853992731290,-90.00
2025-06-26 14:13:40.010585,599617853992731290,-90.00
2025-06-26 14:13:40.010585,599617853992731290,-90.00
2025-06-26 14:13:40.010585,599617853992731290,-88.00
2025-06-26 14:13:40.010585,599617853992731290,-85.00
2025-06-26 14:13:40.010585,599617853992731290,-85.00
2025-06-26 14:13:40.010585,599617853992731290,-83.00
2025-06-26 14:13:40.610281,599617854553397815,-83.00
2025-06-26 14:13:40.610281,599617854553397815,-83.00
2025-06-26 14:13:40.610281,599617854553397815,-80.00
2025-06-26 14:13:40.610281,599617854553397815,-80.00
2025-06-26 14:13:40.610281,599617854553397815,-80.00
2025-06-26 14:13:40.610281,599617854553397815,-78.00
2025-06-26 14:13:40.610281,599617854553397815,-75.00
2025-06-26 14:13:40.610281,599617854553397815,-75.00
2025-06-26 14:13:40.610281,599617854553397815,-73.00
2025-06-26 14:13:40.610281,599617854553397815,-71.00
2025-06-26 14:13:40.610281,599617854553397815,-68.00
2025-06-26 14:13:40.610281,599617854553397815,-68.00
2025-06-26 14:13:40.610281,599617854553397815,-68.00
2025-06-26 14:13:40.610281,599617854553397815,-66.00
2025-06-26 14:13:40.610281,599617854553397815,-63.00
2025-06-26 14:13:40.610281,599617854553397815,-63.00
2025-06-26 14:13:40.610281,599617854553397815,-63.00
2025-06-26 14:13:40.610281,599617854553397815,-61.00
2025-06-26 14:13:40.610281,599617854553397815,-61.00
2025-06-26 14:13:40.610281,599617854553397815,-61.00
2025-06-26 14:13:40.610281,599617854553397815,-58.00
2025-06-26 14:13:40.610281,599617854553397815,-56.00
2025-06-26 14:13:40.610281,599617854553397815,-58.00
2025-06-26 14:13:40.610281,599617854553397815,-61.00
2025-06-26 14:13:40.610281,599617854553397815,-58.00
2025-06-26 14:13:40.610281,599617854553397815,-58.00
2025-06-26 14:13:40.610281,599617854553397815,-58.00
2025-06-26 14:13:40.610281,599617854553397815,-56.00
2025-06-26 14:13:40.610281,599617854553397815,-53.00
2025-06-26 14:13:40.610281,599617854553397815,-53.00
2025-06-26 14:13:40.610281,599617854553397815,-56.00
2025-06-26 14:13:40.610281,599617854553397815,-56.00
2025-06-26 14:13:40.610281,599617854553397815,-53.00
2025-06-26 14:13:40.610281,599617854553397815,-53.00
2025-06-26 14:13:40.610281,599617854553397815,-58.00
2025-06-26 14:13:40.610281,599617854553397815,-58.00
2025-06-26 14:13:40.610281,599617854553397815,-48.00
2025-06-26 14:13:40.610281,599617854553397815,-31.00
2025-06-26 14:13:40.610281,599617854553397815,-14.00
2025-06-26 14:13:40.610281,599617854553397815,-17.00
2025-06-26 14:13:40.610281,599617854553397815,-31.00
2025-06-26 14:13:40.610281,599617854553397815,-36.00
2025-06-26 14:13:40.610281,599617854553397815,-36.00
2025-06-26 14:13:40.610281,599617854553397815,-48.00
2025-06-26 14:13:40.610281,599617854553397815,-58.00
2025-06-26 14:13:40.610281,599617854553397815,-58.00
2025-06-26 14:13:40.610281,599617854553397815,-61.00
2025-06-26 14:13:40.610281,599617854553397815,-61.00
2025-06-26 14:13:40.610281,599617854553397815,-58.00
2025-06-26 14:13:40.610281,599617854553397815,-61.00
2025-06-26 14:13:40.610281,599617854553397815,-71.00
2025-06-26 14:13:40.610281,599617854553397815,-39.00
2025-06-26 14:13:40.610281,599617854553397815,102.00
2025-06-26 14:13:40.610281,599617854553397815,345.00
2025-06-26 14:13:40.610281,599617854553397815,582.00
2025-06-26 14:13:40.610281,599617854553397815,597.00
2025-06-26 14:13:40.610281,599617854553397815,230.00
2025-06-26 14:13:40.610281,599617854553397815,-205.00
2025-06-26 14:13:40.610281,599617854553397815,-220.00
2025-06-26 14:13:40.610281,599617854553397815,-34.00
2025-06-26 14:13:40.610281,599617854553397815,-68.00
2025-06-26 14:13:40.610281,599617854553397815,-142.00
2025-06-26 14:13:40.610281,599617854553397815,-93.00
2025-06-26 14:13:40.610281,599617854553397815,-78.00
2025-06-26 14:13:40.610281,599617854553397815,-100.00
2025-06-26 14:13:40.610281,599617854553397815,-83.00
2025-06-26 14:13:40.610281,599617854553397815,-63.00
2025-06-26 14:13:40.610281,599617854553397815,-63.00
2025-06-26 14:13:40.610281,599617854553397815,-58.00
2025-06-26 14:13:40.610281,599617854553397815,-48.00
2025-06-26 14:13:40.610281,599617854553397815,-44.00
2025-06-26 14:13:40.610281,599617854553397815,-36.00
2025-06-26 14:13:40.610281,599617854553397815,-26.00
2025-06-26 14:13:41.149304,599617855114064338,-19.00
2025-06-26 14:13:41.149304,599617855114064338,-9.00
2025-06-26 14:13:41.149304,599617855114064338,2.00
2025-06-26 14:13:41.149304,599617855114064338,12.00
2025-06-26 14:13:41.149304,599617855114064338,22.00
2025-06-26 14:13:41.149304,599617855114064338,34.00
2025-06-26 14:13:41.149304,599617855114064338,48.00
2025-06-26 14:13:41.149304,599617855114064338,58.00
2025-06-26 14:13:41.149304,599617855114064338,66.00
2025-06-26 14:13:41.149304,599617855114064338,75.00
2025-06-26 14:13:41.149304,599617855114064338,78.00
2025-06-26 14:13:41.149304,599617855114064338,80.00
2025-06-26 14:13:41.149304,599617855114064338,78.00
2025-06-26 14:13:41.149304,599617855114064338,63.00
2025-06-26 14:13:41.149304,599617855114064338,39.00
2025-06-26 14:13:41.149304,599617855114064338,2.00
2025-06-26 14:13:41.149304,599617855114064338,-41.00
2025-06-26 14:13:41.149304,599617855114064338,-78.00
2025-06-26 14:13:41.149304,599617855114064338,-105.00
2025-06-26 14:13:41.149304,599617855114064338,-124.00
2025-06-26 14:13:41.149304,599617855114064338,-137.00
2025-06-26 14:13:41.149304,599617855114064338,-139.00
2025-06-26 14:13:41.149304,599617855114064338,-142.00
2025-06-26 14:13:41.149304,599617855114064338,-142.00
2025-06-26 14:13:41.149304,599617855114064338,-139.00
2025-06-26 14:13:41.149304,599617855114064338,-137.00
2025-06-26 14:13:41.149304,599617855114064338,-134.00
2025-06-26 14:13:41.149304,599617855114064338,-127.00
2025-06-26 14:13:41.149304,599617855114064338,-120.00
2025-06-26 14:13:41.149304,599617855114064338,-117.00
2025-06-26 14:13:41.149304,599617855114064338,-112.00
2025-06-26 14:13:41.149304,599617855114064338,-107.00
2025-06-26 14:13:41.149304,599617855114064338,-102.00
2025-06-26 14:13:41.149304,599617855114064338,-100.00
2025-06-26 14:13:41.149304,599617855114064338,-100.00
2025-06-26 14:13:41.149304,599617855114064338,-97.00
2025-06-26 14:13:41.149304,599617855114064338,-95.00
2025-06-26 14:13:41.149304,599617855114064338,-95.00
2025-06-26 14:13:41.149304,599617855114064338,-93.00
2025-06-26 14:13:41.149304,599617855114064338,-88.00
2025-06-26 14:13:41.149304,599617855114064338,-88.00
2025-06-26 14:13:41.149304,599617855114064338,-85.00
2025-06-26 14:13:41.149304,599617855114064338,-83.00
2025-06-26 14:13:41.149304,599617855114064338,-80.00
2025-06-26 14:13:41.149304,599617855114064338,-83.00
2025-06-26 14:13:41.149304,599617855114064338,-83.00
2025-06-26 14:13:41.149304,599617855114064338,-83.00
2025-06-26 14:13:41.149304,599617855114064338,-83.00
2025-06-26 14:13:41.149304,599617855114064338,-83.00
2025-06-26 14:13:41.149304,599617855114064338,-83.00
2025-06-26 14:13:41.149304,599617855114064338,-80.00
2025-06-26 14:13:41.149304,599617855114064338,-80.00
2025-06-26 14:13:41.149304,599617855114064338,-78.00
2025-06-26 14:13:41.149304,599617855114064338,-75.00
2025-06-26 14:13:41.149304,599617855114064338,-75.00
2025-06-26 14:13:41.149304,599617855114064338,-75.00
2025-06-26 14:13:41.149304,599617855114064338,-73.00
2025-06-26 14:13:41.149304,599617855114064338,-71.00
2025-06-26 14:13:41.149304,599617855114064338,-73.00
2025-06-26 14:13:41.149304,599617855114064338,-71.00
2025-06-26 14:13:41.149304,599617855114064338,-68.00
2025-06-26 14:13:41.149304,599617855114064338,-68.00
2025-06-26 14:13:41.149304,599617855114064338,-66.00
2025-06-26 14:13:41.149304,599617855114064338,-66.00
2025-06-26 14:13:41.149304,599617855114064338,-66.00
2025-06-26 14:13:41.149304,599617855114064338,-66.00
2025-06-26 14:13:41.149304,599617855114064338,-66.00
2025-06-26 14:13:41.149304,599617855114064338,-63.00
2025-06-26 14:13:41.149304,599617855114064338,-63.00
2025-06-26 14:13:41.149304,599617855114064338,-63.00
2025-06-26 14:13:41.149304,599617855114064338,-63.00
2025-06-26 14:13:41.149304,599617855114064338,-61.00
2025-06-26 14:13:41.149304,599617855114064338,-61.00
2025-06-26 14:13:41.747800,599617855674761379,-61.00
2025-06-26 14:13:41.747800,599617855674761379,-61.00
2025-06-26 14:13:41.747800,599617855674761379,-61.00
2025-06-26 14:13:41.747800,599617855674761379,-61.00
2025-06-26 14:13:41.747800,599617855674761379,-61.00
2025-06-26 14:13:41.747800,599617855674761379,-58.00
2025-06-26 14:13:41.747800,599617855674761379,-58.00
2025-06-26 14:13:41.747800,599617855674761379,-58.00
2025-06-26 14:13:41.747800,599617855674761379,-58.00
2025-06-26 14:13:41.747800,599617855674761379,-58.00
2025-06-26 14:13:41.747800,599617855674761379,-56.00
2025-06-26 14:13:41.747800,599617855674761379,-46.00
2025-06-26 14:13:41.747800,599617855674761379,-24.00
2025-06-26 14:13:41.747800,599617855674761379,-9.00
2025-06-26 14:13:41.747800,599617855674761379,-22.00
2025-06-26 14:13:41.747800,599617855674761379,-39.00
2025-06-26 14:13:41.747800,599617855674761379,-39.00
2025-06-26 14:13:41.747800,599617855674761379,-44.00
2025-06-26 14:13:41.747800,599617855674761379,-56.00
2025-06-26 14:13:41.747800,599617855674761379,-61.00
2025-06-26 14:13:41.747800,599617855674761379,-63.00
2025-06-26 14:13:41.747800,599617855674761379,-66.00
2025-06-26 14:13:41.747800,599617855674761379,-63.00
2025-06-26 14:13:41.747800,599617855674761379,-61.00
2025-06-26 14:13:41.747800,599617855674761379,-66.00
2025-06-26 14:13:41.747800,599617855674761379,-66.00
2025-06-26 14:13:41.747800,599617855674761379,9.00
2025-06-26 14:13:41.747800,599617855674761379,210.00
2025-06-26 14:13:41.747800,599617855674761379,475.00
2025-06-26 14:13:41.747800,599617855674761379,631.00
2025-06-26 14:13:41.747800,599617855674761379,455.00
2025-06-26 14:13:41.747800,599617855674761379,-9.00
2025-06-26 14:13:41.747800,599617855674761379,-276.00
2025-06-26 14:13:41.747800,599617855674761379,-127.00
2025-06-26 14:13:41.747800,599617855674761379,-26.00
2025-06-26 14:13:41.747800,599617855674761379,-120.00
2025-06-26 14:13:41.747800,599617855674761379,-132.00
2025-06-26 14:13:41.747800,599617855674761379,-83.00
2025-06-26 14:13:41.747800,599617855674761379,-93.00
2025-06-26 14:13:41.747800,599617855674761379,-100.00
2025-06-26 14:13:41.747800,599617855674761379,-78.00
2025-06-26 14:13:41.747800,599617855674761379,-68.00
2025-06-26 14:13:41.747800,599617855674761379,-68.00
2025-06-26 14:13:41.747800,599617855674761379,-56.00
2025-06-26 14:13:41.747800,599617855674761379,-48.00
2025-06-26 14:13:41.747800,599617855674761379,-46.00
2025-06-26 14:13:41.747800,599617855674761379,-36.00
2025-06-26 14:13:41.747800,599617855674761379,-26.00
2025-06-26 14:13:41.747800,599617855674761379,-19.00
2025-06-26 14:13:41.747800,599617855674761379,-9.00
2025-06-26 14:13:41.747800,599617855674761379,2.00
2025-06-26 14:13:41.747800,599617855674761379,14.00
2025-06-26 14:13:41.747800,599617855674761379,24.00
2025-06-26 14:13:41.747800,599617855674761379,36.00
2025-06-26 14:13:41.747800,599617855674761379,48.00
2025-06-26 14:13:41.747800,599617855674761379,61.00
2025-06-26 14:13:41.747800,599617855674761379,68.00
2025-06-26 14:13:41.747800,599617855674761379,73.00
2025-06-26 14:13:41.747800,599617855674761379,73.00
2025-06-26 14:13:41.747800,599617855674761379,75.00
2025-06-26 14:13:41.747800,599617855674761379,68.00
2025-06-26 14:13:41.747800,599617855674761379,44.00
2025-06-26 14:13:41.747800,599617855674761379,9.00
2025-06-26 14:13:41.747800,599617855674761379,-29.00
2025-06-26 14:13:41.747800,599617855674761379,-71.00
2025-06-26 14:13:41.747800,599617855674761379,-102.00
2025-06-26 14:13:41.747800,599617855674761379,-124.00
2025-06-26 14:13:41.747800,599617855674761379,-142.00
2025-06-26 14:13:41.747800,599617855674761379,-151.00
2025-06-26 14:13:41.747800,599617855674761379,-151.00
2025-06-26 14:13:41.747800,599617855674761379,-151.00
2025-06-26 14:13:41.747800,599617855674761379,-149.00
2025-06-26 14:13:41.747800,599617855674761379,-146.00
2025-06-26 14:13:42.227082,599617856235427902,-144.00
2025-06-26 14:13:42.227082,599617856235427902,-139.00
2025-06-26 14:13:42.227082,599617856235427902,-134.00
2025-06-26 14:13:42.227082,599617856235427902,-127.00
2025-06-26 14:13:42.227082,599617856235427902,-122.00
2025-06-26 14:13:42.227082,599617856235427902,-115.00
2025-06-26 14:13:42.227082,599617856235427902,-110.00
2025-06-26 14:13:42.227082,599617856235427902,-105.00
2025-06-26 14:13:42.227082,599617856235427902,-100.00
2025-06-26 14:13:42.227082,599617856235427902,-97.00
2025-06-26 14:13:42.227082,599617856235427902,-100.00
2025-06-26 14:13:42.227082,599617856235427902,-95.00
2025-06-26 14:13:42.227082,599617856235427902,-88.00
2025-06-26 14:13:42.227082,599617856235427902,-85.00
2025-06-26 14:13:42.227082,599617856235427902,-88.00
2025-06-26 14:13:42.227082,599617856235427902,-90.00
2025-06-26 14:13:42.227082,599617856235427902,-85.00
2025-06-26 14:13:42.227082,599617856235427902,-80.00
2025-06-26 14:13:42.227082,599617856235427902,-80.00
2025-06-26 14:13:42.227082,599617856235427902,-83.00
2025-06-26 14:13:42.227082,599617856235427902,-83.00
2025-06-26 14:13:42.227082,599617856235427902,-85.00
2025-06-26 14:13:42.227082,599617856235427902,-83.00
2025-06-26 14:13:42.227082,599617856235427902,-80.00
2025-06-26 14:13:42.227082,599617856235427902,-78.00
2025-06-26 14:13:42.227082,599617856235427902,-80.00
2025-06-26 14:13:42.227082,599617856235427902,-78.00
2025-06-26 14:13:42.227082,599617856235427902,-78.00
2025-06-26 14:13:42.227082,599617856235427902,-75.00
2025-06-26 14:13:42.227082,599617856235427902,-71.00
2025-06-26 14:13:42.227082,599617856235427902,-71.00
2025-06-26 14:13:42.227082,599617856235427902,-73.00
2025-06-26 14:13:42.227082,599617856235427902,-71.00
2025-06-26 14:13:42.227082,599617856235427902,-68.00
2025-06-26 14:13:42.227082,599617856235427902,-68.00
2025-06-26 14:13:42.227082,599617856235427902,-66.00
2025-06-26 14:13:42.227082,599617856235427902,-68.00
2025-06-26 14:13:42.227082,599617856235427902,-68.00
2025-06-26 14:13:42.227082,599617856235427902,-66.00
2025-06-26 14:13:42.227082,599617856235427902,-61.00
2025-06-26 14:13:42.227082,599617856235427902,-63.00
2025-06-26 14:13:42.227082,599617856235427902,-66.00
2025-06-26 14:13:42.227082,599617856235427902,-68.00
2025-06-26 14:13:42.227082,599617856235427902,-63.00
2025-06-26 14:13:42.227082,599617856235427902,-46.00
2025-06-26 14:13:42.227082,599617856235427902,-24.00
2025-06-26 14:13:42.227082,599617856235427902,-17.00
2025-06-26 14:13:42.227082,599617856235427902,-34.00
2025-06-26 14:13:42.227082,599617856235427902,-46.00
2025-06-26 14:13:42.227082,599617856235427902,-46.00
2025-06-26 14:13:42.227082,599617856235427902,-48.00
2025-06-26 14:13:42.227082,599617856235427902,-56.00
2025-06-26 14:13:42.227082,599617856235427902,-61.00
2025-06-26 14:13:42.227082,599617856235427902,-68.00
2025-06-26 14:13:42.227082,599617856235427902,-63.00
2025-06-26 14:13:42.227082,599617856235427902,-58.00
2025-06-26 14:13:42.227082,599617856235427902,-58.00
2025-06-26 14:13:42.227082,599617856235427902,-63.00
2025-06-26 14:13:42.227082,599617856235427902,-39.00
2025-06-26 14:13:42.227082,599617856235427902,90.00
2025-06-26 14:13:42.227082,599617856235427902,333.00
2025-06-26 14:13:42.227082,599617856235427902,580.00
2025-06-26 14:13:42.227082,599617856235427902,631.00
2025-06-26 14:13:42.227082,599617856235427902,320.00
2025-06-26 14:13:42.227082,599617856235427902,-137.00
2025-06-26 14:13:42.227082,599617856235427902,-257.00
2025-06-26 14:13:42.227082,599617856235427902,-78.00
2025-06-26 14:13:42.227082,599617856235427902,-46.00
2025-06-26 14:13:42.227082,599617856235427902,-124.00
2025-06-26 14:13:42.227082,599617856235427902,-100.00
2025-06-26 14:13:42.227082,599617856235427902,-71.00
2025-06-26 14:13:42.227082,599617856235427902,-85.00
2025-06-26 14:13:42.227082,599617856235427902,-75.00
2025-06-26 14:13:42.858305,599617856796094425,-56.00
2025-06-26 14:13:42.858305,599617856796094425,-56.00
2025-06-26 14:13:42.858305,599617856796094425,-51.00
2025-06-26 14:13:42.858305,599617856796094425,-34.00
2025-06-26 14:13:42.858305,599617856796094425,-26.00
2025-06-26 14:13:42.858305,599617856796094425,-19.00
2025-06-26 14:13:42.858305,599617856796094425,-7.00
2025-06-26 14:13:42.858305,599617856796094425,4.00
2025-06-26 14:13:42.858305,599617856796094425,9.00
2025-06-26 14:13:42.858305,599617856796094425,19.00
2025-06-26 14:13:42.858305,599617856796094425,34.00
2025-06-26 14:13:42.858305,599617856796094425,46.00
2025-06-26 14:13:42.858305,599617856796094425,58.00
2025-06-26 14:13:42.858305,599617856796094425,73.00
2025-06-26 14:13:42.858305,599617856796094425,85.00
2025-06-26 14:13:42.858305,599617856796094425,95.00
2025-06-26 14:13:42.858305,599617856796094425,105.00
2025-06-26 14:13:42.858305,599617856796094425,115.00
2025-06-26 14:13:42.858305,599617856796094425,115.00
2025-06-26 14:13:42.858305,599617856796094425,105.00
2025-06-26 14:13:42.858305,599617856796094425,88.00
2025-06-26 14:13:42.858305,599617856796094425,53.00
2025-06-26 14:13:42.858305,599617856796094425,7.00
2025-06-26 14:13:42.858305,599617856796094425,-44.00
2025-06-26 14:13:42.858305,599617856796094425,-85.00
2025-06-26 14:13:42.858305,599617856796094425,-115.00
2025-06-26 14:13:42.858305,599617856796094425,-132.00
2025-06-26 14:13:42.858305,599617856796094425,-142.00
2025-06-26 14:13:42.858305,599617856796094425,-144.00
2025-06-26 14:13:42.858305,599617856796094425,-142.00
2025-06-26 14:13:42.858305,599617856796094425,-139.00
2025-06-26 14:13:42.858305,599617856796094425,-137.00
2025-06-26 14:13:42.858305,599617856796094425,-134.00
2025-06-26 14:13:42.858305,599617856796094425,-129.00
2025-06-26 14:13:42.858305,599617856796094425,-124.00
2025-06-26 14:13:42.858305,599617856796094425,-117.00
2025-06-26 14:13:42.858305,599617856796094425,-110.00
2025-06-26 14:13:42.858305,599617856796094425,-105.00
2025-06-26 14:13:42.858305,599617856796094425,-102.00
2025-06-26 14:13:42.858305,599617856796094425,-97.00
2025-06-26 14:13:42.858305,599617856796094425,-90.00
2025-06-26 14:13:42.858305,599617856796094425,-88.00
2025-06-26 14:13:42.858305,599617856796094425,-83.00
2025-06-26 14:13:42.858305,599617856796094425,-80.00
2025-06-26 14:13:42.858305,599617856796094425,-78.00
2025-06-26 14:13:42.858305,599617856796094425,-75.00
2025-06-26 14:13:42.858305,599617856796094425,-73.00
2025-06-26 14:13:42.858305,599617856796094425,-71.00
2025-06-26 14:13:42.858305,599617856796094425,-68.00
2025-06-26 14:13:42.858305,599617856796094425,-68.00
2025-06-26 14:13:42.858305,599617856796094425,-71.00
2025-06-26 14:13:42.858305,599617856796094425,-73.00
2025-06-26 14:13:42.858305,599617856796094425,-71.00
2025-06-26 14:13:42.858305,599617856796094425,-68.00
2025-06-26 14:13:42.858305,599617856796094425,-68.00
2025-06-26 14:13:42.858305,599617856796094425,-68.00
2025-06-26 14:13:42.858305,599617856796094425,-68.00
2025-06-26 14:13:42.858305,599617856796094425,-66.00
2025-06-26 14:13:42.858305,599617856796094425,-63.00
2025-06-26 14:13:42.858305,599617856796094425,-61.00
2025-06-26 14:13:42.858305,599617856796094425,-61.00
2025-06-26 14:13:42.858305,599617856796094425,-61.00
2025-06-26 14:13:42.858305,599617856796094425,-58.00
2025-06-26 14:13:42.858305,599617856796094425,-56.00
2025-06-26 14:13:42.858305,599617856796094425,-51.00
2025-06-26 14:13:42.858305,599617856796094425,-53.00
2025-06-26 14:13:42.858305,599617856796094425,-56.00
2025-06-26 14:13:42.858305,599617856796094425,-51.00
2025-06-26 14:13:42.858305,599617856796094425,-48.00
2025-06-26 14:13:42.858305,599617856796094425,-51.00
2025-06-26 14:13:42.858305,599617856796094425,-56.00
2025-06-26 14:13:42.858305,599617856796094425,-53.00
2025-06-26 14:13:42.858305,599617856796094425,-41.00
2025-06-26 14:13:43.336242,599617857356791466,-19.00
2025-06-26 14:13:43.336242,599617857356791466,-2.00
2025-06-26 14:13:43.336242,599617857356791466,-7.00
2025-06-26 14:13:43.336242,599617857356791466,-26.00
2025-06-26 14:13:43.336242,599617857356791466,-34.00
2025-06-26 14:13:43.336242,599617857356791466,-34.00
2025-06-26 14:13:43.336242,599617857356791466,-46.00
2025-06-26 14:13:43.336242,599617857356791466,-48.00
2025-06-26 14:13:43.336242,599617857356791466,-48.00
2025-06-26 14:13:43.336242,599617857356791466,-51.00
2025-06-26 14:13:43.336242,599617857356791466,-51.00
2025-06-26 14:13:43.336242,599617857356791466,-46.00
2025-06-26 14:13:43.336242,599617857356791466,-51.00
2025-06-26 14:13:43.336242,599617857356791466,-61.00
2025-06-26 14:13:43.336242,599617857356791466,-19.00
2025-06-26 14:13:43.336242,599617857356791466,139.00
2025-06-26 14:13:43.336242,599617857356791466,401.00
2025-06-26 14:13:43.336242,599617857356791466,646.00
2025-06-26 14:13:43.336242,599617857356791466,634.00
2025-06-26 14:13:43.336242,599617857356791466,227.00
2025-06-26 14:13:43.336242,599617857356791466,-213.00
2025-06-26 14:13:43.336242,599617857356791466,-210.00
2025-06-26 14:13:43.336242,599617857356791466,-29.00
2025-06-26 14:13:43.336242,599617857356791466,-63.00
2025-06-26 14:13:43.336242,599617857356791466,-124.00
2025-06-26 14:13:43.336242,599617857356791466,-80.00
2025-06-26 14:13:43.336242,599617857356791466,-68.00
2025-06-26 14:13:43.336242,599617857356791466,-88.00
2025-06-26 14:13:43.336242,599617857356791466,-71.00
2025-06-26 14:13:43.336242,599617857356791466,-53.00
2025-06-26 14:13:43.336242,599617857356791466,-56.00
2025-06-26 14:13:43.336242,599617857356791466,-48.00
2025-06-26 14:13:43.336242,599617857356791466,-36.00
2025-06-26 14:13:43.336242,599617857356791466,-29.00
2025-06-26 14:13:43.336242,599617857356791466,-24.00
2025-06-26 14:13:43.336242,599617857356791466,-17.00
2025-06-26 14:13:43.336242,599617857356791466,-7.00
2025-06-26 14:13:43.336242,599617857356791466,4.00
2025-06-26 14:13:43.336242,599617857356791466,17.00
2025-06-26 14:13:43.336242,599617857356791466,29.00
2025-06-26 14:13:43.336242,599617857356791466,44.00
2025-06-26 14:13:43.336242,599617857356791466,61.00
2025-06-26 14:13:43.336242,599617857356791466,73.00
2025-06-26 14:13:43.336242,599617857356791466,85.00
2025-06-26 14:13:43.336242,599617857356791466,97.00
2025-06-26 14:13:43.336242,599617857356791466,105.00
2025-06-26 14:13:43.336242,599617857356791466,107.00
2025-06-26 14:13:43.336242,599617857356791466,107.00
2025-06-26 14:13:43.336242,599617857356791466,97.00
2025-06-26 14:13:43.336242,599617857356791466,73.00
2025-06-26 14:13:43.336242,599617857356791466,31.00
2025-06-26 14:13:43.336242,599617857356791466,-17.00
2025-06-26 14:13:43.336242,599617857356791466,-63.00
2025-06-26 14:13:43.336242,599617857356791466,-97.00
2025-06-26 14:13:43.336242,599617857356791466,-124.00
2025-06-26 14:13:43.336242,599617857356791466,-139.00
2025-06-26 14:13:43.336242,599617857356791466,-146.00
2025-06-26 14:13:43.336242,599617857356791466,-144.00
2025-06-26 14:13:43.336242,599617857356791466,-142.00
2025-06-26 14:13:43.336242,599617857356791466,-139.00
2025-06-26 14:13:43.336242,599617857356791466,-139.00
2025-06-26 14:13:43.336242,599617857356791466,-134.00
2025-06-26 14:13:43.336242,599617857356791466,-129.00
2025-06-26 14:13:43.336242,599617857356791466,-124.00
2025-06-26 14:13:43.336242,599617857356791466,-120.00
2025-06-26 14:13:43.336242,599617857356791466,-112.00
2025-06-26 14:13:43.336242,599617857356791466,-107.00
2025-06-26 14:13:43.336242,599617857356791466,-105.00
2025-06-26 14:13:43.336242,599617857356791466,-97.00
2025-06-26 14:13:43.336242,599617857356791466,-93.00
2025-06-26 14:13:43.336242,599617857356791466,-90.00
2025-06-26 14:13:43.336242,599617857356791466,-90.00
2025-06-26 14:13:43.336242,599617857356791466,-88.00
2025-06-26 14:13:43.937015,599617857917457991,-83.00
2025-06-26 14:13:43.937015,599617857917457991,-83.00
2025-06-26 14:13:43.937015,599617857917457991,-80.00
2025-06-26 14:13:43.937015,599617857917457991,-78.00
2025-06-26 14:13:43.937015,599617857917457991,-78.00
2025-06-26 14:13:43.937015,599617857917457991,-80.00
2025-06-26 14:13:43.937015,599617857917457991,-80.00
2025-06-26 14:13:43.937015,599617857917457991,-80.00
2025-06-26 14:13:43.937015,599617857917457991,-83.00
2025-06-26 14:13:43.937015,599617857917457991,-83.00
2025-06-26 14:13:43.937015,599617857917457991,-80.00
2025-06-26 14:13:43.937015,599617857917457991,-83.00
2025-06-26 14:13:43.937015,599617857917457991,-80.00
2025-06-26 14:13:43.937015,599617857917457991,-75.00
2025-06-26 14:13:43.937015,599617857917457991,-75.00
2025-06-26 14:13:43.937015,599617857917457991,-75.00
2025-06-26 14:13:43.937015,599617857917457991,-75.00
2025-06-26 14:13:43.937015,599617857917457991,-75.00
2025-06-26 14:13:43.937015,599617857917457991,-75.00
2025-06-26 14:13:43.937015,599617857917457991,-75.00
2025-06-26 14:13:43.937015,599617857917457991,-73.00
2025-06-26 14:13:43.937015,599617857917457991,-73.00
2025-06-26 14:13:43.937015,599617857917457991,-78.00
2025-06-26 14:13:43.937015,599617857917457991,-78.00
2025-06-26 14:13:43.937015,599617857917457991,-71.00
2025-06-26 14:13:43.937015,599617857917457991,-68.00
2025-06-26 14:13:43.937015,599617857917457991,-71.00
2025-06-26 14:13:43.937015,599617857917457991,-71.00
2025-06-26 14:13:43.937015,599617857917457991,-71.00
2025-06-26 14:13:43.937015,599617857917457991,-71.00
2025-06-26 14:13:43.937015,599617857917457991,-71.00
2025-06-26 14:13:43.937015,599617857917457991,-71.00
2025-06-26 14:13:43.937015,599617857917457991,-71.00
2025-06-26 14:13:43.937015,599617857917457991,-63.00
2025-06-26 14:13:43.937015,599617857917457991,-44.00
2025-06-26 14:13:43.937015,599617857917457991,-26.00
2025-06-26 14:13:43.937015,599617857917457991,-31.00
2025-06-26 14:13:43.937015,599617857917457991,-46.00
2025-06-26 14:13:43.937015,599617857917457991,-51.00
2025-06-26 14:13:43.937015,599617857917457991,-56.00
2025-06-26 14:13:43.937015,599617857917457991,-61.00
2025-06-26 14:13:43.937015,599617857917457991,-66.00
2025-06-26 14:13:43.937015,599617857917457991,-71.00
2025-06-26 14:13:43.937015,599617857917457991,-73.00
2025-06-26 14:13:43.937015,599617857917457991,-71.00
2025-06-26 14:13:43.937015,599617857917457991,-68.00
2025-06-26 14:13:43.937015,599617857917457991,-73.00
2025-06-26 14:13:43.937015,599617857917457991,-83.00
2025-06-26 14:13:43.937015,599617857917457991,-48.00
2025-06-26 14:13:43.937015,599617857917457991,102.00
2025-06-26 14:13:43.937015,599617857917457991,360.00
2025-06-26 14:13:43.937015,599617857917457991,600.00
2025-06-26 14:13:43.937015,599617857917457991,617.00
2025-06-26 14:13:43.937015,599617857917457991,254.00
2025-06-26 14:13:43.937015,599617857917457991,-195.00
2025-06-26 14:13:43.937015,599617857917457991,-244.00
2025-06-26 14:13:43.937015,599617857917457991,-63.00
2025-06-26 14:13:43.937015,599617857917457991,-78.00
2025-06-26 14:13:43.937015,599617857917457991,-151.00
2025-06-26 14:13:43.937015,599617857917457991,-112.00
2025-06-26 14:13:43.937015,599617857917457991,-90.00
2025-06-26 14:13:43.937015,599617857917457991,-107.00
2025-06-26 14:13:43.937015,599617857917457991,-95.00
2025-06-26 14:13:43.937015,599617857917457991,-78.00
2025-06-26 14:13:43.937015,599617857917457991,-73.00
2025-06-26 14:13:43.937015,599617857917457991,-68.00
2025-06-26 14:13:43.937015,599617857917457991,-58.00
2025-06-26 14:13:43.937015,599617857917457991,-56.00
2025-06-26 14:13:43.937015,599617857917457991,-46.00
2025-06-26 14:13:43.937015,599617857917457991,-31.00
2025-06-26 14:13:43.937015,599617857917457991,-19.00
2025-06-26 14:13:43.937015,599617857917457991,-14.00
2025-06-26 14:13:43.937015,599617857917457991,-7.00
2025-06-26 14:13:44.508461,599617858478155032,7.00
2025-06-26 14:13:44.508461,599617858478155032,22.00
2025-06-26 14:13:44.508461,599617858478155032,31.00
2025-06-26 14:13:44.508461,599617858478155032,46.00
2025-06-26 14:13:44.508461,599617858478155032,58.00
2025-06-26 14:13:44.508461,599617858478155032,71.00
2025-06-26 14:13:44.508461,599617858478155032,80.00
2025-06-26 14:13:44.508461,599617858478155032,83.00
2025-06-26 14:13:44.508461,599617858478155032,83.00
2025-06-26 14:13:44.508461,599617858478155032,78.00
2025-06-26 14:13:44.508461,599617858478155032,56.00
2025-06-26 14:13:44.508461,599617858478155032,17.00
2025-06-26 14:13:44.508461,599617858478155032,-29.00
2025-06-26 14:13:44.508461,599617858478155032,-78.00
2025-06-26 14:13:44.508461,599617858478155032,-115.00
2025-06-26 14:13:44.508461,599617858478155032,-139.00
2025-06-26 14:13:44.508461,599617858478155032,-161.00
2025-06-26 14:13:44.508461,599617858478155032,-171.00
2025-06-26 14:13:44.508461,599617858478155032,-171.00
2025-06-26 14:13:44.508461,599617858478155032,-171.00
2025-06-26 14:13:44.508461,599617858478155032,-166.00
2025-06-26 14:13:44.508461,599617858478155032,-161.00
2025-06-26 14:13:44.508461,599617858478155032,-159.00
2025-06-26 14:13:44.508461,599617858478155032,-154.00
2025-06-26 14:13:44.508461,599617858478155032,-146.00
2025-06-26 14:13:44.508461,599617858478155032,-144.00
2025-06-26 14:13:44.508461,599617858478155032,-139.00
2025-06-26 14:13:44.508461,599617858478155032,-132.00
2025-06-26 14:13:44.508461,599617858478155032,-124.00
2025-06-26 14:13:44.508461,599617858478155032,-117.00
2025-06-26 14:13:44.508461,599617858478155032,-112.00
2025-06-26 14:13:44.508461,599617858478155032,-107.00
2025-06-26 14:13:44.508461,599617858478155032,-105.00
2025-06-26 14:13:44.508461,599617858478155032,-102.00
2025-06-26 14:13:44.508461,599617858478155032,-102.00
2025-06-26 14:13:44.508461,599617858478155032,-97.00
2025-06-26 14:13:44.508461,599617858478155032,-93.00
2025-06-26 14:13:44.508461,599617858478155032,-90.00
2025-06-26 14:13:44.508461,599617858478155032,-88.00
2025-06-26 14:13:44.508461,599617858478155032,-90.00
2025-06-26 14:13:44.508461,599617858478155032,-90.00
2025-06-26 14:13:44.508461,599617858478155032,-90.00
2025-06-26 14:13:44.508461,599617858478155032,-88.00
2025-06-26 14:13:44.508461,599617858478155032,-85.00
2025-06-26 14:13:44.508461,599617858478155032,-83.00
2025-06-26 14:13:44.508461,599617858478155032,-80.00
2025-06-26 14:13:44.508461,599617858478155032,-80.00
2025-06-26 14:13:44.508461,599617858478155032,-80.00
2025-06-26 14:13:44.508461,599617858478155032,-78.00
2025-06-26 14:13:44.508461,599617858478155032,-73.00
2025-06-26 14:13:44.508461,599617858478155032,-71.00
2025-06-26 14:13:44.508461,599617858478155032,-73.00
2025-06-26 14:13:44.508461,599617858478155032,-73.00
2025-06-26 14:13:44.508461,599617858478155032,-71.00
2025-06-26 14:13:44.508461,599617858478155032,-66.00
2025-06-26 14:13:44.508461,599617858478155032,-71.00
2025-06-26 14:13:44.508461,599617858478155032,-68.00
2025-06-26 14:13:44.508461,599617858478155032,-58.00
2025-06-26 14:13:44.508461,599617858478155032,-44.00
2025-06-26 14:13:44.508461,599617858478155032,-24.00
2025-06-26 14:13:44.508461,599617858478155032,-19.00
2025-06-26 14:13:44.508461,599617858478155032,-36.00
2025-06-26 14:13:44.508461,599617858478155032,-44.00
2025-06-26 14:13:44.508461,599617858478155032,-39.00
2025-06-26 14:13:44.508461,599617858478155032,-46.00
2025-06-26 14:13:44.508461,599617858478155032,-53.00
2025-06-26 14:13:44.508461,599617858478155032,-58.00
2025-06-26 14:13:44.508461,599617858478155032,-61.00
2025-06-26 14:13:44.508461,599617858478155032,-58.00
2025-06-26 14:13:44.508461,599617858478155032,-53.00
2025-06-26 14:13:44.508461,599617858478155032,-56.00
2025-06-26 14:13:44.508461,599617858478155032,-66.00
2025-06-26 14:13:44.508461,599617858478155032,-61.00
2025-06-26 14:13:45.048541,599617859038791037,17.00
2025-06-26 14:13:45.048541,599617859038791037,225.00
2025-06-26 14:13:45.048541,599617859038791037,511.00
2025-06-26 14:13:45.048541,599617859038791037,680.00
2025-06-26 14:13:45.048541,599617859038791037,489.00
2025-06-26 14:13:45.048541,599617859038791037,-4.00
2025-06-26 14:13:45.048541,599617859038791037,-286.00
2025-06-26 14:13:45.048541,599617859038791037,-137.00
2025-06-26 14:13:45.048541,599617859038791037,-29.00
2025-06-26 14:13:45.048541,599617859038791037,-117.00
2025-06-26 14:13:45.048541,599617859038791037,-127.00
2025-06-26 14:13:45.048541,599617859038791037,-78.00
2025-06-26 14:13:45.048541,599617859038791037,-85.00
2025-06-26 14:13:45.048541,599617859038791037,-90.00
2025-06-26 14:13:45.048541,599617859038791037,-68.00
2025-06-26 14:13:45.048541,599617859038791037,-63.00
2025-06-26 14:13:45.048541,599617859038791037,-61.00
2025-06-26 14:13:45.048541,599617859038791037,-51.00
2025-06-26 14:13:45.048541,599617859038791037,-41.00
2025-06-26 14:13:45.048541,599617859038791037,-34.00
2025-06-26 14:13:45.048541,599617859038791037,-24.00
2025-06-26 14:13:45.048541,599617859038791037,-17.00
2025-06-26 14:13:45.048541,599617859038791037,-7.00
2025-06-26 14:13:45.048541,599617859038791037,4.00
2025-06-26 14:13:45.048541,599617859038791037,17.00
2025-06-26 14:13:45.048541,599617859038791037,29.00
2025-06-26 14:13:45.048541,599617859038791037,46.00
2025-06-26 14:13:45.048541,599617859038791037,58.00
2025-06-26 14:13:45.048541,599617859038791037,71.00
2025-06-26 14:13:45.048541,599617859038791037,88.00
2025-06-26 14:13:45.048541,599617859038791037,97.00
2025-06-26 14:13:45.048541,599617859038791037,102.00
2025-06-26 14:13:45.048541,599617859038791037,105.00
2025-06-26 14:13:45.048541,599617859038791037,97.00
2025-06-26 14:13:45.048541,599617859038791037,75.00
2025-06-26 14:13:45.048541,599617859038791037,36.00
2025-06-26 14:13:45.048541,599617859038791037,-9.00
2025-06-26 14:13:45.048541,599617859038791037,-61.00
2025-06-26 14:13:45.048541,599617859038791037,-102.00
2025-06-26 14:13:45.048541,599617859038791037,-134.00
2025-06-26 14:13:45.048541,599617859038791037,-151.00
2025-06-26 14:13:45.048541,599617859038791037,-161.00
2025-06-26 14:13:45.048541,599617859038791037,-166.00
2025-06-26 14:13:45.048541,599617859038791037,-164.00
2025-06-26 14:13:45.048541,599617859038791037,-161.00
2025-06-26 14:13:45.048541,599617859038791037,-156.00
2025-06-26 14:13:45.048541,599617859038791037,-154.00
2025-06-26 14:13:45.048541,599617859038791037,-149.00
2025-06-26 14:13:45.048541,599617859038791037,-144.00
2025-06-26 14:13:45.048541,599617859038791037,-139.00
2025-06-26 14:13:45.048541,599617859038791037,-134.00
2025-06-26 14:13:45.048541,599617859038791037,-127.00
2025-06-26 14:13:45.048541,599617859038791037,-122.00
2025-06-26 14:13:45.048541,599617859038791037,-120.00
2025-06-26 14:13:45.048541,599617859038791037,-117.00
2025-06-26 14:13:45.048541,599617859038791037,-112.00
2025-06-26 14:13:45.048541,599617859038791037,-110.00
2025-06-26 14:13:45.048541,599617859038791037,-105.00
2025-06-26 14:13:45.048541,599617859038791037,-102.00
2025-06-26 14:13:45.048541,599617859038791037,-100.00
2025-06-26 14:13:45.048541,599617859038791037,-97.00
2025-06-26 14:13:45.048541,599617859038791037,-97.00
2025-06-26 14:13:45.048541,599617859038791037,-95.00
2025-06-26 14:13:45.048541,599617859038791037,-95.00
2025-06-26 14:13:45.048541,599617859038791037,-95.00
2025-06-26 14:13:45.048541,599617859038791037,-95.00
2025-06-26 14:13:45.048541,599617859038791037,-95.00
2025-06-26 14:13:45.048541,599617859038791037,-95.00
2025-06-26 14:13:45.048541,599617859038791037,-93.00
2025-06-26 14:13:45.048541,599617859038791037,-93.00
2025-06-26 14:13:45.048541,599617859038791037,-90.00
2025-06-26 14:13:45.048541,599617859038791037,-90.00
2025-06-26 14:13:45.048541,599617859038791037,-90.00
2025-06-26 14:13:45.587180,599617859599488078,-90.00
2025-06-26 14:13:45.587180,599617859599488078,-85.00
2025-06-26 14:13:45.587180,599617859599488078,-85.00
2025-06-26 14:13:45.587180,599617859599488078,-85.00
2025-06-26 14:13:45.587180,599617859599488078,-80.00
2025-06-26 14:13:45.587180,599617859599488078,-78.00
2025-06-26 14:13:45.587180,599617859599488078,-80.00
2025-06-26 14:13:45.587180,599617859599488078,-80.00
2025-06-26 14:13:45.587180,599617859599488078,-75.00
2025-06-26 14:13:45.587180,599617859599488078,-73.00
2025-06-26 14:13:45.587180,599617859599488078,-75.00
2025-06-26 14:13:45.587180,599617859599488078,-75.00
2025-06-26 14:13:45.587180,599617859599488078,-73.00
2025-06-26 14:13:45.587180,599617859599488078,-73.00
2025-06-26 14:13:45.587180,599617859599488078,-75.00
2025-06-26 14:13:45.587180,599617859599488078,-73.00
2025-06-26 14:13:45.587180,599617859599488078,-75.00
2025-06-26 14:13:45.587180,599617859599488078,-78.00
2025-06-26 14:13:45.587180,599617859599488078,-75.00
2025-06-26 14:13:45.587180,599617859599488078,-63.00
2025-06-26 14:13:45.587180,599617859599488078,-46.00
2025-06-26 14:13:45.587180,599617859599488078,-29.00
2025-06-26 14:13:45.587180,599617859599488078,-39.00
2025-06-26 14:13:45.587180,599617859599488078,-56.00
2025-06-26 14:13:45.587180,599617859599488078,-53.00
2025-06-26 14:13:45.587180,599617859599488078,-48.00
2025-06-26 14:13:45.587180,599617859599488078,-66.00
2025-06-26 14:13:45.587180,599617859599488078,-80.00
2025-06-26 14:13:45.587180,599617859599488078,-78.00
2025-06-26 14:13:45.587180,599617859599488078,-71.00
2025-06-26 14:13:45.587180,599617859599488078,-75.00
2025-06-26 14:13:45.587180,599617859599488078,-73.00
2025-06-26 14:13:45.587180,599617859599488078,-75.00
2025-06-26 14:13:45.587180,599617859599488078,-85.00
2025-06-26 14:13:45.587180,599617859599488078,-31.00
2025-06-26 14:13:45.587180,599617859599488078,137.00
2025-06-26 14:13:45.587180,599617859599488078,362.00
2025-06-26 14:13:45.587180,599617859599488078,565.00
2025-06-26 14:13:45.587180,599617859599488078,595.00
2025-06-26 14:13:45.587180,599617859599488078,269.00
2025-06-26 14:13:45.587180,599617859599488078,-171.00
2025-06-26 14:13:45.587180,599617859599488078,-232.00
2025-06-26 14:13:45.587180,599617859599488078,-66.00
2025-06-26 14:13:45.587180,599617859599488078,-71.00
2025-06-26 14:13:45.587180,599617859599488078,-122.00
2025-06-26 14:13:45.587180,599617859599488078,-73.00
2025-06-26 14:13:45.587180,599617859599488078,-73.00
2025-06-26 14:13:45.587180,599617859599488078,-112.00
2025-06-26 14:13:45.587180,599617859599488078,-97.00
2025-06-26 14:13:45.587180,599617859599488078,-63.00
2025-06-26 14:13:45.587180,599617859599488078,-51.00
2025-06-26 14:13:45.587180,599617859599488078,-44.00
2025-06-26 14:13:45.587180,599617859599488078,-41.00
2025-06-26 14:13:45.587180,599617859599488078,-31.00
2025-06-26 14:13:45.587180,599617859599488078,-17.00
2025-06-26 14:13:45.587180,599617859599488078,-4.00
2025-06-26 14:13:45.587180,599617859599488078,7.00
2025-06-26 14:13:45.587180,599617859599488078,19.00
2025-06-26 14:13:45.587180,599617859599488078,22.00
2025-06-26 14:13:45.587180,599617859599488078,31.00
2025-06-26 14:13:45.587180,599617859599488078,56.00
2025-06-26 14:13:45.587180,599617859599488078,75.00
2025-06-26 14:13:45.587180,599617859599488078,78.00
2025-06-26 14:13:45.587180,599617859599488078,73.00
2025-06-26 14:13:45.587180,599617859599488078,83.00
2025-06-26 14:13:45.587180,599617859599488078,110.00
2025-06-26 14:13:45.587180,599617859599488078,120.00
2025-06-26 14:13:45.587180,599617859599488078,112.00
2025-06-26 14:13:45.587180,599617859599488078,107.00
2025-06-26 14:13:45.587180,599617859599488078,97.00
2025-06-26 14:13:45.587180,599617859599488078,73.00
2025-06-26 14:13:45.587180,599617859599488078,24.00
2025-06-26 14:13:45.587180,599617859599488078,-31.00
2025-06-26 14:13:46.159494,599617860160154601,-73.00
2025-06-26 14:13:46.159494,599617860160154601,-97.00
2025-06-26 14:13:46.159494,599617860160154601,-107.00
2025-06-26 14:13:46.159494,599617860160154601,-110.00
2025-06-26 14:13:46.159494,599617860160154601,-122.00
2025-06-26 14:13:46.159494,599617860160154601,-132.00
2025-06-26 14:13:46.159494,599617860160154601,-127.00
2025-06-26 14:13:46.159494,599617860160154601,-117.00
2025-06-26 14:13:46.159494,599617860160154601,-112.00
2025-06-26 14:13:46.159494,599617860160154601,-110.00
2025-06-26 14:13:46.159494,599617860160154601,-107.00
2025-06-26 14:13:46.159494,599617860160154601,-107.00
2025-06-26 14:13:46.159494,599617860160154601,-102.00
2025-06-26 14:13:46.159494,599617860160154601,-95.00
2025-06-26 14:13:46.159494,599617860160154601,-93.00
2025-06-26 14:13:46.159494,599617860160154601,-88.00
2025-06-26 14:13:46.159494,599617860160154601,-83.00
2025-06-26 14:13:46.159494,599617860160154601,-71.00
2025-06-26 14:13:46.159494,599617860160154601,-71.00
2025-06-26 14:13:46.159494,599617860160154601,-93.00
2025-06-26 14:13:46.159494,599617860160154601,-95.00
2025-06-26 14:13:46.159494,599617860160154601,-68.00
2025-06-26 14:13:46.159494,599617860160154601,-56.00
2025-06-26 14:13:46.159494,599617860160154601,-75.00
2025-06-26 14:13:46.159494,599617860160154601,-88.00
2025-06-26 14:13:46.159494,599617860160154601,-73.00
2025-06-26 14:13:46.159494,599617860160154601,-63.00
2025-06-26 14:13:46.159494,599617860160154601,-66.00
2025-06-26 14:13:46.159494,599617860160154601,-71.00
2025-06-26 14:13:46.159494,599617860160154601,-73.00
2025-06-26 14:13:46.159494,599617860160154601,-68.00
2025-06-26 14:13:46.159494,599617860160154601,-63.00
2025-06-26 14:13:46.159494,599617860160154601,-56.00
2025-06-26 14:13:46.159494,599617860160154601,-63.00
2025-06-26 14:13:46.159494,599617860160154601,-83.00
2025-06-26 14:13:46.159494,599617860160154601,-78.00
2025-06-26 14:13:46.159494,599617860160154601,-61.00
2025-06-26 14:13:46.159494,599617860160154601,-56.00
2025-06-26 14:13:46.159494,599617860160154601,-56.00
2025-06-26 14:13:46.159494,599617860160154601,-48.00
2025-06-26 14:13:46.159494,599617860160154601,-58.00
2025-06-26 14:13:46.159494,599617860160154601,-68.00
2025-06-26 14:13:46.159494,599617860160154601,-63.00
2025-06-26 14:13:46.159494,599617860160154601,-53.00
2025-06-26 14:13:46.159494,599617860160154601,-51.00
2025-06-26 14:13:46.159494,599617860160154601,-53.00
2025-06-26 14:13:46.159494,599617860160154601,-61.00
2025-06-26 14:13:46.159494,599617860160154601,-73.00
2025-06-26 14:13:46.159494,599617860160154601,-75.00
2025-06-26 14:13:46.159494,599617860160154601,-61.00
2025-06-26 14:13:46.159494,599617860160154601,-53.00
2025-06-26 14:13:46.159494,599617860160154601,-31.00
2025-06-26 14:13:46.159494,599617860160154601,-14.00
2025-06-26 14:13:46.159494,599617860160154601,-34.00
2025-06-26 14:13:46.159494,599617860160154601,-56.00
2025-06-26 14:13:46.159494,599617860160154601,-46.00
2025-06-26 14:13:46.159494,599617860160154601,-36.00
2025-06-26 14:13:46.159494,599617860160154601,-46.00
2025-06-26 14:13:46.159494,599617860160154601,-46.00
2025-06-26 14:13:46.159494,599617860160154601,-46.00
2025-06-26 14:13:46.159494,599617860160154601,-58.00
2025-06-26 14:13:46.159494,599617860160154601,-61.00
2025-06-26 14:13:46.159494,599617860160154601,-53.00
2025-06-26 14:13:46.159494,599617860160154601,-56.00
2025-06-26 14:13:46.159494,599617860160154601,-51.00
2025-06-26 14:13:46.159494,599617860160154601,46.00
2025-06-26 14:13:46.159494,599617860160154601,274.00
2025-06-26 14:13:46.159494,599617860160154601,536.00
2025-06-26 14:13:46.159494,599617860160154601,636.00
2025-06-26 14:13:46.159494,599617860160154601,372.00
2025-06-26 14:13:46.159494,599617860160154601,-100.00
2025-06-26 14:13:46.159494,599617860160154601,-242.00
2025-06-26 14:13:46.159494,599617860160154601,-53.00
2025-06-26 14:13:46.697125,599617860720821124,-31.00
2025-06-26 14:13:46.697125,599617860720821124,-142.00
2025-06-26 14:13:46.697125,599617860720821124,-115.00
2025-06-26 14:13:46.697125,599617860720821124,-66.00
2025-06-26 14:13:46.697125,599617860720821124,-83.00
2025-06-26 14:13:46.697125,599617860720821124,-85.00
2025-06-26 14:13:46.697125,599617860720821124,-53.00
2025-06-26 14:13:46.697125,599617860720821124,-41.00
2025-06-26 14:13:46.697125,599617860720821124,-58.00
2025-06-26 14:13:46.697125,599617860720821124,-58.00
2025-06-26 14:13:46.697125,599617860720821124,-34.00
2025-06-26 14:13:46.697125,599617860720821124,-14.00
2025-06-26 14:13:46.697125,599617860720821124,-17.00
2025-06-26 14:13:46.697125,599617860720821124,-14.00
2025-06-26 14:13:46.697125,599617860720821124,0.00
2025-06-26 14:13:46.697125,599617860720821124,9.00
2025-06-26 14:13:46.697125,599617860720821124,22.00
2025-06-26 14:13:46.697125,599617860720821124,39.00
2025-06-26 14:13:46.697125,599617860720821124,51.00
2025-06-26 14:13:46.697125,599617860720821124,58.00
2025-06-26 14:13:46.697125,599617860720821124,68.00
2025-06-26 14:13:46.697125,599617860720821124,83.00
2025-06-26 14:13:46.697125,599617860720821124,97.00
2025-06-26 14:13:46.697125,599617860720821124,107.00
2025-06-26 14:13:46.697125,599617860720821124,107.00
2025-06-26 14:13:46.697125,599617860720821124,88.00
2025-06-26 14:13:46.697125,599617860720821124,66.00
2025-06-26 14:13:46.697125,599617860720821124,46.00
2025-06-26 14:13:46.697125,599617860720821124,12.00
2025-06-26 14:13:46.697125,599617860720821124,-41.00
2025-06-26 14:13:46.697125,599617860720821124,-97.00
2025-06-26 14:13:46.697125,599617860720821124,-124.00
2025-06-26 14:13:46.697125,599617860720821124,-132.00
2025-06-26 14:13:46.697125,599617860720821124,-139.00
2025-06-26 14:13:46.697125,599617860720821124,-139.00
2025-06-26 14:13:46.697125,599617860720821124,-139.00
2025-06-26 14:13:46.697125,599617860720821124,-146.00
2025-06-26 14:13:46.697125,599617860720821124,-139.00
2025-06-26 14:13:46.697125,599617860720821124,-129.00
2025-06-26 14:13:46.697125,599617860720821124,-137.00
2025-06-26 14:13:46.697125,599617860720821124,-139.00
2025-06-26 14:13:46.697125,599617860720821124,-127.00
2025-06-26 14:13:46.697125,599617860720821124,-132.00
2025-06-26 14:13:46.697125,599617860720821124,-137.00
2025-06-26 14:13:46.697125,599617860720821124,-124.00
2025-06-26 14:13:46.697125,599617860720821124,-115.00
2025-06-26 14:13:46.697125,599617860720821124,-117.00
2025-06-26 14:13:46.697125,599617860720821124,-110.00
2025-06-26 14:13:46.697125,599617860720821124,-97.00
2025-06-26 14:13:46.697125,599617860720821124,-105.00
2025-06-26 14:13:46.697125,599617860720821124,-107.00
2025-06-26 14:13:46.697125,599617860720821124,-90.00
2025-06-26 14:13:46.697125,599617860720821124,-88.00
2025-06-26 14:13:46.697125,599617860720821124,-102.00
2025-06-26 14:13:46.697125,599617860720821124,-100.00
2025-06-26 14:13:46.697125,599617860720821124,-93.00
2025-06-26 14:13:46.697125,599617860720821124,-97.00
2025-06-26 14:13:46.697125,599617860720821124,-97.00
2025-06-26 14:13:46.697125,599617860720821124,-88.00
2025-06-26 14:13:46.697125,599617860720821124,-80.00
2025-06-26 14:13:46.697125,599617860720821124,-83.00
2025-06-26 14:13:46.697125,599617860720821124,-85.00
2025-06-26 14:13:46.697125,599617860720821124,-88.00
2025-06-26 14:13:46.697125,599617860720821124,-90.00
2025-06-26 14:13:46.697125,599617860720821124,-80.00
2025-06-26 14:13:46.697125,599617860720821124,-73.00
2025-06-26 14:13:46.697125,599617860720821124,-80.00
2025-06-26 14:13:46.697125,599617860720821124,-88.00
2025-06-26 14:13:46.697125,599617860720821124,-85.00
2025-06-26 14:13:46.697125,599617860720821124,-71.00
2025-06-26 14:13:46.697125,599617860720821124,-73.00
2025-06-26 14:13:46.697125,599617860720821124,-83.00
2025-06-26 14:13:46.697125,599617860720821124,-75.00
2025-06-26 14:13:47.297495,599617861281518167,-68.00
2025-06-26 14:13:47.297495,599617861281518167,-71.00
2025-06-26 14:13:47.297495,599617861281518167,-73.00
2025-06-26 14:13:47.297495,599617861281518167,-75.00
2025-06-26 14:13:47.297495,599617861281518167,-73.00
2025-06-26 14:13:47.297495,599617861281518167,-66.00
2025-06-26 14:13:47.297495,599617861281518167,-63.00
2025-06-26 14:13:47.297495,599617861281518167,-68.00
2025-06-26 14:13:47.297495,599617861281518167,-56.00
2025-06-26 14:13:47.297495,599617861281518167,-39.00
2025-06-26 14:13:47.297495,599617861281518167,-34.00
2025-06-26 14:13:47.297495,599617861281518167,-34.00
2025-06-26 14:13:47.297495,599617861281518167,-26.00
2025-06-26 14:13:47.297495,599617861281518167,-24.00
2025-06-26 14:13:47.297495,599617861281518167,-34.00
2025-06-26 14:13:47.297495,599617861281518167,-56.00
2025-06-26 14:13:47.297495,599617861281518167,-68.00
2025-06-26 14:13:47.297495,599617861281518167,-68.00
2025-06-26 14:13:47.297495,599617861281518167,-71.00
2025-06-26 14:13:47.297495,599617861281518167,-66.00
2025-06-26 14:13:47.297495,599617861281518167,-56.00
2025-06-26 14:13:47.297495,599617861281518167,-48.00
2025-06-26 14:13:47.297495,599617861281518167,-53.00
2025-06-26 14:13:47.297495,599617861281518167,-71.00
2025-06-26 14:13:47.297495,599617861281518167,-14.00
2025-06-26 14:13:47.297495,599617861281518167,183.00
2025-06-26 14:13:47.297495,599617861281518167,443.00
2025-06-26 14:13:47.297495,599617861281518167,605.00
2025-06-26 14:13:47.297495,599617861281518167,472.00
2025-06-26 14:13:47.297495,599617861281518167,34.00
2025-06-26 14:13:47.297495,599617861281518167,-276.00
2025-06-26 14:13:47.297495,599617861281518167,-156.00
2025-06-26 14:13:47.297495,599617861281518167,-14.00
2025-06-26 14:13:47.297495,599617861281518167,-93.00
2025-06-26 14:13:47.297495,599617861281518167,-120.00
2025-06-26 14:13:47.297495,599617861281518167,-78.00
2025-06-26 14:13:47.297495,599617861281518167,-93.00
2025-06-26 14:13:47.297495,599617861281518167,-93.00
2025-06-26 14:13:47.297495,599617861281518167,-58.00
2025-06-26 14:13:47.297495,599617861281518167,-53.00
2025-06-26 14:13:47.297495,599617861281518167,-61.00
2025-06-26 14:13:47.297495,599617861281518167,-48.00
2025-06-26 14:13:47.297495,599617861281518167,-34.00
2025-06-26 14:13:47.297495,599617861281518167,-22.00
2025-06-26 14:13:47.297495,599617861281518167,-26.00
2025-06-26 14:13:47.297495,599617861281518167,-31.00
2025-06-26 14:13:47.297495,599617861281518167,-17.00
2025-06-26 14:13:47.297495,599617861281518167,-2.00
2025-06-26 14:13:47.297495,599617861281518167,2.00
2025-06-26 14:13:47.297495,599617861281518167,19.00
2025-06-26 14:13:47.297495,599617861281518167,39.00
2025-06-26 14:13:47.297495,599617861281518167,46.00
2025-06-26 14:13:47.297495,599617861281518167,53.00
2025-06-26 14:13:47.297495,599617861281518167,73.00
2025-06-26 14:13:47.297495,599617861281518167,83.00
2025-06-26 14:13:47.297495,599617861281518167,80.00
2025-06-26 14:13:47.297495,599617861281518167,80.00
2025-06-26 14:13:47.297495,599617861281518167,85.00
2025-06-26 14:13:47.297495,599617861281518167,75.00
2025-06-26 14:13:47.297495,599617861281518167,51.00
2025-06-26 14:13:47.297495,599617861281518167,19.00
2025-06-26 14:13:47.297495,599617861281518167,-24.00
2025-06-26 14:13:47.297495,599617861281518167,-68.00
2025-06-26 14:13:47.297495,599617861281518167,-95.00
2025-06-26 14:13:47.297495,599617861281518167,-120.00
2025-06-26 14:13:47.297495,599617861281518167,-139.00
2025-06-26 14:13:47.297495,599617861281518167,-137.00
2025-06-26 14:13:47.297495,599617861281518167,-127.00
2025-06-26 14:13:47.297495,599617861281518167,-129.00
2025-06-26 14:13:47.297495,599617861281518167,-134.00
2025-06-26 14:13:47.297495,599617861281518167,-124.00
2025-06-26 14:13:47.297495,599617861281518167,-120.00
2025-06-26 14:13:47.297495,599617861281518167,-127.00
2025-06-26 14:13:47.896832,599617861842184690,-117.00
2025-06-26 14:13:47.896832,599617861842184690,-97.00
2025-06-26 14:13:47.896832,599617861842184690,-93.00
2025-06-26 14:13:47.896832,599617861842184690,-97.00
2025-06-26 14:13:47.896832,599617861842184690,-97.00
2025-06-26 14:13:47.896832,599617861842184690,-93.00
2025-06-26 14:13:47.896832,599617861842184690,-88.00
2025-06-26 14:13:47.896832,599617861842184690,-83.00
2025-06-26 14:13:47.896832,599617861842184690,-80.00
2025-06-26 14:13:47.896832,599617861842184690,-83.00
2025-06-26 14:13:47.896832,599617861842184690,-78.00
2025-06-26 14:13:47.896832,599617861842184690,-71.00
2025-06-26 14:13:47.896832,599617861842184690,-73.00
2025-06-26 14:13:47.896832,599617861842184690,-73.00
2025-06-26 14:13:47.896832,599617861842184690,-73.00
2025-06-26 14:13:47.896832,599617861842184690,-73.00
2025-06-26 14:13:47.896832,599617861842184690,-71.00
2025-06-26 14:13:47.896832,599617861842184690,-63.00
2025-06-26 14:13:47.896832,599617861842184690,-63.00
2025-06-26 14:13:47.896832,599617861842184690,-66.00
2025-06-26 14:13:47.896832,599617861842184690,-58.00
2025-06-26 14:13:47.896832,599617861842184690,-53.00
2025-06-26 14:13:47.896832,599617861842184690,-66.00
2025-06-26 14:13:47.896832,599617861842184690,-68.00
2025-06-26 14:13:47.896832,599617861842184690,-53.00
2025-06-26 14:13:47.896832,599617861842184690,-51.00
2025-06-26 14:13:47.896832,599617861842184690,-58.00
2025-06-26 14:13:47.896832,599617861842184690,-51.00
2025-06-26 14:13:47.896832,599617861842184690,-41.00
2025-06-26 14:13:47.896832,599617861842184690,-48.00
2025-06-26 14:13:47.896832,599617861842184690,-51.00
2025-06-26 14:13:47.896832,599617861842184690,-44.00
2025-06-26 14:13:47.896832,599617861842184690,-44.00
2025-06-26 14:13:47.896832,599617861842184690,-41.00
2025-06-26 14:13:47.896832,599617861842184690,-39.00
2025-06-26 14:13:47.896832,599617861842184690,-44.00
2025-06-26 14:13:47.896832,599617861842184690,-53.00
2025-06-26 14:13:47.896832,599617861842184690,-48.00
2025-06-26 14:13:47.896832,599617861842184690,-39.00
2025-06-26 14:13:47.896832,599617861842184690,-39.00
2025-06-26 14:13:47.896832,599617861842184690,-36.00
2025-06-26 14:13:47.896832,599617861842184690,-36.00
2025-06-26 14:13:47.896832,599617861842184690,-41.00
2025-06-26 14:13:47.896832,599617861842184690,-41.00
2025-06-26 14:13:47.896832,599617861842184690,-36.00
2025-06-26 14:13:47.896832,599617861842184690,-34.00
2025-06-26 14:13:47.896832,599617861842184690,-39.00
2025-06-26 14:13:47.896832,599617861842184690,-39.00
2025-06-26 14:13:47.896832,599617861842184690,-36.00
2025-06-26 14:13:47.896832,599617861842184690,-14.00
2025-06-26 14:13:47.896832,599617861842184690,14.00
2025-06-26 14:13:47.896832,599617861842184690,12.00
2025-06-26 14:13:47.896832,599617861842184690,-17.00
2025-06-26 14:13:47.896832,599617861842184690,-26.00
2025-06-26 14:13:47.896832,599617861842184690,-22.00
2025-06-26 14:13:47.896832,599617861842184690,-22.00
2025-06-26 14:13:47.896832,599617861842184690,-26.00
2025-06-26 14:13:47.896832,599617861842184690,-39.00
2025-06-26 14:13:47.896832,599617861842184690,-46.00
2025-06-26 14:13:47.896832,599617861842184690,-34.00
2025-06-26 14:13:47.896832,599617861842184690,-22.00
2025-06-26 14:13:47.896832,599617861842184690,-36.00
2025-06-26 14:13:47.896832,599617861842184690,-51.00
2025-06-26 14:13:47.896832,599617861842184690,-14.00
2025-06-26 14:13:47.896832,599617861842184690,115.00
2025-06-26 14:13:47.896832,599617861842184690,345.00
2025-06-26 14:13:47.896832,599617861842184690,590.00
2025-06-26 14:13:47.896832,599617861842184690,634.00
2025-06-26 14:13:47.896832,599617861842184690,306.00
2025-06-26 14:13:47.896832,599617861842184690,-137.00
2025-06-26 14:13:47.896832,599617861842184690,-203.00
2025-06-26 14:13:47.896832,599617861842184690,-17.00
2025-06-26 14:13:47.896832,599617861842184690,-14.00
2025-06-26 14:13:48.406838,599617862402851213,-100.00
2025-06-26 14:13:48.406838,599617862402851213,-73.00
2025-06-26 14:13:48.406838,599617862402851213,-48.00
2025-06-26 14:13:48.406838,599617862402851213,-68.00
2025-06-26 14:13:48.406838,599617862402851213,-58.00
2025-06-26 14:13:48.406838,599617862402851213,-34.00
2025-06-26 14:13:48.406838,599617862402851213,-24.00
2025-06-26 14:13:48.406838,599617862402851213,-19.00
2025-06-26 14:13:48.406838,599617862402851213,-14.00
2025-06-26 14:13:48.406838,599617862402851213,-7.00
2025-06-26 14:13:48.406838,599617862402851213,0.00
2025-06-26 14:13:48.406838,599617862402851213,7.00
2025-06-26 14:13:48.406838,599617862402851213,24.00
2025-06-26 14:13:48.406838,599617862402851213,36.00
2025-06-26 14:13:48.406838,599617862402851213,34.00
2025-06-26 14:13:48.406838,599617862402851213,41.00
2025-06-26 14:13:48.406838,599617862402851213,63.00
2025-06-26 14:13:48.406838,599617862402851213,78.00
2025-06-26 14:13:48.406838,599617862402851213,85.00
2025-06-26 14:13:48.406838,599617862402851213,95.00
2025-06-26 14:13:48.406838,599617862402851213,105.00
2025-06-26 14:13:48.406838,599617862402851213,112.00
2025-06-26 14:13:48.406838,599617862402851213,122.00
2025-06-26 14:13:48.406838,599617862402851213,122.00
2025-06-26 14:13:48.406838,599617862402851213,122.00
2025-06-26 14:13:48.406838,599617862402851213,115.00
2025-06-26 14:13:48.406838,599617862402851213,78.00
2025-06-26 14:13:48.406838,599617862402851213,34.00
2025-06-26 14:13:48.406838,599617862402851213,4.00
2025-06-26 14:13:48.406838,599617862402851213,-31.00
2025-06-26 14:13:48.406838,599617862402851213,-75.00
2025-06-26 14:13:48.406838,599617862402851213,-95.00
2025-06-26 14:13:48.406838,599617862402851213,-93.00
2025-06-26 14:13:48.406838,599617862402851213,-95.00
2025-06-26 14:13:48.406838,599617862402851213,-95.00
2025-06-26 14:13:48.406838,599617862402851213,-93.00
2025-06-26 14:13:48.406838,599617862402851213,-93.00
2025-06-26 14:13:48.406838,599617862402851213,-90.00
2025-06-26 14:13:48.406838,599617862402851213,-83.00
2025-06-26 14:13:48.406838,599617862402851213,-78.00
2025-06-26 14:13:48.406838,599617862402851213,-78.00
2025-06-26 14:13:48.406838,599617862402851213,-78.00
2025-06-26 14:13:48.406838,599617862402851213,-73.00
2025-06-26 14:13:48.406838,599617862402851213,-58.00
2025-06-26 14:13:48.406838,599617862402851213,-48.00
2025-06-26 14:13:48.406838,599617862402851213,-56.00
2025-06-26 14:13:48.406838,599617862402851213,-63.00
2025-06-26 14:13:48.406838,599617862402851213,-48.00
2025-06-26 14:13:48.406838,599617862402851213,-36.00
2025-06-26 14:13:48.406838,599617862402851213,-44.00
2025-06-26 14:13:48.406838,599617862402851213,-44.00
2025-06-26 14:13:48.406838,599617862402851213,-39.00
2025-06-26 14:13:48.406838,599617862402851213,-36.00
2025-06-26 14:13:48.406838,599617862402851213,-34.00
2025-06-26 14:13:48.406838,599617862402851213,-34.00
2025-06-26 14:13:48.406838,599617862402851213,-36.00
2025-06-26 14:13:48.406838,599617862402851213,-36.00
2025-06-26 14:13:48.406838,599617862402851213,-39.00
2025-06-26 14:13:48.406838,599617862402851213,-44.00
2025-06-26 14:13:48.406838,599617862402851213,-36.00
2025-06-26 14:13:48.406838,599617862402851213,-26.00
2025-06-26 14:13:48.406838,599617862402851213,-26.00
2025-06-26 14:13:48.406838,599617862402851213,-24.00
2025-06-26 14:13:48.406838,599617862402851213,-19.00
2025-06-26 14:13:48.406838,599617862402851213,-22.00
2025-06-26 14:13:48.406838,599617862402851213,-22.00
2025-06-26 14:13:48.406838,599617862402851213,-24.00
2025-06-26 14:13:48.406838,599617862402851213,-24.00
2025-06-26 14:13:48.406838,599617862402851213,-24.00
2025-06-26 14:13:48.406838,599617862402851213,-17.00
2025-06-26 14:13:48.406838,599617862402851213,-12.00
2025-06-26 14:13:48.406838,599617862402851213,-17.00
2025-06-26 14:13:48.406838,599617862402851213,-17.00
2025-06-26 14:13:49.127110,599617862963527910,-14.00
2025-06-26 14:13:49.127110,599617862963527910,-19.00
2025-06-26 14:13:49.127110,599617862963527910,-12.00
2025-06-26 14:13:49.127110,599617862963527910,0.00
2025-06-26 14:13:49.127110,599617862963527910,-9.00
2025-06-26 14:13:49.127110,599617862963527910,-19.00
2025-06-26 14:13:49.127110,599617862963527910,-4.00
2025-06-26 14:13:49.127110,599617862963527910,17.00
2025-06-26 14:13:49.127110,599617862963527910,41.00
2025-06-26 14:13:49.127110,599617862963527910,44.00
2025-06-26 14:13:49.127110,599617862963527910,22.00
2025-06-26 14:13:49.127110,599617862963527910,7.00
2025-06-26 14:13:49.127110,599617862963527910,9.00
2025-06-26 14:13:49.127110,599617862963527910,12.00
2025-06-26 14:13:49.127110,599617862963527910,2.00
2025-06-26 14:13:49.127110,599617862963527910,-7.00
2025-06-26 14:13:49.127110,599617862963527910,-4.00
2025-06-26 14:13:49.127110,599617862963527910,0.00
2025-06-26 14:13:49.127110,599617862963527910,2.00
2025-06-26 14:13:49.127110,599617862963527910,4.00
2025-06-26 14:13:49.127110,599617862963527910,7.00
2025-06-26 14:13:49.127110,599617862963527910,14.00
2025-06-26 14:13:49.127110,599617862963527910,102.00
2025-06-26 14:13:49.127110,599617862963527910,325.00
2025-06-26 14:13:49.127110,599617862963527910,587.00
2025-06-26 14:13:49.127110,599617862963527910,678.00
2025-06-26 14:13:49.127110,599617862963527910,416.00
2025-06-26 14:13:49.127110,599617862963527910,-39.00
2025-06-26 14:13:49.127110,599617862963527910,-208.00
2025-06-26 14:13:49.127110,599617862963527910,-34.00
2025-06-26 14:13:49.127110,599617862963527910,26.00
2025-06-26 14:13:49.127110,599617862963527910,-58.00
2025-06-26 14:13:49.127110,599617862963527910,-53.00
2025-06-26 14:13:49.127110,599617862963527910,-22.00
2025-06-26 14:13:49.127110,599617862963527910,-36.00
2025-06-26 14:13:49.127110,599617862963527910,-24.00
2025-06-26 14:13:49.127110,599617862963527910,-2.00
2025-06-26 14:13:49.127110,599617862963527910,-7.00
2025-06-26 14:13:49.127110,599617862963527910,-7.00
2025-06-26 14:13:49.127110,599617862963527910,7.00
2025-06-26 14:13:49.127110,599617862963527910,17.00
2025-06-26 14:13:49.127110,599617862963527910,26.00
2025-06-26 14:13:49.127110,599617862963527910,36.00
2025-06-26 14:13:49.127110,599617862963527910,46.00
2025-06-26 14:13:49.127110,599617862963527910,51.00
2025-06-26 14:13:49.127110,599617862963527910,46.00
2025-06-26 14:13:49.127110,599617862963527910,51.00
2025-06-26 14:13:49.127110,599617862963527910,75.00
2025-06-26 14:13:49.127110,599617862963527910,97.00
2025-06-26 14:13:49.127110,599617862963527910,105.00
2025-06-26 14:13:49.127110,599617862963527910,115.00
2025-06-26 14:13:49.127110,599617862963527910,124.00
2025-06-26 14:13:49.127110,599617862963527910,129.00
2025-06-26 14:13:49.127110,599617862963527910,134.00
2025-06-26 14:13:49.127110,599617862963527910,134.00
2025-06-26 14:13:49.127110,599617862963527910,132.00
2025-06-26 14:13:49.127110,599617862963527910,117.00
2025-06-26 14:13:49.127110,599617862963527910,80.00
2025-06-26 14:13:49.127110,599617862963527910,34.00
2025-06-26 14:13:49.127110,599617862963527910,-9.00
2025-06-26 14:13:49.127110,599617862963527910,-53.00
2025-06-26 14:13:49.127110,599617862963527910,-83.00
2025-06-26 14:13:49.127110,599617862963527910,-100.00
2025-06-26 14:13:49.127110,599617862963527910,-102.00
2025-06-26 14:13:49.127110,599617862963527910,-97.00
2025-06-26 14:13:49.127110,599617862963527910,-110.00
2025-06-26 14:13:49.127110,599617862963527910,-124.00
2025-06-26 14:13:49.127110,599617862963527910,-115.00
2025-06-26 14:13:49.127110,599617862963527910,-97.00
2025-06-26 14:13:49.127110,599617862963527910,-95.00
2025-06-26 14:13:49.127110,599617862963527910,-102.00
2025-06-26 14:13:49.127110,599617862963527910,-102.00
2025-06-26 14:13:49.127110,599617862963527910,-93.00
