Timestamp,Device Timestamp (ns),ECG Value (uV)
2025-06-26 14:12:10.968082,599617764845380771,-159.00
2025-06-26 14:12:10.968082,599617764845380771,-154.00
2025-06-26 14:12:10.968082,599617764845380771,-146.00
2025-06-26 14:12:10.968082,599617764845380771,-142.00
2025-06-26 14:12:10.968082,599617764845380771,-137.00
2025-06-26 14:12:10.968082,599617764845380771,-129.00
2025-06-26 14:12:10.968082,599617764845380771,-124.00
2025-06-26 14:12:10.968082,599617764845380771,-120.00
2025-06-26 14:12:10.968082,599617764845380771,-115.00
2025-06-26 14:12:10.968082,599617764845380771,-107.00
2025-06-26 14:12:10.968082,599617764845380771,-105.00
2025-06-26 14:12:10.968082,599617764845380771,-102.00
2025-06-26 14:12:10.968082,599617764845380771,-102.00
2025-06-26 14:12:10.968082,599617764845380771,-97.00
2025-06-26 14:12:10.968082,599617764845380771,-97.00
2025-06-26 14:12:10.968082,599617764845380771,-95.00
2025-06-26 14:12:10.968082,599617764845380771,-95.00
2025-06-26 14:12:10.968082,599617764845380771,-93.00
2025-06-26 14:12:10.968082,599617764845380771,-93.00
2025-06-26 14:12:10.968082,599617764845380771,-90.00
2025-06-26 14:12:10.968082,599617764845380771,-90.00
2025-06-26 14:12:10.968082,599617764845380771,-90.00
2025-06-26 14:12:10.968082,599617764845380771,-88.00
2025-06-26 14:12:10.968082,599617764845380771,-88.00
2025-06-26 14:12:10.968082,599617764845380771,-85.00
2025-06-26 14:12:10.968082,599617764845380771,-83.00
2025-06-26 14:12:10.968082,599617764845380771,-83.00
2025-06-26 14:12:10.968082,599617764845380771,-83.00
2025-06-26 14:12:10.968082,599617764845380771,-80.00
2025-06-26 14:12:10.968082,599617764845380771,-75.00
2025-06-26 14:12:10.968082,599617764845380771,-75.00
2025-06-26 14:12:10.968082,599617764845380771,-78.00
2025-06-26 14:12:10.968082,599617764845380771,-83.00
2025-06-26 14:12:10.968082,599617764845380771,-83.00
2025-06-26 14:12:10.968082,599617764845380771,-73.00
2025-06-26 14:12:10.968082,599617764845380771,-53.00
2025-06-26 14:12:10.968082,599617764845380771,-34.00
2025-06-26 14:12:10.968082,599617764845380771,-36.00
2025-06-26 14:12:10.968082,599617764845380771,-51.00
2025-06-26 14:12:10.968082,599617764845380771,-53.00
2025-06-26 14:12:10.968082,599617764845380771,-58.00
2025-06-26 14:12:10.968082,599617764845380771,-68.00
2025-06-26 14:12:10.968082,599617764845380771,-73.00
2025-06-26 14:12:10.968082,599617764845380771,-73.00
2025-06-26 14:12:10.968082,599617764845380771,-73.00
2025-06-26 14:12:10.968082,599617764845380771,-71.00
2025-06-26 14:12:10.968082,599617764845380771,-68.00
2025-06-26 14:12:10.968082,599617764845380771,-78.00
2025-06-26 14:12:10.968082,599617764845380771,-71.00
2025-06-26 14:12:10.968082,599617764845380771,34.00
2025-06-26 14:12:10.968082,599617764845380771,274.00
2025-06-26 14:12:10.968082,599617764845380771,563.00
2025-06-26 14:12:10.968082,599617764845380771,680.00
2025-06-26 14:12:10.968082,599617764845380771,389.00
2025-06-26 14:12:10.968082,599617764845380771,-127.00
2025-06-26 14:12:10.968082,599617764845380771,-286.00
2025-06-26 14:12:10.968082,599617764845380771,-75.00
2025-06-26 14:12:10.968082,599617764845380771,-39.00
2025-06-26 14:12:10.968082,599617764845380771,-144.00
2025-06-26 14:12:10.968082,599617764845380771,-117.00
2025-06-26 14:12:10.968082,599617764845380771,-75.00
2025-06-26 14:12:10.968082,599617764845380771,-97.00
2025-06-26 14:12:10.968082,599617764845380771,-93.00
2025-06-26 14:12:10.968082,599617764845380771,-66.00
2025-06-26 14:12:10.968082,599617764845380771,-66.00
2025-06-26 14:12:10.968082,599617764845380771,-63.00
2025-06-26 14:12:10.968082,599617764845380771,-48.00
2025-06-26 14:12:10.968082,599617764845380771,-44.00
2025-06-26 14:12:10.968082,599617764845380771,-36.00
2025-06-26 14:12:10.968082,599617764845380771,-24.00
2025-06-26 14:12:10.968082,599617764845380771,-17.00
2025-06-26 14:12:10.968082,599617764845380771,-9.00
2025-06-26 14:12:10.968082,599617764845380771,2.00
2025-06-26 14:12:11.445029,599617765406077812,14.00
2025-06-26 14:12:11.445029,599617765406077812,26.00
2025-06-26 14:12:11.445029,599617765406077812,36.00
2025-06-26 14:12:11.445029,599617765406077812,46.00
2025-06-26 14:12:11.445029,599617765406077812,58.00
2025-06-26 14:12:11.445029,599617765406077812,68.00
2025-06-26 14:12:11.445029,599617765406077812,75.00
2025-06-26 14:12:11.445029,599617765406077812,80.00
2025-06-26 14:12:11.445029,599617765406077812,78.00
2025-06-26 14:12:11.445029,599617765406077812,68.00
2025-06-26 14:12:11.445029,599617765406077812,46.00
2025-06-26 14:12:11.445029,599617765406077812,9.00
2025-06-26 14:12:11.445029,599617765406077812,-39.00
2025-06-26 14:12:11.445029,599617765406077812,-83.00
2025-06-26 14:12:11.445029,599617765406077812,-117.00
2025-06-26 14:12:11.445029,599617765406077812,-139.00
2025-06-26 14:12:11.445029,599617765406077812,-154.00
2025-06-26 14:12:11.445029,599617765406077812,-161.00
2025-06-26 14:12:11.445029,599617765406077812,-161.00
2025-06-26 14:12:11.445029,599617765406077812,-159.00
2025-06-26 14:12:11.445029,599617765406077812,-156.00
2025-06-26 14:12:11.445029,599617765406077812,-154.00
2025-06-26 14:12:11.445029,599617765406077812,-149.00
2025-06-26 14:12:11.445029,599617765406077812,-139.00
2025-06-26 14:12:11.445029,599617765406077812,-134.00
2025-06-26 14:12:11.445029,599617765406077812,-129.00
2025-06-26 14:12:11.445029,599617765406077812,-124.00
2025-06-26 14:12:11.445029,599617765406077812,-120.00
2025-06-26 14:12:11.445029,599617765406077812,-117.00
2025-06-26 14:12:11.445029,599617765406077812,-115.00
2025-06-26 14:12:11.445029,599617765406077812,-110.00
2025-06-26 14:12:11.445029,599617765406077812,-107.00
2025-06-26 14:12:11.445029,599617765406077812,-105.00
2025-06-26 14:12:11.445029,599617765406077812,-102.00
2025-06-26 14:12:11.445029,599617765406077812,-100.00
2025-06-26 14:12:11.445029,599617765406077812,-100.00
2025-06-26 14:12:11.445029,599617765406077812,-97.00
2025-06-26 14:12:11.445029,599617765406077812,-95.00
2025-06-26 14:12:11.445029,599617765406077812,-95.00
2025-06-26 14:12:11.445029,599617765406077812,-95.00
2025-06-26 14:12:11.445029,599617765406077812,-95.00
2025-06-26 14:12:11.445029,599617765406077812,-95.00
2025-06-26 14:12:11.445029,599617765406077812,-93.00
2025-06-26 14:12:11.445029,599617765406077812,-90.00
2025-06-26 14:12:11.445029,599617765406077812,-90.00
2025-06-26 14:12:11.445029,599617765406077812,-90.00
2025-06-26 14:12:11.445029,599617765406077812,-85.00
2025-06-26 14:12:11.445029,599617765406077812,-85.00
2025-06-26 14:12:11.445029,599617765406077812,-85.00
2025-06-26 14:12:11.445029,599617765406077812,-83.00
2025-06-26 14:12:11.445029,599617765406077812,-78.00
2025-06-26 14:12:11.445029,599617765406077812,-75.00
2025-06-26 14:12:11.445029,599617765406077812,-75.00
2025-06-26 14:12:11.445029,599617765406077812,-73.00
2025-06-26 14:12:11.445029,599617765406077812,-71.00
2025-06-26 14:12:11.445029,599617765406077812,-73.00
2025-06-26 14:12:11.445029,599617765406077812,-75.00
2025-06-26 14:12:11.445029,599617765406077812,-78.00
2025-06-26 14:12:11.445029,599617765406077812,-75.00
2025-06-26 14:12:11.445029,599617765406077812,-66.00
2025-06-26 14:12:11.445029,599617765406077812,-44.00
2025-06-26 14:12:11.445029,599617765406077812,-24.00
2025-06-26 14:12:11.445029,599617765406077812,-36.00
2025-06-26 14:12:11.445029,599617765406077812,-51.00
2025-06-26 14:12:11.445029,599617765406077812,-48.00
2025-06-26 14:12:11.445029,599617765406077812,-53.00
2025-06-26 14:12:11.445029,599617765406077812,-66.00
2025-06-26 14:12:11.445029,599617765406077812,-68.00
2025-06-26 14:12:11.445029,599617765406077812,-66.00
2025-06-26 14:12:11.445029,599617765406077812,-66.00
2025-06-26 14:12:11.445029,599617765406077812,-63.00
2025-06-26 14:12:11.445029,599617765406077812,-63.00
2025-06-26 14:12:11.445029,599617765406077812,-73.00
2025-06-26 14:12:12.015037,599617765966769765,-61.00
2025-06-26 14:12:12.015037,599617765966769765,44.00
2025-06-26 14:12:12.015037,599617765966769765,276.00
2025-06-26 14:12:12.015037,599617765966769765,548.00
2025-06-26 14:12:12.015037,599617765966769765,649.00
2025-06-26 14:12:12.015037,599617765966769765,357.00
2025-06-26 14:12:12.015037,599617765966769765,-134.00
2025-06-26 14:12:12.015037,599617765966769765,-269.00
2025-06-26 14:12:12.015037,599617765966769765,-61.00
2025-06-26 14:12:12.015037,599617765966769765,-29.00
2025-06-26 14:12:12.015037,599617765966769765,-129.00
2025-06-26 14:12:12.015037,599617765966769765,-102.00
2025-06-26 14:12:12.015037,599617765966769765,-63.00
2025-06-26 14:12:12.015037,599617765966769765,-85.00
2025-06-26 14:12:12.015037,599617765966769765,-80.00
2025-06-26 14:12:12.015037,599617765966769765,-56.00
2025-06-26 14:12:12.015037,599617765966769765,-56.00
2025-06-26 14:12:12.015037,599617765966769765,-51.00
2025-06-26 14:12:12.015037,599617765966769765,-39.00
2025-06-26 14:12:12.015037,599617765966769765,-31.00
2025-06-26 14:12:12.015037,599617765966769765,-26.00
2025-06-26 14:12:12.015037,599617765966769765,-17.00
2025-06-26 14:12:12.015037,599617765966769765,-7.00
2025-06-26 14:12:12.015037,599617765966769765,-2.00
2025-06-26 14:12:12.015037,599617765966769765,9.00
2025-06-26 14:12:12.015037,599617765966769765,19.00
2025-06-26 14:12:12.015037,599617765966769765,29.00
2025-06-26 14:12:12.015037,599617765966769765,39.00
2025-06-26 14:12:12.015037,599617765966769765,51.00
2025-06-26 14:12:12.015037,599617765966769765,61.00
2025-06-26 14:12:12.015037,599617765966769765,66.00
2025-06-26 14:12:12.015037,599617765966769765,73.00
2025-06-26 14:12:12.015037,599617765966769765,75.00
2025-06-26 14:12:12.015037,599617765966769765,75.00
2025-06-26 14:12:12.015037,599617765966769765,71.00
2025-06-26 14:12:12.015037,599617765966769765,51.00
2025-06-26 14:12:12.015037,599617765966769765,14.00
2025-06-26 14:12:12.015037,599617765966769765,-31.00
2025-06-26 14:12:12.015037,599617765966769765,-73.00
2025-06-26 14:12:12.015037,599617765966769765,-107.00
2025-06-26 14:12:12.015037,599617765966769765,-132.00
2025-06-26 14:12:12.015037,599617765966769765,-149.00
2025-06-26 14:12:12.015037,599617765966769765,-151.00
2025-06-26 14:12:12.015037,599617765966769765,-154.00
2025-06-26 14:12:12.015037,599617765966769765,-154.00
2025-06-26 14:12:12.015037,599617765966769765,-149.00
2025-06-26 14:12:12.015037,599617765966769765,-146.00
2025-06-26 14:12:12.015037,599617765966769765,-142.00
2025-06-26 14:12:12.015037,599617765966769765,-134.00
2025-06-26 14:12:12.015037,599617765966769765,-127.00
2025-06-26 14:12:12.015037,599617765966769765,-122.00
2025-06-26 14:12:12.015037,599617765966769765,-117.00
2025-06-26 14:12:12.015037,599617765966769765,-112.00
2025-06-26 14:12:12.015037,599617765966769765,-110.00
2025-06-26 14:12:12.015037,599617765966769765,-107.00
2025-06-26 14:12:12.015037,599617765966769765,-105.00
2025-06-26 14:12:12.015037,599617765966769765,-100.00
2025-06-26 14:12:12.015037,599617765966769765,-100.00
2025-06-26 14:12:12.015037,599617765966769765,-97.00
2025-06-26 14:12:12.015037,599617765966769765,-93.00
2025-06-26 14:12:12.015037,599617765966769765,-93.00
2025-06-26 14:12:12.015037,599617765966769765,-93.00
2025-06-26 14:12:12.015037,599617765966769765,-93.00
2025-06-26 14:12:12.015037,599617765966769765,-93.00
2025-06-26 14:12:12.015037,599617765966769765,-93.00
2025-06-26 14:12:12.015037,599617765966769765,-93.00
2025-06-26 14:12:12.015037,599617765966769765,-93.00
2025-06-26 14:12:12.015037,599617765966769765,-93.00
2025-06-26 14:12:12.015037,599617765966769765,-90.00
2025-06-26 14:12:12.015037,599617765966769765,-90.00
2025-06-26 14:12:12.015037,599617765966769765,-90.00
2025-06-26 14:12:12.015037,599617765966769765,-88.00
2025-06-26 14:12:12.015037,599617765966769765,-88.00
2025-06-26 14:12:12.524658,599617766527441376,-88.00
2025-06-26 14:12:12.524658,599617766527441376,-88.00
2025-06-26 14:12:12.524658,599617766527441376,-85.00
2025-06-26 14:12:12.524658,599617766527441376,-83.00
2025-06-26 14:12:12.524658,599617766527441376,-80.00
2025-06-26 14:12:12.524658,599617766527441376,-75.00
2025-06-26 14:12:12.524658,599617766527441376,-75.00
2025-06-26 14:12:12.524658,599617766527441376,-78.00
2025-06-26 14:12:12.524658,599617766527441376,-78.00
2025-06-26 14:12:12.524658,599617766527441376,-75.00
2025-06-26 14:12:12.524658,599617766527441376,-80.00
2025-06-26 14:12:12.524658,599617766527441376,-80.00
2025-06-26 14:12:12.524658,599617766527441376,-73.00
2025-06-26 14:12:12.524658,599617766527441376,-53.00
2025-06-26 14:12:12.524658,599617766527441376,-31.00
2025-06-26 14:12:12.524658,599617766527441376,-29.00
2025-06-26 14:12:12.524658,599617766527441376,-46.00
2025-06-26 14:12:12.524658,599617766527441376,-53.00
2025-06-26 14:12:12.524658,599617766527441376,-53.00
2025-06-26 14:12:12.524658,599617766527441376,-63.00
2025-06-26 14:12:12.524658,599617766527441376,-71.00
2025-06-26 14:12:12.524658,599617766527441376,-71.00
2025-06-26 14:12:12.524658,599617766527441376,-75.00
2025-06-26 14:12:12.524658,599617766527441376,-73.00
2025-06-26 14:12:12.524658,599617766527441376,-71.00
2025-06-26 14:12:12.524658,599617766527441376,-73.00
2025-06-26 14:12:12.524658,599617766527441376,-80.00
2025-06-26 14:12:12.524658,599617766527441376,-34.00
2025-06-26 14:12:12.524658,599617766527441376,129.00
2025-06-26 14:12:12.524658,599617766527441376,396.00
2025-06-26 14:12:12.524658,599617766527441376,617.00
2025-06-26 14:12:12.524658,599617766527441376,563.00
2025-06-26 14:12:12.524658,599617766527441376,142.00
2025-06-26 14:12:12.524658,599617766527441376,-259.00
2025-06-26 14:12:12.524658,599617766527441376,-218.00
2025-06-26 14:12:12.524658,599617766527441376,-39.00
2025-06-26 14:12:12.524658,599617766527441376,-85.00
2025-06-26 14:12:12.524658,599617766527441376,-134.00
2025-06-26 14:12:12.524658,599617766527441376,-85.00
2025-06-26 14:12:12.524658,599617766527441376,-78.00
2025-06-26 14:12:12.524658,599617766527441376,-93.00
2025-06-26 14:12:12.524658,599617766527441376,-75.00
2025-06-26 14:12:12.524658,599617766527441376,-66.00
2025-06-26 14:12:12.524658,599617766527441376,-66.00
2025-06-26 14:12:12.524658,599617766527441376,-53.00
2025-06-26 14:12:12.524658,599617766527441376,-44.00
2025-06-26 14:12:12.524658,599617766527441376,-41.00
2025-06-26 14:12:12.524658,599617766527441376,-29.00
2025-06-26 14:12:12.524658,599617766527441376,-17.00
2025-06-26 14:12:12.524658,599617766527441376,-12.00
2025-06-26 14:12:12.524658,599617766527441376,-4.00
2025-06-26 14:12:12.524658,599617766527441376,7.00
2025-06-26 14:12:12.524658,599617766527441376,22.00
2025-06-26 14:12:12.524658,599617766527441376,31.00
2025-06-26 14:12:12.524658,599617766527441376,39.00
2025-06-26 14:12:12.524658,599617766527441376,48.00
2025-06-26 14:12:12.524658,599617766527441376,58.00
2025-06-26 14:12:12.524658,599617766527441376,66.00
2025-06-26 14:12:12.524658,599617766527441376,68.00
2025-06-26 14:12:12.524658,599617766527441376,73.00
2025-06-26 14:12:12.524658,599617766527441376,71.00
2025-06-26 14:12:12.524658,599617766527441376,56.00
2025-06-26 14:12:12.524658,599617766527441376,31.00
2025-06-26 14:12:12.524658,599617766527441376,-4.00
2025-06-26 14:12:12.524658,599617766527441376,-51.00
2025-06-26 14:12:12.524658,599617766527441376,-93.00
2025-06-26 14:12:12.524658,599617766527441376,-122.00
2025-06-26 14:12:12.524658,599617766527441376,-142.00
2025-06-26 14:12:12.524658,599617766527441376,-156.00
2025-06-26 14:12:12.524658,599617766527441376,-164.00
2025-06-26 14:12:12.524658,599617766527441376,-164.00
2025-06-26 14:12:12.524658,599617766527441376,-161.00
2025-06-26 14:12:12.524658,599617766527441376,-159.00
2025-06-26 14:12:13.127537,599617767088107901,-154.00
2025-06-26 14:12:13.127537,599617767088107901,-149.00
2025-06-26 14:12:13.127537,599617767088107901,-142.00
2025-06-26 14:12:13.127537,599617767088107901,-134.00
2025-06-26 14:12:13.127537,599617767088107901,-129.00
2025-06-26 14:12:13.127537,599617767088107901,-122.00
2025-06-26 14:12:13.127537,599617767088107901,-117.00
2025-06-26 14:12:13.127537,599617767088107901,-112.00
2025-06-26 14:12:13.127537,599617767088107901,-110.00
2025-06-26 14:12:13.127537,599617767088107901,-107.00
2025-06-26 14:12:13.127537,599617767088107901,-105.00
2025-06-26 14:12:13.127537,599617767088107901,-105.00
2025-06-26 14:12:13.127537,599617767088107901,-105.00
2025-06-26 14:12:13.127537,599617767088107901,-100.00
2025-06-26 14:12:13.127537,599617767088107901,-97.00
2025-06-26 14:12:13.127537,599617767088107901,-100.00
2025-06-26 14:12:13.127537,599617767088107901,-100.00
2025-06-26 14:12:13.127537,599617767088107901,-100.00
2025-06-26 14:12:13.127537,599617767088107901,-97.00
2025-06-26 14:12:13.127537,599617767088107901,-95.00
2025-06-26 14:12:13.127537,599617767088107901,-95.00
2025-06-26 14:12:13.127537,599617767088107901,-93.00
2025-06-26 14:12:13.127537,599617767088107901,-93.00
2025-06-26 14:12:13.127537,599617767088107901,-93.00
2025-06-26 14:12:13.127537,599617767088107901,-88.00
2025-06-26 14:12:13.127537,599617767088107901,-85.00
2025-06-26 14:12:13.127537,599617767088107901,-83.00
2025-06-26 14:12:13.127537,599617767088107901,-83.00
2025-06-26 14:12:13.127537,599617767088107901,-80.00
2025-06-26 14:12:13.127537,599617767088107901,-80.00
2025-06-26 14:12:13.127537,599617767088107901,-80.00
2025-06-26 14:12:13.127537,599617767088107901,-80.00
2025-06-26 14:12:13.127537,599617767088107901,-83.00
2025-06-26 14:12:13.127537,599617767088107901,-78.00
2025-06-26 14:12:13.127537,599617767088107901,-68.00
2025-06-26 14:12:13.127537,599617767088107901,-46.00
2025-06-26 14:12:13.127537,599617767088107901,-26.00
2025-06-26 14:12:13.127537,599617767088107901,-34.00
2025-06-26 14:12:13.127537,599617767088107901,-51.00
2025-06-26 14:12:13.127537,599617767088107901,-53.00
2025-06-26 14:12:13.127537,599617767088107901,-56.00
2025-06-26 14:12:13.127537,599617767088107901,-63.00
2025-06-26 14:12:13.127537,599617767088107901,-66.00
2025-06-26 14:12:13.127537,599617767088107901,-71.00
2025-06-26 14:12:13.127537,599617767088107901,-73.00
2025-06-26 14:12:13.127537,599617767088107901,-68.00
2025-06-26 14:12:13.127537,599617767088107901,-63.00
2025-06-26 14:12:13.127537,599617767088107901,-68.00
2025-06-26 14:12:13.127537,599617767088107901,-71.00
2025-06-26 14:12:13.127537,599617767088107901,-2.00
2025-06-26 14:12:13.127537,599617767088107901,198.00
2025-06-26 14:12:13.127537,599617767088107901,485.00
2025-06-26 14:12:13.127537,599617767088107901,673.00
2025-06-26 14:12:13.127537,599617767088107901,519.00
2025-06-26 14:12:13.127537,599617767088107901,29.00
2025-06-26 14:12:13.127537,599617767088107901,-291.00
2025-06-26 14:12:13.127537,599617767088107901,-149.00
2025-06-26 14:12:13.127537,599617767088107901,-17.00
2025-06-26 14:12:13.127537,599617767088107901,-102.00
2025-06-26 14:12:13.127537,599617767088107901,-122.00
2025-06-26 14:12:13.127537,599617767088107901,-68.00
2025-06-26 14:12:13.127537,599617767088107901,-75.00
2025-06-26 14:12:13.127537,599617767088107901,-83.00
2025-06-26 14:12:13.127537,599617767088107901,-61.00
2025-06-26 14:12:13.127537,599617767088107901,-53.00
2025-06-26 14:12:13.127537,599617767088107901,-51.00
2025-06-26 14:12:13.127537,599617767088107901,-39.00
2025-06-26 14:12:13.127537,599617767088107901,-29.00
2025-06-26 14:12:13.127537,599617767088107901,-22.00
2025-06-26 14:12:13.127537,599617767088107901,-12.00
2025-06-26 14:12:13.127537,599617767088107901,-2.00
2025-06-26 14:12:13.127537,599617767088107901,4.00
2025-06-26 14:12:13.127537,599617767088107901,14.00
2025-06-26 14:12:13.696438,599617767648815114,26.00
2025-06-26 14:12:13.696438,599617767648815114,36.00
2025-06-26 14:12:13.696438,599617767648815114,48.00
2025-06-26 14:12:13.696438,599617767648815114,61.00
2025-06-26 14:12:13.696438,599617767648815114,71.00
2025-06-26 14:12:13.696438,599617767648815114,78.00
2025-06-26 14:12:13.696438,599617767648815114,83.00
2025-06-26 14:12:13.696438,599617767648815114,88.00
2025-06-26 14:12:13.696438,599617767648815114,90.00
2025-06-26 14:12:13.696438,599617767648815114,85.00
2025-06-26 14:12:13.696438,599617767648815114,63.00
2025-06-26 14:12:13.696438,599617767648815114,26.00
2025-06-26 14:12:13.696438,599617767648815114,-19.00
2025-06-26 14:12:13.696438,599617767648815114,-66.00
2025-06-26 14:12:13.696438,599617767648815114,-102.00
2025-06-26 14:12:13.696438,599617767648815114,-129.00
2025-06-26 14:12:13.696438,599617767648815114,-146.00
2025-06-26 14:12:13.696438,599617767648815114,-154.00
2025-06-26 14:12:13.696438,599617767648815114,-156.00
2025-06-26 14:12:13.696438,599617767648815114,-154.00
2025-06-26 14:12:13.696438,599617767648815114,-151.00
2025-06-26 14:12:13.696438,599617767648815114,-149.00
2025-06-26 14:12:13.696438,599617767648815114,-146.00
2025-06-26 14:12:13.696438,599617767648815114,-137.00
2025-06-26 14:12:13.696438,599617767648815114,-132.00
2025-06-26 14:12:13.696438,599617767648815114,-127.00
2025-06-26 14:12:13.696438,599617767648815114,-120.00
2025-06-26 14:12:13.696438,599617767648815114,-115.00
2025-06-26 14:12:13.696438,599617767648815114,-112.00
2025-06-26 14:12:13.696438,599617767648815114,-110.00
2025-06-26 14:12:13.696438,599617767648815114,-105.00
2025-06-26 14:12:13.696438,599617767648815114,-102.00
2025-06-26 14:12:13.696438,599617767648815114,-102.00
2025-06-26 14:12:13.696438,599617767648815114,-100.00
2025-06-26 14:12:13.696438,599617767648815114,-95.00
2025-06-26 14:12:13.696438,599617767648815114,-93.00
2025-06-26 14:12:13.696438,599617767648815114,-93.00
2025-06-26 14:12:13.696438,599617767648815114,-90.00
2025-06-26 14:12:13.696438,599617767648815114,-88.00
2025-06-26 14:12:13.696438,599617767648815114,-88.00
2025-06-26 14:12:13.696438,599617767648815114,-85.00
2025-06-26 14:12:13.696438,599617767648815114,-85.00
2025-06-26 14:12:13.696438,599617767648815114,-85.00
2025-06-26 14:12:13.696438,599617767648815114,-83.00
2025-06-26 14:12:13.696438,599617767648815114,-83.00
2025-06-26 14:12:13.696438,599617767648815114,-80.00
2025-06-26 14:12:13.696438,599617767648815114,-78.00
2025-06-26 14:12:13.696438,599617767648815114,-75.00
2025-06-26 14:12:13.696438,599617767648815114,-73.00
2025-06-26 14:12:13.696438,599617767648815114,-73.00
2025-06-26 14:12:13.696438,599617767648815114,-71.00
2025-06-26 14:12:13.696438,599617767648815114,-71.00
2025-06-26 14:12:13.696438,599617767648815114,-71.00
2025-06-26 14:12:13.696438,599617767648815114,-71.00
2025-06-26 14:12:13.696438,599617767648815114,-68.00
2025-06-26 14:12:13.696438,599617767648815114,-71.00
2025-06-26 14:12:13.696438,599617767648815114,-73.00
2025-06-26 14:12:13.696438,599617767648815114,-68.00
2025-06-26 14:12:13.696438,599617767648815114,-48.00
2025-06-26 14:12:13.696438,599617767648815114,-26.00
2025-06-26 14:12:13.696438,599617767648815114,-22.00
2025-06-26 14:12:13.696438,599617767648815114,-39.00
2025-06-26 14:12:13.696438,599617767648815114,-46.00
2025-06-26 14:12:13.696438,599617767648815114,-44.00
2025-06-26 14:12:13.696438,599617767648815114,-56.00
2025-06-26 14:12:13.696438,599617767648815114,-66.00
2025-06-26 14:12:13.696438,599617767648815114,-63.00
2025-06-26 14:12:13.696438,599617767648815114,-66.00
2025-06-26 14:12:13.696438,599617767648815114,-66.00
2025-06-26 14:12:13.696438,599617767648815114,-61.00
2025-06-26 14:12:13.696438,599617767648815114,-66.00
2025-06-26 14:12:13.696438,599617767648815114,-73.00
2025-06-26 14:12:13.696438,599617767648815114,-26.00
2025-06-26 14:12:14.206516,599617768209471465,146.00
2025-06-26 14:12:14.206516,599617768209471465,428.00
2025-06-26 14:12:14.206516,599617768209471465,668.00
2025-06-26 14:12:14.206516,599617768209471465,607.00
2025-06-26 14:12:14.206516,599617768209471465,142.00
2025-06-26 14:12:14.206516,599617768209471465,-269.00
2025-06-26 14:12:14.206516,599617768209471465,-186.00
2025-06-26 14:12:14.206516,599617768209471465,-9.00
2025-06-26 14:12:14.206516,599617768209471465,-90.00
2025-06-26 14:12:14.206516,599617768209471465,-137.00
2025-06-26 14:12:14.206516,599617768209471465,-78.00
2025-06-26 14:12:14.206516,599617768209471465,-78.00
2025-06-26 14:12:14.206516,599617768209471465,-95.00
2025-06-26 14:12:14.206516,599617768209471465,-71.00
2025-06-26 14:12:14.206516,599617768209471465,-56.00
2025-06-26 14:12:14.206516,599617768209471465,-61.00
2025-06-26 14:12:14.206516,599617768209471465,-48.00
2025-06-26 14:12:14.206516,599617768209471465,-34.00
2025-06-26 14:12:14.206516,599617768209471465,-31.00
2025-06-26 14:12:14.206516,599617768209471465,-22.00
2025-06-26 14:12:14.206516,599617768209471465,-12.00
2025-06-26 14:12:14.206516,599617768209471465,-2.00
2025-06-26 14:12:14.206516,599617768209471465,7.00
2025-06-26 14:12:14.206516,599617768209471465,17.00
2025-06-26 14:12:14.206516,599617768209471465,26.00
2025-06-26 14:12:14.206516,599617768209471465,39.00
2025-06-26 14:12:14.206516,599617768209471465,51.00
2025-06-26 14:12:14.206516,599617768209471465,63.00
2025-06-26 14:12:14.206516,599617768209471465,71.00
2025-06-26 14:12:14.206516,599617768209471465,78.00
2025-06-26 14:12:14.206516,599617768209471465,85.00
2025-06-26 14:12:14.206516,599617768209471465,88.00
2025-06-26 14:12:14.206516,599617768209471465,83.00
2025-06-26 14:12:14.206516,599617768209471465,68.00
2025-06-26 14:12:14.206516,599617768209471465,36.00
2025-06-26 14:12:14.206516,599617768209471465,-9.00
2025-06-26 14:12:14.206516,599617768209471465,-56.00
2025-06-26 14:12:14.206516,599617768209471465,-97.00
2025-06-26 14:12:14.206516,599617768209471465,-127.00
2025-06-26 14:12:14.206516,599617768209471465,-146.00
2025-06-26 14:12:14.206516,599617768209471465,-156.00
2025-06-26 14:12:14.206516,599617768209471465,-161.00
2025-06-26 14:12:14.206516,599617768209471465,-161.00
2025-06-26 14:12:14.206516,599617768209471465,-159.00
2025-06-26 14:12:14.206516,599617768209471465,-156.00
2025-06-26 14:12:14.206516,599617768209471465,-151.00
2025-06-26 14:12:14.206516,599617768209471465,-146.00
2025-06-26 14:12:14.206516,599617768209471465,-139.00
2025-06-26 14:12:14.206516,599617768209471465,-134.00
2025-06-26 14:12:14.206516,599617768209471465,-129.00
2025-06-26 14:12:14.206516,599617768209471465,-124.00
2025-06-26 14:12:14.206516,599617768209471465,-120.00
2025-06-26 14:12:14.206516,599617768209471465,-115.00
2025-06-26 14:12:14.206516,599617768209471465,-115.00
2025-06-26 14:12:14.206516,599617768209471465,-112.00
2025-06-26 14:12:14.206516,599617768209471465,-107.00
2025-06-26 14:12:14.206516,599617768209471465,-107.00
2025-06-26 14:12:14.206516,599617768209471465,-105.00
2025-06-26 14:12:14.206516,599617768209471465,-102.00
2025-06-26 14:12:14.206516,599617768209471465,-102.00
2025-06-26 14:12:14.206516,599617768209471465,-100.00
2025-06-26 14:12:14.206516,599617768209471465,-97.00
2025-06-26 14:12:14.206516,599617768209471465,-97.00
2025-06-26 14:12:14.206516,599617768209471465,-97.00
2025-06-26 14:12:14.206516,599617768209471465,-95.00
2025-06-26 14:12:14.206516,599617768209471465,-95.00
2025-06-26 14:12:14.206516,599617768209471465,-95.00
2025-06-26 14:12:14.206516,599617768209471465,-93.00
2025-06-26 14:12:14.206516,599617768209471465,-93.00
2025-06-26 14:12:14.206516,599617768209471465,-93.00
2025-06-26 14:12:14.206516,599617768209471465,-90.00
2025-06-26 14:12:14.206516,599617768209471465,-88.00
2025-06-26 14:12:14.206516,599617768209471465,-85.00
2025-06-26 14:12:14.776757,599617768770137988,-85.00
2025-06-26 14:12:14.776757,599617768770137988,-83.00
2025-06-26 14:12:14.776757,599617768770137988,-83.00
2025-06-26 14:12:14.776757,599617768770137988,-80.00
2025-06-26 14:12:14.776757,599617768770137988,-80.00
2025-06-26 14:12:14.776757,599617768770137988,-83.00
2025-06-26 14:12:14.776757,599617768770137988,-83.00
2025-06-26 14:12:14.776757,599617768770137988,-80.00
2025-06-26 14:12:14.776757,599617768770137988,-68.00
2025-06-26 14:12:14.776757,599617768770137988,-48.00
2025-06-26 14:12:14.776757,599617768770137988,-29.00
2025-06-26 14:12:14.776757,599617768770137988,-36.00
2025-06-26 14:12:14.776757,599617768770137988,-53.00
2025-06-26 14:12:14.776757,599617768770137988,-53.00
2025-06-26 14:12:14.776757,599617768770137988,-56.00
2025-06-26 14:12:14.776757,599617768770137988,-68.00
2025-06-26 14:12:14.776757,599617768770137988,-73.00
2025-06-26 14:12:14.776757,599617768770137988,-71.00
2025-06-26 14:12:14.776757,599617768770137988,-71.00
2025-06-26 14:12:14.776757,599617768770137988,-68.00
2025-06-26 14:12:14.776757,599617768770137988,-68.00
2025-06-26 14:12:14.776757,599617768770137988,-78.00
2025-06-26 14:12:14.776757,599617768770137988,-61.00
2025-06-26 14:12:14.776757,599617768770137988,61.00
2025-06-26 14:12:14.776757,599617768770137988,308.00
2025-06-26 14:12:14.776757,599617768770137988,573.00
2025-06-26 14:12:14.776757,599617768770137988,641.00
2025-06-26 14:12:14.776757,599617768770137988,301.00
2025-06-26 14:12:14.776757,599617768770137988,-183.00
2025-06-26 14:12:14.776757,599617768770137988,-259.00
2025-06-26 14:12:14.776757,599617768770137988,-51.00
2025-06-26 14:12:14.776757,599617768770137988,-48.00
2025-06-26 14:12:14.776757,599617768770137988,-142.00
2025-06-26 14:12:14.776757,599617768770137988,-105.00
2025-06-26 14:12:14.776757,599617768770137988,-75.00
2025-06-26 14:12:14.776757,599617768770137988,-97.00
2025-06-26 14:12:14.776757,599617768770137988,-85.00
2025-06-26 14:12:14.776757,599617768770137988,-63.00
2025-06-26 14:12:14.776757,599617768770137988,-63.00
2025-06-26 14:12:14.776757,599617768770137988,-56.00
2025-06-26 14:12:14.776757,599617768770137988,-44.00
2025-06-26 14:12:14.776757,599617768770137988,-36.00
2025-06-26 14:12:14.776757,599617768770137988,-29.00
2025-06-26 14:12:14.776757,599617768770137988,-22.00
2025-06-26 14:12:14.776757,599617768770137988,-9.00
2025-06-26 14:12:14.776757,599617768770137988,-2.00
2025-06-26 14:12:14.776757,599617768770137988,7.00
2025-06-26 14:12:14.776757,599617768770137988,19.00
2025-06-26 14:12:14.776757,599617768770137988,31.00
2025-06-26 14:12:14.776757,599617768770137988,44.00
2025-06-26 14:12:14.776757,599617768770137988,56.00
2025-06-26 14:12:14.776757,599617768770137988,66.00
2025-06-26 14:12:14.776757,599617768770137988,73.00
2025-06-26 14:12:14.776757,599617768770137988,80.00
2025-06-26 14:12:14.776757,599617768770137988,88.00
2025-06-26 14:12:14.776757,599617768770137988,85.00
2025-06-26 14:12:14.776757,599617768770137988,75.00
2025-06-26 14:12:14.776757,599617768770137988,48.00
2025-06-26 14:12:14.776757,599617768770137988,7.00
2025-06-26 14:12:14.776757,599617768770137988,-41.00
2025-06-26 14:12:14.776757,599617768770137988,-85.00
2025-06-26 14:12:14.776757,599617768770137988,-117.00
2025-06-26 14:12:14.776757,599617768770137988,-139.00
2025-06-26 14:12:14.776757,599617768770137988,-151.00
2025-06-26 14:12:14.776757,599617768770137988,-159.00
2025-06-26 14:12:14.776757,599617768770137988,-161.00
2025-06-26 14:12:14.776757,599617768770137988,-156.00
2025-06-26 14:12:14.776757,599617768770137988,-154.00
2025-06-26 14:12:14.776757,599617768770137988,-151.00
2025-06-26 14:12:14.776757,599617768770137988,-146.00
2025-06-26 14:12:14.776757,599617768770137988,-139.00
2025-06-26 14:12:14.776757,599617768770137988,-134.00
2025-06-26 14:12:14.776757,599617768770137988,-127.00
2025-06-26 14:12:15.316973,599617769330804511,-122.00
2025-06-26 14:12:15.316973,599617769330804511,-117.00
2025-06-26 14:12:15.316973,599617769330804511,-115.00
2025-06-26 14:12:15.316973,599617769330804511,-110.00
2025-06-26 14:12:15.316973,599617769330804511,-107.00
2025-06-26 14:12:15.316973,599617769330804511,-102.00
2025-06-26 14:12:15.316973,599617769330804511,-102.00
2025-06-26 14:12:15.316973,599617769330804511,-100.00
2025-06-26 14:12:15.316973,599617769330804511,-97.00
2025-06-26 14:12:15.316973,599617769330804511,-97.00
2025-06-26 14:12:15.316973,599617769330804511,-95.00
2025-06-26 14:12:15.316973,599617769330804511,-93.00
2025-06-26 14:12:15.316973,599617769330804511,-93.00
2025-06-26 14:12:15.316973,599617769330804511,-90.00
2025-06-26 14:12:15.316973,599617769330804511,-88.00
2025-06-26 14:12:15.316973,599617769330804511,-85.00
2025-06-26 14:12:15.316973,599617769330804511,-85.00
2025-06-26 14:12:15.316973,599617769330804511,-85.00
2025-06-26 14:12:15.316973,599617769330804511,-85.00
2025-06-26 14:12:15.316973,599617769330804511,-85.00
2025-06-26 14:12:15.316973,599617769330804511,-83.00
2025-06-26 14:12:15.316973,599617769330804511,-83.00
2025-06-26 14:12:15.316973,599617769330804511,-80.00
2025-06-26 14:12:15.316973,599617769330804511,-80.00
2025-06-26 14:12:15.316973,599617769330804511,-75.00
2025-06-26 14:12:15.316973,599617769330804511,-75.00
2025-06-26 14:12:15.316973,599617769330804511,-78.00
2025-06-26 14:12:15.316973,599617769330804511,-80.00
2025-06-26 14:12:15.316973,599617769330804511,-80.00
2025-06-26 14:12:15.316973,599617769330804511,-75.00
2025-06-26 14:12:15.316973,599617769330804511,-61.00
2025-06-26 14:12:15.316973,599617769330804511,-36.00
2025-06-26 14:12:15.316973,599617769330804511,-29.00
2025-06-26 14:12:15.316973,599617769330804511,-46.00
2025-06-26 14:12:15.316973,599617769330804511,-51.00
2025-06-26 14:12:15.316973,599617769330804511,-48.00
2025-06-26 14:12:15.316973,599617769330804511,-61.00
2025-06-26 14:12:15.316973,599617769330804511,-68.00
2025-06-26 14:12:15.316973,599617769330804511,-68.00
2025-06-26 14:12:15.316973,599617769330804511,-66.00
2025-06-26 14:12:15.316973,599617769330804511,-66.00
2025-06-26 14:12:15.316973,599617769330804511,-63.00
2025-06-26 14:12:15.316973,599617769330804511,-71.00
2025-06-26 14:12:15.316973,599617769330804511,-71.00
2025-06-26 14:12:15.316973,599617769330804511,4.00
2025-06-26 14:12:15.316973,599617769330804511,218.00
2025-06-26 14:12:15.316973,599617769330804511,497.00
2025-06-26 14:12:15.316973,599617769330804511,644.00
2025-06-26 14:12:15.316973,599617769330804511,428.00
2025-06-26 14:12:15.316973,599617769330804511,-58.00
2025-06-26 14:12:15.316973,599617769330804511,-289.00
2025-06-26 14:12:15.316973,599617769330804511,-112.00
2025-06-26 14:12:15.316973,599617769330804511,-17.00
2025-06-26 14:12:15.316973,599617769330804511,-112.00
2025-06-26 14:12:15.316973,599617769330804511,-115.00
2025-06-26 14:12:15.316973,599617769330804511,-66.00
2025-06-26 14:12:15.316973,599617769330804511,-80.00
2025-06-26 14:12:15.316973,599617769330804511,-85.00
2025-06-26 14:12:15.316973,599617769330804511,-61.00
2025-06-26 14:12:15.316973,599617769330804511,-53.00
2025-06-26 14:12:15.316973,599617769330804511,-53.00
2025-06-26 14:12:15.316973,599617769330804511,-41.00
2025-06-26 14:12:15.316973,599617769330804511,-31.00
2025-06-26 14:12:15.316973,599617769330804511,-26.00
2025-06-26 14:12:15.316973,599617769330804511,-17.00
2025-06-26 14:12:15.316973,599617769330804511,-4.00
2025-06-26 14:12:15.316973,599617769330804511,4.00
2025-06-26 14:12:15.316973,599617769330804511,14.00
2025-06-26 14:12:15.316973,599617769330804511,24.00
2025-06-26 14:12:15.316973,599617769330804511,36.00
2025-06-26 14:12:15.316973,599617769330804511,51.00
2025-06-26 14:12:15.316973,599617769330804511,63.00
2025-06-26 14:12:15.316973,599617769330804511,73.00
2025-06-26 14:12:15.884987,599617769891501552,83.00
2025-06-26 14:12:15.884987,599617769891501552,90.00
2025-06-26 14:12:15.884987,599617769891501552,95.00
2025-06-26 14:12:15.884987,599617769891501552,97.00
2025-06-26 14:12:15.884987,599617769891501552,90.00
2025-06-26 14:12:15.884987,599617769891501552,71.00
2025-06-26 14:12:15.884987,599617769891501552,31.00
2025-06-26 14:12:15.884987,599617769891501552,-17.00
2025-06-26 14:12:15.884987,599617769891501552,-61.00
2025-06-26 14:12:15.884987,599617769891501552,-97.00
2025-06-26 14:12:15.884987,599617769891501552,-122.00
2025-06-26 14:12:15.884987,599617769891501552,-134.00
2025-06-26 14:12:15.884987,599617769891501552,-142.00
2025-06-26 14:12:15.884987,599617769891501552,-144.00
2025-06-26 14:12:15.884987,599617769891501552,-144.00
2025-06-26 14:12:15.884987,599617769891501552,-142.00
2025-06-26 14:12:15.884987,599617769891501552,-137.00
2025-06-26 14:12:15.884987,599617769891501552,-132.00
2025-06-26 14:12:15.884987,599617769891501552,-127.00
2025-06-26 14:12:15.884987,599617769891501552,-122.00
2025-06-26 14:12:15.884987,599617769891501552,-117.00
2025-06-26 14:12:15.884987,599617769891501552,-110.00
2025-06-26 14:12:15.884987,599617769891501552,-105.00
2025-06-26 14:12:15.884987,599617769891501552,-102.00
2025-06-26 14:12:15.884987,599617769891501552,-100.00
2025-06-26 14:12:15.884987,599617769891501552,-95.00
2025-06-26 14:12:15.884987,599617769891501552,-93.00
2025-06-26 14:12:15.884987,599617769891501552,-93.00
2025-06-26 14:12:15.884987,599617769891501552,-90.00
2025-06-26 14:12:15.884987,599617769891501552,-88.00
2025-06-26 14:12:15.884987,599617769891501552,-88.00
2025-06-26 14:12:15.884987,599617769891501552,-88.00
2025-06-26 14:12:15.884987,599617769891501552,-85.00
2025-06-26 14:12:15.884987,599617769891501552,-85.00
2025-06-26 14:12:15.884987,599617769891501552,-85.00
2025-06-26 14:12:15.884987,599617769891501552,-83.00
2025-06-26 14:12:15.884987,599617769891501552,-83.00
2025-06-26 14:12:15.884987,599617769891501552,-85.00
2025-06-26 14:12:15.884987,599617769891501552,-85.00
2025-06-26 14:12:15.884987,599617769891501552,-85.00
2025-06-26 14:12:15.884987,599617769891501552,-83.00
2025-06-26 14:12:15.884987,599617769891501552,-85.00
2025-06-26 14:12:15.884987,599617769891501552,-88.00
2025-06-26 14:12:15.884987,599617769891501552,-88.00
2025-06-26 14:12:15.884987,599617769891501552,-78.00
2025-06-26 14:12:15.884987,599617769891501552,-61.00
2025-06-26 14:12:15.884987,599617769891501552,-46.00
2025-06-26 14:12:15.884987,599617769891501552,-46.00
2025-06-26 14:12:15.884987,599617769891501552,-51.00
2025-06-26 14:12:15.884987,599617769891501552,-56.00
2025-06-26 14:12:15.884987,599617769891501552,-66.00
2025-06-26 14:12:15.884987,599617769891501552,-75.00
2025-06-26 14:12:15.884987,599617769891501552,-78.00
2025-06-26 14:12:15.884987,599617769891501552,-75.00
2025-06-26 14:12:15.884987,599617769891501552,-73.00
2025-06-26 14:12:15.884987,599617769891501552,-75.00
2025-06-26 14:12:15.884987,599617769891501552,-83.00
2025-06-26 14:12:15.884987,599617769891501552,-88.00
2025-06-26 14:12:15.884987,599617769891501552,-53.00
2025-06-26 14:12:15.884987,599617769891501552,85.00
2025-06-26 14:12:15.884987,599617769891501552,345.00
2025-06-26 14:12:15.884987,599617769891501552,590.00
2025-06-26 14:12:15.884987,599617769891501552,570.00
2025-06-26 14:12:15.884987,599617769891501552,178.00
2025-06-26 14:12:15.884987,599617769891501552,-249.00
2025-06-26 14:12:15.884987,599617769891501552,-264.00
2025-06-26 14:12:15.884987,599617769891501552,-73.00
2025-06-26 14:12:15.884987,599617769891501552,-85.00
2025-06-26 14:12:15.884987,599617769891501552,-154.00
2025-06-26 14:12:15.884987,599617769891501552,-115.00
2025-06-26 14:12:15.884987,599617769891501552,-93.00
2025-06-26 14:12:15.884987,599617769891501552,-112.00
2025-06-26 14:12:15.884987,599617769891501552,-102.00
2025-06-26 14:12:16.486889,599617770452168077,-80.00
2025-06-26 14:12:16.486889,599617770452168077,-73.00
2025-06-26 14:12:16.486889,599617770452168077,-71.00
2025-06-26 14:12:16.486889,599617770452168077,-66.00
2025-06-26 14:12:16.486889,599617770452168077,-63.00
2025-06-26 14:12:16.486889,599617770452168077,-48.00
2025-06-26 14:12:16.486889,599617770452168077,-34.00
2025-06-26 14:12:16.486889,599617770452168077,-26.00
2025-06-26 14:12:16.486889,599617770452168077,-14.00
2025-06-26 14:12:16.486889,599617770452168077,2.00
2025-06-26 14:12:16.486889,599617770452168077,4.00
2025-06-26 14:12:16.486889,599617770452168077,9.00
2025-06-26 14:12:16.486889,599617770452168077,34.00
2025-06-26 14:12:16.486889,599617770452168077,51.00
2025-06-26 14:12:16.486889,599617770452168077,53.00
2025-06-26 14:12:16.486889,599617770452168077,61.00
2025-06-26 14:12:16.486889,599617770452168077,73.00
2025-06-26 14:12:16.486889,599617770452168077,73.00
2025-06-26 14:12:16.486889,599617770452168077,66.00
2025-06-26 14:12:16.486889,599617770452168077,46.00
2025-06-26 14:12:16.486889,599617770452168077,4.00
2025-06-26 14:12:16.486889,599617770452168077,-46.00
2025-06-26 14:12:16.486889,599617770452168077,-95.00
2025-06-26 14:12:16.486889,599617770452168077,-142.00
2025-06-26 14:12:16.486889,599617770452168077,-171.00
2025-06-26 14:12:16.486889,599617770452168077,-186.00
2025-06-26 14:12:16.486889,599617770452168077,-195.00
2025-06-26 14:12:16.486889,599617770452168077,-203.00
2025-06-26 14:12:16.486889,599617770452168077,-200.00
2025-06-26 14:12:16.486889,599617770452168077,-195.00
2025-06-26 14:12:16.486889,599617770452168077,-193.00
2025-06-26 14:12:16.486889,599617770452168077,-191.00
2025-06-26 14:12:16.486889,599617770452168077,-183.00
2025-06-26 14:12:16.486889,599617770452168077,-173.00
2025-06-26 14:12:16.486889,599617770452168077,-161.00
2025-06-26 14:12:16.486889,599617770452168077,-151.00
2025-06-26 14:12:16.486889,599617770452168077,-146.00
2025-06-26 14:12:16.486889,599617770452168077,-139.00
2025-06-26 14:12:16.486889,599617770452168077,-132.00
2025-06-26 14:12:16.486889,599617770452168077,-124.00
2025-06-26 14:12:16.486889,599617770452168077,-120.00
2025-06-26 14:12:16.486889,599617770452168077,-110.00
2025-06-26 14:12:16.486889,599617770452168077,-105.00
2025-06-26 14:12:16.486889,599617770452168077,-105.00
2025-06-26 14:12:16.486889,599617770452168077,-102.00
2025-06-26 14:12:16.486889,599617770452168077,-97.00
2025-06-26 14:12:16.486889,599617770452168077,-97.00
2025-06-26 14:12:16.486889,599617770452168077,-93.00
2025-06-26 14:12:16.486889,599617770452168077,-88.00
2025-06-26 14:12:16.486889,599617770452168077,-93.00
2025-06-26 14:12:16.486889,599617770452168077,-95.00
2025-06-26 14:12:16.486889,599617770452168077,-95.00
2025-06-26 14:12:16.486889,599617770452168077,-93.00
2025-06-26 14:12:16.486889,599617770452168077,-83.00
2025-06-26 14:12:16.486889,599617770452168077,-58.00
2025-06-26 14:12:16.486889,599617770452168077,-46.00
2025-06-26 14:12:16.486889,599617770452168077,-56.00
2025-06-26 14:12:16.486889,599617770452168077,-66.00
2025-06-26 14:12:16.486889,599617770452168077,-66.00
2025-06-26 14:12:16.486889,599617770452168077,-73.00
2025-06-26 14:12:16.486889,599617770452168077,-83.00
2025-06-26 14:12:16.486889,599617770452168077,-85.00
2025-06-26 14:12:16.486889,599617770452168077,-83.00
2025-06-26 14:12:16.486889,599617770452168077,-78.00
2025-06-26 14:12:16.486889,599617770452168077,-78.00
2025-06-26 14:12:16.486889,599617770452168077,-85.00
2025-06-26 14:12:16.486889,599617770452168077,-73.00
2025-06-26 14:12:16.486889,599617770452168077,41.00
2025-06-26 14:12:16.486889,599617770452168077,301.00
2025-06-26 14:12:16.486889,599617770452168077,617.00
2025-06-26 14:12:16.486889,599617770452168077,744.00
2025-06-26 14:12:16.486889,599617770452168077,428.00
2025-06-26 14:12:16.486889,599617770452168077,-132.00
2025-06-26 14:12:17.025569,599617771012834600,-320.00
2025-06-26 14:12:17.025569,599617771012834600,-107.00
2025-06-26 14:12:17.025569,599617771012834600,-51.00
2025-06-26 14:12:17.025569,599617771012834600,-146.00
2025-06-26 14:12:17.025569,599617771012834600,-122.00
2025-06-26 14:12:17.025569,599617771012834600,-88.00
2025-06-26 14:12:17.025569,599617771012834600,-107.00
2025-06-26 14:12:17.025569,599617771012834600,-95.00
2025-06-26 14:12:17.025569,599617771012834600,-73.00
2025-06-26 14:12:17.025569,599617771012834600,-75.00
2025-06-26 14:12:17.025569,599617771012834600,-66.00
2025-06-26 14:12:17.025569,599617771012834600,-51.00
2025-06-26 14:12:17.025569,599617771012834600,-46.00
2025-06-26 14:12:17.025569,599617771012834600,-36.00
2025-06-26 14:12:17.025569,599617771012834600,-24.00
2025-06-26 14:12:17.025569,599617771012834600,-17.00
2025-06-26 14:12:17.025569,599617771012834600,-7.00
2025-06-26 14:12:17.025569,599617771012834600,9.00
2025-06-26 14:12:17.025569,599617771012834600,24.00
2025-06-26 14:12:17.025569,599617771012834600,34.00
2025-06-26 14:12:17.025569,599617771012834600,46.00
2025-06-26 14:12:17.025569,599617771012834600,61.00
2025-06-26 14:12:17.025569,599617771012834600,71.00
2025-06-26 14:12:17.025569,599617771012834600,78.00
2025-06-26 14:12:17.025569,599617771012834600,88.00
2025-06-26 14:12:17.025569,599617771012834600,88.00
2025-06-26 14:12:17.025569,599617771012834600,75.00
2025-06-26 14:12:17.025569,599617771012834600,56.00
2025-06-26 14:12:17.025569,599617771012834600,19.00
2025-06-26 14:12:17.025569,599617771012834600,-36.00
2025-06-26 14:12:17.025569,599617771012834600,-88.00
2025-06-26 14:12:17.025569,599617771012834600,-127.00
2025-06-26 14:12:17.025569,599617771012834600,-156.00
2025-06-26 14:12:17.025569,599617771012834600,-171.00
2025-06-26 14:12:17.025569,599617771012834600,-176.00
2025-06-26 14:12:17.025569,599617771012834600,-178.00
2025-06-26 14:12:17.025569,599617771012834600,-178.00
2025-06-26 14:12:17.025569,599617771012834600,-178.00
2025-06-26 14:12:17.025569,599617771012834600,-173.00
2025-06-26 14:12:17.025569,599617771012834600,-166.00
2025-06-26 14:12:17.025569,599617771012834600,-161.00
2025-06-26 14:12:17.025569,599617771012834600,-154.00
2025-06-26 14:12:17.025569,599617771012834600,-144.00
2025-06-26 14:12:17.025569,599617771012834600,-134.00
2025-06-26 14:12:17.025569,599617771012834600,-127.00
2025-06-26 14:12:17.025569,599617771012834600,-122.00
2025-06-26 14:12:17.025569,599617771012834600,-117.00
2025-06-26 14:12:17.025569,599617771012834600,-112.00
2025-06-26 14:12:17.025569,599617771012834600,-110.00
2025-06-26 14:12:17.025569,599617771012834600,-105.00
2025-06-26 14:12:17.025569,599617771012834600,-100.00
2025-06-26 14:12:17.025569,599617771012834600,-100.00
2025-06-26 14:12:17.025569,599617771012834600,-100.00
2025-06-26 14:12:17.025569,599617771012834600,-97.00
2025-06-26 14:12:17.025569,599617771012834600,-95.00
2025-06-26 14:12:17.025569,599617771012834600,-95.00
2025-06-26 14:12:17.025569,599617771012834600,-95.00
2025-06-26 14:12:17.025569,599617771012834600,-97.00
2025-06-26 14:12:17.025569,599617771012834600,-100.00
2025-06-26 14:12:17.025569,599617771012834600,-100.00
2025-06-26 14:12:17.025569,599617771012834600,-93.00
2025-06-26 14:12:17.025569,599617771012834600,-75.00
2025-06-26 14:12:17.025569,599617771012834600,-56.00
2025-06-26 14:12:17.025569,599617771012834600,-51.00
2025-06-26 14:12:17.025569,599617771012834600,-61.00
2025-06-26 14:12:17.025569,599617771012834600,-63.00
2025-06-26 14:12:17.025569,599617771012834600,-66.00
2025-06-26 14:12:17.025569,599617771012834600,-73.00
2025-06-26 14:12:17.025569,599617771012834600,-75.00
2025-06-26 14:12:17.025569,599617771012834600,-75.00
2025-06-26 14:12:17.025569,599617771012834600,-73.00
2025-06-26 14:12:17.025569,599617771012834600,-68.00
2025-06-26 14:12:17.025569,599617771012834600,-71.00
2025-06-26 14:12:17.625381,599617771573531641,-78.00
2025-06-26 14:12:17.625381,599617771573531641,-61.00
2025-06-26 14:12:17.625381,599617771573531641,71.00
2025-06-26 14:12:17.625381,599617771573531641,347.00
2025-06-26 14:12:17.625381,599617771573531641,654.00
2025-06-26 14:12:17.625381,599617771573531641,734.00
2025-06-26 14:12:17.625381,599617771573531641,355.00
2025-06-26 14:12:17.625381,599617771573531641,-200.00
2025-06-26 14:12:17.625381,599617771573531641,-293.00
2025-06-26 14:12:17.625381,599617771573531641,-56.00
2025-06-26 14:12:17.625381,599617771573531641,-48.00
2025-06-26 14:12:17.625381,599617771573531641,-146.00
2025-06-26 14:12:17.625381,599617771573531641,-105.00
2025-06-26 14:12:17.625381,599617771573531641,-73.00
2025-06-26 14:12:17.625381,599617771573531641,-97.00
2025-06-26 14:12:17.625381,599617771573531641,-85.00
2025-06-26 14:12:17.625381,599617771573531641,-61.00
2025-06-26 14:12:17.625381,599617771573531641,-56.00
2025-06-26 14:12:17.625381,599617771573531641,-48.00
2025-06-26 14:12:17.625381,599617771573531641,-36.00
2025-06-26 14:12:17.625381,599617771573531641,-29.00
2025-06-26 14:12:17.625381,599617771573531641,-19.00
2025-06-26 14:12:17.625381,599617771573531641,-9.00
2025-06-26 14:12:17.625381,599617771573531641,2.00
2025-06-26 14:12:17.625381,599617771573531641,12.00
2025-06-26 14:12:17.625381,599617771573531641,26.00
2025-06-26 14:12:17.625381,599617771573531641,41.00
2025-06-26 14:12:17.625381,599617771573531641,53.00
2025-06-26 14:12:17.625381,599617771573531641,68.00
2025-06-26 14:12:17.625381,599617771573531641,85.00
2025-06-26 14:12:17.625381,599617771573531641,95.00
2025-06-26 14:12:17.625381,599617771573531641,105.00
2025-06-26 14:12:17.625381,599617771573531641,112.00
2025-06-26 14:12:17.625381,599617771573531641,115.00
2025-06-26 14:12:17.625381,599617771573531641,107.00
2025-06-26 14:12:17.625381,599617771573531641,83.00
2025-06-26 14:12:17.625381,599617771573531641,39.00
2025-06-26 14:12:17.625381,599617771573531641,-14.00
2025-06-26 14:12:17.625381,599617771573531641,-68.00
2025-06-26 14:12:17.625381,599617771573531641,-107.00
2025-06-26 14:12:17.625381,599617771573531641,-134.00
2025-06-26 14:12:17.625381,599617771573531641,-149.00
2025-06-26 14:12:17.625381,599617771573531641,-159.00
2025-06-26 14:12:17.625381,599617771573531641,-159.00
2025-06-26 14:12:17.625381,599617771573531641,-156.00
2025-06-26 14:12:17.625381,599617771573531641,-154.00
2025-06-26 14:12:17.625381,599617771573531641,-151.00
2025-06-26 14:12:17.625381,599617771573531641,-146.00
2025-06-26 14:12:17.625381,599617771573531641,-142.00
2025-06-26 14:12:17.625381,599617771573531641,-132.00
2025-06-26 14:12:17.625381,599617771573531641,-127.00
2025-06-26 14:12:17.625381,599617771573531641,-120.00
2025-06-26 14:12:17.625381,599617771573531641,-112.00
2025-06-26 14:12:17.625381,599617771573531641,-102.00
2025-06-26 14:12:17.625381,599617771573531641,-97.00
2025-06-26 14:12:17.625381,599617771573531641,-93.00
2025-06-26 14:12:17.625381,599617771573531641,-90.00
2025-06-26 14:12:17.625381,599617771573531641,-85.00
2025-06-26 14:12:17.625381,599617771573531641,-85.00
2025-06-26 14:12:17.625381,599617771573531641,-83.00
2025-06-26 14:12:17.625381,599617771573531641,-80.00
2025-06-26 14:12:17.625381,599617771573531641,-80.00
2025-06-26 14:12:17.625381,599617771573531641,-80.00
2025-06-26 14:12:17.625381,599617771573531641,-75.00
2025-06-26 14:12:17.625381,599617771573531641,-73.00
2025-06-26 14:12:17.625381,599617771573531641,-78.00
2025-06-26 14:12:17.625381,599617771573531641,-85.00
2025-06-26 14:12:17.625381,599617771573531641,-85.00
2025-06-26 14:12:17.625381,599617771573531641,-80.00
2025-06-26 14:12:17.625381,599617771573531641,-66.00
2025-06-26 14:12:17.625381,599617771573531641,-46.00
2025-06-26 14:12:17.625381,599617771573531641,-39.00
2025-06-26 14:12:17.625381,599617771573531641,-48.00
2025-06-26 14:12:18.135996,599617772134198164,-53.00
2025-06-26 14:12:18.135996,599617772134198164,-51.00
2025-06-26 14:12:18.135996,599617772134198164,-58.00
2025-06-26 14:12:18.135996,599617772134198164,-66.00
2025-06-26 14:12:18.135996,599617772134198164,-68.00
2025-06-26 14:12:18.135996,599617772134198164,-66.00
2025-06-26 14:12:18.135996,599617772134198164,-61.00
2025-06-26 14:12:18.135996,599617772134198164,-61.00
2025-06-26 14:12:18.135996,599617772134198164,-71.00
2025-06-26 14:12:18.135996,599617772134198164,-63.00
2025-06-26 14:12:18.135996,599617772134198164,34.00
2025-06-26 14:12:18.135996,599617772134198164,284.00
2025-06-26 14:12:18.135996,599617772134198164,612.00
2025-06-26 14:12:18.135996,599617772134198164,769.00
2025-06-26 14:12:18.135996,599617772134198164,475.00
2025-06-26 14:12:18.135996,599617772134198164,-110.00
2025-06-26 14:12:18.135996,599617772134198164,-333.00
2025-06-26 14:12:18.135996,599617772134198164,-95.00
2025-06-26 14:12:18.135996,599617772134198164,-17.00
2025-06-26 14:12:18.135996,599617772134198164,-137.00
2025-06-26 14:12:18.135996,599617772134198164,-120.00
2025-06-26 14:12:18.135996,599617772134198164,-68.00
2025-06-26 14:12:18.135996,599617772134198164,-93.00
2025-06-26 14:12:18.135996,599617772134198164,-90.00
2025-06-26 14:12:18.135996,599617772134198164,-61.00
2025-06-26 14:12:18.135996,599617772134198164,-58.00
2025-06-26 14:12:18.135996,599617772134198164,-56.00
2025-06-26 14:12:18.135996,599617772134198164,-41.00
2025-06-26 14:12:18.135996,599617772134198164,-29.00
2025-06-26 14:12:18.135996,599617772134198164,-22.00
2025-06-26 14:12:18.135996,599617772134198164,-12.00
2025-06-26 14:12:18.135996,599617772134198164,-2.00
2025-06-26 14:12:18.135996,599617772134198164,9.00
2025-06-26 14:12:18.135996,599617772134198164,22.00
2025-06-26 14:12:18.135996,599617772134198164,34.00
2025-06-26 14:12:18.135996,599617772134198164,48.00
2025-06-26 14:12:18.135996,599617772134198164,66.00
2025-06-26 14:12:18.135996,599617772134198164,83.00
2025-06-26 14:12:18.135996,599617772134198164,93.00
2025-06-26 14:12:18.135996,599617772134198164,105.00
2025-06-26 14:12:18.135996,599617772134198164,112.00
2025-06-26 14:12:18.135996,599617772134198164,115.00
2025-06-26 14:12:18.135996,599617772134198164,110.00
2025-06-26 14:12:18.135996,599617772134198164,90.00
2025-06-26 14:12:18.135996,599617772134198164,48.00
2025-06-26 14:12:18.135996,599617772134198164,-2.00
2025-06-26 14:12:18.135996,599617772134198164,-56.00
2025-06-26 14:12:18.135996,599617772134198164,-102.00
2025-06-26 14:12:18.135996,599617772134198164,-134.00
2025-06-26 14:12:18.135996,599617772134198164,-154.00
2025-06-26 14:12:18.135996,599617772134198164,-161.00
2025-06-26 14:12:18.135996,599617772134198164,-164.00
2025-06-26 14:12:18.135996,599617772134198164,-164.00
2025-06-26 14:12:18.135996,599617772134198164,-161.00
2025-06-26 14:12:18.135996,599617772134198164,-156.00
2025-06-26 14:12:18.135996,599617772134198164,-151.00
2025-06-26 14:12:18.135996,599617772134198164,-144.00
2025-06-26 14:12:18.135996,599617772134198164,-139.00
2025-06-26 14:12:18.135996,599617772134198164,-134.00
2025-06-26 14:12:18.135996,599617772134198164,-127.00
2025-06-26 14:12:18.135996,599617772134198164,-120.00
2025-06-26 14:12:18.135996,599617772134198164,-115.00
2025-06-26 14:12:18.135996,599617772134198164,-110.00
2025-06-26 14:12:18.135996,599617772134198164,-105.00
2025-06-26 14:12:18.135996,599617772134198164,-102.00
2025-06-26 14:12:18.135996,599617772134198164,-97.00
2025-06-26 14:12:18.135996,599617772134198164,-95.00
2025-06-26 14:12:18.135996,599617772134198164,-93.00
2025-06-26 14:12:18.135996,599617772134198164,-93.00
2025-06-26 14:12:18.135996,599617772134198164,-90.00
2025-06-26 14:12:18.135996,599617772134198164,-90.00
2025-06-26 14:12:18.135996,599617772134198164,-90.00
2025-06-26 14:12:18.135996,599617772134198164,-88.00
2025-06-26 14:12:18.705262,599617772694864687,-85.00
2025-06-26 14:12:18.705262,599617772694864687,-83.00
2025-06-26 14:12:18.705262,599617772694864687,-83.00
2025-06-26 14:12:18.705262,599617772694864687,-83.00
2025-06-26 14:12:18.705262,599617772694864687,-80.00
2025-06-26 14:12:18.705262,599617772694864687,-78.00
2025-06-26 14:12:18.705262,599617772694864687,-83.00
2025-06-26 14:12:18.705262,599617772694864687,-90.00
2025-06-26 14:12:18.705262,599617772694864687,-93.00
2025-06-26 14:12:18.705262,599617772694864687,-85.00
2025-06-26 14:12:18.705262,599617772694864687,-66.00
2025-06-26 14:12:18.705262,599617772694864687,-44.00
2025-06-26 14:12:18.705262,599617772694864687,-41.00
2025-06-26 14:12:18.705262,599617772694864687,-51.00
2025-06-26 14:12:18.705262,599617772694864687,-51.00
2025-06-26 14:12:18.705262,599617772694864687,-53.00
2025-06-26 14:12:18.705262,599617772694864687,-66.00
2025-06-26 14:12:18.705262,599617772694864687,-71.00
2025-06-26 14:12:18.705262,599617772694864687,-73.00
2025-06-26 14:12:18.705262,599617772694864687,-73.00
2025-06-26 14:12:18.705262,599617772694864687,-71.00
2025-06-26 14:12:18.705262,599617772694864687,-71.00
2025-06-26 14:12:18.705262,599617772694864687,-78.00
2025-06-26 14:12:18.705262,599617772694864687,-71.00
2025-06-26 14:12:18.705262,599617772694864687,31.00
2025-06-26 14:12:18.705262,599617772694864687,286.00
2025-06-26 14:12:18.705262,599617772694864687,607.00
2025-06-26 14:12:18.705262,599617772694864687,752.00
2025-06-26 14:12:18.705262,599617772694864687,445.00
2025-06-26 14:12:18.705262,599617772694864687,-129.00
2025-06-26 14:12:18.705262,599617772694864687,-325.00
2025-06-26 14:12:18.705262,599617772694864687,-88.00
2025-06-26 14:12:18.705262,599617772694864687,-22.00
2025-06-26 14:12:18.705262,599617772694864687,-142.00
2025-06-26 14:12:18.705262,599617772694864687,-120.00
2025-06-26 14:12:18.705262,599617772694864687,-68.00
2025-06-26 14:12:18.705262,599617772694864687,-90.00
2025-06-26 14:12:18.705262,599617772694864687,-88.00
2025-06-26 14:12:18.705262,599617772694864687,-58.00
2025-06-26 14:12:18.705262,599617772694864687,-56.00
2025-06-26 14:12:18.705262,599617772694864687,-53.00
2025-06-26 14:12:18.705262,599617772694864687,-39.00
2025-06-26 14:12:18.705262,599617772694864687,-29.00
2025-06-26 14:12:18.705262,599617772694864687,-22.00
2025-06-26 14:12:18.705262,599617772694864687,-9.00
2025-06-26 14:12:18.705262,599617772694864687,-2.00
2025-06-26 14:12:18.705262,599617772694864687,9.00
2025-06-26 14:12:18.705262,599617772694864687,24.00
2025-06-26 14:12:18.705262,599617772694864687,39.00
2025-06-26 14:12:18.705262,599617772694864687,48.00
2025-06-26 14:12:18.705262,599617772694864687,63.00
2025-06-26 14:12:18.705262,599617772694864687,78.00
2025-06-26 14:12:18.705262,599617772694864687,88.00
2025-06-26 14:12:18.705262,599617772694864687,95.00
2025-06-26 14:12:18.705262,599617772694864687,105.00
2025-06-26 14:12:18.705262,599617772694864687,110.00
2025-06-26 14:12:18.705262,599617772694864687,110.00
2025-06-26 14:12:18.705262,599617772694864687,97.00
2025-06-26 14:12:18.705262,599617772694864687,61.00
2025-06-26 14:12:18.705262,599617772694864687,7.00
2025-06-26 14:12:18.705262,599617772694864687,-46.00
2025-06-26 14:12:18.705262,599617772694864687,-90.00
2025-06-26 14:12:18.705262,599617772694864687,-124.00
2025-06-26 14:12:18.705262,599617772694864687,-149.00
2025-06-26 14:12:18.705262,599617772694864687,-159.00
2025-06-26 14:12:18.705262,599617772694864687,-164.00
2025-06-26 14:12:18.705262,599617772694864687,-169.00
2025-06-26 14:12:18.705262,599617772694864687,-164.00
2025-06-26 14:12:18.705262,599617772694864687,-159.00
2025-06-26 14:12:18.705262,599617772694864687,-156.00
2025-06-26 14:12:18.705262,599617772694864687,-149.00
2025-06-26 14:12:18.705262,599617772694864687,-139.00
2025-06-26 14:12:18.705262,599617772694864687,-134.00
2025-06-26 14:12:19.245648,599617773255561728,-129.00
2025-06-26 14:12:19.245648,599617773255561728,-122.00
2025-06-26 14:12:19.245648,599617773255561728,-115.00
2025-06-26 14:12:19.245648,599617773255561728,-112.00
2025-06-26 14:12:19.245648,599617773255561728,-110.00
2025-06-26 14:12:19.245648,599617773255561728,-105.00
2025-06-26 14:12:19.245648,599617773255561728,-102.00
2025-06-26 14:12:19.245648,599617773255561728,-100.00
2025-06-26 14:12:19.245648,599617773255561728,-97.00
2025-06-26 14:12:19.245648,599617773255561728,-97.00
2025-06-26 14:12:19.245648,599617773255561728,-97.00
2025-06-26 14:12:19.245648,599617773255561728,-95.00
2025-06-26 14:12:19.245648,599617773255561728,-95.00
2025-06-26 14:12:19.245648,599617773255561728,-93.00
2025-06-26 14:12:19.245648,599617773255561728,-90.00
2025-06-26 14:12:19.245648,599617773255561728,-93.00
2025-06-26 14:12:19.245648,599617773255561728,-93.00
2025-06-26 14:12:19.245648,599617773255561728,-88.00
2025-06-26 14:12:19.245648,599617773255561728,-85.00
2025-06-26 14:12:19.245648,599617773255561728,-90.00
2025-06-26 14:12:19.245648,599617773255561728,-88.00
2025-06-26 14:12:19.245648,599617773255561728,-83.00
2025-06-26 14:12:19.245648,599617773255561728,-83.00
2025-06-26 14:12:19.245648,599617773255561728,-83.00
2025-06-26 14:12:19.245648,599617773255561728,-80.00
2025-06-26 14:12:19.245648,599617773255561728,-78.00
2025-06-26 14:12:19.245648,599617773255561728,-78.00
2025-06-26 14:12:19.245648,599617773255561728,-78.00
2025-06-26 14:12:19.245648,599617773255561728,-75.00
2025-06-26 14:12:19.245648,599617773255561728,-75.00
2025-06-26 14:12:19.245648,599617773255561728,-83.00
2025-06-26 14:12:19.245648,599617773255561728,-83.00
2025-06-26 14:12:19.245648,599617773255561728,-73.00
2025-06-26 14:12:19.245648,599617773255561728,-51.00
2025-06-26 14:12:19.245648,599617773255561728,-34.00
2025-06-26 14:12:19.245648,599617773255561728,-34.00
2025-06-26 14:12:19.245648,599617773255561728,-44.00
2025-06-26 14:12:19.245648,599617773255561728,-41.00
2025-06-26 14:12:19.245648,599617773255561728,-44.00
2025-06-26 14:12:19.245648,599617773255561728,-56.00
2025-06-26 14:12:19.245648,599617773255561728,-63.00
2025-06-26 14:12:19.245648,599617773255561728,-63.00
2025-06-26 14:12:19.245648,599617773255561728,-61.00
2025-06-26 14:12:19.245648,599617773255561728,-61.00
2025-06-26 14:12:19.245648,599617773255561728,-61.00
2025-06-26 14:12:19.245648,599617773255561728,-73.00
2025-06-26 14:12:19.245648,599617773255561728,-46.00
2025-06-26 14:12:19.245648,599617773255561728,105.00
2025-06-26 14:12:19.245648,599617773255561728,394.00
2025-06-26 14:12:19.245648,599617773255561728,676.00
2025-06-26 14:12:19.245648,599617773255561728,676.00
2025-06-26 14:12:19.245648,599617773255561728,232.00
2025-06-26 14:12:19.245648,599617773255561728,-254.00
2025-06-26 14:12:19.245648,599617773255561728,-237.00
2025-06-26 14:12:19.245648,599617773255561728,-17.00
2025-06-26 14:12:19.245648,599617773255561728,-61.00
2025-06-26 14:12:19.245648,599617773255561728,-142.00
2025-06-26 14:12:19.245648,599617773255561728,-85.00
2025-06-26 14:12:19.245648,599617773255561728,-68.00
2025-06-26 14:12:19.245648,599617773255561728,-93.00
2025-06-26 14:12:19.245648,599617773255561728,-75.00
2025-06-26 14:12:19.245648,599617773255561728,-56.00
2025-06-26 14:12:19.245648,599617773255561728,-56.00
2025-06-26 14:12:19.245648,599617773255561728,-46.00
2025-06-26 14:12:19.245648,599617773255561728,-34.00
2025-06-26 14:12:19.245648,599617773255561728,-29.00
2025-06-26 14:12:19.245648,599617773255561728,-22.00
2025-06-26 14:12:19.245648,599617773255561728,-9.00
2025-06-26 14:12:19.245648,599617773255561728,0.00
2025-06-26 14:12:19.245648,599617773255561728,9.00
2025-06-26 14:12:19.245648,599617773255561728,19.00
2025-06-26 14:12:19.245648,599617773255561728,31.00
2025-06-26 14:12:19.245648,599617773255561728,41.00
2025-06-26 14:12:19.845597,599617773816228253,53.00
2025-06-26 14:12:19.845597,599617773816228253,66.00
2025-06-26 14:12:19.845597,599617773816228253,75.00
2025-06-26 14:12:19.845597,599617773816228253,83.00
2025-06-26 14:12:19.845597,599617773816228253,90.00
2025-06-26 14:12:19.845597,599617773816228253,97.00
2025-06-26 14:12:19.845597,599617773816228253,97.00
2025-06-26 14:12:19.845597,599617773816228253,80.00
2025-06-26 14:12:19.845597,599617773816228253,48.00
2025-06-26 14:12:19.845597,599617773816228253,7.00
2025-06-26 14:12:19.845597,599617773816228253,-39.00
2025-06-26 14:12:19.845597,599617773816228253,-85.00
2025-06-26 14:12:19.845597,599617773816228253,-122.00
2025-06-26 14:12:19.845597,599617773816228253,-142.00
2025-06-26 14:12:19.845597,599617773816228253,-154.00
2025-06-26 14:12:19.845597,599617773816228253,-159.00
2025-06-26 14:12:19.845597,599617773816228253,-159.00
2025-06-26 14:12:19.845597,599617773816228253,-156.00
2025-06-26 14:12:19.845597,599617773816228253,-154.00
2025-06-26 14:12:19.845597,599617773816228253,-149.00
2025-06-26 14:12:19.845597,599617773816228253,-142.00
2025-06-26 14:12:19.845597,599617773816228253,-134.00
2025-06-26 14:12:19.845597,599617773816228253,-129.00
2025-06-26 14:12:19.845597,599617773816228253,-127.00
2025-06-26 14:12:19.845597,599617773816228253,-120.00
2025-06-26 14:12:19.845597,599617773816228253,-115.00
2025-06-26 14:12:19.845597,599617773816228253,-115.00
2025-06-26 14:12:19.845597,599617773816228253,-112.00
2025-06-26 14:12:19.845597,599617773816228253,-107.00
2025-06-26 14:12:19.845597,599617773816228253,-105.00
2025-06-26 14:12:19.845597,599617773816228253,-105.00
2025-06-26 14:12:19.845597,599617773816228253,-105.00
2025-06-26 14:12:19.845597,599617773816228253,-102.00
2025-06-26 14:12:19.845597,599617773816228253,-102.00
2025-06-26 14:12:19.845597,599617773816228253,-102.00
2025-06-26 14:12:19.845597,599617773816228253,-100.00
2025-06-26 14:12:19.845597,599617773816228253,-100.00
2025-06-26 14:12:19.845597,599617773816228253,-97.00
2025-06-26 14:12:19.845597,599617773816228253,-97.00
2025-06-26 14:12:19.845597,599617773816228253,-97.00
2025-06-26 14:12:19.845597,599617773816228253,-97.00
2025-06-26 14:12:19.845597,599617773816228253,-95.00
2025-06-26 14:12:19.845597,599617773816228253,-95.00
2025-06-26 14:12:19.845597,599617773816228253,-93.00
2025-06-26 14:12:19.845597,599617773816228253,-93.00
2025-06-26 14:12:19.845597,599617773816228253,-90.00
2025-06-26 14:12:19.845597,599617773816228253,-88.00
2025-06-26 14:12:19.845597,599617773816228253,-88.00
2025-06-26 14:12:19.845597,599617773816228253,-85.00
2025-06-26 14:12:19.845597,599617773816228253,-85.00
2025-06-26 14:12:19.845597,599617773816228253,-88.00
2025-06-26 14:12:19.845597,599617773816228253,-90.00
2025-06-26 14:12:19.845597,599617773816228253,-88.00
2025-06-26 14:12:19.845597,599617773816228253,-75.00
2025-06-26 14:12:19.845597,599617773816228253,-53.00
2025-06-26 14:12:19.845597,599617773816228253,-41.00
2025-06-26 14:12:19.845597,599617773816228253,-48.00
2025-06-26 14:12:19.845597,599617773816228253,-53.00
2025-06-26 14:12:19.845597,599617773816228253,-53.00
2025-06-26 14:12:19.845597,599617773816228253,-61.00
2025-06-26 14:12:19.845597,599617773816228253,-71.00
2025-06-26 14:12:19.845597,599617773816228253,-75.00
2025-06-26 14:12:19.845597,599617773816228253,-75.00
2025-06-26 14:12:19.845597,599617773816228253,-71.00
2025-06-26 14:12:19.845597,599617773816228253,-68.00
2025-06-26 14:12:19.845597,599617773816228253,-75.00
2025-06-26 14:12:19.845597,599617773816228253,-75.00
2025-06-26 14:12:19.845597,599617773816228253,4.00
2025-06-26 14:12:19.845597,599617773816228253,215.00
2025-06-26 14:12:19.845597,599617773816228253,502.00
2025-06-26 14:12:19.845597,599617773816228253,663.00
2025-06-26 14:12:19.845597,599617773816228253,453.00
2025-06-26 14:12:19.845597,599617773816228253,-53.00
2025-06-26 14:12:20.415364,599617774376925294,-306.00
2025-06-26 14:12:20.415364,599617774376925294,-127.00
2025-06-26 14:12:20.415364,599617774376925294,-19.00
2025-06-26 14:12:20.415364,599617774376925294,-117.00
2025-06-26 14:12:20.415364,599617774376925294,-122.00
2025-06-26 14:12:20.415364,599617774376925294,-71.00
2025-06-26 14:12:20.415364,599617774376925294,-80.00
2025-06-26 14:12:20.415364,599617774376925294,-88.00
2025-06-26 14:12:20.415364,599617774376925294,-61.00
2025-06-26 14:12:20.415364,599617774376925294,-53.00
2025-06-26 14:12:20.415364,599617774376925294,-48.00
2025-06-26 14:12:20.415364,599617774376925294,-34.00
2025-06-26 14:12:20.415364,599617774376925294,-24.00
2025-06-26 14:12:20.415364,599617774376925294,-19.00
2025-06-26 14:12:20.415364,599617774376925294,-9.00
2025-06-26 14:12:20.415364,599617774376925294,0.00
2025-06-26 14:12:20.415364,599617774376925294,9.00
2025-06-26 14:12:20.415364,599617774376925294,22.00
2025-06-26 14:12:20.415364,599617774376925294,31.00
2025-06-26 14:12:20.415364,599617774376925294,41.00
2025-06-26 14:12:20.415364,599617774376925294,53.00
2025-06-26 14:12:20.415364,599617774376925294,63.00
2025-06-26 14:12:20.415364,599617774376925294,73.00
2025-06-26 14:12:20.415364,599617774376925294,80.00
2025-06-26 14:12:20.415364,599617774376925294,85.00
2025-06-26 14:12:20.415364,599617774376925294,90.00
2025-06-26 14:12:20.415364,599617774376925294,95.00
2025-06-26 14:12:20.415364,599617774376925294,88.00
2025-06-26 14:12:20.415364,599617774376925294,61.00
2025-06-26 14:12:20.415364,599617774376925294,22.00
2025-06-26 14:12:20.415364,599617774376925294,-24.00
2025-06-26 14:12:20.415364,599617774376925294,-71.00
2025-06-26 14:12:20.415364,599617774376925294,-105.00
2025-06-26 14:12:20.415364,599617774376925294,-129.00
2025-06-26 14:12:20.415364,599617774376925294,-144.00
2025-06-26 14:12:20.415364,599617774376925294,-154.00
2025-06-26 14:12:20.415364,599617774376925294,-151.00
2025-06-26 14:12:20.415364,599617774376925294,-149.00
2025-06-26 14:12:20.415364,599617774376925294,-146.00
2025-06-26 14:12:20.415364,599617774376925294,-139.00
2025-06-26 14:12:20.415364,599617774376925294,-134.00
2025-06-26 14:12:20.415364,599617774376925294,-129.00
2025-06-26 14:12:20.415364,599617774376925294,-124.00
2025-06-26 14:12:20.415364,599617774376925294,-115.00
2025-06-26 14:12:20.415364,599617774376925294,-107.00
2025-06-26 14:12:20.415364,599617774376925294,-105.00
2025-06-26 14:12:20.415364,599617774376925294,-102.00
2025-06-26 14:12:20.415364,599617774376925294,-100.00
2025-06-26 14:12:20.415364,599617774376925294,-100.00
2025-06-26 14:12:20.415364,599617774376925294,-97.00
2025-06-26 14:12:20.415364,599617774376925294,-90.00
2025-06-26 14:12:20.415364,599617774376925294,-90.00
2025-06-26 14:12:20.415364,599617774376925294,-93.00
2025-06-26 14:12:20.415364,599617774376925294,-93.00
2025-06-26 14:12:20.415364,599617774376925294,-88.00
2025-06-26 14:12:20.415364,599617774376925294,-88.00
2025-06-26 14:12:20.415364,599617774376925294,-88.00
2025-06-26 14:12:20.415364,599617774376925294,-90.00
2025-06-26 14:12:20.415364,599617774376925294,-83.00
2025-06-26 14:12:20.415364,599617774376925294,-83.00
2025-06-26 14:12:20.415364,599617774376925294,-90.00
2025-06-26 14:12:20.415364,599617774376925294,-85.00
2025-06-26 14:12:20.415364,599617774376925294,-80.00
2025-06-26 14:12:20.415364,599617774376925294,-78.00
2025-06-26 14:12:20.415364,599617774376925294,-78.00
2025-06-26 14:12:20.415364,599617774376925294,-75.00
2025-06-26 14:12:20.415364,599617774376925294,-73.00
2025-06-26 14:12:20.415364,599617774376925294,-71.00
2025-06-26 14:12:20.415364,599617774376925294,-68.00
2025-06-26 14:12:20.415364,599617774376925294,-71.00
2025-06-26 14:12:20.415364,599617774376925294,-75.00
2025-06-26 14:12:20.415364,599617774376925294,-78.00
2025-06-26 14:12:20.415364,599617774376925294,-71.00
2025-06-26 14:12:20.955966,599617774937607075,-56.00
2025-06-26 14:12:20.955966,599617774937607075,-31.00
2025-06-26 14:12:20.955966,599617774937607075,-26.00
2025-06-26 14:12:20.955966,599617774937607075,-36.00
2025-06-26 14:12:20.955966,599617774937607075,-39.00
2025-06-26 14:12:20.955966,599617774937607075,-41.00
2025-06-26 14:12:20.955966,599617774937607075,-51.00
2025-06-26 14:12:20.955966,599617774937607075,-58.00
2025-06-26 14:12:20.955966,599617774937607075,-56.00
2025-06-26 14:12:20.955966,599617774937607075,-53.00
2025-06-26 14:12:20.955966,599617774937607075,-51.00
2025-06-26 14:12:20.955966,599617774937607075,-51.00
2025-06-26 14:12:20.955966,599617774937607075,-58.00
2025-06-26 14:12:20.955966,599617774937607075,-44.00
2025-06-26 14:12:20.955966,599617774937607075,78.00
2025-06-26 14:12:20.955966,599617774937607075,328.00
2025-06-26 14:12:20.955966,599617774937607075,587.00
2025-06-26 14:12:20.955966,599617774937607075,622.00
2025-06-26 14:12:20.955966,599617774937607075,264.00
2025-06-26 14:12:20.955966,599617774937607075,-191.00
2025-06-26 14:12:20.955966,599617774937607075,-242.00
2025-06-26 14:12:20.955966,599617774937607075,-48.00
2025-06-26 14:12:20.955966,599617774937607075,-41.00
2025-06-26 14:12:20.955966,599617774937607075,-115.00
2025-06-26 14:12:20.955966,599617774937607075,-83.00
2025-06-26 14:12:20.955966,599617774937607075,-58.00
2025-06-26 14:12:20.955966,599617774937607075,-75.00
2025-06-26 14:12:20.955966,599617774937607075,-63.00
2025-06-26 14:12:20.955966,599617774937607075,-44.00
2025-06-26 14:12:20.955966,599617774937607075,-41.00
2025-06-26 14:12:20.955966,599617774937607075,-36.00
2025-06-26 14:12:20.955966,599617774937607075,-22.00
2025-06-26 14:12:20.955966,599617774937607075,-17.00
2025-06-26 14:12:20.955966,599617774937607075,-14.00
2025-06-26 14:12:20.955966,599617774937607075,-7.00
2025-06-26 14:12:20.955966,599617774937607075,4.00
2025-06-26 14:12:20.955966,599617774937607075,14.00
2025-06-26 14:12:20.955966,599617774937607075,22.00
2025-06-26 14:12:20.955966,599617774937607075,31.00
2025-06-26 14:12:20.955966,599617774937607075,44.00
2025-06-26 14:12:20.955966,599617774937607075,53.00
2025-06-26 14:12:20.955966,599617774937607075,61.00
2025-06-26 14:12:20.955966,599617774937607075,71.00
2025-06-26 14:12:20.955966,599617774937607075,75.00
2025-06-26 14:12:20.955966,599617774937607075,80.00
2025-06-26 14:12:20.955966,599617774937607075,85.00
2025-06-26 14:12:20.955966,599617774937607075,85.00
2025-06-26 14:12:20.955966,599617774937607075,73.00
2025-06-26 14:12:20.955966,599617774937607075,44.00
2025-06-26 14:12:20.955966,599617774937607075,2.00
2025-06-26 14:12:20.955966,599617774937607075,-41.00
2025-06-26 14:12:20.955966,599617774937607075,-80.00
2025-06-26 14:12:20.955966,599617774937607075,-110.00
2025-06-26 14:12:20.955966,599617774937607075,-129.00
2025-06-26 14:12:20.955966,599617774937607075,-142.00
2025-06-26 14:12:20.955966,599617774937607075,-144.00
2025-06-26 14:12:20.955966,599617774937607075,-146.00
2025-06-26 14:12:20.955966,599617774937607075,-144.00
2025-06-26 14:12:20.955966,599617774937607075,-142.00
2025-06-26 14:12:20.955966,599617774937607075,-137.00
2025-06-26 14:12:20.955966,599617774937607075,-127.00
2025-06-26 14:12:20.955966,599617774937607075,-117.00
2025-06-26 14:12:20.955966,599617774937607075,-115.00
2025-06-26 14:12:20.955966,599617774937607075,-110.00
2025-06-26 14:12:20.955966,599617774937607075,-102.00
2025-06-26 14:12:20.955966,599617774937607075,-100.00
2025-06-26 14:12:20.955966,599617774937607075,-102.00
2025-06-26 14:12:20.955966,599617774937607075,-100.00
2025-06-26 14:12:20.955966,599617774937607075,-90.00
2025-06-26 14:12:20.955966,599617774937607075,-90.00
2025-06-26 14:12:20.955966,599617774937607075,-95.00
2025-06-26 14:12:20.955966,599617774937607075,-93.00
2025-06-26 14:12:20.955966,599617774937607075,-88.00
2025-06-26 14:12:21.556109,599617775498288858,-90.00
2025-06-26 14:12:21.556109,599617775498288858,-88.00
2025-06-26 14:12:21.556109,599617775498288858,-83.00
2025-06-26 14:12:21.556109,599617775498288858,-88.00
2025-06-26 14:12:21.556109,599617775498288858,-88.00
2025-06-26 14:12:21.556109,599617775498288858,-83.00
2025-06-26 14:12:21.556109,599617775498288858,-83.00
2025-06-26 14:12:21.556109,599617775498288858,-83.00
2025-06-26 14:12:21.556109,599617775498288858,-80.00
2025-06-26 14:12:21.556109,599617775498288858,-78.00
2025-06-26 14:12:21.556109,599617775498288858,-80.00
2025-06-26 14:12:21.556109,599617775498288858,-75.00
2025-06-26 14:12:21.556109,599617775498288858,-68.00
2025-06-26 14:12:21.556109,599617775498288858,-71.00
2025-06-26 14:12:21.556109,599617775498288858,-68.00
2025-06-26 14:12:21.556109,599617775498288858,-68.00
2025-06-26 14:12:21.556109,599617775498288858,-75.00
2025-06-26 14:12:21.556109,599617775498288858,-78.00
2025-06-26 14:12:21.556109,599617775498288858,-68.00
2025-06-26 14:12:21.556109,599617775498288858,-48.00
2025-06-26 14:12:21.556109,599617775498288858,-31.00
2025-06-26 14:12:21.556109,599617775498288858,-39.00
2025-06-26 14:12:21.556109,599617775498288858,-51.00
2025-06-26 14:12:21.556109,599617775498288858,-48.00
2025-06-26 14:12:21.556109,599617775498288858,-46.00
2025-06-26 14:12:21.556109,599617775498288858,-53.00
2025-06-26 14:12:21.556109,599617775498288858,-58.00
2025-06-26 14:12:21.556109,599617775498288858,-68.00
2025-06-26 14:12:21.556109,599617775498288858,-68.00
2025-06-26 14:12:21.556109,599617775498288858,-58.00
2025-06-26 14:12:21.556109,599617775498288858,-61.00
2025-06-26 14:12:21.556109,599617775498288858,-73.00
2025-06-26 14:12:21.556109,599617775498288858,-58.00
2025-06-26 14:12:21.556109,599617775498288858,51.00
2025-06-26 14:12:21.556109,599617775498288858,286.00
2025-06-26 14:12:21.556109,599617775498288858,548.00
2025-06-26 14:12:21.556109,599617775498288858,605.00
2025-06-26 14:12:21.556109,599617775498288858,271.00
2025-06-26 14:12:21.556109,599617775498288858,-176.00
2025-06-26 14:12:21.556109,599617775498288858,-249.00
2025-06-26 14:12:21.556109,599617775498288858,-63.00
2025-06-26 14:12:21.556109,599617775498288858,-48.00
2025-06-26 14:12:21.556109,599617775498288858,-124.00
2025-06-26 14:12:21.556109,599617775498288858,-93.00
2025-06-26 14:12:21.556109,599617775498288858,-61.00
2025-06-26 14:12:21.556109,599617775498288858,-75.00
2025-06-26 14:12:21.556109,599617775498288858,-68.00
2025-06-26 14:12:21.556109,599617775498288858,-51.00
2025-06-26 14:12:21.556109,599617775498288858,-51.00
2025-06-26 14:12:21.556109,599617775498288858,-46.00
2025-06-26 14:12:21.556109,599617775498288858,-26.00
2025-06-26 14:12:21.556109,599617775498288858,-19.00
2025-06-26 14:12:21.556109,599617775498288858,-14.00
2025-06-26 14:12:21.556109,599617775498288858,-2.00
2025-06-26 14:12:21.556109,599617775498288858,2.00
2025-06-26 14:12:21.556109,599617775498288858,12.00
2025-06-26 14:12:21.556109,599617775498288858,22.00
2025-06-26 14:12:21.556109,599617775498288858,31.00
2025-06-26 14:12:21.556109,599617775498288858,46.00
2025-06-26 14:12:21.556109,599617775498288858,58.00
2025-06-26 14:12:21.556109,599617775498288858,61.00
2025-06-26 14:12:21.556109,599617775498288858,68.00
2025-06-26 14:12:21.556109,599617775498288858,78.00
2025-06-26 14:12:21.556109,599617775498288858,83.00
2025-06-26 14:12:21.556109,599617775498288858,85.00
2025-06-26 14:12:21.556109,599617775498288858,85.00
2025-06-26 14:12:21.556109,599617775498288858,75.00
2025-06-26 14:12:21.556109,599617775498288858,51.00
2025-06-26 14:12:21.556109,599617775498288858,17.00
2025-06-26 14:12:21.556109,599617775498288858,-24.00
2025-06-26 14:12:21.556109,599617775498288858,-71.00
2025-06-26 14:12:21.556109,599617775498288858,-105.00
2025-06-26 14:12:21.556109,599617775498288858,-122.00
2025-06-26 14:12:22.065518,599617776058955381,-127.00
2025-06-26 14:12:22.065518,599617776058955381,-134.00
2025-06-26 14:12:22.065518,599617776058955381,-139.00
2025-06-26 14:12:22.065518,599617776058955381,-139.00
2025-06-26 14:12:22.065518,599617776058955381,-142.00
2025-06-26 14:12:22.065518,599617776058955381,-132.00
2025-06-26 14:12:22.065518,599617776058955381,-115.00
2025-06-26 14:12:22.065518,599617776058955381,-115.00
2025-06-26 14:12:22.065518,599617776058955381,-120.00
2025-06-26 14:12:22.065518,599617776058955381,-110.00
2025-06-26 14:12:22.065518,599617776058955381,-95.00
2025-06-26 14:12:22.065518,599617776058955381,-93.00
2025-06-26 14:12:22.065518,599617776058955381,-97.00
2025-06-26 14:12:22.065518,599617776058955381,-95.00
2025-06-26 14:12:22.065518,599617776058955381,-85.00
2025-06-26 14:12:22.065518,599617776058955381,-83.00
2025-06-26 14:12:22.065518,599617776058955381,-85.00
2025-06-26 14:12:22.065518,599617776058955381,-83.00
2025-06-26 14:12:22.065518,599617776058955381,-75.00
2025-06-26 14:12:22.065518,599617776058955381,-75.00
2025-06-26 14:12:22.065518,599617776058955381,-80.00
2025-06-26 14:12:22.065518,599617776058955381,-80.00
2025-06-26 14:12:22.065518,599617776058955381,-75.00
2025-06-26 14:12:22.065518,599617776058955381,-71.00
2025-06-26 14:12:22.065518,599617776058955381,-68.00
2025-06-26 14:12:22.065518,599617776058955381,-68.00
2025-06-26 14:12:22.065518,599617776058955381,-66.00
2025-06-26 14:12:22.065518,599617776058955381,-56.00
2025-06-26 14:12:22.065518,599617776058955381,-56.00
2025-06-26 14:12:22.065518,599617776058955381,-63.00
2025-06-26 14:12:22.065518,599617776058955381,-61.00
2025-06-26 14:12:22.065518,599617776058955381,-56.00
2025-06-26 14:12:22.065518,599617776058955381,-56.00
2025-06-26 14:12:22.065518,599617776058955381,-58.00
2025-06-26 14:12:22.065518,599617776058955381,-58.00
2025-06-26 14:12:22.065518,599617776058955381,-53.00
2025-06-26 14:12:22.065518,599617776058955381,-46.00
2025-06-26 14:12:22.065518,599617776058955381,-26.00
2025-06-26 14:12:22.065518,599617776058955381,-12.00
2025-06-26 14:12:22.065518,599617776058955381,-19.00
2025-06-26 14:12:22.065518,599617776058955381,-29.00
2025-06-26 14:12:22.065518,599617776058955381,-26.00
2025-06-26 14:12:22.065518,599617776058955381,-29.00
2025-06-26 14:12:22.065518,599617776058955381,-41.00
2025-06-26 14:12:22.065518,599617776058955381,-46.00
2025-06-26 14:12:22.065518,599617776058955381,-46.00
2025-06-26 14:12:22.065518,599617776058955381,-44.00
2025-06-26 14:12:22.065518,599617776058955381,-39.00
2025-06-26 14:12:22.065518,599617776058955381,-44.00
2025-06-26 14:12:22.065518,599617776058955381,-53.00
2025-06-26 14:12:22.065518,599617776058955381,-7.00
2025-06-26 14:12:22.065518,599617776058955381,161.00
2025-06-26 14:12:22.065518,599617776058955381,421.00
2025-06-26 14:12:22.065518,599617776058955381,617.00
2025-06-26 14:12:22.065518,599617776058955381,516.00
2025-06-26 14:12:22.065518,599617776058955381,83.00
2025-06-26 14:12:22.065518,599617776058955381,-257.00
2025-06-26 14:12:22.065518,599617776058955381,-164.00
2025-06-26 14:12:22.065518,599617776058955381,-4.00
2025-06-26 14:12:22.065518,599617776058955381,-58.00
2025-06-26 14:12:22.065518,599617776058955381,-95.00
2025-06-26 14:12:22.065518,599617776058955381,-48.00
2025-06-26 14:12:22.065518,599617776058955381,-46.00
2025-06-26 14:12:22.065518,599617776058955381,-56.00
2025-06-26 14:12:22.065518,599617776058955381,-39.00
2025-06-26 14:12:22.065518,599617776058955381,-29.00
2025-06-26 14:12:22.065518,599617776058955381,-24.00
2025-06-26 14:12:22.065518,599617776058955381,-12.00
2025-06-26 14:12:22.065518,599617776058955381,-4.00
2025-06-26 14:12:22.065518,599617776058955381,0.00
2025-06-26 14:12:22.065518,599617776058955381,4.00
2025-06-26 14:12:22.065518,599617776058955381,9.00
2025-06-26 14:12:22.065518,599617776058955381,19.00
2025-06-26 14:12:22.634581,599617776619621904,26.00
2025-06-26 14:12:22.634581,599617776619621904,31.00
2025-06-26 14:12:22.634581,599617776619621904,41.00
2025-06-26 14:12:22.634581,599617776619621904,56.00
2025-06-26 14:12:22.634581,599617776619621904,68.00
2025-06-26 14:12:22.634581,599617776619621904,73.00
2025-06-26 14:12:22.634581,599617776619621904,75.00
2025-06-26 14:12:22.634581,599617776619621904,83.00
2025-06-26 14:12:22.634581,599617776619621904,88.00
2025-06-26 14:12:22.634581,599617776619621904,88.00
2025-06-26 14:12:22.634581,599617776619621904,80.00
2025-06-26 14:12:22.634581,599617776619621904,71.00
2025-06-26 14:12:22.634581,599617776619621904,46.00
2025-06-26 14:12:22.634581,599617776619621904,0.00
2025-06-26 14:12:22.634581,599617776619621904,-44.00
2025-06-26 14:12:22.634581,599617776619621904,-75.00
2025-06-26 14:12:22.634581,599617776619621904,-100.00
2025-06-26 14:12:22.634581,599617776619621904,-117.00
2025-06-26 14:12:22.634581,599617776619621904,-127.00
2025-06-26 14:12:22.634581,599617776619621904,-129.00
2025-06-26 14:12:22.634581,599617776619621904,-127.00
2025-06-26 14:12:22.634581,599617776619621904,-124.00
2025-06-26 14:12:22.634581,599617776619621904,-117.00
2025-06-26 14:12:22.634581,599617776619621904,-112.00
2025-06-26 14:12:22.634581,599617776619621904,-105.00
2025-06-26 14:12:22.634581,599617776619621904,-95.00
2025-06-26 14:12:22.634581,599617776619621904,-95.00
2025-06-26 14:12:22.634581,599617776619621904,-93.00
2025-06-26 14:12:22.634581,599617776619621904,-83.00
2025-06-26 14:12:22.634581,599617776619621904,-78.00
2025-06-26 14:12:22.634581,599617776619621904,-75.00
2025-06-26 14:12:22.634581,599617776619621904,-73.00
2025-06-26 14:12:22.634581,599617776619621904,-78.00
2025-06-26 14:12:22.634581,599617776619621904,-73.00
2025-06-26 14:12:22.634581,599617776619621904,-58.00
2025-06-26 14:12:22.634581,599617776619621904,-61.00
2025-06-26 14:12:22.634581,599617776619621904,-71.00
2025-06-26 14:12:22.634581,599617776619621904,-68.00
2025-06-26 14:12:22.634581,599617776619621904,-63.00
2025-06-26 14:12:22.634581,599617776619621904,-68.00
2025-06-26 14:12:22.634581,599617776619621904,-66.00
2025-06-26 14:12:22.634581,599617776619621904,-63.00
2025-06-26 14:12:22.634581,599617776619621904,-68.00
2025-06-26 14:12:22.634581,599617776619621904,-68.00
2025-06-26 14:12:22.634581,599617776619621904,-63.00
2025-06-26 14:12:22.634581,599617776619621904,-61.00
2025-06-26 14:12:22.634581,599617776619621904,-58.00
2025-06-26 14:12:22.634581,599617776619621904,-56.00
2025-06-26 14:12:22.634581,599617776619621904,-56.00
2025-06-26 14:12:22.634581,599617776619621904,-63.00
2025-06-26 14:12:22.634581,599617776619621904,-68.00
2025-06-26 14:12:22.634581,599617776619621904,-71.00
2025-06-26 14:12:22.634581,599617776619621904,-61.00
2025-06-26 14:12:22.634581,599617776619621904,-39.00
2025-06-26 14:12:22.634581,599617776619621904,-22.00
2025-06-26 14:12:22.634581,599617776619621904,-22.00
2025-06-26 14:12:22.634581,599617776619621904,-26.00
2025-06-26 14:12:22.634581,599617776619621904,-26.00
2025-06-26 14:12:22.634581,599617776619621904,-29.00
2025-06-26 14:12:22.634581,599617776619621904,-41.00
2025-06-26 14:12:22.634581,599617776619621904,-53.00
2025-06-26 14:12:22.634581,599617776619621904,-58.00
2025-06-26 14:12:22.634581,599617776619621904,-53.00
2025-06-26 14:12:22.634581,599617776619621904,-51.00
2025-06-26 14:12:22.634581,599617776619621904,-51.00
2025-06-26 14:12:22.634581,599617776619621904,-56.00
2025-06-26 14:12:22.634581,599617776619621904,-58.00
2025-06-26 14:12:22.634581,599617776619621904,0.00
2025-06-26 14:12:22.634581,599617776619621904,191.00
2025-06-26 14:12:22.634581,599617776619621904,458.00
2025-06-26 14:12:22.634581,599617776619621904,602.00
2025-06-26 14:12:22.634581,599617776619621904,411.00
2025-06-26 14:12:22.634581,599617776619621904,-29.00
2025-06-26 14:12:23.206403,599617777180318947,-264.00
2025-06-26 14:12:23.206403,599617777180318947,-122.00
2025-06-26 14:12:23.206403,599617777180318947,-9.00
2025-06-26 14:12:23.206403,599617777180318947,-73.00
2025-06-26 14:12:23.206403,599617777180318947,-90.00
2025-06-26 14:12:23.206403,599617777180318947,-61.00
2025-06-26 14:12:23.206403,599617777180318947,-71.00
2025-06-26 14:12:23.206403,599617777180318947,-63.00
2025-06-26 14:12:23.206403,599617777180318947,-31.00
2025-06-26 14:12:23.206403,599617777180318947,-29.00
2025-06-26 14:12:23.206403,599617777180318947,-39.00
2025-06-26 14:12:23.206403,599617777180318947,-26.00
2025-06-26 14:12:23.206403,599617777180318947,-4.00
2025-06-26 14:12:23.206403,599617777180318947,7.00
2025-06-26 14:12:23.206403,599617777180318947,17.00
2025-06-26 14:12:23.206403,599617777180318947,26.00
2025-06-26 14:12:23.206403,599617777180318947,29.00
2025-06-26 14:12:23.206403,599617777180318947,24.00
2025-06-26 14:12:23.206403,599617777180318947,26.00
2025-06-26 14:12:23.206403,599617777180318947,41.00
2025-06-26 14:12:23.206403,599617777180318947,51.00
2025-06-26 14:12:23.206403,599617777180318947,58.00
2025-06-26 14:12:23.206403,599617777180318947,63.00
2025-06-26 14:12:23.206403,599617777180318947,66.00
2025-06-26 14:12:23.206403,599617777180318947,78.00
2025-06-26 14:12:23.206403,599617777180318947,88.00
2025-06-26 14:12:23.206403,599617777180318947,88.00
2025-06-26 14:12:23.206403,599617777180318947,83.00
2025-06-26 14:12:23.206403,599617777180318947,61.00
2025-06-26 14:12:23.206403,599617777180318947,14.00
2025-06-26 14:12:23.206403,599617777180318947,-31.00
2025-06-26 14:12:23.206403,599617777180318947,-56.00
2025-06-26 14:12:23.206403,599617777180318947,-75.00
2025-06-26 14:12:23.206403,599617777180318947,-107.00
2025-06-26 14:12:23.206403,599617777180318947,-132.00
2025-06-26 14:12:23.206403,599617777180318947,-132.00
2025-06-26 14:12:23.206403,599617777180318947,-129.00
2025-06-26 14:12:23.206403,599617777180318947,-134.00
2025-06-26 14:12:23.206403,599617777180318947,-134.00
2025-06-26 14:12:23.206403,599617777180318947,-127.00
2025-06-26 14:12:23.206403,599617777180318947,-122.00
2025-06-26 14:12:23.206403,599617777180318947,-115.00
2025-06-26 14:12:23.206403,599617777180318947,-112.00
2025-06-26 14:12:23.206403,599617777180318947,-112.00
2025-06-26 14:12:23.206403,599617777180318947,-107.00
2025-06-26 14:12:23.206403,599617777180318947,-100.00
2025-06-26 14:12:23.206403,599617777180318947,-102.00
2025-06-26 14:12:23.206403,599617777180318947,-102.00
2025-06-26 14:12:23.206403,599617777180318947,-93.00
2025-06-26 14:12:23.206403,599617777180318947,-90.00
2025-06-26 14:12:23.206403,599617777180318947,-95.00
2025-06-26 14:12:23.206403,599617777180318947,-95.00
2025-06-26 14:12:23.206403,599617777180318947,-90.00
2025-06-26 14:12:23.206403,599617777180318947,-85.00
2025-06-26 14:12:23.206403,599617777180318947,-83.00
2025-06-26 14:12:23.206403,599617777180318947,-85.00
2025-06-26 14:12:23.206403,599617777180318947,-85.00
2025-06-26 14:12:23.206403,599617777180318947,-83.00
2025-06-26 14:12:23.206403,599617777180318947,-85.00
2025-06-26 14:12:23.206403,599617777180318947,-85.00
2025-06-26 14:12:23.206403,599617777180318947,-80.00
2025-06-26 14:12:23.206403,599617777180318947,-78.00
2025-06-26 14:12:23.206403,599617777180318947,-78.00
2025-06-26 14:12:23.206403,599617777180318947,-75.00
2025-06-26 14:12:23.206403,599617777180318947,-68.00
2025-06-26 14:12:23.206403,599617777180318947,-71.00
2025-06-26 14:12:23.206403,599617777180318947,-75.00
2025-06-26 14:12:23.206403,599617777180318947,-73.00
2025-06-26 14:12:23.206403,599617777180318947,-66.00
2025-06-26 14:12:23.206403,599617777180318947,-58.00
2025-06-26 14:12:23.206403,599617777180318947,-36.00
2025-06-26 14:12:23.206403,599617777180318947,-19.00
2025-06-26 14:12:23.206403,599617777180318947,-29.00
2025-06-26 14:12:23.775619,599617777740985470,-41.00
2025-06-26 14:12:23.775619,599617777740985470,-41.00
2025-06-26 14:12:23.775619,599617777740985470,-46.00
2025-06-26 14:12:23.775619,599617777740985470,-56.00
2025-06-26 14:12:23.775619,599617777740985470,-58.00
2025-06-26 14:12:23.775619,599617777740985470,-58.00
2025-06-26 14:12:23.775619,599617777740985470,-61.00
2025-06-26 14:12:23.775619,599617777740985470,-61.00
2025-06-26 14:12:23.775619,599617777740985470,-61.00
2025-06-26 14:12:23.775619,599617777740985470,-63.00
2025-06-26 14:12:23.775619,599617777740985470,-14.00
2025-06-26 14:12:23.775619,599617777740985470,146.00
2025-06-26 14:12:23.775619,599617777740985470,394.00
2025-06-26 14:12:23.775619,599617777740985470,558.00
2025-06-26 14:12:23.775619,599617777740985470,426.00
2025-06-26 14:12:23.775619,599617777740985470,14.00
2025-06-26 14:12:23.775619,599617777740985470,-276.00
2025-06-26 14:12:23.775619,599617777740985470,-188.00
2025-06-26 14:12:23.775619,599617777740985470,-53.00
2025-06-26 14:12:23.775619,599617777740985470,-100.00
2025-06-26 14:12:23.775619,599617777740985470,-129.00
2025-06-26 14:12:23.775619,599617777740985470,-93.00
2025-06-26 14:12:23.775619,599617777740985470,-93.00
2025-06-26 14:12:23.775619,599617777740985470,-100.00
2025-06-26 14:12:23.775619,599617777740985470,-83.00
2025-06-26 14:12:23.775619,599617777740985470,-75.00
2025-06-26 14:12:23.775619,599617777740985470,-71.00
2025-06-26 14:12:23.775619,599617777740985470,-61.00
2025-06-26 14:12:23.775619,599617777740985470,-53.00
2025-06-26 14:12:23.775619,599617777740985470,-53.00
2025-06-26 14:12:23.775619,599617777740985470,-46.00
2025-06-26 14:12:23.775619,599617777740985470,-36.00
2025-06-26 14:12:23.775619,599617777740985470,-29.00
2025-06-26 14:12:23.775619,599617777740985470,-17.00
2025-06-26 14:12:23.775619,599617777740985470,-4.00
2025-06-26 14:12:23.775619,599617777740985470,-4.00
2025-06-26 14:12:23.775619,599617777740985470,0.00
2025-06-26 14:12:23.775619,599617777740985470,19.00
2025-06-26 14:12:23.775619,599617777740985470,41.00
2025-06-26 14:12:23.775619,599617777740985470,63.00
2025-06-26 14:12:23.775619,599617777740985470,56.00
2025-06-26 14:12:23.775619,599617777740985470,19.00
2025-06-26 14:12:23.775619,599617777740985470,17.00
2025-06-26 14:12:23.775619,599617777740985470,48.00
2025-06-26 14:12:23.775619,599617777740985470,75.00
2025-06-26 14:12:23.775619,599617777740985470,53.00
2025-06-26 14:12:23.775619,599617777740985470,-31.00
2025-06-26 14:12:23.775619,599617777740985470,-105.00
2025-06-26 14:12:23.775619,599617777740985470,-112.00
2025-06-26 14:12:23.775619,599617777740985470,-110.00
2025-06-26 14:12:23.775619,599617777740985470,-124.00
2025-06-26 14:12:23.775619,599617777740985470,-132.00
2025-06-26 14:12:23.775619,599617777740985470,-129.00
2025-06-26 14:12:23.775619,599617777740985470,-129.00
2025-06-26 14:12:23.775619,599617777740985470,-132.00
2025-06-26 14:12:23.775619,599617777740985470,-124.00
2025-06-26 14:12:23.775619,599617777740985470,-117.00
2025-06-26 14:12:23.775619,599617777740985470,-102.00
2025-06-26 14:12:23.775619,599617777740985470,-93.00
2025-06-26 14:12:23.775619,599617777740985470,-93.00
2025-06-26 14:12:23.775619,599617777740985470,-83.00
2025-06-26 14:12:23.775619,599617777740985470,-73.00
2025-06-26 14:12:23.775619,599617777740985470,-68.00
2025-06-26 14:12:23.775619,599617777740985470,-63.00
2025-06-26 14:12:23.775619,599617777740985470,-61.00
2025-06-26 14:12:23.775619,599617777740985470,-63.00
2025-06-26 14:12:23.775619,599617777740985470,-63.00
2025-06-26 14:12:23.775619,599617777740985470,-48.00
2025-06-26 14:12:23.775619,599617777740985470,-46.00
2025-06-26 14:12:23.775619,599617777740985470,-58.00
2025-06-26 14:12:23.775619,599617777740985470,-56.00
2025-06-26 14:12:23.775619,599617777740985470,-39.00
2025-06-26 14:12:23.775619,599617777740985470,-29.00
2025-06-26 14:12:24.315714,599617778301651993,-46.00
2025-06-26 14:12:24.315714,599617778301651993,-61.00
2025-06-26 14:12:24.315714,599617778301651993,-44.00
2025-06-26 14:12:24.315714,599617778301651993,4.00
2025-06-26 14:12:24.315714,599617778301651993,-2.00
2025-06-26 14:12:24.315714,599617778301651993,-100.00
2025-06-26 14:12:24.315714,599617778301651993,-100.00
2025-06-26 14:12:24.315714,599617778301651993,-26.00
2025-06-26 14:12:24.315714,599617778301651993,-39.00
2025-06-26 14:12:24.315714,599617778301651993,-61.00
2025-06-26 14:12:24.315714,599617778301651993,-31.00
2025-06-26 14:12:24.315714,599617778301651993,-9.00
2025-06-26 14:12:24.315714,599617778301651993,-2.00
2025-06-26 14:12:24.315714,599617778301651993,2.00
2025-06-26 14:12:24.315714,599617778301651993,-7.00
2025-06-26 14:12:24.315714,599617778301651993,-14.00
2025-06-26 14:12:24.315714,599617778301651993,-9.00
2025-06-26 14:12:24.315714,599617778301651993,-19.00
2025-06-26 14:12:24.315714,599617778301651993,-36.00
2025-06-26 14:12:24.315714,599617778301651993,-34.00
2025-06-26 14:12:24.315714,599617778301651993,-26.00
2025-06-26 14:12:24.315714,599617778301651993,-26.00
2025-06-26 14:12:24.315714,599617778301651993,-26.00
2025-06-26 14:12:24.315714,599617778301651993,-31.00
2025-06-26 14:12:24.315714,599617778301651993,-14.00
2025-06-26 14:12:24.315714,599617778301651993,95.00
2025-06-26 14:12:24.315714,599617778301651993,328.00
2025-06-26 14:12:24.315714,599617778301651993,568.00
2025-06-26 14:12:24.315714,599617778301651993,563.00
2025-06-26 14:12:24.315714,599617778301651993,220.00
2025-06-26 14:12:24.315714,599617778301651993,-146.00
2025-06-26 14:12:24.315714,599617778301651993,-213.00
2025-06-26 14:12:24.315714,599617778301651993,-85.00
2025-06-26 14:12:24.315714,599617778301651993,-41.00
2025-06-26 14:12:24.315714,599617778301651993,-78.00
2025-06-26 14:12:24.315714,599617778301651993,-90.00
2025-06-26 14:12:24.315714,599617778301651993,-78.00
2025-06-26 14:12:24.315714,599617778301651993,-78.00
2025-06-26 14:12:24.315714,599617778301651993,-73.00
2025-06-26 14:12:24.315714,599617778301651993,-56.00
2025-06-26 14:12:24.315714,599617778301651993,-56.00
2025-06-26 14:12:24.315714,599617778301651993,-63.00
2025-06-26 14:12:24.315714,599617778301651993,-44.00
2025-06-26 14:12:24.315714,599617778301651993,-24.00
2025-06-26 14:12:24.315714,599617778301651993,-26.00
2025-06-26 14:12:24.315714,599617778301651993,-24.00
2025-06-26 14:12:24.315714,599617778301651993,-2.00
2025-06-26 14:12:24.315714,599617778301651993,2.00
2025-06-26 14:12:24.315714,599617778301651993,-4.00
2025-06-26 14:12:24.315714,599617778301651993,22.00
2025-06-26 14:12:24.315714,599617778301651993,19.00
2025-06-26 14:12:24.315714,599617778301651993,4.00
2025-06-26 14:12:24.315714,599617778301651993,93.00
2025-06-26 14:12:24.315714,599617778301651993,159.00
2025-06-26 14:12:24.315714,599617778301651993,73.00
2025-06-26 14:12:24.315714,599617778301651993,-19.00
2025-06-26 14:12:24.315714,599617778301651993,36.00
2025-06-26 14:12:24.315714,599617778301651993,151.00
2025-06-26 14:12:24.315714,599617778301651993,124.00
2025-06-26 14:12:24.315714,599617778301651993,63.00
2025-06-26 14:12:24.315714,599617778301651993,53.00
2025-06-26 14:12:24.315714,599617778301651993,-36.00
2025-06-26 14:12:24.315714,599617778301651993,-105.00
2025-06-26 14:12:24.315714,599617778301651993,-75.00
2025-06-26 14:12:24.315714,599617778301651993,-63.00
2025-06-26 14:12:24.315714,599617778301651993,-80.00
2025-06-26 14:12:24.315714,599617778301651993,-75.00
2025-06-26 14:12:24.315714,599617778301651993,-68.00
2025-06-26 14:12:24.315714,599617778301651993,-68.00
2025-06-26 14:12:24.315714,599617778301651993,-48.00
2025-06-26 14:12:24.315714,599617778301651993,-36.00
2025-06-26 14:12:24.315714,599617778301651993,-36.00
2025-06-26 14:12:24.315714,599617778301651993,-29.00
2025-06-26 14:12:24.856236,599617778862318516,-105.00
2025-06-26 14:12:24.856236,599617778862318516,-142.00
2025-06-26 14:12:24.856236,599617778862318516,34.00
2025-06-26 14:12:24.856236,599617778862318516,142.00
2025-06-26 14:12:24.856236,599617778862318516,44.00
2025-06-26 14:12:24.856236,599617778862318516,29.00
2025-06-26 14:12:24.856236,599617778862318516,34.00
2025-06-26 14:12:24.856236,599617778862318516,-151.00
2025-06-26 14:12:24.856236,599617778862318516,-166.00
2025-06-26 14:12:24.856236,599617778862318516,56.00
2025-06-26 14:12:24.856236,599617778862318516,24.00
2025-06-26 14:12:24.856236,599617778862318516,-75.00
2025-06-26 14:12:24.856236,599617778862318516,41.00
2025-06-26 14:12:24.856236,599617778862318516,117.00
2025-06-26 14:12:24.856236,599617778862318516,53.00
2025-06-26 14:12:24.856236,599617778862318516,-73.00
2025-06-26 14:12:24.856236,599617778862318516,-115.00
2025-06-26 14:12:24.856236,599617778862318516,-19.00
2025-06-26 14:12:24.856236,599617778862318516,17.00
2025-06-26 14:12:24.856236,599617778862318516,-12.00
2025-06-26 14:12:24.856236,599617778862318516,7.00
2025-06-26 14:12:24.856236,599617778862318516,31.00
2025-06-26 14:12:24.856236,599617778862318516,-4.00
2025-06-26 14:12:24.856236,599617778862318516,-71.00
2025-06-26 14:12:24.856236,599617778862318516,-31.00
2025-06-26 14:12:24.856236,599617778862318516,93.00
2025-06-26 14:12:24.856236,599617778862318516,68.00
2025-06-26 14:12:24.856236,599617778862318516,-22.00
2025-06-26 14:12:24.856236,599617778862318516,17.00
2025-06-26 14:12:24.856236,599617778862318516,22.00
2025-06-26 14:12:24.856236,599617778862318516,-63.00
2025-06-26 14:12:24.856236,599617778862318516,-14.00
2025-06-26 14:12:24.856236,599617778862318516,90.00
2025-06-26 14:12:24.856236,599617778862318516,41.00
2025-06-26 14:12:24.856236,599617778862318516,-107.00
2025-06-26 14:12:24.856236,599617778862318516,-129.00
2025-06-26 14:12:24.856236,599617778862318516,-9.00
2025-06-26 14:12:24.856236,599617778862318516,51.00
2025-06-26 14:12:24.856236,599617778862318516,112.00
2025-06-26 14:12:24.856236,599617778862318516,377.00
2025-06-26 14:12:24.856236,599617778862318516,636.00
2025-06-26 14:12:24.856236,599617778862318516,511.00
2025-06-26 14:12:24.856236,599617778862318516,105.00
2025-06-26 14:12:24.856236,599617778862318516,-161.00
2025-06-26 14:12:24.856236,599617778862318516,-100.00
2025-06-26 14:12:24.856236,599617778862318516,36.00
2025-06-26 14:12:24.856236,599617778862318516,-41.00
2025-06-26 14:12:24.856236,599617778862318516,-137.00
2025-06-26 14:12:24.856236,599617778862318516,-80.00
2025-06-26 14:12:24.856236,599617778862318516,-58.00
2025-06-26 14:12:24.856236,599617778862318516,-68.00
2025-06-26 14:12:24.856236,599617778862318516,4.00
2025-06-26 14:12:24.856236,599617778862318516,17.00
2025-06-26 14:12:24.856236,599617778862318516,-63.00
2025-06-26 14:12:24.856236,599617778862318516,-24.00
2025-06-26 14:12:24.856236,599617778862318516,95.00
2025-06-26 14:12:24.856236,599617778862318516,97.00
2025-06-26 14:12:24.856236,599617778862318516,-48.00
2025-06-26 14:12:24.856236,599617778862318516,-105.00
2025-06-26 14:12:24.856236,599617778862318516,78.00
2025-06-26 14:12:24.856236,599617778862318516,71.00
2025-06-26 14:12:24.856236,599617778862318516,-115.00
2025-06-26 14:12:24.856236,599617778862318516,17.00
2025-06-26 14:12:24.856236,599617778862318516,151.00
2025-06-26 14:12:24.856236,599617778862318516,34.00
2025-06-26 14:12:24.856236,599617778862318516,24.00
2025-06-26 14:12:24.856236,599617778862318516,127.00
2025-06-26 14:12:24.856236,599617778862318516,117.00
2025-06-26 14:12:24.856236,599617778862318516,73.00
2025-06-26 14:12:24.856236,599617778862318516,105.00
2025-06-26 14:12:24.856236,599617778862318516,120.00
2025-06-26 14:12:24.856236,599617778862318516,100.00
2025-06-26 14:12:24.856236,599617778862318516,100.00
2025-06-26 14:12:25.457237,599617779422985039,31.00
2025-06-26 14:12:25.457237,599617779422985039,-58.00
2025-06-26 14:12:25.457237,599617779422985039,-12.00
2025-06-26 14:12:25.457237,599617779422985039,17.00
2025-06-26 14:12:25.457237,599617779422985039,-95.00
2025-06-26 14:12:25.457237,599617779422985039,-144.00
2025-06-26 14:12:25.457237,599617779422985039,-95.00
2025-06-26 14:12:25.457237,599617779422985039,-95.00
2025-06-26 14:12:25.457237,599617779422985039,-112.00
2025-06-26 14:12:25.457237,599617779422985039,-90.00
2025-06-26 14:12:25.457237,599617779422985039,-71.00
2025-06-26 14:12:25.457237,599617779422985039,-83.00
2025-06-26 14:12:25.457237,599617779422985039,-90.00
2025-06-26 14:12:25.457237,599617779422985039,-85.00
2025-06-26 14:12:25.457237,599617779422985039,-85.00
2025-06-26 14:12:25.457237,599617779422985039,-80.00
2025-06-26 14:12:25.457237,599617779422985039,-66.00
2025-06-26 14:12:25.457237,599617779422985039,-75.00
2025-06-26 14:12:25.457237,599617779422985039,-88.00
2025-06-26 14:12:25.457237,599617779422985039,-80.00
2025-06-26 14:12:25.457237,599617779422985039,-78.00
2025-06-26 14:12:25.457237,599617779422985039,-80.00
2025-06-26 14:12:25.457237,599617779422985039,-93.00
2025-06-26 14:12:25.457237,599617779422985039,-149.00
2025-06-26 14:12:25.457237,599617779422985039,-181.00
2025-06-26 14:12:25.457237,599617779422985039,-144.00
2025-06-26 14:12:25.457237,599617779422985039,-149.00
2025-06-26 14:12:25.457237,599617779422985039,-208.00
2025-06-26 14:12:25.457237,599617779422985039,-183.00
2025-06-26 14:12:25.457237,599617779422985039,-93.00
2025-06-26 14:12:25.457237,599617779422985039,-100.00
2025-06-26 14:12:25.457237,599617779422985039,-195.00
2025-06-26 14:12:25.457237,599617779422985039,-249.00
2025-06-26 14:12:25.457237,599617779422985039,-232.00
2025-06-26 14:12:25.457237,599617779422985039,-161.00
2025-06-26 14:12:25.457237,599617779422985039,-78.00
2025-06-26 14:12:25.457237,599617779422985039,-105.00
2025-06-26 14:12:25.457237,599617779422985039,-188.00
2025-06-26 14:12:25.457237,599617779422985039,-129.00
2025-06-26 14:12:25.457237,599617779422985039,-51.00
2025-06-26 14:12:25.457237,599617779422985039,-127.00
2025-06-26 14:12:25.457237,599617779422985039,-198.00
2025-06-26 14:12:25.457237,599617779422985039,-151.00
2025-06-26 14:12:25.457237,599617779422985039,-66.00
2025-06-26 14:12:25.457237,599617779422985039,-26.00
2025-06-26 14:12:25.457237,599617779422985039,-61.00
2025-06-26 14:12:25.457237,599617779422985039,-93.00
2025-06-26 14:12:25.457237,599617779422985039,-56.00
2025-06-26 14:12:25.457237,599617779422985039,83.00
2025-06-26 14:12:25.457237,599617779422985039,311.00
2025-06-26 14:12:25.457237,599617779422985039,526.00
2025-06-26 14:12:25.457237,599617779422985039,568.00
2025-06-26 14:12:25.457237,599617779422985039,247.00
2025-06-26 14:12:25.457237,599617779422985039,-215.00
2025-06-26 14:12:25.457237,599617779422985039,-264.00
2025-06-26 14:12:25.457237,599617779422985039,-17.00
2025-06-26 14:12:25.457237,599617779422985039,17.00
2025-06-26 14:12:25.457237,599617779422985039,-75.00
2025-06-26 14:12:25.457237,599617779422985039,-63.00
2025-06-26 14:12:25.457237,599617779422985039,-29.00
2025-06-26 14:12:25.457237,599617779422985039,-36.00
2025-06-26 14:12:25.457237,599617779422985039,-34.00
2025-06-26 14:12:25.457237,599617779422985039,-22.00
2025-06-26 14:12:25.457237,599617779422985039,-7.00
2025-06-26 14:12:25.457237,599617779422985039,-7.00
2025-06-26 14:12:25.457237,599617779422985039,17.00
2025-06-26 14:12:25.457237,599617779422985039,51.00
2025-06-26 14:12:25.457237,599617779422985039,7.00
2025-06-26 14:12:25.457237,599617779422985039,-31.00
2025-06-26 14:12:25.457237,599617779422985039,48.00
2025-06-26 14:12:25.457237,599617779422985039,97.00
2025-06-26 14:12:25.457237,599617779422985039,51.00
2025-06-26 14:12:25.457237,599617779422985039,53.00
2025-06-26 14:12:25.996009,599617779983682080,80.00
2025-06-26 14:12:25.996009,599617779983682080,73.00
2025-06-26 14:12:25.996009,599617779983682080,78.00
2025-06-26 14:12:25.996009,599617779983682080,44.00
2025-06-26 14:12:25.996009,599617779983682080,39.00
2025-06-26 14:12:25.996009,599617779983682080,115.00
2025-06-26 14:12:25.996009,599617779983682080,117.00
2025-06-26 14:12:25.996009,599617779983682080,61.00
2025-06-26 14:12:25.996009,599617779983682080,61.00
2025-06-26 14:12:25.996009,599617779983682080,73.00
2025-06-26 14:12:25.996009,599617779983682080,51.00
2025-06-26 14:12:25.996009,599617779983682080,-2.00
2025-06-26 14:12:25.996009,599617779983682080,-78.00
2025-06-26 14:12:25.996009,599617779983682080,-58.00
2025-06-26 14:12:25.996009,599617779983682080,0.00
2025-06-26 14:12:25.996009,599617779983682080,-68.00
2025-06-26 14:12:25.996009,599617779983682080,-73.00
2025-06-26 14:12:25.996009,599617779983682080,2.00
2025-06-26 14:12:25.996009,599617779983682080,-88.00
2025-06-26 14:12:25.996009,599617779983682080,-171.00
2025-06-26 14:12:25.996009,599617779983682080,-95.00
2025-06-26 14:12:25.996009,599617779983682080,-31.00
2025-06-26 14:12:25.996009,599617779983682080,-61.00
2025-06-26 14:12:25.996009,599617779983682080,-68.00
2025-06-26 14:12:25.996009,599617779983682080,-41.00
2025-06-26 14:12:25.996009,599617779983682080,-39.00
2025-06-26 14:12:25.996009,599617779983682080,-39.00
2025-06-26 14:12:25.996009,599617779983682080,-61.00
2025-06-26 14:12:25.996009,599617779983682080,-83.00
2025-06-26 14:12:25.996009,599617779983682080,-56.00
2025-06-26 14:12:25.996009,599617779983682080,-41.00
2025-06-26 14:12:25.996009,599617779983682080,-66.00
2025-06-26 14:12:25.996009,599617779983682080,-78.00
2025-06-26 14:12:25.996009,599617779983682080,-48.00
2025-06-26 14:12:25.996009,599617779983682080,-36.00
2025-06-26 14:12:25.996009,599617779983682080,-29.00
2025-06-26 14:12:25.996009,599617779983682080,-48.00
2025-06-26 14:12:25.996009,599617779983682080,-105.00
2025-06-26 14:12:25.996009,599617779983682080,-80.00
2025-06-26 14:12:25.996009,599617779983682080,-17.00
2025-06-26 14:12:25.996009,599617779983682080,-22.00
2025-06-26 14:12:25.996009,599617779983682080,-51.00
2025-06-26 14:12:25.996009,599617779983682080,-66.00
2025-06-26 14:12:25.996009,599617779983682080,-63.00
2025-06-26 14:12:25.996009,599617779983682080,-22.00
2025-06-26 14:12:25.996009,599617779983682080,7.00
2025-06-26 14:12:25.996009,599617779983682080,-22.00
2025-06-26 14:12:25.996009,599617779983682080,-51.00
2025-06-26 14:12:25.996009,599617779983682080,-29.00
2025-06-26 14:12:25.996009,599617779983682080,0.00
2025-06-26 14:12:25.996009,599617779983682080,-7.00
2025-06-26 14:12:25.996009,599617779983682080,-51.00
2025-06-26 14:12:25.996009,599617779983682080,-102.00
2025-06-26 14:12:25.996009,599617779983682080,-71.00
2025-06-26 14:12:25.996009,599617779983682080,17.00
2025-06-26 14:12:25.996009,599617779983682080,17.00
2025-06-26 14:12:25.996009,599617779983682080,-48.00
2025-06-26 14:12:25.996009,599617779983682080,-34.00
2025-06-26 14:12:25.996009,599617779983682080,115.00
2025-06-26 14:12:25.996009,599617779983682080,357.00
2025-06-26 14:12:25.996009,599617779983682080,575.00
2025-06-26 14:12:25.996009,599617779983682080,543.00
2025-06-26 14:12:25.996009,599617779983682080,166.00
2025-06-26 14:12:25.996009,599617779983682080,-181.00
2025-06-26 14:12:25.996009,599617779983682080,-159.00
2025-06-26 14:12:25.996009,599617779983682080,-12.00
2025-06-26 14:12:25.996009,599617779983682080,-29.00
2025-06-26 14:12:25.996009,599617779983682080,-85.00
2025-06-26 14:12:25.996009,599617779983682080,-71.00
2025-06-26 14:12:25.996009,599617779983682080,-56.00
2025-06-26 14:12:25.996009,599617779983682080,-53.00
2025-06-26 14:12:25.996009,599617779983682080,-34.00
2025-06-26 14:12:25.996009,599617779983682080,-7.00
2025-06-26 14:12:26.565846,599617780544348605,-19.00
2025-06-26 14:12:26.565846,599617780544348605,-26.00
2025-06-26 14:12:26.565846,599617780544348605,14.00
2025-06-26 14:12:26.565846,599617780544348605,-9.00
2025-06-26 14:12:26.565846,599617780544348605,-75.00
2025-06-26 14:12:26.565846,599617780544348605,-36.00
2025-06-26 14:12:26.565846,599617780544348605,39.00
2025-06-26 14:12:26.565846,599617780544348605,53.00
2025-06-26 14:12:26.565846,599617780544348605,26.00
2025-06-26 14:12:26.565846,599617780544348605,14.00
2025-06-26 14:12:26.565846,599617780544348605,29.00
2025-06-26 14:12:26.565846,599617780544348605,48.00
2025-06-26 14:12:26.565846,599617780544348605,48.00
2025-06-26 14:12:26.565846,599617780544348605,56.00
2025-06-26 14:12:26.565846,599617780544348605,75.00
2025-06-26 14:12:26.565846,599617780544348605,78.00
2025-06-26 14:12:26.565846,599617780544348605,78.00
2025-06-26 14:12:26.565846,599617780544348605,90.00
2025-06-26 14:12:26.565846,599617780544348605,73.00
2025-06-26 14:12:26.565846,599617780544348605,24.00
2025-06-26 14:12:26.565846,599617780544348605,4.00
2025-06-26 14:12:26.565846,599617780544348605,-12.00
2025-06-26 14:12:26.565846,599617780544348605,-85.00
2025-06-26 14:12:26.565846,599617780544348605,-134.00
2025-06-26 14:12:26.565846,599617780544348605,-120.00
2025-06-26 14:12:26.565846,599617780544348605,-124.00
2025-06-26 14:12:26.565846,599617780544348605,-151.00
2025-06-26 14:12:26.565846,599617780544348605,-149.00
2025-06-26 14:12:26.565846,599617780544348605,-129.00
2025-06-26 14:12:26.565846,599617780544348605,-122.00
2025-06-26 14:12:26.565846,599617780544348605,-120.00
2025-06-26 14:12:26.565846,599617780544348605,-110.00
2025-06-26 14:12:26.565846,599617780544348605,-105.00
2025-06-26 14:12:26.565846,599617780544348605,-124.00
2025-06-26 14:12:26.565846,599617780544348605,-149.00
2025-06-26 14:12:26.565846,599617780544348605,-137.00
2025-06-26 14:12:26.565846,599617780544348605,-112.00
2025-06-26 14:12:26.565846,599617780544348605,-127.00
2025-06-26 14:12:26.565846,599617780544348605,-149.00
2025-06-26 14:12:26.565846,599617780544348605,-139.00
2025-06-26 14:12:26.565846,599617780544348605,-134.00
2025-06-26 14:12:26.565846,599617780544348605,-142.00
2025-06-26 14:12:26.565846,599617780544348605,-144.00
2025-06-26 14:12:26.565846,599617780544348605,-151.00
2025-06-26 14:12:26.565846,599617780544348605,-129.00
2025-06-26 14:12:26.565846,599617780544348605,-129.00
2025-06-26 14:12:26.565846,599617780544348605,-183.00
2025-06-26 14:12:26.565846,599617780544348605,-205.00
2025-06-26 14:12:26.565846,599617780544348605,-171.00
2025-06-26 14:12:26.565846,599617780544348605,-154.00
2025-06-26 14:12:26.565846,599617780544348605,-169.00
2025-06-26 14:12:26.565846,599617780544348605,-171.00
2025-06-26 14:12:26.565846,599617780544348605,-151.00
2025-06-26 14:12:26.565846,599617780544348605,-132.00
2025-06-26 14:12:26.565846,599617780544348605,-117.00
2025-06-26 14:12:26.565846,599617780544348605,-120.00
2025-06-26 14:12:26.565846,599617780544348605,-156.00
2025-06-26 14:12:26.565846,599617780544348605,-159.00
2025-06-26 14:12:26.565846,599617780544348605,-115.00
2025-06-26 14:12:26.565846,599617780544348605,-112.00
2025-06-26 14:12:26.565846,599617780544348605,-137.00
2025-06-26 14:12:26.565846,599617780544348605,-144.00
2025-06-26 14:12:26.565846,599617780544348605,-149.00
2025-06-26 14:12:26.565846,599617780544348605,-144.00
2025-06-26 14:12:26.565846,599617780544348605,-134.00
2025-06-26 14:12:26.565846,599617780544348605,-132.00
2025-06-26 14:12:26.565846,599617780544348605,-90.00
2025-06-26 14:12:26.565846,599617780544348605,7.00
2025-06-26 14:12:26.565846,599617780544348605,166.00
2025-06-26 14:12:26.565846,599617780544348605,404.00
2025-06-26 14:12:26.565846,599617780544348605,546.00
2025-06-26 14:12:26.565846,599617780544348605,301.00
2025-06-26 14:12:26.565846,599617780544348605,-195.00
2025-06-26 14:12:27.167729,599617781105015128,-335.00
2025-06-26 14:12:27.167729,599617781105015128,-85.00
2025-06-26 14:12:27.167729,599617781105015128,-22.00
2025-06-26 14:12:27.167729,599617781105015128,-137.00
2025-06-26 14:12:27.167729,599617781105015128,-107.00
2025-06-26 14:12:27.167729,599617781105015128,-46.00
2025-06-26 14:12:27.167729,599617781105015128,-61.00
2025-06-26 14:12:27.167729,599617781105015128,-58.00
2025-06-26 14:12:27.167729,599617781105015128,-31.00
2025-06-26 14:12:27.167729,599617781105015128,-26.00
2025-06-26 14:12:27.167729,599617781105015128,-14.00
2025-06-26 14:12:27.167729,599617781105015128,0.00
2025-06-26 14:12:27.167729,599617781105015128,0.00
2025-06-26 14:12:27.167729,599617781105015128,2.00
2025-06-26 14:12:27.167729,599617781105015128,14.00
2025-06-26 14:12:27.167729,599617781105015128,29.00
2025-06-26 14:12:27.167729,599617781105015128,36.00
2025-06-26 14:12:27.167729,599617781105015128,36.00
2025-06-26 14:12:27.167729,599617781105015128,53.00
2025-06-26 14:12:27.167729,599617781105015128,83.00
2025-06-26 14:12:27.167729,599617781105015128,88.00
2025-06-26 14:12:27.167729,599617781105015128,93.00
2025-06-26 14:12:27.167729,599617781105015128,97.00
2025-06-26 14:12:27.167729,599617781105015128,90.00
2025-06-26 14:12:27.167729,599617781105015128,85.00
2025-06-26 14:12:27.167729,599617781105015128,102.00
2025-06-26 14:12:27.167729,599617781105015128,110.00
2025-06-26 14:12:27.167729,599617781105015128,88.00
2025-06-26 14:12:27.167729,599617781105015128,61.00
2025-06-26 14:12:27.167729,599617781105015128,29.00
2025-06-26 14:12:27.167729,599617781105015128,-17.00
2025-06-26 14:12:27.167729,599617781105015128,-71.00
2025-06-26 14:12:27.167729,599617781105015128,-90.00
2025-06-26 14:12:27.167729,599617781105015128,-80.00
2025-06-26 14:12:27.167729,599617781105015128,-95.00
2025-06-26 14:12:27.167729,599617781105015128,-132.00
2025-06-26 14:12:27.167729,599617781105015128,-144.00
2025-06-26 14:12:27.167729,599617781105015128,-120.00
2025-06-26 14:12:27.167729,599617781105015128,-124.00
2025-06-26 14:12:27.167729,599617781105015128,-151.00
2025-06-26 14:12:27.167729,599617781105015128,-127.00
2025-06-26 14:12:27.167729,599617781105015128,-80.00
2025-06-26 14:12:27.167729,599617781105015128,-83.00
2025-06-26 14:12:27.167729,599617781105015128,-115.00
2025-06-26 14:12:27.167729,599617781105015128,-115.00
2025-06-26 14:12:27.167729,599617781105015128,-93.00
2025-06-26 14:12:27.167729,599617781105015128,-93.00
2025-06-26 14:12:27.167729,599617781105015128,-95.00
2025-06-26 14:12:27.167729,599617781105015128,-90.00
2025-06-26 14:12:27.167729,599617781105015128,-100.00
2025-06-26 14:12:27.167729,599617781105015128,-110.00
2025-06-26 14:12:27.167729,599617781105015128,-97.00
2025-06-26 14:12:27.167729,599617781105015128,-75.00
2025-06-26 14:12:27.167729,599617781105015128,-75.00
2025-06-26 14:12:27.167729,599617781105015128,-90.00
2025-06-26 14:12:27.167729,599617781105015128,-95.00
2025-06-26 14:12:27.167729,599617781105015128,-80.00
2025-06-26 14:12:27.167729,599617781105015128,-68.00
2025-06-26 14:12:27.167729,599617781105015128,-85.00
2025-06-26 14:12:27.167729,599617781105015128,-93.00
2025-06-26 14:12:27.167729,599617781105015128,-75.00
2025-06-26 14:12:27.167729,599617781105015128,-66.00
2025-06-26 14:12:27.167729,599617781105015128,-41.00
2025-06-26 14:12:27.167729,599617781105015128,-14.00
2025-06-26 14:12:27.167729,599617781105015128,-9.00
2025-06-26 14:12:27.167729,599617781105015128,-29.00
2025-06-26 14:12:27.167729,599617781105015128,-61.00
2025-06-26 14:12:27.167729,599617781105015128,-48.00
2025-06-26 14:12:27.167729,599617781105015128,-19.00
2025-06-26 14:12:27.167729,599617781105015128,-53.00
2025-06-26 14:12:27.167729,599617781105015128,-71.00
2025-06-26 14:12:27.167729,599617781105015128,-26.00
2025-06-26 14:12:27.167729,599617781105015128,-19.00
2025-06-26 14:12:27.674783,599617781665712169,-34.00
2025-06-26 14:12:27.674783,599617781665712169,-17.00
2025-06-26 14:12:27.674783,599617781665712169,-12.00
2025-06-26 14:12:27.674783,599617781665712169,17.00
2025-06-26 14:12:27.674783,599617781665712169,169.00
2025-06-26 14:12:27.674783,599617781665712169,418.00
2025-06-26 14:12:27.674783,599617781665712169,609.00
2025-06-26 14:12:27.674783,599617781665712169,536.00
2025-06-26 14:12:27.674783,599617781665712169,161.00
2025-06-26 14:12:27.674783,599617781665712169,-154.00
2025-06-26 14:12:27.674783,599617781665712169,-97.00
2025-06-26 14:12:27.674783,599617781665712169,36.00
2025-06-26 14:12:27.674783,599617781665712169,-17.00
2025-06-26 14:12:27.674783,599617781665712169,-56.00
2025-06-26 14:12:27.674783,599617781665712169,-9.00
2025-06-26 14:12:27.674783,599617781665712169,-12.00
2025-06-26 14:12:27.674783,599617781665712169,-24.00
2025-06-26 14:12:27.674783,599617781665712169,12.00
2025-06-26 14:12:27.674783,599617781665712169,29.00
2025-06-26 14:12:27.674783,599617781665712169,22.00
2025-06-26 14:12:27.674783,599617781665712169,29.00
2025-06-26 14:12:27.674783,599617781665712169,44.00
2025-06-26 14:12:27.674783,599617781665712169,46.00
2025-06-26 14:12:27.674783,599617781665712169,56.00
2025-06-26 14:12:27.674783,599617781665712169,80.00
2025-06-26 14:12:27.674783,599617781665712169,93.00
2025-06-26 14:12:27.674783,599617781665712169,85.00
2025-06-26 14:12:27.674783,599617781665712169,73.00
2025-06-26 14:12:27.674783,599617781665712169,56.00
2025-06-26 14:12:27.674783,599617781665712169,56.00
2025-06-26 14:12:27.674783,599617781665712169,75.00
2025-06-26 14:12:27.674783,599617781665712169,100.00
2025-06-26 14:12:27.674783,599617781665712169,115.00
2025-06-26 14:12:27.674783,599617781665712169,107.00
2025-06-26 14:12:27.674783,599617781665712169,122.00
2025-06-26 14:12:27.674783,599617781665712169,178.00
2025-06-26 14:12:27.674783,599617781665712169,164.00
2025-06-26 14:12:27.674783,599617781665712169,58.00
2025-06-26 14:12:27.674783,599617781665712169,12.00
2025-06-26 14:12:27.674783,599617781665712169,24.00
2025-06-26 14:12:27.674783,599617781665712169,4.00
2025-06-26 14:12:27.674783,599617781665712169,-26.00
2025-06-26 14:12:27.674783,599617781665712169,-51.00
2025-06-26 14:12:27.674783,599617781665712169,-75.00
2025-06-26 14:12:27.674783,599617781665712169,-88.00
2025-06-26 14:12:27.674783,599617781665712169,-85.00
2025-06-26 14:12:27.674783,599617781665712169,-85.00
2025-06-26 14:12:27.674783,599617781665712169,-83.00
2025-06-26 14:12:27.674783,599617781665712169,-71.00
2025-06-26 14:12:27.674783,599617781665712169,-66.00
2025-06-26 14:12:27.674783,599617781665712169,-71.00
2025-06-26 14:12:27.674783,599617781665712169,-63.00
2025-06-26 14:12:27.674783,599617781665712169,-48.00
2025-06-26 14:12:27.674783,599617781665712169,-56.00
2025-06-26 14:12:27.674783,599617781665712169,-61.00
2025-06-26 14:12:27.674783,599617781665712169,-46.00
2025-06-26 14:12:27.674783,599617781665712169,-63.00
2025-06-26 14:12:27.674783,599617781665712169,-88.00
2025-06-26 14:12:27.674783,599617781665712169,-46.00
2025-06-26 14:12:27.674783,599617781665712169,-19.00
2025-06-26 14:12:27.674783,599617781665712169,-63.00
2025-06-26 14:12:27.674783,599617781665712169,-78.00
2025-06-26 14:12:27.674783,599617781665712169,-53.00
2025-06-26 14:12:27.674783,599617781665712169,-56.00
2025-06-26 14:12:27.674783,599617781665712169,-63.00
2025-06-26 14:12:27.674783,599617781665712169,-61.00
2025-06-26 14:12:27.674783,599617781665712169,-61.00
2025-06-26 14:12:27.674783,599617781665712169,-58.00
2025-06-26 14:12:27.674783,599617781665712169,-53.00
2025-06-26 14:12:27.674783,599617781665712169,-58.00
2025-06-26 14:12:27.674783,599617781665712169,-68.00
2025-06-26 14:12:27.674783,599617781665712169,-73.00
2025-06-26 14:12:27.674783,599617781665712169,-78.00
2025-06-26 14:12:28.216319,599617782226378692,-95.00
2025-06-26 14:12:28.216319,599617782226378692,-85.00
2025-06-26 14:12:28.216319,599617782226378692,-61.00
2025-06-26 14:12:28.216319,599617782226378692,-53.00
2025-06-26 14:12:28.216319,599617782226378692,-61.00
2025-06-26 14:12:28.216319,599617782226378692,-75.00
2025-06-26 14:12:28.216319,599617782226378692,-73.00
2025-06-26 14:12:28.216319,599617782226378692,-61.00
2025-06-26 14:12:28.216319,599617782226378692,-80.00
2025-06-26 14:12:28.216319,599617782226378692,-115.00
2025-06-26 14:12:28.216319,599617782226378692,-124.00
2025-06-26 14:12:28.216319,599617782226378692,-117.00
2025-06-26 14:12:28.216319,599617782226378692,-97.00
2025-06-26 14:12:28.216319,599617782226378692,-83.00
2025-06-26 14:12:28.216319,599617782226378692,-97.00
2025-06-26 14:12:28.216319,599617782226378692,-83.00
2025-06-26 14:12:28.216319,599617782226378692,36.00
2025-06-26 14:12:28.216319,599617782226378692,249.00
2025-06-26 14:12:28.216319,599617782226378692,470.00
2025-06-26 14:12:28.216319,599617782226378692,475.00
2025-06-26 14:12:28.216319,599617782226378692,122.00
2025-06-26 14:12:28.216319,599617782226378692,-252.00
2025-06-26 14:12:28.216319,599617782226378692,-249.00
2025-06-26 14:12:28.216319,599617782226378692,-75.00
2025-06-26 14:12:28.216319,599617782226378692,-75.00
2025-06-26 14:12:28.216319,599617782226378692,-124.00
2025-06-26 14:12:28.216319,599617782226378692,-88.00
2025-06-26 14:12:28.216319,599617782226378692,-68.00
2025-06-26 14:12:28.216319,599617782226378692,-85.00
2025-06-26 14:12:28.216319,599617782226378692,-71.00
2025-06-26 14:12:28.216319,599617782226378692,-51.00
2025-06-26 14:12:28.216319,599617782226378692,-61.00
2025-06-26 14:12:28.216319,599617782226378692,-58.00
2025-06-26 14:12:28.216319,599617782226378692,-24.00
2025-06-26 14:12:28.216319,599617782226378692,-12.00
2025-06-26 14:12:28.216319,599617782226378692,-26.00
2025-06-26 14:12:28.216319,599617782226378692,-14.00
2025-06-26 14:12:28.216319,599617782226378692,2.00
2025-06-26 14:12:28.216319,599617782226378692,2.00
2025-06-26 14:12:28.216319,599617782226378692,9.00
2025-06-26 14:12:28.216319,599617782226378692,24.00
2025-06-26 14:12:28.216319,599617782226378692,31.00
2025-06-26 14:12:28.216319,599617782226378692,44.00
2025-06-26 14:12:28.216319,599617782226378692,53.00
2025-06-26 14:12:28.216319,599617782226378692,53.00
2025-06-26 14:12:28.216319,599617782226378692,56.00
2025-06-26 14:12:28.216319,599617782226378692,68.00
2025-06-26 14:12:28.216319,599617782226378692,78.00
2025-06-26 14:12:28.216319,599617782226378692,80.00
2025-06-26 14:12:28.216319,599617782226378692,61.00
2025-06-26 14:12:28.216319,599617782226378692,22.00
2025-06-26 14:12:28.216319,599617782226378692,-17.00
2025-06-26 14:12:28.216319,599617782226378692,-51.00
2025-06-26 14:12:28.216319,599617782226378692,-80.00
2025-06-26 14:12:28.216319,599617782226378692,-97.00
2025-06-26 14:12:28.216319,599617782226378692,-107.00
2025-06-26 14:12:28.216319,599617782226378692,-127.00
2025-06-26 14:12:28.216319,599617782226378692,-151.00
2025-06-26 14:12:28.216319,599617782226378692,-154.00
2025-06-26 14:12:28.216319,599617782226378692,-134.00
2025-06-26 14:12:28.216319,599617782226378692,-115.00
2025-06-26 14:12:28.216319,599617782226378692,-117.00
2025-06-26 14:12:28.216319,599617782226378692,-122.00
2025-06-26 14:12:28.216319,599617782226378692,-115.00
2025-06-26 14:12:28.216319,599617782226378692,-117.00
2025-06-26 14:12:28.216319,599617782226378692,-115.00
2025-06-26 14:12:28.216319,599617782226378692,-85.00
2025-06-26 14:12:28.216319,599617782226378692,-73.00
2025-06-26 14:12:28.216319,599617782226378692,-102.00
2025-06-26 14:12:28.216319,599617782226378692,-102.00
2025-06-26 14:12:28.216319,599617782226378692,-88.00
2025-06-26 14:12:28.216319,599617782226378692,-115.00
2025-06-26 14:12:28.216319,599617782226378692,-110.00
2025-06-26 14:12:28.787299,599617782787045215,-61.00
2025-06-26 14:12:28.787299,599617782787045215,-58.00
2025-06-26 14:12:28.787299,599617782787045215,-83.00
2025-06-26 14:12:28.787299,599617782787045215,-85.00
2025-06-26 14:12:28.787299,599617782787045215,-90.00
2025-06-26 14:12:28.787299,599617782787045215,-93.00
2025-06-26 14:12:28.787299,599617782787045215,-68.00
2025-06-26 14:12:28.787299,599617782787045215,-56.00
2025-06-26 14:12:28.787299,599617782787045215,-63.00
2025-06-26 14:12:28.787299,599617782787045215,-63.00
2025-06-26 14:12:28.787299,599617782787045215,-63.00
2025-06-26 14:12:28.787299,599617782787045215,-68.00
2025-06-26 14:12:28.787299,599617782787045215,-68.00
2025-06-26 14:12:28.787299,599617782787045215,-61.00
2025-06-26 14:12:28.787299,599617782787045215,-48.00
2025-06-26 14:12:28.787299,599617782787045215,-41.00
2025-06-26 14:12:28.787299,599617782787045215,-31.00
2025-06-26 14:12:28.787299,599617782787045215,-7.00
2025-06-26 14:12:28.787299,599617782787045215,-2.00
2025-06-26 14:12:28.787299,599617782787045215,-22.00
2025-06-26 14:12:28.787299,599617782787045215,-12.00
2025-06-26 14:12:28.787299,599617782787045215,-17.00
2025-06-26 14:12:28.787299,599617782787045215,-66.00
2025-06-26 14:12:28.787299,599617782787045215,-75.00
2025-06-26 14:12:28.787299,599617782787045215,-61.00
2025-06-26 14:12:28.787299,599617782787045215,-61.00
2025-06-26 14:12:28.787299,599617782787045215,-46.00
2025-06-26 14:12:28.787299,599617782787045215,-41.00
2025-06-26 14:12:28.787299,599617782787045215,-53.00
2025-06-26 14:12:28.787299,599617782787045215,-36.00
2025-06-26 14:12:28.787299,599617782787045215,75.00
2025-06-26 14:12:28.787299,599617782787045215,293.00
2025-06-26 14:12:28.787299,599617782787045215,534.00
2025-06-26 14:12:28.787299,599617782787045215,570.00
2025-06-26 14:12:28.787299,599617782787045215,240.00
2025-06-26 14:12:28.787299,599617782787045215,-166.00
2025-06-26 14:12:28.787299,599617782787045215,-203.00
2025-06-26 14:12:28.787299,599617782787045215,-48.00
2025-06-26 14:12:28.787299,599617782787045215,-51.00
2025-06-26 14:12:28.787299,599617782787045215,-75.00
2025-06-26 14:12:28.787299,599617782787045215,-39.00
2025-06-26 14:12:28.787299,599617782787045215,-56.00
2025-06-26 14:12:28.787299,599617782787045215,-73.00
2025-06-26 14:12:28.787299,599617782787045215,-46.00
2025-06-26 14:12:28.787299,599617782787045215,-26.00
2025-06-26 14:12:28.787299,599617782787045215,-19.00
2025-06-26 14:12:28.787299,599617782787045215,-14.00
2025-06-26 14:12:28.787299,599617782787045215,-12.00
2025-06-26 14:12:28.787299,599617782787045215,-14.00
2025-06-26 14:12:28.787299,599617782787045215,-12.00
2025-06-26 14:12:28.787299,599617782787045215,2.00
2025-06-26 14:12:28.787299,599617782787045215,12.00
2025-06-26 14:12:28.787299,599617782787045215,7.00
2025-06-26 14:12:28.787299,599617782787045215,2.00
2025-06-26 14:12:28.787299,599617782787045215,19.00
2025-06-26 14:12:28.787299,599617782787045215,46.00
2025-06-26 14:12:28.787299,599617782787045215,48.00
2025-06-26 14:12:28.787299,599617782787045215,41.00
2025-06-26 14:12:28.787299,599617782787045215,48.00
2025-06-26 14:12:28.787299,599617782787045215,53.00
2025-06-26 14:12:28.787299,599617782787045215,53.00
2025-06-26 14:12:28.787299,599617782787045215,61.00
2025-06-26 14:12:28.787299,599617782787045215,63.00
2025-06-26 14:12:28.787299,599617782787045215,63.00
2025-06-26 14:12:28.787299,599617782787045215,44.00
2025-06-26 14:12:28.787299,599617782787045215,-2.00
2025-06-26 14:12:28.787299,599617782787045215,-48.00
2025-06-26 14:12:28.787299,599617782787045215,-80.00
2025-06-26 14:12:28.787299,599617782787045215,-102.00
2025-06-26 14:12:28.787299,599617782787045215,-110.00
2025-06-26 14:12:28.787299,599617782787045215,-117.00
2025-06-26 14:12:28.787299,599617782787045215,-142.00
2025-06-26 14:12:28.787299,599617782787045215,-142.00
2025-06-26 14:12:29.362119,599617783347742256,-120.00
2025-06-26 14:12:29.362119,599617783347742256,-112.00
2025-06-26 14:12:29.362119,599617783347742256,-127.00
2025-06-26 14:12:29.362119,599617783347742256,-137.00
2025-06-26 14:12:29.362119,599617783347742256,-117.00
2025-06-26 14:12:29.362119,599617783347742256,-93.00
2025-06-26 14:12:29.362119,599617783347742256,-85.00
2025-06-26 14:12:29.362119,599617783347742256,-93.00
2025-06-26 14:12:29.362119,599617783347742256,-105.00
2025-06-26 14:12:29.362119,599617783347742256,-102.00
2025-06-26 14:12:29.362119,599617783347742256,-85.00
2025-06-26 14:12:29.362119,599617783347742256,-68.00
2025-06-26 14:12:29.362119,599617783347742256,-71.00
2025-06-26 14:12:29.362119,599617783347742256,-88.00
2025-06-26 14:12:29.362119,599617783347742256,-95.00
2025-06-26 14:12:29.362119,599617783347742256,-90.00
2025-06-26 14:12:29.362119,599617783347742256,-83.00
2025-06-26 14:12:29.362119,599617783347742256,-80.00
2025-06-26 14:12:29.362119,599617783347742256,-73.00
2025-06-26 14:12:29.362119,599617783347742256,-71.00
2025-06-26 14:12:29.362119,599617783347742256,-78.00
2025-06-26 14:12:29.362119,599617783347742256,-80.00
2025-06-26 14:12:29.362119,599617783347742256,-78.00
2025-06-26 14:12:29.362119,599617783347742256,-73.00
2025-06-26 14:12:29.362119,599617783347742256,-73.00
2025-06-26 14:12:29.362119,599617783347742256,-75.00
2025-06-26 14:12:29.362119,599617783347742256,-71.00
2025-06-26 14:12:29.362119,599617783347742256,-73.00
2025-06-26 14:12:29.362119,599617783347742256,-75.00
2025-06-26 14:12:29.362119,599617783347742256,-68.00
2025-06-26 14:12:29.362119,599617783347742256,-63.00
2025-06-26 14:12:29.362119,599617783347742256,-68.00
2025-06-26 14:12:29.362119,599617783347742256,-63.00
2025-06-26 14:12:29.362119,599617783347742256,-56.00
2025-06-26 14:12:29.362119,599617783347742256,-51.00
2025-06-26 14:12:29.362119,599617783347742256,-34.00
2025-06-26 14:12:29.362119,599617783347742256,-39.00
2025-06-26 14:12:29.362119,599617783347742256,-58.00
2025-06-26 14:12:29.362119,599617783347742256,-58.00
2025-06-26 14:12:29.362119,599617783347742256,-53.00
2025-06-26 14:12:29.362119,599617783347742256,-63.00
2025-06-26 14:12:29.362119,599617783347742256,-66.00
2025-06-26 14:12:29.362119,599617783347742256,-58.00
2025-06-26 14:12:29.362119,599617783347742256,-68.00
2025-06-26 14:12:29.362119,599617783347742256,-80.00
2025-06-26 14:12:29.362119,599617783347742256,-75.00
2025-06-26 14:12:29.362119,599617783347742256,-58.00
2025-06-26 14:12:29.362119,599617783347742256,12.00
2025-06-26 14:12:29.362119,599617783347742256,193.00
2025-06-26 14:12:29.362119,599617783347742256,440.00
2025-06-26 14:12:29.362119,599617783347742256,578.00
2025-06-26 14:12:29.362119,599617783347742256,396.00
2025-06-26 14:12:29.362119,599617783347742256,-41.00
2025-06-26 14:12:29.362119,599617783347742256,-276.00
2025-06-26 14:12:29.362119,599617783347742256,-129.00
2025-06-26 14:12:29.362119,599617783347742256,-31.00
2025-06-26 14:12:29.362119,599617783347742256,-120.00
2025-06-26 14:12:29.362119,599617783347742256,-132.00
2025-06-26 14:12:29.362119,599617783347742256,-90.00
2025-06-26 14:12:29.362119,599617783347742256,-95.00
2025-06-26 14:12:29.362119,599617783347742256,-88.00
2025-06-26 14:12:29.362119,599617783347742256,-71.00
2025-06-26 14:12:29.362119,599617783347742256,-80.00
2025-06-26 14:12:29.362119,599617783347742256,-83.00
2025-06-26 14:12:29.362119,599617783347742256,-66.00
2025-06-26 14:12:29.362119,599617783347742256,-51.00
2025-06-26 14:12:29.362119,599617783347742256,-48.00
2025-06-26 14:12:29.362119,599617783347742256,-39.00
2025-06-26 14:12:29.362119,599617783347742256,-26.00
2025-06-26 14:12:29.362119,599617783347742256,-31.00
2025-06-26 14:12:29.362119,599617783347742256,-29.00
2025-06-26 14:12:29.362119,599617783347742256,-7.00
2025-06-26 14:12:29.362119,599617783347742256,4.00
2025-06-26 14:12:29.926715,599617783908408781,0.00
2025-06-26 14:12:29.926715,599617783908408781,9.00
2025-06-26 14:12:29.926715,599617783908408781,24.00
2025-06-26 14:12:29.926715,599617783908408781,14.00
2025-06-26 14:12:29.926715,599617783908408781,14.00
2025-06-26 14:12:29.926715,599617783908408781,39.00
2025-06-26 14:12:29.926715,599617783908408781,48.00
2025-06-26 14:12:29.926715,599617783908408781,31.00
2025-06-26 14:12:29.926715,599617783908408781,9.00
2025-06-26 14:12:29.926715,599617783908408781,-7.00
2025-06-26 14:12:29.926715,599617783908408781,-31.00
2025-06-26 14:12:29.926715,599617783908408781,-80.00
2025-06-26 14:12:29.926715,599617783908408781,-129.00
2025-06-26 14:12:29.926715,599617783908408781,-151.00
2025-06-26 14:12:29.926715,599617783908408781,-154.00
2025-06-26 14:12:29.926715,599617783908408781,-144.00
2025-06-26 14:12:29.926715,599617783908408781,-146.00
2025-06-26 14:12:29.926715,599617783908408781,-151.00
2025-06-26 14:12:29.926715,599617783908408781,-142.00
2025-06-26 14:12:29.926715,599617783908408781,-134.00
2025-06-26 14:12:29.926715,599617783908408781,-139.00
2025-06-26 14:12:29.926715,599617783908408781,-132.00
2025-06-26 14:12:29.926715,599617783908408781,-120.00
2025-06-26 14:12:29.926715,599617783908408781,-112.00
2025-06-26 14:12:29.926715,599617783908408781,-107.00
2025-06-26 14:12:29.926715,599617783908408781,-100.00
2025-06-26 14:12:29.926715,599617783908408781,-90.00
2025-06-26 14:12:29.926715,599617783908408781,-78.00
2025-06-26 14:12:29.926715,599617783908408781,-80.00
2025-06-26 14:12:29.926715,599617783908408781,-95.00
2025-06-26 14:12:29.926715,599617783908408781,-93.00
2025-06-26 14:12:29.926715,599617783908408781,-80.00
2025-06-26 14:12:29.926715,599617783908408781,-80.00
2025-06-26 14:12:29.926715,599617783908408781,-85.00
2025-06-26 14:12:29.926715,599617783908408781,-88.00
2025-06-26 14:12:29.926715,599617783908408781,-88.00
2025-06-26 14:12:29.926715,599617783908408781,-83.00
2025-06-26 14:12:29.926715,599617783908408781,-83.00
2025-06-26 14:12:29.926715,599617783908408781,-78.00
2025-06-26 14:12:29.926715,599617783908408781,-71.00
2025-06-26 14:12:29.926715,599617783908408781,-68.00
2025-06-26 14:12:29.926715,599617783908408781,-73.00
2025-06-26 14:12:29.926715,599617783908408781,-75.00
2025-06-26 14:12:29.926715,599617783908408781,-73.00
2025-06-26 14:12:29.926715,599617783908408781,-71.00
2025-06-26 14:12:29.926715,599617783908408781,-71.00
2025-06-26 14:12:29.926715,599617783908408781,-73.00
2025-06-26 14:12:29.926715,599617783908408781,-73.00
2025-06-26 14:12:29.926715,599617783908408781,-73.00
2025-06-26 14:12:29.926715,599617783908408781,-63.00
2025-06-26 14:12:29.926715,599617783908408781,-46.00
2025-06-26 14:12:29.926715,599617783908408781,-34.00
2025-06-26 14:12:29.926715,599617783908408781,-29.00
2025-06-26 14:12:29.926715,599617783908408781,-31.00
2025-06-26 14:12:29.926715,599617783908408781,-41.00
2025-06-26 14:12:29.926715,599617783908408781,-44.00
2025-06-26 14:12:29.926715,599617783908408781,-44.00
2025-06-26 14:12:29.926715,599617783908408781,-51.00
2025-06-26 14:12:29.926715,599617783908408781,-56.00
2025-06-26 14:12:29.926715,599617783908408781,-46.00
2025-06-26 14:12:29.926715,599617783908408781,-48.00
2025-06-26 14:12:29.926715,599617783908408781,-71.00
2025-06-26 14:12:29.926715,599617783908408781,-75.00
2025-06-26 14:12:29.926715,599617783908408781,-36.00
2025-06-26 14:12:29.926715,599617783908408781,93.00
2025-06-26 14:12:29.926715,599617783908408781,335.00
2025-06-26 14:12:29.926715,599617783908408781,597.00
2025-06-26 14:12:29.926715,599617783908408781,654.00
2025-06-26 14:12:29.926715,599617783908408781,323.00
2025-06-26 14:12:29.926715,599617783908408781,-146.00
2025-06-26 14:12:29.926715,599617783908408781,-242.00
2025-06-26 14:12:29.926715,599617783908408781,-56.00
2025-06-26 14:12:29.926715,599617783908408781,-44.00
2025-06-26 14:12:30.526394,599617784469075304,-117.00
2025-06-26 14:12:30.526394,599617784469075304,-83.00
2025-06-26 14:12:30.526394,599617784469075304,-56.00
2025-06-26 14:12:30.526394,599617784469075304,-68.00
2025-06-26 14:12:30.526394,599617784469075304,-51.00
2025-06-26 14:12:30.526394,599617784469075304,-39.00
2025-06-26 14:12:30.526394,599617784469075304,-44.00
2025-06-26 14:12:30.526394,599617784469075304,-26.00
2025-06-26 14:12:30.526394,599617784469075304,-12.00
2025-06-26 14:12:30.526394,599617784469075304,-7.00
2025-06-26 14:12:30.526394,599617784469075304,4.00
2025-06-26 14:12:30.526394,599617784469075304,17.00
2025-06-26 14:12:30.526394,599617784469075304,19.00
2025-06-26 14:12:30.526394,599617784469075304,29.00
2025-06-26 14:12:30.526394,599617784469075304,44.00
2025-06-26 14:12:30.526394,599617784469075304,53.00
2025-06-26 14:12:30.526394,599617784469075304,66.00
2025-06-26 14:12:30.526394,599617784469075304,66.00
2025-06-26 14:12:30.526394,599617784469075304,66.00
2025-06-26 14:12:30.526394,599617784469075304,80.00
2025-06-26 14:12:30.526394,599617784469075304,90.00
2025-06-26 14:12:30.526394,599617784469075304,90.00
2025-06-26 14:12:30.526394,599617784469075304,93.00
2025-06-26 14:12:30.526394,599617784469075304,93.00
2025-06-26 14:12:30.526394,599617784469075304,78.00
2025-06-26 14:12:30.526394,599617784469075304,51.00
2025-06-26 14:12:30.526394,599617784469075304,14.00
2025-06-26 14:12:30.526394,599617784469075304,-24.00
2025-06-26 14:12:30.526394,599617784469075304,-58.00
2025-06-26 14:12:30.526394,599617784469075304,-90.00
2025-06-26 14:12:30.526394,599617784469075304,-110.00
2025-06-26 14:12:30.526394,599617784469075304,-115.00
2025-06-26 14:12:30.526394,599617784469075304,-115.00
2025-06-26 14:12:30.526394,599617784469075304,-115.00
2025-06-26 14:12:30.526394,599617784469075304,-112.00
2025-06-26 14:12:30.526394,599617784469075304,-105.00
2025-06-26 14:12:30.526394,599617784469075304,-100.00
2025-06-26 14:12:30.526394,599617784469075304,-105.00
2025-06-26 14:12:30.526394,599617784469075304,-100.00
2025-06-26 14:12:30.526394,599617784469075304,-88.00
2025-06-26 14:12:30.526394,599617784469075304,-90.00
2025-06-26 14:12:30.526394,599617784469075304,-83.00
2025-06-26 14:12:30.526394,599617784469075304,-63.00
2025-06-26 14:12:30.526394,599617784469075304,-61.00
2025-06-26 14:12:30.526394,599617784469075304,-73.00
2025-06-26 14:12:30.526394,599617784469075304,-68.00
2025-06-26 14:12:30.526394,599617784469075304,-61.00
2025-06-26 14:12:30.526394,599617784469075304,-66.00
2025-06-26 14:12:30.526394,599617784469075304,-66.00
2025-06-26 14:12:30.526394,599617784469075304,-61.00
2025-06-26 14:12:30.526394,599617784469075304,-58.00
2025-06-26 14:12:30.526394,599617784469075304,-66.00
2025-06-26 14:12:30.526394,599617784469075304,-68.00
2025-06-26 14:12:30.526394,599617784469075304,-63.00
2025-06-26 14:12:30.526394,599617784469075304,-61.00
2025-06-26 14:12:30.526394,599617784469075304,-66.00
2025-06-26 14:12:30.526394,599617784469075304,-68.00
2025-06-26 14:12:30.526394,599617784469075304,-58.00
2025-06-26 14:12:30.526394,599617784469075304,-51.00
2025-06-26 14:12:30.526394,599617784469075304,-58.00
2025-06-26 14:12:30.526394,599617784469075304,-63.00
2025-06-26 14:12:30.526394,599617784469075304,-56.00
2025-06-26 14:12:30.526394,599617784469075304,-61.00
2025-06-26 14:12:30.526394,599617784469075304,-66.00
2025-06-26 14:12:30.526394,599617784469075304,-58.00
2025-06-26 14:12:30.526394,599617784469075304,-56.00
2025-06-26 14:12:30.526394,599617784469075304,-63.00
2025-06-26 14:12:30.526394,599617784469075304,-66.00
2025-06-26 14:12:30.526394,599617784469075304,-53.00
2025-06-26 14:12:30.526394,599617784469075304,-34.00
2025-06-26 14:12:30.526394,599617784469075304,-24.00
2025-06-26 14:12:30.526394,599617784469075304,-26.00
2025-06-26 14:12:30.526394,599617784469075304,-29.00
2025-06-26 14:12:31.038710,599617785029741827,-34.00
2025-06-26 14:12:31.038710,599617785029741827,-48.00
2025-06-26 14:12:31.038710,599617785029741827,-61.00
2025-06-26 14:12:31.038710,599617785029741827,-58.00
2025-06-26 14:12:31.038710,599617785029741827,-51.00
2025-06-26 14:12:31.038710,599617785029741827,-48.00
2025-06-26 14:12:31.038710,599617785029741827,-53.00
2025-06-26 14:12:31.038710,599617785029741827,-66.00
2025-06-26 14:12:31.038710,599617785029741827,-71.00
2025-06-26 14:12:31.038710,599617785029741827,-2.00
2025-06-26 14:12:31.038710,599617785029741827,183.00
2025-06-26 14:12:31.038710,599617785029741827,470.00
2025-06-26 14:12:31.038710,599617785029741827,683.00
2025-06-26 14:12:31.038710,599617785029741827,546.00
2025-06-26 14:12:31.038710,599617785029741827,56.00
2025-06-26 14:12:31.038710,599617785029741827,-274.00
2025-06-26 14:12:31.038710,599617785029741827,-149.00
2025-06-26 14:12:31.038710,599617785029741827,-19.00
2025-06-26 14:12:31.038710,599617785029741827,-105.00
2025-06-26 14:12:31.038710,599617785029741827,-129.00
2025-06-26 14:12:31.038710,599617785029741827,-88.00
2025-06-26 14:12:31.038710,599617785029741827,-90.00
2025-06-26 14:12:31.038710,599617785029741827,-93.00
2025-06-26 14:12:31.038710,599617785029741827,-71.00
2025-06-26 14:12:31.038710,599617785029741827,-63.00
2025-06-26 14:12:31.038710,599617785029741827,-63.00
2025-06-26 14:12:31.038710,599617785029741827,-51.00
2025-06-26 14:12:31.038710,599617785029741827,-46.00
2025-06-26 14:12:31.038710,599617785029741827,-46.00
2025-06-26 14:12:31.038710,599617785029741827,-31.00
2025-06-26 14:12:31.038710,599617785029741827,-19.00
2025-06-26 14:12:31.038710,599617785029741827,-14.00
2025-06-26 14:12:31.038710,599617785029741827,-9.00
2025-06-26 14:12:31.038710,599617785029741827,-2.00
2025-06-26 14:12:31.038710,599617785029741827,12.00
2025-06-26 14:12:31.038710,599617785029741827,26.00
2025-06-26 14:12:31.038710,599617785029741827,26.00
2025-06-26 14:12:31.038710,599617785029741827,24.00
2025-06-26 14:12:31.038710,599617785029741827,31.00
2025-06-26 14:12:31.038710,599617785029741827,44.00
2025-06-26 14:12:31.038710,599617785029741827,44.00
2025-06-26 14:12:31.038710,599617785029741827,44.00
2025-06-26 14:12:31.038710,599617785029741827,48.00
2025-06-26 14:12:31.038710,599617785029741827,31.00
2025-06-26 14:12:31.038710,599617785029741827,-9.00
2025-06-26 14:12:31.038710,599617785029741827,-53.00
2025-06-26 14:12:31.038710,599617785029741827,-90.00
2025-06-26 14:12:31.038710,599617785029741827,-120.00
2025-06-26 14:12:31.038710,599617785029741827,-146.00
2025-06-26 14:12:31.038710,599617785029741827,-161.00
2025-06-26 14:12:31.038710,599617785029741827,-164.00
2025-06-26 14:12:31.038710,599617785029741827,-164.00
2025-06-26 14:12:31.038710,599617785029741827,-164.00
2025-06-26 14:12:31.038710,599617785029741827,-164.00
2025-06-26 14:12:31.038710,599617785029741827,-161.00
2025-06-26 14:12:31.038710,599617785029741827,-149.00
2025-06-26 14:12:31.038710,599617785029741827,-137.00
2025-06-26 14:12:31.038710,599617785029741827,-139.00
2025-06-26 14:12:31.038710,599617785029741827,-144.00
2025-06-26 14:12:31.038710,599617785029741827,-134.00
2025-06-26 14:12:31.038710,599617785029741827,-122.00
2025-06-26 14:12:31.038710,599617785029741827,-120.00
2025-06-26 14:12:31.038710,599617785029741827,-117.00
2025-06-26 14:12:31.038710,599617785029741827,-115.00
2025-06-26 14:12:31.038710,599617785029741827,-112.00
2025-06-26 14:12:31.038710,599617785029741827,-112.00
2025-06-26 14:12:31.038710,599617785029741827,-110.00
2025-06-26 14:12:31.038710,599617785029741827,-102.00
2025-06-26 14:12:31.038710,599617785029741827,-97.00
2025-06-26 14:12:31.038710,599617785029741827,-100.00
2025-06-26 14:12:31.038710,599617785029741827,-105.00
2025-06-26 14:12:31.038710,599617785029741827,-105.00
2025-06-26 14:12:31.038710,599617785029741827,-97.00
2025-06-26 14:12:31.605958,599617785590408350,-95.00
2025-06-26 14:12:31.605958,599617785590408350,-95.00
2025-06-26 14:12:31.605958,599617785590408350,-95.00
2025-06-26 14:12:31.605958,599617785590408350,-95.00
2025-06-26 14:12:31.605958,599617785590408350,-93.00
2025-06-26 14:12:31.605958,599617785590408350,-88.00
2025-06-26 14:12:31.605958,599617785590408350,-83.00
2025-06-26 14:12:31.605958,599617785590408350,-83.00
2025-06-26 14:12:31.605958,599617785590408350,-80.00
2025-06-26 14:12:31.605958,599617785590408350,-80.00
2025-06-26 14:12:31.605958,599617785590408350,-78.00
2025-06-26 14:12:31.605958,599617785590408350,-75.00
2025-06-26 14:12:31.605958,599617785590408350,-73.00
2025-06-26 14:12:31.605958,599617785590408350,-73.00
2025-06-26 14:12:31.605958,599617785590408350,-68.00
2025-06-26 14:12:31.605958,599617785590408350,-66.00
2025-06-26 14:12:31.605958,599617785590408350,-73.00
2025-06-26 14:12:31.605958,599617785590408350,-78.00
2025-06-26 14:12:31.605958,599617785590408350,-71.00
2025-06-26 14:12:31.605958,599617785590408350,-61.00
2025-06-26 14:12:31.605958,599617785590408350,-44.00
2025-06-26 14:12:31.605958,599617785590408350,-24.00
2025-06-26 14:12:31.605958,599617785590408350,-26.00
2025-06-26 14:12:31.605958,599617785590408350,-44.00
2025-06-26 14:12:31.605958,599617785590408350,-48.00
2025-06-26 14:12:31.605958,599617785590408350,-53.00
2025-06-26 14:12:31.605958,599617785590408350,-68.00
2025-06-26 14:12:31.605958,599617785590408350,-68.00
2025-06-26 14:12:31.605958,599617785590408350,-61.00
2025-06-26 14:12:31.605958,599617785590408350,-63.00
2025-06-26 14:12:31.605958,599617785590408350,-66.00
2025-06-26 14:12:31.605958,599617785590408350,-63.00
2025-06-26 14:12:31.605958,599617785590408350,-68.00
2025-06-26 14:12:31.605958,599617785590408350,-61.00
2025-06-26 14:12:31.605958,599617785590408350,36.00
2025-06-26 14:12:31.605958,599617785590408350,271.00
2025-06-26 14:12:31.605958,599617785590408350,556.00
2025-06-26 14:12:31.605958,599617785590408350,685.00
2025-06-26 14:12:31.605958,599617785590408350,445.00
2025-06-26 14:12:31.605958,599617785590408350,-44.00
2025-06-26 14:12:31.605958,599617785590408350,-267.00
2025-06-26 14:12:31.605958,599617785590408350,-110.00
2025-06-26 14:12:31.605958,599617785590408350,-46.00
2025-06-26 14:12:31.605958,599617785590408350,-132.00
2025-06-26 14:12:31.605958,599617785590408350,-120.00
2025-06-26 14:12:31.605958,599617785590408350,-80.00
2025-06-26 14:12:31.605958,599617785590408350,-93.00
2025-06-26 14:12:31.605958,599617785590408350,-90.00
2025-06-26 14:12:31.605958,599617785590408350,-71.00
2025-06-26 14:12:31.605958,599617785590408350,-68.00
2025-06-26 14:12:31.605958,599617785590408350,-66.00
2025-06-26 14:12:31.605958,599617785590408350,-58.00
2025-06-26 14:12:31.605958,599617785590408350,-44.00
2025-06-26 14:12:31.605958,599617785590408350,-26.00
2025-06-26 14:12:31.605958,599617785590408350,-22.00
2025-06-26 14:12:31.605958,599617785590408350,-26.00
2025-06-26 14:12:31.605958,599617785590408350,-17.00
2025-06-26 14:12:31.605958,599617785590408350,0.00
2025-06-26 14:12:31.605958,599617785590408350,4.00
2025-06-26 14:12:31.605958,599617785590408350,14.00
2025-06-26 14:12:31.605958,599617785590408350,29.00
2025-06-26 14:12:31.605958,599617785590408350,36.00
2025-06-26 14:12:31.605958,599617785590408350,41.00
2025-06-26 14:12:31.605958,599617785590408350,48.00
2025-06-26 14:12:31.605958,599617785590408350,53.00
2025-06-26 14:12:31.605958,599617785590408350,56.00
2025-06-26 14:12:31.605958,599617785590408350,58.00
2025-06-26 14:12:31.605958,599617785590408350,56.00
2025-06-26 14:12:31.605958,599617785590408350,41.00
2025-06-26 14:12:31.605958,599617785590408350,7.00
2025-06-26 14:12:31.605958,599617785590408350,-34.00
2025-06-26 14:12:31.605958,599617785590408350,-68.00
2025-06-26 14:12:31.605958,599617785590408350,-102.00
2025-06-26 14:12:32.176790,599617786151105391,-132.00
2025-06-26 14:12:32.176790,599617786151105391,-142.00
2025-06-26 14:12:32.176790,599617786151105391,-139.00
2025-06-26 14:12:32.176790,599617786151105391,-146.00
2025-06-26 14:12:32.176790,599617786151105391,-146.00
2025-06-26 14:12:32.176790,599617786151105391,-137.00
2025-06-26 14:12:32.176790,599617786151105391,-129.00
2025-06-26 14:12:32.176790,599617786151105391,-127.00
2025-06-26 14:12:32.176790,599617786151105391,-117.00
2025-06-26 14:12:32.176790,599617786151105391,-107.00
2025-06-26 14:12:32.176790,599617786151105391,-102.00
2025-06-26 14:12:32.176790,599617786151105391,-102.00
2025-06-26 14:12:32.176790,599617786151105391,-107.00
2025-06-26 14:12:32.176790,599617786151105391,-105.00
2025-06-26 14:12:32.176790,599617786151105391,-95.00
2025-06-26 14:12:32.176790,599617786151105391,-90.00
2025-06-26 14:12:32.176790,599617786151105391,-85.00
2025-06-26 14:12:32.176790,599617786151105391,-78.00
2025-06-26 14:12:32.176790,599617786151105391,-83.00
2025-06-26 14:12:32.176790,599617786151105391,-85.00
2025-06-26 14:12:32.176790,599617786151105391,-75.00
2025-06-26 14:12:32.176790,599617786151105391,-73.00
2025-06-26 14:12:32.176790,599617786151105391,-85.00
2025-06-26 14:12:32.176790,599617786151105391,-85.00
2025-06-26 14:12:32.176790,599617786151105391,-83.00
2025-06-26 14:12:32.176790,599617786151105391,-88.00
2025-06-26 14:12:32.176790,599617786151105391,-85.00
2025-06-26 14:12:32.176790,599617786151105391,-80.00
2025-06-26 14:12:32.176790,599617786151105391,-80.00
2025-06-26 14:12:32.176790,599617786151105391,-78.00
2025-06-26 14:12:32.176790,599617786151105391,-75.00
2025-06-26 14:12:32.176790,599617786151105391,-88.00
2025-06-26 14:12:32.176790,599617786151105391,-78.00
2025-06-26 14:12:32.176790,599617786151105391,-58.00
2025-06-26 14:12:32.176790,599617786151105391,-78.00
2025-06-26 14:12:32.176790,599617786151105391,-90.00
2025-06-26 14:12:32.176790,599617786151105391,-73.00
2025-06-26 14:12:32.176790,599617786151105391,-68.00
2025-06-26 14:12:32.176790,599617786151105391,-75.00
2025-06-26 14:12:32.176790,599617786151105391,-75.00
2025-06-26 14:12:32.176790,599617786151105391,-71.00
2025-06-26 14:12:32.176790,599617786151105391,-71.00
2025-06-26 14:12:32.176790,599617786151105391,-75.00
2025-06-26 14:12:32.176790,599617786151105391,-78.00
2025-06-26 14:12:32.176790,599617786151105391,-71.00
2025-06-26 14:12:32.176790,599617786151105391,-56.00
2025-06-26 14:12:32.176790,599617786151105391,-39.00
2025-06-26 14:12:32.176790,599617786151105391,-34.00
2025-06-26 14:12:32.176790,599617786151105391,-41.00
2025-06-26 14:12:32.176790,599617786151105391,-46.00
2025-06-26 14:12:32.176790,599617786151105391,-48.00
2025-06-26 14:12:32.176790,599617786151105391,-58.00
2025-06-26 14:12:32.176790,599617786151105391,-66.00
2025-06-26 14:12:32.176790,599617786151105391,-71.00
2025-06-26 14:12:32.176790,599617786151105391,-73.00
2025-06-26 14:12:32.176790,599617786151105391,-71.00
2025-06-26 14:12:32.176790,599617786151105391,-61.00
2025-06-26 14:12:32.176790,599617786151105391,-61.00
2025-06-26 14:12:32.176790,599617786151105391,-68.00
2025-06-26 14:12:32.176790,599617786151105391,-46.00
2025-06-26 14:12:32.176790,599617786151105391,73.00
2025-06-26 14:12:32.176790,599617786151105391,338.00
2025-06-26 14:12:32.176790,599617786151105391,646.00
2025-06-26 14:12:32.176790,599617786151105391,729.00
2025-06-26 14:12:32.176790,599617786151105391,345.00
2025-06-26 14:12:32.176790,599617786151105391,-195.00
2025-06-26 14:12:32.176790,599617786151105391,-259.00
2025-06-26 14:12:32.176790,599617786151105391,-31.00
2025-06-26 14:12:32.176790,599617786151105391,-58.00
2025-06-26 14:12:32.176790,599617786151105391,-164.00
2025-06-26 14:12:32.176790,599617786151105391,-110.00
2025-06-26 14:12:32.176790,599617786151105391,-75.00
2025-06-26 14:12:32.176790,599617786151105391,-105.00
2025-06-26 14:12:32.686213,599617786711771914,-90.00
2025-06-26 14:12:32.686213,599617786711771914,-63.00
2025-06-26 14:12:32.686213,599617786711771914,-63.00
2025-06-26 14:12:32.686213,599617786711771914,-56.00
2025-06-26 14:12:32.686213,599617786711771914,-39.00
2025-06-26 14:12:32.686213,599617786711771914,-36.00
2025-06-26 14:12:32.686213,599617786711771914,-39.00
2025-06-26 14:12:32.686213,599617786711771914,-24.00
2025-06-26 14:12:32.686213,599617786711771914,-12.00
2025-06-26 14:12:32.686213,599617786711771914,-4.00
2025-06-26 14:12:32.686213,599617786711771914,7.00
2025-06-26 14:12:32.686213,599617786711771914,19.00
2025-06-26 14:12:32.686213,599617786711771914,26.00
2025-06-26 14:12:32.686213,599617786711771914,44.00
2025-06-26 14:12:32.686213,599617786711771914,53.00
2025-06-26 14:12:32.686213,599617786711771914,51.00
2025-06-26 14:12:32.686213,599617786711771914,58.00
2025-06-26 14:12:32.686213,599617786711771914,73.00
2025-06-26 14:12:32.686213,599617786711771914,73.00
2025-06-26 14:12:32.686213,599617786711771914,71.00
2025-06-26 14:12:32.686213,599617786711771914,58.00
2025-06-26 14:12:32.686213,599617786711771914,31.00
2025-06-26 14:12:32.686213,599617786711771914,2.00
2025-06-26 14:12:32.686213,599617786711771914,-34.00
2025-06-26 14:12:32.686213,599617786711771914,-80.00
2025-06-26 14:12:32.686213,599617786711771914,-115.00
2025-06-26 14:12:32.686213,599617786711771914,-132.00
2025-06-26 14:12:32.686213,599617786711771914,-144.00
2025-06-26 14:12:32.686213,599617786711771914,-154.00
2025-06-26 14:12:32.686213,599617786711771914,-159.00
2025-06-26 14:12:32.686213,599617786711771914,-154.00
2025-06-26 14:12:32.686213,599617786711771914,-149.00
2025-06-26 14:12:32.686213,599617786711771914,-146.00
2025-06-26 14:12:32.686213,599617786711771914,-139.00
2025-06-26 14:12:32.686213,599617786711771914,-132.00
2025-06-26 14:12:32.686213,599617786711771914,-127.00
2025-06-26 14:12:32.686213,599617786711771914,-124.00
2025-06-26 14:12:32.686213,599617786711771914,-120.00
2025-06-26 14:12:32.686213,599617786711771914,-110.00
2025-06-26 14:12:32.686213,599617786711771914,-100.00
2025-06-26 14:12:32.686213,599617786711771914,-95.00
2025-06-26 14:12:32.686213,599617786711771914,-105.00
2025-06-26 14:12:32.686213,599617786711771914,-110.00
2025-06-26 14:12:32.686213,599617786711771914,-100.00
2025-06-26 14:12:32.686213,599617786711771914,-90.00
2025-06-26 14:12:32.686213,599617786711771914,-88.00
2025-06-26 14:12:32.686213,599617786711771914,-100.00
2025-06-26 14:12:32.686213,599617786711771914,-107.00
2025-06-26 14:12:32.686213,599617786711771914,-107.00
2025-06-26 14:12:32.686213,599617786711771914,-102.00
2025-06-26 14:12:32.686213,599617786711771914,-83.00
2025-06-26 14:12:32.686213,599617786711771914,-66.00
2025-06-26 14:12:32.686213,599617786711771914,-88.00
2025-06-26 14:12:32.686213,599617786711771914,-112.00
2025-06-26 14:12:32.686213,599617786711771914,-95.00
2025-06-26 14:12:32.686213,599617786711771914,-78.00
2025-06-26 14:12:32.686213,599617786711771914,-85.00
2025-06-26 14:12:32.686213,599617786711771914,-85.00
2025-06-26 14:12:32.686213,599617786711771914,-80.00
2025-06-26 14:12:32.686213,599617786711771914,-93.00
2025-06-26 14:12:32.686213,599617786711771914,-100.00
2025-06-26 14:12:32.686213,599617786711771914,-78.00
2025-06-26 14:12:32.686213,599617786711771914,-58.00
2025-06-26 14:12:32.686213,599617786711771914,-56.00
2025-06-26 14:12:32.686213,599617786711771914,-71.00
2025-06-26 14:12:32.686213,599617786711771914,-88.00
2025-06-26 14:12:32.686213,599617786711771914,-80.00
2025-06-26 14:12:32.686213,599617786711771914,-75.00
2025-06-26 14:12:32.686213,599617786711771914,-88.00
2025-06-26 14:12:32.686213,599617786711771914,-78.00
2025-06-26 14:12:32.686213,599617786711771914,-75.00
2025-06-26 14:12:32.686213,599617786711771914,-97.00
2025-06-26 14:12:32.686213,599617786711771914,-75.00
2025-06-26 14:12:33.317720,599617787272438439,-31.00
2025-06-26 14:12:33.317720,599617787272438439,-36.00
2025-06-26 14:12:33.317720,599617787272438439,-66.00
2025-06-26 14:12:33.317720,599617787272438439,-58.00
2025-06-26 14:12:33.317720,599617787272438439,-44.00
2025-06-26 14:12:33.317720,599617787272438439,-56.00
2025-06-26 14:12:33.317720,599617787272438439,-78.00
2025-06-26 14:12:33.317720,599617787272438439,-83.00
2025-06-26 14:12:33.317720,599617787272438439,-78.00
2025-06-26 14:12:33.317720,599617787272438439,-71.00
2025-06-26 14:12:33.317720,599617787272438439,-68.00
2025-06-26 14:12:33.317720,599617787272438439,-75.00
2025-06-26 14:12:33.317720,599617787272438439,-71.00
2025-06-26 14:12:33.317720,599617787272438439,22.00
2025-06-26 14:12:33.317720,599617787272438439,257.00
2025-06-26 14:12:33.317720,599617787272438439,558.00
2025-06-26 14:12:33.317720,599617787272438439,715.00
2025-06-26 14:12:33.317720,599617787272438439,467.00
2025-06-26 14:12:33.317720,599617787272438439,-78.00
2025-06-26 14:12:33.317720,599617787272438439,-296.00
2025-06-26 14:12:33.317720,599617787272438439,-75.00
2025-06-26 14:12:33.317720,599617787272438439,-24.00
2025-06-26 14:12:33.317720,599617787272438439,-164.00
2025-06-26 14:12:33.317720,599617787272438439,-146.00
2025-06-26 14:12:33.317720,599617787272438439,-85.00
2025-06-26 14:12:33.317720,599617787272438439,-105.00
2025-06-26 14:12:33.317720,599617787272438439,-95.00
2025-06-26 14:12:33.317720,599617787272438439,-63.00
2025-06-26 14:12:33.317720,599617787272438439,-66.00
2025-06-26 14:12:33.317720,599617787272438439,-61.00
2025-06-26 14:12:33.317720,599617787272438439,-36.00
2025-06-26 14:12:33.317720,599617787272438439,-39.00
2025-06-26 14:12:33.317720,599617787272438439,-61.00
2025-06-26 14:12:33.317720,599617787272438439,-51.00
2025-06-26 14:12:33.317720,599617787272438439,-24.00
2025-06-26 14:12:33.317720,599617787272438439,-17.00
2025-06-26 14:12:33.317720,599617787272438439,-14.00
2025-06-26 14:12:33.317720,599617787272438439,0.00
2025-06-26 14:12:33.317720,599617787272438439,14.00
2025-06-26 14:12:33.317720,599617787272438439,31.00
2025-06-26 14:12:33.317720,599617787272438439,41.00
2025-06-26 14:12:33.317720,599617787272438439,29.00
2025-06-26 14:12:33.317720,599617787272438439,29.00
2025-06-26 14:12:33.317720,599617787272438439,48.00
2025-06-26 14:12:33.317720,599617787272438439,53.00
2025-06-26 14:12:33.317720,599617787272438439,56.00
2025-06-26 14:12:33.317720,599617787272438439,51.00
2025-06-26 14:12:33.317720,599617787272438439,29.00
2025-06-26 14:12:33.317720,599617787272438439,2.00
2025-06-26 14:12:33.317720,599617787272438439,-29.00
2025-06-26 14:12:33.317720,599617787272438439,-66.00
2025-06-26 14:12:33.317720,599617787272438439,-93.00
2025-06-26 14:12:33.317720,599617787272438439,-112.00
2025-06-26 14:12:33.317720,599617787272438439,-139.00
2025-06-26 14:12:33.317720,599617787272438439,-146.00
2025-06-26 14:12:33.317720,599617787272438439,-139.00
2025-06-26 14:12:33.317720,599617787272438439,-146.00
2025-06-26 14:12:33.317720,599617787272438439,-156.00
2025-06-26 14:12:33.317720,599617787272438439,-151.00
2025-06-26 14:12:33.317720,599617787272438439,-139.00
2025-06-26 14:12:33.317720,599617787272438439,-122.00
2025-06-26 14:12:33.317720,599617787272438439,-115.00
2025-06-26 14:12:33.317720,599617787272438439,-122.00
2025-06-26 14:12:33.317720,599617787272438439,-127.00
2025-06-26 14:12:33.317720,599617787272438439,-115.00
2025-06-26 14:12:33.317720,599617787272438439,-105.00
2025-06-26 14:12:33.317720,599617787272438439,-102.00
2025-06-26 14:12:33.317720,599617787272438439,-100.00
2025-06-26 14:12:33.317720,599617787272438439,-95.00
2025-06-26 14:12:33.317720,599617787272438439,-97.00
2025-06-26 14:12:33.317720,599617787272438439,-112.00
2025-06-26 14:12:33.317720,599617787272438439,-115.00
2025-06-26 14:12:33.317720,599617787272438439,-100.00
2025-06-26 14:12:33.856985,599617787833115134,-93.00
2025-06-26 14:12:33.856985,599617787833115134,-97.00
2025-06-26 14:12:33.856985,599617787833115134,-97.00
2025-06-26 14:12:33.856985,599617787833115134,-90.00
2025-06-26 14:12:33.856985,599617787833115134,-93.00
2025-06-26 14:12:33.856985,599617787833115134,-88.00
2025-06-26 14:12:33.856985,599617787833115134,-85.00
2025-06-26 14:12:33.856985,599617787833115134,-88.00
2025-06-26 14:12:33.856985,599617787833115134,-80.00
2025-06-26 14:12:33.856985,599617787833115134,-66.00
2025-06-26 14:12:33.856985,599617787833115134,-85.00
2025-06-26 14:12:33.856985,599617787833115134,-100.00
2025-06-26 14:12:33.856985,599617787833115134,-83.00
2025-06-26 14:12:33.856985,599617787833115134,-78.00
2025-06-26 14:12:33.856985,599617787833115134,-85.00
2025-06-26 14:12:33.856985,599617787833115134,-78.00
2025-06-26 14:12:33.856985,599617787833115134,-71.00
2025-06-26 14:12:33.856985,599617787833115134,-75.00
2025-06-26 14:12:33.856985,599617787833115134,-80.00
2025-06-26 14:12:33.856985,599617787833115134,-83.00
2025-06-26 14:12:33.856985,599617787833115134,-80.00
2025-06-26 14:12:33.856985,599617787833115134,-63.00
2025-06-26 14:12:33.856985,599617787833115134,-44.00
2025-06-26 14:12:33.856985,599617787833115134,-34.00
2025-06-26 14:12:33.856985,599617787833115134,-39.00
2025-06-26 14:12:33.856985,599617787833115134,-46.00
2025-06-26 14:12:33.856985,599617787833115134,-53.00
2025-06-26 14:12:33.856985,599617787833115134,-56.00
2025-06-26 14:12:33.856985,599617787833115134,-53.00
2025-06-26 14:12:33.856985,599617787833115134,-51.00
2025-06-26 14:12:33.856985,599617787833115134,-58.00
2025-06-26 14:12:33.856985,599617787833115134,-68.00
2025-06-26 14:12:33.856985,599617787833115134,-68.00
2025-06-26 14:12:33.856985,599617787833115134,-66.00
2025-06-26 14:12:33.856985,599617787833115134,-63.00
2025-06-26 14:12:33.856985,599617787833115134,-66.00
2025-06-26 14:12:33.856985,599617787833115134,-29.00
2025-06-26 14:12:33.856985,599617787833115134,139.00
2025-06-26 14:12:33.856985,599617787833115134,421.00
2025-06-26 14:12:33.856985,599617787833115134,646.00
2025-06-26 14:12:33.856985,599617787833115134,580.00
2025-06-26 14:12:33.856985,599617787833115134,129.00
2025-06-26 14:12:33.856985,599617787833115134,-264.00
2025-06-26 14:12:33.856985,599617787833115134,-173.00
2025-06-26 14:12:33.856985,599617787833115134,2.00
2025-06-26 14:12:33.856985,599617787833115134,-80.00
2025-06-26 14:12:33.856985,599617787833115134,-127.00
2025-06-26 14:12:33.856985,599617787833115134,-71.00
2025-06-26 14:12:33.856985,599617787833115134,-66.00
2025-06-26 14:12:33.856985,599617787833115134,-78.00
2025-06-26 14:12:33.856985,599617787833115134,-56.00
2025-06-26 14:12:33.856985,599617787833115134,-51.00
2025-06-26 14:12:33.856985,599617787833115134,-46.00
2025-06-26 14:12:33.856985,599617787833115134,-29.00
2025-06-26 14:12:33.856985,599617787833115134,-29.00
2025-06-26 14:12:33.856985,599617787833115134,-24.00
2025-06-26 14:12:33.856985,599617787833115134,-7.00
2025-06-26 14:12:33.856985,599617787833115134,0.00
2025-06-26 14:12:33.856985,599617787833115134,0.00
2025-06-26 14:12:33.856985,599617787833115134,14.00
2025-06-26 14:12:33.856985,599617787833115134,26.00
2025-06-26 14:12:33.856985,599617787833115134,31.00
2025-06-26 14:12:33.856985,599617787833115134,36.00
2025-06-26 14:12:33.856985,599617787833115134,44.00
2025-06-26 14:12:33.856985,599617787833115134,58.00
2025-06-26 14:12:33.856985,599617787833115134,63.00
2025-06-26 14:12:33.856985,599617787833115134,66.00
2025-06-26 14:12:33.856985,599617787833115134,68.00
2025-06-26 14:12:33.856985,599617787833115134,68.00
2025-06-26 14:12:33.856985,599617787833115134,68.00
2025-06-26 14:12:33.856985,599617787833115134,66.00
2025-06-26 14:12:33.856985,599617787833115134,46.00
2025-06-26 14:12:33.856985,599617787833115134,12.00
2025-06-26 14:12:34.396767,599617788393802003,-19.00
2025-06-26 14:12:34.396767,599617788393802003,-58.00
2025-06-26 14:12:34.396767,599617788393802003,-97.00
2025-06-26 14:12:34.396767,599617788393802003,-120.00
2025-06-26 14:12:34.396767,599617788393802003,-127.00
2025-06-26 14:12:34.396767,599617788393802003,-124.00
2025-06-26 14:12:34.396767,599617788393802003,-115.00
2025-06-26 14:12:34.396767,599617788393802003,-115.00
2025-06-26 14:12:34.396767,599617788393802003,-120.00
2025-06-26 14:12:34.396767,599617788393802003,-115.00
2025-06-26 14:12:34.396767,599617788393802003,-105.00
2025-06-26 14:12:34.396767,599617788393802003,-100.00
2025-06-26 14:12:34.396767,599617788393802003,-93.00
2025-06-26 14:12:34.396767,599617788393802003,-80.00
2025-06-26 14:12:34.396767,599617788393802003,-73.00
2025-06-26 14:12:34.396767,599617788393802003,-80.00
2025-06-26 14:12:34.396767,599617788393802003,-93.00
2025-06-26 14:12:34.396767,599617788393802003,-75.00
2025-06-26 14:12:34.396767,599617788393802003,-39.00
2025-06-26 14:12:34.396767,599617788393802003,-51.00
2025-06-26 14:12:34.396767,599617788393802003,-90.00
2025-06-26 14:12:34.396767,599617788393802003,-85.00
2025-06-26 14:12:34.396767,599617788393802003,-66.00
2025-06-26 14:12:34.396767,599617788393802003,-58.00
2025-06-26 14:12:34.396767,599617788393802003,-48.00
2025-06-26 14:12:34.396767,599617788393802003,-61.00
2025-06-26 14:12:34.396767,599617788393802003,-75.00
2025-06-26 14:12:34.396767,599617788393802003,-63.00
2025-06-26 14:12:34.396767,599617788393802003,-53.00
2025-06-26 14:12:34.396767,599617788393802003,-53.00
2025-06-26 14:12:34.396767,599617788393802003,-34.00
2025-06-26 14:12:34.396767,599617788393802003,-17.00
2025-06-26 14:12:34.396767,599617788393802003,-51.00
2025-06-26 14:12:34.396767,599617788393802003,-75.00
2025-06-26 14:12:34.396767,599617788393802003,-46.00
2025-06-26 14:12:34.396767,599617788393802003,-36.00
2025-06-26 14:12:34.396767,599617788393802003,-56.00
2025-06-26 14:12:34.396767,599617788393802003,-46.00
2025-06-26 14:12:34.396767,599617788393802003,-29.00
2025-06-26 14:12:34.396767,599617788393802003,-41.00
2025-06-26 14:12:34.396767,599617788393802003,-58.00
2025-06-26 14:12:34.396767,599617788393802003,-48.00
2025-06-26 14:12:34.396767,599617788393802003,-17.00
2025-06-26 14:12:34.396767,599617788393802003,-12.00
2025-06-26 14:12:34.396767,599617788393802003,-17.00
2025-06-26 14:12:34.396767,599617788393802003,4.00
2025-06-26 14:12:34.396767,599617788393802003,0.00
2025-06-26 14:12:34.396767,599617788393802003,-19.00
2025-06-26 14:12:34.396767,599617788393802003,-19.00
2025-06-26 14:12:34.396767,599617788393802003,-29.00
2025-06-26 14:12:34.396767,599617788393802003,-41.00
2025-06-26 14:12:34.396767,599617788393802003,-36.00
2025-06-26 14:12:34.396767,599617788393802003,-29.00
2025-06-26 14:12:34.396767,599617788393802003,-12.00
2025-06-26 14:12:34.396767,599617788393802003,-12.00
2025-06-26 14:12:34.396767,599617788393802003,-41.00
2025-06-26 14:12:34.396767,599617788393802003,-56.00
2025-06-26 14:12:34.396767,599617788393802003,-19.00
2025-06-26 14:12:34.396767,599617788393802003,97.00
2025-06-26 14:12:34.396767,599617788393802003,333.00
2025-06-26 14:12:34.396767,599617788393802003,587.00
2025-06-26 14:12:34.396767,599617788393802003,636.00
2025-06-26 14:12:34.396767,599617788393802003,313.00
2025-06-26 14:12:34.396767,599617788393802003,-137.00
2025-06-26 14:12:34.396767,599617788393802003,-205.00
2025-06-26 14:12:34.396767,599617788393802003,-14.00
2025-06-26 14:12:34.396767,599617788393802003,-26.00
2025-06-26 14:12:34.396767,599617788393802003,-105.00
2025-06-26 14:12:34.396767,599617788393802003,-51.00
2025-06-26 14:12:34.396767,599617788393802003,-22.00
2025-06-26 14:12:34.396767,599617788393802003,-41.00
2025-06-26 14:12:34.396767,599617788393802003,-17.00
2025-06-26 14:12:34.396767,599617788393802003,7.00
2025-06-26 14:12:34.964823,599617788954468526,-14.00
2025-06-26 14:12:34.964823,599617788954468526,-17.00
2025-06-26 14:12:34.964823,599617788954468526,7.00
2025-06-26 14:12:34.964823,599617788954468526,14.00
2025-06-26 14:12:34.964823,599617788954468526,22.00
2025-06-26 14:12:34.964823,599617788954468526,34.00
2025-06-26 14:12:34.964823,599617788954468526,24.00
2025-06-26 14:12:34.964823,599617788954468526,19.00
2025-06-26 14:12:34.964823,599617788954468526,39.00
2025-06-26 14:12:34.964823,599617788954468526,56.00
2025-06-26 14:12:34.964823,599617788954468526,66.00
2025-06-26 14:12:34.964823,599617788954468526,75.00
2025-06-26 14:12:34.964823,599617788954468526,66.00
2025-06-26 14:12:34.964823,599617788954468526,58.00
2025-06-26 14:12:34.964823,599617788954468526,80.00
2025-06-26 14:12:34.964823,599617788954468526,85.00
2025-06-26 14:12:34.964823,599617788954468526,66.00
2025-06-26 14:12:34.964823,599617788954468526,75.00
2025-06-26 14:12:34.964823,599617788954468526,88.00
2025-06-26 14:12:34.964823,599617788954468526,61.00
2025-06-26 14:12:34.964823,599617788954468526,24.00
2025-06-26 14:12:34.964823,599617788954468526,4.00
2025-06-26 14:12:34.964823,599617788954468526,-26.00
2025-06-26 14:12:34.964823,599617788954468526,-63.00
2025-06-26 14:12:34.964823,599617788954468526,-78.00
2025-06-26 14:12:34.964823,599617788954468526,-85.00
2025-06-26 14:12:34.964823,599617788954468526,-93.00
2025-06-26 14:12:34.964823,599617788954468526,-95.00
2025-06-26 14:12:34.964823,599617788954468526,-97.00
2025-06-26 14:12:34.964823,599617788954468526,-93.00
2025-06-26 14:12:34.964823,599617788954468526,-83.00
2025-06-26 14:12:34.964823,599617788954468526,-75.00
2025-06-26 14:12:34.964823,599617788954468526,-75.00
2025-06-26 14:12:34.964823,599617788954468526,-78.00
2025-06-26 14:12:34.964823,599617788954468526,-71.00
2025-06-26 14:12:34.964823,599617788954468526,-63.00
2025-06-26 14:12:34.964823,599617788954468526,-66.00
2025-06-26 14:12:34.964823,599617788954468526,-71.00
2025-06-26 14:12:34.964823,599617788954468526,-63.00
2025-06-26 14:12:34.964823,599617788954468526,-53.00
2025-06-26 14:12:34.964823,599617788954468526,-58.00
2025-06-26 14:12:34.964823,599617788954468526,-66.00
2025-06-26 14:12:34.964823,599617788954468526,-68.00
2025-06-26 14:12:34.964823,599617788954468526,-68.00
2025-06-26 14:12:34.964823,599617788954468526,-66.00
2025-06-26 14:12:34.964823,599617788954468526,-58.00
2025-06-26 14:12:34.964823,599617788954468526,-56.00
2025-06-26 14:12:34.964823,599617788954468526,-61.00
2025-06-26 14:12:34.964823,599617788954468526,-58.00
2025-06-26 14:12:34.964823,599617788954468526,-48.00
2025-06-26 14:12:34.964823,599617788954468526,-58.00
2025-06-26 14:12:34.964823,599617788954468526,-63.00
2025-06-26 14:12:34.964823,599617788954468526,-56.00
2025-06-26 14:12:34.964823,599617788954468526,-51.00
2025-06-26 14:12:34.964823,599617788954468526,-48.00
2025-06-26 14:12:34.964823,599617788954468526,-56.00
2025-06-26 14:12:34.964823,599617788954468526,-66.00
2025-06-26 14:12:34.964823,599617788954468526,-53.00
2025-06-26 14:12:34.964823,599617788954468526,-44.00
2025-06-26 14:12:34.964823,599617788954468526,-58.00
2025-06-26 14:12:34.964823,599617788954468526,-61.00
2025-06-26 14:12:34.964823,599617788954468526,-31.00
2025-06-26 14:12:34.964823,599617788954468526,-9.00
2025-06-26 14:12:34.964823,599617788954468526,-7.00
2025-06-26 14:12:34.964823,599617788954468526,-12.00
2025-06-26 14:12:34.964823,599617788954468526,-14.00
2025-06-26 14:12:34.964823,599617788954468526,-29.00
2025-06-26 14:12:34.964823,599617788954468526,-41.00
2025-06-26 14:12:34.964823,599617788954468526,-31.00
2025-06-26 14:12:34.964823,599617788954468526,-31.00
2025-06-26 14:12:34.964823,599617788954468526,-51.00
2025-06-26 14:12:34.964823,599617788954468526,-41.00
2025-06-26 14:12:34.964823,599617788954468526,-31.00
