Timestamp,Device Timestamp (ns),ECG Value (uV)
2025-06-06 15:13:12.085729,599617137618641668,-109.00
2025-06-06 15:13:12.085729,599617137618641668,-51.00
2025-06-06 15:13:12.085729,599617137618641668,-58.00
2025-06-06 15:13:12.085729,599617137618641668,-131.00
2025-06-06 15:13:12.085729,599617137618641668,-197.00
2025-06-06 15:13:12.085729,599617137618641668,-236.00
2025-06-06 15:13:12.085729,599617137618641668,-257.00
2025-06-06 15:13:12.085729,599617137618641668,-265.00
2025-06-06 15:13:12.085729,599617137618641668,-294.00
2025-06-06 15:13:12.085729,599617137618641668,-350.00
2025-06-06 15:13:12.085729,599617137618641668,-369.00
2025-06-06 15:13:12.085729,599617137618641668,-379.00
2025-06-06 15:13:12.085729,599617137618641668,-420.00
2025-06-06 15:13:12.085729,599617137618641668,-455.00
2025-06-06 15:13:12.085729,599617137618641668,-433.00
2025-06-06 15:13:12.085729,599617137618641668,-377.00
2025-06-06 15:13:12.085729,599617137618641668,-357.00
2025-06-06 15:13:12.085729,599617137618641668,-367.00
2025-06-06 15:13:12.085729,599617137618641668,-267.00
2025-06-06 15:13:12.085729,599617137618641668,-104.00
2025-06-06 15:13:12.085729,599617137618641668,-55.00
2025-06-06 15:13:12.085729,599617137618641668,9.00
2025-06-06 15:13:12.085729,599617137618641668,148.00
2025-06-06 15:13:12.085729,599617137618641668,187.00
2025-06-06 15:13:12.085729,599617137618641668,199.00
2025-06-06 15:13:12.085729,599617137618641668,243.00
2025-06-06 15:13:12.085729,599617137618641668,233.00
2025-06-06 15:13:12.085729,599617137618641668,233.00
2025-06-06 15:13:12.085729,599617137618641668,243.00
2025-06-06 15:13:12.085729,599617137618641668,187.00
2025-06-06 15:13:12.085729,599617137618641668,187.00
2025-06-06 15:13:12.085729,599617137618641668,209.00
2025-06-06 15:13:12.085729,599617137618641668,155.00
2025-06-06 15:13:12.085729,599617137618641668,143.00
2025-06-06 15:13:12.085729,599617137618641668,180.00
2025-06-06 15:13:12.085729,599617137618641668,167.00
2025-06-06 15:13:12.085729,599617137618641668,128.00
2025-06-06 15:13:12.085729,599617137618641668,111.00
2025-06-06 15:13:12.085729,599617137618641668,121.00
2025-06-06 15:13:12.085729,599617137618641668,124.00
2025-06-06 15:13:12.085729,599617137618641668,94.00
2025-06-06 15:13:12.085729,599617137618641668,85.00
2025-06-06 15:13:12.085729,599617137618641668,126.00
2025-06-06 15:13:12.085729,599617137618641668,153.00
2025-06-06 15:13:12.085729,599617137618641668,121.00
2025-06-06 15:13:12.085729,599617137618641668,99.00
2025-06-06 15:13:12.085729,599617137618641668,121.00
2025-06-06 15:13:12.085729,599617137618641668,128.00
2025-06-06 15:13:12.085729,599617137618641668,97.00
2025-06-06 15:13:12.085729,599617137618641668,80.00
2025-06-06 15:13:12.085729,599617137618641668,90.00
2025-06-06 15:13:12.085729,599617137618641668,99.00
2025-06-06 15:13:12.085729,599617137618641668,107.00
2025-06-06 15:13:12.085729,599617137618641668,97.00
2025-06-06 15:13:12.085729,599617137618641668,75.00
2025-06-06 15:13:12.085729,599617137618641668,77.00
2025-06-06 15:13:12.085729,599617137618641668,58.00
2025-06-06 15:13:12.085729,599617137618641668,9.00
2025-06-06 15:13:12.085729,599617137618641668,34.00
2025-06-06 15:13:12.085729,599617137618641668,75.00
2025-06-06 15:13:12.085729,599617137618641668,75.00
2025-06-06 15:13:12.085729,599617137618641668,82.00
2025-06-06 15:13:12.085729,599617137618641668,77.00
2025-06-06 15:13:12.085729,599617137618641668,87.00
2025-06-06 15:13:12.085729,599617137618641668,104.00
2025-06-06 15:13:12.085729,599617137618641668,70.00
2025-06-06 15:13:12.085729,599617137618641668,58.00
2025-06-06 15:13:12.085729,599617137618641668,75.00
2025-06-06 15:13:12.085729,599617137618641668,29.00
2025-06-06 15:13:12.085729,599617137618641668,21.00
2025-06-06 15:13:12.085729,599617137618641668,97.00
2025-06-06 15:13:12.085729,599617137618641668,92.00
2025-06-06 15:13:12.085729,599617137618641668,-65.00
2025-06-06 15:13:12.657461,599617138179399745,-481.00
2025-06-06 15:13:12.657461,599617138179399745,-1082.00
2025-06-06 15:13:12.657461,599617138179399745,-1452.00
2025-06-06 15:13:12.657461,599617138179399745,-1338.00
2025-06-06 15:13:12.657461,599617138179399745,-652.00
2025-06-06 15:13:12.657461,599617138179399745,255.00
2025-06-06 15:13:12.657461,599617138179399745,450.00
2025-06-06 15:13:12.657461,599617138179399745,14.00
2025-06-06 15:13:12.657461,599617138179399745,-21.00
2025-06-06 15:13:12.657461,599617138179399745,199.00
2025-06-06 15:13:12.657461,599617138179399745,94.00
2025-06-06 15:13:12.657461,599617138179399745,-26.00
2025-06-06 15:13:12.657461,599617138179399745,46.00
2025-06-06 15:13:12.657461,599617138179399745,17.00
2025-06-06 15:13:12.657461,599617138179399745,-85.00
2025-06-06 15:13:12.657461,599617138179399745,-48.00
2025-06-06 15:13:12.657461,599617138179399745,-26.00
2025-06-06 15:13:12.657461,599617138179399745,-136.00
2025-06-06 15:13:12.657461,599617138179399745,-177.00
2025-06-06 15:13:12.657461,599617138179399745,-158.00
2025-06-06 15:13:12.657461,599617138179399745,-206.00
2025-06-06 15:13:12.657461,599617138179399745,-277.00
2025-06-06 15:13:12.657461,599617138179399745,-328.00
2025-06-06 15:13:12.657461,599617138179399745,-335.00
2025-06-06 15:13:12.657461,599617138179399745,-318.00
2025-06-06 15:13:12.657461,599617138179399745,-360.00
2025-06-06 15:13:12.657461,599617138179399745,-433.00
2025-06-06 15:13:12.657461,599617138179399745,-430.00
2025-06-06 15:13:12.657461,599617138179399745,-423.00
2025-06-06 15:13:12.657461,599617138179399745,-457.00
2025-06-06 15:13:12.657461,599617138179399745,-459.00
2025-06-06 15:13:12.657461,599617138179399745,-423.00
2025-06-06 15:13:12.657461,599617138179399745,-335.00
2025-06-06 15:13:12.657461,599617138179399745,-218.00
2025-06-06 15:13:12.657461,599617138179399745,-133.00
2025-06-06 15:13:12.657461,599617138179399745,-34.00
2025-06-06 15:13:12.657461,599617138179399745,72.00
2025-06-06 15:13:12.657461,599617138179399745,136.00
2025-06-06 15:13:12.657461,599617138179399745,182.00
2025-06-06 15:13:12.657461,599617138179399745,201.00
2025-06-06 15:13:12.657461,599617138179399745,223.00
2025-06-06 15:13:12.657461,599617138179399745,245.00
2025-06-06 15:13:12.657461,599617138179399745,250.00
2025-06-06 15:13:12.657461,599617138179399745,272.00
2025-06-06 15:13:12.657461,599617138179399745,240.00
2025-06-06 15:13:12.657461,599617138179399745,180.00
2025-06-06 15:13:12.657461,599617138179399745,184.00
2025-06-06 15:13:12.657461,599617138179399745,206.00
2025-06-06 15:13:12.657461,599617138179399745,189.00
2025-06-06 15:13:12.657461,599617138179399745,145.00
2025-06-06 15:13:12.657461,599617138179399745,138.00
2025-06-06 15:13:12.657461,599617138179399745,160.00
2025-06-06 15:13:12.657461,599617138179399745,124.00
2025-06-06 15:13:12.657461,599617138179399745,94.00
2025-06-06 15:13:12.657461,599617138179399745,138.00
2025-06-06 15:13:12.657461,599617138179399745,121.00
2025-06-06 15:13:12.657461,599617138179399745,82.00
2025-06-06 15:13:12.657461,599617138179399745,136.00
2025-06-06 15:13:12.657461,599617138179399745,153.00
2025-06-06 15:13:12.657461,599617138179399745,77.00
2025-06-06 15:13:12.657461,599617138179399745,80.00
2025-06-06 15:13:12.657461,599617138179399745,131.00
2025-06-06 15:13:12.657461,599617138179399745,107.00
2025-06-06 15:13:12.657461,599617138179399745,87.00
2025-06-06 15:13:12.657461,599617138179399745,102.00
2025-06-06 15:13:12.657461,599617138179399745,97.00
2025-06-06 15:13:12.657461,599617138179399745,85.00
2025-06-06 15:13:12.657461,599617138179399745,72.00
2025-06-06 15:13:12.657461,599617138179399745,65.00
2025-06-06 15:13:12.657461,599617138179399745,63.00
2025-06-06 15:13:12.657461,599617138179399745,43.00
2025-06-06 15:13:12.657461,599617138179399745,26.00
2025-06-06 15:13:12.657461,599617138179399745,53.00
2025-06-06 15:13:13.194609,599617138740147648,90.00
2025-06-06 15:13:13.194609,599617138740147648,90.00
2025-06-06 15:13:13.194609,599617138740147648,87.00
2025-06-06 15:13:13.194609,599617138740147648,94.00
2025-06-06 15:13:13.194609,599617138740147648,55.00
2025-06-06 15:13:13.194609,599617138740147648,58.00
2025-06-06 15:13:13.194609,599617138740147648,136.00
2025-06-06 15:13:13.194609,599617138740147648,111.00
2025-06-06 15:13:13.194609,599617138740147648,29.00
2025-06-06 15:13:13.194609,599617138740147648,58.00
2025-06-06 15:13:13.194609,599617138740147648,97.00
2025-06-06 15:13:13.194609,599617138740147648,77.00
2025-06-06 15:13:13.194609,599617138740147648,65.00
2025-06-06 15:13:13.194609,599617138740147648,-109.00
2025-06-06 15:13:13.194609,599617138740147648,-620.00
2025-06-06 15:13:13.194609,599617138740147648,-1170.00
2025-06-06 15:13:13.194609,599617138740147648,-1403.00
2025-06-06 15:13:13.194609,599617138740147648,-1165.00
2025-06-06 15:13:13.194609,599617138740147648,-367.00
2025-06-06 15:13:13.194609,599617138740147648,391.00
2025-06-06 15:13:13.194609,599617138740147648,335.00
2025-06-06 15:13:13.194609,599617138740147648,-41.00
2025-06-06 15:13:13.194609,599617138740147648,12.00
2025-06-06 15:13:13.194609,599617138740147648,150.00
2025-06-06 15:13:13.194609,599617138740147648,53.00
2025-06-06 15:13:13.194609,599617138740147648,2.00
2025-06-06 15:13:13.194609,599617138740147648,38.00
2025-06-06 15:13:13.194609,599617138740147648,19.00
2025-06-06 15:13:13.194609,599617138740147648,-51.00
2025-06-06 15:13:13.194609,599617138740147648,-80.00
2025-06-06 15:13:13.194609,599617138740147648,-72.00
2025-06-06 15:13:13.194609,599617138740147648,-109.00
2025-06-06 15:13:13.194609,599617138740147648,-165.00
2025-06-06 15:13:13.194609,599617138740147648,-172.00
2025-06-06 15:13:13.194609,599617138740147648,-192.00
2025-06-06 15:13:13.194609,599617138740147648,-253.00
2025-06-06 15:13:13.194609,599617138740147648,-289.00
2025-06-06 15:13:13.194609,599617138740147648,-313.00
2025-06-06 15:13:13.194609,599617138740147648,-362.00
2025-06-06 15:13:13.194609,599617138740147648,-396.00
2025-06-06 15:13:13.194609,599617138740147648,-418.00
2025-06-06 15:13:13.194609,599617138740147648,-464.00
2025-06-06 15:13:13.194609,599617138740147648,-476.00
2025-06-06 15:13:13.194609,599617138740147648,-408.00
2025-06-06 15:13:13.194609,599617138740147648,-384.00
2025-06-06 15:13:13.194609,599617138740147648,-411.00
2025-06-06 15:13:13.194609,599617138740147648,-323.00
2025-06-06 15:13:13.194609,599617138740147648,-187.00
2025-06-06 15:13:13.194609,599617138740147648,-119.00
2025-06-06 15:13:13.194609,599617138740147648,-29.00
2025-06-06 15:13:13.194609,599617138740147648,70.00
2025-06-06 15:13:13.194609,599617138740147648,148.00
2025-06-06 15:13:13.194609,599617138740147648,201.00
2025-06-06 15:13:13.194609,599617138740147648,194.00
2025-06-06 15:13:13.194609,599617138740147648,216.00
2025-06-06 15:13:13.194609,599617138740147648,282.00
2025-06-06 15:13:13.194609,599617138740147648,240.00
2025-06-06 15:13:13.194609,599617138740147648,182.00
2025-06-06 15:13:13.194609,599617138740147648,209.00
2025-06-06 15:13:13.194609,599617138740147648,204.00
2025-06-06 15:13:13.194609,599617138740147648,163.00
2025-06-06 15:13:13.194609,599617138740147648,165.00
2025-06-06 15:13:13.194609,599617138740147648,167.00
2025-06-06 15:13:13.194609,599617138740147648,167.00
2025-06-06 15:13:13.194609,599617138740147648,158.00
2025-06-06 15:13:13.194609,599617138740147648,94.00
2025-06-06 15:13:13.194609,599617138740147648,80.00
2025-06-06 15:13:13.194609,599617138740147648,131.00
2025-06-06 15:13:13.194609,599617138740147648,111.00
2025-06-06 15:13:13.194609,599617138740147648,75.00
2025-06-06 15:13:13.194609,599617138740147648,102.00
2025-06-06 15:13:13.194609,599617138740147648,124.00
2025-06-06 15:13:13.194609,599617138740147648,109.00
2025-06-06 15:13:13.764380,599617139300885381,94.00
2025-06-06 15:13:13.764380,599617139300885381,102.00
2025-06-06 15:13:13.764380,599617139300885381,124.00
2025-06-06 15:13:13.764380,599617139300885381,114.00
2025-06-06 15:13:13.764380,599617139300885381,87.00
2025-06-06 15:13:13.764380,599617139300885381,104.00
2025-06-06 15:13:13.764380,599617139300885381,109.00
2025-06-06 15:13:13.764380,599617139300885381,77.00
2025-06-06 15:13:13.764380,599617139300885381,85.00
2025-06-06 15:13:13.764380,599617139300885381,104.00
2025-06-06 15:13:13.764380,599617139300885381,90.00
2025-06-06 15:13:13.764380,599617139300885381,53.00
2025-06-06 15:13:13.764380,599617139300885381,43.00
2025-06-06 15:13:13.764380,599617139300885381,77.00
2025-06-06 15:13:13.764380,599617139300885381,48.00
2025-06-06 15:13:13.764380,599617139300885381,-17.00
2025-06-06 15:13:13.764380,599617139300885381,-7.00
2025-06-06 15:13:13.764380,599617139300885381,63.00
2025-06-06 15:13:13.764380,599617139300885381,111.00
2025-06-06 15:13:13.764380,599617139300885381,94.00
2025-06-06 15:13:13.764380,599617139300885381,55.00
2025-06-06 15:13:13.764380,599617139300885381,63.00
2025-06-06 15:13:13.764380,599617139300885381,80.00
2025-06-06 15:13:13.764380,599617139300885381,48.00
2025-06-06 15:13:13.764380,599617139300885381,43.00
2025-06-06 15:13:13.764380,599617139300885381,65.00
2025-06-06 15:13:13.764380,599617139300885381,51.00
2025-06-06 15:13:13.764380,599617139300885381,38.00
2025-06-06 15:13:13.764380,599617139300885381,46.00
2025-06-06 15:13:13.764380,599617139300885381,38.00
2025-06-06 15:13:13.764380,599617139300885381,-29.00
2025-06-06 15:13:13.764380,599617139300885381,-335.00
2025-06-06 15:13:13.764380,599617139300885381,-917.00
2025-06-06 15:13:13.764380,599617139300885381,-1396.00
2025-06-06 15:13:13.764380,599617139300885381,-1360.00
2025-06-06 15:13:13.764380,599617139300885381,-773.00
2025-06-06 15:13:13.764380,599617139300885381,9.00
2025-06-06 15:13:13.764380,599617139300885381,345.00
2025-06-06 15:13:13.764380,599617139300885381,97.00
2025-06-06 15:13:13.764380,599617139300885381,-34.00
2025-06-06 15:13:13.764380,599617139300885381,87.00
2025-06-06 15:13:13.764380,599617139300885381,60.00
2025-06-06 15:13:13.764380,599617139300885381,0.00
2025-06-06 15:13:13.764380,599617139300885381,26.00
2025-06-06 15:13:13.764380,599617139300885381,12.00
2025-06-06 15:13:13.764380,599617139300885381,-29.00
2025-06-06 15:13:13.764380,599617139300885381,-38.00
2025-06-06 15:13:13.764380,599617139300885381,-92.00
2025-06-06 15:13:13.764380,599617139300885381,-180.00
2025-06-06 15:13:13.764380,599617139300885381,-160.00
2025-06-06 15:13:13.764380,599617139300885381,-141.00
2025-06-06 15:13:13.764380,599617139300885381,-218.00
2025-06-06 15:13:13.764380,599617139300885381,-277.00
2025-06-06 15:13:13.764380,599617139300885381,-289.00
2025-06-06 15:13:13.764380,599617139300885381,-323.00
2025-06-06 15:13:13.764380,599617139300885381,-401.00
2025-06-06 15:13:13.764380,599617139300885381,-445.00
2025-06-06 15:13:13.764380,599617139300885381,-425.00
2025-06-06 15:13:13.764380,599617139300885381,-445.00
2025-06-06 15:13:13.764380,599617139300885381,-528.00
2025-06-06 15:13:13.764380,599617139300885381,-540.00
2025-06-06 15:13:13.764380,599617139300885381,-484.00
2025-06-06 15:13:13.764380,599617139300885381,-464.00
2025-06-06 15:13:13.764380,599617139300885381,-457.00
2025-06-06 15:13:13.764380,599617139300885381,-384.00
2025-06-06 15:13:13.764380,599617139300885381,-238.00
2025-06-06 15:13:13.764380,599617139300885381,-104.00
2025-06-06 15:13:13.764380,599617139300885381,-70.00
2025-06-06 15:13:13.764380,599617139300885381,-21.00
2025-06-06 15:13:13.764380,599617139300885381,102.00
2025-06-06 15:13:13.764380,599617139300885381,163.00
2025-06-06 15:13:13.764380,599617139300885381,155.00
2025-06-06 15:13:13.764380,599617139300885381,150.00
2025-06-06 15:13:14.305073,599617139861643456,136.00
2025-06-06 15:13:14.305073,599617139861643456,126.00
2025-06-06 15:13:14.305073,599617139861643456,119.00
2025-06-06 15:13:14.305073,599617139861643456,77.00
2025-06-06 15:13:14.305073,599617139861643456,55.00
2025-06-06 15:13:14.305073,599617139861643456,94.00
2025-06-06 15:13:14.305073,599617139861643456,94.00
2025-06-06 15:13:14.305073,599617139861643456,38.00
2025-06-06 15:13:14.305073,599617139861643456,9.00
2025-06-06 15:13:14.305073,599617139861643456,14.00
2025-06-06 15:13:14.305073,599617139861643456,31.00
2025-06-06 15:13:14.305073,599617139861643456,4.00
2025-06-06 15:13:14.305073,599617139861643456,-58.00
2025-06-06 15:13:14.305073,599617139861643456,-51.00
2025-06-06 15:13:14.305073,599617139861643456,4.00
2025-06-06 15:13:14.305073,599617139861643456,-12.00
2025-06-06 15:13:14.305073,599617139861643456,-60.00
2025-06-06 15:13:14.305073,599617139861643456,-46.00
2025-06-06 15:13:14.305073,599617139861643456,0.00
2025-06-06 15:13:14.305073,599617139861643456,-36.00
2025-06-06 15:13:14.305073,599617139861643456,-119.00
2025-06-06 15:13:14.305073,599617139861643456,-107.00
2025-06-06 15:13:14.305073,599617139861643456,-41.00
2025-06-06 15:13:14.305073,599617139861643456,-38.00
2025-06-06 15:13:14.305073,599617139861643456,-75.00
2025-06-06 15:13:14.305073,599617139861643456,-60.00
2025-06-06 15:13:14.305073,599617139861643456,-48.00
2025-06-06 15:13:14.305073,599617139861643456,-99.00
2025-06-06 15:13:14.305073,599617139861643456,-121.00
2025-06-06 15:13:14.305073,599617139861643456,-114.00
2025-06-06 15:13:14.305073,599617139861643456,-131.00
2025-06-06 15:13:14.305073,599617139861643456,-153.00
2025-06-06 15:13:14.305073,599617139861643456,-163.00
2025-06-06 15:13:14.305073,599617139861643456,-119.00
2025-06-06 15:13:14.305073,599617139861643456,-116.00
2025-06-06 15:13:14.305073,599617139861643456,-228.00
2025-06-06 15:13:14.305073,599617139861643456,-223.00
2025-06-06 15:13:14.305073,599617139861643456,-111.00
2025-06-06 15:13:14.305073,599617139861643456,-128.00
2025-06-06 15:13:14.305073,599617139861643456,-180.00
2025-06-06 15:13:14.305073,599617139861643456,-155.00
2025-06-06 15:13:14.305073,599617139861643456,-145.00
2025-06-06 15:13:14.305073,599617139861643456,-150.00
2025-06-06 15:13:14.305073,599617139861643456,-138.00
2025-06-06 15:13:14.305073,599617139861643456,-145.00
2025-06-06 15:13:14.305073,599617139861643456,-155.00
2025-06-06 15:13:14.305073,599617139861643456,-155.00
2025-06-06 15:13:14.305073,599617139861643456,-167.00
2025-06-06 15:13:14.305073,599617139861643456,-165.00
2025-06-06 15:13:14.305073,599617139861643456,-141.00
2025-06-06 15:13:14.305073,599617139861643456,-330.00
2025-06-06 15:13:14.305073,599617139861643456,-854.00
2025-06-06 15:13:14.305073,599617139861643456,-1345.00
2025-06-06 15:13:14.305073,599617139861643456,-1605.00
2025-06-06 15:13:14.305073,599617139861643456,-1523.00
2025-06-06 15:13:14.305073,599617139861643456,-776.00
2025-06-06 15:13:14.305073,599617139861643456,75.00
2025-06-06 15:13:14.305073,599617139861643456,80.00
2025-06-06 15:13:14.305073,599617139861643456,-299.00
2025-06-06 15:13:14.305073,599617139861643456,-228.00
2025-06-06 15:13:14.305073,599617139861643456,-36.00
2025-06-06 15:13:14.305073,599617139861643456,-136.00
2025-06-06 15:13:14.305073,599617139861643456,-262.00
2025-06-06 15:13:14.305073,599617139861643456,-180.00
2025-06-06 15:13:14.305073,599617139861643456,-141.00
2025-06-06 15:13:14.305073,599617139861643456,-299.00
2025-06-06 15:13:14.305073,599617139861643456,-340.00
2025-06-06 15:13:14.305073,599617139861643456,-255.00
2025-06-06 15:13:14.305073,599617139861643456,-313.00
2025-06-06 15:13:14.305073,599617139861643456,-418.00
2025-06-06 15:13:14.305073,599617139861643456,-384.00
2025-06-06 15:13:14.305073,599617139861643456,-313.00
2025-06-06 15:13:14.305073,599617139861643456,-413.00
2025-06-06 15:13:14.904624,599617140422401537,-547.00
2025-06-06 15:13:14.904624,599617140422401537,-493.00
2025-06-06 15:13:14.904624,599617140422401537,-472.00
2025-06-06 15:13:14.904624,599617140422401537,-603.00
2025-06-06 15:13:14.904624,599617140422401537,-661.00
2025-06-06 15:13:14.904624,599617140422401537,-571.00
2025-06-06 15:13:14.904624,599617140422401537,-528.00
2025-06-06 15:13:14.904624,599617140422401537,-615.00
2025-06-06 15:13:14.904624,599617140422401537,-644.00
2025-06-06 15:13:14.904624,599617140422401537,-554.00
2025-06-06 15:13:14.904624,599617140422401537,-459.00
2025-06-06 15:13:14.904624,599617140422401537,-401.00
2025-06-06 15:13:14.904624,599617140422401537,-326.00
2025-06-06 15:13:14.904624,599617140422401537,-194.00
2025-06-06 15:13:14.904624,599617140422401537,-72.00
2025-06-06 15:13:14.904624,599617140422401537,-19.00
2025-06-06 15:13:14.904624,599617140422401537,24.00
2025-06-06 15:13:14.904624,599617140422401537,85.00
2025-06-06 15:13:14.904624,599617140422401537,104.00
2025-06-06 15:13:14.904624,599617140422401537,107.00
2025-06-06 15:13:14.904624,599617140422401537,133.00
2025-06-06 15:13:14.904624,599617140422401537,133.00
2025-06-06 15:13:14.904624,599617140422401537,121.00
2025-06-06 15:13:14.904624,599617140422401537,133.00
2025-06-06 15:13:14.904624,599617140422401537,116.00
2025-06-06 15:13:14.904624,599617140422401537,77.00
2025-06-06 15:13:14.904624,599617140422401537,77.00
2025-06-06 15:13:14.904624,599617140422401537,80.00
2025-06-06 15:13:14.904624,599617140422401537,70.00
2025-06-06 15:13:14.904624,599617140422401537,77.00
2025-06-06 15:13:14.904624,599617140422401537,70.00
2025-06-06 15:13:14.904624,599617140422401537,53.00
2025-06-06 15:13:14.904624,599617140422401537,63.00
2025-06-06 15:13:14.904624,599617140422401537,70.00
2025-06-06 15:13:14.904624,599617140422401537,68.00
2025-06-06 15:13:14.904624,599617140422401537,68.00
2025-06-06 15:13:14.904624,599617140422401537,41.00
2025-06-06 15:13:14.904624,599617140422401537,26.00
2025-06-06 15:13:14.904624,599617140422401537,90.00
2025-06-06 15:13:14.904624,599617140422401537,128.00
2025-06-06 15:13:14.904624,599617140422401537,82.00
2025-06-06 15:13:14.904624,599617140422401537,60.00
2025-06-06 15:13:14.904624,599617140422401537,87.00
2025-06-06 15:13:14.904624,599617140422401537,82.00
2025-06-06 15:13:14.904624,599617140422401537,60.00
2025-06-06 15:13:14.904624,599617140422401537,68.00
2025-06-06 15:13:14.904624,599617140422401537,92.00
2025-06-06 15:13:14.904624,599617140422401537,102.00
2025-06-06 15:13:14.904624,599617140422401537,85.00
2025-06-06 15:13:14.904624,599617140422401537,72.00
2025-06-06 15:13:14.904624,599617140422401537,72.00
2025-06-06 15:13:14.904624,599617140422401537,43.00
2025-06-06 15:13:14.904624,599617140422401537,17.00
2025-06-06 15:13:14.904624,599617140422401537,9.00
2025-06-06 15:13:14.904624,599617140422401537,17.00
2025-06-06 15:13:14.904624,599617140422401537,68.00
2025-06-06 15:13:14.904624,599617140422401537,111.00
2025-06-06 15:13:14.904624,599617140422401537,94.00
2025-06-06 15:13:14.904624,599617140422401537,75.00
2025-06-06 15:13:14.904624,599617140422401537,87.00
2025-06-06 15:13:14.904624,599617140422401537,92.00
2025-06-06 15:13:14.904624,599617140422401537,92.00
2025-06-06 15:13:14.904624,599617140422401537,75.00
2025-06-06 15:13:14.904624,599617140422401537,48.00
2025-06-06 15:13:14.904624,599617140422401537,82.00
2025-06-06 15:13:14.904624,599617140422401537,119.00
2025-06-06 15:13:14.904624,599617140422401537,111.00
2025-06-06 15:13:14.904624,599617140422401537,77.00
2025-06-06 15:13:14.904624,599617140422401537,-17.00
2025-06-06 15:13:14.904624,599617140422401537,-326.00
2025-06-06 15:13:14.904624,599617140422401537,-919.00
2025-06-06 15:13:14.904624,599617140422401537,-1452.00
2025-06-06 15:13:14.904624,599617140422401537,-1462.00
2025-06-06 15:13:15.445232,599617140983159614,-773.00
2025-06-06 15:13:15.445232,599617140983159614,158.00
2025-06-06 15:13:15.445232,599617140983159614,445.00
2025-06-06 15:13:15.445232,599617140983159614,111.00
2025-06-06 15:13:15.445232,599617140983159614,19.00
2025-06-06 15:13:15.445232,599617140983159614,180.00
2025-06-06 15:13:15.445232,599617140983159614,133.00
2025-06-06 15:13:15.445232,599617140983159614,41.00
2025-06-06 15:13:15.445232,599617140983159614,60.00
2025-06-06 15:13:15.445232,599617140983159614,58.00
2025-06-06 15:13:15.445232,599617140983159614,19.00
2025-06-06 15:13:15.445232,599617140983159614,-7.00
2025-06-06 15:13:15.445232,599617140983159614,-29.00
2025-06-06 15:13:15.445232,599617140983159614,-58.00
2025-06-06 15:13:15.445232,599617140983159614,-90.00
2025-06-06 15:13:15.445232,599617140983159614,-133.00
2025-06-06 15:13:15.445232,599617140983159614,-177.00
2025-06-06 15:13:15.445232,599617140983159614,-194.00
2025-06-06 15:13:15.445232,599617140983159614,-228.00
2025-06-06 15:13:15.445232,599617140983159614,-301.00
2025-06-06 15:13:15.445232,599617140983159614,-311.00
2025-06-06 15:13:15.445232,599617140983159614,-313.00
2025-06-06 15:13:15.445232,599617140983159614,-382.00
2025-06-06 15:13:15.445232,599617140983159614,-411.00
2025-06-06 15:13:15.445232,599617140983159614,-391.00
2025-06-06 15:13:15.445232,599617140983159614,-401.00
2025-06-06 15:13:15.445232,599617140983159614,-428.00
2025-06-06 15:13:15.445232,599617140983159614,-416.00
2025-06-06 15:13:15.445232,599617140983159614,-338.00
2025-06-06 15:13:15.445232,599617140983159614,-250.00
2025-06-06 15:13:15.445232,599617140983159614,-175.00
2025-06-06 15:13:15.445232,599617140983159614,-63.00
2025-06-06 15:13:15.445232,599617140983159614,34.00
2025-06-06 15:13:15.445232,599617140983159614,99.00
2025-06-06 15:13:15.445232,599617140983159614,184.00
2025-06-06 15:13:15.445232,599617140983159614,231.00
2025-06-06 15:13:15.445232,599617140983159614,221.00
2025-06-06 15:13:15.445232,599617140983159614,253.00
2025-06-06 15:13:15.445232,599617140983159614,282.00
2025-06-06 15:13:15.445232,599617140983159614,272.00
2025-06-06 15:13:15.445232,599617140983159614,279.00
2025-06-06 15:13:15.445232,599617140983159614,262.00
2025-06-06 15:13:15.445232,599617140983159614,206.00
2025-06-06 15:13:15.445232,599617140983159614,189.00
2025-06-06 15:13:15.445232,599617140983159614,206.00
2025-06-06 15:13:15.445232,599617140983159614,199.00
2025-06-06 15:13:15.445232,599617140983159614,172.00
2025-06-06 15:13:15.445232,599617140983159614,167.00
2025-06-06 15:13:15.445232,599617140983159614,182.00
2025-06-06 15:13:15.445232,599617140983159614,204.00
2025-06-06 15:13:15.445232,599617140983159614,167.00
2025-06-06 15:13:15.445232,599617140983159614,92.00
2025-06-06 15:13:15.445232,599617140983159614,107.00
2025-06-06 15:13:15.445232,599617140983159614,158.00
2025-06-06 15:13:15.445232,599617140983159614,163.00
2025-06-06 15:13:15.445232,599617140983159614,153.00
2025-06-06 15:13:15.445232,599617140983159614,153.00
2025-06-06 15:13:15.445232,599617140983159614,150.00
2025-06-06 15:13:15.445232,599617140983159614,133.00
2025-06-06 15:13:15.445232,599617140983159614,133.00
2025-06-06 15:13:15.445232,599617140983159614,150.00
2025-06-06 15:13:15.445232,599617140983159614,131.00
2025-06-06 15:13:15.445232,599617140983159614,92.00
2025-06-06 15:13:15.445232,599617140983159614,87.00
2025-06-06 15:13:15.445232,599617140983159614,109.00
2025-06-06 15:13:15.445232,599617140983159614,104.00
2025-06-06 15:13:15.445232,599617140983159614,77.00
2025-06-06 15:13:15.445232,599617140983159614,72.00
2025-06-06 15:13:15.445232,599617140983159614,82.00
2025-06-06 15:13:15.445232,599617140983159614,124.00
2025-06-06 15:13:15.445232,599617140983159614,150.00
2025-06-06 15:13:15.445232,599617140983159614,109.00
2025-06-06 15:13:15.445232,599617140983159614,99.00
2025-06-06 15:13:16.014644,599617141543902431,138.00
2025-06-06 15:13:16.014644,599617141543902431,145.00
2025-06-06 15:13:16.014644,599617141543902431,133.00
2025-06-06 15:13:16.014644,599617141543902431,111.00
2025-06-06 15:13:16.014644,599617141543902431,104.00
2025-06-06 15:13:16.014644,599617141543902431,124.00
2025-06-06 15:13:16.014644,599617141543902431,114.00
2025-06-06 15:13:16.014644,599617141543902431,90.00
2025-06-06 15:13:16.014644,599617141543902431,94.00
2025-06-06 15:13:16.014644,599617141543902431,-36.00
2025-06-06 15:13:16.014644,599617141543902431,-474.00
2025-06-06 15:13:16.014644,599617141543902431,-1031.00
2025-06-06 15:13:16.014644,599617141543902431,-1328.00
2025-06-06 15:13:16.014644,599617141543902431,-1131.00
2025-06-06 15:13:16.014644,599617141543902431,-386.00
2025-06-06 15:13:16.014644,599617141543902431,396.00
2025-06-06 15:13:16.014644,599617141543902431,433.00
2025-06-06 15:13:16.014644,599617141543902431,38.00
2025-06-06 15:13:16.014644,599617141543902431,41.00
2025-06-06 15:13:16.014644,599617141543902431,189.00
2025-06-06 15:13:16.014644,599617141543902431,99.00
2025-06-06 15:13:16.014644,599617141543902431,43.00
2025-06-06 15:13:16.014644,599617141543902431,51.00
2025-06-06 15:13:16.014644,599617141543902431,-12.00
2025-06-06 15:13:16.014644,599617141543902431,-31.00
2025-06-06 15:13:16.014644,599617141543902431,-9.00
2025-06-06 15:13:16.014644,599617141543902431,-48.00
2025-06-06 15:13:16.014644,599617141543902431,-82.00
2025-06-06 15:13:16.014644,599617141543902431,-102.00
2025-06-06 15:13:16.014644,599617141543902431,-143.00
2025-06-06 15:13:16.014644,599617141543902431,-182.00
2025-06-06 15:13:16.014644,599617141543902431,-231.00
2025-06-06 15:13:16.014644,599617141543902431,-304.00
2025-06-06 15:13:16.014644,599617141543902431,-330.00
2025-06-06 15:13:16.014644,599617141543902431,-316.00
2025-06-06 15:13:16.014644,599617141543902431,-343.00
2025-06-06 15:13:16.014644,599617141543902431,-399.00
2025-06-06 15:13:16.014644,599617141543902431,-423.00
2025-06-06 15:13:16.014644,599617141543902431,-411.00
2025-06-06 15:13:16.014644,599617141543902431,-391.00
2025-06-06 15:13:16.014644,599617141543902431,-411.00
2025-06-06 15:13:16.014644,599617141543902431,-430.00
2025-06-06 15:13:16.014644,599617141543902431,-330.00
2025-06-06 15:13:16.014644,599617141543902431,-197.00
2025-06-06 15:13:16.014644,599617141543902431,-128.00
2025-06-06 15:13:16.014644,599617141543902431,-14.00
2025-06-06 15:13:16.014644,599617141543902431,124.00
2025-06-06 15:13:16.014644,599617141543902431,141.00
2025-06-06 15:13:16.014644,599617141543902431,150.00
2025-06-06 15:13:16.014644,599617141543902431,287.00
2025-06-06 15:13:16.014644,599617141543902431,333.00
2025-06-06 15:13:16.014644,599617141543902431,248.00
2025-06-06 15:13:16.014644,599617141543902431,253.00
2025-06-06 15:13:16.014644,599617141543902431,291.00
2025-06-06 15:13:16.014644,599617141543902431,262.00
2025-06-06 15:13:16.014644,599617141543902431,255.00
2025-06-06 15:13:16.014644,599617141543902431,216.00
2025-06-06 15:13:16.014644,599617141543902431,136.00
2025-06-06 15:13:16.014644,599617141543902431,199.00
2025-06-06 15:13:16.014644,599617141543902431,262.00
2025-06-06 15:13:16.014644,599617141543902431,167.00
2025-06-06 15:13:16.014644,599617141543902431,136.00
2025-06-06 15:13:16.014644,599617141543902431,187.00
2025-06-06 15:13:16.014644,599617141543902431,165.00
2025-06-06 15:13:16.014644,599617141543902431,131.00
2025-06-06 15:13:16.014644,599617141543902431,172.00
2025-06-06 15:13:16.014644,599617141543902431,163.00
2025-06-06 15:13:16.014644,599617141543902431,90.00
2025-06-06 15:13:16.014644,599617141543902431,124.00
2025-06-06 15:13:16.014644,599617141543902431,172.00
2025-06-06 15:13:16.014644,599617141543902431,109.00
2025-06-06 15:13:16.014644,599617141543902431,87.00
2025-06-06 15:13:16.014644,599617141543902431,165.00
2025-06-06 15:13:16.554862,599617142104665594,170.00
2025-06-06 15:13:16.554862,599617142104665594,111.00
2025-06-06 15:13:16.554862,599617142104665594,136.00
2025-06-06 15:13:16.554862,599617142104665594,124.00
2025-06-06 15:13:16.554862,599617142104665594,41.00
2025-06-06 15:13:16.554862,599617142104665594,58.00
2025-06-06 15:13:16.554862,599617142104665594,107.00
2025-06-06 15:13:16.554862,599617142104665594,109.00
2025-06-06 15:13:16.554862,599617142104665594,109.00
2025-06-06 15:13:16.554862,599617142104665594,138.00
2025-06-06 15:13:16.554862,599617142104665594,170.00
2025-06-06 15:13:16.554862,599617142104665594,126.00
2025-06-06 15:13:16.554862,599617142104665594,94.00
2025-06-06 15:13:16.554862,599617142104665594,153.00
2025-06-06 15:13:16.554862,599617142104665594,150.00
2025-06-06 15:13:16.554862,599617142104665594,92.00
2025-06-06 15:13:16.554862,599617142104665594,116.00
2025-06-06 15:13:16.554862,599617142104665594,126.00
2025-06-06 15:13:16.554862,599617142104665594,63.00
2025-06-06 15:13:16.554862,599617142104665594,107.00
2025-06-06 15:13:16.554862,599617142104665594,158.00
2025-06-06 15:13:16.554862,599617142104665594,-82.00
2025-06-06 15:13:16.554862,599617142104665594,-639.00
2025-06-06 15:13:16.554862,599617142104665594,-1182.00
2025-06-06 15:13:16.554862,599617142104665594,-1425.00
2025-06-06 15:13:16.554862,599617142104665594,-1189.00
2025-06-06 15:13:16.554862,599617142104665594,-316.00
2025-06-06 15:13:16.554862,599617142104665594,493.00
2025-06-06 15:13:16.554862,599617142104665594,364.00
2025-06-06 15:13:16.554862,599617142104665594,-46.00
2025-06-06 15:13:16.554862,599617142104665594,77.00
2025-06-06 15:13:16.554862,599617142104665594,226.00
2025-06-06 15:13:16.554862,599617142104665594,75.00
2025-06-06 15:13:16.554862,599617142104665594,2.00
2025-06-06 15:13:16.554862,599617142104665594,77.00
2025-06-06 15:13:16.554862,599617142104665594,97.00
2025-06-06 15:13:16.554862,599617142104665594,19.00
2025-06-06 15:13:16.554862,599617142104665594,-41.00
2025-06-06 15:13:16.554862,599617142104665594,-41.00
2025-06-06 15:13:16.554862,599617142104665594,-63.00
2025-06-06 15:13:16.554862,599617142104665594,-104.00
2025-06-06 15:13:16.554862,599617142104665594,-150.00
2025-06-06 15:13:16.554862,599617142104665594,-187.00
2025-06-06 15:13:16.554862,599617142104665594,-184.00
2025-06-06 15:13:16.554862,599617142104665594,-218.00
2025-06-06 15:13:16.554862,599617142104665594,-282.00
2025-06-06 15:13:16.554862,599617142104665594,-306.00
2025-06-06 15:13:16.554862,599617142104665594,-328.00
2025-06-06 15:13:16.554862,599617142104665594,-382.00
2025-06-06 15:13:16.554862,599617142104665594,-435.00
2025-06-06 15:13:16.554862,599617142104665594,-413.00
2025-06-06 15:13:16.554862,599617142104665594,-374.00
2025-06-06 15:13:16.554862,599617142104665594,-413.00
2025-06-06 15:13:16.554862,599617142104665594,-382.00
2025-06-06 15:13:16.554862,599617142104665594,-245.00
2025-06-06 15:13:16.554862,599617142104665594,-175.00
2025-06-06 15:13:16.554862,599617142104665594,-107.00
2025-06-06 15:13:16.554862,599617142104665594,38.00
2025-06-06 15:13:16.554862,599617142104665594,126.00
2025-06-06 15:13:16.554862,599617142104665594,158.00
2025-06-06 15:13:16.554862,599617142104665594,204.00
2025-06-06 15:13:16.554862,599617142104665594,201.00
2025-06-06 15:13:16.554862,599617142104665594,255.00
2025-06-06 15:13:16.554862,599617142104665594,326.00
2025-06-06 15:13:16.554862,599617142104665594,228.00
2025-06-06 15:13:16.554862,599617142104665594,177.00
2025-06-06 15:13:16.554862,599617142104665594,253.00
2025-06-06 15:13:16.554862,599617142104665594,248.00
2025-06-06 15:13:16.554862,599617142104665594,170.00
2025-06-06 15:13:16.554862,599617142104665594,141.00
2025-06-06 15:13:16.554862,599617142104665594,187.00
2025-06-06 15:13:16.554862,599617142104665594,197.00
2025-06-06 15:13:16.554862,599617142104665594,119.00
2025-06-06 15:13:17.125809,599617142665403327,124.00
2025-06-06 15:13:17.125809,599617142665403327,214.00
2025-06-06 15:13:17.125809,599617142665403327,194.00
2025-06-06 15:13:17.125809,599617142665403327,90.00
2025-06-06 15:13:17.125809,599617142665403327,80.00
2025-06-06 15:13:17.125809,599617142665403327,153.00
2025-06-06 15:13:17.125809,599617142665403327,148.00
2025-06-06 15:13:17.125809,599617142665403327,111.00
2025-06-06 15:13:17.125809,599617142665403327,131.00
2025-06-06 15:13:17.125809,599617142665403327,119.00
2025-06-06 15:13:17.125809,599617142665403327,97.00
2025-06-06 15:13:17.125809,599617142665403327,155.00
2025-06-06 15:13:17.125809,599617142665403327,165.00
2025-06-06 15:13:17.125809,599617142665403327,80.00
2025-06-06 15:13:17.125809,599617142665403327,104.00
2025-06-06 15:13:17.125809,599617142665403327,163.00
2025-06-06 15:13:17.125809,599617142665403327,75.00
2025-06-06 15:13:17.125809,599617142665403327,2.00
2025-06-06 15:13:17.125809,599617142665403327,51.00
2025-06-06 15:13:17.125809,599617142665403327,99.00
2025-06-06 15:13:17.125809,599617142665403327,119.00
2025-06-06 15:13:17.125809,599617142665403327,133.00
2025-06-06 15:13:17.125809,599617142665403327,128.00
2025-06-06 15:13:17.125809,599617142665403327,124.00
2025-06-06 15:13:17.125809,599617142665403327,128.00
2025-06-06 15:13:17.125809,599617142665403327,107.00
2025-06-06 15:13:17.125809,599617142665403327,85.00
2025-06-06 15:13:17.125809,599617142665403327,109.00
2025-06-06 15:13:17.125809,599617142665403327,85.00
2025-06-06 15:13:17.125809,599617142665403327,48.00
2025-06-06 15:13:17.125809,599617142665403327,116.00
2025-06-06 15:13:17.125809,599617142665403327,153.00
2025-06-06 15:13:17.125809,599617142665403327,82.00
2025-06-06 15:13:17.125809,599617142665403327,-46.00
2025-06-06 15:13:17.125809,599617142665403327,-411.00
2025-06-06 15:13:17.125809,599617142665403327,-1026.00
2025-06-06 15:13:17.125809,599617142665403327,-1508.00
2025-06-06 15:13:17.125809,599617142665403327,-1413.00
2025-06-06 15:13:17.125809,599617142665403327,-625.00
2025-06-06 15:13:17.125809,599617142665403327,233.00
2025-06-06 15:13:17.125809,599617142665403327,364.00
2025-06-06 15:13:17.125809,599617142665403327,63.00
2025-06-06 15:13:17.125809,599617142665403327,65.00
2025-06-06 15:13:17.125809,599617142665403327,172.00
2025-06-06 15:13:17.125809,599617142665403327,111.00
2025-06-06 15:13:17.125809,599617142665403327,77.00
2025-06-06 15:13:17.125809,599617142665403327,53.00
2025-06-06 15:13:17.125809,599617142665403327,-12.00
2025-06-06 15:13:17.125809,599617142665403327,-12.00
2025-06-06 15:13:17.125809,599617142665403327,9.00
2025-06-06 15:13:17.125809,599617142665403327,-31.00
2025-06-06 15:13:17.125809,599617142665403327,-77.00
2025-06-06 15:13:17.125809,599617142665403327,-116.00
2025-06-06 15:13:17.125809,599617142665403327,-133.00
2025-06-06 15:13:17.125809,599617142665403327,-158.00
2025-06-06 15:13:17.125809,599617142665403327,-236.00
2025-06-06 15:13:17.125809,599617142665403327,-250.00
2025-06-06 15:13:17.125809,599617142665403327,-250.00
2025-06-06 15:13:17.125809,599617142665403327,-321.00
2025-06-06 15:13:17.125809,599617142665403327,-364.00
2025-06-06 15:13:17.125809,599617142665403327,-367.00
2025-06-06 15:13:17.125809,599617142665403327,-391.00
2025-06-06 15:13:17.125809,599617142665403327,-408.00
2025-06-06 15:13:17.125809,599617142665403327,-403.00
2025-06-06 15:13:17.125809,599617142665403327,-430.00
2025-06-06 15:13:17.125809,599617142665403327,-403.00
2025-06-06 15:13:17.125809,599617142665403327,-262.00
2025-06-06 15:13:17.125809,599617142665403327,-192.00
2025-06-06 15:13:17.125809,599617142665403327,-158.00
2025-06-06 15:13:17.125809,599617142665403327,-24.00
2025-06-06 15:13:17.125809,599617142665403327,90.00
2025-06-06 15:13:17.125809,599617142665403327,133.00
2025-06-06 15:13:17.125809,599617142665403327,180.00
2025-06-06 15:13:17.694444,599617143226161404,197.00
2025-06-06 15:13:17.694444,599617143226161404,204.00
2025-06-06 15:13:17.694444,599617143226161404,238.00
2025-06-06 15:13:17.694444,599617143226161404,255.00
2025-06-06 15:13:17.694444,599617143226161404,243.00
2025-06-06 15:13:17.694444,599617143226161404,218.00
2025-06-06 15:13:17.694444,599617143226161404,209.00
2025-06-06 15:13:17.694444,599617143226161404,201.00
2025-06-06 15:13:17.694444,599617143226161404,170.00
2025-06-06 15:13:17.694444,599617143226161404,165.00
2025-06-06 15:13:17.694444,599617143226161404,158.00
2025-06-06 15:13:17.694444,599617143226161404,107.00
2025-06-06 15:13:17.694444,599617143226161404,99.00
2025-06-06 15:13:17.694444,599617143226161404,160.00
2025-06-06 15:13:17.694444,599617143226161404,158.00
2025-06-06 15:13:17.694444,599617143226161404,104.00
2025-06-06 15:13:17.694444,599617143226161404,109.00
2025-06-06 15:13:17.694444,599617143226161404,128.00
2025-06-06 15:13:17.694444,599617143226161404,124.00
2025-06-06 15:13:17.694444,599617143226161404,119.00
2025-06-06 15:13:17.694444,599617143226161404,102.00
2025-06-06 15:13:17.694444,599617143226161404,94.00
2025-06-06 15:13:17.694444,599617143226161404,116.00
2025-06-06 15:13:17.694444,599617143226161404,92.00
2025-06-06 15:13:17.694444,599617143226161404,70.00
2025-06-06 15:13:17.694444,599617143226161404,128.00
2025-06-06 15:13:17.694444,599617143226161404,133.00
2025-06-06 15:13:17.694444,599617143226161404,60.00
2025-06-06 15:13:17.694444,599617143226161404,53.00
2025-06-06 15:13:17.694444,599617143226161404,80.00
2025-06-06 15:13:17.694444,599617143226161404,41.00
2025-06-06 15:13:17.694444,599617143226161404,14.00
2025-06-06 15:13:17.694444,599617143226161404,51.00
2025-06-06 15:13:17.694444,599617143226161404,58.00
2025-06-06 15:13:17.694444,599617143226161404,48.00
2025-06-06 15:13:17.694444,599617143226161404,94.00
2025-06-06 15:13:17.694444,599617143226161404,133.00
2025-06-06 15:13:17.694444,599617143226161404,87.00
2025-06-06 15:13:17.694444,599617143226161404,29.00
2025-06-06 15:13:17.694444,599617143226161404,31.00
2025-06-06 15:13:17.694444,599617143226161404,60.00
2025-06-06 15:13:17.694444,599617143226161404,60.00
2025-06-06 15:13:17.694444,599617143226161404,29.00
2025-06-06 15:13:17.694444,599617143226161404,21.00
2025-06-06 15:13:17.694444,599617143226161404,72.00
2025-06-06 15:13:17.694444,599617143226161404,70.00
2025-06-06 15:13:17.694444,599617143226161404,-75.00
2025-06-06 15:13:17.694444,599617143226161404,-428.00
2025-06-06 15:13:17.694444,599617143226161404,-985.00
2025-06-06 15:13:17.694444,599617143226161404,-1481.00
2025-06-06 15:13:17.694444,599617143226161404,-1520.00
2025-06-06 15:13:17.694444,599617143226161404,-883.00
2025-06-06 15:13:17.694444,599617143226161404,60.00
2025-06-06 15:13:17.694444,599617143226161404,406.00
2025-06-06 15:13:17.694444,599617143226161404,75.00
2025-06-06 15:13:17.694444,599617143226161404,-60.00
2025-06-06 15:13:17.694444,599617143226161404,68.00
2025-06-06 15:13:17.694444,599617143226161404,12.00
2025-06-06 15:13:17.694444,599617143226161404,-58.00
2025-06-06 15:13:17.694444,599617143226161404,-36.00
2025-06-06 15:13:17.694444,599617143226161404,-53.00
2025-06-06 15:13:17.694444,599617143226161404,-85.00
2025-06-06 15:13:17.694444,599617143226161404,-119.00
2025-06-06 15:13:17.694444,599617143226161404,-167.00
2025-06-06 15:13:17.694444,599617143226161404,-192.00
2025-06-06 15:13:17.694444,599617143226161404,-211.00
2025-06-06 15:13:17.694444,599617143226161404,-262.00
2025-06-06 15:13:17.694444,599617143226161404,-311.00
2025-06-06 15:13:17.694444,599617143226161404,-338.00
2025-06-06 15:13:17.694444,599617143226161404,-391.00
2025-06-06 15:13:17.694444,599617143226161404,-437.00
2025-06-06 15:13:17.694444,599617143226161404,-437.00
2025-06-06 15:13:17.694444,599617143226161404,-476.00
2025-06-06 15:13:18.264125,599617143786919483,-549.00
2025-06-06 15:13:18.264125,599617143786919483,-559.00
2025-06-06 15:13:18.264125,599617143786919483,-547.00
2025-06-06 15:13:18.264125,599617143786919483,-576.00
2025-06-06 15:13:18.264125,599617143786919483,-566.00
2025-06-06 15:13:18.264125,599617143786919483,-523.00
2025-06-06 15:13:18.264125,599617143786919483,-498.00
2025-06-06 15:13:18.264125,599617143786919483,-457.00
2025-06-06 15:13:18.264125,599617143786919483,-323.00
2025-06-06 15:13:18.264125,599617143786919483,-180.00
2025-06-06 15:13:18.264125,599617143786919483,-131.00
2025-06-06 15:13:18.264125,599617143786919483,-77.00
2025-06-06 15:13:18.264125,599617143786919483,26.00
2025-06-06 15:13:18.264125,599617143786919483,90.00
2025-06-06 15:13:18.264125,599617143786919483,85.00
2025-06-06 15:13:18.264125,599617143786919483,75.00
2025-06-06 15:13:18.264125,599617143786919483,114.00
2025-06-06 15:13:18.264125,599617143786919483,104.00
2025-06-06 15:13:18.264125,599617143786919483,24.00
2025-06-06 15:13:18.264125,599617143786919483,48.00
2025-06-06 15:13:18.264125,599617143786919483,109.00
2025-06-06 15:13:18.264125,599617143786919483,43.00
2025-06-06 15:13:18.264125,599617143786919483,-21.00
2025-06-06 15:13:18.264125,599617143786919483,-2.00
2025-06-06 15:13:18.264125,599617143786919483,2.00
2025-06-06 15:13:18.264125,599617143786919483,-29.00
2025-06-06 15:13:18.264125,599617143786919483,-34.00
2025-06-06 15:13:18.264125,599617143786919483,4.00
2025-06-06 15:13:18.264125,599617143786919483,-7.00
2025-06-06 15:13:18.264125,599617143786919483,-41.00
2025-06-06 15:13:18.264125,599617143786919483,-38.00
2025-06-06 15:13:18.264125,599617143786919483,-51.00
2025-06-06 15:13:18.264125,599617143786919483,-53.00
2025-06-06 15:13:18.264125,599617143786919483,-41.00
2025-06-06 15:13:18.264125,599617143786919483,-46.00
2025-06-06 15:13:18.264125,599617143786919483,-43.00
2025-06-06 15:13:18.264125,599617143786919483,-53.00
2025-06-06 15:13:18.264125,599617143786919483,-68.00
2025-06-06 15:13:18.264125,599617143786919483,-60.00
2025-06-06 15:13:18.264125,599617143786919483,-70.00
2025-06-06 15:13:18.264125,599617143786919483,-77.00
2025-06-06 15:13:18.264125,599617143786919483,-63.00
2025-06-06 15:13:18.264125,599617143786919483,-85.00
2025-06-06 15:13:18.264125,599617143786919483,-77.00
2025-06-06 15:13:18.264125,599617143786919483,-9.00
2025-06-06 15:13:18.264125,599617143786919483,-21.00
2025-06-06 15:13:18.264125,599617143786919483,-82.00
2025-06-06 15:13:18.264125,599617143786919483,-48.00
2025-06-06 15:13:18.264125,599617143786919483,7.00
2025-06-06 15:13:18.264125,599617143786919483,-4.00
2025-06-06 15:13:18.264125,599617143786919483,-24.00
2025-06-06 15:13:18.264125,599617143786919483,-48.00
2025-06-06 15:13:18.264125,599617143786919483,-58.00
2025-06-06 15:13:18.264125,599617143786919483,-7.00
2025-06-06 15:13:18.264125,599617143786919483,14.00
2025-06-06 15:13:18.264125,599617143786919483,-41.00
2025-06-06 15:13:18.264125,599617143786919483,-99.00
2025-06-06 15:13:18.264125,599617143786919483,-240.00
2025-06-06 15:13:18.264125,599617143786919483,-703.00
2025-06-06 15:13:18.264125,599617143786919483,-1279.00
2025-06-06 15:13:18.264125,599617143786919483,-1472.00
2025-06-06 15:13:18.264125,599617143786919483,-1104.00
2025-06-06 15:13:18.264125,599617143786919483,-299.00
2025-06-06 15:13:18.264125,599617143786919483,323.00
2025-06-06 15:13:18.264125,599617143786919483,192.00
2025-06-06 15:13:18.264125,599617143786919483,-136.00
2025-06-06 15:13:18.264125,599617143786919483,-43.00
2025-06-06 15:13:18.264125,599617143786919483,102.00
2025-06-06 15:13:18.264125,599617143786919483,0.00
2025-06-06 15:13:18.264125,599617143786919483,-124.00
2025-06-06 15:13:18.264125,599617143786919483,-116.00
2025-06-06 15:13:18.264125,599617143786919483,-58.00
2025-06-06 15:13:18.264125,599617143786919483,-102.00
2025-06-06 15:13:18.805278,599617144347677560,-172.00
2025-06-06 15:13:18.805278,599617144347677560,-170.00
2025-06-06 15:13:18.805278,599617144347677560,-187.00
2025-06-06 15:13:18.805278,599617144347677560,-248.00
2025-06-06 15:13:18.805278,599617144347677560,-282.00
2025-06-06 15:13:18.805278,599617144347677560,-313.00
2025-06-06 15:13:18.805278,599617144347677560,-345.00
2025-06-06 15:13:18.805278,599617144347677560,-340.00
2025-06-06 15:13:18.805278,599617144347677560,-384.00
2025-06-06 15:13:18.805278,599617144347677560,-457.00
2025-06-06 15:13:18.805278,599617144347677560,-472.00
2025-06-06 15:13:18.805278,599617144347677560,-474.00
2025-06-06 15:13:18.805278,599617144347677560,-496.00
2025-06-06 15:13:18.805278,599617144347677560,-493.00
2025-06-06 15:13:18.805278,599617144347677560,-489.00
2025-06-06 15:13:18.805278,599617144347677560,-484.00
2025-06-06 15:13:18.805278,599617144347677560,-437.00
2025-06-06 15:13:18.805278,599617144347677560,-362.00
2025-06-06 15:13:18.805278,599617144347677560,-267.00
2025-06-06 15:13:18.805278,599617144347677560,-136.00
2025-06-06 15:13:18.805278,599617144347677560,-4.00
2025-06-06 15:13:18.805278,599617144347677560,70.00
2025-06-06 15:13:18.805278,599617144347677560,114.00
2025-06-06 15:13:18.805278,599617144347677560,158.00
2025-06-06 15:13:18.805278,599617144347677560,199.00
2025-06-06 15:13:18.805278,599617144347677560,216.00
2025-06-06 15:13:18.805278,599617144347677560,209.00
2025-06-06 15:13:18.805278,599617144347677560,187.00
2025-06-06 15:13:18.805278,599617144347677560,199.00
2025-06-06 15:13:18.805278,599617144347677560,236.00
2025-06-06 15:13:18.805278,599617144347677560,206.00
2025-06-06 15:13:18.805278,599617144347677560,141.00
2025-06-06 15:13:18.805278,599617144347677560,136.00
2025-06-06 15:13:18.805278,599617144347677560,150.00
2025-06-06 15:13:18.805278,599617144347677560,136.00
2025-06-06 15:13:18.805278,599617144347677560,121.00
2025-06-06 15:13:18.805278,599617144347677560,109.00
2025-06-06 15:13:18.805278,599617144347677560,92.00
2025-06-06 15:13:18.805278,599617144347677560,92.00
2025-06-06 15:13:18.805278,599617144347677560,128.00
2025-06-06 15:13:18.805278,599617144347677560,143.00
2025-06-06 15:13:18.805278,599617144347677560,104.00
2025-06-06 15:13:18.805278,599617144347677560,97.00
2025-06-06 15:13:18.805278,599617144347677560,119.00
2025-06-06 15:13:18.805278,599617144347677560,114.00
2025-06-06 15:13:18.805278,599617144347677560,107.00
2025-06-06 15:13:18.805278,599617144347677560,114.00
2025-06-06 15:13:18.805278,599617144347677560,102.00
2025-06-06 15:13:18.805278,599617144347677560,77.00
2025-06-06 15:13:18.805278,599617144347677560,75.00
2025-06-06 15:13:18.805278,599617144347677560,90.00
2025-06-06 15:13:18.805278,599617144347677560,80.00
2025-06-06 15:13:18.805278,599617144347677560,48.00
2025-06-06 15:13:18.805278,599617144347677560,41.00
2025-06-06 15:13:18.805278,599617144347677560,80.00
2025-06-06 15:13:18.805278,599617144347677560,107.00
2025-06-06 15:13:18.805278,599617144347677560,102.00
2025-06-06 15:13:18.805278,599617144347677560,97.00
2025-06-06 15:13:18.805278,599617144347677560,90.00
2025-06-06 15:13:18.805278,599617144347677560,92.00
2025-06-06 15:13:18.805278,599617144347677560,111.00
2025-06-06 15:13:18.805278,599617144347677560,99.00
2025-06-06 15:13:18.805278,599617144347677560,68.00
2025-06-06 15:13:18.805278,599617144347677560,92.00
2025-06-06 15:13:18.805278,599617144347677560,133.00
2025-06-06 15:13:18.805278,599617144347677560,97.00
2025-06-06 15:13:18.805278,599617144347677560,48.00
2025-06-06 15:13:18.805278,599617144347677560,82.00
2025-06-06 15:13:18.805278,599617144347677560,75.00
2025-06-06 15:13:18.805278,599617144347677560,-216.00
2025-06-06 15:13:18.805278,599617144347677560,-776.00
2025-06-06 15:13:18.805278,599617144347677560,-1243.00
2025-06-06 15:13:18.805278,599617144347677560,-1313.00
2025-06-06 15:13:19.405503,599617144908420377,-861.00
2025-06-06 15:13:19.405503,599617144908420377,-29.00
2025-06-06 15:13:19.405503,599617144908420377,442.00
2025-06-06 15:13:19.405503,599617144908420377,199.00
2025-06-06 15:13:19.405503,599617144908420377,-19.00
2025-06-06 15:13:19.405503,599617144908420377,119.00
2025-06-06 15:13:19.405503,599617144908420377,138.00
2025-06-06 15:13:19.405503,599617144908420377,21.00
2025-06-06 15:13:19.405503,599617144908420377,43.00
2025-06-06 15:13:19.405503,599617144908420377,70.00
2025-06-06 15:13:19.405503,599617144908420377,-2.00
2025-06-06 15:13:19.405503,599617144908420377,-26.00
2025-06-06 15:13:19.405503,599617144908420377,0.00
2025-06-06 15:13:19.405503,599617144908420377,-46.00
2025-06-06 15:13:19.405503,599617144908420377,-90.00
2025-06-06 15:13:19.405503,599617144908420377,-77.00
2025-06-06 15:13:19.405503,599617144908420377,-136.00
2025-06-06 15:13:19.405503,599617144908420377,-216.00
2025-06-06 15:13:19.405503,599617144908420377,-216.00
2025-06-06 15:13:19.405503,599617144908420377,-265.00
2025-06-06 15:13:19.405503,599617144908420377,-328.00
2025-06-06 15:13:19.405503,599617144908420377,-309.00
2025-06-06 15:13:19.405503,599617144908420377,-338.00
2025-06-06 15:13:19.405503,599617144908420377,-401.00
2025-06-06 15:13:19.405503,599617144908420377,-399.00
2025-06-06 15:13:19.405503,599617144908420377,-386.00
2025-06-06 15:13:19.405503,599617144908420377,-418.00
2025-06-06 15:13:19.405503,599617144908420377,-437.00
2025-06-06 15:13:19.405503,599617144908420377,-369.00
2025-06-06 15:13:19.405503,599617144908420377,-245.00
2025-06-06 15:13:19.405503,599617144908420377,-153.00
2025-06-06 15:13:19.405503,599617144908420377,-51.00
2025-06-06 15:13:19.405503,599617144908420377,80.00
2025-06-06 15:13:19.405503,599617144908420377,165.00
2025-06-06 15:13:19.405503,599617144908420377,194.00
2025-06-06 15:13:19.405503,599617144908420377,209.00
2025-06-06 15:13:19.405503,599617144908420377,233.00
2025-06-06 15:13:19.405503,599617144908420377,262.00
2025-06-06 15:13:19.405503,599617144908420377,265.00
2025-06-06 15:13:19.405503,599617144908420377,245.00
2025-06-06 15:13:19.405503,599617144908420377,233.00
2025-06-06 15:13:19.405503,599617144908420377,236.00
2025-06-06 15:13:19.405503,599617144908420377,238.00
2025-06-06 15:13:19.405503,599617144908420377,221.00
2025-06-06 15:13:19.405503,599617144908420377,187.00
2025-06-06 15:13:19.405503,599617144908420377,177.00
2025-06-06 15:13:19.405503,599617144908420377,187.00
2025-06-06 15:13:19.405503,599617144908420377,150.00
2025-06-06 15:13:19.405503,599617144908420377,107.00
2025-06-06 15:13:19.405503,599617144908420377,128.00
2025-06-06 15:13:19.405503,599617144908420377,163.00
2025-06-06 15:13:19.405503,599617144908420377,163.00
2025-06-06 15:13:19.405503,599617144908420377,141.00
2025-06-06 15:13:19.405503,599617144908420377,138.00
2025-06-06 15:13:19.405503,599617144908420377,148.00
2025-06-06 15:13:19.405503,599617144908420377,131.00
2025-06-06 15:13:19.405503,599617144908420377,136.00
2025-06-06 15:13:19.405503,599617144908420377,167.00
2025-06-06 15:13:19.405503,599617144908420377,148.00
2025-06-06 15:13:19.405503,599617144908420377,102.00
2025-06-06 15:13:19.405503,599617144908420377,111.00
2025-06-06 15:13:19.405503,599617144908420377,133.00
2025-06-06 15:13:19.405503,599617144908420377,148.00
2025-06-06 15:13:19.405503,599617144908420377,167.00
2025-06-06 15:13:19.405503,599617144908420377,119.00
2025-06-06 15:13:19.405503,599617144908420377,75.00
2025-06-06 15:13:19.405503,599617144908420377,111.00
2025-06-06 15:13:19.405503,599617144908420377,107.00
2025-06-06 15:13:19.405503,599617144908420377,72.00
2025-06-06 15:13:19.405503,599617144908420377,121.00
2025-06-06 15:13:19.405503,599617144908420377,136.00
2025-06-06 15:13:19.405503,599617144908420377,34.00
2025-06-06 15:13:19.405503,599617144908420377,53.00
2025-06-06 15:13:19.914687,599617145469183540,163.00
2025-06-06 15:13:19.914687,599617145469183540,136.00
2025-06-06 15:13:19.914687,599617145469183540,109.00
2025-06-06 15:13:19.914687,599617145469183540,158.00
2025-06-06 15:13:19.914687,599617145469183540,131.00
2025-06-06 15:13:19.914687,599617145469183540,82.00
2025-06-06 15:13:19.914687,599617145469183540,133.00
2025-06-06 15:13:19.914687,599617145469183540,180.00
2025-06-06 15:13:19.914687,599617145469183540,114.00
2025-06-06 15:13:19.914687,599617145469183540,75.00
2025-06-06 15:13:19.914687,599617145469183540,128.00
2025-06-06 15:13:19.914687,599617145469183540,-58.00
2025-06-06 15:13:19.914687,599617145469183540,-579.00
2025-06-06 15:13:19.914687,599617145469183540,-1029.00
2025-06-06 15:13:19.914687,599617145469183540,-1236.00
2025-06-06 15:13:19.914687,599617145469183540,-1043.00
2025-06-06 15:13:19.914687,599617145469183540,-318.00
2025-06-06 15:13:19.914687,599617145469183540,333.00
2025-06-06 15:13:19.914687,599617145469183540,309.00
2025-06-06 15:13:19.914687,599617145469183540,48.00
2025-06-06 15:13:19.914687,599617145469183540,77.00
2025-06-06 15:13:19.914687,599617145469183540,163.00
2025-06-06 15:13:19.914687,599617145469183540,102.00
2025-06-06 15:13:19.914687,599617145469183540,46.00
2025-06-06 15:13:19.914687,599617145469183540,46.00
2025-06-06 15:13:19.914687,599617145469183540,51.00
2025-06-06 15:13:19.914687,599617145469183540,24.00
2025-06-06 15:13:19.914687,599617145469183540,-9.00
2025-06-06 15:13:19.914687,599617145469183540,-36.00
2025-06-06 15:13:19.914687,599617145469183540,-63.00
2025-06-06 15:13:19.914687,599617145469183540,-94.00
2025-06-06 15:13:19.914687,599617145469183540,-119.00
2025-06-06 15:13:19.914687,599617145469183540,-148.00
2025-06-06 15:13:19.914687,599617145469183540,-192.00
2025-06-06 15:13:19.914687,599617145469183540,-238.00
2025-06-06 15:13:19.914687,599617145469183540,-277.00
2025-06-06 15:13:19.914687,599617145469183540,-306.00
2025-06-06 15:13:19.914687,599617145469183540,-338.00
2025-06-06 15:13:19.914687,599617145469183540,-374.00
2025-06-06 15:13:19.914687,599617145469183540,-399.00
2025-06-06 15:13:19.914687,599617145469183540,-408.00
2025-06-06 15:13:19.914687,599617145469183540,-413.00
2025-06-06 15:13:19.914687,599617145469183540,-406.00
2025-06-06 15:13:19.914687,599617145469183540,-374.00
2025-06-06 15:13:19.914687,599617145469183540,-306.00
2025-06-06 15:13:19.914687,599617145469183540,-209.00
2025-06-06 15:13:19.914687,599617145469183540,-97.00
2025-06-06 15:13:19.914687,599617145469183540,14.00
2025-06-06 15:13:19.914687,599617145469183540,107.00
2025-06-06 15:13:19.914687,599617145469183540,172.00
2025-06-06 15:13:19.914687,599617145469183540,221.00
2025-06-06 15:13:19.914687,599617145469183540,250.00
2025-06-06 15:13:19.914687,599617145469183540,260.00
2025-06-06 15:13:19.914687,599617145469183540,260.00
2025-06-06 15:13:19.914687,599617145469183540,255.00
2025-06-06 15:13:19.914687,599617145469183540,243.00
2025-06-06 15:13:19.914687,599617145469183540,231.00
2025-06-06 15:13:19.914687,599617145469183540,218.00
2025-06-06 15:13:19.914687,599617145469183540,199.00
2025-06-06 15:13:19.914687,599617145469183540,182.00
2025-06-06 15:13:19.914687,599617145469183540,180.00
2025-06-06 15:13:19.914687,599617145469183540,167.00
2025-06-06 15:13:19.914687,599617145469183540,143.00
2025-06-06 15:13:19.914687,599617145469183540,138.00
2025-06-06 15:13:19.914687,599617145469183540,145.00
2025-06-06 15:13:19.914687,599617145469183540,133.00
2025-06-06 15:13:19.914687,599617145469183540,114.00
2025-06-06 15:13:19.914687,599617145469183540,114.00
2025-06-06 15:13:19.914687,599617145469183540,114.00
2025-06-06 15:13:19.914687,599617145469183540,107.00
2025-06-06 15:13:19.914687,599617145469183540,104.00
2025-06-06 15:13:19.914687,599617145469183540,102.00
2025-06-06 15:13:19.914687,599617145469183540,99.00
2025-06-06 15:13:20.488877,599617146029921273,92.00
2025-06-06 15:13:20.488877,599617146029921273,87.00
2025-06-06 15:13:20.488877,599617146029921273,90.00
2025-06-06 15:13:20.488877,599617146029921273,90.00
2025-06-06 15:13:20.488877,599617146029921273,80.00
2025-06-06 15:13:20.488877,599617146029921273,60.00
2025-06-06 15:13:20.488877,599617146029921273,48.00
2025-06-06 15:13:20.488877,599617146029921273,55.00
2025-06-06 15:13:20.488877,599617146029921273,48.00
2025-06-06 15:13:20.488877,599617146029921273,21.00
2025-06-06 15:13:20.488877,599617146029921273,12.00
2025-06-06 15:13:20.488877,599617146029921273,21.00
2025-06-06 15:13:20.488877,599617146029921273,7.00
2025-06-06 15:13:20.488877,599617146029921273,-31.00
2025-06-06 15:13:20.488877,599617146029921273,-41.00
2025-06-06 15:13:20.488877,599617146029921273,-17.00
2025-06-06 15:13:20.488877,599617146029921273,14.00
2025-06-06 15:13:20.488877,599617146029921273,21.00
2025-06-06 15:13:20.488877,599617146029921273,17.00
2025-06-06 15:13:20.488877,599617146029921273,9.00
2025-06-06 15:13:20.488877,599617146029921273,-2.00
2025-06-06 15:13:20.488877,599617146029921273,-26.00
2025-06-06 15:13:20.488877,599617146029921273,-36.00
2025-06-06 15:13:20.488877,599617146029921273,-31.00
2025-06-06 15:13:20.488877,599617146029921273,-38.00
2025-06-06 15:13:20.488877,599617146029921273,-48.00
2025-06-06 15:13:20.488877,599617146029921273,-48.00
2025-06-06 15:13:20.488877,599617146029921273,-48.00
2025-06-06 15:13:20.488877,599617146029921273,-55.00
2025-06-06 15:13:20.488877,599617146029921273,-172.00
2025-06-06 15:13:20.488877,599617146029921273,-562.00
2025-06-06 15:13:20.488877,599617146029921273,-1087.00
2025-06-06 15:13:20.488877,599617146029921273,-1464.00
2025-06-06 15:13:20.488877,599617146029921273,-1430.00
2025-06-06 15:13:20.488877,599617146029921273,-798.00
2025-06-06 15:13:20.488877,599617146029921273,19.00
2025-06-06 15:13:20.488877,599617146029921273,199.00
2025-06-06 15:13:20.488877,599617146029921273,-126.00
2025-06-06 15:13:20.488877,599617146029921273,-153.00
2025-06-06 15:13:20.488877,599617146029921273,7.00
2025-06-06 15:13:20.488877,599617146029921273,-58.00
2025-06-06 15:13:20.488877,599617146029921273,-131.00
2025-06-06 15:13:20.488877,599617146029921273,-102.00
2025-06-06 15:13:20.488877,599617146029921273,-126.00
2025-06-06 15:13:20.488877,599617146029921273,-175.00
2025-06-06 15:13:20.488877,599617146029921273,-189.00
2025-06-06 15:13:20.488877,599617146029921273,-211.00
2025-06-06 15:13:20.488877,599617146029921273,-243.00
2025-06-06 15:13:20.488877,599617146029921273,-267.00
2025-06-06 15:13:20.488877,599617146029921273,-299.00
2025-06-06 15:13:20.488877,599617146029921273,-335.00
2025-06-06 15:13:20.488877,599617146029921273,-362.00
2025-06-06 15:13:20.488877,599617146029921273,-396.00
2025-06-06 15:13:20.488877,599617146029921273,-437.00
2025-06-06 15:13:20.488877,599617146029921273,-472.00
2025-06-06 15:13:20.488877,599617146029921273,-501.00
2025-06-06 15:13:20.488877,599617146029921273,-530.00
2025-06-06 15:13:20.488877,599617146029921273,-554.00
2025-06-06 15:13:20.488877,599617146029921273,-566.00
2025-06-06 15:13:20.488877,599617146029921273,-569.00
2025-06-06 15:13:20.488877,599617146029921273,-562.00
2025-06-06 15:13:20.488877,599617146029921273,-540.00
2025-06-06 15:13:20.488877,599617146029921273,-486.00
2025-06-06 15:13:20.488877,599617146029921273,-399.00
2025-06-06 15:13:20.488877,599617146029921273,-291.00
2025-06-06 15:13:20.488877,599617146029921273,-184.00
2025-06-06 15:13:20.488877,599617146029921273,-85.00
2025-06-06 15:13:20.488877,599617146029921273,-7.00
2025-06-06 15:13:20.488877,599617146029921273,48.00
2025-06-06 15:13:20.488877,599617146029921273,85.00
2025-06-06 15:13:20.488877,599617146029921273,107.00
2025-06-06 15:13:20.488877,599617146029921273,116.00
2025-06-06 15:13:20.488877,599617146029921273,116.00
2025-06-06 15:13:21.027752,599617146590679350,109.00
2025-06-06 15:13:21.027752,599617146590679350,94.00
2025-06-06 15:13:21.027752,599617146590679350,85.00
2025-06-06 15:13:21.027752,599617146590679350,87.00
2025-06-06 15:13:21.027752,599617146590679350,82.00
2025-06-06 15:13:21.027752,599617146590679350,68.00
2025-06-06 15:13:21.027752,599617146590679350,55.00
2025-06-06 15:13:21.027752,599617146590679350,48.00
2025-06-06 15:13:21.027752,599617146590679350,46.00
2025-06-06 15:13:21.027752,599617146590679350,41.00
2025-06-06 15:13:21.027752,599617146590679350,36.00
2025-06-06 15:13:21.027752,599617146590679350,36.00
2025-06-06 15:13:21.027752,599617146590679350,41.00
2025-06-06 15:13:21.027752,599617146590679350,41.00
2025-06-06 15:13:21.027752,599617146590679350,41.00
2025-06-06 15:13:21.027752,599617146590679350,46.00
2025-06-06 15:13:21.027752,599617146590679350,53.00
2025-06-06 15:13:21.027752,599617146590679350,53.00
2025-06-06 15:13:21.027752,599617146590679350,53.00
2025-06-06 15:13:21.027752,599617146590679350,60.00
2025-06-06 15:13:21.027752,599617146590679350,68.00
2025-06-06 15:13:21.027752,599617146590679350,72.00
2025-06-06 15:13:21.027752,599617146590679350,82.00
2025-06-06 15:13:21.027752,599617146590679350,85.00
2025-06-06 15:13:21.027752,599617146590679350,75.00
2025-06-06 15:13:21.027752,599617146590679350,70.00
2025-06-06 15:13:21.027752,599617146590679350,77.00
2025-06-06 15:13:21.027752,599617146590679350,85.00
2025-06-06 15:13:21.027752,599617146590679350,70.00
2025-06-06 15:13:21.027752,599617146590679350,36.00
2025-06-06 15:13:21.027752,599617146590679350,26.00
2025-06-06 15:13:21.027752,599617146590679350,41.00
2025-06-06 15:13:21.027752,599617146590679350,36.00
2025-06-06 15:13:21.027752,599617146590679350,4.00
2025-06-06 15:13:21.027752,599617146590679350,0.00
2025-06-06 15:13:21.027752,599617146590679350,34.00
2025-06-06 15:13:21.027752,599617146590679350,55.00
2025-06-06 15:13:21.027752,599617146590679350,34.00
2025-06-06 15:13:21.027752,599617146590679350,43.00
2025-06-06 15:13:21.027752,599617146590679350,99.00
2025-06-06 15:13:21.027752,599617146590679350,94.00
2025-06-06 15:13:21.027752,599617146590679350,65.00
2025-06-06 15:13:21.027752,599617146590679350,75.00
2025-06-06 15:13:21.027752,599617146590679350,68.00
2025-06-06 15:13:21.027752,599617146590679350,36.00
2025-06-06 15:13:21.027752,599617146590679350,36.00
2025-06-06 15:13:21.027752,599617146590679350,41.00
2025-06-06 15:13:21.027752,599617146590679350,60.00
2025-06-06 15:13:21.027752,599617146590679350,102.00
2025-06-06 15:13:21.027752,599617146590679350,-24.00
2025-06-06 15:13:21.027752,599617146590679350,-452.00
2025-06-06 15:13:21.027752,599617146590679350,-968.00
2025-06-06 15:13:21.027752,599617146590679350,-1301.00
2025-06-06 15:13:21.027752,599617146590679350,-1221.00
2025-06-06 15:13:21.027752,599617146590679350,-564.00
2025-06-06 15:13:21.027752,599617146590679350,197.00
2025-06-06 15:13:21.027752,599617146590679350,326.00
2025-06-06 15:13:21.027752,599617146590679350,41.00
2025-06-06 15:13:21.027752,599617146590679350,36.00
2025-06-06 15:13:21.027752,599617146590679350,155.00
2025-06-06 15:13:21.027752,599617146590679350,87.00
2025-06-06 15:13:21.027752,599617146590679350,31.00
2025-06-06 15:13:21.027752,599617146590679350,58.00
2025-06-06 15:13:21.027752,599617146590679350,38.00
2025-06-06 15:13:21.027752,599617146590679350,-4.00
2025-06-06 15:13:21.027752,599617146590679350,-34.00
2025-06-06 15:13:21.027752,599617146590679350,-63.00
2025-06-06 15:13:21.027752,599617146590679350,-65.00
2025-06-06 15:13:21.027752,599617146590679350,-72.00
2025-06-06 15:13:21.027752,599617146590679350,-131.00
2025-06-06 15:13:21.027752,599617146590679350,-180.00
2025-06-06 15:13:21.027752,599617146590679350,-187.00
2025-06-06 15:13:21.027752,599617146590679350,-209.00
2025-06-06 15:13:21.627028,599617147151437429,-260.00
2025-06-06 15:13:21.627028,599617147151437429,-299.00
2025-06-06 15:13:21.627028,599617147151437429,-333.00
2025-06-06 15:13:21.627028,599617147151437429,-357.00
2025-06-06 15:13:21.627028,599617147151437429,-369.00
2025-06-06 15:13:21.627028,599617147151437429,-386.00
2025-06-06 15:13:21.627028,599617147151437429,-401.00
2025-06-06 15:13:21.627028,599617147151437429,-394.00
2025-06-06 15:13:21.627028,599617147151437429,-367.00
2025-06-06 15:13:21.627028,599617147151437429,-323.00
2025-06-06 15:13:21.627028,599617147151437429,-245.00
2025-06-06 15:13:21.627028,599617147151437429,-145.00
2025-06-06 15:13:21.627028,599617147151437429,-43.00
2025-06-06 15:13:21.627028,599617147151437429,43.00
2025-06-06 15:13:21.627028,599617147151437429,114.00
2025-06-06 15:13:21.627028,599617147151437429,172.00
2025-06-06 15:13:21.627028,599617147151437429,211.00
2025-06-06 15:13:21.627028,599617147151437429,226.00
2025-06-06 15:13:21.627028,599617147151437429,233.00
2025-06-06 15:13:21.627028,599617147151437429,238.00
2025-06-06 15:13:21.627028,599617147151437429,226.00
2025-06-06 15:13:21.627028,599617147151437429,211.00
2025-06-06 15:13:21.627028,599617147151437429,199.00
2025-06-06 15:13:21.627028,599617147151437429,187.00
2025-06-06 15:13:21.627028,599617147151437429,177.00
2025-06-06 15:13:21.627028,599617147151437429,170.00
2025-06-06 15:13:21.627028,599617147151437429,160.00
2025-06-06 15:13:21.627028,599617147151437429,150.00
2025-06-06 15:13:21.627028,599617147151437429,141.00
2025-06-06 15:13:21.627028,599617147151437429,133.00
2025-06-06 15:13:21.627028,599617147151437429,133.00
2025-06-06 15:13:21.627028,599617147151437429,133.00
2025-06-06 15:13:21.627028,599617147151437429,128.00
2025-06-06 15:13:21.627028,599617147151437429,126.00
2025-06-06 15:13:21.627028,599617147151437429,124.00
2025-06-06 15:13:21.627028,599617147151437429,124.00
2025-06-06 15:13:21.627028,599617147151437429,126.00
2025-06-06 15:13:21.627028,599617147151437429,128.00
2025-06-06 15:13:21.627028,599617147151437429,126.00
2025-06-06 15:13:21.627028,599617147151437429,119.00
2025-06-06 15:13:21.627028,599617147151437429,119.00
2025-06-06 15:13:21.627028,599617147151437429,121.00
2025-06-06 15:13:21.627028,599617147151437429,121.00
2025-06-06 15:13:21.627028,599617147151437429,116.00
2025-06-06 15:13:21.627028,599617147151437429,111.00
2025-06-06 15:13:21.627028,599617147151437429,104.00
2025-06-06 15:13:21.627028,599617147151437429,102.00
2025-06-06 15:13:21.627028,599617147151437429,102.00
2025-06-06 15:13:21.627028,599617147151437429,92.00
2025-06-06 15:13:21.627028,599617147151437429,72.00
2025-06-06 15:13:21.627028,599617147151437429,51.00
2025-06-06 15:13:21.627028,599617147151437429,58.00
2025-06-06 15:13:21.627028,599617147151437429,60.00
2025-06-06 15:13:21.627028,599617147151437429,29.00
2025-06-06 15:13:21.627028,599617147151437429,-2.00
2025-06-06 15:13:21.627028,599617147151437429,14.00
2025-06-06 15:13:21.627028,599617147151437429,51.00
2025-06-06 15:13:21.627028,599617147151437429,68.00
2025-06-06 15:13:21.627028,599617147151437429,63.00
2025-06-06 15:13:21.627028,599617147151437429,65.00
2025-06-06 15:13:21.627028,599617147151437429,65.00
2025-06-06 15:13:21.627028,599617147151437429,48.00
2025-06-06 15:13:21.627028,599617147151437429,41.00
2025-06-06 15:13:21.627028,599617147151437429,51.00
2025-06-06 15:13:21.627028,599617147151437429,53.00
2025-06-06 15:13:21.627028,599617147151437429,41.00
2025-06-06 15:13:21.627028,599617147151437429,36.00
2025-06-06 15:13:21.627028,599617147151437429,38.00
2025-06-06 15:13:21.627028,599617147151437429,46.00
2025-06-06 15:13:21.627028,599617147151437429,-12.00
2025-06-06 15:13:21.627028,599617147151437429,-311.00
2025-06-06 15:13:21.627028,599617147151437429,-854.00
2025-06-06 15:13:21.627028,599617147151437429,-1343.00
2025-06-06 15:13:22.196401,599617147712195506,-1462.00
2025-06-06 15:13:22.196401,599617147712195506,-953.00
2025-06-06 15:13:22.196401,599617147712195506,-26.00
2025-06-06 15:13:22.196401,599617147712195506,384.00
2025-06-06 15:13:22.196401,599617147712195506,58.00
2025-06-06 15:13:22.196401,599617147712195506,-77.00
2025-06-06 15:13:22.196401,599617147712195506,121.00
2025-06-06 15:13:22.196401,599617147712195506,99.00
2025-06-06 15:13:22.196401,599617147712195506,-2.00
2025-06-06 15:13:22.196401,599617147712195506,29.00
2025-06-06 15:13:22.196401,599617147712195506,24.00
2025-06-06 15:13:22.196401,599617147712195506,-36.00
2025-06-06 15:13:22.196401,599617147712195506,-53.00
2025-06-06 15:13:22.196401,599617147712195506,-65.00
2025-06-06 15:13:22.196401,599617147712195506,-104.00
2025-06-06 15:13:22.196401,599617147712195506,-128.00
2025-06-06 15:13:22.196401,599617147712195506,-150.00
2025-06-06 15:13:22.196401,599617147712195506,-187.00
2025-06-06 15:13:22.196401,599617147712195506,-214.00
2025-06-06 15:13:22.196401,599617147712195506,-240.00
2025-06-06 15:13:22.196401,599617147712195506,-277.00
2025-06-06 15:13:22.196401,599617147712195506,-306.00
2025-06-06 15:13:22.196401,599617147712195506,-333.00
2025-06-06 15:13:22.196401,599617147712195506,-360.00
2025-06-06 15:13:22.196401,599617147712195506,-374.00
2025-06-06 15:13:22.196401,599617147712195506,-379.00
2025-06-06 15:13:22.196401,599617147712195506,-382.00
2025-06-06 15:13:22.196401,599617147712195506,-379.00
2025-06-06 15:13:22.196401,599617147712195506,-369.00
2025-06-06 15:13:22.196401,599617147712195506,-335.00
2025-06-06 15:13:22.196401,599617147712195506,-277.00
2025-06-06 15:13:22.196401,599617147712195506,-199.00
2025-06-06 15:13:22.196401,599617147712195506,-119.00
2025-06-06 15:13:22.196401,599617147712195506,-31.00
2025-06-06 15:13:22.196401,599617147712195506,53.00
2025-06-06 15:13:22.196401,599617147712195506,119.00
2025-06-06 15:13:22.196401,599617147712195506,158.00
2025-06-06 15:13:22.196401,599617147712195506,184.00
2025-06-06 15:13:22.196401,599617147712195506,194.00
2025-06-06 15:13:22.196401,599617147712195506,197.00
2025-06-06 15:13:22.196401,599617147712195506,201.00
2025-06-06 15:13:22.196401,599617147712195506,194.00
2025-06-06 15:13:22.196401,599617147712195506,177.00
2025-06-06 15:13:22.196401,599617147712195506,167.00
2025-06-06 15:13:22.196401,599617147712195506,158.00
2025-06-06 15:13:22.196401,599617147712195506,143.00
2025-06-06 15:13:22.196401,599617147712195506,133.00
2025-06-06 15:13:22.196401,599617147712195506,126.00
2025-06-06 15:13:22.196401,599617147712195506,121.00
2025-06-06 15:13:22.196401,599617147712195506,121.00
2025-06-06 15:13:22.196401,599617147712195506,114.00
2025-06-06 15:13:22.196401,599617147712195506,107.00
2025-06-06 15:13:22.196401,599617147712195506,109.00
2025-06-06 15:13:22.196401,599617147712195506,116.00
2025-06-06 15:13:22.196401,599617147712195506,109.00
2025-06-06 15:13:22.196401,599617147712195506,104.00
2025-06-06 15:13:22.196401,599617147712195506,109.00
2025-06-06 15:13:22.196401,599617147712195506,111.00
2025-06-06 15:13:22.196401,599617147712195506,107.00
2025-06-06 15:13:22.196401,599617147712195506,109.00
2025-06-06 15:13:22.196401,599617147712195506,111.00
2025-06-06 15:13:22.196401,599617147712195506,111.00
2025-06-06 15:13:22.196401,599617147712195506,109.00
2025-06-06 15:13:22.196401,599617147712195506,104.00
2025-06-06 15:13:22.196401,599617147712195506,102.00
2025-06-06 15:13:22.196401,599617147712195506,102.00
2025-06-06 15:13:22.196401,599617147712195506,94.00
2025-06-06 15:13:22.196401,599617147712195506,90.00
2025-06-06 15:13:22.196401,599617147712195506,85.00
2025-06-06 15:13:22.196401,599617147712195506,70.00
2025-06-06 15:13:22.196401,599617147712195506,53.00
2025-06-06 15:13:22.196401,599617147712195506,58.00
2025-06-06 15:13:22.196401,599617147712195506,53.00
2025-06-06 15:13:22.735778,599617148272938323,19.00
2025-06-06 15:13:22.735778,599617148272938323,2.00
2025-06-06 15:13:22.735778,599617148272938323,34.00
2025-06-06 15:13:22.735778,599617148272938323,70.00
2025-06-06 15:13:22.735778,599617148272938323,70.00
2025-06-06 15:13:22.735778,599617148272938323,65.00
2025-06-06 15:13:22.735778,599617148272938323,70.00
2025-06-06 15:13:22.735778,599617148272938323,68.00
2025-06-06 15:13:22.735778,599617148272938323,70.00
2025-06-06 15:13:22.735778,599617148272938323,77.00
2025-06-06 15:13:22.735778,599617148272938323,77.00
2025-06-06 15:13:22.735778,599617148272938323,72.00
2025-06-06 15:13:22.735778,599617148272938323,72.00
2025-06-06 15:13:22.735778,599617148272938323,68.00
2025-06-06 15:13:22.735778,599617148272938323,68.00
2025-06-06 15:13:22.735778,599617148272938323,65.00
2025-06-06 15:13:22.735778,599617148272938323,-94.00
2025-06-06 15:13:22.735778,599617148272938323,-554.00
2025-06-06 15:13:22.735778,599617148272938323,-1133.00
2025-06-06 15:13:22.735778,599617148272938323,-1525.00
2025-06-06 15:13:22.735778,599617148272938323,-1369.00
2025-06-06 15:13:22.735778,599617148272938323,-469.00
2025-06-06 15:13:22.735778,599617148272938323,374.00
2025-06-06 15:13:22.735778,599617148272938323,284.00
2025-06-06 15:13:22.735778,599617148272938323,-75.00
2025-06-06 15:13:22.735778,599617148272938323,51.00
2025-06-06 15:13:22.735778,599617148272938323,177.00
2025-06-06 15:13:22.735778,599617148272938323,60.00
2025-06-06 15:13:22.735778,599617148272938323,34.00
2025-06-06 15:13:22.735778,599617148272938323,63.00
2025-06-06 15:13:22.735778,599617148272938323,14.00
2025-06-06 15:13:22.735778,599617148272938323,-19.00
2025-06-06 15:13:22.735778,599617148272938323,-21.00
2025-06-06 15:13:22.735778,599617148272938323,-53.00
2025-06-06 15:13:22.735778,599617148272938323,-90.00
2025-06-06 15:13:22.735778,599617148272938323,-111.00
2025-06-06 15:13:22.735778,599617148272938323,-133.00
2025-06-06 15:13:22.735778,599617148272938323,-160.00
2025-06-06 15:13:22.735778,599617148272938323,-187.00
2025-06-06 15:13:22.735778,599617148272938323,-214.00
2025-06-06 15:13:22.735778,599617148272938323,-245.00
2025-06-06 15:13:22.735778,599617148272938323,-267.00
2025-06-06 15:13:22.735778,599617148272938323,-287.00
2025-06-06 15:13:22.735778,599617148272938323,-306.00
2025-06-06 15:13:22.735778,599617148272938323,-318.00
2025-06-06 15:13:22.735778,599617148272938323,-323.00
2025-06-06 15:13:22.735778,599617148272938323,-321.00
2025-06-06 15:13:22.735778,599617148272938323,-313.00
2025-06-06 15:13:22.735778,599617148272938323,-299.00
2025-06-06 15:13:22.735778,599617148272938323,-265.00
2025-06-06 15:13:22.735778,599617148272938323,-201.00
2025-06-06 15:13:22.735778,599617148272938323,-126.00
2025-06-06 15:13:22.735778,599617148272938323,-53.00
2025-06-06 15:13:22.735778,599617148272938323,9.00
2025-06-06 15:13:22.735778,599617148272938323,55.00
2025-06-06 15:13:22.735778,599617148272938323,107.00
2025-06-06 15:13:22.735778,599617148272938323,153.00
2025-06-06 15:13:22.735778,599617148272938323,177.00
2025-06-06 15:13:22.735778,599617148272938323,187.00
2025-06-06 15:13:22.735778,599617148272938323,170.00
2025-06-06 15:13:22.735778,599617148272938323,133.00
2025-06-06 15:13:22.735778,599617148272938323,72.00
2025-06-06 15:13:22.735778,599617148272938323,-38.00
2025-06-06 15:13:22.735778,599617148272938323,-92.00
2025-06-06 15:13:22.735778,599617148272938323,14.00
2025-06-06 15:13:22.735778,599617148272938323,121.00
2025-06-06 15:13:22.735778,599617148272938323,114.00
2025-06-06 15:13:22.735778,599617148272938323,60.00
2025-06-06 15:13:22.735778,599617148272938323,14.00
2025-06-06 15:13:22.735778,599617148272938323,36.00
2025-06-06 15:13:22.735778,599617148272938323,90.00
2025-06-06 15:13:22.735778,599617148272938323,92.00
2025-06-06 15:13:22.735778,599617148272938323,75.00
2025-06-06 15:13:23.275018,599617148833681142,58.00
2025-06-06 15:13:23.275018,599617148833681142,14.00
2025-06-06 15:13:23.275018,599617148833681142,-38.00
2025-06-06 15:13:23.275018,599617148833681142,-60.00
2025-06-06 15:13:23.275018,599617148833681142,-31.00
2025-06-06 15:13:23.275018,599617148833681142,7.00
2025-06-06 15:13:23.275018,599617148833681142,26.00
2025-06-06 15:13:23.275018,599617148833681142,26.00
2025-06-06 15:13:23.275018,599617148833681142,34.00
2025-06-06 15:13:23.275018,599617148833681142,72.00
2025-06-06 15:13:23.275018,599617148833681142,119.00
2025-06-06 15:13:23.275018,599617148833681142,128.00
2025-06-06 15:13:23.275018,599617148833681142,124.00
2025-06-06 15:13:23.275018,599617148833681142,126.00
2025-06-06 15:13:23.275018,599617148833681142,111.00
2025-06-06 15:13:23.275018,599617148833681142,99.00
2025-06-06 15:13:23.275018,599617148833681142,97.00
2025-06-06 15:13:23.275018,599617148833681142,41.00
2025-06-06 15:13:23.275018,599617148833681142,-60.00
2025-06-06 15:13:23.275018,599617148833681142,-34.00
2025-06-06 15:13:23.275018,599617148833681142,87.00
2025-06-06 15:13:23.275018,599617148833681142,97.00
2025-06-06 15:13:23.275018,599617148833681142,53.00
2025-06-06 15:13:23.275018,599617148833681142,60.00
2025-06-06 15:13:23.275018,599617148833681142,75.00
2025-06-06 15:13:23.275018,599617148833681142,90.00
2025-06-06 15:13:23.275018,599617148833681142,90.00
2025-06-06 15:13:23.275018,599617148833681142,12.00
2025-06-06 15:13:23.275018,599617148833681142,-34.00
2025-06-06 15:13:23.275018,599617148833681142,48.00
2025-06-06 15:13:23.275018,599617148833681142,114.00
2025-06-06 15:13:23.275018,599617148833681142,85.00
2025-06-06 15:13:23.275018,599617148833681142,90.00
2025-06-06 15:13:23.275018,599617148833681142,72.00
2025-06-06 15:13:23.275018,599617148833681142,-216.00
2025-06-06 15:13:23.275018,599617148833681142,-776.00
2025-06-06 15:13:23.275018,599617148833681142,-1289.00
2025-06-06 15:13:23.275018,599617148833681142,-1455.00
2025-06-06 15:13:23.275018,599617148833681142,-973.00
2025-06-06 15:13:23.275018,599617148833681142,26.00
2025-06-06 15:13:23.275018,599617148833681142,503.00
2025-06-06 15:13:23.275018,599617148833681142,128.00
2025-06-06 15:13:23.275018,599617148833681142,-51.00
2025-06-06 15:13:23.275018,599617148833681142,167.00
2025-06-06 15:13:23.275018,599617148833681142,158.00
2025-06-06 15:13:23.275018,599617148833681142,43.00
2025-06-06 15:13:23.275018,599617148833681142,75.00
2025-06-06 15:13:23.275018,599617148833681142,77.00
2025-06-06 15:13:23.275018,599617148833681142,14.00
2025-06-06 15:13:23.275018,599617148833681142,-7.00
2025-06-06 15:13:23.275018,599617148833681142,-21.00
2025-06-06 15:13:23.275018,599617148833681142,-55.00
2025-06-06 15:13:23.275018,599617148833681142,-85.00
2025-06-06 15:13:23.275018,599617148833681142,-109.00
2025-06-06 15:13:23.275018,599617148833681142,-141.00
2025-06-06 15:13:23.275018,599617148833681142,-170.00
2025-06-06 15:13:23.275018,599617148833681142,-197.00
2025-06-06 15:13:23.275018,599617148833681142,-228.00
2025-06-06 15:13:23.275018,599617148833681142,-262.00
2025-06-06 15:13:23.275018,599617148833681142,-287.00
2025-06-06 15:13:23.275018,599617148833681142,-301.00
2025-06-06 15:13:23.275018,599617148833681142,-316.00
2025-06-06 15:13:23.275018,599617148833681142,-323.00
2025-06-06 15:13:23.275018,599617148833681142,-323.00
2025-06-06 15:13:23.275018,599617148833681142,-321.00
2025-06-06 15:13:23.275018,599617148833681142,-311.00
2025-06-06 15:13:23.275018,599617148833681142,-287.00
2025-06-06 15:13:23.275018,599617148833681142,-233.00
2025-06-06 15:13:23.275018,599617148833681142,-163.00
2025-06-06 15:13:23.275018,599617148833681142,-85.00
2025-06-06 15:13:23.275018,599617148833681142,-4.00
2025-06-06 15:13:23.275018,599617148833681142,70.00
2025-06-06 15:13:23.275018,599617148833681142,131.00
2025-06-06 15:13:23.844749,599617149394439219,170.00
2025-06-06 15:13:23.844749,599617149394439219,194.00
2025-06-06 15:13:23.844749,599617149394439219,206.00
2025-06-06 15:13:23.844749,599617149394439219,206.00
2025-06-06 15:13:23.844749,599617149394439219,204.00
2025-06-06 15:13:23.844749,599617149394439219,199.00
2025-06-06 15:13:23.844749,599617149394439219,187.00
2025-06-06 15:13:23.844749,599617149394439219,172.00
2025-06-06 15:13:23.844749,599617149394439219,155.00
2025-06-06 15:13:23.844749,599617149394439219,143.00
2025-06-06 15:13:23.844749,599617149394439219,133.00
2025-06-06 15:13:23.844749,599617149394439219,128.00
2025-06-06 15:13:23.844749,599617149394439219,126.00
2025-06-06 15:13:23.844749,599617149394439219,124.00
2025-06-06 15:13:23.844749,599617149394439219,119.00
2025-06-06 15:13:23.844749,599617149394439219,119.00
2025-06-06 15:13:23.844749,599617149394439219,116.00
2025-06-06 15:13:23.844749,599617149394439219,114.00
2025-06-06 15:13:23.844749,599617149394439219,119.00
2025-06-06 15:13:23.844749,599617149394439219,121.00
2025-06-06 15:13:23.844749,599617149394439219,119.00
2025-06-06 15:13:23.844749,599617149394439219,121.00
2025-06-06 15:13:23.844749,599617149394439219,121.00
2025-06-06 15:13:23.844749,599617149394439219,119.00
2025-06-06 15:13:23.844749,599617149394439219,119.00
2025-06-06 15:13:23.844749,599617149394439219,114.00
2025-06-06 15:13:23.844749,599617149394439219,109.00
2025-06-06 15:13:23.844749,599617149394439219,107.00
2025-06-06 15:13:23.844749,599617149394439219,104.00
2025-06-06 15:13:23.844749,599617149394439219,90.00
2025-06-06 15:13:23.844749,599617149394439219,70.00
2025-06-06 15:13:23.844749,599617149394439219,75.00
2025-06-06 15:13:23.844749,599617149394439219,77.00
2025-06-06 15:13:23.844749,599617149394439219,46.00
2025-06-06 15:13:23.844749,599617149394439219,26.00
2025-06-06 15:13:23.844749,599617149394439219,55.00
2025-06-06 15:13:23.844749,599617149394439219,90.00
2025-06-06 15:13:23.844749,599617149394439219,90.00
2025-06-06 15:13:23.844749,599617149394439219,80.00
2025-06-06 15:13:23.844749,599617149394439219,80.00
2025-06-06 15:13:23.844749,599617149394439219,80.00
2025-06-06 15:13:23.844749,599617149394439219,75.00
2025-06-06 15:13:23.844749,599617149394439219,70.00
2025-06-06 15:13:23.844749,599617149394439219,68.00
2025-06-06 15:13:23.844749,599617149394439219,68.00
2025-06-06 15:13:23.844749,599617149394439219,65.00
2025-06-06 15:13:23.844749,599617149394439219,60.00
2025-06-06 15:13:23.844749,599617149394439219,60.00
2025-06-06 15:13:23.844749,599617149394439219,34.00
2025-06-06 15:13:23.844749,599617149394439219,-206.00
2025-06-06 15:13:23.844749,599617149394439219,-754.00
2025-06-06 15:13:23.844749,599617149394439219,-1296.00
2025-06-06 15:13:23.844749,599617149394439219,-1503.00
2025-06-06 15:13:23.844749,599617149394439219,-1165.00
2025-06-06 15:13:23.844749,599617149394439219,-216.00
2025-06-06 15:13:23.844749,599617149394439219,498.00
2025-06-06 15:13:23.844749,599617149394439219,250.00
2025-06-06 15:13:23.844749,599617149394439219,-77.00
2025-06-06 15:13:23.844749,599617149394439219,94.00
2025-06-06 15:13:23.844749,599617149394439219,160.00
2025-06-06 15:13:23.844749,599617149394439219,31.00
2025-06-06 15:13:23.844749,599617149394439219,31.00
2025-06-06 15:13:23.844749,599617149394439219,55.00
2025-06-06 15:13:23.844749,599617149394439219,0.00
2025-06-06 15:13:23.844749,599617149394439219,-31.00
2025-06-06 15:13:23.844749,599617149394439219,-38.00
2025-06-06 15:13:23.844749,599617149394439219,-72.00
2025-06-06 15:13:23.844749,599617149394439219,-107.00
2025-06-06 15:13:23.844749,599617149394439219,-126.00
2025-06-06 15:13:23.844749,599617149394439219,-158.00
2025-06-06 15:13:23.844749,599617149394439219,-194.00
2025-06-06 15:13:23.844749,599617149394439219,-228.00
2025-06-06 15:13:23.844749,599617149394439219,-257.00
2025-06-06 15:13:24.386580,599617149955166778,-284.00
2025-06-06 15:13:24.386580,599617149955166778,-306.00
2025-06-06 15:13:24.386580,599617149955166778,-330.00
2025-06-06 15:13:24.386580,599617149955166778,-350.00
2025-06-06 15:13:24.386580,599617149955166778,-352.00
2025-06-06 15:13:24.386580,599617149955166778,-345.00
2025-06-06 15:13:24.386580,599617149955166778,-343.00
2025-06-06 15:13:24.386580,599617149955166778,-330.00
2025-06-06 15:13:24.386580,599617149955166778,-299.00
2025-06-06 15:13:24.386580,599617149955166778,-253.00
2025-06-06 15:13:24.386580,599617149955166778,-182.00
2025-06-06 15:13:24.386580,599617149955166778,-97.00
2025-06-06 15:13:24.386580,599617149955166778,-12.00
2025-06-06 15:13:24.386580,599617149955166778,60.00
2025-06-06 15:13:24.386580,599617149955166778,126.00
2025-06-06 15:13:24.386580,599617149955166778,172.00
2025-06-06 15:13:24.386580,599617149955166778,199.00
2025-06-06 15:13:24.386580,599617149955166778,214.00
2025-06-06 15:13:24.386580,599617149955166778,216.00
2025-06-06 15:13:24.386580,599617149955166778,211.00
2025-06-06 15:13:24.386580,599617149955166778,206.00
2025-06-06 15:13:24.386580,599617149955166778,194.00
2025-06-06 15:13:24.386580,599617149955166778,175.00
2025-06-06 15:13:24.386580,599617149955166778,160.00
2025-06-06 15:13:24.386580,599617149955166778,153.00
2025-06-06 15:13:24.386580,599617149955166778,143.00
2025-06-06 15:13:24.386580,599617149955166778,131.00
2025-06-06 15:13:24.386580,599617149955166778,126.00
2025-06-06 15:13:24.386580,599617149955166778,121.00
2025-06-06 15:13:24.386580,599617149955166778,119.00
2025-06-06 15:13:24.386580,599617149955166778,116.00
2025-06-06 15:13:24.386580,599617149955166778,114.00
2025-06-06 15:13:24.386580,599617149955166778,111.00
2025-06-06 15:13:24.386580,599617149955166778,111.00
2025-06-06 15:13:24.386580,599617149955166778,114.00
2025-06-06 15:13:24.386580,599617149955166778,109.00
2025-06-06 15:13:24.386580,599617149955166778,107.00
2025-06-06 15:13:24.386580,599617149955166778,107.00
2025-06-06 15:13:24.386580,599617149955166778,104.00
2025-06-06 15:13:24.386580,599617149955166778,94.00
2025-06-06 15:13:24.386580,599617149955166778,85.00
2025-06-06 15:13:24.386580,599617149955166778,85.00
2025-06-06 15:13:24.386580,599617149955166778,77.00
2025-06-06 15:13:24.386580,599617149955166778,48.00
2025-06-06 15:13:24.386580,599617149955166778,43.00
2025-06-06 15:13:24.386580,599617149955166778,80.00
2025-06-06 15:13:24.386580,599617149955166778,107.00
2025-06-06 15:13:24.386580,599617149955166778,104.00
2025-06-06 15:13:24.386580,599617149955166778,97.00
2025-06-06 15:13:24.386580,599617149955166778,97.00
2025-06-06 15:13:24.386580,599617149955166778,94.00
2025-06-06 15:13:24.386580,599617149955166778,90.00
2025-06-06 15:13:24.386580,599617149955166778,87.00
2025-06-06 15:13:24.386580,599617149955166778,82.00
2025-06-06 15:13:24.386580,599617149955166778,77.00
2025-06-06 15:13:24.386580,599617149955166778,72.00
2025-06-06 15:13:24.386580,599617149955166778,70.00
2025-06-06 15:13:24.386580,599617149955166778,68.00
2025-06-06 15:13:24.386580,599617149955166778,53.00
2025-06-06 15:13:24.386580,599617149955166778,-109.00
2025-06-06 15:13:24.386580,599617149955166778,-579.00
2025-06-06 15:13:24.386580,599617149955166778,-1150.00
2025-06-06 15:13:24.386580,599617149955166778,-1423.00
2025-06-06 15:13:24.386580,599617149955166778,-1219.00
2025-06-06 15:13:24.386580,599617149955166778,-437.00
2025-06-06 15:13:24.386580,599617149955166778,401.00
2025-06-06 15:13:24.386580,599617149955166778,377.00
2025-06-06 15:13:24.386580,599617149955166778,-48.00
2025-06-06 15:13:24.386580,599617149955166778,14.00
2025-06-06 15:13:24.386580,599617149955166778,163.00
2025-06-06 15:13:24.386580,599617149955166778,48.00
2025-06-06 15:13:24.386580,599617149955166778,2.00
2025-06-06 15:13:24.386580,599617149955166778,41.00
2025-06-06 15:13:24.984717,599617150515924857,0.00
2025-06-06 15:13:24.984717,599617150515924857,-46.00
2025-06-06 15:13:24.984717,599617150515924857,-51.00
2025-06-06 15:13:24.984717,599617150515924857,-72.00
2025-06-06 15:13:24.984717,599617150515924857,-114.00
2025-06-06 15:13:24.984717,599617150515924857,-141.00
2025-06-06 15:13:24.984717,599617150515924857,-167.00
2025-06-06 15:13:24.984717,599617150515924857,-201.00
2025-06-06 15:13:24.984717,599617150515924857,-233.00
2025-06-06 15:13:24.984717,599617150515924857,-265.00
2025-06-06 15:13:24.984717,599617150515924857,-296.00
2025-06-06 15:13:24.984717,599617150515924857,-326.00
2025-06-06 15:13:24.984717,599617150515924857,-347.00
2025-06-06 15:13:24.984717,599617150515924857,-364.00
2025-06-06 15:13:24.984717,599617150515924857,-377.00
2025-06-06 15:13:24.984717,599617150515924857,-377.00
2025-06-06 15:13:24.984717,599617150515924857,-372.00
2025-06-06 15:13:24.984717,599617150515924857,-357.00
2025-06-06 15:13:24.984717,599617150515924857,-326.00
2025-06-06 15:13:24.984717,599617150515924857,-270.00
2025-06-06 15:13:24.984717,599617150515924857,-189.00
2025-06-06 15:13:24.984717,599617150515924857,-97.00
2025-06-06 15:13:24.984717,599617150515924857,-9.00
2025-06-06 15:13:24.984717,599617150515924857,65.00
2025-06-06 15:13:24.984717,599617150515924857,126.00
2025-06-06 15:13:24.984717,599617150515924857,167.00
2025-06-06 15:13:24.984717,599617150515924857,192.00
2025-06-06 15:13:24.984717,599617150515924857,204.00
2025-06-06 15:13:24.984717,599617150515924857,204.00
2025-06-06 15:13:24.984717,599617150515924857,199.00
2025-06-06 15:13:24.984717,599617150515924857,192.00
2025-06-06 15:13:24.984717,599617150515924857,180.00
2025-06-06 15:13:24.984717,599617150515924857,167.00
2025-06-06 15:13:24.984717,599617150515924857,153.00
2025-06-06 15:13:24.984717,599617150515924857,141.00
2025-06-06 15:13:24.984717,599617150515924857,133.00
2025-06-06 15:13:24.984717,599617150515924857,126.00
2025-06-06 15:13:24.984717,599617150515924857,119.00
2025-06-06 15:13:24.984717,599617150515924857,111.00
2025-06-06 15:13:24.984717,599617150515924857,104.00
2025-06-06 15:13:24.984717,599617150515924857,99.00
2025-06-06 15:13:24.984717,599617150515924857,97.00
2025-06-06 15:13:24.984717,599617150515924857,97.00
2025-06-06 15:13:24.984717,599617150515924857,99.00
2025-06-06 15:13:24.984717,599617150515924857,97.00
2025-06-06 15:13:24.984717,599617150515924857,90.00
2025-06-06 15:13:24.984717,599617150515924857,90.00
2025-06-06 15:13:24.984717,599617150515924857,90.00
2025-06-06 15:13:24.984717,599617150515924857,82.00
2025-06-06 15:13:24.984717,599617150515924857,68.00
2025-06-06 15:13:24.984717,599617150515924857,68.00
2025-06-06 15:13:24.984717,599617150515924857,72.00
2025-06-06 15:13:24.984717,599617150515924857,51.00
2025-06-06 15:13:24.984717,599617150515924857,24.00
2025-06-06 15:13:24.984717,599617150515924857,41.00
2025-06-06 15:13:24.984717,599617150515924857,80.00
2025-06-06 15:13:24.984717,599617150515924857,94.00
2025-06-06 15:13:24.984717,599617150515924857,90.00
2025-06-06 15:13:24.984717,599617150515924857,87.00
2025-06-06 15:13:24.984717,599617150515924857,85.00
2025-06-06 15:13:24.984717,599617150515924857,82.00
2025-06-06 15:13:24.984717,599617150515924857,82.00
2025-06-06 15:13:24.984717,599617150515924857,82.00
2025-06-06 15:13:24.984717,599617150515924857,77.00
2025-06-06 15:13:24.984717,599617150515924857,72.00
2025-06-06 15:13:24.984717,599617150515924857,68.00
2025-06-06 15:13:24.984717,599617150515924857,63.00
2025-06-06 15:13:24.984717,599617150515924857,65.00
2025-06-06 15:13:24.984717,599617150515924857,-12.00
2025-06-06 15:13:24.984717,599617150515924857,-364.00
2025-06-06 15:13:24.984717,599617150515924857,-939.00
2025-06-06 15:13:24.984717,599617150515924857,-1384.00
2025-06-06 15:13:24.984717,599617150515924857,-1433.00
2025-06-06 15:13:25.556618,599617151076682934,-861.00
2025-06-06 15:13:25.556618,599617151076682934,87.00
2025-06-06 15:13:25.556618,599617151076682934,440.00
2025-06-06 15:13:25.556618,599617151076682934,58.00
2025-06-06 15:13:25.556618,599617151076682934,-55.00
2025-06-06 15:13:25.556618,599617151076682934,143.00
2025-06-06 15:13:25.556618,599617151076682934,102.00
2025-06-06 15:13:25.556618,599617151076682934,4.00
2025-06-06 15:13:25.556618,599617151076682934,36.00
2025-06-06 15:13:25.556618,599617151076682934,24.00
2025-06-06 15:13:25.556618,599617151076682934,-34.00
2025-06-06 15:13:25.556618,599617151076682934,-51.00
2025-06-06 15:13:25.556618,599617151076682934,-65.00
2025-06-06 15:13:25.556618,599617151076682934,-107.00
2025-06-06 15:13:25.556618,599617151076682934,-136.00
2025-06-06 15:13:25.556618,599617151076682934,-163.00
2025-06-06 15:13:25.556618,599617151076682934,-201.00
2025-06-06 15:13:25.556618,599617151076682934,-238.00
2025-06-06 15:13:25.556618,599617151076682934,-270.00
2025-06-06 15:13:25.556618,599617151076682934,-306.00
2025-06-06 15:13:25.556618,599617151076682934,-343.00
2025-06-06 15:13:25.556618,599617151076682934,-372.00
2025-06-06 15:13:25.556618,599617151076682934,-399.00
2025-06-06 15:13:25.556618,599617151076682934,-416.00
2025-06-06 15:13:25.556618,599617151076682934,-428.00
2025-06-06 15:13:25.556618,599617151076682934,-430.00
2025-06-06 15:13:25.556618,599617151076682934,-423.00
2025-06-06 15:13:25.556618,599617151076682934,-403.00
2025-06-06 15:13:25.556618,599617151076682934,-362.00
2025-06-06 15:13:25.556618,599617151076682934,-287.00
2025-06-06 15:13:25.556618,599617151076682934,-199.00
2025-06-06 15:13:25.556618,599617151076682934,-111.00
2025-06-06 15:13:25.556618,599617151076682934,-31.00
2025-06-06 15:13:25.556618,599617151076682934,36.00
2025-06-06 15:13:25.556618,599617151076682934,80.00
2025-06-06 15:13:25.556618,599617151076682934,102.00
2025-06-06 15:13:25.556618,599617151076682934,111.00
2025-06-06 15:13:25.556618,599617151076682934,114.00
2025-06-06 15:13:25.556618,599617151076682934,109.00
2025-06-06 15:13:25.556618,599617151076682934,99.00
2025-06-06 15:13:25.556618,599617151076682934,90.00
2025-06-06 15:13:25.556618,599617151076682934,72.00
2025-06-06 15:13:25.556618,599617151076682934,51.00
2025-06-06 15:13:25.556618,599617151076682934,36.00
2025-06-06 15:13:25.556618,599617151076682934,24.00
2025-06-06 15:13:25.556618,599617151076682934,14.00
2025-06-06 15:13:25.556618,599617151076682934,2.00
2025-06-06 15:13:25.556618,599617151076682934,-7.00
2025-06-06 15:13:25.556618,599617151076682934,-17.00
2025-06-06 15:13:25.556618,599617151076682934,-21.00
2025-06-06 15:13:25.556618,599617151076682934,-24.00
2025-06-06 15:13:25.556618,599617151076682934,-26.00
2025-06-06 15:13:25.556618,599617151076682934,-29.00
2025-06-06 15:13:25.556618,599617151076682934,-34.00
2025-06-06 15:13:25.556618,599617151076682934,-36.00
2025-06-06 15:13:25.556618,599617151076682934,-36.00
2025-06-06 15:13:25.556618,599617151076682934,-38.00
2025-06-06 15:13:25.556618,599617151076682934,-43.00
2025-06-06 15:13:25.556618,599617151076682934,-58.00
2025-06-06 15:13:25.556618,599617151076682934,-65.00
2025-06-06 15:13:25.556618,599617151076682934,-63.00
2025-06-06 15:13:25.556618,599617151076682934,-75.00
2025-06-06 15:13:25.556618,599617151076682934,-107.00
2025-06-06 15:13:25.556618,599617151076682934,-119.00
2025-06-06 15:13:25.556618,599617151076682934,-90.00
2025-06-06 15:13:25.556618,599617151076682934,-58.00
2025-06-06 15:13:25.556618,599617151076682934,-53.00
2025-06-06 15:13:25.556618,599617151076682934,-60.00
2025-06-06 15:13:25.556618,599617151076682934,-63.00
2025-06-06 15:13:25.556618,599617151076682934,-68.00
2025-06-06 15:13:25.556618,599617151076682934,-72.00
2025-06-06 15:13:25.556618,599617151076682934,-75.00
2025-06-06 15:13:25.556618,599617151076682934,-77.00
2025-06-06 15:13:26.124316,599617151637425751,-82.00
2025-06-06 15:13:26.124316,599617151637425751,-87.00
2025-06-06 15:13:26.124316,599617151637425751,-92.00
2025-06-06 15:13:26.124316,599617151637425751,-94.00
2025-06-06 15:13:26.124316,599617151637425751,-94.00
2025-06-06 15:13:26.124316,599617151637425751,-214.00
2025-06-06 15:13:26.124316,599617151637425751,-620.00
2025-06-06 15:13:26.124316,599617151637425751,-1194.00
2025-06-06 15:13:26.124316,599617151637425751,-1625.00
2025-06-06 15:13:26.124316,599617151637425751,-1586.00
2025-06-06 15:13:26.124316,599617151637425751,-863.00
2025-06-06 15:13:26.124316,599617151637425751,36.00
2025-06-06 15:13:26.124316,599617151637425751,194.00
2025-06-06 15:13:26.124316,599617151637425751,-172.00
2025-06-06 15:13:26.124316,599617151637425751,-165.00
2025-06-06 15:13:26.124316,599617151637425751,9.00
2025-06-06 15:13:26.124316,599617151637425751,-72.00
2025-06-06 15:13:26.124316,599617151637425751,-138.00
2025-06-06 15:13:26.124316,599617151637425751,-99.00
2025-06-06 15:13:26.124316,599617151637425751,-128.00
2025-06-06 15:13:26.124316,599617151637425751,-177.00
2025-06-06 15:13:26.124316,599617151637425751,-184.00
2025-06-06 15:13:26.124316,599617151637425751,-201.00
2025-06-06 15:13:26.124316,599617151637425751,-240.00
2025-06-06 15:13:26.124316,599617151637425751,-262.00
2025-06-06 15:13:26.124316,599617151637425751,-289.00
2025-06-06 15:13:26.124316,599617151637425751,-323.00
2025-06-06 15:13:26.124316,599617151637425751,-352.00
2025-06-06 15:13:26.124316,599617151637425751,-382.00
2025-06-06 15:13:26.124316,599617151637425751,-416.00
2025-06-06 15:13:26.124316,599617151637425751,-447.00
2025-06-06 15:13:26.124316,599617151637425751,-472.00
2025-06-06 15:13:26.124316,599617151637425751,-491.00
2025-06-06 15:13:26.124316,599617151637425751,-506.00
2025-06-06 15:13:26.124316,599617151637425751,-513.00
2025-06-06 15:13:26.124316,599617151637425751,-510.00
2025-06-06 15:13:26.124316,599617151637425751,-498.00
2025-06-06 15:13:26.124316,599617151637425751,-469.00
2025-06-06 15:13:26.124316,599617151637425751,-416.00
2025-06-06 15:13:26.124316,599617151637425751,-330.00
2025-06-06 15:13:26.124316,599617151637425751,-231.00
2025-06-06 15:13:26.124316,599617151637425751,-136.00
2025-06-06 15:13:26.124316,599617151637425751,-51.00
2025-06-06 15:13:26.124316,599617151637425751,19.00
2025-06-06 15:13:26.124316,599617151637425751,65.00
2025-06-06 15:13:26.124316,599617151637425751,92.00
2025-06-06 15:13:26.124316,599617151637425751,104.00
2025-06-06 15:13:26.124316,599617151637425751,109.00
2025-06-06 15:13:26.124316,599617151637425751,109.00
2025-06-06 15:13:26.124316,599617151637425751,102.00
2025-06-06 15:13:26.124316,599617151637425751,94.00
2025-06-06 15:13:26.124316,599617151637425751,87.00
2025-06-06 15:13:26.124316,599617151637425751,75.00
2025-06-06 15:13:26.124316,599617151637425751,65.00
2025-06-06 15:13:26.124316,599617151637425751,58.00
2025-06-06 15:13:26.124316,599617151637425751,51.00
2025-06-06 15:13:26.124316,599617151637425751,43.00
2025-06-06 15:13:26.124316,599617151637425751,41.00
2025-06-06 15:13:26.124316,599617151637425751,38.00
2025-06-06 15:13:26.124316,599617151637425751,34.00
2025-06-06 15:13:26.124316,599617151637425751,31.00
2025-06-06 15:13:26.124316,599617151637425751,36.00
2025-06-06 15:13:26.124316,599617151637425751,38.00
2025-06-06 15:13:26.124316,599617151637425751,36.00
2025-06-06 15:13:26.124316,599617151637425751,36.00
2025-06-06 15:13:26.124316,599617151637425751,38.00
2025-06-06 15:13:26.124316,599617151637425751,38.00
2025-06-06 15:13:26.124316,599617151637425751,36.00
2025-06-06 15:13:26.124316,599617151637425751,36.00
2025-06-06 15:13:26.124316,599617151637425751,38.00
2025-06-06 15:13:26.124316,599617151637425751,43.00
2025-06-06 15:13:26.124316,599617151637425751,43.00
2025-06-06 15:13:26.124316,599617151637425751,29.00
2025-06-06 15:13:26.665616,599617152198158396,14.00
2025-06-06 15:13:26.665616,599617152198158396,24.00
2025-06-06 15:13:26.665616,599617152198158396,26.00
2025-06-06 15:13:26.665616,599617152198158396,-2.00
2025-06-06 15:13:26.665616,599617152198158396,-19.00
2025-06-06 15:13:26.665616,599617152198158396,2.00
2025-06-06 15:13:26.665616,599617152198158396,38.00
2025-06-06 15:13:26.665616,599617152198158396,51.00
2025-06-06 15:13:26.665616,599617152198158396,46.00
2025-06-06 15:13:26.665616,599617152198158396,46.00
2025-06-06 15:13:26.665616,599617152198158396,48.00
2025-06-06 15:13:26.665616,599617152198158396,46.00
2025-06-06 15:13:26.665616,599617152198158396,46.00
2025-06-06 15:13:26.665616,599617152198158396,48.00
2025-06-06 15:13:26.665616,599617152198158396,46.00
2025-06-06 15:13:26.665616,599617152198158396,38.00
2025-06-06 15:13:26.665616,599617152198158396,38.00
2025-06-06 15:13:26.665616,599617152198158396,41.00
2025-06-06 15:13:26.665616,599617152198158396,48.00
2025-06-06 15:13:26.665616,599617152198158396,-41.00
2025-06-06 15:13:26.665616,599617152198158396,-416.00
2025-06-06 15:13:26.665616,599617152198158396,-995.00
2025-06-06 15:13:26.665616,599617152198158396,-1452.00
2025-06-06 15:13:26.665616,599617152198158396,-1474.00
2025-06-06 15:13:26.665616,599617152198158396,-824.00
2025-06-06 15:13:26.665616,599617152198158396,111.00
2025-06-06 15:13:26.665616,599617152198158396,382.00
2025-06-06 15:13:26.665616,599617152198158396,17.00
2025-06-06 15:13:26.665616,599617152198158396,-38.00
2025-06-06 15:13:26.665616,599617152198158396,155.00
2025-06-06 15:13:26.665616,599617152198158396,99.00
2025-06-06 15:13:26.665616,599617152198158396,14.00
2025-06-06 15:13:26.665616,599617152198158396,48.00
2025-06-06 15:13:26.665616,599617152198158396,34.00
2025-06-06 15:13:26.665616,599617152198158396,-17.00
2025-06-06 15:13:26.665616,599617152198158396,-29.00
2025-06-06 15:13:26.665616,599617152198158396,-53.00
2025-06-06 15:13:26.665616,599617152198158396,-92.00
2025-06-06 15:13:26.665616,599617152198158396,-114.00
2025-06-06 15:13:26.665616,599617152198158396,-145.00
2025-06-06 15:13:26.665616,599617152198158396,-187.00
2025-06-06 15:13:26.665616,599617152198158396,-209.00
2025-06-06 15:13:26.665616,599617152198158396,-226.00
2025-06-06 15:13:26.665616,599617152198158396,-260.00
2025-06-06 15:13:26.665616,599617152198158396,-296.00
2025-06-06 15:13:26.665616,599617152198158396,-316.00
2025-06-06 15:13:26.665616,599617152198158396,-340.00
2025-06-06 15:13:26.665616,599617152198158396,-374.00
2025-06-06 15:13:26.665616,599617152198158396,-391.00
2025-06-06 15:13:26.665616,599617152198158396,-394.00
2025-06-06 15:13:26.665616,599617152198158396,-391.00
2025-06-06 15:13:26.665616,599617152198158396,-357.00
2025-06-06 15:13:26.665616,599617152198158396,-289.00
2025-06-06 15:13:26.665616,599617152198158396,-206.00
2025-06-06 15:13:26.665616,599617152198158396,-124.00
2025-06-06 15:13:26.665616,599617152198158396,-51.00
2025-06-06 15:13:26.665616,599617152198158396,31.00
2025-06-06 15:13:26.665616,599617152198158396,109.00
2025-06-06 15:13:26.665616,599617152198158396,163.00
2025-06-06 15:13:26.665616,599617152198158396,194.00
2025-06-06 15:13:26.665616,599617152198158396,214.00
2025-06-06 15:13:26.665616,599617152198158396,228.00
2025-06-06 15:13:26.665616,599617152198158396,238.00
2025-06-06 15:13:26.665616,599617152198158396,231.00
2025-06-06 15:13:26.665616,599617152198158396,189.00
2025-06-06 15:13:26.665616,599617152198158396,163.00
2025-06-06 15:13:26.665616,599617152198158396,180.00
2025-06-06 15:13:26.665616,599617152198158396,177.00
2025-06-06 15:13:26.665616,599617152198158396,148.00
2025-06-06 15:13:26.665616,599617152198158396,136.00
2025-06-06 15:13:26.665616,599617152198158396,128.00
2025-06-06 15:13:26.665616,599617152198158396,124.00
2025-06-06 15:13:26.665616,599617152198158396,128.00
2025-06-06 15:13:27.207126,599617152758921559,121.00
2025-06-06 15:13:27.207126,599617152758921559,111.00
2025-06-06 15:13:27.207126,599617152758921559,116.00
2025-06-06 15:13:27.207126,599617152758921559,131.00
2025-06-06 15:13:27.207126,599617152758921559,141.00
2025-06-06 15:13:27.207126,599617152758921559,136.00
2025-06-06 15:13:27.207126,599617152758921559,119.00
2025-06-06 15:13:27.207126,599617152758921559,114.00
2025-06-06 15:13:27.207126,599617152758921559,124.00
2025-06-06 15:13:27.207126,599617152758921559,128.00
2025-06-06 15:13:27.207126,599617152758921559,128.00
2025-06-06 15:13:27.207126,599617152758921559,107.00
2025-06-06 15:13:27.207126,599617152758921559,85.00
2025-06-06 15:13:27.207126,599617152758921559,116.00
2025-06-06 15:13:27.207126,599617152758921559,163.00
2025-06-06 15:13:27.207126,599617152758921559,131.00
2025-06-06 15:13:27.207126,599617152758921559,70.00
2025-06-06 15:13:27.207126,599617152758921559,75.00
2025-06-06 15:13:27.207126,599617152758921559,97.00
2025-06-06 15:13:27.207126,599617152758921559,87.00
2025-06-06 15:13:27.207126,599617152758921559,70.00
2025-06-06 15:13:27.207126,599617152758921559,41.00
2025-06-06 15:13:27.207126,599617152758921559,36.00
2025-06-06 15:13:27.207126,599617152758921559,99.00
2025-06-06 15:13:27.207126,599617152758921559,128.00
2025-06-06 15:13:27.207126,599617152758921559,55.00
2025-06-06 15:13:27.207126,599617152758921559,26.00
2025-06-06 15:13:27.207126,599617152758921559,68.00
2025-06-06 15:13:27.207126,599617152758921559,87.00
2025-06-06 15:13:27.207126,599617152758921559,109.00
2025-06-06 15:13:27.207126,599617152758921559,128.00
2025-06-06 15:13:27.207126,599617152758921559,102.00
2025-06-06 15:13:27.207126,599617152758921559,75.00
2025-06-06 15:13:27.207126,599617152758921559,92.00
2025-06-06 15:13:27.207126,599617152758921559,99.00
2025-06-06 15:13:27.207126,599617152758921559,68.00
2025-06-06 15:13:27.207126,599617152758921559,43.00
2025-06-06 15:13:27.207126,599617152758921559,-121.00
2025-06-06 15:13:27.207126,599617152758921559,-571.00
2025-06-06 15:13:27.207126,599617152758921559,-1112.00
2025-06-06 15:13:27.207126,599617152758921559,-1462.00
2025-06-06 15:13:27.207126,599617152758921559,-1260.00
2025-06-06 15:13:27.207126,599617152758921559,-364.00
2025-06-06 15:13:27.207126,599617152758921559,396.00
2025-06-06 15:13:27.207126,599617152758921559,289.00
2025-06-06 15:13:27.207126,599617152758921559,-24.00
2025-06-06 15:13:27.207126,599617152758921559,70.00
2025-06-06 15:13:27.207126,599617152758921559,150.00
2025-06-06 15:13:27.207126,599617152758921559,85.00
2025-06-06 15:13:27.207126,599617152758921559,114.00
2025-06-06 15:13:27.207126,599617152758921559,104.00
2025-06-06 15:13:27.207126,599617152758921559,14.00
2025-06-06 15:13:27.207126,599617152758921559,7.00
2025-06-06 15:13:27.207126,599617152758921559,4.00
2025-06-06 15:13:27.207126,599617152758921559,-34.00
2025-06-06 15:13:27.207126,599617152758921559,-53.00
2025-06-06 15:13:27.207126,599617152758921559,-99.00
2025-06-06 15:13:27.207126,599617152758921559,-141.00
2025-06-06 15:13:27.207126,599617152758921559,-141.00
2025-06-06 15:13:27.207126,599617152758921559,-167.00
2025-06-06 15:13:27.207126,599617152758921559,-243.00
2025-06-06 15:13:27.207126,599617152758921559,-265.00
2025-06-06 15:13:27.207126,599617152758921559,-262.00
2025-06-06 15:13:27.207126,599617152758921559,-304.00
2025-06-06 15:13:27.207126,599617152758921559,-318.00
2025-06-06 15:13:27.207126,599617152758921559,-309.00
2025-06-06 15:13:27.207126,599617152758921559,-352.00
2025-06-06 15:13:27.207126,599617152758921559,-367.00
2025-06-06 15:13:27.207126,599617152758921559,-343.00
2025-06-06 15:13:27.207126,599617152758921559,-340.00
2025-06-06 15:13:27.207126,599617152758921559,-265.00
2025-06-06 15:13:27.207126,599617152758921559,-136.00
2025-06-06 15:13:27.207126,599617152758921559,-75.00
2025-06-06 15:13:27.745076,599617153319654206,-12.00
2025-06-06 15:13:27.745076,599617153319654206,97.00
2025-06-06 15:13:27.745076,599617153319654206,150.00
2025-06-06 15:13:27.745076,599617153319654206,158.00
2025-06-06 15:13:27.745076,599617153319654206,221.00
2025-06-06 15:13:27.745076,599617153319654206,277.00
2025-06-06 15:13:27.745076,599617153319654206,236.00
2025-06-06 15:13:27.745076,599617153319654206,216.00
2025-06-06 15:13:27.745076,599617153319654206,250.00
2025-06-06 15:13:27.745076,599617153319654206,243.00
2025-06-06 15:13:27.745076,599617153319654206,201.00
2025-06-06 15:13:27.745076,599617153319654206,175.00
2025-06-06 15:13:27.745076,599617153319654206,177.00
2025-06-06 15:13:27.745076,599617153319654206,170.00
2025-06-06 15:13:27.745076,599617153319654206,153.00
2025-06-06 15:13:27.745076,599617153319654206,175.00
2025-06-06 15:13:27.745076,599617153319654206,170.00
2025-06-06 15:13:27.745076,599617153319654206,126.00
2025-06-06 15:13:27.745076,599617153319654206,131.00
2025-06-06 15:13:27.745076,599617153319654206,150.00
2025-06-06 15:13:27.745076,599617153319654206,131.00
2025-06-06 15:13:27.745076,599617153319654206,124.00
2025-06-06 15:13:27.745076,599617153319654206,136.00
2025-06-06 15:13:27.745076,599617153319654206,133.00
2025-06-06 15:13:27.745076,599617153319654206,141.00
2025-06-06 15:13:27.745076,599617153319654206,172.00
2025-06-06 15:13:27.745076,599617153319654206,180.00
2025-06-06 15:13:27.745076,599617153319654206,133.00
2025-06-06 15:13:27.745076,599617153319654206,128.00
2025-06-06 15:13:27.745076,599617153319654206,187.00
2025-06-06 15:13:27.745076,599617153319654206,167.00
2025-06-06 15:13:27.745076,599617153319654206,85.00
2025-06-06 15:13:27.745076,599617153319654206,99.00
2025-06-06 15:13:27.745076,599617153319654206,155.00
2025-06-06 15:13:27.745076,599617153319654206,128.00
2025-06-06 15:13:27.745076,599617153319654206,97.00
2025-06-06 15:13:27.745076,599617153319654206,121.00
2025-06-06 15:13:27.745076,599617153319654206,136.00
2025-06-06 15:13:27.745076,599617153319654206,99.00
2025-06-06 15:13:27.745076,599617153319654206,53.00
2025-06-06 15:13:27.745076,599617153319654206,26.00
2025-06-06 15:13:27.745076,599617153319654206,41.00
2025-06-06 15:13:27.745076,599617153319654206,94.00
2025-06-06 15:13:27.745076,599617153319654206,116.00
2025-06-06 15:13:27.745076,599617153319654206,99.00
2025-06-06 15:13:27.745076,599617153319654206,109.00
2025-06-06 15:13:27.745076,599617153319654206,131.00
2025-06-06 15:13:27.745076,599617153319654206,114.00
2025-06-06 15:13:27.745076,599617153319654206,82.00
2025-06-06 15:13:27.745076,599617153319654206,90.00
2025-06-06 15:13:27.745076,599617153319654206,85.00
2025-06-06 15:13:27.745076,599617153319654206,68.00
2025-06-06 15:13:27.745076,599617153319654206,85.00
2025-06-06 15:13:27.745076,599617153319654206,114.00
2025-06-06 15:13:27.745076,599617153319654206,63.00
2025-06-06 15:13:27.745076,599617153319654206,-177.00
2025-06-06 15:13:27.745076,599617153319654206,-654.00
2025-06-06 15:13:27.745076,599617153319654206,-1175.00
2025-06-06 15:13:27.745076,599617153319654206,-1450.00
2025-06-06 15:13:27.745076,599617153319654206,-1146.00
2025-06-06 15:13:27.745076,599617153319654206,-218.00
2025-06-06 15:13:27.745076,599617153319654206,440.00
2025-06-06 15:13:27.745076,599617153319654206,223.00
2025-06-06 15:13:27.745076,599617153319654206,-48.00
2025-06-06 15:13:27.745076,599617153319654206,92.00
2025-06-06 15:13:27.745076,599617153319654206,143.00
2025-06-06 15:13:27.745076,599617153319654206,51.00
2025-06-06 15:13:27.745076,599617153319654206,72.00
2025-06-06 15:13:27.745076,599617153319654206,87.00
2025-06-06 15:13:27.745076,599617153319654206,21.00
2025-06-06 15:13:27.745076,599617153319654206,-9.00
2025-06-06 15:13:27.745076,599617153319654206,-36.00
2025-06-06 15:13:27.745076,599617153319654206,-80.00
2025-06-06 15:13:28.347846,599617153880412285,-99.00
2025-06-06 15:13:28.347846,599617153880412285,-109.00
2025-06-06 15:13:28.347846,599617153880412285,-158.00
2025-06-06 15:13:28.347846,599617153880412285,-211.00
2025-06-06 15:13:28.347846,599617153880412285,-216.00
2025-06-06 15:13:28.347846,599617153880412285,-221.00
2025-06-06 15:13:28.347846,599617153880412285,-272.00
2025-06-06 15:13:28.347846,599617153880412285,-311.00
2025-06-06 15:13:28.347846,599617153880412285,-313.00
2025-06-06 15:13:28.347846,599617153880412285,-360.00
2025-06-06 15:13:28.347846,599617153880412285,-425.00
2025-06-06 15:13:28.347846,599617153880412285,-396.00
2025-06-06 15:13:28.347846,599617153880412285,-355.00
2025-06-06 15:13:28.347846,599617153880412285,-364.00
2025-06-06 15:13:28.347846,599617153880412285,-326.00
2025-06-06 15:13:28.347846,599617153880412285,-240.00
2025-06-06 15:13:28.347846,599617153880412285,-187.00
2025-06-06 15:13:28.347846,599617153880412285,-97.00
2025-06-06 15:13:28.347846,599617153880412285,19.00
2025-06-06 15:13:28.347846,599617153880412285,75.00
2025-06-06 15:13:28.347846,599617153880412285,119.00
2025-06-06 15:13:28.347846,599617153880412285,189.00
2025-06-06 15:13:28.347846,599617153880412285,223.00
2025-06-06 15:13:28.347846,599617153880412285,206.00
2025-06-06 15:13:28.347846,599617153880412285,201.00
2025-06-06 15:13:28.347846,599617153880412285,204.00
2025-06-06 15:13:28.347846,599617153880412285,175.00
2025-06-06 15:13:28.347846,599617153880412285,167.00
2025-06-06 15:13:28.347846,599617153880412285,204.00
2025-06-06 15:13:28.347846,599617153880412285,201.00
2025-06-06 15:13:28.347846,599617153880412285,148.00
2025-06-06 15:13:28.347846,599617153880412285,136.00
2025-06-06 15:13:28.347846,599617153880412285,150.00
2025-06-06 15:13:28.347846,599617153880412285,116.00
2025-06-06 15:13:28.347846,599617153880412285,87.00
2025-06-06 15:13:28.347846,599617153880412285,111.00
2025-06-06 15:13:28.347846,599617153880412285,107.00
2025-06-06 15:13:28.347846,599617153880412285,97.00
2025-06-06 15:13:28.347846,599617153880412285,138.00
2025-06-06 15:13:28.347846,599617153880412285,126.00
2025-06-06 15:13:28.347846,599617153880412285,87.00
2025-06-06 15:13:28.347846,599617153880412285,107.00
2025-06-06 15:13:28.347846,599617153880412285,102.00
2025-06-06 15:13:28.347846,599617153880412285,82.00
2025-06-06 15:13:28.347846,599617153880412285,85.00
2025-06-06 15:13:28.347846,599617153880412285,90.00
2025-06-06 15:13:28.347846,599617153880412285,121.00
2025-06-06 15:13:28.347846,599617153880412285,138.00
2025-06-06 15:13:28.347846,599617153880412285,107.00
2025-06-06 15:13:28.347846,599617153880412285,114.00
2025-06-06 15:13:28.347846,599617153880412285,141.00
2025-06-06 15:13:28.347846,599617153880412285,97.00
2025-06-06 15:13:28.347846,599617153880412285,53.00
2025-06-06 15:13:28.347846,599617153880412285,70.00
2025-06-06 15:13:28.347846,599617153880412285,75.00
2025-06-06 15:13:28.347846,599617153880412285,51.00
2025-06-06 15:13:28.347846,599617153880412285,36.00
2025-06-06 15:13:28.347846,599617153880412285,43.00
2025-06-06 15:13:28.347846,599617153880412285,51.00
2025-06-06 15:13:28.347846,599617153880412285,51.00
2025-06-06 15:13:28.347846,599617153880412285,77.00
2025-06-06 15:13:28.347846,599617153880412285,114.00
2025-06-06 15:13:28.347846,599617153880412285,82.00
2025-06-06 15:13:28.347846,599617153880412285,41.00
2025-06-06 15:13:28.347846,599617153880412285,60.00
2025-06-06 15:13:28.347846,599617153880412285,80.00
2025-06-06 15:13:28.347846,599617153880412285,58.00
2025-06-06 15:13:28.347846,599617153880412285,55.00
2025-06-06 15:13:28.347846,599617153880412285,80.00
2025-06-06 15:13:28.347846,599617153880412285,75.00
2025-06-06 15:13:28.347846,599617153880412285,53.00
2025-06-06 15:13:28.347846,599617153880412285,63.00
2025-06-06 15:13:28.347846,599617153880412285,53.00
2025-06-06 15:13:28.914913,599617154441170362,-175.00
2025-06-06 15:13:28.914913,599617154441170362,-700.00
2025-06-06 15:13:28.914913,599617154441170362,-1270.00
2025-06-06 15:13:28.914913,599617154441170362,-1584.00
2025-06-06 15:13:28.914913,599617154441170362,-1328.00
2025-06-06 15:13:28.914913,599617154441170362,-321.00
2025-06-06 15:13:28.914913,599617154441170362,498.00
2025-06-06 15:13:28.914913,599617154441170362,274.00
2025-06-06 15:13:28.914913,599617154441170362,-77.00
2025-06-06 15:13:28.914913,599617154441170362,97.00
2025-06-06 15:13:28.914913,599617154441170362,172.00
2025-06-06 15:13:28.914913,599617154441170362,31.00
2025-06-06 15:13:28.914913,599617154441170362,26.00
2025-06-06 15:13:28.914913,599617154441170362,68.00
2025-06-06 15:13:28.914913,599617154441170362,12.00
2025-06-06 15:13:28.914913,599617154441170362,-38.00
2025-06-06 15:13:28.914913,599617154441170362,-38.00
2025-06-06 15:13:28.914913,599617154441170362,-55.00
2025-06-06 15:13:28.914913,599617154441170362,-104.00
2025-06-06 15:13:28.914913,599617154441170362,-141.00
2025-06-06 15:13:28.914913,599617154441170362,-163.00
2025-06-06 15:13:28.914913,599617154441170362,-199.00
2025-06-06 15:13:28.914913,599617154441170362,-243.00
2025-06-06 15:13:28.914913,599617154441170362,-282.00
2025-06-06 15:13:28.914913,599617154441170362,-306.00
2025-06-06 15:13:28.914913,599617154441170362,-318.00
2025-06-06 15:13:28.914913,599617154441170362,-347.00
2025-06-06 15:13:28.914913,599617154441170362,-364.00
2025-06-06 15:13:28.914913,599617154441170362,-369.00
2025-06-06 15:13:28.914913,599617154441170362,-394.00
2025-06-06 15:13:28.914913,599617154441170362,-416.00
2025-06-06 15:13:28.914913,599617154441170362,-399.00
2025-06-06 15:13:28.914913,599617154441170362,-330.00
2025-06-06 15:13:28.914913,599617154441170362,-248.00
2025-06-06 15:13:28.914913,599617154441170362,-187.00
2025-06-06 15:13:28.914913,599617154441170362,-107.00
2025-06-06 15:13:28.914913,599617154441170362,-26.00
2025-06-06 15:13:28.914913,599617154441170362,24.00
2025-06-06 15:13:28.914913,599617154441170362,109.00
2025-06-06 15:13:28.914913,599617154441170362,182.00
2025-06-06 15:13:28.914913,599617154441170362,184.00
2025-06-06 15:13:28.914913,599617154441170362,192.00
2025-06-06 15:13:28.914913,599617154441170362,226.00
2025-06-06 15:13:28.914913,599617154441170362,223.00
2025-06-06 15:13:28.914913,599617154441170362,211.00
2025-06-06 15:13:28.914913,599617154441170362,221.00
2025-06-06 15:13:28.914913,599617154441170362,184.00
2025-06-06 15:13:28.914913,599617154441170362,136.00
2025-06-06 15:13:28.914913,599617154441170362,145.00
2025-06-06 15:13:28.914913,599617154441170362,153.00
2025-06-06 15:13:28.914913,599617154441170362,128.00
2025-06-06 15:13:28.914913,599617154441170362,107.00
2025-06-06 15:13:28.914913,599617154441170362,109.00
2025-06-06 15:13:28.914913,599617154441170362,133.00
2025-06-06 15:13:28.914913,599617154441170362,124.00
2025-06-06 15:13:28.914913,599617154441170362,99.00
2025-06-06 15:13:28.914913,599617154441170362,104.00
2025-06-06 15:13:28.914913,599617154441170362,114.00
2025-06-06 15:13:28.914913,599617154441170362,111.00
2025-06-06 15:13:28.914913,599617154441170362,102.00
2025-06-06 15:13:28.914913,599617154441170362,92.00
2025-06-06 15:13:28.914913,599617154441170362,107.00
2025-06-06 15:13:28.914913,599617154441170362,126.00
2025-06-06 15:13:28.914913,599617154441170362,121.00
2025-06-06 15:13:28.914913,599617154441170362,109.00
2025-06-06 15:13:28.914913,599617154441170362,107.00
2025-06-06 15:13:28.914913,599617154441170362,102.00
2025-06-06 15:13:28.914913,599617154441170362,92.00
2025-06-06 15:13:28.914913,599617154441170362,75.00
2025-06-06 15:13:28.914913,599617154441170362,75.00
2025-06-06 15:13:28.914913,599617154441170362,90.00
2025-06-06 15:13:28.914913,599617154441170362,75.00
2025-06-06 15:13:28.914913,599617154441170362,29.00
2025-06-06 15:13:29.459155,599617155001928439,4.00
2025-06-06 15:13:29.459155,599617155001928439,46.00
2025-06-06 15:13:29.459155,599617155001928439,111.00
2025-06-06 15:13:29.459155,599617155001928439,121.00
2025-06-06 15:13:29.459155,599617155001928439,90.00
2025-06-06 15:13:29.459155,599617155001928439,85.00
2025-06-06 15:13:29.459155,599617155001928439,99.00
2025-06-06 15:13:29.459155,599617155001928439,90.00
2025-06-06 15:13:29.459155,599617155001928439,77.00
2025-06-06 15:13:29.459155,599617155001928439,82.00
2025-06-06 15:13:29.459155,599617155001928439,82.00
2025-06-06 15:13:29.459155,599617155001928439,77.00
2025-06-06 15:13:29.459155,599617155001928439,80.00
2025-06-06 15:13:29.459155,599617155001928439,60.00
2025-06-06 15:13:29.459155,599617155001928439,21.00
2025-06-06 15:13:29.459155,599617155001928439,-121.00
2025-06-06 15:13:29.459155,599617155001928439,-579.00
2025-06-06 15:13:29.459155,599617155001928439,-1158.00
2025-06-06 15:13:29.459155,599617155001928439,-1386.00
2025-06-06 15:13:29.459155,599617155001928439,-1119.00
2025-06-06 15:13:29.459155,599617155001928439,-350.00
2025-06-06 15:13:29.459155,599617155001928439,418.00
2025-06-06 15:13:29.459155,599617155001928439,357.00
2025-06-06 15:13:29.459155,599617155001928439,-46.00
2025-06-06 15:13:29.459155,599617155001928439,41.00
2025-06-06 15:13:29.459155,599617155001928439,180.00
2025-06-06 15:13:29.459155,599617155001928439,55.00
2025-06-06 15:13:29.459155,599617155001928439,7.00
2025-06-06 15:13:29.459155,599617155001928439,41.00
2025-06-06 15:13:29.459155,599617155001928439,-2.00
2025-06-06 15:13:29.459155,599617155001928439,-51.00
2025-06-06 15:13:29.459155,599617155001928439,-68.00
2025-06-06 15:13:29.459155,599617155001928439,-94.00
2025-06-06 15:13:29.459155,599617155001928439,-128.00
2025-06-06 15:13:29.459155,599617155001928439,-153.00
2025-06-06 15:13:29.459155,599617155001928439,-189.00
2025-06-06 15:13:29.459155,599617155001928439,-228.00
2025-06-06 15:13:29.459155,599617155001928439,-262.00
2025-06-06 15:13:29.459155,599617155001928439,-294.00
2025-06-06 15:13:29.459155,599617155001928439,-326.00
2025-06-06 15:13:29.459155,599617155001928439,-357.00
2025-06-06 15:13:29.459155,599617155001928439,-386.00
2025-06-06 15:13:29.459155,599617155001928439,-403.00
2025-06-06 15:13:29.459155,599617155001928439,-413.00
2025-06-06 15:13:29.459155,599617155001928439,-413.00
2025-06-06 15:13:29.459155,599617155001928439,-416.00
2025-06-06 15:13:29.459155,599617155001928439,-408.00
2025-06-06 15:13:29.459155,599617155001928439,-382.00
2025-06-06 15:13:29.459155,599617155001928439,-318.00
2025-06-06 15:13:29.459155,599617155001928439,-216.00
2025-06-06 15:13:29.459155,599617155001928439,-114.00
2025-06-06 15:13:29.459155,599617155001928439,-21.00
2025-06-06 15:13:29.459155,599617155001928439,70.00
2025-06-06 15:13:29.459155,599617155001928439,138.00
2025-06-06 15:13:29.459155,599617155001928439,177.00
2025-06-06 15:13:29.459155,599617155001928439,204.00
2025-06-06 15:13:29.459155,599617155001928439,218.00
2025-06-06 15:13:29.459155,599617155001928439,218.00
2025-06-06 15:13:29.459155,599617155001928439,216.00
2025-06-06 15:13:29.459155,599617155001928439,218.00
2025-06-06 15:13:29.459155,599617155001928439,206.00
2025-06-06 15:13:29.459155,599617155001928439,182.00
2025-06-06 15:13:29.459155,599617155001928439,167.00
2025-06-06 15:13:29.459155,599617155001928439,158.00
2025-06-06 15:13:29.459155,599617155001928439,145.00
2025-06-06 15:13:29.459155,599617155001928439,133.00
2025-06-06 15:13:29.459155,599617155001928439,124.00
2025-06-06 15:13:29.459155,599617155001928439,116.00
2025-06-06 15:13:29.459155,599617155001928439,114.00
2025-06-06 15:13:29.459155,599617155001928439,111.00
2025-06-06 15:13:29.459155,599617155001928439,107.00
2025-06-06 15:13:29.459155,599617155001928439,104.00
2025-06-06 15:13:29.459155,599617155001928439,107.00
2025-06-06 15:13:30.027379,599617155562676342,104.00
2025-06-06 15:13:30.027379,599617155562676342,104.00
2025-06-06 15:13:30.027379,599617155562676342,107.00
2025-06-06 15:13:30.027379,599617155562676342,104.00
2025-06-06 15:13:30.027379,599617155562676342,104.00
2025-06-06 15:13:30.027379,599617155562676342,109.00
2025-06-06 15:13:30.027379,599617155562676342,111.00
2025-06-06 15:13:30.027379,599617155562676342,109.00
2025-06-06 15:13:30.027379,599617155562676342,104.00
2025-06-06 15:13:30.027379,599617155562676342,97.00
2025-06-06 15:13:30.027379,599617155562676342,94.00
2025-06-06 15:13:30.027379,599617155562676342,82.00
2025-06-06 15:13:30.027379,599617155562676342,55.00
2025-06-06 15:13:30.027379,599617155562676342,55.00
2025-06-06 15:13:30.027379,599617155562676342,60.00
2025-06-06 15:13:30.027379,599617155562676342,38.00
2025-06-06 15:13:30.027379,599617155562676342,17.00
2025-06-06 15:13:30.027379,599617155562676342,29.00
2025-06-06 15:13:30.027379,599617155562676342,65.00
2025-06-06 15:13:30.027379,599617155562676342,77.00
2025-06-06 15:13:30.027379,599617155562676342,65.00
2025-06-06 15:13:30.027379,599617155562676342,63.00
2025-06-06 15:13:30.027379,599617155562676342,63.00
2025-06-06 15:13:30.027379,599617155562676342,60.00
2025-06-06 15:13:30.027379,599617155562676342,63.00
2025-06-06 15:13:30.027379,599617155562676342,60.00
2025-06-06 15:13:30.027379,599617155562676342,53.00
2025-06-06 15:13:30.027379,599617155562676342,48.00
2025-06-06 15:13:30.027379,599617155562676342,43.00
2025-06-06 15:13:30.027379,599617155562676342,38.00
2025-06-06 15:13:30.027379,599617155562676342,43.00
2025-06-06 15:13:30.027379,599617155562676342,-46.00
2025-06-06 15:13:30.027379,599617155562676342,-428.00
2025-06-06 15:13:30.027379,599617155562676342,-997.00
2025-06-06 15:13:30.027379,599617155562676342,-1391.00
2025-06-06 15:13:30.027379,599617155562676342,-1345.00
2025-06-06 15:13:30.027379,599617155562676342,-686.00
2025-06-06 15:13:30.027379,599617155562676342,201.00
2025-06-06 15:13:30.027379,599617155562676342,386.00
2025-06-06 15:13:30.027379,599617155562676342,-9.00
2025-06-06 15:13:30.027379,599617155562676342,-55.00
2025-06-06 15:13:30.027379,599617155562676342,128.00
2025-06-06 15:13:30.027379,599617155562676342,80.00
2025-06-06 15:13:30.027379,599617155562676342,7.00
2025-06-06 15:13:30.027379,599617155562676342,29.00
2025-06-06 15:13:30.027379,599617155562676342,4.00
2025-06-06 15:13:30.027379,599617155562676342,-55.00
2025-06-06 15:13:30.027379,599617155562676342,-75.00
2025-06-06 15:13:30.027379,599617155562676342,-87.00
2025-06-06 15:13:30.027379,599617155562676342,-121.00
2025-06-06 15:13:30.027379,599617155562676342,-150.00
2025-06-06 15:13:30.027379,599617155562676342,-170.00
2025-06-06 15:13:30.027379,599617155562676342,-204.00
2025-06-06 15:13:30.027379,599617155562676342,-240.00
2025-06-06 15:13:30.027379,599617155562676342,-279.00
2025-06-06 15:13:30.027379,599617155562676342,-316.00
2025-06-06 15:13:30.027379,599617155562676342,-350.00
2025-06-06 15:13:30.027379,599617155562676342,-382.00
2025-06-06 15:13:30.027379,599617155562676342,-408.00
2025-06-06 15:13:30.027379,599617155562676342,-423.00
2025-06-06 15:13:30.027379,599617155562676342,-435.00
2025-06-06 15:13:30.027379,599617155562676342,-455.00
2025-06-06 15:13:30.027379,599617155562676342,-447.00
2025-06-06 15:13:30.027379,599617155562676342,-384.00
2025-06-06 15:13:30.027379,599617155562676342,-318.00
2025-06-06 15:13:30.027379,599617155562676342,-262.00
2025-06-06 15:13:30.027379,599617155562676342,-167.00
2025-06-06 15:13:30.027379,599617155562676342,-55.00
2025-06-06 15:13:30.027379,599617155562676342,21.00
2025-06-06 15:13:30.027379,599617155562676342,77.00
2025-06-06 15:13:30.027379,599617155562676342,133.00
2025-06-06 15:13:30.027379,599617155562676342,192.00
2025-06-06 15:13:30.027379,599617155562676342,214.00
2025-06-06 15:13:30.564932,599617156123439505,201.00
2025-06-06 15:13:30.564932,599617156123439505,194.00
2025-06-06 15:13:30.564932,599617156123439505,197.00
2025-06-06 15:13:30.564932,599617156123439505,189.00
2025-06-06 15:13:30.564932,599617156123439505,172.00
2025-06-06 15:13:30.564932,599617156123439505,153.00
2025-06-06 15:13:30.564932,599617156123439505,126.00
2025-06-06 15:13:30.564932,599617156123439505,104.00
2025-06-06 15:13:30.564932,599617156123439505,121.00
2025-06-06 15:13:30.564932,599617156123439505,141.00
2025-06-06 15:13:30.564932,599617156123439505,116.00
2025-06-06 15:13:30.564932,599617156123439505,92.00
2025-06-06 15:13:30.564932,599617156123439505,94.00
2025-06-06 15:13:30.564932,599617156123439505,94.00
2025-06-06 15:13:30.564932,599617156123439505,87.00
2025-06-06 15:13:30.564932,599617156123439505,85.00
2025-06-06 15:13:30.564932,599617156123439505,85.00
2025-06-06 15:13:30.564932,599617156123439505,87.00
2025-06-06 15:13:30.564932,599617156123439505,77.00
2025-06-06 15:13:30.564932,599617156123439505,65.00
2025-06-06 15:13:30.564932,599617156123439505,85.00
2025-06-06 15:13:30.564932,599617156123439505,111.00
2025-06-06 15:13:30.564932,599617156123439505,99.00
2025-06-06 15:13:30.564932,599617156123439505,85.00
2025-06-06 15:13:30.564932,599617156123439505,92.00
2025-06-06 15:13:30.564932,599617156123439505,92.00
2025-06-06 15:13:30.564932,599617156123439505,82.00
2025-06-06 15:13:30.564932,599617156123439505,82.00
2025-06-06 15:13:30.564932,599617156123439505,82.00
2025-06-06 15:13:30.564932,599617156123439505,68.00
2025-06-06 15:13:30.564932,599617156123439505,60.00
2025-06-06 15:13:30.564932,599617156123439505,68.00
2025-06-06 15:13:30.564932,599617156123439505,65.00
2025-06-06 15:13:30.564932,599617156123439505,43.00
2025-06-06 15:13:30.564932,599617156123439505,36.00
2025-06-06 15:13:30.564932,599617156123439505,51.00
2025-06-06 15:13:30.564932,599617156123439505,38.00
2025-06-06 15:13:30.564932,599617156123439505,-9.00
2025-06-06 15:13:30.564932,599617156123439505,-17.00
2025-06-06 15:13:30.564932,599617156123439505,26.00
2025-06-06 15:13:30.564932,599617156123439505,34.00
2025-06-06 15:13:30.564932,599617156123439505,31.00
2025-06-06 15:13:30.564932,599617156123439505,85.00
2025-06-06 15:13:30.564932,599617156123439505,90.00
2025-06-06 15:13:30.564932,599617156123439505,21.00
2025-06-06 15:13:30.564932,599617156123439505,17.00
2025-06-06 15:13:30.564932,599617156123439505,80.00
2025-06-06 15:13:30.564932,599617156123439505,58.00
2025-06-06 15:13:30.564932,599617156123439505,-29.00
2025-06-06 15:13:30.564932,599617156123439505,0.00
2025-06-06 15:13:30.564932,599617156123439505,92.00
2025-06-06 15:13:30.564932,599617156123439505,90.00
2025-06-06 15:13:30.564932,599617156123439505,4.00
2025-06-06 15:13:30.564932,599617156123439505,-274.00
2025-06-06 15:13:30.564932,599617156123439505,-802.00
2025-06-06 15:13:30.564932,599617156123439505,-1279.00
2025-06-06 15:13:30.564932,599617156123439505,-1406.00
2025-06-06 15:13:30.564932,599617156123439505,-968.00
2025-06-06 15:13:30.564932,599617156123439505,-114.00
2025-06-06 15:13:30.564932,599617156123439505,347.00
2025-06-06 15:13:30.564932,599617156123439505,92.00
2025-06-06 15:13:30.564932,599617156123439505,-65.00
2025-06-06 15:13:30.564932,599617156123439505,116.00
2025-06-06 15:13:30.564932,599617156123439505,97.00
2025-06-06 15:13:30.564932,599617156123439505,2.00
2025-06-06 15:13:30.564932,599617156123439505,48.00
2025-06-06 15:13:30.564932,599617156123439505,21.00
2025-06-06 15:13:30.564932,599617156123439505,-29.00
2025-06-06 15:13:30.564932,599617156123439505,-36.00
2025-06-06 15:13:30.564932,599617156123439505,-114.00
2025-06-06 15:13:30.564932,599617156123439505,-158.00
2025-06-06 15:13:30.564932,599617156123439505,-102.00
2025-06-06 15:13:30.564932,599617156123439505,-104.00
2025-06-06 15:13:31.135128,599617156684172152,-187.00
2025-06-06 15:13:31.135128,599617156684172152,-248.00
2025-06-06 15:13:31.135128,599617156684172152,-270.00
2025-06-06 15:13:31.135128,599617156684172152,-301.00
2025-06-06 15:13:31.135128,599617156684172152,-369.00
2025-06-06 15:13:31.135128,599617156684172152,-416.00
2025-06-06 15:13:31.135128,599617156684172152,-386.00
2025-06-06 15:13:31.135128,599617156684172152,-391.00
2025-06-06 15:13:31.135128,599617156684172152,-452.00
2025-06-06 15:13:31.135128,599617156684172152,-445.00
2025-06-06 15:13:31.135128,599617156684172152,-413.00
2025-06-06 15:13:31.135128,599617156684172152,-437.00
2025-06-06 15:13:31.135128,599617156684172152,-430.00
2025-06-06 15:13:31.135128,599617156684172152,-367.00
2025-06-06 15:13:31.135128,599617156684172152,-257.00
2025-06-06 15:13:31.135128,599617156684172152,-121.00
2025-06-06 15:13:31.135128,599617156684172152,-24.00
2025-06-06 15:13:31.135128,599617156684172152,36.00
2025-06-06 15:13:31.135128,599617156684172152,99.00
2025-06-06 15:13:31.135128,599617156684172152,143.00
2025-06-06 15:13:31.135128,599617156684172152,165.00
2025-06-06 15:13:31.135128,599617156684172152,214.00
2025-06-06 15:13:31.135128,599617156684172152,240.00
2025-06-06 15:13:31.135128,599617156684172152,197.00
2025-06-06 15:13:31.135128,599617156684172152,158.00
2025-06-06 15:13:31.135128,599617156684172152,175.00
2025-06-06 15:13:31.135128,599617156684172152,175.00
2025-06-06 15:13:31.135128,599617156684172152,155.00
2025-06-06 15:13:31.135128,599617156684172152,155.00
2025-06-06 15:13:31.135128,599617156684172152,133.00
2025-06-06 15:13:31.135128,599617156684172152,92.00
2025-06-06 15:13:31.135128,599617156684172152,109.00
2025-06-06 15:13:31.135128,599617156684172152,141.00
2025-06-06 15:13:31.135128,599617156684172152,114.00
2025-06-06 15:13:31.135128,599617156684172152,80.00
2025-06-06 15:13:31.135128,599617156684172152,85.00
2025-06-06 15:13:31.135128,599617156684172152,90.00
2025-06-06 15:13:31.135128,599617156684172152,82.00
2025-06-06 15:13:31.135128,599617156684172152,92.00
2025-06-06 15:13:31.135128,599617156684172152,104.00
2025-06-06 15:13:31.135128,599617156684172152,80.00
2025-06-06 15:13:31.135128,599617156684172152,63.00
2025-06-06 15:13:31.135128,599617156684172152,70.00
2025-06-06 15:13:31.135128,599617156684172152,75.00
2025-06-06 15:13:31.135128,599617156684172152,111.00
2025-06-06 15:13:31.135128,599617156684172152,143.00
2025-06-06 15:13:31.135128,599617156684172152,102.00
2025-06-06 15:13:31.135128,599617156684172152,46.00
2025-06-06 15:13:31.135128,599617156684172152,60.00
2025-06-06 15:13:31.135128,599617156684172152,99.00
2025-06-06 15:13:31.135128,599617156684172152,92.00
2025-06-06 15:13:31.135128,599617156684172152,75.00
2025-06-06 15:13:31.135128,599617156684172152,87.00
2025-06-06 15:13:31.135128,599617156684172152,99.00
2025-06-06 15:13:31.135128,599617156684172152,82.00
2025-06-06 15:13:31.135128,599617156684172152,17.00
2025-06-06 15:13:31.135128,599617156684172152,-12.00
2025-06-06 15:13:31.135128,599617156684172152,53.00
2025-06-06 15:13:31.135128,599617156684172152,72.00
2025-06-06 15:13:31.135128,599617156684172152,29.00
2025-06-06 15:13:31.135128,599617156684172152,-12.00
2025-06-06 15:13:31.135128,599617156684172152,-4.00
2025-06-06 15:13:31.135128,599617156684172152,55.00
2025-06-06 15:13:31.135128,599617156684172152,55.00
2025-06-06 15:13:31.135128,599617156684172152,12.00
2025-06-06 15:13:31.135128,599617156684172152,38.00
2025-06-06 15:13:31.135128,599617156684172152,68.00
2025-06-06 15:13:31.135128,599617156684172152,34.00
2025-06-06 15:13:31.135128,599617156684172152,19.00
2025-06-06 15:13:31.135128,599617156684172152,58.00
2025-06-06 15:13:31.135128,599617156684172152,65.00
2025-06-06 15:13:31.135128,599617156684172152,34.00
2025-06-06 15:13:31.135128,599617156684172152,26.00
