Timestamp,Device Timestamp (ns),ECG Value (uV)
2025-12-25 16:58:35.210358,599620037753382845,-82.00
2025-12-25 16:58:35.210358,599620037753382845,-71.00
2025-12-25 16:58:35.210358,599620037753382845,-55.00
2025-12-25 16:58:35.210358,599620037753382845,-41.00
2025-12-25 16:58:35.210358,599620037753382845,-29.00
2025-12-25 16:58:35.210358,599620037753382845,-39.00
2025-12-25 16:58:35.210358,599620037753382845,-68.00
2025-12-25 16:58:35.210358,599620037753382845,-78.00
2025-12-25 16:58:35.210358,599620037753382845,-68.00
2025-12-25 16:58:35.210358,599620037753382845,-66.00
2025-12-25 16:58:35.210358,599620037753382845,-75.00
2025-12-25 16:58:35.210358,599620037753382845,-78.00
2025-12-25 16:58:35.210358,599620037753382845,-78.00
2025-12-25 16:58:35.210358,599620037753382845,-82.00
2025-12-25 16:58:35.210358,599620037753382845,-85.00
2025-12-25 16:58:35.210358,599620037753382845,-64.00
2025-12-25 16:58:35.210358,599620037753382845,36.00
2025-12-25 16:58:35.210358,599620037753382845,310.00
2025-12-25 16:58:35.210358,599620037753382845,588.00
2025-12-25 16:58:35.210358,599620037753382845,319.00
2025-12-25 16:58:35.210358,599620037753382845,-606.00
2025-12-25 16:58:35.210358,599620037753382845,-1117.00
2025-12-25 16:58:35.210358,599620037753382845,-627.00
2025-12-25 16:58:35.210358,599620037753382845,-121.00
2025-12-25 16:58:35.210358,599620037753382845,-101.00
2025-12-25 16:58:35.210358,599620037753382845,-89.00
2025-12-25 16:58:35.210358,599620037753382845,-18.00
2025-12-25 16:58:35.210358,599620037753382845,-29.00
2025-12-25 16:58:35.210358,599620037753382845,-39.00
2025-12-25 16:58:35.210358,599620037753382845,-11.00
2025-12-25 16:58:35.210358,599620037753382845,-6.00
2025-12-25 16:58:35.210358,599620037753382845,-11.00
2025-12-25 16:58:35.210358,599620037753382845,0.00
2025-12-25 16:58:35.210358,599620037753382845,4.00
2025-12-25 16:58:35.210358,599620037753382845,2.00
2025-12-25 16:58:35.210358,599620037753382845,6.00
2025-12-25 16:58:35.210358,599620037753382845,11.00
2025-12-25 16:58:35.210358,599620037753382845,16.00
2025-12-25 16:58:35.210358,599620037753382845,20.00
2025-12-25 16:58:35.210358,599620037753382845,22.00
2025-12-25 16:58:35.210358,599620037753382845,27.00
2025-12-25 16:58:35.210358,599620037753382845,32.00
2025-12-25 16:58:35.210358,599620037753382845,36.00
2025-12-25 16:58:35.210358,599620037753382845,43.00
2025-12-25 16:58:35.210358,599620037753382845,52.00
2025-12-25 16:58:35.210358,599620037753382845,62.00
2025-12-25 16:58:35.210358,599620037753382845,66.00
2025-12-25 16:58:35.210358,599620037753382845,71.00
2025-12-25 16:58:35.210358,599620037753382845,73.00
2025-12-25 16:58:35.210358,599620037753382845,73.00
2025-12-25 16:58:35.210358,599620037753382845,68.00
2025-12-25 16:58:35.210358,599620037753382845,64.00
2025-12-25 16:58:35.210358,599620037753382845,50.00
2025-12-25 16:58:35.210358,599620037753382845,20.00
2025-12-25 16:58:35.210358,599620037753382845,-13.00
2025-12-25 16:58:35.210358,599620037753382845,-48.00
2025-12-25 16:58:35.210358,599620037753382845,-75.00
2025-12-25 16:58:35.210358,599620037753382845,-101.00
2025-12-25 16:58:35.210358,599620037753382845,-119.00
2025-12-25 16:58:35.210358,599620037753382845,-128.00
2025-12-25 16:58:35.210358,599620037753382845,-133.00
2025-12-25 16:58:35.210358,599620037753382845,-131.00
2025-12-25 16:58:35.210358,599620037753382845,-121.00
2025-12-25 16:58:35.210358,599620037753382845,-119.00
2025-12-25 16:58:35.210358,599620037753382845,-119.00
2025-12-25 16:58:35.210358,599620037753382845,-117.00
2025-12-25 16:58:35.210358,599620037753382845,-112.00
2025-12-25 16:58:35.210358,599620037753382845,-108.00
2025-12-25 16:58:35.210358,599620037753382845,-101.00
2025-12-25 16:58:35.210358,599620037753382845,-94.00
2025-12-25 16:58:35.210358,599620037753382845,-89.00
2025-12-25 16:58:35.210358,599620037753382845,-82.00
2025-12-25 16:58:35.210358,599620037753382845,-78.00
2025-12-25 16:58:35.656336,599620038314257908,-71.00
2025-12-25 16:58:35.656336,599620038314257908,-59.00
2025-12-25 16:58:35.656336,599620038314257908,-55.00
2025-12-25 16:58:35.656336,599620038314257908,-59.00
2025-12-25 16:58:35.656336,599620038314257908,-64.00
2025-12-25 16:58:35.656336,599620038314257908,-64.00
2025-12-25 16:58:35.656336,599620038314257908,-62.00
2025-12-25 16:58:35.656336,599620038314257908,-62.00
2025-12-25 16:58:35.656336,599620038314257908,-64.00
2025-12-25 16:58:35.656336,599620038314257908,-66.00
2025-12-25 16:58:35.656336,599620038314257908,-68.00
2025-12-25 16:58:35.656336,599620038314257908,-59.00
2025-12-25 16:58:35.656336,599620038314257908,-50.00
2025-12-25 16:58:35.656336,599620038314257908,-55.00
2025-12-25 16:58:35.656336,599620038314257908,-62.00
2025-12-25 16:58:35.656336,599620038314257908,-59.00
2025-12-25 16:58:35.656336,599620038314257908,-59.00
2025-12-25 16:58:35.656336,599620038314257908,-62.00
2025-12-25 16:58:35.656336,599620038314257908,-64.00
2025-12-25 16:58:35.656336,599620038314257908,-64.00
2025-12-25 16:58:35.656336,599620038314257908,-59.00
2025-12-25 16:58:35.656336,599620038314257908,-55.00
2025-12-25 16:58:35.656336,599620038314257908,-57.00
2025-12-25 16:58:35.656336,599620038314257908,-59.00
2025-12-25 16:58:35.656336,599620038314257908,-57.00
2025-12-25 16:58:35.656336,599620038314257908,-59.00
2025-12-25 16:58:35.656336,599620038314257908,-66.00
2025-12-25 16:58:35.656336,599620038314257908,-73.00
2025-12-25 16:58:35.656336,599620038314257908,-66.00
2025-12-25 16:58:35.656336,599620038314257908,-57.00
2025-12-25 16:58:35.656336,599620038314257908,-45.00
2025-12-25 16:58:35.656336,599620038314257908,-27.00
2025-12-25 16:58:35.656336,599620038314257908,-22.00
2025-12-25 16:58:35.656336,599620038314257908,-50.00
2025-12-25 16:58:35.656336,599620038314257908,-73.00
2025-12-25 16:58:35.656336,599620038314257908,-75.00
2025-12-25 16:58:35.656336,599620038314257908,-78.00
2025-12-25 16:58:35.656336,599620038314257908,-85.00
2025-12-25 16:58:35.656336,599620038314257908,-87.00
2025-12-25 16:58:35.656336,599620038314257908,-87.00
2025-12-25 16:58:35.656336,599620038314257908,-89.00
2025-12-25 16:58:35.656336,599620038314257908,-87.00
2025-12-25 16:58:35.656336,599620038314257908,-89.00
2025-12-25 16:58:35.656336,599620038314257908,-41.00
2025-12-25 16:58:35.656336,599620038314257908,160.00
2025-12-25 16:58:35.656336,599620038314257908,482.00
2025-12-25 16:58:35.656336,599620038314257908,531.00
2025-12-25 16:58:35.656336,599620038314257908,-170.00
2025-12-25 16:58:35.656336,599620038314257908,-1023.00
2025-12-25 16:58:35.656336,599620038314257908,-933.00
2025-12-25 16:58:35.656336,599620038314257908,-310.00
2025-12-25 16:58:35.656336,599620038314257908,-94.00
2025-12-25 16:58:35.656336,599620038314257908,-105.00
2025-12-25 16:58:35.656336,599620038314257908,-36.00
2025-12-25 16:58:35.656336,599620038314257908,-20.00
2025-12-25 16:58:35.656336,599620038314257908,-45.00
2025-12-25 16:58:35.656336,599620038314257908,-27.00
2025-12-25 16:58:35.656336,599620038314257908,-11.00
2025-12-25 16:58:35.656336,599620038314257908,-16.00
2025-12-25 16:58:35.656336,599620038314257908,-11.00
2025-12-25 16:58:35.656336,599620038314257908,-4.00
2025-12-25 16:58:35.656336,599620038314257908,-6.00
2025-12-25 16:58:35.656336,599620038314257908,-6.00
2025-12-25 16:58:35.656336,599620038314257908,2.00
2025-12-25 16:58:35.656336,599620038314257908,4.00
2025-12-25 16:58:35.656336,599620038314257908,6.00
2025-12-25 16:58:35.656336,599620038314257908,20.00
2025-12-25 16:58:35.656336,599620038314257908,32.00
2025-12-25 16:58:35.656336,599620038314257908,34.00
2025-12-25 16:58:35.656336,599620038314257908,41.00
2025-12-25 16:58:35.656336,599620038314257908,50.00
2025-12-25 16:58:35.656336,599620038314257908,50.00
2025-12-25 16:58:35.656336,599620038314257908,57.00
2025-12-25 16:58:36.320587,599620038875122797,73.00
2025-12-25 16:58:36.320587,599620038875122797,80.00
2025-12-25 16:58:36.320587,599620038875122797,85.00
2025-12-25 16:58:36.320587,599620038875122797,94.00
2025-12-25 16:58:36.320587,599620038875122797,94.00
2025-12-25 16:58:36.320587,599620038875122797,80.00
2025-12-25 16:58:36.320587,599620038875122797,66.00
2025-12-25 16:58:36.320587,599620038875122797,52.00
2025-12-25 16:58:36.320587,599620038875122797,29.00
2025-12-25 16:58:36.320587,599620038875122797,-2.00
2025-12-25 16:58:36.320587,599620038875122797,-41.00
2025-12-25 16:58:36.320587,599620038875122797,-73.00
2025-12-25 16:58:36.320587,599620038875122797,-89.00
2025-12-25 16:58:36.320587,599620038875122797,-98.00
2025-12-25 16:58:36.320587,599620038875122797,-105.00
2025-12-25 16:58:36.320587,599620038875122797,-105.00
2025-12-25 16:58:36.320587,599620038875122797,-110.00
2025-12-25 16:58:36.320587,599620038875122797,-119.00
2025-12-25 16:58:36.320587,599620038875122797,-119.00
2025-12-25 16:58:36.320587,599620038875122797,-108.00
2025-12-25 16:58:36.320587,599620038875122797,-103.00
2025-12-25 16:58:36.320587,599620038875122797,-101.00
2025-12-25 16:58:36.320587,599620038875122797,-91.00
2025-12-25 16:58:36.320587,599620038875122797,-89.00
2025-12-25 16:58:36.320587,599620038875122797,-89.00
2025-12-25 16:58:36.320587,599620038875122797,-80.00
2025-12-25 16:58:36.320587,599620038875122797,-75.00
2025-12-25 16:58:36.320587,599620038875122797,-78.00
2025-12-25 16:58:36.320587,599620038875122797,-78.00
2025-12-25 16:58:36.320587,599620038875122797,-73.00
2025-12-25 16:58:36.320587,599620038875122797,-73.00
2025-12-25 16:58:36.320587,599620038875122797,-78.00
2025-12-25 16:58:36.320587,599620038875122797,-78.00
2025-12-25 16:58:36.320587,599620038875122797,-78.00
2025-12-25 16:58:36.320587,599620038875122797,-80.00
2025-12-25 16:58:36.320587,599620038875122797,-85.00
2025-12-25 16:58:36.320587,599620038875122797,-87.00
2025-12-25 16:58:36.320587,599620038875122797,-87.00
2025-12-25 16:58:36.320587,599620038875122797,-85.00
2025-12-25 16:58:36.320587,599620038875122797,-87.00
2025-12-25 16:58:36.320587,599620038875122797,-91.00
2025-12-25 16:58:36.320587,599620038875122797,-91.00
2025-12-25 16:58:36.320587,599620038875122797,-94.00
2025-12-25 16:58:36.320587,599620038875122797,-94.00
2025-12-25 16:58:36.320587,599620038875122797,-87.00
2025-12-25 16:58:36.320587,599620038875122797,-85.00
2025-12-25 16:58:36.320587,599620038875122797,-87.00
2025-12-25 16:58:36.320587,599620038875122797,-94.00
2025-12-25 16:58:36.320587,599620038875122797,-96.00
2025-12-25 16:58:36.320587,599620038875122797,-94.00
2025-12-25 16:58:36.320587,599620038875122797,-87.00
2025-12-25 16:58:36.320587,599620038875122797,-85.00
2025-12-25 16:58:36.320587,599620038875122797,-73.00
2025-12-25 16:58:36.320587,599620038875122797,-57.00
2025-12-25 16:58:36.320587,599620038875122797,-57.00
2025-12-25 16:58:36.320587,599620038875122797,-80.00
2025-12-25 16:58:36.320587,599620038875122797,-91.00
2025-12-25 16:58:36.320587,599620038875122797,-91.00
2025-12-25 16:58:36.320587,599620038875122797,-98.00
2025-12-25 16:58:36.320587,599620038875122797,-96.00
2025-12-25 16:58:36.320587,599620038875122797,-87.00
2025-12-25 16:58:36.320587,599620038875122797,-87.00
2025-12-25 16:58:36.320587,599620038875122797,-89.00
2025-12-25 16:58:36.320587,599620038875122797,-89.00
2025-12-25 16:58:36.320587,599620038875122797,-78.00
2025-12-25 16:58:36.320587,599620038875122797,9.00
2025-12-25 16:58:36.320587,599620038875122797,273.00
2025-12-25 16:58:36.320587,599620038875122797,604.00
2025-12-25 16:58:36.320587,599620038875122797,468.00
2025-12-25 16:58:36.320587,599620038875122797,-420.00
2025-12-25 16:58:36.320587,599620038875122797,-1117.00
2025-12-25 16:58:36.320587,599620038875122797,-800.00
2025-12-25 16:58:36.320587,599620038875122797,-259.00
2025-12-25 16:58:36.813730,599620039435987688,-144.00
2025-12-25 16:58:36.813730,599620039435987688,-98.00
2025-12-25 16:58:36.813730,599620039435987688,-20.00
2025-12-25 16:58:36.813730,599620039435987688,-32.00
2025-12-25 16:58:36.813730,599620039435987688,-39.00
2025-12-25 16:58:36.813730,599620039435987688,-11.00
2025-12-25 16:58:36.813730,599620039435987688,-6.00
2025-12-25 16:58:36.813730,599620039435987688,-11.00
2025-12-25 16:58:36.813730,599620039435987688,-6.00
2025-12-25 16:58:36.813730,599620039435987688,-2.00
2025-12-25 16:58:36.813730,599620039435987688,0.00
2025-12-25 16:58:36.813730,599620039435987688,13.00
2025-12-25 16:58:36.813730,599620039435987688,29.00
2025-12-25 16:58:36.813730,599620039435987688,32.00
2025-12-25 16:58:36.813730,599620039435987688,32.00
2025-12-25 16:58:36.813730,599620039435987688,36.00
2025-12-25 16:58:36.813730,599620039435987688,41.00
2025-12-25 16:58:36.813730,599620039435987688,52.00
2025-12-25 16:58:36.813730,599620039435987688,73.00
2025-12-25 16:58:36.813730,599620039435987688,80.00
2025-12-25 16:58:36.813730,599620039435987688,80.00
2025-12-25 16:58:36.813730,599620039435987688,87.00
2025-12-25 16:58:36.813730,599620039435987688,98.00
2025-12-25 16:58:36.813730,599620039435987688,105.00
2025-12-25 16:58:36.813730,599620039435987688,108.00
2025-12-25 16:58:36.813730,599620039435987688,108.00
2025-12-25 16:58:36.813730,599620039435987688,103.00
2025-12-25 16:58:36.813730,599620039435987688,91.00
2025-12-25 16:58:36.813730,599620039435987688,75.00
2025-12-25 16:58:36.813730,599620039435987688,50.00
2025-12-25 16:58:36.813730,599620039435987688,16.00
2025-12-25 16:58:36.813730,599620039435987688,-25.00
2025-12-25 16:58:36.813730,599620039435987688,-66.00
2025-12-25 16:58:36.813730,599620039435987688,-96.00
2025-12-25 16:58:36.813730,599620039435987688,-112.00
2025-12-25 16:58:36.813730,599620039435987688,-117.00
2025-12-25 16:58:36.813730,599620039435987688,-119.00
2025-12-25 16:58:36.813730,599620039435987688,-121.00
2025-12-25 16:58:36.813730,599620039435987688,-124.00
2025-12-25 16:58:36.813730,599620039435987688,-126.00
2025-12-25 16:58:36.813730,599620039435987688,-126.00
2025-12-25 16:58:36.813730,599620039435987688,-119.00
2025-12-25 16:58:36.813730,599620039435987688,-114.00
2025-12-25 16:58:36.813730,599620039435987688,-112.00
2025-12-25 16:58:36.813730,599620039435987688,-110.00
2025-12-25 16:58:36.813730,599620039435987688,-103.00
2025-12-25 16:58:36.813730,599620039435987688,-96.00
2025-12-25 16:58:36.813730,599620039435987688,-94.00
2025-12-25 16:58:36.813730,599620039435987688,-89.00
2025-12-25 16:58:36.813730,599620039435987688,-80.00
2025-12-25 16:58:36.813730,599620039435987688,-75.00
2025-12-25 16:58:36.813730,599620039435987688,-78.00
2025-12-25 16:58:36.813730,599620039435987688,-75.00
2025-12-25 16:58:36.813730,599620039435987688,-66.00
2025-12-25 16:58:36.813730,599620039435987688,-62.00
2025-12-25 16:58:36.813730,599620039435987688,-68.00
2025-12-25 16:58:36.813730,599620039435987688,-73.00
2025-12-25 16:58:36.813730,599620039435987688,-71.00
2025-12-25 16:58:36.813730,599620039435987688,-68.00
2025-12-25 16:58:36.813730,599620039435987688,-71.00
2025-12-25 16:58:36.813730,599620039435987688,-71.00
2025-12-25 16:58:36.813730,599620039435987688,-73.00
2025-12-25 16:58:36.813730,599620039435987688,-80.00
2025-12-25 16:58:36.813730,599620039435987688,-78.00
2025-12-25 16:58:36.813730,599620039435987688,-73.00
2025-12-25 16:58:36.813730,599620039435987688,-75.00
2025-12-25 16:58:36.813730,599620039435987688,-73.00
2025-12-25 16:58:36.813730,599620039435987688,-62.00
2025-12-25 16:58:36.813730,599620039435987688,-62.00
2025-12-25 16:58:36.813730,599620039435987688,-73.00
2025-12-25 16:58:36.813730,599620039435987688,-68.00
2025-12-25 16:58:36.813730,599620039435987688,-64.00
2025-12-25 16:58:36.813730,599620039435987688,-75.00
2025-12-25 16:58:37.375382,599620039996862749,-85.00
2025-12-25 16:58:37.375382,599620039996862749,-75.00
2025-12-25 16:58:37.375382,599620039996862749,-64.00
2025-12-25 16:58:37.375382,599620039996862749,-48.00
2025-12-25 16:58:37.375382,599620039996862749,-25.00
2025-12-25 16:58:37.375382,599620039996862749,-32.00
2025-12-25 16:58:37.375382,599620039996862749,-64.00
2025-12-25 16:58:37.375382,599620039996862749,-80.00
2025-12-25 16:58:37.375382,599620039996862749,-68.00
2025-12-25 16:58:37.375382,599620039996862749,-62.00
2025-12-25 16:58:37.375382,599620039996862749,-68.00
2025-12-25 16:58:37.375382,599620039996862749,-66.00
2025-12-25 16:58:37.375382,599620039996862749,-62.00
2025-12-25 16:58:37.375382,599620039996862749,-68.00
2025-12-25 16:58:37.375382,599620039996862749,-64.00
2025-12-25 16:58:37.375382,599620039996862749,-36.00
2025-12-25 16:58:37.375382,599620039996862749,55.00
2025-12-25 16:58:37.375382,599620039996862749,305.00
2025-12-25 16:58:37.375382,599620039996862749,618.00
2025-12-25 16:58:37.375382,599620039996862749,473.00
2025-12-25 16:58:37.375382,599620039996862749,-409.00
2025-12-25 16:58:37.375382,599620039996862749,-1089.00
2025-12-25 16:58:37.375382,599620039996862749,-742.00
2025-12-25 16:58:37.375382,599620039996862749,-183.00
2025-12-25 16:58:37.375382,599620039996862749,-94.00
2025-12-25 16:58:37.375382,599620039996862749,-78.00
2025-12-25 16:58:37.375382,599620039996862749,6.00
2025-12-25 16:58:37.375382,599620039996862749,-2.00
2025-12-25 16:58:37.375382,599620039996862749,-27.00
2025-12-25 16:58:37.375382,599620039996862749,-2.00
2025-12-25 16:58:37.375382,599620039996862749,6.00
2025-12-25 16:58:37.375382,599620039996862749,-2.00
2025-12-25 16:58:37.375382,599620039996862749,2.00
2025-12-25 16:58:37.375382,599620039996862749,6.00
2025-12-25 16:58:37.375382,599620039996862749,6.00
2025-12-25 16:58:37.375382,599620039996862749,13.00
2025-12-25 16:58:37.375382,599620039996862749,16.00
2025-12-25 16:58:37.375382,599620039996862749,9.00
2025-12-25 16:58:37.375382,599620039996862749,13.00
2025-12-25 16:58:37.375382,599620039996862749,25.00
2025-12-25 16:58:37.375382,599620039996862749,32.00
2025-12-25 16:58:37.375382,599620039996862749,36.00
2025-12-25 16:58:37.375382,599620039996862749,45.00
2025-12-25 16:58:37.375382,599620039996862749,52.00
2025-12-25 16:58:37.375382,599620039996862749,59.00
2025-12-25 16:58:37.375382,599620039996862749,75.00
2025-12-25 16:58:37.375382,599620039996862749,91.00
2025-12-25 16:58:37.375382,599620039996862749,94.00
2025-12-25 16:58:37.375382,599620039996862749,94.00
2025-12-25 16:58:37.375382,599620039996862749,96.00
2025-12-25 16:58:37.375382,599620039996862749,94.00
2025-12-25 16:58:37.375382,599620039996862749,82.00
2025-12-25 16:58:37.375382,599620039996862749,62.00
2025-12-25 16:58:37.375382,599620039996862749,34.00
2025-12-25 16:58:37.375382,599620039996862749,-9.00
2025-12-25 16:58:37.375382,599620039996862749,-52.00
2025-12-25 16:58:37.375382,599620039996862749,-87.00
2025-12-25 16:58:37.375382,599620039996862749,-110.00
2025-12-25 16:58:37.375382,599620039996862749,-128.00
2025-12-25 16:58:37.375382,599620039996862749,-137.00
2025-12-25 16:58:37.375382,599620039996862749,-142.00
2025-12-25 16:58:37.375382,599620039996862749,-144.00
2025-12-25 16:58:37.375382,599620039996862749,-142.00
2025-12-25 16:58:37.375382,599620039996862749,-142.00
2025-12-25 16:58:37.375382,599620039996862749,-144.00
2025-12-25 16:58:37.375382,599620039996862749,-142.00
2025-12-25 16:58:37.375382,599620039996862749,-135.00
2025-12-25 16:58:37.375382,599620039996862749,-131.00
2025-12-25 16:58:37.375382,599620039996862749,-126.00
2025-12-25 16:58:37.375382,599620039996862749,-124.00
2025-12-25 16:58:37.375382,599620039996862749,-117.00
2025-12-25 16:58:37.375382,599620039996862749,-112.00
2025-12-25 16:58:37.375382,599620039996862749,-110.00
2025-12-25 16:58:38.016695,599620040557717468,-108.00
2025-12-25 16:58:38.016695,599620040557717468,-101.00
2025-12-25 16:58:38.016695,599620040557717468,-94.00
2025-12-25 16:58:38.016695,599620040557717468,-89.00
2025-12-25 16:58:38.016695,599620040557717468,-87.00
2025-12-25 16:58:38.016695,599620040557717468,-85.00
2025-12-25 16:58:38.016695,599620040557717468,-75.00
2025-12-25 16:58:38.016695,599620040557717468,-62.00
2025-12-25 16:58:38.016695,599620040557717468,-66.00
2025-12-25 16:58:38.016695,599620040557717468,-78.00
2025-12-25 16:58:38.016695,599620040557717468,-75.00
2025-12-25 16:58:38.016695,599620040557717468,-66.00
2025-12-25 16:58:38.016695,599620040557717468,-57.00
2025-12-25 16:58:38.016695,599620040557717468,-52.00
2025-12-25 16:58:38.016695,599620040557717468,-59.00
2025-12-25 16:58:38.016695,599620040557717468,-64.00
2025-12-25 16:58:38.016695,599620040557717468,-57.00
2025-12-25 16:58:38.016695,599620040557717468,-52.00
2025-12-25 16:58:38.016695,599620040557717468,-52.00
2025-12-25 16:58:38.016695,599620040557717468,-62.00
2025-12-25 16:58:38.016695,599620040557717468,-68.00
2025-12-25 16:58:38.016695,599620040557717468,-64.00
2025-12-25 16:58:38.016695,599620040557717468,-55.00
2025-12-25 16:58:38.016695,599620040557717468,-36.00
2025-12-25 16:58:38.016695,599620040557717468,-20.00
2025-12-25 16:58:38.016695,599620040557717468,-36.00
2025-12-25 16:58:38.016695,599620040557717468,-66.00
2025-12-25 16:58:38.016695,599620040557717468,-71.00
2025-12-25 16:58:38.016695,599620040557717468,-71.00
2025-12-25 16:58:38.016695,599620040557717468,-78.00
2025-12-25 16:58:38.016695,599620040557717468,-78.00
2025-12-25 16:58:38.016695,599620040557717468,-78.00
2025-12-25 16:58:38.016695,599620040557717468,-87.00
2025-12-25 16:58:38.016695,599620040557717468,-91.00
2025-12-25 16:58:38.016695,599620040557717468,-89.00
2025-12-25 16:58:38.016695,599620040557717468,-64.00
2025-12-25 16:58:38.016695,599620040557717468,80.00
2025-12-25 16:58:38.016695,599620040557717468,429.00
2025-12-25 16:58:38.016695,599620040557717468,698.00
2025-12-25 16:58:38.016695,599620040557717468,227.00
2025-12-25 16:58:38.016695,599620040557717468,-832.00
2025-12-25 16:58:38.016695,599620040557717468,-1158.00
2025-12-25 16:58:38.016695,599620040557717468,-508.00
2025-12-25 16:58:38.016695,599620040557717468,-82.00
2025-12-25 16:58:38.016695,599620040557717468,-117.00
2025-12-25 16:58:38.016695,599620040557717468,-68.00
2025-12-25 16:58:38.016695,599620040557717468,-2.00
2025-12-25 16:58:38.016695,599620040557717468,-32.00
2025-12-25 16:58:38.016695,599620040557717468,-32.00
2025-12-25 16:58:38.016695,599620040557717468,0.00
2025-12-25 16:58:38.016695,599620040557717468,0.00
2025-12-25 16:58:38.016695,599620040557717468,-6.00
2025-12-25 16:58:38.016695,599620040557717468,2.00
2025-12-25 16:58:38.016695,599620040557717468,9.00
2025-12-25 16:58:38.016695,599620040557717468,9.00
2025-12-25 16:58:38.016695,599620040557717468,13.00
2025-12-25 16:58:38.016695,599620040557717468,16.00
2025-12-25 16:58:38.016695,599620040557717468,18.00
2025-12-25 16:58:38.016695,599620040557717468,25.00
2025-12-25 16:58:38.016695,599620040557717468,32.00
2025-12-25 16:58:38.016695,599620040557717468,36.00
2025-12-25 16:58:38.016695,599620040557717468,41.00
2025-12-25 16:58:38.016695,599620040557717468,48.00
2025-12-25 16:58:38.016695,599620040557717468,57.00
2025-12-25 16:58:38.016695,599620040557717468,71.00
2025-12-25 16:58:38.016695,599620040557717468,80.00
2025-12-25 16:58:38.016695,599620040557717468,89.00
2025-12-25 16:58:38.016695,599620040557717468,94.00
2025-12-25 16:58:38.016695,599620040557717468,94.00
2025-12-25 16:58:38.016695,599620040557717468,91.00
2025-12-25 16:58:38.016695,599620040557717468,87.00
2025-12-25 16:58:38.016695,599620040557717468,73.00
2025-12-25 16:58:38.016695,599620040557717468,39.00
2025-12-25 16:58:38.585490,599620041118597619,-6.00
2025-12-25 16:58:38.585490,599620041118597619,-52.00
2025-12-25 16:58:38.585490,599620041118597619,-94.00
2025-12-25 16:58:38.585490,599620041118597619,-114.00
2025-12-25 16:58:38.585490,599620041118597619,-119.00
2025-12-25 16:58:38.585490,599620041118597619,-133.00
2025-12-25 16:58:38.585490,599620041118597619,-144.00
2025-12-25 16:58:38.585490,599620041118597619,-147.00
2025-12-25 16:58:38.585490,599620041118597619,-140.00
2025-12-25 16:58:38.585490,599620041118597619,-137.00
2025-12-25 16:58:38.585490,599620041118597619,-135.00
2025-12-25 16:58:38.585490,599620041118597619,-131.00
2025-12-25 16:58:38.585490,599620041118597619,-126.00
2025-12-25 16:58:38.585490,599620041118597619,-121.00
2025-12-25 16:58:38.585490,599620041118597619,-119.00
2025-12-25 16:58:38.585490,599620041118597619,-103.00
2025-12-25 16:58:38.585490,599620041118597619,-85.00
2025-12-25 16:58:38.585490,599620041118597619,-87.00
2025-12-25 16:58:38.585490,599620041118597619,-89.00
2025-12-25 16:58:38.585490,599620041118597619,-85.00
2025-12-25 16:58:38.585490,599620041118597619,-80.00
2025-12-25 16:58:38.585490,599620041118597619,-64.00
2025-12-25 16:58:38.585490,599620041118597619,-55.00
2025-12-25 16:58:38.585490,599620041118597619,-62.00
2025-12-25 16:58:38.585490,599620041118597619,-66.00
2025-12-25 16:58:38.585490,599620041118597619,-64.00
2025-12-25 16:58:38.585490,599620041118597619,-64.00
2025-12-25 16:58:38.585490,599620041118597619,-66.00
2025-12-25 16:58:38.585490,599620041118597619,-68.00
2025-12-25 16:58:38.585490,599620041118597619,-71.00
2025-12-25 16:58:38.585490,599620041118597619,-68.00
2025-12-25 16:58:38.585490,599620041118597619,-62.00
2025-12-25 16:58:38.585490,599620041118597619,-52.00
2025-12-25 16:58:38.585490,599620041118597619,-50.00
2025-12-25 16:58:38.585490,599620041118597619,-52.00
2025-12-25 16:58:38.585490,599620041118597619,-50.00
2025-12-25 16:58:38.585490,599620041118597619,-55.00
2025-12-25 16:58:38.585490,599620041118597619,-59.00
2025-12-25 16:58:38.585490,599620041118597619,-57.00
2025-12-25 16:58:38.585490,599620041118597619,-52.00
2025-12-25 16:58:38.585490,599620041118597619,-52.00
2025-12-25 16:58:38.585490,599620041118597619,-57.00
2025-12-25 16:58:38.585490,599620041118597619,-66.00
2025-12-25 16:58:38.585490,599620041118597619,-68.00
2025-12-25 16:58:38.585490,599620041118597619,-57.00
2025-12-25 16:58:38.585490,599620041118597619,-41.00
2025-12-25 16:58:38.585490,599620041118597619,-22.00
2025-12-25 16:58:38.585490,599620041118597619,-27.00
2025-12-25 16:58:38.585490,599620041118597619,-55.00
2025-12-25 16:58:38.585490,599620041118597619,-68.00
2025-12-25 16:58:38.585490,599620041118597619,-66.00
2025-12-25 16:58:38.585490,599620041118597619,-68.00
2025-12-25 16:58:38.585490,599620041118597619,-75.00
2025-12-25 16:58:38.585490,599620041118597619,-80.00
2025-12-25 16:58:38.585490,599620041118597619,-80.00
2025-12-25 16:58:38.585490,599620041118597619,-78.00
2025-12-25 16:58:38.585490,599620041118597619,-75.00
2025-12-25 16:58:38.585490,599620041118597619,-80.00
2025-12-25 16:58:38.585490,599620041118597619,-32.00
2025-12-25 16:58:38.585490,599620041118597619,209.00
2025-12-25 16:58:38.585490,599620041118597619,600.00
2025-12-25 16:58:38.585490,599620041118597619,620.00
2025-12-25 16:58:38.585490,599620041118597619,-255.00
2025-12-25 16:58:38.585490,599620041118597619,-1193.00
2025-12-25 16:58:38.585490,599620041118597619,-928.00
2025-12-25 16:58:38.585490,599620041118597619,-179.00
2025-12-25 16:58:38.585490,599620041118597619,-59.00
2025-12-25 16:58:38.585490,599620041118597619,-147.00
2025-12-25 16:58:38.585490,599620041118597619,-45.00
2025-12-25 16:58:38.585490,599620041118597619,-13.00
2025-12-25 16:58:38.585490,599620041118597619,-57.00
2025-12-25 16:58:38.585490,599620041118597619,-32.00
2025-12-25 16:58:38.585490,599620041118597619,-4.00
2025-12-25 16:58:39.156760,599620041679477768,-16.00
2025-12-25 16:58:39.156760,599620041679477768,-11.00
2025-12-25 16:58:39.156760,599620041679477768,4.00
2025-12-25 16:58:39.156760,599620041679477768,0.00
2025-12-25 16:58:39.156760,599620041679477768,-4.00
2025-12-25 16:58:39.156760,599620041679477768,9.00
2025-12-25 16:58:39.156760,599620041679477768,13.00
2025-12-25 16:58:39.156760,599620041679477768,11.00
2025-12-25 16:58:39.156760,599620041679477768,9.00
2025-12-25 16:58:39.156760,599620041679477768,9.00
2025-12-25 16:58:39.156760,599620041679477768,16.00
2025-12-25 16:58:39.156760,599620041679477768,36.00
2025-12-25 16:58:39.156760,599620041679477768,59.00
2025-12-25 16:58:39.156760,599620041679477768,78.00
2025-12-25 16:58:39.156760,599620041679477768,94.00
2025-12-25 16:58:39.156760,599620041679477768,112.00
2025-12-25 16:58:39.156760,599620041679477768,124.00
2025-12-25 16:58:39.156760,599620041679477768,103.00
2025-12-25 16:58:39.156760,599620041679477768,96.00
2025-12-25 16:58:39.156760,599620041679477768,121.00
2025-12-25 16:58:39.156760,599620041679477768,110.00
2025-12-25 16:58:39.156760,599620041679477768,82.00
2025-12-25 16:58:39.156760,599620041679477768,64.00
2025-12-25 16:58:39.156760,599620041679477768,22.00
2025-12-25 16:58:39.156760,599620041679477768,-18.00
2025-12-25 16:58:39.156760,599620041679477768,-50.00
2025-12-25 16:58:39.156760,599620041679477768,-82.00
2025-12-25 16:58:39.156760,599620041679477768,-112.00
2025-12-25 16:58:39.156760,599620041679477768,-126.00
2025-12-25 16:58:39.156760,599620041679477768,-128.00
2025-12-25 16:58:39.156760,599620041679477768,-137.00
2025-12-25 16:58:39.156760,599620041679477768,-137.00
2025-12-25 16:58:39.156760,599620041679477768,-114.00
2025-12-25 16:58:39.156760,599620041679477768,-112.00
2025-12-25 16:58:39.156760,599620041679477768,-124.00
2025-12-25 16:58:39.156760,599620041679477768,-119.00
2025-12-25 16:58:39.156760,599620041679477768,-110.00
2025-12-25 16:58:39.156760,599620041679477768,-112.00
2025-12-25 16:58:39.156760,599620041679477768,-112.00
2025-12-25 16:58:39.156760,599620041679477768,-103.00
2025-12-25 16:58:39.156760,599620041679477768,-96.00
2025-12-25 16:58:39.156760,599620041679477768,-89.00
2025-12-25 16:58:39.156760,599620041679477768,-85.00
2025-12-25 16:58:39.156760,599620041679477768,-89.00
2025-12-25 16:58:39.156760,599620041679477768,-91.00
2025-12-25 16:58:39.156760,599620041679477768,-82.00
2025-12-25 16:58:39.156760,599620041679477768,-89.00
2025-12-25 16:58:39.156760,599620041679477768,-98.00
2025-12-25 16:58:39.156760,599620041679477768,-85.00
2025-12-25 16:58:39.156760,599620041679477768,-80.00
2025-12-25 16:58:39.156760,599620041679477768,-96.00
2025-12-25 16:58:39.156760,599620041679477768,-103.00
2025-12-25 16:58:39.156760,599620041679477768,-98.00
2025-12-25 16:58:39.156760,599620041679477768,-94.00
2025-12-25 16:58:39.156760,599620041679477768,-96.00
2025-12-25 16:58:39.156760,599620041679477768,-98.00
2025-12-25 16:58:39.156760,599620041679477768,-98.00
2025-12-25 16:58:39.156760,599620041679477768,-96.00
2025-12-25 16:58:39.156760,599620041679477768,-91.00
2025-12-25 16:58:39.156760,599620041679477768,-73.00
2025-12-25 16:58:39.156760,599620041679477768,-55.00
2025-12-25 16:58:39.156760,599620041679477768,-62.00
2025-12-25 16:58:39.156760,599620041679477768,-82.00
2025-12-25 16:58:39.156760,599620041679477768,-91.00
2025-12-25 16:58:39.156760,599620041679477768,-82.00
2025-12-25 16:58:39.156760,599620041679477768,-64.00
2025-12-25 16:58:39.156760,599620041679477768,-73.00
2025-12-25 16:58:39.156760,599620041679477768,-96.00
2025-12-25 16:58:39.156760,599620041679477768,-89.00
2025-12-25 16:58:39.156760,599620041679477768,-80.00
2025-12-25 16:58:39.156760,599620041679477768,-89.00
2025-12-25 16:58:39.156760,599620041679477768,-85.00
2025-12-25 16:58:39.156760,599620041679477768,-66.00
2025-12-25 16:58:39.732447,599620042240342657,-45.00
2025-12-25 16:58:39.732447,599620042240342657,-34.00
2025-12-25 16:58:39.732447,599620042240342657,-48.00
2025-12-25 16:58:39.732447,599620042240342657,-66.00
2025-12-25 16:58:39.732447,599620042240342657,-68.00
2025-12-25 16:58:39.732447,599620042240342657,-75.00
2025-12-25 16:58:39.732447,599620042240342657,-89.00
2025-12-25 16:58:39.732447,599620042240342657,-91.00
2025-12-25 16:58:39.732447,599620042240342657,-82.00
2025-12-25 16:58:39.732447,599620042240342657,-75.00
2025-12-25 16:58:39.732447,599620042240342657,-71.00
2025-12-25 16:58:39.732447,599620042240342657,-78.00
2025-12-25 16:58:39.732447,599620042240342657,-71.00
2025-12-25 16:58:39.732447,599620042240342657,43.00
2025-12-25 16:58:39.732447,599620042240342657,344.00
2025-12-25 16:58:39.732447,599620042240342657,636.00
2025-12-25 16:58:39.732447,599620042240342657,365.00
2025-12-25 16:58:39.732447,599620042240342657,-604.00
2025-12-25 16:58:39.732447,599620042240342657,-1163.00
2025-12-25 16:58:39.732447,599620042240342657,-634.00
2025-12-25 16:58:39.732447,599620042240342657,-75.00
2025-12-25 16:58:39.732447,599620042240342657,-78.00
2025-12-25 16:58:39.732447,599620042240342657,-91.00
2025-12-25 16:58:39.732447,599620042240342657,-2.00
2025-12-25 16:58:39.732447,599620042240342657,-9.00
2025-12-25 16:58:39.732447,599620042240342657,-29.00
2025-12-25 16:58:39.732447,599620042240342657,2.00
2025-12-25 16:58:39.732447,599620042240342657,18.00
2025-12-25 16:58:39.732447,599620042240342657,16.00
2025-12-25 16:58:39.732447,599620042240342657,16.00
2025-12-25 16:58:39.732447,599620042240342657,18.00
2025-12-25 16:58:39.732447,599620042240342657,16.00
2025-12-25 16:58:39.732447,599620042240342657,13.00
2025-12-25 16:58:39.732447,599620042240342657,25.00
2025-12-25 16:58:39.732447,599620042240342657,32.00
2025-12-25 16:58:39.732447,599620042240342657,29.00
2025-12-25 16:58:39.732447,599620042240342657,32.00
2025-12-25 16:58:39.732447,599620042240342657,43.00
2025-12-25 16:58:39.732447,599620042240342657,48.00
2025-12-25 16:58:39.732447,599620042240342657,45.00
2025-12-25 16:58:39.732447,599620042240342657,57.00
2025-12-25 16:58:39.732447,599620042240342657,78.00
2025-12-25 16:58:39.732447,599620042240342657,82.00
2025-12-25 16:58:39.732447,599620042240342657,85.00
2025-12-25 16:58:39.732447,599620042240342657,91.00
2025-12-25 16:58:39.732447,599620042240342657,98.00
2025-12-25 16:58:39.732447,599620042240342657,101.00
2025-12-25 16:58:39.732447,599620042240342657,96.00
2025-12-25 16:58:39.732447,599620042240342657,82.00
2025-12-25 16:58:39.732447,599620042240342657,64.00
2025-12-25 16:58:39.732447,599620042240342657,32.00
2025-12-25 16:58:39.732447,599620042240342657,-13.00
2025-12-25 16:58:39.732447,599620042240342657,-59.00
2025-12-25 16:58:39.732447,599620042240342657,-94.00
2025-12-25 16:58:39.732447,599620042240342657,-114.00
2025-12-25 16:58:39.732447,599620042240342657,-131.00
2025-12-25 16:58:39.732447,599620042240342657,-140.00
2025-12-25 16:58:39.732447,599620042240342657,-142.00
2025-12-25 16:58:39.732447,599620042240342657,-142.00
2025-12-25 16:58:39.732447,599620042240342657,-140.00
2025-12-25 16:58:39.732447,599620042240342657,-128.00
2025-12-25 16:58:39.732447,599620042240342657,-121.00
2025-12-25 16:58:39.732447,599620042240342657,-124.00
2025-12-25 16:58:39.732447,599620042240342657,-121.00
2025-12-25 16:58:39.732447,599620042240342657,-121.00
2025-12-25 16:58:39.732447,599620042240342657,-128.00
2025-12-25 16:58:39.732447,599620042240342657,-124.00
2025-12-25 16:58:39.732447,599620042240342657,-101.00
2025-12-25 16:58:39.732447,599620042240342657,-85.00
2025-12-25 16:58:39.732447,599620042240342657,-94.00
2025-12-25 16:58:39.732447,599620042240342657,-101.00
2025-12-25 16:58:39.732447,599620042240342657,-96.00
2025-12-25 16:58:39.732447,599620042240342657,-94.00
2025-12-25 16:58:40.170042,599620042801207548,-98.00
2025-12-25 16:58:40.170042,599620042801207548,-98.00
2025-12-25 16:58:40.170042,599620042801207548,-96.00
2025-12-25 16:58:40.170042,599620042801207548,-98.00
2025-12-25 16:58:40.170042,599620042801207548,-103.00
2025-12-25 16:58:40.170042,599620042801207548,-98.00
2025-12-25 16:58:40.170042,599620042801207548,-89.00
2025-12-25 16:58:40.170042,599620042801207548,-75.00
2025-12-25 16:58:40.170042,599620042801207548,-64.00
2025-12-25 16:58:40.170042,599620042801207548,-59.00
2025-12-25 16:58:40.170042,599620042801207548,-57.00
2025-12-25 16:58:40.170042,599620042801207548,-57.00
2025-12-25 16:58:40.170042,599620042801207548,-57.00
2025-12-25 16:58:40.170042,599620042801207548,-57.00
2025-12-25 16:58:40.170042,599620042801207548,-52.00
2025-12-25 16:58:40.170042,599620042801207548,-55.00
2025-12-25 16:58:40.170042,599620042801207548,-55.00
2025-12-25 16:58:40.170042,599620042801207548,-55.00
2025-12-25 16:58:40.170042,599620042801207548,-50.00
2025-12-25 16:58:40.170042,599620042801207548,-41.00
2025-12-25 16:58:40.170042,599620042801207548,-39.00
2025-12-25 16:58:40.170042,599620042801207548,-43.00
2025-12-25 16:58:40.170042,599620042801207548,-43.00
2025-12-25 16:58:40.170042,599620042801207548,-45.00
2025-12-25 16:58:40.170042,599620042801207548,-41.00
2025-12-25 16:58:40.170042,599620042801207548,-29.00
2025-12-25 16:58:40.170042,599620042801207548,-29.00
2025-12-25 16:58:40.170042,599620042801207548,-39.00
2025-12-25 16:58:40.170042,599620042801207548,-43.00
2025-12-25 16:58:40.170042,599620042801207548,-48.00
2025-12-25 16:58:40.170042,599620042801207548,-45.00
2025-12-25 16:58:40.170042,599620042801207548,-43.00
2025-12-25 16:58:40.170042,599620042801207548,-48.00
2025-12-25 16:58:40.170042,599620042801207548,-57.00
2025-12-25 16:58:40.170042,599620042801207548,-62.00
2025-12-25 16:58:40.170042,599620042801207548,-55.00
2025-12-25 16:58:40.170042,599620042801207548,-39.00
2025-12-25 16:58:40.170042,599620042801207548,-29.00
2025-12-25 16:58:40.170042,599620042801207548,-22.00
2025-12-25 16:58:40.170042,599620042801207548,-27.00
2025-12-25 16:58:40.170042,599620042801207548,-52.00
2025-12-25 16:58:40.170042,599620042801207548,-71.00
2025-12-25 16:58:40.170042,599620042801207548,-66.00
2025-12-25 16:58:40.170042,599620042801207548,-66.00
2025-12-25 16:58:40.170042,599620042801207548,-75.00
2025-12-25 16:58:40.170042,599620042801207548,-78.00
2025-12-25 16:58:40.170042,599620042801207548,-78.00
2025-12-25 16:58:40.170042,599620042801207548,-80.00
2025-12-25 16:58:40.170042,599620042801207548,-80.00
2025-12-25 16:58:40.170042,599620042801207548,-78.00
2025-12-25 16:58:40.170042,599620042801207548,-29.00
2025-12-25 16:58:40.170042,599620042801207548,167.00
2025-12-25 16:58:40.170042,599620042801207548,501.00
2025-12-25 16:58:40.170042,599620042801207548,558.00
2025-12-25 16:58:40.170042,599620042801207548,-151.00
2025-12-25 16:58:40.170042,599620042801207548,-1029.00
2025-12-25 16:58:40.170042,599620042801207548,-928.00
2025-12-25 16:58:40.170042,599620042801207548,-287.00
2025-12-25 16:58:40.170042,599620042801207548,-89.00
2025-12-25 16:58:40.170042,599620042801207548,-119.00
2025-12-25 16:58:40.170042,599620042801207548,-43.00
2025-12-25 16:58:40.170042,599620042801207548,-22.00
2025-12-25 16:58:40.170042,599620042801207548,-52.00
2025-12-25 16:58:40.170042,599620042801207548,-34.00
2025-12-25 16:58:40.170042,599620042801207548,-18.00
2025-12-25 16:58:40.170042,599620042801207548,-27.00
2025-12-25 16:58:40.170042,599620042801207548,-20.00
2025-12-25 16:58:40.170042,599620042801207548,-9.00
2025-12-25 16:58:40.170042,599620042801207548,-11.00
2025-12-25 16:58:40.170042,599620042801207548,-13.00
2025-12-25 16:58:40.170042,599620042801207548,-4.00
2025-12-25 16:58:40.170042,599620042801207548,0.00
2025-12-25 16:58:40.170042,599620042801207548,6.00
2025-12-25 16:58:40.690435,599620043362087697,11.00
2025-12-25 16:58:40.690435,599620043362087697,16.00
2025-12-25 16:58:40.690435,599620043362087697,25.00
2025-12-25 16:58:40.690435,599620043362087697,36.00
2025-12-25 16:58:40.690435,599620043362087697,45.00
2025-12-25 16:58:40.690435,599620043362087697,57.00
2025-12-25 16:58:40.690435,599620043362087697,66.00
2025-12-25 16:58:40.690435,599620043362087697,71.00
2025-12-25 16:58:40.690435,599620043362087697,73.00
2025-12-25 16:58:40.690435,599620043362087697,82.00
2025-12-25 16:58:40.690435,599620043362087697,101.00
2025-12-25 16:58:40.690435,599620043362087697,112.00
2025-12-25 16:58:40.690435,599620043362087697,105.00
2025-12-25 16:58:40.690435,599620043362087697,87.00
2025-12-25 16:58:40.690435,599620043362087697,66.00
2025-12-25 16:58:40.690435,599620043362087697,32.00
2025-12-25 16:58:40.690435,599620043362087697,-9.00
2025-12-25 16:58:40.690435,599620043362087697,-45.00
2025-12-25 16:58:40.690435,599620043362087697,-80.00
2025-12-25 16:58:40.690435,599620043362087697,-108.00
2025-12-25 16:58:40.690435,599620043362087697,-121.00
2025-12-25 16:58:40.690435,599620043362087697,-124.00
2025-12-25 16:58:40.690435,599620043362087697,-124.00
2025-12-25 16:58:40.690435,599620043362087697,-126.00
2025-12-25 16:58:40.690435,599620043362087697,-126.00
2025-12-25 16:58:40.690435,599620043362087697,-124.00
2025-12-25 16:58:40.690435,599620043362087697,-124.00
2025-12-25 16:58:40.690435,599620043362087697,-121.00
2025-12-25 16:58:40.690435,599620043362087697,-114.00
2025-12-25 16:58:40.690435,599620043362087697,-110.00
2025-12-25 16:58:40.690435,599620043362087697,-108.00
2025-12-25 16:58:40.690435,599620043362087697,-103.00
2025-12-25 16:58:40.690435,599620043362087697,-94.00
2025-12-25 16:58:40.690435,599620043362087697,-89.00
2025-12-25 16:58:40.690435,599620043362087697,-85.00
2025-12-25 16:58:40.690435,599620043362087697,-82.00
2025-12-25 16:58:40.690435,599620043362087697,-78.00
2025-12-25 16:58:40.690435,599620043362087697,-73.00
2025-12-25 16:58:40.690435,599620043362087697,-73.00
2025-12-25 16:58:40.690435,599620043362087697,-73.00
2025-12-25 16:58:40.690435,599620043362087697,-68.00
2025-12-25 16:58:40.690435,599620043362087697,-68.00
2025-12-25 16:58:40.690435,599620043362087697,-73.00
2025-12-25 16:58:40.690435,599620043362087697,-73.00
2025-12-25 16:58:40.690435,599620043362087697,-75.00
2025-12-25 16:58:40.690435,599620043362087697,-78.00
2025-12-25 16:58:40.690435,599620043362087697,-78.00
2025-12-25 16:58:40.690435,599620043362087697,-78.00
2025-12-25 16:58:40.690435,599620043362087697,-80.00
2025-12-25 16:58:40.690435,599620043362087697,-80.00
2025-12-25 16:58:40.690435,599620043362087697,-85.00
2025-12-25 16:58:40.690435,599620043362087697,-85.00
2025-12-25 16:58:40.690435,599620043362087697,-80.00
2025-12-25 16:58:40.690435,599620043362087697,-80.00
2025-12-25 16:58:40.690435,599620043362087697,-82.00
2025-12-25 16:58:40.690435,599620043362087697,-87.00
2025-12-25 16:58:40.690435,599620043362087697,-87.00
2025-12-25 16:58:40.690435,599620043362087697,-85.00
2025-12-25 16:58:40.690435,599620043362087697,-85.00
2025-12-25 16:58:40.690435,599620043362087697,-85.00
2025-12-25 16:58:40.690435,599620043362087697,-87.00
2025-12-25 16:58:40.690435,599620043362087697,-91.00
2025-12-25 16:58:40.690435,599620043362087697,-91.00
2025-12-25 16:58:40.690435,599620043362087697,-91.00
2025-12-25 16:58:40.690435,599620043362087697,-91.00
2025-12-25 16:58:40.690435,599620043362087697,-91.00
2025-12-25 16:58:40.690435,599620043362087697,-91.00
2025-12-25 16:58:40.690435,599620043362087697,-87.00
2025-12-25 16:58:40.690435,599620043362087697,-78.00
2025-12-25 16:58:40.690435,599620043362087697,-75.00
2025-12-25 16:58:40.690435,599620043362087697,-78.00
2025-12-25 16:58:40.690435,599620043362087697,-78.00
2025-12-25 16:58:40.690435,599620043362087697,-78.00
2025-12-25 16:58:41.213786,599620043922967844,-82.00
2025-12-25 16:58:41.213786,599620043922967844,-85.00
2025-12-25 16:58:41.213786,599620043922967844,-75.00
2025-12-25 16:58:41.213786,599620043922967844,-64.00
2025-12-25 16:58:41.213786,599620043922967844,-55.00
2025-12-25 16:58:41.213786,599620043922967844,-39.00
2025-12-25 16:58:41.213786,599620043922967844,-43.00
2025-12-25 16:58:41.213786,599620043922967844,-64.00
2025-12-25 16:58:41.213786,599620043922967844,-68.00
2025-12-25 16:58:41.213786,599620043922967844,-66.00
2025-12-25 16:58:41.213786,599620043922967844,-75.00
2025-12-25 16:58:41.213786,599620043922967844,-80.00
2025-12-25 16:58:41.213786,599620043922967844,-80.00
2025-12-25 16:58:41.213786,599620043922967844,-82.00
2025-12-25 16:58:41.213786,599620043922967844,-85.00
2025-12-25 16:58:41.213786,599620043922967844,-87.00
2025-12-25 16:58:41.213786,599620043922967844,-82.00
2025-12-25 16:58:41.213786,599620043922967844,-16.00
2025-12-25 16:58:41.213786,599620043922967844,206.00
2025-12-25 16:58:41.213786,599620043922967844,528.00
2025-12-25 16:58:41.213786,599620043922967844,487.00
2025-12-25 16:58:41.213786,599620043922967844,-308.00
2025-12-25 16:58:41.213786,599620043922967844,-1075.00
2025-12-25 16:58:41.213786,599620043922967844,-818.00
2025-12-25 16:58:41.213786,599620043922967844,-204.00
2025-12-25 16:58:41.213786,599620043922967844,-87.00
2025-12-25 16:58:41.213786,599620043922967844,-114.00
2025-12-25 16:58:41.213786,599620043922967844,-39.00
2025-12-25 16:58:41.213786,599620043922967844,-22.00
2025-12-25 16:58:41.213786,599620043922967844,-43.00
2025-12-25 16:58:41.213786,599620043922967844,-22.00
2025-12-25 16:58:41.213786,599620043922967844,-9.00
2025-12-25 16:58:41.213786,599620043922967844,-11.00
2025-12-25 16:58:41.213786,599620043922967844,-4.00
2025-12-25 16:58:41.213786,599620043922967844,2.00
2025-12-25 16:58:41.213786,599620043922967844,2.00
2025-12-25 16:58:41.213786,599620043922967844,4.00
2025-12-25 16:58:41.213786,599620043922967844,13.00
2025-12-25 16:58:41.213786,599620043922967844,16.00
2025-12-25 16:58:41.213786,599620043922967844,18.00
2025-12-25 16:58:41.213786,599620043922967844,22.00
2025-12-25 16:58:41.213786,599620043922967844,27.00
2025-12-25 16:58:41.213786,599620043922967844,34.00
2025-12-25 16:58:41.213786,599620043922967844,41.00
2025-12-25 16:58:41.213786,599620043922967844,45.00
2025-12-25 16:58:41.213786,599620043922967844,50.00
2025-12-25 16:58:41.213786,599620043922967844,62.00
2025-12-25 16:58:41.213786,599620043922967844,68.00
2025-12-25 16:58:41.213786,599620043922967844,78.00
2025-12-25 16:58:41.213786,599620043922967844,89.00
2025-12-25 16:58:41.213786,599620043922967844,94.00
2025-12-25 16:58:41.213786,599620043922967844,94.00
2025-12-25 16:58:41.213786,599620043922967844,94.00
2025-12-25 16:58:41.213786,599620043922967844,82.00
2025-12-25 16:58:41.213786,599620043922967844,59.00
2025-12-25 16:58:41.213786,599620043922967844,25.00
2025-12-25 16:58:41.213786,599620043922967844,-16.00
2025-12-25 16:58:41.213786,599620043922967844,-55.00
2025-12-25 16:58:41.213786,599620043922967844,-82.00
2025-12-25 16:58:41.213786,599620043922967844,-94.00
2025-12-25 16:58:41.213786,599620043922967844,-96.00
2025-12-25 16:58:41.213786,599620043922967844,-103.00
2025-12-25 16:58:41.213786,599620043922967844,-110.00
2025-12-25 16:58:41.213786,599620043922967844,-110.00
2025-12-25 16:58:41.213786,599620043922967844,-108.00
2025-12-25 16:58:41.213786,599620043922967844,-110.00
2025-12-25 16:58:41.213786,599620043922967844,-105.00
2025-12-25 16:58:41.213786,599620043922967844,-103.00
2025-12-25 16:58:41.213786,599620043922967844,-101.00
2025-12-25 16:58:41.213786,599620043922967844,-98.00
2025-12-25 16:58:41.213786,599620043922967844,-96.00
2025-12-25 16:58:41.213786,599620043922967844,-94.00
2025-12-25 16:58:41.213786,599620043922967844,-89.00
2025-12-25 16:58:41.898045,599620044483847997,-91.00
2025-12-25 16:58:41.898045,599620044483847997,-91.00
2025-12-25 16:58:41.898045,599620044483847997,-89.00
2025-12-25 16:58:41.898045,599620044483847997,-85.00
2025-12-25 16:58:41.898045,599620044483847997,-80.00
2025-12-25 16:58:41.898045,599620044483847997,-71.00
2025-12-25 16:58:41.898045,599620044483847997,-64.00
2025-12-25 16:58:41.898045,599620044483847997,-71.00
2025-12-25 16:58:41.898045,599620044483847997,-75.00
2025-12-25 16:58:41.898045,599620044483847997,-75.00
2025-12-25 16:58:41.898045,599620044483847997,-75.00
2025-12-25 16:58:41.898045,599620044483847997,-78.00
2025-12-25 16:58:41.898045,599620044483847997,-80.00
2025-12-25 16:58:41.898045,599620044483847997,-82.00
2025-12-25 16:58:41.898045,599620044483847997,-85.00
2025-12-25 16:58:41.898045,599620044483847997,-87.00
2025-12-25 16:58:41.898045,599620044483847997,-87.00
2025-12-25 16:58:41.898045,599620044483847997,-85.00
2025-12-25 16:58:41.898045,599620044483847997,-85.00
2025-12-25 16:58:41.898045,599620044483847997,-80.00
2025-12-25 16:58:41.898045,599620044483847997,-78.00
2025-12-25 16:58:41.898045,599620044483847997,-80.00
2025-12-25 16:58:41.898045,599620044483847997,-82.00
2025-12-25 16:58:41.898045,599620044483847997,-78.00
2025-12-25 16:58:41.898045,599620044483847997,-80.00
2025-12-25 16:58:41.898045,599620044483847997,-85.00
2025-12-25 16:58:41.898045,599620044483847997,-85.00
2025-12-25 16:58:41.898045,599620044483847997,-82.00
2025-12-25 16:58:41.898045,599620044483847997,-82.00
2025-12-25 16:58:41.898045,599620044483847997,-85.00
2025-12-25 16:58:41.898045,599620044483847997,-91.00
2025-12-25 16:58:41.898045,599620044483847997,-91.00
2025-12-25 16:58:41.898045,599620044483847997,-87.00
2025-12-25 16:58:41.898045,599620044483847997,-87.00
2025-12-25 16:58:41.898045,599620044483847997,-87.00
2025-12-25 16:58:41.898045,599620044483847997,-87.00
2025-12-25 16:58:41.898045,599620044483847997,-89.00
2025-12-25 16:58:41.898045,599620044483847997,-91.00
2025-12-25 16:58:41.898045,599620044483847997,-91.00
2025-12-25 16:58:41.898045,599620044483847997,-91.00
2025-12-25 16:58:41.898045,599620044483847997,-91.00
2025-12-25 16:58:41.898045,599620044483847997,-89.00
2025-12-25 16:58:41.898045,599620044483847997,-82.00
2025-12-25 16:58:41.898045,599620044483847997,-71.00
2025-12-25 16:58:41.898045,599620044483847997,-55.00
2025-12-25 16:58:41.898045,599620044483847997,-48.00
2025-12-25 16:58:41.898045,599620044483847997,-71.00
2025-12-25 16:58:41.898045,599620044483847997,-96.00
2025-12-25 16:58:41.898045,599620044483847997,-96.00
2025-12-25 16:58:41.898045,599620044483847997,-96.00
2025-12-25 16:58:41.898045,599620044483847997,-103.00
2025-12-25 16:58:41.898045,599620044483847997,-98.00
2025-12-25 16:58:41.898045,599620044483847997,-87.00
2025-12-25 16:58:41.898045,599620044483847997,-80.00
2025-12-25 16:58:41.898045,599620044483847997,-80.00
2025-12-25 16:58:41.898045,599620044483847997,-80.00
2025-12-25 16:58:41.898045,599620044483847997,-48.00
2025-12-25 16:58:41.898045,599620044483847997,96.00
2025-12-25 16:58:41.898045,599620044483847997,395.00
2025-12-25 16:58:41.898045,599620044483847997,588.00
2025-12-25 16:58:41.898045,599620044483847997,142.00
2025-12-25 16:58:41.898045,599620044483847997,-781.00
2025-12-25 16:58:41.898045,599620044483847997,-1046.00
2025-12-25 16:58:41.898045,599620044483847997,-464.00
2025-12-25 16:58:41.898045,599620044483847997,-80.00
2025-12-25 16:58:41.898045,599620044483847997,-96.00
2025-12-25 16:58:41.898045,599620044483847997,-62.00
2025-12-25 16:58:41.898045,599620044483847997,-6.00
2025-12-25 16:58:41.898045,599620044483847997,-29.00
2025-12-25 16:58:41.898045,599620044483847997,-27.00
2025-12-25 16:58:41.898045,599620044483847997,0.00
2025-12-25 16:58:41.898045,599620044483847997,2.00
2025-12-25 16:58:41.898045,599620044483847997,-4.00
2025-12-25 16:58:42.383374,599620045044707800,6.00
2025-12-25 16:58:42.383374,599620045044707800,16.00
2025-12-25 16:58:42.383374,599620045044707800,20.00
2025-12-25 16:58:42.383374,599620045044707800,27.00
2025-12-25 16:58:42.383374,599620045044707800,32.00
2025-12-25 16:58:42.383374,599620045044707800,34.00
2025-12-25 16:58:42.383374,599620045044707800,34.00
2025-12-25 16:58:42.383374,599620045044707800,41.00
2025-12-25 16:58:42.383374,599620045044707800,55.00
2025-12-25 16:58:42.383374,599620045044707800,62.00
2025-12-25 16:58:42.383374,599620045044707800,66.00
2025-12-25 16:58:42.383374,599620045044707800,73.00
2025-12-25 16:58:42.383374,599620045044707800,82.00
2025-12-25 16:58:42.383374,599620045044707800,101.00
2025-12-25 16:58:42.383374,599620045044707800,126.00
2025-12-25 16:58:42.383374,599620045044707800,135.00
2025-12-25 16:58:42.383374,599620045044707800,131.00
2025-12-25 16:58:42.383374,599620045044707800,126.00
2025-12-25 16:58:42.383374,599620045044707800,121.00
2025-12-25 16:58:42.383374,599620045044707800,117.00
2025-12-25 16:58:42.383374,599620045044707800,101.00
2025-12-25 16:58:42.383374,599620045044707800,73.00
2025-12-25 16:58:42.383374,599620045044707800,27.00
2025-12-25 16:58:42.383374,599620045044707800,-20.00
2025-12-25 16:58:42.383374,599620045044707800,-55.00
2025-12-25 16:58:42.383374,599620045044707800,-75.00
2025-12-25 16:58:42.383374,599620045044707800,-94.00
2025-12-25 16:58:42.383374,599620045044707800,-105.00
2025-12-25 16:58:42.383374,599620045044707800,-110.00
2025-12-25 16:58:42.383374,599620045044707800,-117.00
2025-12-25 16:58:42.383374,599620045044707800,-121.00
2025-12-25 16:58:42.383374,599620045044707800,-119.00
2025-12-25 16:58:42.383374,599620045044707800,-114.00
2025-12-25 16:58:42.383374,599620045044707800,-114.00
2025-12-25 16:58:42.383374,599620045044707800,-117.00
2025-12-25 16:58:42.383374,599620045044707800,-112.00
2025-12-25 16:58:42.383374,599620045044707800,-112.00
2025-12-25 16:58:42.383374,599620045044707800,-103.00
2025-12-25 16:58:42.383374,599620045044707800,-96.00
2025-12-25 16:58:42.383374,599620045044707800,-98.00
2025-12-25 16:58:42.383374,599620045044707800,-98.00
2025-12-25 16:58:42.383374,599620045044707800,-98.00
2025-12-25 16:58:42.383374,599620045044707800,-98.00
2025-12-25 16:58:42.383374,599620045044707800,-91.00
2025-12-25 16:58:42.383374,599620045044707800,-82.00
2025-12-25 16:58:42.383374,599620045044707800,-82.00
2025-12-25 16:58:42.383374,599620045044707800,-78.00
2025-12-25 16:58:42.383374,599620045044707800,-78.00
2025-12-25 16:58:42.383374,599620045044707800,-82.00
2025-12-25 16:58:42.383374,599620045044707800,-82.00
2025-12-25 16:58:42.383374,599620045044707800,-82.00
2025-12-25 16:58:42.383374,599620045044707800,-87.00
2025-12-25 16:58:42.383374,599620045044707800,-89.00
2025-12-25 16:58:42.383374,599620045044707800,-89.00
2025-12-25 16:58:42.383374,599620045044707800,-98.00
2025-12-25 16:58:42.383374,599620045044707800,-101.00
2025-12-25 16:58:42.383374,599620045044707800,-94.00
2025-12-25 16:58:42.383374,599620045044707800,-91.00
2025-12-25 16:58:42.383374,599620045044707800,-96.00
2025-12-25 16:58:42.383374,599620045044707800,-103.00
2025-12-25 16:58:42.383374,599620045044707800,-98.00
2025-12-25 16:58:42.383374,599620045044707800,-89.00
2025-12-25 16:58:42.383374,599620045044707800,-94.00
2025-12-25 16:58:42.383374,599620045044707800,-98.00
2025-12-25 16:58:42.383374,599620045044707800,-101.00
2025-12-25 16:58:42.383374,599620045044707800,-103.00
2025-12-25 16:58:42.383374,599620045044707800,-101.00
2025-12-25 16:58:42.383374,599620045044707800,-94.00
2025-12-25 16:58:42.383374,599620045044707800,-98.00
2025-12-25 16:58:42.383374,599620045044707800,-103.00
2025-12-25 16:58:42.383374,599620045044707800,-103.00
2025-12-25 16:58:42.383374,599620045044707800,-108.00
2025-12-25 16:58:42.383374,599620045044707800,-103.00
2025-12-25 16:58:42.938614,599620045605593035,-85.00
2025-12-25 16:58:42.938614,599620045605593035,-68.00
2025-12-25 16:58:42.938614,599620045605593035,-55.00
2025-12-25 16:58:42.938614,599620045605593035,-52.00
2025-12-25 16:58:42.938614,599620045605593035,-75.00
2025-12-25 16:58:42.938614,599620045605593035,-91.00
2025-12-25 16:58:42.938614,599620045605593035,-89.00
2025-12-25 16:58:42.938614,599620045605593035,-91.00
2025-12-25 16:58:42.938614,599620045605593035,-94.00
2025-12-25 16:58:42.938614,599620045605593035,-89.00
2025-12-25 16:58:42.938614,599620045605593035,-87.00
2025-12-25 16:58:42.938614,599620045605593035,-78.00
2025-12-25 16:58:42.938614,599620045605593035,-64.00
2025-12-25 16:58:42.938614,599620045605593035,-59.00
2025-12-25 16:58:42.938614,599620045605593035,-2.00
2025-12-25 16:58:42.938614,599620045605593035,220.00
2025-12-25 16:58:42.938614,599620045605593035,551.00
2025-12-25 16:58:42.938614,599620045605593035,540.00
2025-12-25 16:58:42.938614,599620045605593035,-234.00
2025-12-25 16:58:42.938614,599620045605593035,-1036.00
2025-12-25 16:58:42.938614,599620045605593035,-862.00
2025-12-25 16:58:42.938614,599620045605593035,-278.00
2025-12-25 16:58:42.938614,599620045605593035,-112.00
2025-12-25 16:58:42.938614,599620045605593035,-98.00
2025-12-25 16:58:42.938614,599620045605593035,-18.00
2025-12-25 16:58:42.938614,599620045605593035,-13.00
2025-12-25 16:58:42.938614,599620045605593035,-29.00
2025-12-25 16:58:42.938614,599620045605593035,-2.00
2025-12-25 16:58:42.938614,599620045605593035,6.00
2025-12-25 16:58:42.938614,599620045605593035,4.00
2025-12-25 16:58:42.938614,599620045605593035,11.00
2025-12-25 16:58:42.938614,599620045605593035,18.00
2025-12-25 16:58:42.938614,599620045605593035,22.00
2025-12-25 16:58:42.938614,599620045605593035,25.00
2025-12-25 16:58:42.938614,599620045605593035,32.00
2025-12-25 16:58:42.938614,599620045605593035,34.00
2025-12-25 16:58:42.938614,599620045605593035,39.00
2025-12-25 16:58:42.938614,599620045605593035,45.00
2025-12-25 16:58:42.938614,599620045605593035,55.00
2025-12-25 16:58:42.938614,599620045605593035,73.00
2025-12-25 16:58:42.938614,599620045605593035,82.00
2025-12-25 16:58:42.938614,599620045605593035,80.00
2025-12-25 16:58:42.938614,599620045605593035,87.00
2025-12-25 16:58:42.938614,599620045605593035,98.00
2025-12-25 16:58:42.938614,599620045605593035,105.00
2025-12-25 16:58:42.938614,599620045605593035,112.00
2025-12-25 16:58:42.938614,599620045605593035,117.00
2025-12-25 16:58:42.938614,599620045605593035,119.00
2025-12-25 16:58:42.938614,599620045605593035,114.00
2025-12-25 16:58:42.938614,599620045605593035,108.00
2025-12-25 16:58:42.938614,599620045605593035,89.00
2025-12-25 16:58:42.938614,599620045605593035,62.00
2025-12-25 16:58:42.938614,599620045605593035,27.00
2025-12-25 16:58:42.938614,599620045605593035,-16.00
2025-12-25 16:58:42.938614,599620045605593035,-62.00
2025-12-25 16:58:42.938614,599620045605593035,-91.00
2025-12-25 16:58:42.938614,599620045605593035,-110.00
2025-12-25 16:58:42.938614,599620045605593035,-128.00
2025-12-25 16:58:42.938614,599620045605593035,-137.00
2025-12-25 16:58:42.938614,599620045605593035,-137.00
2025-12-25 16:58:42.938614,599620045605593035,-137.00
2025-12-25 16:58:42.938614,599620045605593035,-140.00
2025-12-25 16:58:42.938614,599620045605593035,-137.00
2025-12-25 16:58:42.938614,599620045605593035,-135.00
2025-12-25 16:58:42.938614,599620045605593035,-131.00
2025-12-25 16:58:42.938614,599620045605593035,-124.00
2025-12-25 16:58:42.938614,599620045605593035,-114.00
2025-12-25 16:58:42.938614,599620045605593035,-112.00
2025-12-25 16:58:42.938614,599620045605593035,-112.00
2025-12-25 16:58:42.938614,599620045605593035,-110.00
2025-12-25 16:58:42.938614,599620045605593035,-105.00
2025-12-25 16:58:42.938614,599620045605593035,-105.00
2025-12-25 16:58:42.938614,599620045605593035,-103.00
2025-12-25 16:58:43.542337,599620046166457926,-101.00
2025-12-25 16:58:43.542337,599620046166457926,-103.00
2025-12-25 16:58:43.542337,599620046166457926,-101.00
2025-12-25 16:58:43.542337,599620046166457926,-98.00
2025-12-25 16:58:43.542337,599620046166457926,-103.00
2025-12-25 16:58:43.542337,599620046166457926,-103.00
2025-12-25 16:58:43.542337,599620046166457926,-103.00
2025-12-25 16:58:43.542337,599620046166457926,-103.00
2025-12-25 16:58:43.542337,599620046166457926,-94.00
2025-12-25 16:58:43.542337,599620046166457926,-82.00
2025-12-25 16:58:43.542337,599620046166457926,-87.00
2025-12-25 16:58:43.542337,599620046166457926,-91.00
2025-12-25 16:58:43.542337,599620046166457926,-89.00
2025-12-25 16:58:43.542337,599620046166457926,-91.00
2025-12-25 16:58:43.542337,599620046166457926,-89.00
2025-12-25 16:58:43.542337,599620046166457926,-87.00
2025-12-25 16:58:43.542337,599620046166457926,-94.00
2025-12-25 16:58:43.542337,599620046166457926,-96.00
2025-12-25 16:58:43.542337,599620046166457926,-91.00
2025-12-25 16:58:43.542337,599620046166457926,-89.00
2025-12-25 16:58:43.542337,599620046166457926,-91.00
2025-12-25 16:58:43.542337,599620046166457926,-94.00
2025-12-25 16:58:43.542337,599620046166457926,-96.00
2025-12-25 16:58:43.542337,599620046166457926,-91.00
2025-12-25 16:58:43.542337,599620046166457926,-85.00
2025-12-25 16:58:43.542337,599620046166457926,-82.00
2025-12-25 16:58:43.542337,599620046166457926,-89.00
2025-12-25 16:58:43.542337,599620046166457926,-94.00
2025-12-25 16:58:43.542337,599620046166457926,-89.00
2025-12-25 16:58:43.542337,599620046166457926,-80.00
2025-12-25 16:58:43.542337,599620046166457926,-59.00
2025-12-25 16:58:43.542337,599620046166457926,-36.00
2025-12-25 16:58:43.542337,599620046166457926,-36.00
2025-12-25 16:58:43.542337,599620046166457926,-66.00
2025-12-25 16:58:43.542337,599620046166457926,-87.00
2025-12-25 16:58:43.542337,599620046166457926,-85.00
2025-12-25 16:58:43.542337,599620046166457926,-85.00
2025-12-25 16:58:43.542337,599620046166457926,-89.00
2025-12-25 16:58:43.542337,599620046166457926,-87.00
2025-12-25 16:58:43.542337,599620046166457926,-89.00
2025-12-25 16:58:43.542337,599620046166457926,-94.00
2025-12-25 16:58:43.542337,599620046166457926,-94.00
2025-12-25 16:58:43.542337,599620046166457926,-78.00
2025-12-25 16:58:43.542337,599620046166457926,6.00
2025-12-25 16:58:43.542337,599620046166457926,259.00
2025-12-25 16:58:43.542337,599620046166457926,572.00
2025-12-25 16:58:43.542337,599620046166457926,434.00
2025-12-25 16:58:43.542337,599620046166457926,-450.00
2025-12-25 16:58:43.542337,599620046166457926,-1135.00
2025-12-25 16:58:43.542337,599620046166457926,-756.00
2025-12-25 16:58:43.542337,599620046166457926,-163.00
2025-12-25 16:58:43.542337,599620046166457926,-85.00
2025-12-25 16:58:43.542337,599620046166457926,-96.00
2025-12-25 16:58:43.542337,599620046166457926,-16.00
2025-12-25 16:58:43.542337,599620046166457926,-18.00
2025-12-25 16:58:43.542337,599620046166457926,-39.00
2025-12-25 16:58:43.542337,599620046166457926,-11.00
2025-12-25 16:58:43.542337,599620046166457926,2.00
2025-12-25 16:58:43.542337,599620046166457926,-6.00
2025-12-25 16:58:43.542337,599620046166457926,-6.00
2025-12-25 16:58:43.542337,599620046166457926,6.00
2025-12-25 16:58:43.542337,599620046166457926,11.00
2025-12-25 16:58:43.542337,599620046166457926,13.00
2025-12-25 16:58:43.542337,599620046166457926,18.00
2025-12-25 16:58:43.542337,599620046166457926,25.00
2025-12-25 16:58:43.542337,599620046166457926,29.00
2025-12-25 16:58:43.542337,599620046166457926,43.00
2025-12-25 16:58:43.542337,599620046166457926,52.00
2025-12-25 16:58:43.542337,599620046166457926,57.00
2025-12-25 16:58:43.542337,599620046166457926,64.00
2025-12-25 16:58:43.542337,599620046166457926,73.00
2025-12-25 16:58:43.542337,599620046166457926,82.00
2025-12-25 16:58:43.542337,599620046166457926,94.00
2025-12-25 16:58:44.112473,599620046727332987,103.00
2025-12-25 16:58:44.112473,599620046727332987,110.00
2025-12-25 16:58:44.112473,599620046727332987,114.00
2025-12-25 16:58:44.112473,599620046727332987,114.00
2025-12-25 16:58:44.112473,599620046727332987,110.00
2025-12-25 16:58:44.112473,599620046727332987,110.00
2025-12-25 16:58:44.112473,599620046727332987,103.00
2025-12-25 16:58:44.112473,599620046727332987,73.00
2025-12-25 16:58:44.112473,599620046727332987,27.00
2025-12-25 16:58:44.112473,599620046727332987,-11.00
2025-12-25 16:58:44.112473,599620046727332987,-48.00
2025-12-25 16:58:44.112473,599620046727332987,-75.00
2025-12-25 16:58:44.112473,599620046727332987,-91.00
2025-12-25 16:58:44.112473,599620046727332987,-105.00
2025-12-25 16:58:44.112473,599620046727332987,-114.00
2025-12-25 16:58:44.112473,599620046727332987,-114.00
2025-12-25 16:58:44.112473,599620046727332987,-108.00
2025-12-25 16:58:44.112473,599620046727332987,-105.00
2025-12-25 16:58:44.112473,599620046727332987,-105.00
2025-12-25 16:58:44.112473,599620046727332987,-105.00
2025-12-25 16:58:44.112473,599620046727332987,-103.00
2025-12-25 16:58:44.112473,599620046727332987,-101.00
2025-12-25 16:58:44.112473,599620046727332987,-98.00
2025-12-25 16:58:44.112473,599620046727332987,-94.00
2025-12-25 16:58:44.112473,599620046727332987,-87.00
2025-12-25 16:58:44.112473,599620046727332987,-78.00
2025-12-25 16:58:44.112473,599620046727332987,-75.00
2025-12-25 16:58:44.112473,599620046727332987,-78.00
2025-12-25 16:58:44.112473,599620046727332987,-78.00
2025-12-25 16:58:44.112473,599620046727332987,-71.00
2025-12-25 16:58:44.112473,599620046727332987,-71.00
2025-12-25 16:58:44.112473,599620046727332987,-78.00
2025-12-25 16:58:44.112473,599620046727332987,-80.00
2025-12-25 16:58:44.112473,599620046727332987,-80.00
2025-12-25 16:58:44.112473,599620046727332987,-80.00
2025-12-25 16:58:44.112473,599620046727332987,-78.00
2025-12-25 16:58:44.112473,599620046727332987,-80.00
2025-12-25 16:58:44.112473,599620046727332987,-82.00
2025-12-25 16:58:44.112473,599620046727332987,-87.00
2025-12-25 16:58:44.112473,599620046727332987,-89.00
2025-12-25 16:58:44.112473,599620046727332987,-89.00
2025-12-25 16:58:44.112473,599620046727332987,-85.00
2025-12-25 16:58:44.112473,599620046727332987,-85.00
2025-12-25 16:58:44.112473,599620046727332987,-89.00
2025-12-25 16:58:44.112473,599620046727332987,-91.00
2025-12-25 16:58:44.112473,599620046727332987,-91.00
2025-12-25 16:58:44.112473,599620046727332987,-91.00
2025-12-25 16:58:44.112473,599620046727332987,-89.00
2025-12-25 16:58:44.112473,599620046727332987,-82.00
2025-12-25 16:58:44.112473,599620046727332987,-85.00
2025-12-25 16:58:44.112473,599620046727332987,-91.00
2025-12-25 16:58:44.112473,599620046727332987,-89.00
2025-12-25 16:58:44.112473,599620046727332987,-87.00
2025-12-25 16:58:44.112473,599620046727332987,-85.00
2025-12-25 16:58:44.112473,599620046727332987,-87.00
2025-12-25 16:58:44.112473,599620046727332987,-94.00
2025-12-25 16:58:44.112473,599620046727332987,-96.00
2025-12-25 16:58:44.112473,599620046727332987,-89.00
2025-12-25 16:58:44.112473,599620046727332987,-73.00
2025-12-25 16:58:44.112473,599620046727332987,-50.00
2025-12-25 16:58:44.112473,599620046727332987,-43.00
2025-12-25 16:58:44.112473,599620046727332987,-66.00
2025-12-25 16:58:44.112473,599620046727332987,-89.00
2025-12-25 16:58:44.112473,599620046727332987,-96.00
2025-12-25 16:58:44.112473,599620046727332987,-94.00
2025-12-25 16:58:44.112473,599620046727332987,-98.00
2025-12-25 16:58:44.112473,599620046727332987,-101.00
2025-12-25 16:58:44.112473,599620046727332987,-103.00
2025-12-25 16:58:44.112473,599620046727332987,-105.00
2025-12-25 16:58:44.112473,599620046727332987,-108.00
2025-12-25 16:58:44.112473,599620046727332987,-105.00
2025-12-25 16:58:44.112473,599620046727332987,-73.00
2025-12-25 16:58:44.112473,599620046727332987,64.00
2025-12-25 16:58:44.674589,599620047288187706,367.00
2025-12-25 16:58:44.674589,599620047288187706,581.00
2025-12-25 16:58:44.674589,599620047288187706,133.00
2025-12-25 16:58:44.674589,599620047288187706,-827.00
2025-12-25 16:58:44.674589,599620047288187706,-1105.00
2025-12-25 16:58:44.674589,599620047288187706,-485.00
2025-12-25 16:58:44.674589,599620047288187706,-75.00
2025-12-25 16:58:44.674589,599620047288187706,-108.00
2025-12-25 16:58:44.674589,599620047288187706,-73.00
2025-12-25 16:58:44.674589,599620047288187706,0.00
2025-12-25 16:58:44.674589,599620047288187706,-18.00
2025-12-25 16:58:44.674589,599620047288187706,-25.00
2025-12-25 16:58:44.674589,599620047288187706,0.00
2025-12-25 16:58:44.674589,599620047288187706,2.00
2025-12-25 16:58:44.674589,599620047288187706,6.00
2025-12-25 16:58:44.674589,599620047288187706,29.00
2025-12-25 16:58:44.674589,599620047288187706,41.00
2025-12-25 16:58:44.674589,599620047288187706,43.00
2025-12-25 16:58:44.674589,599620047288187706,50.00
2025-12-25 16:58:44.674589,599620047288187706,52.00
2025-12-25 16:58:44.674589,599620047288187706,52.00
2025-12-25 16:58:44.674589,599620047288187706,62.00
2025-12-25 16:58:44.674589,599620047288187706,66.00
2025-12-25 16:58:44.674589,599620047288187706,68.00
2025-12-25 16:58:44.674589,599620047288187706,71.00
2025-12-25 16:58:44.674589,599620047288187706,75.00
2025-12-25 16:58:44.674589,599620047288187706,82.00
2025-12-25 16:58:44.674589,599620047288187706,94.00
2025-12-25 16:58:44.674589,599620047288187706,101.00
2025-12-25 16:58:44.674589,599620047288187706,108.00
2025-12-25 16:58:44.674589,599620047288187706,114.00
2025-12-25 16:58:44.674589,599620047288187706,121.00
2025-12-25 16:58:44.674589,599620047288187706,124.00
2025-12-25 16:58:44.674589,599620047288187706,121.00
2025-12-25 16:58:44.674589,599620047288187706,112.00
2025-12-25 16:58:44.674589,599620047288187706,87.00
2025-12-25 16:58:44.674589,599620047288187706,52.00
2025-12-25 16:58:44.674589,599620047288187706,11.00
2025-12-25 16:58:44.674589,599620047288187706,-25.00
2025-12-25 16:58:44.674589,599620047288187706,-52.00
2025-12-25 16:58:44.674589,599620047288187706,-78.00
2025-12-25 16:58:44.674589,599620047288187706,-94.00
2025-12-25 16:58:44.674589,599620047288187706,-103.00
2025-12-25 16:58:44.674589,599620047288187706,-108.00
2025-12-25 16:58:44.674589,599620047288187706,-105.00
2025-12-25 16:58:44.674589,599620047288187706,-103.00
2025-12-25 16:58:44.674589,599620047288187706,-103.00
2025-12-25 16:58:44.674589,599620047288187706,-101.00
2025-12-25 16:58:44.674589,599620047288187706,-101.00
2025-12-25 16:58:44.674589,599620047288187706,-98.00
2025-12-25 16:58:44.674589,599620047288187706,-94.00
2025-12-25 16:58:44.674589,599620047288187706,-91.00
2025-12-25 16:58:44.674589,599620047288187706,-87.00
2025-12-25 16:58:44.674589,599620047288187706,-85.00
2025-12-25 16:58:44.674589,599620047288187706,-87.00
2025-12-25 16:58:44.674589,599620047288187706,-85.00
2025-12-25 16:58:44.674589,599620047288187706,-80.00
2025-12-25 16:58:44.674589,599620047288187706,-78.00
2025-12-25 16:58:44.674589,599620047288187706,-80.00
2025-12-25 16:58:44.674589,599620047288187706,-80.00
2025-12-25 16:58:44.674589,599620047288187706,-80.00
2025-12-25 16:58:44.674589,599620047288187706,-82.00
2025-12-25 16:58:44.674589,599620047288187706,-82.00
2025-12-25 16:58:44.674589,599620047288187706,-82.00
2025-12-25 16:58:44.674589,599620047288187706,-85.00
2025-12-25 16:58:44.674589,599620047288187706,-87.00
2025-12-25 16:58:44.674589,599620047288187706,-89.00
2025-12-25 16:58:44.674589,599620047288187706,-87.00
2025-12-25 16:58:44.674589,599620047288187706,-87.00
2025-12-25 16:58:44.674589,599620047288187706,-89.00
2025-12-25 16:58:44.674589,599620047288187706,-85.00
2025-12-25 16:58:44.674589,599620047288187706,-80.00
2025-12-25 16:58:44.674589,599620047288187706,-85.00
2025-12-25 16:58:45.167038,599620047849067857,-85.00
2025-12-25 16:58:45.167038,599620047849067857,-80.00
2025-12-25 16:58:45.167038,599620047849067857,-85.00
2025-12-25 16:58:45.167038,599620047849067857,-87.00
2025-12-25 16:58:45.167038,599620047849067857,-85.00
2025-12-25 16:58:45.167038,599620047849067857,-80.00
2025-12-25 16:58:45.167038,599620047849067857,-71.00
2025-12-25 16:58:45.167038,599620047849067857,-62.00
2025-12-25 16:58:45.167038,599620047849067857,-66.00
2025-12-25 16:58:45.167038,599620047849067857,-71.00
2025-12-25 16:58:45.167038,599620047849067857,-62.00
2025-12-25 16:58:45.167038,599620047849067857,-50.00
2025-12-25 16:58:45.167038,599620047849067857,-41.00
2025-12-25 16:58:45.167038,599620047849067857,-41.00
2025-12-25 16:58:45.167038,599620047849067857,-48.00
2025-12-25 16:58:45.167038,599620047849067857,-52.00
2025-12-25 16:58:45.167038,599620047849067857,-52.00
2025-12-25 16:58:45.167038,599620047849067857,-48.00
2025-12-25 16:58:45.167038,599620047849067857,-36.00
2025-12-25 16:58:45.167038,599620047849067857,-27.00
2025-12-25 16:58:45.167038,599620047849067857,-16.00
2025-12-25 16:58:45.167038,599620047849067857,-18.00
2025-12-25 16:58:45.167038,599620047849067857,-45.00
2025-12-25 16:58:45.167038,599620047849067857,-64.00
2025-12-25 16:58:45.167038,599620047849067857,-66.00
2025-12-25 16:58:45.167038,599620047849067857,-71.00
2025-12-25 16:58:45.167038,599620047849067857,-75.00
2025-12-25 16:58:45.167038,599620047849067857,-78.00
2025-12-25 16:58:45.167038,599620047849067857,-80.00
2025-12-25 16:58:45.167038,599620047849067857,-82.00
2025-12-25 16:58:45.167038,599620047849067857,-82.00
2025-12-25 16:58:45.167038,599620047849067857,-73.00
2025-12-25 16:58:45.167038,599620047849067857,-9.00
2025-12-25 16:58:45.167038,599620047849067857,216.00
2025-12-25 16:58:45.167038,599620047849067857,531.00
2025-12-25 16:58:45.167038,599620047849067857,485.00
2025-12-25 16:58:45.167038,599620047849067857,-310.00
2025-12-25 16:58:45.167038,599620047849067857,-1085.00
2025-12-25 16:58:45.167038,599620047849067857,-827.00
2025-12-25 16:58:45.167038,599620047849067857,-195.00
2025-12-25 16:58:45.167038,599620047849067857,-68.00
2025-12-25 16:58:45.167038,599620047849067857,-105.00
2025-12-25 16:58:45.167038,599620047849067857,-32.00
2025-12-25 16:58:45.167038,599620047849067857,-22.00
2025-12-25 16:58:45.167038,599620047849067857,-52.00
2025-12-25 16:58:45.167038,599620047849067857,-29.00
2025-12-25 16:58:45.167038,599620047849067857,-11.00
2025-12-25 16:58:45.167038,599620047849067857,-20.00
2025-12-25 16:58:45.167038,599620047849067857,-18.00
2025-12-25 16:58:45.167038,599620047849067857,-11.00
2025-12-25 16:58:45.167038,599620047849067857,-9.00
2025-12-25 16:58:45.167038,599620047849067857,-6.00
2025-12-25 16:58:45.167038,599620047849067857,0.00
2025-12-25 16:58:45.167038,599620047849067857,9.00
2025-12-25 16:58:45.167038,599620047849067857,16.00
2025-12-25 16:58:45.167038,599620047849067857,18.00
2025-12-25 16:58:45.167038,599620047849067857,22.00
2025-12-25 16:58:45.167038,599620047849067857,32.00
2025-12-25 16:58:45.167038,599620047849067857,39.00
2025-12-25 16:58:45.167038,599620047849067857,45.00
2025-12-25 16:58:45.167038,599620047849067857,52.00
2025-12-25 16:58:45.167038,599620047849067857,64.00
2025-12-25 16:58:45.167038,599620047849067857,78.00
2025-12-25 16:58:45.167038,599620047849067857,87.00
2025-12-25 16:58:45.167038,599620047849067857,89.00
2025-12-25 16:58:45.167038,599620047849067857,91.00
2025-12-25 16:58:45.167038,599620047849067857,89.00
2025-12-25 16:58:45.167038,599620047849067857,80.00
2025-12-25 16:58:45.167038,599620047849067857,64.00
2025-12-25 16:58:45.167038,599620047849067857,43.00
2025-12-25 16:58:45.167038,599620047849067857,13.00
2025-12-25 16:58:45.167038,599620047849067857,-20.00
2025-12-25 16:58:45.167038,599620047849067857,-55.00
2025-12-25 16:58:45.809812,599620048409927660,-80.00
2025-12-25 16:58:45.809812,599620048409927660,-101.00
2025-12-25 16:58:45.809812,599620048409927660,-108.00
2025-12-25 16:58:45.809812,599620048409927660,-103.00
2025-12-25 16:58:45.809812,599620048409927660,-98.00
2025-12-25 16:58:45.809812,599620048409927660,-105.00
2025-12-25 16:58:45.809812,599620048409927660,-105.00
2025-12-25 16:58:45.809812,599620048409927660,-101.00
2025-12-25 16:58:45.809812,599620048409927660,-94.00
2025-12-25 16:58:45.809812,599620048409927660,-82.00
2025-12-25 16:58:45.809812,599620048409927660,-71.00
2025-12-25 16:58:45.809812,599620048409927660,-71.00
2025-12-25 16:58:45.809812,599620048409927660,-73.00
2025-12-25 16:58:45.809812,599620048409927660,-68.00
2025-12-25 16:58:45.809812,599620048409927660,-64.00
2025-12-25 16:58:45.809812,599620048409927660,-64.00
2025-12-25 16:58:45.809812,599620048409927660,-64.00
2025-12-25 16:58:45.809812,599620048409927660,-66.00
2025-12-25 16:58:45.809812,599620048409927660,-66.00
2025-12-25 16:58:45.809812,599620048409927660,-68.00
2025-12-25 16:58:45.809812,599620048409927660,-64.00
2025-12-25 16:58:45.809812,599620048409927660,-59.00
2025-12-25 16:58:45.809812,599620048409927660,-62.00
2025-12-25 16:58:45.809812,599620048409927660,-66.00
2025-12-25 16:58:45.809812,599620048409927660,-71.00
2025-12-25 16:58:45.809812,599620048409927660,-71.00
2025-12-25 16:58:45.809812,599620048409927660,-71.00
2025-12-25 16:58:45.809812,599620048409927660,-71.00
2025-12-25 16:58:45.809812,599620048409927660,-75.00
2025-12-25 16:58:45.809812,599620048409927660,-78.00
2025-12-25 16:58:45.809812,599620048409927660,-80.00
2025-12-25 16:58:45.809812,599620048409927660,-80.00
2025-12-25 16:58:45.809812,599620048409927660,-80.00
2025-12-25 16:58:45.809812,599620048409927660,-78.00
2025-12-25 16:58:45.809812,599620048409927660,-82.00
2025-12-25 16:58:45.809812,599620048409927660,-85.00
2025-12-25 16:58:45.809812,599620048409927660,-85.00
2025-12-25 16:58:45.809812,599620048409927660,-87.00
2025-12-25 16:58:45.809812,599620048409927660,-85.00
2025-12-25 16:58:45.809812,599620048409927660,-78.00
2025-12-25 16:58:45.809812,599620048409927660,-82.00
2025-12-25 16:58:45.809812,599620048409927660,-87.00
2025-12-25 16:58:45.809812,599620048409927660,-89.00
2025-12-25 16:58:45.809812,599620048409927660,-91.00
2025-12-25 16:58:45.809812,599620048409927660,-89.00
2025-12-25 16:58:45.809812,599620048409927660,-87.00
2025-12-25 16:58:45.809812,599620048409927660,-91.00
2025-12-25 16:58:45.809812,599620048409927660,-94.00
2025-12-25 16:58:45.809812,599620048409927660,-94.00
2025-12-25 16:58:45.809812,599620048409927660,-94.00
2025-12-25 16:58:45.809812,599620048409927660,-91.00
2025-12-25 16:58:45.809812,599620048409927660,-91.00
2025-12-25 16:58:45.809812,599620048409927660,-91.00
2025-12-25 16:58:45.809812,599620048409927660,-87.00
2025-12-25 16:58:45.809812,599620048409927660,-87.00
2025-12-25 16:58:45.809812,599620048409927660,-87.00
2025-12-25 16:58:45.809812,599620048409927660,-75.00
2025-12-25 16:58:45.809812,599620048409927660,-64.00
2025-12-25 16:58:45.809812,599620048409927660,-55.00
2025-12-25 16:58:45.809812,599620048409927660,-50.00
2025-12-25 16:58:45.809812,599620048409927660,-68.00
2025-12-25 16:58:45.809812,599620048409927660,-89.00
2025-12-25 16:58:45.809812,599620048409927660,-87.00
2025-12-25 16:58:45.809812,599620048409927660,-87.00
2025-12-25 16:58:45.809812,599620048409927660,-98.00
2025-12-25 16:58:45.809812,599620048409927660,-101.00
2025-12-25 16:58:45.809812,599620048409927660,-98.00
2025-12-25 16:58:45.809812,599620048409927660,-101.00
2025-12-25 16:58:45.809812,599620048409927660,-96.00
2025-12-25 16:58:45.809812,599620048409927660,-85.00
2025-12-25 16:58:45.809812,599620048409927660,-55.00
2025-12-25 16:58:45.809812,599620048409927660,89.00
2025-12-25 16:58:45.809812,599620048409927660,395.00
2025-12-25 16:58:46.384397,599620048970812895,567.00
2025-12-25 16:58:46.384397,599620048970812895,71.00
2025-12-25 16:58:46.384397,599620048970812895,-848.00
2025-12-25 16:58:46.384397,599620048970812895,-1043.00
2025-12-25 16:58:46.384397,599620048970812895,-443.00
2025-12-25 16:58:46.384397,599620048970812895,-89.00
2025-12-25 16:58:46.384397,599620048970812895,-112.00
2025-12-25 16:58:46.384397,599620048970812895,-66.00
2025-12-25 16:58:46.384397,599620048970812895,-16.00
2025-12-25 16:58:46.384397,599620048970812895,-43.00
2025-12-25 16:58:46.384397,599620048970812895,-36.00
2025-12-25 16:58:46.384397,599620048970812895,-6.00
2025-12-25 16:58:46.384397,599620048970812895,0.00
2025-12-25 16:58:46.384397,599620048970812895,11.00
2025-12-25 16:58:46.384397,599620048970812895,22.00
2025-12-25 16:58:46.384397,599620048970812895,16.00
2025-12-25 16:58:46.384397,599620048970812895,16.00
2025-12-25 16:58:46.384397,599620048970812895,25.00
2025-12-25 16:58:46.384397,599620048970812895,39.00
2025-12-25 16:58:46.384397,599620048970812895,52.00
2025-12-25 16:58:46.384397,599620048970812895,52.00
2025-12-25 16:58:46.384397,599620048970812895,50.00
2025-12-25 16:58:46.384397,599620048970812895,55.00
2025-12-25 16:58:46.384397,599620048970812895,59.00
2025-12-25 16:58:46.384397,599620048970812895,66.00
2025-12-25 16:58:46.384397,599620048970812895,75.00
2025-12-25 16:58:46.384397,599620048970812895,82.00
2025-12-25 16:58:46.384397,599620048970812895,89.00
2025-12-25 16:58:46.384397,599620048970812895,98.00
2025-12-25 16:58:46.384397,599620048970812895,108.00
2025-12-25 16:58:46.384397,599620048970812895,114.00
2025-12-25 16:58:46.384397,599620048970812895,119.00
2025-12-25 16:58:46.384397,599620048970812895,112.00
2025-12-25 16:58:46.384397,599620048970812895,98.00
2025-12-25 16:58:46.384397,599620048970812895,78.00
2025-12-25 16:58:46.384397,599620048970812895,50.00
2025-12-25 16:58:46.384397,599620048970812895,22.00
2025-12-25 16:58:46.384397,599620048970812895,-9.00
2025-12-25 16:58:46.384397,599620048970812895,-50.00
2025-12-25 16:58:46.384397,599620048970812895,-80.00
2025-12-25 16:58:46.384397,599620048970812895,-96.00
2025-12-25 16:58:46.384397,599620048970812895,-105.00
2025-12-25 16:58:46.384397,599620048970812895,-110.00
2025-12-25 16:58:46.384397,599620048970812895,-110.00
2025-12-25 16:58:46.384397,599620048970812895,-103.00
2025-12-25 16:58:46.384397,599620048970812895,-98.00
2025-12-25 16:58:46.384397,599620048970812895,-101.00
2025-12-25 16:58:46.384397,599620048970812895,-101.00
2025-12-25 16:58:46.384397,599620048970812895,-101.00
2025-12-25 16:58:46.384397,599620048970812895,-98.00
2025-12-25 16:58:46.384397,599620048970812895,-94.00
2025-12-25 16:58:46.384397,599620048970812895,-94.00
2025-12-25 16:58:46.384397,599620048970812895,-94.00
2025-12-25 16:58:46.384397,599620048970812895,-89.00
2025-12-25 16:58:46.384397,599620048970812895,-87.00
2025-12-25 16:58:46.384397,599620048970812895,-87.00
2025-12-25 16:58:46.384397,599620048970812895,-89.00
2025-12-25 16:58:46.384397,599620048970812895,-89.00
2025-12-25 16:58:46.384397,599620048970812895,-91.00
2025-12-25 16:58:46.384397,599620048970812895,-94.00
2025-12-25 16:58:46.384397,599620048970812895,-91.00
2025-12-25 16:58:46.384397,599620048970812895,-82.00
2025-12-25 16:58:46.384397,599620048970812895,-80.00
2025-12-25 16:58:46.384397,599620048970812895,-85.00
2025-12-25 16:58:46.384397,599620048970812895,-85.00
2025-12-25 16:58:46.384397,599620048970812895,-82.00
2025-12-25 16:58:46.384397,599620048970812895,-85.00
2025-12-25 16:58:46.384397,599620048970812895,-87.00
2025-12-25 16:58:46.384397,599620048970812895,-89.00
2025-12-25 16:58:46.384397,599620048970812895,-89.00
2025-12-25 16:58:46.384397,599620048970812895,-91.00
2025-12-25 16:58:46.384397,599620048970812895,-96.00
2025-12-25 16:58:46.384397,599620048970812895,-94.00
2025-12-25 16:58:46.892536,599620049531677786,-91.00
2025-12-25 16:58:46.892536,599620049531677786,-94.00
2025-12-25 16:58:46.892536,599620049531677786,-96.00
2025-12-25 16:58:46.892536,599620049531677786,-89.00
2025-12-25 16:58:46.892536,599620049531677786,-82.00
2025-12-25 16:58:46.892536,599620049531677786,-87.00
2025-12-25 16:58:46.892536,599620049531677786,-89.00
2025-12-25 16:58:46.892536,599620049531677786,-87.00
2025-12-25 16:58:46.892536,599620049531677786,-87.00
2025-12-25 16:58:46.892536,599620049531677786,-82.00
2025-12-25 16:58:46.892536,599620049531677786,-73.00
2025-12-25 16:58:46.892536,599620049531677786,-73.00
2025-12-25 16:58:46.892536,599620049531677786,-78.00
2025-12-25 16:58:46.892536,599620049531677786,-78.00
2025-12-25 16:58:46.892536,599620049531677786,-82.00
2025-12-25 16:58:46.892536,599620049531677786,-75.00
2025-12-25 16:58:46.892536,599620049531677786,-57.00
2025-12-25 16:58:46.892536,599620049531677786,-43.00
2025-12-25 16:58:46.892536,599620049531677786,-32.00
2025-12-25 16:58:46.892536,599620049531677786,-20.00
2025-12-25 16:58:46.892536,599620049531677786,-39.00
2025-12-25 16:58:46.892536,599620049531677786,-68.00
2025-12-25 16:58:46.892536,599620049531677786,-75.00
2025-12-25 16:58:46.892536,599620049531677786,-75.00
2025-12-25 16:58:46.892536,599620049531677786,-80.00
2025-12-25 16:58:46.892536,599620049531677786,-80.00
2025-12-25 16:58:46.892536,599620049531677786,-78.00
2025-12-25 16:58:46.892536,599620049531677786,-82.00
2025-12-25 16:58:46.892536,599620049531677786,-85.00
2025-12-25 16:58:46.892536,599620049531677786,-85.00
2025-12-25 16:58:46.892536,599620049531677786,-62.00
2025-12-25 16:58:46.892536,599620049531677786,73.00
2025-12-25 16:58:46.892536,599620049531677786,377.00
2025-12-25 16:58:46.892536,599620049531677786,600.00
2025-12-25 16:58:46.892536,599620049531677786,179.00
2025-12-25 16:58:46.892536,599620049531677786,-756.00
2025-12-25 16:58:46.892536,599620049531677786,-1073.00
2025-12-25 16:58:46.892536,599620049531677786,-537.00
2025-12-25 16:58:46.892536,599620049531677786,-144.00
2025-12-25 16:58:46.892536,599620049531677786,-114.00
2025-12-25 16:58:46.892536,599620049531677786,-50.00
2025-12-25 16:58:46.892536,599620049531677786,-2.00
2025-12-25 16:58:46.892536,599620049531677786,-32.00
2025-12-25 16:58:46.892536,599620049531677786,-25.00
2025-12-25 16:58:46.892536,599620049531677786,-2.00
2025-12-25 16:58:46.892536,599620049531677786,-6.00
2025-12-25 16:58:46.892536,599620049531677786,-9.00
2025-12-25 16:58:46.892536,599620049531677786,-2.00
2025-12-25 16:58:46.892536,599620049531677786,4.00
2025-12-25 16:58:46.892536,599620049531677786,6.00
2025-12-25 16:58:46.892536,599620049531677786,11.00
2025-12-25 16:58:46.892536,599620049531677786,16.00
2025-12-25 16:58:46.892536,599620049531677786,18.00
2025-12-25 16:58:46.892536,599620049531677786,25.00
2025-12-25 16:58:46.892536,599620049531677786,39.00
2025-12-25 16:58:46.892536,599620049531677786,45.00
2025-12-25 16:58:46.892536,599620049531677786,50.00
2025-12-25 16:58:46.892536,599620049531677786,64.00
2025-12-25 16:58:46.892536,599620049531677786,73.00
2025-12-25 16:58:46.892536,599620049531677786,82.00
2025-12-25 16:58:46.892536,599620049531677786,91.00
2025-12-25 16:58:46.892536,599620049531677786,98.00
2025-12-25 16:58:46.892536,599620049531677786,103.00
2025-12-25 16:58:46.892536,599620049531677786,108.00
2025-12-25 16:58:46.892536,599620049531677786,108.00
2025-12-25 16:58:46.892536,599620049531677786,101.00
2025-12-25 16:58:46.892536,599620049531677786,91.00
2025-12-25 16:58:46.892536,599620049531677786,80.00
2025-12-25 16:58:46.892536,599620049531677786,52.00
2025-12-25 16:58:46.892536,599620049531677786,16.00
2025-12-25 16:58:46.892536,599620049531677786,-20.00
2025-12-25 16:58:46.892536,599620049531677786,-57.00
2025-12-25 16:58:46.892536,599620049531677786,-82.00
2025-12-25 16:58:47.461686,599620050092552847,-96.00
2025-12-25 16:58:47.461686,599620050092552847,-105.00
2025-12-25 16:58:47.461686,599620050092552847,-112.00
2025-12-25 16:58:47.461686,599620050092552847,-114.00
2025-12-25 16:58:47.461686,599620050092552847,-117.00
2025-12-25 16:58:47.461686,599620050092552847,-114.00
2025-12-25 16:58:47.461686,599620050092552847,-105.00
2025-12-25 16:58:47.461686,599620050092552847,-91.00
2025-12-25 16:58:47.461686,599620050092552847,-85.00
2025-12-25 16:58:47.461686,599620050092552847,-89.00
2025-12-25 16:58:47.461686,599620050092552847,-91.00
2025-12-25 16:58:47.461686,599620050092552847,-87.00
2025-12-25 16:58:47.461686,599620050092552847,-78.00
2025-12-25 16:58:47.461686,599620050092552847,-68.00
2025-12-25 16:58:47.461686,599620050092552847,-64.00
2025-12-25 16:58:47.461686,599620050092552847,-68.00
2025-12-25 16:58:47.461686,599620050092552847,-68.00
2025-12-25 16:58:47.461686,599620050092552847,-66.00
2025-12-25 16:58:47.461686,599620050092552847,-66.00
2025-12-25 16:58:47.461686,599620050092552847,-68.00
2025-12-25 16:58:47.461686,599620050092552847,-71.00
2025-12-25 16:58:47.461686,599620050092552847,-73.00
2025-12-25 16:58:47.461686,599620050092552847,-73.00
2025-12-25 16:58:47.461686,599620050092552847,-75.00
2025-12-25 16:58:47.461686,599620050092552847,-80.00
2025-12-25 16:58:47.461686,599620050092552847,-80.00
2025-12-25 16:58:47.461686,599620050092552847,-73.00
2025-12-25 16:58:47.461686,599620050092552847,-73.00
2025-12-25 16:58:47.461686,599620050092552847,-78.00
2025-12-25 16:58:47.461686,599620050092552847,-78.00
2025-12-25 16:58:47.461686,599620050092552847,-73.00
2025-12-25 16:58:47.461686,599620050092552847,-75.00
2025-12-25 16:58:47.461686,599620050092552847,-80.00
2025-12-25 16:58:47.461686,599620050092552847,-80.00
2025-12-25 16:58:47.461686,599620050092552847,-80.00
2025-12-25 16:58:47.461686,599620050092552847,-82.00
2025-12-25 16:58:47.461686,599620050092552847,-80.00
2025-12-25 16:58:47.461686,599620050092552847,-78.00
2025-12-25 16:58:47.461686,599620050092552847,-85.00
2025-12-25 16:58:47.461686,599620050092552847,-89.00
2025-12-25 16:58:47.461686,599620050092552847,-87.00
2025-12-25 16:58:47.461686,599620050092552847,-87.00
2025-12-25 16:58:47.461686,599620050092552847,-87.00
2025-12-25 16:58:47.461686,599620050092552847,-85.00
2025-12-25 16:58:47.461686,599620050092552847,-85.00
2025-12-25 16:58:47.461686,599620050092552847,-89.00
2025-12-25 16:58:47.461686,599620050092552847,-87.00
2025-12-25 16:58:47.461686,599620050092552847,-78.00
2025-12-25 16:58:47.461686,599620050092552847,-71.00
2025-12-25 16:58:47.461686,599620050092552847,-75.00
2025-12-25 16:58:47.461686,599620050092552847,-82.00
2025-12-25 16:58:47.461686,599620050092552847,-85.00
2025-12-25 16:58:47.461686,599620050092552847,-87.00
2025-12-25 16:58:47.461686,599620050092552847,-80.00
2025-12-25 16:58:47.461686,599620050092552847,-66.00
2025-12-25 16:58:47.461686,599620050092552847,-55.00
2025-12-25 16:58:47.461686,599620050092552847,-41.00
2025-12-25 16:58:47.461686,599620050092552847,-45.00
2025-12-25 16:58:47.461686,599620050092552847,-71.00
2025-12-25 16:58:47.461686,599620050092552847,-80.00
2025-12-25 16:58:47.461686,599620050092552847,-75.00
2025-12-25 16:58:47.461686,599620050092552847,-85.00
2025-12-25 16:58:47.461686,599620050092552847,-89.00
2025-12-25 16:58:47.461686,599620050092552847,-87.00
2025-12-25 16:58:47.461686,599620050092552847,-91.00
2025-12-25 16:58:47.461686,599620050092552847,-94.00
2025-12-25 16:58:47.461686,599620050092552847,-91.00
2025-12-25 16:58:47.461686,599620050092552847,-82.00
2025-12-25 16:58:47.461686,599620050092552847,-11.00
2025-12-25 16:58:47.461686,599620050092552847,213.00
2025-12-25 16:58:47.461686,599620050092552847,533.00
2025-12-25 16:58:47.461686,599620050092552847,491.00
2025-12-25 16:58:47.461686,599620050092552847,-308.00
2025-12-25 16:58:48.045535,599620050653407566,-1078.00
2025-12-25 16:58:48.045535,599620050653407566,-813.00
2025-12-25 16:58:48.045535,599620050653407566,-188.00
2025-12-25 16:58:48.045535,599620050653407566,-68.00
2025-12-25 16:58:48.045535,599620050653407566,-87.00
2025-12-25 16:58:48.045535,599620050653407566,2.00
2025-12-25 16:58:48.045535,599620050653407566,6.00
2025-12-25 16:58:48.045535,599620050653407566,-27.00
2025-12-25 16:58:48.045535,599620050653407566,-4.00
2025-12-25 16:58:48.045535,599620050653407566,13.00
2025-12-25 16:58:48.045535,599620050653407566,16.00
2025-12-25 16:58:48.045535,599620050653407566,32.00
2025-12-25 16:58:48.045535,599620050653407566,36.00
2025-12-25 16:58:48.045535,599620050653407566,32.00
2025-12-25 16:58:48.045535,599620050653407566,39.00
2025-12-25 16:58:48.045535,599620050653407566,50.00
2025-12-25 16:58:48.045535,599620050653407566,55.00
2025-12-25 16:58:48.045535,599620050653407566,62.00
2025-12-25 16:58:48.045535,599620050653407566,68.00
2025-12-25 16:58:48.045535,599620050653407566,71.00
2025-12-25 16:58:48.045535,599620050653407566,75.00
2025-12-25 16:58:48.045535,599620050653407566,82.00
2025-12-25 16:58:48.045535,599620050653407566,87.00
2025-12-25 16:58:48.045535,599620050653407566,91.00
2025-12-25 16:58:48.045535,599620050653407566,98.00
2025-12-25 16:58:48.045535,599620050653407566,103.00
2025-12-25 16:58:48.045535,599620050653407566,108.00
2025-12-25 16:58:48.045535,599620050653407566,112.00
2025-12-25 16:58:48.045535,599620050653407566,117.00
2025-12-25 16:58:48.045535,599620050653407566,112.00
2025-12-25 16:58:48.045535,599620050653407566,98.00
2025-12-25 16:58:48.045535,599620050653407566,80.00
2025-12-25 16:58:48.045535,599620050653407566,55.00
2025-12-25 16:58:48.045535,599620050653407566,22.00
2025-12-25 16:58:48.045535,599620050653407566,-13.00
2025-12-25 16:58:48.045535,599620050653407566,-48.00
2025-12-25 16:58:48.045535,599620050653407566,-75.00
2025-12-25 16:58:48.045535,599620050653407566,-98.00
2025-12-25 16:58:48.045535,599620050653407566,-112.00
2025-12-25 16:58:48.045535,599620050653407566,-117.00
2025-12-25 16:58:48.045535,599620050653407566,-112.00
2025-12-25 16:58:48.045535,599620050653407566,-110.00
2025-12-25 16:58:48.045535,599620050653407566,-112.00
2025-12-25 16:58:48.045535,599620050653407566,-114.00
2025-12-25 16:58:48.045535,599620050653407566,-110.00
2025-12-25 16:58:48.045535,599620050653407566,-108.00
2025-12-25 16:58:48.045535,599620050653407566,-105.00
2025-12-25 16:58:48.045535,599620050653407566,-101.00
2025-12-25 16:58:48.045535,599620050653407566,-98.00
2025-12-25 16:58:48.045535,599620050653407566,-96.00
2025-12-25 16:58:48.045535,599620050653407566,-89.00
2025-12-25 16:58:48.045535,599620050653407566,-85.00
2025-12-25 16:58:48.045535,599620050653407566,-85.00
2025-12-25 16:58:48.045535,599620050653407566,-87.00
2025-12-25 16:58:48.045535,599620050653407566,-85.00
2025-12-25 16:58:48.045535,599620050653407566,-85.00
2025-12-25 16:58:48.045535,599620050653407566,-87.00
2025-12-25 16:58:48.045535,599620050653407566,-85.00
2025-12-25 16:58:48.045535,599620050653407566,-82.00
2025-12-25 16:58:48.045535,599620050653407566,-87.00
2025-12-25 16:58:48.045535,599620050653407566,-89.00
2025-12-25 16:58:48.045535,599620050653407566,-91.00
2025-12-25 16:58:48.045535,599620050653407566,-94.00
2025-12-25 16:58:48.045535,599620050653407566,-94.00
2025-12-25 16:58:48.045535,599620050653407566,-91.00
2025-12-25 16:58:48.045535,599620050653407566,-96.00
2025-12-25 16:58:48.045535,599620050653407566,-96.00
2025-12-25 16:58:48.045535,599620050653407566,-98.00
2025-12-25 16:58:48.045535,599620050653407566,-101.00
2025-12-25 16:58:48.045535,599620050653407566,-101.00
2025-12-25 16:58:48.045535,599620050653407566,-98.00
2025-12-25 16:58:48.045535,599620050653407566,-98.00
2025-12-25 16:58:48.045535,599620050653407566,-101.00
2025-12-25 16:58:48.638297,599620051214287717,-101.00
2025-12-25 16:58:48.638297,599620051214287717,-98.00
2025-12-25 16:58:48.638297,599620051214287717,-96.00
2025-12-25 16:58:48.638297,599620051214287717,-101.00
2025-12-25 16:58:48.638297,599620051214287717,-103.00
2025-12-25 16:58:48.638297,599620051214287717,-101.00
2025-12-25 16:58:48.638297,599620051214287717,-101.00
2025-12-25 16:58:48.638297,599620051214287717,-103.00
2025-12-25 16:58:48.638297,599620051214287717,-98.00
2025-12-25 16:58:48.638297,599620051214287717,-94.00
2025-12-25 16:58:48.638297,599620051214287717,-98.00
2025-12-25 16:58:48.638297,599620051214287717,-96.00
2025-12-25 16:58:48.638297,599620051214287717,-82.00
2025-12-25 16:58:48.638297,599620051214287717,-55.00
2025-12-25 16:58:48.638297,599620051214287717,-29.00
2025-12-25 16:58:48.638297,599620051214287717,-36.00
2025-12-25 16:58:48.638297,599620051214287717,-68.00
2025-12-25 16:58:48.638297,599620051214287717,-82.00
2025-12-25 16:58:48.638297,599620051214287717,-82.00
2025-12-25 16:58:48.638297,599620051214287717,-75.00
2025-12-25 16:58:48.638297,599620051214287717,-68.00
2025-12-25 16:58:48.638297,599620051214287717,-73.00
2025-12-25 16:58:48.638297,599620051214287717,-82.00
2025-12-25 16:58:48.638297,599620051214287717,-82.00
2025-12-25 16:58:48.638297,599620051214287717,-80.00
2025-12-25 16:58:48.638297,599620051214287717,-78.00
2025-12-25 16:58:48.638297,599620051214287717,-11.00
2025-12-25 16:58:48.638297,599620051214287717,206.00
2025-12-25 16:58:48.638297,599620051214287717,528.00
2025-12-25 16:58:48.638297,599620051214287717,508.00
2025-12-25 16:58:48.638297,599620051214287717,-264.00
2025-12-25 16:58:48.638297,599620051214287717,-1064.00
2025-12-25 16:58:48.638297,599620051214287717,-841.00
2025-12-25 16:58:48.638297,599620051214287717,-195.00
2025-12-25 16:58:48.638297,599620051214287717,-43.00
2025-12-25 16:58:48.638297,599620051214287717,-85.00
2025-12-25 16:58:48.638297,599620051214287717,-16.00
2025-12-25 16:58:48.638297,599620051214287717,2.00
2025-12-25 16:58:48.638297,599620051214287717,-25.00
2025-12-25 16:58:48.638297,599620051214287717,-6.00
2025-12-25 16:58:48.638297,599620051214287717,9.00
2025-12-25 16:58:48.638297,599620051214287717,4.00
2025-12-25 16:58:48.638297,599620051214287717,9.00
2025-12-25 16:58:48.638297,599620051214287717,16.00
2025-12-25 16:58:48.638297,599620051214287717,16.00
2025-12-25 16:58:48.638297,599620051214287717,20.00
2025-12-25 16:58:48.638297,599620051214287717,29.00
2025-12-25 16:58:48.638297,599620051214287717,34.00
2025-12-25 16:58:48.638297,599620051214287717,41.00
2025-12-25 16:58:48.638297,599620051214287717,50.00
2025-12-25 16:58:48.638297,599620051214287717,55.00
2025-12-25 16:58:48.638297,599620051214287717,59.00
2025-12-25 16:58:48.638297,599620051214287717,66.00
2025-12-25 16:58:48.638297,599620051214287717,71.00
2025-12-25 16:58:48.638297,599620051214287717,78.00
2025-12-25 16:58:48.638297,599620051214287717,87.00
2025-12-25 16:58:48.638297,599620051214287717,94.00
2025-12-25 16:58:48.638297,599620051214287717,101.00
2025-12-25 16:58:48.638297,599620051214287717,105.00
2025-12-25 16:58:48.638297,599620051214287717,108.00
2025-12-25 16:58:48.638297,599620051214287717,105.00
2025-12-25 16:58:48.638297,599620051214287717,96.00
2025-12-25 16:58:48.638297,599620051214287717,78.00
2025-12-25 16:58:48.638297,599620051214287717,50.00
2025-12-25 16:58:48.638297,599620051214287717,11.00
2025-12-25 16:58:48.638297,599620051214287717,-29.00
2025-12-25 16:58:48.638297,599620051214287717,-62.00
2025-12-25 16:58:48.638297,599620051214287717,-89.00
2025-12-25 16:58:48.638297,599620051214287717,-114.00
2025-12-25 16:58:48.638297,599620051214287717,-126.00
2025-12-25 16:58:48.638297,599620051214287717,-128.00
2025-12-25 16:58:48.638297,599620051214287717,-133.00
2025-12-25 16:58:48.638297,599620051214287717,-133.00
2025-12-25 16:58:49.153774,599620051775147520,-128.00
2025-12-25 16:58:49.153774,599620051775147520,-128.00
2025-12-25 16:58:49.153774,599620051775147520,-126.00
2025-12-25 16:58:49.153774,599620051775147520,-124.00
2025-12-25 16:58:49.153774,599620051775147520,-119.00
2025-12-25 16:58:49.153774,599620051775147520,-112.00
2025-12-25 16:58:49.153774,599620051775147520,-112.00
2025-12-25 16:58:49.153774,599620051775147520,-114.00
2025-12-25 16:58:49.153774,599620051775147520,-108.00
2025-12-25 16:58:49.153774,599620051775147520,-103.00
2025-12-25 16:58:49.153774,599620051775147520,-105.00
2025-12-25 16:58:49.153774,599620051775147520,-101.00
2025-12-25 16:58:49.153774,599620051775147520,-98.00
2025-12-25 16:58:49.153774,599620051775147520,-98.00
2025-12-25 16:58:49.153774,599620051775147520,-98.00
2025-12-25 16:58:49.153774,599620051775147520,-96.00
2025-12-25 16:58:49.153774,599620051775147520,-87.00
2025-12-25 16:58:49.153774,599620051775147520,-75.00
2025-12-25 16:58:49.153774,599620051775147520,-80.00
2025-12-25 16:58:49.153774,599620051775147520,-87.00
2025-12-25 16:58:49.153774,599620051775147520,-85.00
2025-12-25 16:58:49.153774,599620051775147520,-82.00
2025-12-25 16:58:49.153774,599620051775147520,-87.00
2025-12-25 16:58:49.153774,599620051775147520,-87.00
2025-12-25 16:58:49.153774,599620051775147520,-82.00
2025-12-25 16:58:49.153774,599620051775147520,-75.00
2025-12-25 16:58:49.153774,599620051775147520,-73.00
2025-12-25 16:58:49.153774,599620051775147520,-78.00
2025-12-25 16:58:49.153774,599620051775147520,-78.00
2025-12-25 16:58:49.153774,599620051775147520,-78.00
2025-12-25 16:58:49.153774,599620051775147520,-82.00
2025-12-25 16:58:49.153774,599620051775147520,-80.00
2025-12-25 16:58:49.153774,599620051775147520,-73.00
2025-12-25 16:58:49.153774,599620051775147520,-75.00
2025-12-25 16:58:49.153774,599620051775147520,-85.00
2025-12-25 16:58:49.153774,599620051775147520,-80.00
2025-12-25 16:58:49.153774,599620051775147520,-66.00
2025-12-25 16:58:49.153774,599620051775147520,-59.00
2025-12-25 16:58:49.153774,599620051775147520,-43.00
2025-12-25 16:58:49.153774,599620051775147520,-36.00
2025-12-25 16:58:49.153774,599620051775147520,-62.00
2025-12-25 16:58:49.153774,599620051775147520,-87.00
2025-12-25 16:58:49.153774,599620051775147520,-87.00
2025-12-25 16:58:49.153774,599620051775147520,-89.00
2025-12-25 16:58:49.153774,599620051775147520,-94.00
2025-12-25 16:58:49.153774,599620051775147520,-91.00
2025-12-25 16:58:49.153774,599620051775147520,-94.00
2025-12-25 16:58:49.153774,599620051775147520,-101.00
2025-12-25 16:58:49.153774,599620051775147520,-103.00
2025-12-25 16:58:49.153774,599620051775147520,-103.00
2025-12-25 16:58:49.153774,599620051775147520,-64.00
2025-12-25 16:58:49.153774,599620051775147520,110.00
2025-12-25 16:58:49.153774,599620051775147520,432.00
2025-12-25 16:58:49.153774,599620051775147520,565.00
2025-12-25 16:58:49.153774,599620051775147520,-39.00
2025-12-25 16:58:49.153774,599620051775147520,-965.00
2025-12-25 16:58:49.153774,599620051775147520,-1020.00
2025-12-25 16:58:49.153774,599620051775147520,-367.00
2025-12-25 16:58:49.153774,599620051775147520,-78.00
2025-12-25 16:58:49.153774,599620051775147520,-121.00
2025-12-25 16:58:49.153774,599620051775147520,-71.00
2025-12-25 16:58:49.153774,599620051775147520,-32.00
2025-12-25 16:58:49.153774,599620051775147520,-59.00
2025-12-25 16:58:49.153774,599620051775147520,-45.00
2025-12-25 16:58:49.153774,599620051775147520,-20.00
2025-12-25 16:58:49.153774,599620051775147520,-27.00
2025-12-25 16:58:49.153774,599620051775147520,-27.00
2025-12-25 16:58:49.153774,599620051775147520,-16.00
2025-12-25 16:58:49.153774,599620051775147520,-11.00
2025-12-25 16:58:49.153774,599620051775147520,-6.00
2025-12-25 16:58:49.153774,599620051775147520,-2.00
2025-12-25 16:58:49.153774,599620051775147520,2.00
2025-12-25 16:58:49.153774,599620051775147520,4.00
2025-12-25 16:58:49.663664,599620052336002237,11.00
2025-12-25 16:58:49.663664,599620052336002237,18.00
2025-12-25 16:58:49.663664,599620052336002237,25.00
2025-12-25 16:58:49.663664,599620052336002237,32.00
2025-12-25 16:58:49.663664,599620052336002237,36.00
2025-12-25 16:58:49.663664,599620052336002237,45.00
2025-12-25 16:58:49.663664,599620052336002237,55.00
2025-12-25 16:58:49.663664,599620052336002237,71.00
2025-12-25 16:58:49.663664,599620052336002237,94.00
2025-12-25 16:58:49.663664,599620052336002237,101.00
2025-12-25 16:58:49.663664,599620052336002237,101.00
2025-12-25 16:58:49.663664,599620052336002237,105.00
2025-12-25 16:58:49.663664,599620052336002237,101.00
2025-12-25 16:58:49.663664,599620052336002237,94.00
2025-12-25 16:58:49.663664,599620052336002237,85.00
2025-12-25 16:58:49.663664,599620052336002237,48.00
2025-12-25 16:58:49.663664,599620052336002237,-2.00
2025-12-25 16:58:49.663664,599620052336002237,-32.00
2025-12-25 16:58:49.663664,599620052336002237,-55.00
2025-12-25 16:58:49.663664,599620052336002237,-78.00
2025-12-25 16:58:49.663664,599620052336002237,-89.00
2025-12-25 16:58:49.663664,599620052336002237,-96.00
2025-12-25 16:58:49.663664,599620052336002237,-101.00
2025-12-25 16:58:49.663664,599620052336002237,-98.00
2025-12-25 16:58:49.663664,599620052336002237,-96.00
2025-12-25 16:58:49.663664,599620052336002237,-96.00
2025-12-25 16:58:49.663664,599620052336002237,-94.00
2025-12-25 16:58:49.663664,599620052336002237,-89.00
2025-12-25 16:58:49.663664,599620052336002237,-89.00
2025-12-25 16:58:49.663664,599620052336002237,-89.00
2025-12-25 16:58:49.663664,599620052336002237,-89.00
2025-12-25 16:58:49.663664,599620052336002237,-85.00
2025-12-25 16:58:49.663664,599620052336002237,-80.00
2025-12-25 16:58:49.663664,599620052336002237,-82.00
2025-12-25 16:58:49.663664,599620052336002237,-85.00
2025-12-25 16:58:49.663664,599620052336002237,-82.00
2025-12-25 16:58:49.663664,599620052336002237,-80.00
2025-12-25 16:58:49.663664,599620052336002237,-75.00
2025-12-25 16:58:49.663664,599620052336002237,-75.00
2025-12-25 16:58:49.663664,599620052336002237,-80.00
2025-12-25 16:58:49.663664,599620052336002237,-82.00
2025-12-25 16:58:49.663664,599620052336002237,-82.00
2025-12-25 16:58:49.663664,599620052336002237,-85.00
2025-12-25 16:58:49.663664,599620052336002237,-85.00
2025-12-25 16:58:49.663664,599620052336002237,-85.00
2025-12-25 16:58:49.663664,599620052336002237,-89.00
2025-12-25 16:58:49.663664,599620052336002237,-89.00
2025-12-25 16:58:49.663664,599620052336002237,-91.00
2025-12-25 16:58:49.663664,599620052336002237,-94.00
2025-12-25 16:58:49.663664,599620052336002237,-91.00
2025-12-25 16:58:49.663664,599620052336002237,-91.00
2025-12-25 16:58:49.663664,599620052336002237,-96.00
2025-12-25 16:58:49.663664,599620052336002237,-101.00
2025-12-25 16:58:49.663664,599620052336002237,-105.00
2025-12-25 16:58:49.663664,599620052336002237,-94.00
2025-12-25 16:58:49.663664,599620052336002237,-75.00
2025-12-25 16:58:49.663664,599620052336002237,-62.00
2025-12-25 16:58:49.663664,599620052336002237,-50.00
2025-12-25 16:58:49.663664,599620052336002237,-50.00
2025-12-25 16:58:49.663664,599620052336002237,-78.00
2025-12-25 16:58:49.663664,599620052336002237,-96.00
2025-12-25 16:58:49.663664,599620052336002237,-94.00
2025-12-25 16:58:49.663664,599620052336002237,-96.00
2025-12-25 16:58:49.663664,599620052336002237,-103.00
2025-12-25 16:58:49.663664,599620052336002237,-103.00
2025-12-25 16:58:49.663664,599620052336002237,-105.00
2025-12-25 16:58:49.663664,599620052336002237,-105.00
2025-12-25 16:58:49.663664,599620052336002237,-105.00
2025-12-25 16:58:49.663664,599620052336002237,-101.00
2025-12-25 16:58:49.663664,599620052336002237,-48.00
2025-12-25 16:58:49.663664,599620052336002237,151.00
2025-12-25 16:58:49.663664,599620052336002237,478.00
2025-12-25 16:58:49.663664,599620052336002237,521.00
2025-12-25 16:58:50.242265,599620052896867128,-197.00
2025-12-25 16:58:50.242265,599620052896867128,-1050.00
2025-12-25 16:58:50.242265,599620052896867128,-926.00
2025-12-25 16:58:50.242265,599620052896867128,-287.00
2025-12-25 16:58:50.242265,599620052896867128,-89.00
2025-12-25 16:58:50.242265,599620052896867128,-119.00
2025-12-25 16:58:50.242265,599620052896867128,-52.00
2025-12-25 16:58:50.242265,599620052896867128,-32.00
2025-12-25 16:58:50.242265,599620052896867128,-55.00
2025-12-25 16:58:50.242265,599620052896867128,-36.00
2025-12-25 16:58:50.242265,599620052896867128,-9.00
2025-12-25 16:58:50.242265,599620052896867128,2.00
2025-12-25 16:58:50.242265,599620052896867128,9.00
2025-12-25 16:58:50.242265,599620052896867128,13.00
2025-12-25 16:58:50.242265,599620052896867128,18.00
2025-12-25 16:58:50.242265,599620052896867128,22.00
2025-12-25 16:58:50.242265,599620052896867128,25.00
2025-12-25 16:58:50.242265,599620052896867128,29.00
2025-12-25 16:58:50.242265,599620052896867128,36.00
2025-12-25 16:58:50.242265,599620052896867128,39.00
2025-12-25 16:58:50.242265,599620052896867128,41.00
2025-12-25 16:58:50.242265,599620052896867128,48.00
2025-12-25 16:58:50.242265,599620052896867128,57.00
2025-12-25 16:58:50.242265,599620052896867128,66.00
2025-12-25 16:58:50.242265,599620052896867128,75.00
2025-12-25 16:58:50.242265,599620052896867128,80.00
2025-12-25 16:58:50.242265,599620052896867128,87.00
2025-12-25 16:58:50.242265,599620052896867128,101.00
2025-12-25 16:58:50.242265,599620052896867128,110.00
2025-12-25 16:58:50.242265,599620052896867128,110.00
2025-12-25 16:58:50.242265,599620052896867128,110.00
2025-12-25 16:58:50.242265,599620052896867128,101.00
2025-12-25 16:58:50.242265,599620052896867128,78.00
2025-12-25 16:58:50.242265,599620052896867128,43.00
2025-12-25 16:58:50.242265,599620052896867128,4.00
2025-12-25 16:58:50.242265,599620052896867128,-36.00
2025-12-25 16:58:50.242265,599620052896867128,-75.00
2025-12-25 16:58:50.242265,599620052896867128,-103.00
2025-12-25 16:58:50.242265,599620052896867128,-121.00
2025-12-25 16:58:50.242265,599620052896867128,-133.00
2025-12-25 16:58:50.242265,599620052896867128,-137.00
2025-12-25 16:58:50.242265,599620052896867128,-133.00
2025-12-25 16:58:50.242265,599620052896867128,-133.00
2025-12-25 16:58:50.242265,599620052896867128,-133.00
2025-12-25 16:58:50.242265,599620052896867128,-126.00
2025-12-25 16:58:50.242265,599620052896867128,-119.00
2025-12-25 16:58:50.242265,599620052896867128,-112.00
2025-12-25 16:58:50.242265,599620052896867128,-103.00
2025-12-25 16:58:50.242265,599620052896867128,-98.00
2025-12-25 16:58:50.242265,599620052896867128,-96.00
2025-12-25 16:58:50.242265,599620052896867128,-91.00
2025-12-25 16:58:50.242265,599620052896867128,-89.00
2025-12-25 16:58:50.242265,599620052896867128,-85.00
2025-12-25 16:58:50.242265,599620052896867128,-78.00
2025-12-25 16:58:50.242265,599620052896867128,-78.00
2025-12-25 16:58:50.242265,599620052896867128,-80.00
2025-12-25 16:58:50.242265,599620052896867128,-78.00
2025-12-25 16:58:50.242265,599620052896867128,-73.00
2025-12-25 16:58:50.242265,599620052896867128,-73.00
2025-12-25 16:58:50.242265,599620052896867128,-75.00
2025-12-25 16:58:50.242265,599620052896867128,-78.00
2025-12-25 16:58:50.242265,599620052896867128,-82.00
2025-12-25 16:58:50.242265,599620052896867128,-80.00
2025-12-25 16:58:50.242265,599620052896867128,-78.00
2025-12-25 16:58:50.242265,599620052896867128,-80.00
2025-12-25 16:58:50.242265,599620052896867128,-82.00
2025-12-25 16:58:50.242265,599620052896867128,-80.00
2025-12-25 16:58:50.242265,599620052896867128,-82.00
2025-12-25 16:58:50.242265,599620052896867128,-87.00
2025-12-25 16:58:50.242265,599620052896867128,-85.00
2025-12-25 16:58:50.242265,599620052896867128,-82.00
2025-12-25 16:58:50.242265,599620052896867128,-89.00
2025-12-25 16:58:50.242265,599620052896867128,-91.00
2025-12-25 16:58:50.748385,599620053457742189,-85.00
2025-12-25 16:58:50.748385,599620053457742189,-73.00
2025-12-25 16:58:50.748385,599620053457742189,-64.00
2025-12-25 16:58:50.748385,599620053457742189,-43.00
2025-12-25 16:58:50.748385,599620053457742189,-25.00
2025-12-25 16:58:50.748385,599620053457742189,-36.00
2025-12-25 16:58:50.748385,599620053457742189,-64.00
2025-12-25 16:58:50.748385,599620053457742189,-71.00
2025-12-25 16:58:50.748385,599620053457742189,-59.00
2025-12-25 16:58:50.748385,599620053457742189,-57.00
2025-12-25 16:58:50.748385,599620053457742189,-62.00
2025-12-25 16:58:50.748385,599620053457742189,-64.00
2025-12-25 16:58:50.748385,599620053457742189,-68.00
2025-12-25 16:58:50.748385,599620053457742189,-73.00
2025-12-25 16:58:50.748385,599620053457742189,-71.00
2025-12-25 16:58:50.748385,599620053457742189,-55.00
2025-12-25 16:58:50.748385,599620053457742189,45.00
2025-12-25 16:58:50.748385,599620053457742189,312.00
2025-12-25 16:58:50.748385,599620053457742189,586.00
2025-12-25 16:58:50.748385,599620053457742189,326.00
2025-12-25 16:58:50.748385,599620053457742189,-586.00
2025-12-25 16:58:50.748385,599620053457742189,-1098.00
2025-12-25 16:58:50.748385,599620053457742189,-616.00
2025-12-25 16:58:50.748385,599620053457742189,-105.00
2025-12-25 16:58:50.748385,599620053457742189,-80.00
2025-12-25 16:58:50.748385,599620053457742189,-78.00
2025-12-25 16:58:50.748385,599620053457742189,-11.00
2025-12-25 16:58:50.748385,599620053457742189,-22.00
2025-12-25 16:58:50.748385,599620053457742189,-36.00
2025-12-25 16:58:50.748385,599620053457742189,-13.00
2025-12-25 16:58:50.748385,599620053457742189,-9.00
2025-12-25 16:58:50.748385,599620053457742189,-16.00
2025-12-25 16:58:50.748385,599620053457742189,-9.00
2025-12-25 16:58:50.748385,599620053457742189,-4.00
2025-12-25 16:58:50.748385,599620053457742189,-6.00
2025-12-25 16:58:50.748385,599620053457742189,0.00
2025-12-25 16:58:50.748385,599620053457742189,9.00
2025-12-25 16:58:50.748385,599620053457742189,18.00
2025-12-25 16:58:50.748385,599620053457742189,27.00
2025-12-25 16:58:50.748385,599620053457742189,27.00
2025-12-25 16:58:50.748385,599620053457742189,27.00
2025-12-25 16:58:50.748385,599620053457742189,39.00
2025-12-25 16:58:50.748385,599620053457742189,48.00
2025-12-25 16:58:50.748385,599620053457742189,52.00
2025-12-25 16:58:50.748385,599620053457742189,62.00
2025-12-25 16:58:50.748385,599620053457742189,71.00
2025-12-25 16:58:50.748385,599620053457742189,75.00
2025-12-25 16:58:50.748385,599620053457742189,80.00
2025-12-25 16:58:50.748385,599620053457742189,82.00
2025-12-25 16:58:50.748385,599620053457742189,80.00
2025-12-25 16:58:50.748385,599620053457742189,78.00
2025-12-25 16:58:50.748385,599620053457742189,66.00
2025-12-25 16:58:50.748385,599620053457742189,45.00
2025-12-25 16:58:50.748385,599620053457742189,16.00
2025-12-25 16:58:50.748385,599620053457742189,-32.00
2025-12-25 16:58:50.748385,599620053457742189,-78.00
2025-12-25 16:58:50.748385,599620053457742189,-110.00
2025-12-25 16:58:50.748385,599620053457742189,-135.00
2025-12-25 16:58:50.748385,599620053457742189,-149.00
2025-12-25 16:58:50.748385,599620053457742189,-151.00
2025-12-25 16:58:50.748385,599620053457742189,-151.00
2025-12-25 16:58:50.748385,599620053457742189,-154.00
2025-12-25 16:58:50.748385,599620053457742189,-149.00
2025-12-25 16:58:50.748385,599620053457742189,-147.00
2025-12-25 16:58:50.748385,599620053457742189,-142.00
2025-12-25 16:58:50.748385,599620053457742189,-135.00
2025-12-25 16:58:50.748385,599620053457742189,-128.00
2025-12-25 16:58:50.748385,599620053457742189,-124.00
2025-12-25 16:58:50.748385,599620053457742189,-114.00
2025-12-25 16:58:50.748385,599620053457742189,-103.00
2025-12-25 16:58:50.748385,599620053457742189,-98.00
2025-12-25 16:58:50.748385,599620053457742189,-96.00
2025-12-25 16:58:50.748385,599620053457742189,-87.00
2025-12-25 16:58:51.390268,599620054018596908,-85.00
2025-12-25 16:58:51.390268,599620054018596908,-89.00
2025-12-25 16:58:51.390268,599620054018596908,-89.00
2025-12-25 16:58:51.390268,599620054018596908,-89.00
2025-12-25 16:58:51.390268,599620054018596908,-85.00
2025-12-25 16:58:51.390268,599620054018596908,-73.00
2025-12-25 16:58:51.390268,599620054018596908,-64.00
2025-12-25 16:58:51.390268,599620054018596908,-71.00
2025-12-25 16:58:51.390268,599620054018596908,-78.00
2025-12-25 16:58:51.390268,599620054018596908,-68.00
2025-12-25 16:58:51.390268,599620054018596908,-59.00
2025-12-25 16:58:51.390268,599620054018596908,-62.00
2025-12-25 16:58:51.390268,599620054018596908,-59.00
2025-12-25 16:58:51.390268,599620054018596908,-55.00
2025-12-25 16:58:51.390268,599620054018596908,-64.00
2025-12-25 16:58:51.390268,599620054018596908,-71.00
2025-12-25 16:58:51.390268,599620054018596908,-66.00
2025-12-25 16:58:51.390268,599620054018596908,-62.00
2025-12-25 16:58:51.390268,599620054018596908,-57.00
2025-12-25 16:58:51.390268,599620054018596908,-57.00
2025-12-25 16:58:51.390268,599620054018596908,-66.00
2025-12-25 16:58:51.390268,599620054018596908,-68.00
2025-12-25 16:58:51.390268,599620054018596908,-68.00
2025-12-25 16:58:51.390268,599620054018596908,-75.00
2025-12-25 16:58:51.390268,599620054018596908,-71.00
2025-12-25 16:58:51.390268,599620054018596908,-66.00
2025-12-25 16:58:51.390268,599620054018596908,-73.00
2025-12-25 16:58:51.390268,599620054018596908,-71.00
2025-12-25 16:58:51.390268,599620054018596908,-52.00
2025-12-25 16:58:51.390268,599620054018596908,-32.00
2025-12-25 16:58:51.390268,599620054018596908,-22.00
2025-12-25 16:58:51.390268,599620054018596908,-36.00
2025-12-25 16:58:51.390268,599620054018596908,-64.00
2025-12-25 16:58:51.390268,599620054018596908,-73.00
2025-12-25 16:58:51.390268,599620054018596908,-78.00
2025-12-25 16:58:51.390268,599620054018596908,-85.00
2025-12-25 16:58:51.390268,599620054018596908,-80.00
2025-12-25 16:58:51.390268,599620054018596908,-73.00
2025-12-25 16:58:51.390268,599620054018596908,-78.00
2025-12-25 16:58:51.390268,599620054018596908,-87.00
2025-12-25 16:58:51.390268,599620054018596908,-85.00
2025-12-25 16:58:51.390268,599620054018596908,-64.00
2025-12-25 16:58:51.390268,599620054018596908,32.00
2025-12-25 16:58:51.390268,599620054018596908,301.00
2025-12-25 16:58:51.390268,599620054018596908,597.00
2025-12-25 16:58:51.390268,599620054018596908,402.00
2025-12-25 16:58:51.390268,599620054018596908,-494.00
2025-12-25 16:58:51.390268,599620054018596908,-1112.00
2025-12-25 16:58:51.390268,599620054018596908,-733.00
2025-12-25 16:58:51.390268,599620054018596908,-209.00
2025-12-25 16:58:51.390268,599620054018596908,-126.00
2025-12-25 16:58:51.390268,599620054018596908,-96.00
2025-12-25 16:58:51.390268,599620054018596908,-22.00
2025-12-25 16:58:51.390268,599620054018596908,-39.00
2025-12-25 16:58:51.390268,599620054018596908,-52.00
2025-12-25 16:58:51.390268,599620054018596908,-27.00
2025-12-25 16:58:51.390268,599620054018596908,-22.00
2025-12-25 16:58:51.390268,599620054018596908,-29.00
2025-12-25 16:58:51.390268,599620054018596908,-16.00
2025-12-25 16:58:51.390268,599620054018596908,-9.00
2025-12-25 16:58:51.390268,599620054018596908,-9.00
2025-12-25 16:58:51.390268,599620054018596908,6.00
2025-12-25 16:58:51.390268,599620054018596908,16.00
2025-12-25 16:58:51.390268,599620054018596908,11.00
2025-12-25 16:58:51.390268,599620054018596908,18.00
2025-12-25 16:58:51.390268,599620054018596908,29.00
2025-12-25 16:58:51.390268,599620054018596908,29.00
2025-12-25 16:58:51.390268,599620054018596908,32.00
2025-12-25 16:58:51.390268,599620054018596908,39.00
2025-12-25 16:58:51.390268,599620054018596908,45.00
2025-12-25 16:58:51.390268,599620054018596908,52.00
2025-12-25 16:58:51.390268,599620054018596908,66.00
2025-12-25 16:58:51.390268,599620054018596908,80.00
2025-12-25 16:58:51.967347,599620054579482145,87.00
2025-12-25 16:58:51.967347,599620054579482145,87.00
2025-12-25 16:58:51.967347,599620054579482145,89.00
2025-12-25 16:58:51.967347,599620054579482145,89.00
2025-12-25 16:58:51.967347,599620054579482145,75.00
2025-12-25 16:58:51.967347,599620054579482145,52.00
2025-12-25 16:58:51.967347,599620054579482145,25.00
2025-12-25 16:58:51.967347,599620054579482145,-13.00
2025-12-25 16:58:51.967347,599620054579482145,-48.00
2025-12-25 16:58:51.967347,599620054579482145,-71.00
2025-12-25 16:58:51.967347,599620054579482145,-96.00
2025-12-25 16:58:51.967347,599620054579482145,-121.00
2025-12-25 16:58:51.967347,599620054579482145,-128.00
2025-12-25 16:58:51.967347,599620054579482145,-131.00
2025-12-25 16:58:51.967347,599620054579482145,-126.00
2025-12-25 16:58:51.967347,599620054579482145,-112.00
2025-12-25 16:58:51.967347,599620054579482145,-108.00
2025-12-25 16:58:51.967347,599620054579482145,-112.00
2025-12-25 16:58:51.967347,599620054579482145,-112.00
2025-12-25 16:58:51.967347,599620054579482145,-103.00
2025-12-25 16:58:51.967347,599620054579482145,-91.00
2025-12-25 16:58:51.967347,599620054579482145,-89.00
2025-12-25 16:58:51.967347,599620054579482145,-89.00
2025-12-25 16:58:51.967347,599620054579482145,-82.00
2025-12-25 16:58:51.967347,599620054579482145,-78.00
2025-12-25 16:58:51.967347,599620054579482145,-78.00
2025-12-25 16:58:51.967347,599620054579482145,-73.00
2025-12-25 16:58:51.967347,599620054579482145,-66.00
2025-12-25 16:58:51.967347,599620054579482145,-68.00
2025-12-25 16:58:51.967347,599620054579482145,-73.00
2025-12-25 16:58:51.967347,599620054579482145,-73.00
2025-12-25 16:58:51.967347,599620054579482145,-75.00
2025-12-25 16:58:51.967347,599620054579482145,-75.00
2025-12-25 16:58:51.967347,599620054579482145,-71.00
2025-12-25 16:58:51.967347,599620054579482145,-73.00
2025-12-25 16:58:51.967347,599620054579482145,-78.00
2025-12-25 16:58:51.967347,599620054579482145,-82.00
2025-12-25 16:58:51.967347,599620054579482145,-82.00
2025-12-25 16:58:51.967347,599620054579482145,-82.00
2025-12-25 16:58:51.967347,599620054579482145,-80.00
2025-12-25 16:58:51.967347,599620054579482145,-78.00
2025-12-25 16:58:51.967347,599620054579482145,-75.00
2025-12-25 16:58:51.967347,599620054579482145,-71.00
2025-12-25 16:58:51.967347,599620054579482145,-66.00
2025-12-25 16:58:51.967347,599620054579482145,-66.00
2025-12-25 16:58:51.967347,599620054579482145,-66.00
2025-12-25 16:58:51.967347,599620054579482145,-64.00
2025-12-25 16:58:51.967347,599620054579482145,-68.00
2025-12-25 16:58:51.967347,599620054579482145,-73.00
2025-12-25 16:58:51.967347,599620054579482145,-75.00
2025-12-25 16:58:51.967347,599620054579482145,-78.00
2025-12-25 16:58:51.967347,599620054579482145,-71.00
2025-12-25 16:58:51.967347,599620054579482145,-57.00
2025-12-25 16:58:51.967347,599620054579482145,-36.00
2025-12-25 16:58:51.967347,599620054579482145,-11.00
2025-12-25 16:58:51.967347,599620054579482145,-6.00
2025-12-25 16:58:51.967347,599620054579482145,-34.00
2025-12-25 16:58:51.967347,599620054579482145,-52.00
2025-12-25 16:58:51.967347,599620054579482145,-52.00
2025-12-25 16:58:51.967347,599620054579482145,-57.00
2025-12-25 16:58:51.967347,599620054579482145,-66.00
2025-12-25 16:58:51.967347,599620054579482145,-64.00
2025-12-25 16:58:51.967347,599620054579482145,-59.00
2025-12-25 16:58:51.967347,599620054579482145,-59.00
2025-12-25 16:58:51.967347,599620054579482145,-66.00
2025-12-25 16:58:51.967347,599620054579482145,-73.00
2025-12-25 16:58:51.967347,599620054579482145,-41.00
2025-12-25 16:58:51.967347,599620054579482145,126.00
2025-12-25 16:58:51.967347,599620054579482145,473.00
2025-12-25 16:58:51.967347,599620054579482145,662.00
2025-12-25 16:58:51.967347,599620054579482145,73.00
2025-12-25 16:58:51.967347,599620054579482145,-958.00
2025-12-25 16:58:51.967347,599620054579482145,-1082.00
2025-12-25 16:58:52.476849,599620055140357208,-351.00
2025-12-25 16:58:52.476849,599620055140357208,-18.00
2025-12-25 16:58:52.476849,599620055140357208,-108.00
2025-12-25 16:58:52.476849,599620055140357208,-55.00
2025-12-25 16:58:52.476849,599620055140357208,6.00
2025-12-25 16:58:52.476849,599620055140357208,-32.00
2025-12-25 16:58:52.476849,599620055140357208,-27.00
2025-12-25 16:58:52.476849,599620055140357208,4.00
2025-12-25 16:58:52.476849,599620055140357208,-6.00
2025-12-25 16:58:52.476849,599620055140357208,-9.00
2025-12-25 16:58:52.476849,599620055140357208,9.00
2025-12-25 16:58:52.476849,599620055140357208,16.00
2025-12-25 16:58:52.476849,599620055140357208,25.00
2025-12-25 16:58:52.476849,599620055140357208,36.00
2025-12-25 16:58:52.476849,599620055140357208,39.00
2025-12-25 16:58:52.476849,599620055140357208,36.00
2025-12-25 16:58:52.476849,599620055140357208,43.00
2025-12-25 16:58:52.476849,599620055140357208,50.00
2025-12-25 16:58:52.476849,599620055140357208,52.00
2025-12-25 16:58:52.476849,599620055140357208,57.00
2025-12-25 16:58:52.476849,599620055140357208,68.00
2025-12-25 16:58:52.476849,599620055140357208,78.00
2025-12-25 16:58:52.476849,599620055140357208,85.00
2025-12-25 16:58:52.476849,599620055140357208,89.00
2025-12-25 16:58:52.476849,599620055140357208,101.00
2025-12-25 16:58:52.476849,599620055140357208,108.00
2025-12-25 16:58:52.476849,599620055140357208,108.00
2025-12-25 16:58:52.476849,599620055140357208,103.00
2025-12-25 16:58:52.476849,599620055140357208,91.00
2025-12-25 16:58:52.476849,599620055140357208,73.00
2025-12-25 16:58:52.476849,599620055140357208,50.00
2025-12-25 16:58:52.476849,599620055140357208,11.00
2025-12-25 16:58:52.476849,599620055140357208,-34.00
2025-12-25 16:58:52.476849,599620055140357208,-75.00
2025-12-25 16:58:52.476849,599620055140357208,-105.00
2025-12-25 16:58:52.476849,599620055140357208,-126.00
2025-12-25 16:58:52.476849,599620055140357208,-140.00
2025-12-25 16:58:52.476849,599620055140357208,-147.00
2025-12-25 16:58:52.476849,599620055140357208,-147.00
2025-12-25 16:58:52.476849,599620055140357208,-144.00
2025-12-25 16:58:52.476849,599620055140357208,-147.00
2025-12-25 16:58:52.476849,599620055140357208,-144.00
2025-12-25 16:58:52.476849,599620055140357208,-133.00
2025-12-25 16:58:52.476849,599620055140357208,-128.00
2025-12-25 16:58:52.476849,599620055140357208,-126.00
2025-12-25 16:58:52.476849,599620055140357208,-121.00
2025-12-25 16:58:52.476849,599620055140357208,-110.00
2025-12-25 16:58:52.476849,599620055140357208,-96.00
2025-12-25 16:58:52.476849,599620055140357208,-89.00
2025-12-25 16:58:52.476849,599620055140357208,-91.00
2025-12-25 16:58:52.476849,599620055140357208,-89.00
2025-12-25 16:58:52.476849,599620055140357208,-85.00
2025-12-25 16:58:52.476849,599620055140357208,-85.00
2025-12-25 16:58:52.476849,599620055140357208,-82.00
2025-12-25 16:58:52.476849,599620055140357208,-82.00
2025-12-25 16:58:52.476849,599620055140357208,-85.00
2025-12-25 16:58:52.476849,599620055140357208,-85.00
2025-12-25 16:58:52.476849,599620055140357208,-85.00
2025-12-25 16:58:52.476849,599620055140357208,-87.00
2025-12-25 16:58:52.476849,599620055140357208,-85.00
2025-12-25 16:58:52.476849,599620055140357208,-85.00
2025-12-25 16:58:52.476849,599620055140357208,-89.00
2025-12-25 16:58:52.476849,599620055140357208,-91.00
2025-12-25 16:58:52.476849,599620055140357208,-87.00
2025-12-25 16:58:52.476849,599620055140357208,-85.00
2025-12-25 16:58:52.476849,599620055140357208,-80.00
2025-12-25 16:58:52.476849,599620055140357208,-78.00
2025-12-25 16:58:52.476849,599620055140357208,-73.00
2025-12-25 16:58:52.476849,599620055140357208,-73.00
2025-12-25 16:58:52.476849,599620055140357208,-73.00
2025-12-25 16:58:52.476849,599620055140357208,-71.00
2025-12-25 16:58:52.476849,599620055140357208,-66.00
2025-12-25 16:58:52.476849,599620055140357208,-71.00
2025-12-25 16:58:53.136130,599620055701206839,-71.00
2025-12-25 16:58:53.136130,599620055701206839,-66.00
2025-12-25 16:58:53.136130,599620055701206839,-59.00
2025-12-25 16:58:53.136130,599620055701206839,-59.00
2025-12-25 16:58:53.136130,599620055701206839,-62.00
2025-12-25 16:58:53.136130,599620055701206839,-64.00
2025-12-25 16:58:53.136130,599620055701206839,-68.00
2025-12-25 16:58:53.136130,599620055701206839,-66.00
2025-12-25 16:58:53.136130,599620055701206839,-66.00
2025-12-25 16:58:53.136130,599620055701206839,-64.00
2025-12-25 16:58:53.136130,599620055701206839,-55.00
2025-12-25 16:58:53.136130,599620055701206839,-50.00
2025-12-25 16:58:53.136130,599620055701206839,-39.00
2025-12-25 16:58:53.136130,599620055701206839,-16.00
2025-12-25 16:58:53.136130,599620055701206839,-16.00
2025-12-25 16:58:53.136130,599620055701206839,-41.00
2025-12-25 16:58:53.136130,599620055701206839,-62.00
2025-12-25 16:58:53.136130,599620055701206839,-62.00
2025-12-25 16:58:53.136130,599620055701206839,-68.00
2025-12-25 16:58:53.136130,599620055701206839,-73.00
2025-12-25 16:58:53.136130,599620055701206839,-73.00
2025-12-25 16:58:53.136130,599620055701206839,-75.00
2025-12-25 16:58:53.136130,599620055701206839,-82.00
2025-12-25 16:58:53.136130,599620055701206839,-85.00
2025-12-25 16:58:53.136130,599620055701206839,-85.00
2025-12-25 16:58:53.136130,599620055701206839,-45.00
2025-12-25 16:58:53.136130,599620055701206839,133.00
2025-12-25 16:58:53.136130,599620055701206839,468.00
2025-12-25 16:58:53.136130,599620055701206839,597.00
2025-12-25 16:58:53.136130,599620055701206839,-29.00
2025-12-25 16:58:53.136130,599620055701206839,-983.00
2025-12-25 16:58:53.136130,599620055701206839,-1034.00
2025-12-25 16:58:53.136130,599620055701206839,-349.00
2025-12-25 16:58:53.136130,599620055701206839,-57.00
2025-12-25 16:58:53.136130,599620055701206839,-108.00
2025-12-25 16:58:53.136130,599620055701206839,-48.00
2025-12-25 16:58:53.136130,599620055701206839,-4.00
2025-12-25 16:58:53.136130,599620055701206839,-36.00
2025-12-25 16:58:53.136130,599620055701206839,-22.00
2025-12-25 16:58:53.136130,599620055701206839,6.00
2025-12-25 16:58:53.136130,599620055701206839,-4.00
2025-12-25 16:58:53.136130,599620055701206839,-9.00
2025-12-25 16:58:53.136130,599620055701206839,2.00
2025-12-25 16:58:53.136130,599620055701206839,4.00
2025-12-25 16:58:53.136130,599620055701206839,4.00
2025-12-25 16:58:53.136130,599620055701206839,11.00
2025-12-25 16:58:53.136130,599620055701206839,11.00
2025-12-25 16:58:53.136130,599620055701206839,11.00
2025-12-25 16:58:53.136130,599620055701206839,16.00
2025-12-25 16:58:53.136130,599620055701206839,22.00
2025-12-25 16:58:53.136130,599620055701206839,27.00
2025-12-25 16:58:53.136130,599620055701206839,32.00
2025-12-25 16:58:53.136130,599620055701206839,39.00
2025-12-25 16:58:53.136130,599620055701206839,48.00
2025-12-25 16:58:53.136130,599620055701206839,59.00
2025-12-25 16:58:53.136130,599620055701206839,68.00
2025-12-25 16:58:53.136130,599620055701206839,75.00
2025-12-25 16:58:53.136130,599620055701206839,78.00
2025-12-25 16:58:53.136130,599620055701206839,75.00
2025-12-25 16:58:53.136130,599620055701206839,73.00
2025-12-25 16:58:53.136130,599620055701206839,71.00
2025-12-25 16:58:53.136130,599620055701206839,59.00
2025-12-25 16:58:53.136130,599620055701206839,39.00
2025-12-25 16:58:53.136130,599620055701206839,2.00
2025-12-25 16:58:53.136130,599620055701206839,-43.00
2025-12-25 16:58:53.136130,599620055701206839,-78.00
2025-12-25 16:58:53.136130,599620055701206839,-98.00
2025-12-25 16:58:53.136130,599620055701206839,-117.00
2025-12-25 16:58:53.136130,599620055701206839,-133.00
2025-12-25 16:58:53.136130,599620055701206839,-142.00
2025-12-25 16:58:53.136130,599620055701206839,-149.00
2025-12-25 16:58:53.136130,599620055701206839,-149.00
2025-12-25 16:58:53.136130,599620055701206839,-144.00
2025-12-25 16:58:53.719055,599620056262076814,-137.00
2025-12-25 16:58:53.719055,599620056262076814,-133.00
2025-12-25 16:58:53.719055,599620056262076814,-133.00
2025-12-25 16:58:53.719055,599620056262076814,-133.00
2025-12-25 16:58:53.719055,599620056262076814,-128.00
2025-12-25 16:58:53.719055,599620056262076814,-124.00
2025-12-25 16:58:53.719055,599620056262076814,-110.00
2025-12-25 16:58:53.719055,599620056262076814,-96.00
2025-12-25 16:58:53.719055,599620056262076814,-96.00
2025-12-25 16:58:53.719055,599620056262076814,-96.00
2025-12-25 16:58:53.719055,599620056262076814,-89.00
2025-12-25 16:58:53.719055,599620056262076814,-82.00
2025-12-25 16:58:53.719055,599620056262076814,-68.00
2025-12-25 16:58:53.719055,599620056262076814,-57.00
2025-12-25 16:58:53.719055,599620056262076814,-57.00
2025-12-25 16:58:53.719055,599620056262076814,-64.00
2025-12-25 16:58:53.719055,599620056262076814,-66.00
2025-12-25 16:58:53.719055,599620056262076814,-62.00
2025-12-25 16:58:53.719055,599620056262076814,-52.00
2025-12-25 16:58:53.719055,599620056262076814,-43.00
2025-12-25 16:58:53.719055,599620056262076814,-50.00
2025-12-25 16:58:53.719055,599620056262076814,-57.00
2025-12-25 16:58:53.719055,599620056262076814,-57.00
2025-12-25 16:58:53.719055,599620056262076814,-57.00
2025-12-25 16:58:53.719055,599620056262076814,-57.00
2025-12-25 16:58:53.719055,599620056262076814,-52.00
2025-12-25 16:58:53.719055,599620056262076814,-55.00
2025-12-25 16:58:53.719055,599620056262076814,-59.00
2025-12-25 16:58:53.719055,599620056262076814,-62.00
2025-12-25 16:58:53.719055,599620056262076814,-62.00
2025-12-25 16:58:53.719055,599620056262076814,-55.00
2025-12-25 16:58:53.719055,599620056262076814,-50.00
2025-12-25 16:58:53.719055,599620056262076814,-50.00
2025-12-25 16:58:53.719055,599620056262076814,-52.00
2025-12-25 16:58:53.719055,599620056262076814,-55.00
2025-12-25 16:58:53.719055,599620056262076814,-55.00
2025-12-25 16:58:53.719055,599620056262076814,-55.00
2025-12-25 16:58:53.719055,599620056262076814,-57.00
2025-12-25 16:58:53.719055,599620056262076814,-59.00
2025-12-25 16:58:53.719055,599620056262076814,-62.00
2025-12-25 16:58:53.719055,599620056262076814,-66.00
2025-12-25 16:58:53.719055,599620056262076814,-64.00
2025-12-25 16:58:53.719055,599620056262076814,-62.00
2025-12-25 16:58:53.719055,599620056262076814,-66.00
2025-12-25 16:58:53.719055,599620056262076814,-71.00
2025-12-25 16:58:53.719055,599620056262076814,-73.00
2025-12-25 16:58:53.719055,599620056262076814,-75.00
2025-12-25 16:58:53.719055,599620056262076814,-75.00
2025-12-25 16:58:53.719055,599620056262076814,-66.00
2025-12-25 16:58:53.719055,599620056262076814,-55.00
2025-12-25 16:58:53.719055,599620056262076814,-45.00
2025-12-25 16:58:53.719055,599620056262076814,-36.00
2025-12-25 16:58:53.719055,599620056262076814,-45.00
2025-12-25 16:58:53.719055,599620056262076814,-71.00
2025-12-25 16:58:53.719055,599620056262076814,-80.00
2025-12-25 16:58:53.719055,599620056262076814,-80.00
2025-12-25 16:58:53.719055,599620056262076814,-85.00
2025-12-25 16:58:53.719055,599620056262076814,-85.00
2025-12-25 16:58:53.719055,599620056262076814,-82.00
2025-12-25 16:58:53.719055,599620056262076814,-85.00
2025-12-25 16:58:53.719055,599620056262076814,-87.00
2025-12-25 16:58:53.719055,599620056262076814,-87.00
2025-12-25 16:58:53.719055,599620056262076814,-78.00
2025-12-25 16:58:53.719055,599620056262076814,11.00
2025-12-25 16:58:53.719055,599620056262076814,275.00
2025-12-25 16:58:53.719055,599620056262076814,577.00
2025-12-25 16:58:53.719055,599620056262076814,383.00
2025-12-25 16:58:53.719055,599620056262076814,-512.00
2025-12-25 16:58:53.719055,599620056262076814,-1112.00
2025-12-25 16:58:53.719055,599620056262076814,-694.00
2025-12-25 16:58:53.719055,599620056262076814,-158.00
2025-12-25 16:58:53.719055,599620056262076814,-103.00
2025-12-25 16:58:53.719055,599620056262076814,-94.00
2025-12-25 16:58:54.175625,599620056822936619,-25.00
2025-12-25 16:58:54.175625,599620056822936619,-39.00
2025-12-25 16:58:54.175625,599620056822936619,-50.00
2025-12-25 16:58:54.175625,599620056822936619,-22.00
2025-12-25 16:58:54.175625,599620056822936619,-16.00
2025-12-25 16:58:54.175625,599620056822936619,-22.00
2025-12-25 16:58:54.175625,599620056822936619,-18.00
2025-12-25 16:58:54.175625,599620056822936619,-11.00
2025-12-25 16:58:54.175625,599620056822936619,-11.00
2025-12-25 16:58:54.175625,599620056822936619,-2.00
2025-12-25 16:58:54.175625,599620056822936619,16.00
2025-12-25 16:58:54.175625,599620056822936619,22.00
2025-12-25 16:58:54.175625,599620056822936619,25.00
2025-12-25 16:58:54.175625,599620056822936619,34.00
2025-12-25 16:58:54.175625,599620056822936619,39.00
2025-12-25 16:58:54.175625,599620056822936619,43.00
2025-12-25 16:58:54.175625,599620056822936619,59.00
2025-12-25 16:58:54.175625,599620056822936619,66.00
2025-12-25 16:58:54.175625,599620056822936619,66.00
2025-12-25 16:58:54.175625,599620056822936619,75.00
2025-12-25 16:58:54.175625,599620056822936619,89.00
2025-12-25 16:58:54.175625,599620056822936619,103.00
2025-12-25 16:58:54.175625,599620056822936619,114.00
2025-12-25 16:58:54.175625,599620056822936619,119.00
2025-12-25 16:58:54.175625,599620056822936619,119.00
2025-12-25 16:58:54.175625,599620056822936619,110.00
2025-12-25 16:58:54.175625,599620056822936619,94.00
2025-12-25 16:58:54.175625,599620056822936619,80.00
2025-12-25 16:58:54.175625,599620056822936619,52.00
2025-12-25 16:58:54.175625,599620056822936619,11.00
2025-12-25 16:58:54.175625,599620056822936619,-20.00
2025-12-25 16:58:54.175625,599620056822936619,-45.00
2025-12-25 16:58:54.175625,599620056822936619,-66.00
2025-12-25 16:58:54.175625,599620056822936619,-75.00
2025-12-25 16:58:54.175625,599620056822936619,-80.00
2025-12-25 16:58:54.175625,599620056822936619,-82.00
2025-12-25 16:58:54.175625,599620056822936619,-85.00
2025-12-25 16:58:54.175625,599620056822936619,-87.00
2025-12-25 16:58:54.175625,599620056822936619,-85.00
2025-12-25 16:58:54.175625,599620056822936619,-82.00
2025-12-25 16:58:54.175625,599620056822936619,-80.00
2025-12-25 16:58:54.175625,599620056822936619,-78.00
2025-12-25 16:58:54.175625,599620056822936619,-75.00
2025-12-25 16:58:54.175625,599620056822936619,-75.00
2025-12-25 16:58:54.175625,599620056822936619,-73.00
2025-12-25 16:58:54.175625,599620056822936619,-71.00
2025-12-25 16:58:54.175625,599620056822936619,-68.00
2025-12-25 16:58:54.175625,599620056822936619,-66.00
2025-12-25 16:58:54.175625,599620056822936619,-62.00
2025-12-25 16:58:54.175625,599620056822936619,-59.00
2025-12-25 16:58:54.175625,599620056822936619,-62.00
2025-12-25 16:58:54.175625,599620056822936619,-62.00
2025-12-25 16:58:54.175625,599620056822936619,-64.00
2025-12-25 16:58:54.175625,599620056822936619,-66.00
2025-12-25 16:58:54.175625,599620056822936619,-66.00
2025-12-25 16:58:54.175625,599620056822936619,-68.00
2025-12-25 16:58:54.175625,599620056822936619,-73.00
2025-12-25 16:58:54.175625,599620056822936619,-75.00
2025-12-25 16:58:54.175625,599620056822936619,-75.00
2025-12-25 16:58:54.175625,599620056822936619,-80.00
2025-12-25 16:58:54.175625,599620056822936619,-82.00
2025-12-25 16:58:54.175625,599620056822936619,-82.00
2025-12-25 16:58:54.175625,599620056822936619,-82.00
2025-12-25 16:58:54.175625,599620056822936619,-82.00
2025-12-25 16:58:54.175625,599620056822936619,-87.00
2025-12-25 16:58:54.175625,599620056822936619,-87.00
2025-12-25 16:58:54.175625,599620056822936619,-85.00
2025-12-25 16:58:54.175625,599620056822936619,-89.00
2025-12-25 16:58:54.175625,599620056822936619,-89.00
2025-12-25 16:58:54.175625,599620056822936619,-89.00
2025-12-25 16:58:54.175625,599620056822936619,-89.00
2025-12-25 16:58:54.175625,599620056822936619,-87.00
2025-12-25 16:58:54.175625,599620056822936619,-87.00
2025-12-25 16:58:54.851795,599620057383816766,-89.00
2025-12-25 16:58:54.851795,599620057383816766,-89.00
2025-12-25 16:58:54.851795,599620057383816766,-91.00
2025-12-25 16:58:54.851795,599620057383816766,-91.00
2025-12-25 16:58:54.851795,599620057383816766,-91.00
2025-12-25 16:58:54.851795,599620057383816766,-94.00
2025-12-25 16:58:54.851795,599620057383816766,-94.00
2025-12-25 16:58:54.851795,599620057383816766,-87.00
2025-12-25 16:58:54.851795,599620057383816766,-87.00
2025-12-25 16:58:54.851795,599620057383816766,-96.00
2025-12-25 16:58:54.851795,599620057383816766,-96.00
2025-12-25 16:58:54.851795,599620057383816766,-82.00
2025-12-25 16:58:54.851795,599620057383816766,-64.00
2025-12-25 16:58:54.851795,599620057383816766,-41.00
2025-12-25 16:58:54.851795,599620057383816766,-22.00
2025-12-25 16:58:54.851795,599620057383816766,-34.00
2025-12-25 16:58:54.851795,599620057383816766,-62.00
2025-12-25 16:58:54.851795,599620057383816766,-66.00
2025-12-25 16:58:54.851795,599620057383816766,-62.00
2025-12-25 16:58:54.851795,599620057383816766,-68.00
2025-12-25 16:58:54.851795,599620057383816766,-75.00
2025-12-25 16:58:54.851795,599620057383816766,-75.00
2025-12-25 16:58:54.851795,599620057383816766,-78.00
2025-12-25 16:58:54.851795,599620057383816766,-80.00
2025-12-25 16:58:54.851795,599620057383816766,-82.00
2025-12-25 16:58:54.851795,599620057383816766,-78.00
2025-12-25 16:58:54.851795,599620057383816766,-18.00
2025-12-25 16:58:54.851795,599620057383816766,195.00
2025-12-25 16:58:54.851795,599620057383816766,512.00
2025-12-25 16:58:54.851795,599620057383816766,501.00
2025-12-25 16:58:54.851795,599620057383816766,-257.00
2025-12-25 16:58:54.851795,599620057383816766,-1050.00
2025-12-25 16:58:54.851795,599620057383816766,-850.00
2025-12-25 16:58:54.851795,599620057383816766,-234.00
2025-12-25 16:58:54.851795,599620057383816766,-80.00
2025-12-25 16:58:54.851795,599620057383816766,-105.00
2025-12-25 16:58:54.851795,599620057383816766,-34.00
2025-12-25 16:58:54.851795,599620057383816766,-22.00
2025-12-25 16:58:54.851795,599620057383816766,-43.00
2025-12-25 16:58:54.851795,599620057383816766,-16.00
2025-12-25 16:58:54.851795,599620057383816766,0.00
2025-12-25 16:58:54.851795,599620057383816766,-11.00
2025-12-25 16:58:54.851795,599620057383816766,-2.00
2025-12-25 16:58:54.851795,599620057383816766,9.00
2025-12-25 16:58:54.851795,599620057383816766,6.00
2025-12-25 16:58:54.851795,599620057383816766,4.00
2025-12-25 16:58:54.851795,599620057383816766,11.00
2025-12-25 16:58:54.851795,599620057383816766,16.00
2025-12-25 16:58:54.851795,599620057383816766,18.00
2025-12-25 16:58:54.851795,599620057383816766,25.00
2025-12-25 16:58:54.851795,599620057383816766,27.00
2025-12-25 16:58:54.851795,599620057383816766,32.00
2025-12-25 16:58:54.851795,599620057383816766,36.00
2025-12-25 16:58:54.851795,599620057383816766,45.00
2025-12-25 16:58:54.851795,599620057383816766,55.00
2025-12-25 16:58:54.851795,599620057383816766,64.00
2025-12-25 16:58:54.851795,599620057383816766,73.00
2025-12-25 16:58:54.851795,599620057383816766,82.00
2025-12-25 16:58:54.851795,599620057383816766,94.00
2025-12-25 16:58:54.851795,599620057383816766,98.00
2025-12-25 16:58:54.851795,599620057383816766,96.00
2025-12-25 16:58:54.851795,599620057383816766,85.00
2025-12-25 16:58:54.851795,599620057383816766,68.00
2025-12-25 16:58:54.851795,599620057383816766,50.00
2025-12-25 16:58:54.851795,599620057383816766,20.00
2025-12-25 16:58:54.851795,599620057383816766,-18.00
2025-12-25 16:58:54.851795,599620057383816766,-52.00
2025-12-25 16:58:54.851795,599620057383816766,-82.00
2025-12-25 16:58:54.851795,599620057383816766,-105.00
2025-12-25 16:58:54.851795,599620057383816766,-119.00
2025-12-25 16:58:54.851795,599620057383816766,-121.00
2025-12-25 16:58:54.851795,599620057383816766,-121.00
2025-12-25 16:58:54.851795,599620057383816766,-121.00
2025-12-25 16:58:55.399534,599620057944696919,-121.00
2025-12-25 16:58:55.399534,599620057944696919,-121.00
2025-12-25 16:58:55.399534,599620057944696919,-117.00
2025-12-25 16:58:55.399534,599620057944696919,-110.00
2025-12-25 16:58:55.399534,599620057944696919,-94.00
2025-12-25 16:58:55.399534,599620057944696919,-85.00
2025-12-25 16:58:55.399534,599620057944696919,-87.00
2025-12-25 16:58:55.399534,599620057944696919,-89.00
2025-12-25 16:58:55.399534,599620057944696919,-82.00
2025-12-25 16:58:55.399534,599620057944696919,-78.00
2025-12-25 16:58:55.399534,599620057944696919,-73.00
2025-12-25 16:58:55.399534,599620057944696919,-66.00
2025-12-25 16:58:55.399534,599620057944696919,-66.00
2025-12-25 16:58:55.399534,599620057944696919,-71.00
2025-12-25 16:58:55.399534,599620057944696919,-71.00
2025-12-25 16:58:55.399534,599620057944696919,-64.00
2025-12-25 16:58:55.399534,599620057944696919,-55.00
2025-12-25 16:58:55.399534,599620057944696919,-52.00
2025-12-25 16:58:55.399534,599620057944696919,-62.00
2025-12-25 16:58:55.399534,599620057944696919,-66.00
2025-12-25 16:58:55.399534,599620057944696919,-66.00
2025-12-25 16:58:55.399534,599620057944696919,-62.00
2025-12-25 16:58:55.399534,599620057944696919,-50.00
2025-12-25 16:58:55.399534,599620057944696919,-50.00
2025-12-25 16:58:55.399534,599620057944696919,-57.00
2025-12-25 16:58:55.399534,599620057944696919,-62.00
2025-12-25 16:58:55.399534,599620057944696919,-64.00
2025-12-25 16:58:55.399534,599620057944696919,-66.00
2025-12-25 16:58:55.399534,599620057944696919,-64.00
2025-12-25 16:58:55.399534,599620057944696919,-66.00
2025-12-25 16:58:55.399534,599620057944696919,-68.00
2025-12-25 16:58:55.399534,599620057944696919,-66.00
2025-12-25 16:58:55.399534,599620057944696919,-66.00
2025-12-25 16:58:55.399534,599620057944696919,-66.00
2025-12-25 16:58:55.399534,599620057944696919,-66.00
2025-12-25 16:58:55.399534,599620057944696919,-68.00
2025-12-25 16:58:55.399534,599620057944696919,-73.00
2025-12-25 16:58:55.399534,599620057944696919,-78.00
2025-12-25 16:58:55.399534,599620057944696919,-75.00
2025-12-25 16:58:55.399534,599620057944696919,-73.00
2025-12-25 16:58:55.399534,599620057944696919,-78.00
2025-12-25 16:58:55.399534,599620057944696919,-82.00
2025-12-25 16:58:55.399534,599620057944696919,-85.00
2025-12-25 16:58:55.399534,599620057944696919,-82.00
2025-12-25 16:58:55.399534,599620057944696919,-85.00
2025-12-25 16:58:55.399534,599620057944696919,-87.00
2025-12-25 16:58:55.399534,599620057944696919,-82.00
2025-12-25 16:58:55.399534,599620057944696919,-87.00
2025-12-25 16:58:55.399534,599620057944696919,-96.00
2025-12-25 16:58:55.399534,599620057944696919,-91.00
2025-12-25 16:58:55.399534,599620057944696919,-71.00
2025-12-25 16:58:55.399534,599620057944696919,-59.00
2025-12-25 16:58:55.399534,599620057944696919,-50.00
2025-12-25 16:58:55.399534,599620057944696919,-55.00
2025-12-25 16:58:55.399534,599620057944696919,-80.00
2025-12-25 16:58:55.399534,599620057944696919,-101.00
2025-12-25 16:58:55.399534,599620057944696919,-101.00
2025-12-25 16:58:55.399534,599620057944696919,-96.00
2025-12-25 16:58:55.399534,599620057944696919,-98.00
2025-12-25 16:58:55.399534,599620057944696919,-103.00
2025-12-25 16:58:55.399534,599620057944696919,-110.00
2025-12-25 16:58:55.399534,599620057944696919,-110.00
2025-12-25 16:58:55.399534,599620057944696919,-101.00
2025-12-25 16:58:55.399534,599620057944696919,-82.00
2025-12-25 16:58:55.399534,599620057944696919,-11.00
2025-12-25 16:58:55.399534,599620057944696919,206.00
2025-12-25 16:58:55.399534,599620057944696919,517.00
2025-12-25 16:58:55.399534,599620057944696919,459.00
2025-12-25 16:58:55.399534,599620057944696919,-321.00
2025-12-25 16:58:55.399534,599620057944696919,-1059.00
2025-12-25 16:58:55.399534,599620057944696919,-816.00
2025-12-25 16:58:55.399534,599620057944696919,-236.00
2025-12-25 16:58:55.399534,599620057944696919,-101.00
2025-12-25 16:58:55.897133,599620058505556722,-101.00
2025-12-25 16:58:55.897133,599620058505556722,-29.00
2025-12-25 16:58:55.897133,599620058505556722,-22.00
2025-12-25 16:58:55.897133,599620058505556722,-34.00
2025-12-25 16:58:55.897133,599620058505556722,-6.00
2025-12-25 16:58:55.897133,599620058505556722,-4.00
2025-12-25 16:58:55.897133,599620058505556722,-13.00
2025-12-25 16:58:55.897133,599620058505556722,0.00
2025-12-25 16:58:55.897133,599620058505556722,16.00
2025-12-25 16:58:55.897133,599620058505556722,16.00
2025-12-25 16:58:55.897133,599620058505556722,20.00
2025-12-25 16:58:55.897133,599620058505556722,25.00
2025-12-25 16:58:55.897133,599620058505556722,32.00
2025-12-25 16:58:55.897133,599620058505556722,48.00
2025-12-25 16:58:55.897133,599620058505556722,62.00
2025-12-25 16:58:55.897133,599620058505556722,62.00
2025-12-25 16:58:55.897133,599620058505556722,62.00
2025-12-25 16:58:55.897133,599620058505556722,68.00
2025-12-25 16:58:55.897133,599620058505556722,82.00
2025-12-25 16:58:55.897133,599620058505556722,103.00
2025-12-25 16:58:55.897133,599620058505556722,114.00
2025-12-25 16:58:55.897133,599620058505556722,117.00
2025-12-25 16:58:55.897133,599620058505556722,121.00
2025-12-25 16:58:55.897133,599620058505556722,126.00
2025-12-25 16:58:55.897133,599620058505556722,128.00
2025-12-25 16:58:55.897133,599620058505556722,126.00
2025-12-25 16:58:55.897133,599620058505556722,117.00
2025-12-25 16:58:55.897133,599620058505556722,101.00
2025-12-25 16:58:55.897133,599620058505556722,73.00
2025-12-25 16:58:55.897133,599620058505556722,36.00
2025-12-25 16:58:55.897133,599620058505556722,-4.00
2025-12-25 16:58:55.897133,599620058505556722,-39.00
2025-12-25 16:58:55.897133,599620058505556722,-64.00
2025-12-25 16:58:55.897133,599620058505556722,-91.00
2025-12-25 16:58:55.897133,599620058505556722,-112.00
2025-12-25 16:58:55.897133,599620058505556722,-119.00
2025-12-25 16:58:55.897133,599620058505556722,-121.00
2025-12-25 16:58:55.897133,599620058505556722,-121.00
2025-12-25 16:58:55.897133,599620058505556722,-119.00
2025-12-25 16:58:55.897133,599620058505556722,-124.00
2025-12-25 16:58:55.897133,599620058505556722,-124.00
2025-12-25 16:58:55.897133,599620058505556722,-117.00
2025-12-25 16:58:55.897133,599620058505556722,-119.00
2025-12-25 16:58:55.897133,599620058505556722,-119.00
2025-12-25 16:58:55.897133,599620058505556722,-112.00
2025-12-25 16:58:55.897133,599620058505556722,-110.00
2025-12-25 16:58:55.897133,599620058505556722,-112.00
2025-12-25 16:58:55.897133,599620058505556722,-114.00
2025-12-25 16:58:55.897133,599620058505556722,-114.00
2025-12-25 16:58:55.897133,599620058505556722,-108.00
2025-12-25 16:58:55.897133,599620058505556722,-103.00
2025-12-25 16:58:55.897133,599620058505556722,-105.00
2025-12-25 16:58:55.897133,599620058505556722,-108.00
2025-12-25 16:58:55.897133,599620058505556722,-101.00
2025-12-25 16:58:55.897133,599620058505556722,-98.00
2025-12-25 16:58:55.897133,599620058505556722,-105.00
2025-12-25 16:58:55.897133,599620058505556722,-105.00
2025-12-25 16:58:55.897133,599620058505556722,-103.00
2025-12-25 16:58:55.897133,599620058505556722,-108.00
2025-12-25 16:58:55.897133,599620058505556722,-110.00
2025-12-25 16:58:55.897133,599620058505556722,-110.00
2025-12-25 16:58:55.897133,599620058505556722,-112.00
2025-12-25 16:58:55.897133,599620058505556722,-117.00
2025-12-25 16:58:55.897133,599620058505556722,-114.00
2025-12-25 16:58:55.897133,599620058505556722,-112.00
2025-12-25 16:58:55.897133,599620058505556722,-114.00
2025-12-25 16:58:55.897133,599620058505556722,-114.00
2025-12-25 16:58:55.897133,599620058505556722,-114.00
2025-12-25 16:58:55.897133,599620058505556722,-114.00
2025-12-25 16:58:55.897133,599620058505556722,-108.00
2025-12-25 16:58:55.897133,599620058505556722,-98.00
2025-12-25 16:58:55.897133,599620058505556722,-103.00
2025-12-25 16:58:55.897133,599620058505556722,-105.00
2025-12-25 16:58:56.459907,599620059066441957,-101.00
2025-12-25 16:58:56.459907,599620059066441957,-101.00
2025-12-25 16:58:56.459907,599620059066441957,-105.00
2025-12-25 16:58:56.459907,599620059066441957,-103.00
2025-12-25 16:58:56.459907,599620059066441957,-101.00
2025-12-25 16:58:56.459907,599620059066441957,-105.00
2025-12-25 16:58:56.459907,599620059066441957,-110.00
2025-12-25 16:58:56.459907,599620059066441957,-108.00
2025-12-25 16:58:56.459907,599620059066441957,-98.00
2025-12-25 16:58:56.459907,599620059066441957,-85.00
2025-12-25 16:58:56.459907,599620059066441957,-57.00
2025-12-25 16:58:56.459907,599620059066441957,-36.00
2025-12-25 16:58:56.459907,599620059066441957,-52.00
2025-12-25 16:58:56.459907,599620059066441957,-78.00
2025-12-25 16:58:56.459907,599620059066441957,-85.00
2025-12-25 16:58:56.459907,599620059066441957,-82.00
2025-12-25 16:58:56.459907,599620059066441957,-75.00
2025-12-25 16:58:56.459907,599620059066441957,-68.00
2025-12-25 16:58:56.459907,599620059066441957,-73.00
2025-12-25 16:58:56.459907,599620059066441957,-80.00
2025-12-25 16:58:56.459907,599620059066441957,-78.00
2025-12-25 16:58:56.459907,599620059066441957,-73.00
2025-12-25 16:58:56.459907,599620059066441957,-25.00
2025-12-25 16:58:56.459907,599620059066441957,154.00
2025-12-25 16:58:56.459907,599620059066441957,480.00
2025-12-25 16:58:56.459907,599620059066441957,602.00
2025-12-25 16:58:56.459907,599620059066441957,-9.00
2025-12-25 16:58:56.459907,599620059066441957,-924.00
2025-12-25 16:58:56.459907,599620059066441957,-993.00
2025-12-25 16:58:56.459907,599620059066441957,-400.00
2025-12-25 16:58:56.459907,599620059066441957,-121.00
2025-12-25 16:58:56.459907,599620059066441957,-108.00
2025-12-25 16:58:56.459907,599620059066441957,-32.00
2025-12-25 16:58:56.459907,599620059066441957,-11.00
2025-12-25 16:58:56.459907,599620059066441957,-34.00
2025-12-25 16:58:56.459907,599620059066441957,-16.00
2025-12-25 16:58:56.459907,599620059066441957,-2.00
2025-12-25 16:58:56.459907,599620059066441957,-11.00
2025-12-25 16:58:56.459907,599620059066441957,-6.00
2025-12-25 16:58:56.459907,599620059066441957,4.00
2025-12-25 16:58:56.459907,599620059066441957,11.00
2025-12-25 16:58:56.459907,599620059066441957,20.00
2025-12-25 16:58:56.459907,599620059066441957,27.00
2025-12-25 16:58:56.459907,599620059066441957,29.00
2025-12-25 16:58:56.459907,599620059066441957,36.00
2025-12-25 16:58:56.459907,599620059066441957,48.00
2025-12-25 16:58:56.459907,599620059066441957,55.00
2025-12-25 16:58:56.459907,599620059066441957,57.00
2025-12-25 16:58:56.459907,599620059066441957,64.00
2025-12-25 16:58:56.459907,599620059066441957,71.00
2025-12-25 16:58:56.459907,599620059066441957,75.00
2025-12-25 16:58:56.459907,599620059066441957,82.00
2025-12-25 16:58:56.459907,599620059066441957,91.00
2025-12-25 16:58:56.459907,599620059066441957,96.00
2025-12-25 16:58:56.459907,599620059066441957,103.00
2025-12-25 16:58:56.459907,599620059066441957,108.00
2025-12-25 16:58:56.459907,599620059066441957,105.00
2025-12-25 16:58:56.459907,599620059066441957,96.00
2025-12-25 16:58:56.459907,599620059066441957,85.00
2025-12-25 16:58:56.459907,599620059066441957,57.00
2025-12-25 16:58:56.459907,599620059066441957,20.00
2025-12-25 16:58:56.459907,599620059066441957,-9.00
2025-12-25 16:58:56.459907,599620059066441957,-36.00
2025-12-25 16:58:56.459907,599620059066441957,-68.00
2025-12-25 16:58:56.459907,599620059066441957,-96.00
2025-12-25 16:58:56.459907,599620059066441957,-110.00
2025-12-25 16:58:56.459907,599620059066441957,-121.00
2025-12-25 16:58:56.459907,599620059066441957,-128.00
2025-12-25 16:58:56.459907,599620059066441957,-126.00
2025-12-25 16:58:56.459907,599620059066441957,-124.00
2025-12-25 16:58:56.459907,599620059066441957,-126.00
2025-12-25 16:58:56.459907,599620059066441957,-126.00
2025-12-25 16:58:56.459907,599620059066441957,-124.00
2025-12-25 16:58:57.009062,599620059627296674,-119.00
2025-12-25 16:58:57.009062,599620059627296674,-114.00
2025-12-25 16:58:57.009062,599620059627296674,-108.00
2025-12-25 16:58:57.009062,599620059627296674,-105.00
2025-12-25 16:58:57.009062,599620059627296674,-101.00
2025-12-25 16:58:57.009062,599620059627296674,-96.00
2025-12-25 16:58:57.009062,599620059627296674,-94.00
2025-12-25 16:58:57.009062,599620059627296674,-85.00
2025-12-25 16:58:57.009062,599620059627296674,-71.00
2025-12-25 16:58:57.009062,599620059627296674,-66.00
2025-12-25 16:58:57.009062,599620059627296674,-75.00
2025-12-25 16:58:57.009062,599620059627296674,-78.00
2025-12-25 16:58:57.009062,599620059627296674,-73.00
2025-12-25 16:58:57.009062,599620059627296674,-68.00
2025-12-25 16:58:57.009062,599620059627296674,-62.00
2025-12-25 16:58:57.009062,599620059627296674,-64.00
2025-12-25 16:58:57.009062,599620059627296674,-71.00
2025-12-25 16:58:57.009062,599620059627296674,-73.00
2025-12-25 16:58:57.009062,599620059627296674,-73.00
2025-12-25 16:58:57.009062,599620059627296674,-73.00
2025-12-25 16:58:57.009062,599620059627296674,-75.00
2025-12-25 16:58:57.009062,599620059627296674,-78.00
2025-12-25 16:58:57.009062,599620059627296674,-82.00
2025-12-25 16:58:57.009062,599620059627296674,-85.00
2025-12-25 16:58:57.009062,599620059627296674,-82.00
2025-12-25 16:58:57.009062,599620059627296674,-80.00
2025-12-25 16:58:57.009062,599620059627296674,-80.00
2025-12-25 16:58:57.009062,599620059627296674,-85.00
2025-12-25 16:58:57.009062,599620059627296674,-87.00
2025-12-25 16:58:57.009062,599620059627296674,-87.00
2025-12-25 16:58:57.009062,599620059627296674,-87.00
2025-12-25 16:58:57.009062,599620059627296674,-87.00
2025-12-25 16:58:57.009062,599620059627296674,-89.00
2025-12-25 16:58:57.009062,599620059627296674,-91.00
2025-12-25 16:58:57.009062,599620059627296674,-94.00
2025-12-25 16:58:57.009062,599620059627296674,-89.00
2025-12-25 16:58:57.009062,599620059627296674,-78.00
2025-12-25 16:58:57.009062,599620059627296674,-73.00
2025-12-25 16:58:57.009062,599620059627296674,-80.00
2025-12-25 16:58:57.009062,599620059627296674,-87.00
2025-12-25 16:58:57.009062,599620059627296674,-91.00
2025-12-25 16:58:57.009062,599620059627296674,-91.00
2025-12-25 16:58:57.009062,599620059627296674,-80.00
2025-12-25 16:58:57.009062,599620059627296674,-64.00
2025-12-25 16:58:57.009062,599620059627296674,-48.00
2025-12-25 16:58:57.009062,599620059627296674,-45.00
2025-12-25 16:58:57.009062,599620059627296674,-68.00
2025-12-25 16:58:57.009062,599620059627296674,-91.00
2025-12-25 16:58:57.009062,599620059627296674,-89.00
2025-12-25 16:58:57.009062,599620059627296674,-91.00
2025-12-25 16:58:57.009062,599620059627296674,-101.00
2025-12-25 16:58:57.009062,599620059627296674,-101.00
2025-12-25 16:58:57.009062,599620059627296674,-101.00
2025-12-25 16:58:57.009062,599620059627296674,-101.00
2025-12-25 16:58:57.009062,599620059627296674,-94.00
2025-12-25 16:58:57.009062,599620059627296674,-82.00
2025-12-25 16:58:57.009062,599620059627296674,-50.00
2025-12-25 16:58:57.009062,599620059627296674,103.00
2025-12-25 16:58:57.009062,599620059627296674,425.00
2025-12-25 16:58:57.009062,599620059627296674,600.00
2025-12-25 16:58:57.009062,599620059627296674,64.00
2025-12-25 16:58:57.009062,599620059627296674,-880.00
2025-12-25 16:58:57.009062,599620059627296674,-1034.00
2025-12-25 16:58:57.009062,599620059627296674,-406.00
2025-12-25 16:58:57.009062,599620059627296674,-73.00
2025-12-25 16:58:57.009062,599620059627296674,-103.00
2025-12-25 16:58:57.009062,599620059627296674,-55.00
2025-12-25 16:58:57.009062,599620059627296674,-4.00
2025-12-25 16:58:57.009062,599620059627296674,-29.00
2025-12-25 16:58:57.009062,599620059627296674,-25.00
2025-12-25 16:58:57.009062,599620059627296674,-6.00
2025-12-25 16:58:57.009062,599620059627296674,-11.00
2025-12-25 16:58:57.009062,599620059627296674,-6.00
2025-12-25 16:58:57.509290,599620060188156479,4.00
2025-12-25 16:58:57.509290,599620060188156479,2.00
2025-12-25 16:58:57.509290,599620060188156479,2.00
2025-12-25 16:58:57.509290,599620060188156479,11.00
2025-12-25 16:58:57.509290,599620060188156479,22.00
2025-12-25 16:58:57.509290,599620060188156479,41.00
2025-12-25 16:58:57.509290,599620060188156479,57.00
2025-12-25 16:58:57.509290,599620060188156479,62.00
2025-12-25 16:58:57.509290,599620060188156479,62.00
2025-12-25 16:58:57.509290,599620060188156479,68.00
2025-12-25 16:58:57.509290,599620060188156479,85.00
2025-12-25 16:58:57.509290,599620060188156479,105.00
2025-12-25 16:58:57.509290,599620060188156479,114.00
2025-12-25 16:58:57.509290,599620060188156479,117.00
2025-12-25 16:58:57.509290,599620060188156479,121.00
2025-12-25 16:58:57.509290,599620060188156479,126.00
2025-12-25 16:58:57.509290,599620060188156479,131.00
2025-12-25 16:58:57.509290,599620060188156479,131.00
2025-12-25 16:58:57.509290,599620060188156479,119.00
2025-12-25 16:58:57.509290,599620060188156479,103.00
2025-12-25 16:58:57.509290,599620060188156479,78.00
2025-12-25 16:58:57.509290,599620060188156479,45.00
2025-12-25 16:58:57.509290,599620060188156479,4.00
2025-12-25 16:58:57.509290,599620060188156479,-32.00
2025-12-25 16:58:57.509290,599620060188156479,-64.00
2025-12-25 16:58:57.509290,599620060188156479,-91.00
2025-12-25 16:58:57.509290,599620060188156479,-105.00
2025-12-25 16:58:57.509290,599620060188156479,-108.00
2025-12-25 16:58:57.509290,599620060188156479,-110.00
2025-12-25 16:58:57.509290,599620060188156479,-112.00
2025-12-25 16:58:57.509290,599620060188156479,-110.00
2025-12-25 16:58:57.509290,599620060188156479,-110.00
2025-12-25 16:58:57.509290,599620060188156479,-110.00
2025-12-25 16:58:57.509290,599620060188156479,-108.00
2025-12-25 16:58:57.509290,599620060188156479,-105.00
2025-12-25 16:58:57.509290,599620060188156479,-103.00
2025-12-25 16:58:57.509290,599620060188156479,-105.00
2025-12-25 16:58:57.509290,599620060188156479,-103.00
2025-12-25 16:58:57.509290,599620060188156479,-101.00
2025-12-25 16:58:57.509290,599620060188156479,-98.00
2025-12-25 16:58:57.509290,599620060188156479,-94.00
2025-12-25 16:58:57.509290,599620060188156479,-89.00
2025-12-25 16:58:57.509290,599620060188156479,-89.00
2025-12-25 16:58:57.509290,599620060188156479,-91.00
2025-12-25 16:58:57.509290,599620060188156479,-94.00
2025-12-25 16:58:57.509290,599620060188156479,-91.00
2025-12-25 16:58:57.509290,599620060188156479,-82.00
2025-12-25 16:58:57.509290,599620060188156479,-75.00
2025-12-25 16:58:57.509290,599620060188156479,-80.00
2025-12-25 16:58:57.509290,599620060188156479,-85.00
2025-12-25 16:58:57.509290,599620060188156479,-87.00
2025-12-25 16:58:57.509290,599620060188156479,-89.00
2025-12-25 16:58:57.509290,599620060188156479,-89.00
2025-12-25 16:58:57.509290,599620060188156479,-87.00
2025-12-25 16:58:57.509290,599620060188156479,-89.00
2025-12-25 16:58:57.509290,599620060188156479,-94.00
2025-12-25 16:58:57.509290,599620060188156479,-94.00
2025-12-25 16:58:57.509290,599620060188156479,-94.00
2025-12-25 16:58:57.509290,599620060188156479,-94.00
2025-12-25 16:58:57.509290,599620060188156479,-89.00
2025-12-25 16:58:57.509290,599620060188156479,-89.00
2025-12-25 16:58:57.509290,599620060188156479,-91.00
2025-12-25 16:58:57.509290,599620060188156479,-94.00
2025-12-25 16:58:57.509290,599620060188156479,-94.00
2025-12-25 16:58:57.509290,599620060188156479,-91.00
2025-12-25 16:58:57.509290,599620060188156479,-91.00
2025-12-25 16:58:57.509290,599620060188156479,-94.00
2025-12-25 16:58:57.509290,599620060188156479,-96.00
2025-12-25 16:58:57.509290,599620060188156479,-98.00
2025-12-25 16:58:57.509290,599620060188156479,-94.00
2025-12-25 16:58:57.509290,599620060188156479,-91.00
2025-12-25 16:58:57.509290,599620060188156479,-98.00
2025-12-25 16:58:57.509290,599620060188156479,-98.00
2025-12-25 16:58:58.083146,599620060749006110,-98.00
2025-12-25 16:58:58.083146,599620060749006110,-101.00
2025-12-25 16:58:58.083146,599620060749006110,-98.00
2025-12-25 16:58:58.083146,599620060749006110,-96.00
2025-12-25 16:58:58.083146,599620060749006110,-98.00
2025-12-25 16:58:58.083146,599620060749006110,-101.00
2025-12-25 16:58:58.083146,599620060749006110,-103.00
2025-12-25 16:58:58.083146,599620060749006110,-96.00
2025-12-25 16:58:58.083146,599620060749006110,-73.00
2025-12-25 16:58:58.083146,599620060749006110,-52.00
2025-12-25 16:58:58.083146,599620060749006110,-41.00
2025-12-25 16:58:58.083146,599620060749006110,-43.00
2025-12-25 16:58:58.083146,599620060749006110,-68.00
2025-12-25 16:58:58.083146,599620060749006110,-87.00
2025-12-25 16:58:58.083146,599620060749006110,-87.00
2025-12-25 16:58:58.083146,599620060749006110,-89.00
2025-12-25 16:58:58.083146,599620060749006110,-96.00
2025-12-25 16:58:58.083146,599620060749006110,-91.00
2025-12-25 16:58:58.083146,599620060749006110,-89.00
2025-12-25 16:58:58.083146,599620060749006110,-94.00
2025-12-25 16:58:58.083146,599620060749006110,-94.00
2025-12-25 16:58:58.083146,599620060749006110,-87.00
2025-12-25 16:58:58.083146,599620060749006110,-36.00
2025-12-25 16:58:58.083146,599620060749006110,149.00
2025-12-25 16:58:58.083146,599620060749006110,473.00
2025-12-25 16:58:58.083146,599620060749006110,563.00
2025-12-25 16:58:58.083146,599620060749006110,-94.00
2025-12-25 16:58:58.083146,599620060749006110,-986.00
2025-12-25 16:58:58.083146,599620060749006110,-947.00
2025-12-25 16:58:58.083146,599620060749006110,-294.00
2025-12-25 16:58:58.083146,599620060749006110,-62.00
2025-12-25 16:58:58.083146,599620060749006110,-110.00
2025-12-25 16:58:58.083146,599620060749006110,-48.00
2025-12-25 16:58:58.083146,599620060749006110,-13.00
2025-12-25 16:58:58.083146,599620060749006110,-41.00
2025-12-25 16:58:58.083146,599620060749006110,-29.00
2025-12-25 16:58:58.083146,599620060749006110,-11.00
2025-12-25 16:58:58.083146,599620060749006110,-18.00
2025-12-25 16:58:58.083146,599620060749006110,-11.00
2025-12-25 16:58:58.083146,599620060749006110,11.00
2025-12-25 16:58:58.083146,599620060749006110,16.00
2025-12-25 16:58:58.083146,599620060749006110,16.00
2025-12-25 16:58:58.083146,599620060749006110,25.00
2025-12-25 16:58:58.083146,599620060749006110,34.00
2025-12-25 16:58:58.083146,599620060749006110,39.00
2025-12-25 16:58:58.083146,599620060749006110,41.00
2025-12-25 16:58:58.083146,599620060749006110,48.00
2025-12-25 16:58:58.083146,599620060749006110,55.00
2025-12-25 16:58:58.083146,599620060749006110,59.00
2025-12-25 16:58:58.083146,599620060749006110,66.00
2025-12-25 16:58:58.083146,599620060749006110,80.00
2025-12-25 16:58:58.083146,599620060749006110,87.00
2025-12-25 16:58:58.083146,599620060749006110,91.00
2025-12-25 16:58:58.083146,599620060749006110,98.00
2025-12-25 16:58:58.083146,599620060749006110,108.00
2025-12-25 16:58:58.083146,599620060749006110,110.00
2025-12-25 16:58:58.083146,599620060749006110,103.00
2025-12-25 16:58:58.083146,599620060749006110,98.00
2025-12-25 16:58:58.083146,599620060749006110,89.00
2025-12-25 16:58:58.083146,599620060749006110,64.00
2025-12-25 16:58:58.083146,599620060749006110,25.00
2025-12-25 16:58:58.083146,599620060749006110,-13.00
2025-12-25 16:58:58.083146,599620060749006110,-50.00
2025-12-25 16:58:58.083146,599620060749006110,-80.00
2025-12-25 16:58:58.083146,599620060749006110,-101.00
2025-12-25 16:58:58.083146,599620060749006110,-114.00
2025-12-25 16:58:58.083146,599620060749006110,-126.00
2025-12-25 16:58:58.083146,599620060749006110,-128.00
2025-12-25 16:58:58.083146,599620060749006110,-128.00
2025-12-25 16:58:58.083146,599620060749006110,-128.00
2025-12-25 16:58:58.083146,599620060749006110,-128.00
2025-12-25 16:58:58.083146,599620060749006110,-126.00
2025-12-25 16:58:58.083146,599620060749006110,-121.00
2025-12-25 16:58:58.710475,599620061309886261,-119.00
2025-12-25 16:58:58.710475,599620061309886261,-117.00
2025-12-25 16:58:58.710475,599620061309886261,-112.00
2025-12-25 16:58:58.710475,599620061309886261,-110.00
2025-12-25 16:58:58.710475,599620061309886261,-110.00
2025-12-25 16:58:58.710475,599620061309886261,-98.00
2025-12-25 16:58:58.710475,599620061309886261,-80.00
2025-12-25 16:58:58.710475,599620061309886261,-78.00
2025-12-25 16:58:58.710475,599620061309886261,-80.00
2025-12-25 16:58:58.710475,599620061309886261,-73.00
2025-12-25 16:58:58.710475,599620061309886261,-71.00
2025-12-25 16:58:58.710475,599620061309886261,-73.00
2025-12-25 16:58:58.710475,599620061309886261,-73.00
2025-12-25 16:58:58.710475,599620061309886261,-71.00
2025-12-25 16:58:58.710475,599620061309886261,-75.00
2025-12-25 16:58:58.710475,599620061309886261,-78.00
2025-12-25 16:58:58.710475,599620061309886261,-78.00
2025-12-25 16:58:58.710475,599620061309886261,-80.00
2025-12-25 16:58:58.710475,599620061309886261,-82.00
2025-12-25 16:58:58.710475,599620061309886261,-85.00
2025-12-25 16:58:58.710475,599620061309886261,-85.00
2025-12-25 16:58:58.710475,599620061309886261,-85.00
2025-12-25 16:58:58.710475,599620061309886261,-87.00
2025-12-25 16:58:58.710475,599620061309886261,-89.00
2025-12-25 16:58:58.710475,599620061309886261,-89.00
2025-12-25 16:58:58.710475,599620061309886261,-91.00
2025-12-25 16:58:58.710475,599620061309886261,-89.00
2025-12-25 16:58:58.710475,599620061309886261,-89.00
2025-12-25 16:58:58.710475,599620061309886261,-89.00
2025-12-25 16:58:58.710475,599620061309886261,-87.00
2025-12-25 16:58:58.710475,599620061309886261,-89.00
2025-12-25 16:58:58.710475,599620061309886261,-87.00
2025-12-25 16:58:58.710475,599620061309886261,-80.00
2025-12-25 16:58:58.710475,599620061309886261,-78.00
2025-12-25 16:58:58.710475,599620061309886261,-80.00
2025-12-25 16:58:58.710475,599620061309886261,-80.00
2025-12-25 16:58:58.710475,599620061309886261,-80.00
2025-12-25 16:58:58.710475,599620061309886261,-82.00
2025-12-25 16:58:58.710475,599620061309886261,-82.00
2025-12-25 16:58:58.710475,599620061309886261,-82.00
2025-12-25 16:58:58.710475,599620061309886261,-82.00
2025-12-25 16:58:58.710475,599620061309886261,-82.00
2025-12-25 16:58:58.710475,599620061309886261,-82.00
2025-12-25 16:58:58.710475,599620061309886261,-82.00
2025-12-25 16:58:58.710475,599620061309886261,-85.00
2025-12-25 16:58:58.710475,599620061309886261,-82.00
2025-12-25 16:58:58.710475,599620061309886261,-80.00
2025-12-25 16:58:58.710475,599620061309886261,-78.00
2025-12-25 16:58:58.710475,599620061309886261,-82.00
2025-12-25 16:58:58.710475,599620061309886261,-91.00
2025-12-25 16:58:58.710475,599620061309886261,-91.00
2025-12-25 16:58:58.710475,599620061309886261,-78.00
2025-12-25 16:58:58.710475,599620061309886261,-64.00
2025-12-25 16:58:58.710475,599620061309886261,-52.00
2025-12-25 16:58:58.710475,599620061309886261,-43.00
2025-12-25 16:58:58.710475,599620061309886261,-57.00
2025-12-25 16:58:58.710475,599620061309886261,-85.00
2025-12-25 16:58:58.710475,599620061309886261,-89.00
2025-12-25 16:58:58.710475,599620061309886261,-85.00
2025-12-25 16:58:58.710475,599620061309886261,-94.00
2025-12-25 16:58:58.710475,599620061309886261,-96.00
2025-12-25 16:58:58.710475,599620061309886261,-87.00
2025-12-25 16:58:58.710475,599620061309886261,-87.00
2025-12-25 16:58:58.710475,599620061309886261,-89.00
2025-12-25 16:58:58.710475,599620061309886261,-89.00
2025-12-25 16:58:58.710475,599620061309886261,-73.00
2025-12-25 16:58:58.710475,599620061309886261,18.00
2025-12-25 16:58:58.710475,599620061309886261,278.00
2025-12-25 16:58:58.710475,599620061309886261,563.00
2025-12-25 16:58:58.710475,599620061309886261,370.00
2025-12-25 16:58:58.710475,599620061309886261,-505.00
2025-12-25 16:58:58.710475,599620061309886261,-1096.00
2025-12-25 16:58:58.710475,599620061309886261,-675.00
2025-12-25 16:58:59.334867,599620061870766410,-135.00
2025-12-25 16:58:59.334867,599620061870766410,-85.00
2025-12-25 16:58:59.334867,599620061870766410,-85.00
2025-12-25 16:58:59.334867,599620061870766410,-6.00
2025-12-25 16:58:59.334867,599620061870766410,-11.00
2025-12-25 16:58:59.334867,599620061870766410,-22.00
2025-12-25 16:58:59.334867,599620061870766410,2.00
2025-12-25 16:58:59.334867,599620061870766410,13.00
2025-12-25 16:58:59.334867,599620061870766410,27.00
2025-12-25 16:58:59.334867,599620061870766410,48.00
2025-12-25 16:58:59.334867,599620061870766410,48.00
2025-12-25 16:58:59.334867,599620061870766410,39.00
2025-12-25 16:58:59.334867,599620061870766410,43.00
2025-12-25 16:58:59.334867,599620061870766410,50.00
2025-12-25 16:58:59.334867,599620061870766410,59.00
2025-12-25 16:58:59.334867,599620061870766410,75.00
2025-12-25 16:58:59.334867,599620061870766410,80.00
2025-12-25 16:58:59.334867,599620061870766410,80.00
2025-12-25 16:58:59.334867,599620061870766410,85.00
2025-12-25 16:58:59.334867,599620061870766410,94.00
2025-12-25 16:58:59.334867,599620061870766410,101.00
2025-12-25 16:58:59.334867,599620061870766410,105.00
2025-12-25 16:58:59.334867,599620061870766410,108.00
2025-12-25 16:58:59.334867,599620061870766410,110.00
2025-12-25 16:58:59.334867,599620061870766410,121.00
2025-12-25 16:58:59.334867,599620061870766410,137.00
2025-12-25 16:58:59.334867,599620061870766410,147.00
2025-12-25 16:58:59.334867,599620061870766410,140.00
2025-12-25 16:58:59.334867,599620061870766410,126.00
2025-12-25 16:58:59.334867,599620061870766410,105.00
2025-12-25 16:58:59.334867,599620061870766410,78.00
2025-12-25 16:58:59.334867,599620061870766410,41.00
2025-12-25 16:58:59.334867,599620061870766410,9.00
2025-12-25 16:58:59.334867,599620061870766410,-25.00
2025-12-25 16:58:59.334867,599620061870766410,-59.00
2025-12-25 16:58:59.334867,599620061870766410,-87.00
2025-12-25 16:58:59.334867,599620061870766410,-103.00
2025-12-25 16:58:59.334867,599620061870766410,-112.00
2025-12-25 16:58:59.334867,599620061870766410,-114.00
2025-12-25 16:58:59.334867,599620061870766410,-112.00
2025-12-25 16:58:59.334867,599620061870766410,-114.00
2025-12-25 16:58:59.334867,599620061870766410,-119.00
2025-12-25 16:58:59.334867,599620061870766410,-121.00
2025-12-25 16:58:59.334867,599620061870766410,-117.00
2025-12-25 16:58:59.334867,599620061870766410,-108.00
2025-12-25 16:58:59.334867,599620061870766410,-110.00
2025-12-25 16:58:59.334867,599620061870766410,-110.00
2025-12-25 16:58:59.334867,599620061870766410,-103.00
2025-12-25 16:58:59.334867,599620061870766410,-103.00
2025-12-25 16:58:59.334867,599620061870766410,-108.00
2025-12-25 16:58:59.334867,599620061870766410,-105.00
2025-12-25 16:58:59.334867,599620061870766410,-103.00
2025-12-25 16:58:59.334867,599620061870766410,-96.00
2025-12-25 16:58:59.334867,599620061870766410,-94.00
2025-12-25 16:58:59.334867,599620061870766410,-103.00
2025-12-25 16:58:59.334867,599620061870766410,-101.00
2025-12-25 16:58:59.334867,599620061870766410,-96.00
2025-12-25 16:58:59.334867,599620061870766410,-101.00
2025-12-25 16:58:59.334867,599620061870766410,-105.00
2025-12-25 16:58:59.334867,599620061870766410,-103.00
2025-12-25 16:58:59.334867,599620061870766410,-108.00
2025-12-25 16:58:59.334867,599620061870766410,-110.00
2025-12-25 16:58:59.334867,599620061870766410,-105.00
2025-12-25 16:58:59.334867,599620061870766410,-105.00
2025-12-25 16:58:59.334867,599620061870766410,-105.00
2025-12-25 16:58:59.334867,599620061870766410,-105.00
2025-12-25 16:58:59.334867,599620061870766410,-105.00
2025-12-25 16:58:59.334867,599620061870766410,-103.00
2025-12-25 16:58:59.334867,599620061870766410,-103.00
2025-12-25 16:58:59.334867,599620061870766410,-108.00
2025-12-25 16:58:59.334867,599620061870766410,-108.00
2025-12-25 16:58:59.334867,599620061870766410,-103.00
2025-12-25 16:58:59.334867,599620061870766410,-103.00
2025-12-25 16:58:59.753883,599620062431616041,-103.00
2025-12-25 16:58:59.753883,599620062431616041,-98.00
2025-12-25 16:58:59.753883,599620062431616041,-98.00
2025-12-25 16:58:59.753883,599620062431616041,-105.00
2025-12-25 16:58:59.753883,599620062431616041,-108.00
2025-12-25 16:58:59.753883,599620062431616041,-105.00
2025-12-25 16:58:59.753883,599620062431616041,-101.00
2025-12-25 16:58:59.753883,599620062431616041,-98.00
2025-12-25 16:58:59.753883,599620062431616041,-98.00
2025-12-25 16:58:59.753883,599620062431616041,-101.00
2025-12-25 16:58:59.753883,599620062431616041,-101.00
2025-12-25 16:58:59.753883,599620062431616041,-94.00
2025-12-25 16:58:59.753883,599620062431616041,-82.00
2025-12-25 16:58:59.753883,599620062431616041,-82.00
2025-12-25 16:58:59.753883,599620062431616041,-82.00
2025-12-25 16:58:59.753883,599620062431616041,-73.00
2025-12-25 16:58:59.753883,599620062431616041,-59.00
2025-12-25 16:58:59.753883,599620062431616041,-41.00
2025-12-25 16:58:59.753883,599620062431616041,-34.00
2025-12-25 16:58:59.753883,599620062431616041,-52.00
2025-12-25 16:58:59.753883,599620062431616041,-71.00
2025-12-25 16:58:59.753883,599620062431616041,-75.00
2025-12-25 16:58:59.753883,599620062431616041,-75.00
2025-12-25 16:58:59.753883,599620062431616041,-66.00
2025-12-25 16:58:59.753883,599620062431616041,-52.00
2025-12-25 16:58:59.753883,599620062431616041,-55.00
2025-12-25 16:58:59.753883,599620062431616041,-64.00
2025-12-25 16:58:59.753883,599620062431616041,-62.00
2025-12-25 16:58:59.753883,599620062431616041,-52.00
2025-12-25 16:58:59.753883,599620062431616041,18.00
2025-12-25 16:58:59.753883,599620062431616041,252.00
2025-12-25 16:58:59.753883,599620062431616041,581.00
2025-12-25 16:58:59.753883,599620062431616041,531.00
2025-12-25 16:58:59.753883,599620062431616041,-271.00
2025-12-25 16:58:59.753883,599620062431616041,-1050.00
2025-12-25 16:58:59.753883,599620062431616041,-843.00
2025-12-25 16:58:59.753883,599620062431616041,-262.00
2025-12-25 16:58:59.753883,599620062431616041,-101.00
2025-12-25 16:58:59.753883,599620062431616041,-80.00
2025-12-25 16:58:59.753883,599620062431616041,0.00
2025-12-25 16:58:59.753883,599620062431616041,0.00
2025-12-25 16:58:59.753883,599620062431616041,-16.00
2025-12-25 16:58:59.753883,599620062431616041,11.00
2025-12-25 16:58:59.753883,599620062431616041,20.00
2025-12-25 16:58:59.753883,599620062431616041,11.00
2025-12-25 16:58:59.753883,599620062431616041,13.00
2025-12-25 16:58:59.753883,599620062431616041,25.00
2025-12-25 16:58:59.753883,599620062431616041,27.00
2025-12-25 16:58:59.753883,599620062431616041,27.00
2025-12-25 16:58:59.753883,599620062431616041,29.00
2025-12-25 16:58:59.753883,599620062431616041,32.00
2025-12-25 16:58:59.753883,599620062431616041,34.00
2025-12-25 16:58:59.753883,599620062431616041,41.00
2025-12-25 16:58:59.753883,599620062431616041,48.00
2025-12-25 16:58:59.753883,599620062431616041,59.00
2025-12-25 16:58:59.753883,599620062431616041,68.00
2025-12-25 16:58:59.753883,599620062431616041,71.00
2025-12-25 16:58:59.753883,599620062431616041,75.00
2025-12-25 16:58:59.753883,599620062431616041,87.00
2025-12-25 16:58:59.753883,599620062431616041,98.00
2025-12-25 16:58:59.753883,599620062431616041,103.00
2025-12-25 16:58:59.753883,599620062431616041,108.00
2025-12-25 16:58:59.753883,599620062431616041,110.00
2025-12-25 16:58:59.753883,599620062431616041,101.00
2025-12-25 16:58:59.753883,599620062431616041,94.00
2025-12-25 16:58:59.753883,599620062431616041,80.00
2025-12-25 16:58:59.753883,599620062431616041,55.00
2025-12-25 16:58:59.753883,599620062431616041,22.00
2025-12-25 16:58:59.753883,599620062431616041,-18.00
2025-12-25 16:58:59.753883,599620062431616041,-59.00
2025-12-25 16:58:59.753883,599620062431616041,-94.00
2025-12-25 16:58:59.753883,599620062431616041,-114.00
2025-12-25 16:58:59.753883,599620062431616041,-126.00
2025-12-25 16:59:00.312360,599620062992486016,-135.00
2025-12-25 16:59:00.312360,599620062992486016,-137.00
2025-12-25 16:59:00.312360,599620062992486016,-140.00
2025-12-25 16:59:00.312360,599620062992486016,-137.00
2025-12-25 16:59:00.312360,599620062992486016,-137.00
2025-12-25 16:59:00.312360,599620062992486016,-135.00
2025-12-25 16:59:00.312360,599620062992486016,-131.00
2025-12-25 16:59:00.312360,599620062992486016,-131.00
2025-12-25 16:59:00.312360,599620062992486016,-124.00
2025-12-25 16:59:00.312360,599620062992486016,-108.00
2025-12-25 16:59:00.312360,599620062992486016,-94.00
2025-12-25 16:59:00.312360,599620062992486016,-87.00
2025-12-25 16:59:00.312360,599620062992486016,-80.00
2025-12-25 16:59:00.312360,599620062992486016,-80.00
2025-12-25 16:59:00.312360,599620062992486016,-75.00
2025-12-25 16:59:00.312360,599620062992486016,-66.00
2025-12-25 16:59:00.312360,599620062992486016,-71.00
2025-12-25 16:59:00.312360,599620062992486016,-73.00
2025-12-25 16:59:00.312360,599620062992486016,-68.00
2025-12-25 16:59:00.312360,599620062992486016,-73.00
2025-12-25 16:59:00.312360,599620062992486016,-78.00
2025-12-25 16:59:00.312360,599620062992486016,-75.00
2025-12-25 16:59:00.312360,599620062992486016,-78.00
2025-12-25 16:59:00.312360,599620062992486016,-82.00
2025-12-25 16:59:00.312360,599620062992486016,-82.00
2025-12-25 16:59:00.312360,599620062992486016,-82.00
2025-12-25 16:59:00.312360,599620062992486016,-87.00
2025-12-25 16:59:00.312360,599620062992486016,-87.00
2025-12-25 16:59:00.312360,599620062992486016,-87.00
2025-12-25 16:59:00.312360,599620062992486016,-89.00
2025-12-25 16:59:00.312360,599620062992486016,-89.00
2025-12-25 16:59:00.312360,599620062992486016,-94.00
2025-12-25 16:59:00.312360,599620062992486016,-91.00
2025-12-25 16:59:00.312360,599620062992486016,-87.00
2025-12-25 16:59:00.312360,599620062992486016,-89.00
2025-12-25 16:59:00.312360,599620062992486016,-91.00
2025-12-25 16:59:00.312360,599620062992486016,-89.00
2025-12-25 16:59:00.312360,599620062992486016,-89.00
2025-12-25 16:59:00.312360,599620062992486016,-89.00
2025-12-25 16:59:00.312360,599620062992486016,-89.00
2025-12-25 16:59:00.312360,599620062992486016,-91.00
2025-12-25 16:59:00.312360,599620062992486016,-94.00
2025-12-25 16:59:00.312360,599620062992486016,-91.00
2025-12-25 16:59:00.312360,599620062992486016,-89.00
2025-12-25 16:59:00.312360,599620062992486016,-91.00
2025-12-25 16:59:00.312360,599620062992486016,-91.00
2025-12-25 16:59:00.312360,599620062992486016,-89.00
2025-12-25 16:59:00.312360,599620062992486016,-85.00
2025-12-25 16:59:00.312360,599620062992486016,-85.00
2025-12-25 16:59:00.312360,599620062992486016,-85.00
2025-12-25 16:59:00.312360,599620062992486016,-85.00
2025-12-25 16:59:00.312360,599620062992486016,-87.00
2025-12-25 16:59:00.312360,599620062992486016,-87.00
2025-12-25 16:59:00.312360,599620062992486016,-82.00
2025-12-25 16:59:00.312360,599620062992486016,-68.00
2025-12-25 16:59:00.312360,599620062992486016,-52.00
2025-12-25 16:59:00.312360,599620062992486016,-32.00
2025-12-25 16:59:00.312360,599620062992486016,-32.00
2025-12-25 16:59:00.312360,599620062992486016,-57.00
2025-12-25 16:59:00.312360,599620062992486016,-78.00
2025-12-25 16:59:00.312360,599620062992486016,-78.00
2025-12-25 16:59:00.312360,599620062992486016,-78.00
2025-12-25 16:59:00.312360,599620062992486016,-82.00
2025-12-25 16:59:00.312360,599620062992486016,-82.00
2025-12-25 16:59:00.312360,599620062992486016,-85.00
2025-12-25 16:59:00.312360,599620062992486016,-87.00
2025-12-25 16:59:00.312360,599620062992486016,-87.00
2025-12-25 16:59:00.312360,599620062992486016,-85.00
2025-12-25 16:59:00.312360,599620062992486016,-41.00
2025-12-25 16:59:00.312360,599620062992486016,135.00
2025-12-25 16:59:00.312360,599620062992486016,462.00
2025-12-25 16:59:00.312360,599620062992486016,606.00
2025-12-25 16:59:00.312360,599620062992486016,25.00
2025-12-25 16:59:00.946158,599620063553345821,-908.00
2025-12-25 16:59:00.946158,599620063553345821,-997.00
2025-12-25 16:59:00.946158,599620063553345821,-354.00
2025-12-25 16:59:00.946158,599620063553345821,-48.00
2025-12-25 16:59:00.946158,599620063553345821,-73.00
2025-12-25 16:59:00.946158,599620063553345821,-9.00
2025-12-25 16:59:00.946158,599620063553345821,43.00
2025-12-25 16:59:00.946158,599620063553345821,22.00
2025-12-25 16:59:00.946158,599620063553345821,25.00
2025-12-25 16:59:00.946158,599620063553345821,41.00
2025-12-25 16:59:00.946158,599620063553345821,39.00
2025-12-25 16:59:00.946158,599620063553345821,41.00
2025-12-25 16:59:00.946158,599620063553345821,50.00
2025-12-25 16:59:00.946158,599620063553345821,50.00
2025-12-25 16:59:00.946158,599620063553345821,45.00
2025-12-25 16:59:00.946158,599620063553345821,45.00
2025-12-25 16:59:00.946158,599620063553345821,52.00
2025-12-25 16:59:00.946158,599620063553345821,57.00
2025-12-25 16:59:00.946158,599620063553345821,59.00
2025-12-25 16:59:00.946158,599620063553345821,62.00
2025-12-25 16:59:00.946158,599620063553345821,62.00
2025-12-25 16:59:00.946158,599620063553345821,64.00
2025-12-25 16:59:00.946158,599620063553345821,73.00
2025-12-25 16:59:00.946158,599620063553345821,82.00
2025-12-25 16:59:00.946158,599620063553345821,89.00
2025-12-25 16:59:00.946158,599620063553345821,96.00
2025-12-25 16:59:00.946158,599620063553345821,101.00
2025-12-25 16:59:00.946158,599620063553345821,103.00
2025-12-25 16:59:00.946158,599620063553345821,108.00
2025-12-25 16:59:00.946158,599620063553345821,110.00
2025-12-25 16:59:00.946158,599620063553345821,103.00
2025-12-25 16:59:00.946158,599620063553345821,85.00
2025-12-25 16:59:00.946158,599620063553345821,62.00
2025-12-25 16:59:00.946158,599620063553345821,29.00
2025-12-25 16:59:00.946158,599620063553345821,-11.00
2025-12-25 16:59:00.946158,599620063553345821,-48.00
2025-12-25 16:59:00.946158,599620063553345821,-73.00
2025-12-25 16:59:00.946158,599620063553345821,-96.00
2025-12-25 16:59:00.946158,599620063553345821,-112.00
2025-12-25 16:59:00.946158,599620063553345821,-121.00
2025-12-25 16:59:00.946158,599620063553345821,-128.00
2025-12-25 16:59:00.946158,599620063553345821,-126.00
2025-12-25 16:59:00.946158,599620063553345821,-124.00
2025-12-25 16:59:00.946158,599620063553345821,-124.00
2025-12-25 16:59:00.946158,599620063553345821,-124.00
2025-12-25 16:59:00.946158,599620063553345821,-124.00
2025-12-25 16:59:00.946158,599620063553345821,-121.00
2025-12-25 16:59:00.946158,599620063553345821,-114.00
2025-12-25 16:59:00.946158,599620063553345821,-110.00
2025-12-25 16:59:00.946158,599620063553345821,-112.00
2025-12-25 16:59:00.946158,599620063553345821,-110.00
2025-12-25 16:59:00.946158,599620063553345821,-108.00
2025-12-25 16:59:00.946158,599620063553345821,-103.00
2025-12-25 16:59:00.946158,599620063553345821,-98.00
2025-12-25 16:59:00.946158,599620063553345821,-94.00
2025-12-25 16:59:00.946158,599620063553345821,-96.00
2025-12-25 16:59:00.946158,599620063553345821,-96.00
2025-12-25 16:59:00.946158,599620063553345821,-96.00
2025-12-25 16:59:00.946158,599620063553345821,-94.00
2025-12-25 16:59:00.946158,599620063553345821,-91.00
2025-12-25 16:59:00.946158,599620063553345821,-91.00
2025-12-25 16:59:00.946158,599620063553345821,-96.00
2025-12-25 16:59:00.946158,599620063553345821,-101.00
2025-12-25 16:59:00.946158,599620063553345821,-101.00
2025-12-25 16:59:00.946158,599620063553345821,-98.00
2025-12-25 16:59:00.946158,599620063553345821,-96.00
2025-12-25 16:59:00.946158,599620063553345821,-96.00
2025-12-25 16:59:00.946158,599620063553345821,-101.00
2025-12-25 16:59:00.946158,599620063553345821,-101.00
2025-12-25 16:59:00.946158,599620063553345821,-91.00
2025-12-25 16:59:00.946158,599620063553345821,-85.00
2025-12-25 16:59:00.946158,599620063553345821,-85.00
2025-12-25 16:59:00.946158,599620063553345821,-89.00
2025-12-25 16:59:01.502541,599620064114225968,-89.00
2025-12-25 16:59:01.502541,599620064114225968,-89.00
2025-12-25 16:59:01.502541,599620064114225968,-91.00
2025-12-25 16:59:01.502541,599620064114225968,-89.00
2025-12-25 16:59:01.502541,599620064114225968,-87.00
2025-12-25 16:59:01.502541,599620064114225968,-87.00
2025-12-25 16:59:01.502541,599620064114225968,-91.00
2025-12-25 16:59:01.502541,599620064114225968,-91.00
2025-12-25 16:59:01.502541,599620064114225968,-89.00
2025-12-25 16:59:01.502541,599620064114225968,-80.00
2025-12-25 16:59:01.502541,599620064114225968,-71.00
2025-12-25 16:59:01.502541,599620064114225968,-73.00
2025-12-25 16:59:01.502541,599620064114225968,-78.00
2025-12-25 16:59:01.502541,599620064114225968,-78.00
2025-12-25 16:59:01.502541,599620064114225968,-78.00
2025-12-25 16:59:01.502541,599620064114225968,-73.00
2025-12-25 16:59:01.502541,599620064114225968,-62.00
2025-12-25 16:59:01.502541,599620064114225968,-55.00
2025-12-25 16:59:01.502541,599620064114225968,-50.00
2025-12-25 16:59:01.502541,599620064114225968,-34.00
2025-12-25 16:59:01.502541,599620064114225968,-16.00
2025-12-25 16:59:01.502541,599620064114225968,-20.00
2025-12-25 16:59:01.502541,599620064114225968,-48.00
2025-12-25 16:59:01.502541,599620064114225968,-62.00
2025-12-25 16:59:01.502541,599620064114225968,-62.00
2025-12-25 16:59:01.502541,599620064114225968,-71.00
2025-12-25 16:59:01.502541,599620064114225968,-75.00
2025-12-25 16:59:01.502541,599620064114225968,-71.00
2025-12-25 16:59:01.502541,599620064114225968,-68.00
2025-12-25 16:59:01.502541,599620064114225968,-71.00
2025-12-25 16:59:01.502541,599620064114225968,-73.00
2025-12-25 16:59:01.502541,599620064114225968,-71.00
2025-12-25 16:59:01.502541,599620064114225968,-4.00
2025-12-25 16:59:01.502541,599620064114225968,223.00
2025-12-25 16:59:01.502541,599620064114225968,551.00
2025-12-25 16:59:01.502541,599620064114225968,542.00
2025-12-25 16:59:01.502541,599620064114225968,-236.00
2025-12-25 16:59:01.502541,599620064114225968,-1064.00
2025-12-25 16:59:01.502541,599620064114225968,-852.00
2025-12-25 16:59:01.502541,599620064114225968,-195.00
2025-12-25 16:59:01.502541,599620064114225968,-43.00
2025-12-25 16:59:01.502541,599620064114225968,-87.00
2025-12-25 16:59:01.502541,599620064114225968,-13.00
2025-12-25 16:59:01.502541,599620064114225968,4.00
2025-12-25 16:59:01.502541,599620064114225968,-18.00
2025-12-25 16:59:01.502541,599620064114225968,2.00
2025-12-25 16:59:01.502541,599620064114225968,13.00
2025-12-25 16:59:01.502541,599620064114225968,4.00
2025-12-25 16:59:01.502541,599620064114225968,6.00
2025-12-25 16:59:01.502541,599620064114225968,16.00
2025-12-25 16:59:01.502541,599620064114225968,18.00
2025-12-25 16:59:01.502541,599620064114225968,22.00
2025-12-25 16:59:01.502541,599620064114225968,27.00
2025-12-25 16:59:01.502541,599620064114225968,25.00
2025-12-25 16:59:01.502541,599620064114225968,27.00
2025-12-25 16:59:01.502541,599620064114225968,36.00
2025-12-25 16:59:01.502541,599620064114225968,43.00
2025-12-25 16:59:01.502541,599620064114225968,45.00
2025-12-25 16:59:01.502541,599620064114225968,50.00
2025-12-25 16:59:01.502541,599620064114225968,59.00
2025-12-25 16:59:01.502541,599620064114225968,71.00
2025-12-25 16:59:01.502541,599620064114225968,87.00
2025-12-25 16:59:01.502541,599620064114225968,101.00
2025-12-25 16:59:01.502541,599620064114225968,110.00
2025-12-25 16:59:01.502541,599620064114225968,114.00
2025-12-25 16:59:01.502541,599620064114225968,117.00
2025-12-25 16:59:01.502541,599620064114225968,110.00
2025-12-25 16:59:01.502541,599620064114225968,101.00
2025-12-25 16:59:01.502541,599620064114225968,87.00
2025-12-25 16:59:01.502541,599620064114225968,62.00
2025-12-25 16:59:01.502541,599620064114225968,20.00
2025-12-25 16:59:01.502541,599620064114225968,-18.00
2025-12-25 16:59:01.502541,599620064114225968,-55.00
2025-12-25 16:59:02.135172,599620064675106121,-87.00
2025-12-25 16:59:02.135172,599620064675106121,-108.00
2025-12-25 16:59:02.135172,599620064675106121,-121.00
2025-12-25 16:59:02.135172,599620064675106121,-131.00
2025-12-25 16:59:02.135172,599620064675106121,-137.00
2025-12-25 16:59:02.135172,599620064675106121,-137.00
2025-12-25 16:59:02.135172,599620064675106121,-126.00
2025-12-25 16:59:02.135172,599620064675106121,-110.00
2025-12-25 16:59:02.135172,599620064675106121,-105.00
2025-12-25 16:59:02.135172,599620064675106121,-108.00
2025-12-25 16:59:02.135172,599620064675106121,-108.00
2025-12-25 16:59:02.135172,599620064675106121,-105.00
2025-12-25 16:59:02.135172,599620064675106121,-98.00
2025-12-25 16:59:02.135172,599620064675106121,-82.00
2025-12-25 16:59:02.135172,599620064675106121,-78.00
2025-12-25 16:59:02.135172,599620064675106121,-80.00
2025-12-25 16:59:02.135172,599620064675106121,-80.00
2025-12-25 16:59:02.135172,599620064675106121,-80.00
2025-12-25 16:59:02.135172,599620064675106121,-78.00
2025-12-25 16:59:02.135172,599620064675106121,-75.00
2025-12-25 16:59:02.135172,599620064675106121,-73.00
2025-12-25 16:59:02.135172,599620064675106121,-73.00
2025-12-25 16:59:02.135172,599620064675106121,-73.00
2025-12-25 16:59:02.135172,599620064675106121,-75.00
2025-12-25 16:59:02.135172,599620064675106121,-78.00
2025-12-25 16:59:02.135172,599620064675106121,-78.00
2025-12-25 16:59:02.135172,599620064675106121,-82.00
2025-12-25 16:59:02.135172,599620064675106121,-85.00
2025-12-25 16:59:02.135172,599620064675106121,-87.00
2025-12-25 16:59:02.135172,599620064675106121,-89.00
2025-12-25 16:59:02.135172,599620064675106121,-91.00
2025-12-25 16:59:02.135172,599620064675106121,-91.00
2025-12-25 16:59:02.135172,599620064675106121,-91.00
2025-12-25 16:59:02.135172,599620064675106121,-91.00
2025-12-25 16:59:02.135172,599620064675106121,-94.00
2025-12-25 16:59:02.135172,599620064675106121,-98.00
2025-12-25 16:59:02.135172,599620064675106121,-96.00
2025-12-25 16:59:02.135172,599620064675106121,-96.00
2025-12-25 16:59:02.135172,599620064675106121,-98.00
2025-12-25 16:59:02.135172,599620064675106121,-101.00
2025-12-25 16:59:02.135172,599620064675106121,-101.00
2025-12-25 16:59:02.135172,599620064675106121,-103.00
2025-12-25 16:59:02.135172,599620064675106121,-103.00
2025-12-25 16:59:02.135172,599620064675106121,-101.00
2025-12-25 16:59:02.135172,599620064675106121,-103.00
2025-12-25 16:59:02.135172,599620064675106121,-103.00
2025-12-25 16:59:02.135172,599620064675106121,-105.00
2025-12-25 16:59:02.135172,599620064675106121,-105.00
2025-12-25 16:59:02.135172,599620064675106121,-105.00
2025-12-25 16:59:02.135172,599620064675106121,-105.00
2025-12-25 16:59:02.135172,599620064675106121,-103.00
2025-12-25 16:59:02.135172,599620064675106121,-101.00
2025-12-25 16:59:02.135172,599620064675106121,-98.00
2025-12-25 16:59:02.135172,599620064675106121,-98.00
2025-12-25 16:59:02.135172,599620064675106121,-98.00
2025-12-25 16:59:02.135172,599620064675106121,-89.00
2025-12-25 16:59:02.135172,599620064675106121,-78.00
2025-12-25 16:59:02.135172,599620064675106121,-66.00
2025-12-25 16:59:02.135172,599620064675106121,-50.00
2025-12-25 16:59:02.135172,599620064675106121,-45.00
2025-12-25 16:59:02.135172,599620064675106121,-66.00
2025-12-25 16:59:02.135172,599620064675106121,-94.00
2025-12-25 16:59:02.135172,599620064675106121,-94.00
2025-12-25 16:59:02.135172,599620064675106121,-85.00
2025-12-25 16:59:02.135172,599620064675106121,-89.00
2025-12-25 16:59:02.135172,599620064675106121,-91.00
2025-12-25 16:59:02.135172,599620064675106121,-89.00
2025-12-25 16:59:02.135172,599620064675106121,-96.00
2025-12-25 16:59:02.135172,599620064675106121,-98.00
2025-12-25 16:59:02.135172,599620064675106121,-96.00
2025-12-25 16:59:02.135172,599620064675106121,-71.00
2025-12-25 16:59:02.135172,599620064675106121,64.00
2025-12-25 16:59:02.135172,599620064675106121,365.00
2025-12-25 16:59:02.563482,599620065235986270,595.00
2025-12-25 16:59:02.563482,599620065235986270,200.00
2025-12-25 16:59:02.563482,599620065235986270,-756.00
2025-12-25 16:59:02.563482,599620065235986270,-1112.00
2025-12-25 16:59:02.563482,599620065235986270,-537.00
2025-12-25 16:59:02.563482,599620065235986270,-96.00
2025-12-25 16:59:02.563482,599620065235986270,-103.00
2025-12-25 16:59:02.563482,599620065235986270,-73.00
2025-12-25 16:59:02.563482,599620065235986270,-11.00
2025-12-25 16:59:02.563482,599620065235986270,-29.00
2025-12-25 16:59:02.563482,599620065235986270,-29.00
2025-12-25 16:59:02.563482,599620065235986270,0.00
2025-12-25 16:59:02.563482,599620065235986270,0.00
2025-12-25 16:59:02.563482,599620065235986270,-4.00
2025-12-25 16:59:02.563482,599620065235986270,9.00
2025-12-25 16:59:02.563482,599620065235986270,22.00
2025-12-25 16:59:02.563482,599620065235986270,32.00
2025-12-25 16:59:02.563482,599620065235986270,36.00
2025-12-25 16:59:02.563482,599620065235986270,39.00
2025-12-25 16:59:02.563482,599620065235986270,43.00
2025-12-25 16:59:02.563482,599620065235986270,48.00
2025-12-25 16:59:02.563482,599620065235986270,59.00
2025-12-25 16:59:02.563482,599620065235986270,75.00
2025-12-25 16:59:02.563482,599620065235986270,78.00
2025-12-25 16:59:02.563482,599620065235986270,78.00
2025-12-25 16:59:02.563482,599620065235986270,82.00
2025-12-25 16:59:02.563482,599620065235986270,91.00
2025-12-25 16:59:02.563482,599620065235986270,105.00
2025-12-25 16:59:02.563482,599620065235986270,112.00
2025-12-25 16:59:02.563482,599620065235986270,117.00
2025-12-25 16:59:02.563482,599620065235986270,119.00
2025-12-25 16:59:02.563482,599620065235986270,117.00
2025-12-25 16:59:02.563482,599620065235986270,112.00
2025-12-25 16:59:02.563482,599620065235986270,105.00
2025-12-25 16:59:02.563482,599620065235986270,85.00
2025-12-25 16:59:02.563482,599620065235986270,50.00
2025-12-25 16:59:02.563482,599620065235986270,9.00
2025-12-25 16:59:02.563482,599620065235986270,-27.00
2025-12-25 16:59:02.563482,599620065235986270,-64.00
2025-12-25 16:59:02.563482,599620065235986270,-91.00
2025-12-25 16:59:02.563482,599620065235986270,-108.00
2025-12-25 16:59:02.563482,599620065235986270,-119.00
2025-12-25 16:59:02.563482,599620065235986270,-126.00
2025-12-25 16:59:02.563482,599620065235986270,-124.00
2025-12-25 16:59:02.563482,599620065235986270,-121.00
2025-12-25 16:59:02.563482,599620065235986270,-121.00
2025-12-25 16:59:02.563482,599620065235986270,-112.00
2025-12-25 16:59:02.563482,599620065235986270,-103.00
2025-12-25 16:59:02.563482,599620065235986270,-103.00
2025-12-25 16:59:02.563482,599620065235986270,-103.00
2025-12-25 16:59:02.563482,599620065235986270,-96.00
2025-12-25 16:59:02.563482,599620065235986270,-91.00
2025-12-25 16:59:02.563482,599620065235986270,-96.00
2025-12-25 16:59:02.563482,599620065235986270,-96.00
2025-12-25 16:59:02.563482,599620065235986270,-94.00
2025-12-25 16:59:02.563482,599620065235986270,-94.00
2025-12-25 16:59:02.563482,599620065235986270,-89.00
2025-12-25 16:59:02.563482,599620065235986270,-82.00
2025-12-25 16:59:02.563482,599620065235986270,-85.00
2025-12-25 16:59:02.563482,599620065235986270,-89.00
2025-12-25 16:59:02.563482,599620065235986270,-89.00
2025-12-25 16:59:02.563482,599620065235986270,-89.00
2025-12-25 16:59:02.563482,599620065235986270,-89.00
2025-12-25 16:59:02.563482,599620065235986270,-91.00
2025-12-25 16:59:02.563482,599620065235986270,-94.00
2025-12-25 16:59:02.563482,599620065235986270,-96.00
2025-12-25 16:59:02.563482,599620065235986270,-101.00
2025-12-25 16:59:02.563482,599620065235986270,-103.00
2025-12-25 16:59:02.563482,599620065235986270,-98.00
2025-12-25 16:59:02.563482,599620065235986270,-98.00
2025-12-25 16:59:02.563482,599620065235986270,-105.00
2025-12-25 16:59:02.563482,599620065235986270,-103.00
2025-12-25 16:59:02.563482,599620065235986270,-98.00
2025-12-25 16:59:03.194943,599620065796866419,-105.00
2025-12-25 16:59:03.194943,599620065796866419,-105.00
2025-12-25 16:59:03.194943,599620065796866419,-96.00
2025-12-25 16:59:03.194943,599620065796866419,-98.00
2025-12-25 16:59:03.194943,599620065796866419,-105.00
2025-12-25 16:59:03.194943,599620065796866419,-105.00
2025-12-25 16:59:03.194943,599620065796866419,-96.00
2025-12-25 16:59:03.194943,599620065796866419,-85.00
2025-12-25 16:59:03.194943,599620065796866419,-82.00
2025-12-25 16:59:03.194943,599620065796866419,-87.00
2025-12-25 16:59:03.194943,599620065796866419,-87.00
2025-12-25 16:59:03.194943,599620065796866419,-89.00
2025-12-25 16:59:03.194943,599620065796866419,-89.00
2025-12-25 16:59:03.194943,599620065796866419,-82.00
2025-12-25 16:59:03.194943,599620065796866419,-85.00
2025-12-25 16:59:03.194943,599620065796866419,-94.00
2025-12-25 16:59:03.194943,599620065796866419,-98.00
2025-12-25 16:59:03.194943,599620065796866419,-96.00
2025-12-25 16:59:03.194943,599620065796866419,-94.00
2025-12-25 16:59:03.194943,599620065796866419,-87.00
2025-12-25 16:59:03.194943,599620065796866419,-73.00
2025-12-25 16:59:03.194943,599620065796866419,-57.00
2025-12-25 16:59:03.194943,599620065796866419,-50.00
2025-12-25 16:59:03.194943,599620065796866419,-73.00
2025-12-25 16:59:03.194943,599620065796866419,-96.00
2025-12-25 16:59:03.194943,599620065796866419,-89.00
2025-12-25 16:59:03.194943,599620065796866419,-85.00
2025-12-25 16:59:03.194943,599620065796866419,-98.00
2025-12-25 16:59:03.194943,599620065796866419,-96.00
2025-12-25 16:59:03.194943,599620065796866419,-89.00
2025-12-25 16:59:03.194943,599620065796866419,-94.00
2025-12-25 16:59:03.194943,599620065796866419,-96.00
2025-12-25 16:59:03.194943,599620065796866419,-89.00
2025-12-25 16:59:03.194943,599620065796866419,-52.00
2025-12-25 16:59:03.194943,599620065796866419,114.00
2025-12-25 16:59:03.194943,599620065796866419,443.00
2025-12-25 16:59:03.194943,599620065796866419,627.00
2025-12-25 16:59:03.194943,599620065796866419,110.00
2025-12-25 16:59:03.194943,599620065796866419,-836.00
2025-12-25 16:59:03.194943,599620065796866419,-1043.00
2025-12-25 16:59:03.194943,599620065796866419,-471.00
2025-12-25 16:59:03.194943,599620065796866419,-128.00
2025-12-25 16:59:03.194943,599620065796866419,-110.00
2025-12-25 16:59:03.194943,599620065796866419,-36.00
2025-12-25 16:59:03.194943,599620065796866419,4.00
2025-12-25 16:59:03.194943,599620065796866419,-20.00
2025-12-25 16:59:03.194943,599620065796866419,-6.00
2025-12-25 16:59:03.194943,599620065796866419,18.00
2025-12-25 16:59:03.194943,599620065796866419,11.00
2025-12-25 16:59:03.194943,599620065796866419,11.00
2025-12-25 16:59:03.194943,599620065796866419,22.00
2025-12-25 16:59:03.194943,599620065796866419,20.00
2025-12-25 16:59:03.194943,599620065796866419,20.00
2025-12-25 16:59:03.194943,599620065796866419,27.00
2025-12-25 16:59:03.194943,599620065796866419,32.00
2025-12-25 16:59:03.194943,599620065796866419,32.00
2025-12-25 16:59:03.194943,599620065796866419,36.00
2025-12-25 16:59:03.194943,599620065796866419,41.00
2025-12-25 16:59:03.194943,599620065796866419,43.00
2025-12-25 16:59:03.194943,599620065796866419,50.00
2025-12-25 16:59:03.194943,599620065796866419,62.00
2025-12-25 16:59:03.194943,599620065796866419,71.00
2025-12-25 16:59:03.194943,599620065796866419,75.00
2025-12-25 16:59:03.194943,599620065796866419,82.00
2025-12-25 16:59:03.194943,599620065796866419,89.00
2025-12-25 16:59:03.194943,599620065796866419,98.00
2025-12-25 16:59:03.194943,599620065796866419,103.00
2025-12-25 16:59:03.194943,599620065796866419,108.00
2025-12-25 16:59:03.194943,599620065796866419,105.00
2025-12-25 16:59:03.194943,599620065796866419,91.00
2025-12-25 16:59:03.194943,599620065796866419,66.00
2025-12-25 16:59:03.194943,599620065796866419,32.00
2025-12-25 16:59:03.194943,599620065796866419,-4.00
2025-12-25 16:59:03.754031,599620066357736394,-45.00
2025-12-25 16:59:03.754031,599620066357736394,-85.00
2025-12-25 16:59:03.754031,599620066357736394,-112.00
2025-12-25 16:59:03.754031,599620066357736394,-128.00
2025-12-25 16:59:03.754031,599620066357736394,-140.00
2025-12-25 16:59:03.754031,599620066357736394,-144.00
2025-12-25 16:59:03.754031,599620066357736394,-144.00
2025-12-25 16:59:03.754031,599620066357736394,-149.00
2025-12-25 16:59:03.754031,599620066357736394,-147.00
2025-12-25 16:59:03.754031,599620066357736394,-140.00
2025-12-25 16:59:03.754031,599620066357736394,-128.00
2025-12-25 16:59:03.754031,599620066357736394,-117.00
2025-12-25 16:59:03.754031,599620066357736394,-114.00
2025-12-25 16:59:03.754031,599620066357736394,-117.00
2025-12-25 16:59:03.754031,599620066357736394,-112.00
2025-12-25 16:59:03.754031,599620066357736394,-105.00
2025-12-25 16:59:03.754031,599620066357736394,-91.00
2025-12-25 16:59:03.754031,599620066357736394,-78.00
2025-12-25 16:59:03.754031,599620066357736394,-80.00
2025-12-25 16:59:03.754031,599620066357736394,-82.00
2025-12-25 16:59:03.754031,599620066357736394,-82.00
2025-12-25 16:59:03.754031,599620066357736394,-80.00
2025-12-25 16:59:03.754031,599620066357736394,-78.00
2025-12-25 16:59:03.754031,599620066357736394,-78.00
2025-12-25 16:59:03.754031,599620066357736394,-80.00
2025-12-25 16:59:03.754031,599620066357736394,-75.00
2025-12-25 16:59:03.754031,599620066357736394,-73.00
2025-12-25 16:59:03.754031,599620066357736394,-78.00
2025-12-25 16:59:03.754031,599620066357736394,-80.00
2025-12-25 16:59:03.754031,599620066357736394,-78.00
2025-12-25 16:59:03.754031,599620066357736394,-75.00
2025-12-25 16:59:03.754031,599620066357736394,-71.00
2025-12-25 16:59:03.754031,599620066357736394,-71.00
2025-12-25 16:59:03.754031,599620066357736394,-75.00
2025-12-25 16:59:03.754031,599620066357736394,-75.00
2025-12-25 16:59:03.754031,599620066357736394,-73.00
2025-12-25 16:59:03.754031,599620066357736394,-73.00
2025-12-25 16:59:03.754031,599620066357736394,-75.00
2025-12-25 16:59:03.754031,599620066357736394,-78.00
2025-12-25 16:59:03.754031,599620066357736394,-78.00
2025-12-25 16:59:03.754031,599620066357736394,-78.00
2025-12-25 16:59:03.754031,599620066357736394,-78.00
2025-12-25 16:59:03.754031,599620066357736394,-78.00
2025-12-25 16:59:03.754031,599620066357736394,-78.00
2025-12-25 16:59:03.754031,599620066357736394,-80.00
2025-12-25 16:59:03.754031,599620066357736394,-80.00
2025-12-25 16:59:03.754031,599620066357736394,-80.00
2025-12-25 16:59:03.754031,599620066357736394,-80.00
2025-12-25 16:59:03.754031,599620066357736394,-82.00
2025-12-25 16:59:03.754031,599620066357736394,-87.00
2025-12-25 16:59:03.754031,599620066357736394,-91.00
2025-12-25 16:59:03.754031,599620066357736394,-82.00
2025-12-25 16:59:03.754031,599620066357736394,-64.00
2025-12-25 16:59:03.754031,599620066357736394,-48.00
2025-12-25 16:59:03.754031,599620066357736394,-39.00
2025-12-25 16:59:03.754031,599620066357736394,-50.00
2025-12-25 16:59:03.754031,599620066357736394,-78.00
2025-12-25 16:59:03.754031,599620066357736394,-82.00
2025-12-25 16:59:03.754031,599620066357736394,-78.00
2025-12-25 16:59:03.754031,599620066357736394,-85.00
2025-12-25 16:59:03.754031,599620066357736394,-89.00
2025-12-25 16:59:03.754031,599620066357736394,-87.00
2025-12-25 16:59:03.754031,599620066357736394,-89.00
2025-12-25 16:59:03.754031,599620066357736394,-89.00
2025-12-25 16:59:03.754031,599620066357736394,-87.00
2025-12-25 16:59:03.754031,599620066357736394,-75.00
2025-12-25 16:59:03.754031,599620066357736394,11.00
2025-12-25 16:59:03.754031,599620066357736394,273.00
2025-12-25 16:59:03.754031,599620066357736394,595.00
2025-12-25 16:59:03.754031,599620066357736394,466.00
2025-12-25 16:59:03.754031,599620066357736394,-418.00
2025-12-25 16:59:03.754031,599620066357736394,-1124.00
2025-12-25 16:59:03.754031,599620066357736394,-751.00
2025-12-25 16:59:04.313080,599620066918621629,-156.00
2025-12-25 16:59:04.313080,599620066918621629,-85.00
2025-12-25 16:59:04.313080,599620066918621629,-94.00
2025-12-25 16:59:04.313080,599620066918621629,-13.00
2025-12-25 16:59:04.313080,599620066918621629,-18.00
2025-12-25 16:59:04.313080,599620066918621629,-36.00
2025-12-25 16:59:04.313080,599620066918621629,-4.00
2025-12-25 16:59:04.313080,599620066918621629,9.00
2025-12-25 16:59:04.313080,599620066918621629,16.00
2025-12-25 16:59:04.313080,599620066918621629,27.00
2025-12-25 16:59:04.313080,599620066918621629,27.00
2025-12-25 16:59:04.313080,599620066918621629,32.00
2025-12-25 16:59:04.313080,599620066918621629,45.00
2025-12-25 16:59:04.313080,599620066918621629,57.00
2025-12-25 16:59:04.313080,599620066918621629,68.00
2025-12-25 16:59:04.313080,599620066918621629,75.00
2025-12-25 16:59:04.313080,599620066918621629,80.00
2025-12-25 16:59:04.313080,599620066918621629,89.00
2025-12-25 16:59:04.313080,599620066918621629,96.00
2025-12-25 16:59:04.313080,599620066918621629,101.00
2025-12-25 16:59:04.313080,599620066918621629,110.00
2025-12-25 16:59:04.313080,599620066918621629,117.00
2025-12-25 16:59:04.313080,599620066918621629,128.00
2025-12-25 16:59:04.313080,599620066918621629,144.00
2025-12-25 16:59:04.313080,599620066918621629,156.00
2025-12-25 16:59:04.313080,599620066918621629,158.00
2025-12-25 16:59:04.313080,599620066918621629,158.00
2025-12-25 16:59:04.313080,599620066918621629,151.00
2025-12-25 16:59:04.313080,599620066918621629,140.00
2025-12-25 16:59:04.313080,599620066918621629,117.00
2025-12-25 16:59:04.313080,599620066918621629,89.00
2025-12-25 16:59:04.313080,599620066918621629,48.00
2025-12-25 16:59:04.313080,599620066918621629,2.00
2025-12-25 16:59:04.313080,599620066918621629,-41.00
2025-12-25 16:59:04.313080,599620066918621629,-71.00
2025-12-25 16:59:04.313080,599620066918621629,-89.00
2025-12-25 16:59:04.313080,599620066918621629,-105.00
2025-12-25 16:59:04.313080,599620066918621629,-110.00
2025-12-25 16:59:04.313080,599620066918621629,-114.00
2025-12-25 16:59:04.313080,599620066918621629,-117.00
2025-12-25 16:59:04.313080,599620066918621629,-117.00
2025-12-25 16:59:04.313080,599620066918621629,-112.00
2025-12-25 16:59:04.313080,599620066918621629,-112.00
2025-12-25 16:59:04.313080,599620066918621629,-110.00
2025-12-25 16:59:04.313080,599620066918621629,-110.00
2025-12-25 16:59:04.313080,599620066918621629,-110.00
2025-12-25 16:59:04.313080,599620066918621629,-105.00
2025-12-25 16:59:04.313080,599620066918621629,-101.00
2025-12-25 16:59:04.313080,599620066918621629,-91.00
2025-12-25 16:59:04.313080,599620066918621629,-85.00
2025-12-25 16:59:04.313080,599620066918621629,-87.00
2025-12-25 16:59:04.313080,599620066918621629,-89.00
2025-12-25 16:59:04.313080,599620066918621629,-87.00
2025-12-25 16:59:04.313080,599620066918621629,-85.00
2025-12-25 16:59:04.313080,599620066918621629,-82.00
2025-12-25 16:59:04.313080,599620066918621629,-82.00
2025-12-25 16:59:04.313080,599620066918621629,-87.00
2025-12-25 16:59:04.313080,599620066918621629,-91.00
2025-12-25 16:59:04.313080,599620066918621629,-89.00
2025-12-25 16:59:04.313080,599620066918621629,-87.00
2025-12-25 16:59:04.313080,599620066918621629,-89.00
2025-12-25 16:59:04.313080,599620066918621629,-91.00
2025-12-25 16:59:04.313080,599620066918621629,-91.00
2025-12-25 16:59:04.313080,599620066918621629,-94.00
2025-12-25 16:59:04.313080,599620066918621629,-94.00
2025-12-25 16:59:04.313080,599620066918621629,-96.00
2025-12-25 16:59:04.313080,599620066918621629,-94.00
2025-12-25 16:59:04.313080,599620066918621629,-91.00
2025-12-25 16:59:04.313080,599620066918621629,-94.00
2025-12-25 16:59:04.313080,599620066918621629,-96.00
2025-12-25 16:59:04.313080,599620066918621629,-96.00
2025-12-25 16:59:04.313080,599620066918621629,-94.00
2025-12-25 16:59:04.313080,599620066918621629,-94.00
2025-12-25 16:59:04.800178,599620067479506864,-96.00
2025-12-25 16:59:04.800178,599620067479506864,-96.00
2025-12-25 16:59:04.800178,599620067479506864,-96.00
2025-12-25 16:59:04.800178,599620067479506864,-98.00
2025-12-25 16:59:04.800178,599620067479506864,-91.00
2025-12-25 16:59:04.800178,599620067479506864,-75.00
2025-12-25 16:59:04.800178,599620067479506864,-71.00
2025-12-25 16:59:04.800178,599620067479506864,-73.00
2025-12-25 16:59:04.800178,599620067479506864,-73.00
2025-12-25 16:59:04.800178,599620067479506864,-71.00
2025-12-25 16:59:04.800178,599620067479506864,-66.00
2025-12-25 16:59:04.800178,599620067479506864,-57.00
2025-12-25 16:59:04.800178,599620067479506864,-55.00
2025-12-25 16:59:04.800178,599620067479506864,-62.00
2025-12-25 16:59:04.800178,599620067479506864,-64.00
2025-12-25 16:59:04.800178,599620067479506864,-64.00
2025-12-25 16:59:04.800178,599620067479506864,-62.00
2025-12-25 16:59:04.800178,599620067479506864,-57.00
2025-12-25 16:59:04.800178,599620067479506864,-55.00
2025-12-25 16:59:04.800178,599620067479506864,-50.00
2025-12-25 16:59:04.800178,599620067479506864,-36.00
2025-12-25 16:59:04.800178,599620067479506864,-22.00
2025-12-25 16:59:04.800178,599620067479506864,-20.00
2025-12-25 16:59:04.800178,599620067479506864,-45.00
2025-12-25 16:59:04.800178,599620067479506864,-68.00
2025-12-25 16:59:04.800178,599620067479506864,-71.00
2025-12-25 16:59:04.800178,599620067479506864,-73.00
2025-12-25 16:59:04.800178,599620067479506864,-82.00
2025-12-25 16:59:04.800178,599620067479506864,-75.00
2025-12-25 16:59:04.800178,599620067479506864,-68.00
2025-12-25 16:59:04.800178,599620067479506864,-75.00
2025-12-25 16:59:04.800178,599620067479506864,-78.00
2025-12-25 16:59:04.800178,599620067479506864,-78.00
2025-12-25 16:59:04.800178,599620067479506864,-39.00
2025-12-25 16:59:04.800178,599620067479506864,131.00
2025-12-25 16:59:04.800178,599620067479506864,452.00
2025-12-25 16:59:04.800178,599620067479506864,600.00
2025-12-25 16:59:04.800178,599620067479506864,39.00
2025-12-25 16:59:04.800178,599620067479506864,-896.00
2025-12-25 16:59:04.800178,599620067479506864,-1006.00
2025-12-25 16:59:04.800178,599620067479506864,-356.00
2025-12-25 16:59:04.800178,599620067479506864,-43.00
2025-12-25 16:59:04.800178,599620067479506864,-96.00
2025-12-25 16:59:04.800178,599620067479506864,-52.00
2025-12-25 16:59:04.800178,599620067479506864,-6.00
2025-12-25 16:59:04.800178,599620067479506864,-27.00
2025-12-25 16:59:04.800178,599620067479506864,-16.00
2025-12-25 16:59:04.800178,599620067479506864,9.00
2025-12-25 16:59:04.800178,599620067479506864,4.00
2025-12-25 16:59:04.800178,599620067479506864,9.00
2025-12-25 16:59:04.800178,599620067479506864,18.00
2025-12-25 16:59:04.800178,599620067479506864,20.00
2025-12-25 16:59:04.800178,599620067479506864,25.00
2025-12-25 16:59:04.800178,599620067479506864,32.00
2025-12-25 16:59:04.800178,599620067479506864,32.00
2025-12-25 16:59:04.800178,599620067479506864,34.00
2025-12-25 16:59:04.800178,599620067479506864,36.00
2025-12-25 16:59:04.800178,599620067479506864,43.00
2025-12-25 16:59:04.800178,599620067479506864,52.00
2025-12-25 16:59:04.800178,599620067479506864,57.00
2025-12-25 16:59:04.800178,599620067479506864,62.00
2025-12-25 16:59:04.800178,599620067479506864,68.00
2025-12-25 16:59:04.800178,599620067479506864,78.00
2025-12-25 16:59:04.800178,599620067479506864,87.00
2025-12-25 16:59:04.800178,599620067479506864,98.00
2025-12-25 16:59:04.800178,599620067479506864,103.00
2025-12-25 16:59:04.800178,599620067479506864,105.00
2025-12-25 16:59:04.800178,599620067479506864,103.00
2025-12-25 16:59:04.800178,599620067479506864,98.00
2025-12-25 16:59:04.800178,599620067479506864,91.00
2025-12-25 16:59:04.800178,599620067479506864,75.00
2025-12-25 16:59:04.800178,599620067479506864,45.00
2025-12-25 16:59:04.800178,599620067479506864,4.00
2025-12-25 16:59:05.489163,599620068040361585,-39.00
2025-12-25 16:59:05.489163,599620068040361585,-73.00
2025-12-25 16:59:05.489163,599620068040361585,-94.00
2025-12-25 16:59:05.489163,599620068040361585,-108.00
2025-12-25 16:59:05.489163,599620068040361585,-119.00
2025-12-25 16:59:05.489163,599620068040361585,-126.00
2025-12-25 16:59:05.489163,599620068040361585,-128.00
2025-12-25 16:59:05.489163,599620068040361585,-124.00
2025-12-25 16:59:05.489163,599620068040361585,-110.00
2025-12-25 16:59:05.489163,599620068040361585,-94.00
2025-12-25 16:59:05.489163,599620068040361585,-89.00
2025-12-25 16:59:05.489163,599620068040361585,-94.00
2025-12-25 16:59:05.489163,599620068040361585,-91.00
2025-12-25 16:59:05.489163,599620068040361585,-87.00
2025-12-25 16:59:05.489163,599620068040361585,-85.00
2025-12-25 16:59:05.489163,599620068040361585,-82.00
2025-12-25 16:59:05.489163,599620068040361585,-80.00
2025-12-25 16:59:05.489163,599620068040361585,-80.00
2025-12-25 16:59:05.489163,599620068040361585,-82.00
2025-12-25 16:59:05.489163,599620068040361585,-82.00
2025-12-25 16:59:05.489163,599620068040361585,-75.00
2025-12-25 16:59:05.489163,599620068040361585,-73.00
2025-12-25 16:59:05.489163,599620068040361585,-73.00
2025-12-25 16:59:05.489163,599620068040361585,-78.00
2025-12-25 16:59:05.489163,599620068040361585,-80.00
2025-12-25 16:59:05.489163,599620068040361585,-78.00
2025-12-25 16:59:05.489163,599620068040361585,-85.00
2025-12-25 16:59:05.489163,599620068040361585,-91.00
2025-12-25 16:59:05.489163,599620068040361585,-85.00
2025-12-25 16:59:05.489163,599620068040361585,-82.00
2025-12-25 16:59:05.489163,599620068040361585,-85.00
2025-12-25 16:59:05.489163,599620068040361585,-80.00
2025-12-25 16:59:05.489163,599620068040361585,-85.00
2025-12-25 16:59:05.489163,599620068040361585,-91.00
2025-12-25 16:59:05.489163,599620068040361585,-87.00
2025-12-25 16:59:05.489163,599620068040361585,-87.00
2025-12-25 16:59:05.489163,599620068040361585,-91.00
2025-12-25 16:59:05.489163,599620068040361585,-91.00
2025-12-25 16:59:05.489163,599620068040361585,-91.00
2025-12-25 16:59:05.489163,599620068040361585,-91.00
2025-12-25 16:59:05.489163,599620068040361585,-91.00
2025-12-25 16:59:05.489163,599620068040361585,-91.00
2025-12-25 16:59:05.489163,599620068040361585,-91.00
2025-12-25 16:59:05.489163,599620068040361585,-89.00
2025-12-25 16:59:05.489163,599620068040361585,-87.00
2025-12-25 16:59:05.489163,599620068040361585,-91.00
2025-12-25 16:59:05.489163,599620068040361585,-96.00
2025-12-25 16:59:05.489163,599620068040361585,-94.00
2025-12-25 16:59:05.489163,599620068040361585,-89.00
2025-12-25 16:59:05.489163,599620068040361585,-89.00
2025-12-25 16:59:05.489163,599620068040361585,-91.00
2025-12-25 16:59:05.489163,599620068040361585,-91.00
2025-12-25 16:59:05.489163,599620068040361585,-94.00
2025-12-25 16:59:05.489163,599620068040361585,-101.00
2025-12-25 16:59:05.489163,599620068040361585,-101.00
2025-12-25 16:59:05.489163,599620068040361585,-98.00
2025-12-25 16:59:05.489163,599620068040361585,-94.00
2025-12-25 16:59:05.489163,599620068040361585,-94.00
2025-12-25 16:59:05.489163,599620068040361585,-94.00
2025-12-25 16:59:05.489163,599620068040361585,-98.00
2025-12-25 16:59:05.489163,599620068040361585,-98.00
2025-12-25 16:59:05.489163,599620068040361585,-91.00
2025-12-25 16:59:05.489163,599620068040361585,-85.00
2025-12-25 16:59:05.489163,599620068040361585,-89.00
2025-12-25 16:59:05.489163,599620068040361585,-103.00
2025-12-25 16:59:05.489163,599620068040361585,-91.00
2025-12-25 16:59:05.489163,599620068040361585,-66.00
2025-12-25 16:59:05.489163,599620068040361585,-55.00
2025-12-25 16:59:05.489163,599620068040361585,-52.00
2025-12-25 16:59:05.489163,599620068040361585,-59.00
2025-12-25 16:59:05.489163,599620068040361585,-75.00
2025-12-25 16:59:05.489163,599620068040361585,-82.00
2025-12-25 16:59:05.489163,599620068040361585,-85.00
2025-12-25 16:59:05.975110,599620068601236648,-89.00
2025-12-25 16:59:05.975110,599620068601236648,-89.00
2025-12-25 16:59:05.975110,599620068601236648,-75.00
2025-12-25 16:59:05.975110,599620068601236648,-73.00
2025-12-25 16:59:05.975110,599620068601236648,-80.00
2025-12-25 16:59:05.975110,599620068601236648,-78.00
2025-12-25 16:59:05.975110,599620068601236648,-50.00
2025-12-25 16:59:05.975110,599620068601236648,71.00
2025-12-25 16:59:05.975110,599620068601236648,374.00
2025-12-25 16:59:05.975110,599620068601236648,648.00
2025-12-25 16:59:05.975110,599620068601236648,349.00
2025-12-25 16:59:05.975110,599620068601236648,-563.00
2025-12-25 16:59:05.975110,599620068601236648,-1057.00
2025-12-25 16:59:05.975110,599620068601236648,-609.00
2025-12-25 16:59:05.975110,599620068601236648,-144.00
2025-12-25 16:59:05.975110,599620068601236648,-98.00
2025-12-25 16:59:05.975110,599620068601236648,-48.00
2025-12-25 16:59:05.975110,599620068601236648,34.00
2025-12-25 16:59:05.975110,599620068601236648,16.00
2025-12-25 16:59:05.975110,599620068601236648,4.00
2025-12-25 16:59:05.975110,599620068601236648,36.00
2025-12-25 16:59:05.975110,599620068601236648,41.00
2025-12-25 16:59:05.975110,599620068601236648,32.00
2025-12-25 16:59:05.975110,599620068601236648,41.00
2025-12-25 16:59:05.975110,599620068601236648,43.00
2025-12-25 16:59:05.975110,599620068601236648,39.00
2025-12-25 16:59:05.975110,599620068601236648,45.00
2025-12-25 16:59:05.975110,599620068601236648,50.00
2025-12-25 16:59:05.975110,599620068601236648,48.00
2025-12-25 16:59:05.975110,599620068601236648,50.00
2025-12-25 16:59:05.975110,599620068601236648,52.00
2025-12-25 16:59:05.975110,599620068601236648,52.00
2025-12-25 16:59:05.975110,599620068601236648,62.00
2025-12-25 16:59:05.975110,599620068601236648,66.00
2025-12-25 16:59:05.975110,599620068601236648,68.00
2025-12-25 16:59:05.975110,599620068601236648,75.00
2025-12-25 16:59:05.975110,599620068601236648,82.00
2025-12-25 16:59:05.975110,599620068601236648,91.00
2025-12-25 16:59:05.975110,599620068601236648,101.00
2025-12-25 16:59:05.975110,599620068601236648,108.00
2025-12-25 16:59:05.975110,599620068601236648,110.00
2025-12-25 16:59:05.975110,599620068601236648,105.00
2025-12-25 16:59:05.975110,599620068601236648,98.00
2025-12-25 16:59:05.975110,599620068601236648,85.00
2025-12-25 16:59:05.975110,599620068601236648,55.00
2025-12-25 16:59:05.975110,599620068601236648,11.00
2025-12-25 16:59:05.975110,599620068601236648,-29.00
2025-12-25 16:59:05.975110,599620068601236648,-66.00
2025-12-25 16:59:05.975110,599620068601236648,-103.00
2025-12-25 16:59:05.975110,599620068601236648,-131.00
2025-12-25 16:59:05.975110,599620068601236648,-144.00
2025-12-25 16:59:05.975110,599620068601236648,-151.00
2025-12-25 16:59:05.975110,599620068601236648,-151.00
2025-12-25 16:59:05.975110,599620068601236648,-147.00
2025-12-25 16:59:05.975110,599620068601236648,-147.00
2025-12-25 16:59:05.975110,599620068601236648,-149.00
2025-12-25 16:59:05.975110,599620068601236648,-147.00
2025-12-25 16:59:05.975110,599620068601236648,-137.00
2025-12-25 16:59:05.975110,599620068601236648,-135.00
2025-12-25 16:59:05.975110,599620068601236648,-135.00
2025-12-25 16:59:05.975110,599620068601236648,-133.00
2025-12-25 16:59:05.975110,599620068601236648,-131.00
2025-12-25 16:59:05.975110,599620068601236648,-131.00
2025-12-25 16:59:05.975110,599620068601236648,-124.00
2025-12-25 16:59:05.975110,599620068601236648,-114.00
2025-12-25 16:59:05.975110,599620068601236648,-114.00
2025-12-25 16:59:05.975110,599620068601236648,-117.00
2025-12-25 16:59:05.975110,599620068601236648,-117.00
2025-12-25 16:59:05.975110,599620068601236648,-101.00
2025-12-25 16:59:05.975110,599620068601236648,-91.00
2025-12-25 16:59:05.975110,599620068601236648,-96.00
2025-12-25 16:59:05.975110,599620068601236648,-101.00
2025-12-25 16:59:05.975110,599620068601236648,-96.00
2025-12-25 16:59:06.528020,599620069162101537,-98.00
2025-12-25 16:59:06.528020,599620069162101537,-103.00
2025-12-25 16:59:06.528020,599620069162101537,-101.00
2025-12-25 16:59:06.528020,599620069162101537,-98.00
2025-12-25 16:59:06.528020,599620069162101537,-108.00
2025-12-25 16:59:06.528020,599620069162101537,-112.00
2025-12-25 16:59:06.528020,599620069162101537,-108.00
2025-12-25 16:59:06.528020,599620069162101537,-103.00
2025-12-25 16:59:06.528020,599620069162101537,-94.00
2025-12-25 16:59:06.528020,599620069162101537,-87.00
2025-12-25 16:59:06.528020,599620069162101537,-91.00
2025-12-25 16:59:06.528020,599620069162101537,-91.00
2025-12-25 16:59:06.528020,599620069162101537,-85.00
2025-12-25 16:59:06.528020,599620069162101537,-75.00
2025-12-25 16:59:06.528020,599620069162101537,-64.00
2025-12-25 16:59:06.528020,599620069162101537,-57.00
2025-12-25 16:59:06.528020,599620069162101537,-66.00
2025-12-25 16:59:06.528020,599620069162101537,-71.00
2025-12-25 16:59:06.528020,599620069162101537,-68.00
2025-12-25 16:59:06.528020,599620069162101537,-75.00
2025-12-25 16:59:06.528020,599620069162101537,-78.00
2025-12-25 16:59:06.528020,599620069162101537,-71.00
2025-12-25 16:59:06.528020,599620069162101537,-64.00
2025-12-25 16:59:06.528020,599620069162101537,-43.00
2025-12-25 16:59:06.528020,599620069162101537,-29.00
2025-12-25 16:59:06.528020,599620069162101537,-52.00
2025-12-25 16:59:06.528020,599620069162101537,-78.00
2025-12-25 16:59:06.528020,599620069162101537,-75.00
2025-12-25 16:59:06.528020,599620069162101537,-75.00
2025-12-25 16:59:06.528020,599620069162101537,-80.00
2025-12-25 16:59:06.528020,599620069162101537,-78.00
2025-12-25 16:59:06.528020,599620069162101537,-78.00
2025-12-25 16:59:06.528020,599620069162101537,-75.00
2025-12-25 16:59:06.528020,599620069162101537,-75.00
2025-12-25 16:59:06.528020,599620069162101537,-80.00
2025-12-25 16:59:06.528020,599620069162101537,-48.00
2025-12-25 16:59:06.528020,599620069162101537,124.00
2025-12-25 16:59:06.528020,599620069162101537,485.00
2025-12-25 16:59:06.528020,599620069162101537,682.00
2025-12-25 16:59:06.528020,599620069162101537,117.00
2025-12-25 16:59:06.528020,599620069162101537,-910.00
2025-12-25 16:59:06.528020,599620069162101537,-1112.00
2025-12-25 16:59:06.528020,599620069162101537,-443.00
2025-12-25 16:59:06.528020,599620069162101537,-80.00
2025-12-25 16:59:06.528020,599620069162101537,-112.00
2025-12-25 16:59:06.528020,599620069162101537,-48.00
2025-12-25 16:59:06.528020,599620069162101537,9.00
2025-12-25 16:59:06.528020,599620069162101537,-22.00
2025-12-25 16:59:06.528020,599620069162101537,-16.00
2025-12-25 16:59:06.528020,599620069162101537,13.00
2025-12-25 16:59:06.528020,599620069162101537,11.00
2025-12-25 16:59:06.528020,599620069162101537,6.00
2025-12-25 16:59:06.528020,599620069162101537,16.00
2025-12-25 16:59:06.528020,599620069162101537,16.00
2025-12-25 16:59:06.528020,599620069162101537,18.00
2025-12-25 16:59:06.528020,599620069162101537,29.00
2025-12-25 16:59:06.528020,599620069162101537,34.00
2025-12-25 16:59:06.528020,599620069162101537,34.00
2025-12-25 16:59:06.528020,599620069162101537,41.00
2025-12-25 16:59:06.528020,599620069162101537,41.00
2025-12-25 16:59:06.528020,599620069162101537,48.00
2025-12-25 16:59:06.528020,599620069162101537,68.00
2025-12-25 16:59:06.528020,599620069162101537,85.00
2025-12-25 16:59:06.528020,599620069162101537,89.00
2025-12-25 16:59:06.528020,599620069162101537,96.00
2025-12-25 16:59:06.528020,599620069162101537,103.00
2025-12-25 16:59:06.528020,599620069162101537,112.00
2025-12-25 16:59:06.528020,599620069162101537,126.00
2025-12-25 16:59:06.528020,599620069162101537,133.00
2025-12-25 16:59:06.528020,599620069162101537,128.00
2025-12-25 16:59:06.528020,599620069162101537,119.00
2025-12-25 16:59:06.528020,599620069162101537,105.00
2025-12-25 16:59:06.528020,599620069162101537,78.00
2025-12-25 16:59:07.081784,599620069722966428,36.00
2025-12-25 16:59:07.081784,599620069722966428,-13.00
2025-12-25 16:59:07.081784,599620069722966428,-59.00
2025-12-25 16:59:07.081784,599620069722966428,-91.00
2025-12-25 16:59:07.081784,599620069722966428,-114.00
2025-12-25 16:59:07.081784,599620069722966428,-133.00
2025-12-25 16:59:07.081784,599620069722966428,-137.00
2025-12-25 16:59:07.081784,599620069722966428,-137.00
2025-12-25 16:59:07.081784,599620069722966428,-142.00
2025-12-25 16:59:07.081784,599620069722966428,-142.00
2025-12-25 16:59:07.081784,599620069722966428,-137.00
2025-12-25 16:59:07.081784,599620069722966428,-128.00
2025-12-25 16:59:07.081784,599620069722966428,-119.00
2025-12-25 16:59:07.081784,599620069722966428,-114.00
2025-12-25 16:59:07.081784,599620069722966428,-117.00
2025-12-25 16:59:07.081784,599620069722966428,-112.00
2025-12-25 16:59:07.081784,599620069722966428,-108.00
2025-12-25 16:59:07.081784,599620069722966428,-105.00
2025-12-25 16:59:07.081784,599620069722966428,-101.00
2025-12-25 16:59:07.081784,599620069722966428,-101.00
2025-12-25 16:59:07.081784,599620069722966428,-101.00
2025-12-25 16:59:07.081784,599620069722966428,-101.00
2025-12-25 16:59:07.081784,599620069722966428,-98.00
2025-12-25 16:59:07.081784,599620069722966428,-94.00
2025-12-25 16:59:07.081784,599620069722966428,-91.00
2025-12-25 16:59:07.081784,599620069722966428,-96.00
2025-12-25 16:59:07.081784,599620069722966428,-94.00
2025-12-25 16:59:07.081784,599620069722966428,-91.00
2025-12-25 16:59:07.081784,599620069722966428,-96.00
2025-12-25 16:59:07.081784,599620069722966428,-96.00
2025-12-25 16:59:07.081784,599620069722966428,-94.00
2025-12-25 16:59:07.081784,599620069722966428,-98.00
2025-12-25 16:59:07.081784,599620069722966428,-103.00
2025-12-25 16:59:07.081784,599620069722966428,-103.00
2025-12-25 16:59:07.081784,599620069722966428,-103.00
2025-12-25 16:59:07.081784,599620069722966428,-101.00
2025-12-25 16:59:07.081784,599620069722966428,-94.00
2025-12-25 16:59:07.081784,599620069722966428,-94.00
2025-12-25 16:59:07.081784,599620069722966428,-98.00
2025-12-25 16:59:07.081784,599620069722966428,-101.00
2025-12-25 16:59:07.081784,599620069722966428,-98.00
2025-12-25 16:59:07.081784,599620069722966428,-96.00
2025-12-25 16:59:07.081784,599620069722966428,-96.00
2025-12-25 16:59:07.081784,599620069722966428,-96.00
2025-12-25 16:59:07.081784,599620069722966428,-96.00
2025-12-25 16:59:07.081784,599620069722966428,-101.00
2025-12-25 16:59:07.081784,599620069722966428,-98.00
2025-12-25 16:59:07.081784,599620069722966428,-91.00
2025-12-25 16:59:07.081784,599620069722966428,-91.00
2025-12-25 16:59:07.081784,599620069722966428,-98.00
2025-12-25 16:59:07.081784,599620069722966428,-103.00
2025-12-25 16:59:07.081784,599620069722966428,-108.00
2025-12-25 16:59:07.081784,599620069722966428,-105.00
2025-12-25 16:59:07.081784,599620069722966428,-87.00
2025-12-25 16:59:07.081784,599620069722966428,-59.00
2025-12-25 16:59:07.081784,599620069722966428,-41.00
2025-12-25 16:59:07.081784,599620069722966428,-55.00
2025-12-25 16:59:07.081784,599620069722966428,-80.00
2025-12-25 16:59:07.081784,599620069722966428,-85.00
2025-12-25 16:59:07.081784,599620069722966428,-82.00
2025-12-25 16:59:07.081784,599620069722966428,-89.00
2025-12-25 16:59:07.081784,599620069722966428,-91.00
2025-12-25 16:59:07.081784,599620069722966428,-89.00
2025-12-25 16:59:07.081784,599620069722966428,-89.00
2025-12-25 16:59:07.081784,599620069722966428,-87.00
2025-12-25 16:59:07.081784,599620069722966428,-85.00
2025-12-25 16:59:07.081784,599620069722966428,-71.00
2025-12-25 16:59:07.081784,599620069722966428,32.00
2025-12-25 16:59:07.081784,599620069722966428,335.00
2025-12-25 16:59:07.081784,599620069722966428,673.00
2025-12-25 16:59:07.081784,599620069722966428,450.00
2025-12-25 16:59:07.081784,599620069722966428,-554.00
2025-12-25 16:59:07.081784,599620069722966428,-1213.00
2025-12-25 16:59:07.634054,599620070283846577,-698.00
2025-12-25 16:59:07.634054,599620070283846577,-91.00
2025-12-25 16:59:07.634054,599620070283846577,-85.00
2025-12-25 16:59:07.634054,599620070283846577,-98.00
2025-12-25 16:59:07.634054,599620070283846577,2.00
2025-12-25 16:59:07.634054,599620070283846577,-11.00
2025-12-25 16:59:07.634054,599620070283846577,-32.00
2025-12-25 16:59:07.634054,599620070283846577,0.00
2025-12-25 16:59:07.634054,599620070283846577,11.00
2025-12-25 16:59:07.634054,599620070283846577,18.00
2025-12-25 16:59:07.634054,599620070283846577,36.00
2025-12-25 16:59:07.634054,599620070283846577,39.00
2025-12-25 16:59:07.634054,599620070283846577,34.00
2025-12-25 16:59:07.634054,599620070283846577,41.00
2025-12-25 16:59:07.634054,599620070283846577,48.00
2025-12-25 16:59:07.634054,599620070283846577,50.00
2025-12-25 16:59:07.634054,599620070283846577,55.00
2025-12-25 16:59:07.634054,599620070283846577,64.00
2025-12-25 16:59:07.634054,599620070283846577,64.00
2025-12-25 16:59:07.634054,599620070283846577,64.00
2025-12-25 16:59:07.634054,599620070283846577,75.00
2025-12-25 16:59:07.634054,599620070283846577,87.00
2025-12-25 16:59:07.634054,599620070283846577,96.00
2025-12-25 16:59:07.634054,599620070283846577,103.00
2025-12-25 16:59:07.634054,599620070283846577,112.00
2025-12-25 16:59:07.634054,599620070283846577,117.00
2025-12-25 16:59:07.634054,599620070283846577,126.00
2025-12-25 16:59:07.634054,599620070283846577,133.00
2025-12-25 16:59:07.634054,599620070283846577,124.00
2025-12-25 16:59:07.634054,599620070283846577,108.00
2025-12-25 16:59:07.634054,599620070283846577,87.00
2025-12-25 16:59:07.634054,599620070283846577,55.00
2025-12-25 16:59:07.634054,599620070283846577,11.00
2025-12-25 16:59:07.634054,599620070283846577,-34.00
2025-12-25 16:59:07.634054,599620070283846577,-73.00
2025-12-25 16:59:07.634054,599620070283846577,-101.00
2025-12-25 16:59:07.634054,599620070283846577,-121.00
2025-12-25 16:59:07.634054,599620070283846577,-135.00
2025-12-25 16:59:07.634054,599620070283846577,-140.00
2025-12-25 16:59:07.634054,599620070283846577,-142.00
2025-12-25 16:59:07.634054,599620070283846577,-144.00
2025-12-25 16:59:07.634054,599620070283846577,-142.00
2025-12-25 16:59:07.634054,599620070283846577,-137.00
2025-12-25 16:59:07.634054,599620070283846577,-135.00
2025-12-25 16:59:07.634054,599620070283846577,-135.00
2025-12-25 16:59:07.634054,599620070283846577,-133.00
2025-12-25 16:59:07.634054,599620070283846577,-124.00
2025-12-25 16:59:07.634054,599620070283846577,-112.00
2025-12-25 16:59:07.634054,599620070283846577,-105.00
2025-12-25 16:59:07.634054,599620070283846577,-103.00
2025-12-25 16:59:07.634054,599620070283846577,-101.00
2025-12-25 16:59:07.634054,599620070283846577,-101.00
2025-12-25 16:59:07.634054,599620070283846577,-101.00
2025-12-25 16:59:07.634054,599620070283846577,-96.00
2025-12-25 16:59:07.634054,599620070283846577,-94.00
2025-12-25 16:59:07.634054,599620070283846577,-96.00
2025-12-25 16:59:07.634054,599620070283846577,-94.00
2025-12-25 16:59:07.634054,599620070283846577,-91.00
2025-12-25 16:59:07.634054,599620070283846577,-94.00
2025-12-25 16:59:07.634054,599620070283846577,-91.00
2025-12-25 16:59:07.634054,599620070283846577,-87.00
2025-12-25 16:59:07.634054,599620070283846577,-89.00
2025-12-25 16:59:07.634054,599620070283846577,-91.00
2025-12-25 16:59:07.634054,599620070283846577,-91.00
2025-12-25 16:59:07.634054,599620070283846577,-91.00
2025-12-25 16:59:07.634054,599620070283846577,-94.00
2025-12-25 16:59:07.634054,599620070283846577,-94.00
2025-12-25 16:59:07.634054,599620070283846577,-94.00
2025-12-25 16:59:07.634054,599620070283846577,-96.00
2025-12-25 16:59:07.634054,599620070283846577,-98.00
2025-12-25 16:59:07.634054,599620070283846577,-101.00
2025-12-25 16:59:07.634054,599620070283846577,-98.00
2025-12-25 16:59:07.634054,599620070283846577,-101.00
2025-12-25 16:59:08.113697,599620070844726726,-98.00
2025-12-25 16:59:08.113697,599620070844726726,-98.00
2025-12-25 16:59:08.113697,599620070844726726,-98.00
2025-12-25 16:59:08.113697,599620070844726726,-98.00
2025-12-25 16:59:08.113697,599620070844726726,-98.00
2025-12-25 16:59:08.113697,599620070844726726,-96.00
2025-12-25 16:59:08.113697,599620070844726726,-85.00
2025-12-25 16:59:08.113697,599620070844726726,-80.00
2025-12-25 16:59:08.113697,599620070844726726,-85.00
2025-12-25 16:59:08.113697,599620070844726726,-85.00
2025-12-25 16:59:08.113697,599620070844726726,-85.00
2025-12-25 16:59:08.113697,599620070844726726,-91.00
2025-12-25 16:59:08.113697,599620070844726726,-94.00
2025-12-25 16:59:08.113697,599620070844726726,-85.00
2025-12-25 16:59:08.113697,599620070844726726,-71.00
2025-12-25 16:59:08.113697,599620070844726726,-50.00
2025-12-25 16:59:08.113697,599620070844726726,-43.00
2025-12-25 16:59:08.113697,599620070844726726,-66.00
2025-12-25 16:59:08.113697,599620070844726726,-82.00
2025-12-25 16:59:08.113697,599620070844726726,-82.00
2025-12-25 16:59:08.113697,599620070844726726,-89.00
2025-12-25 16:59:08.113697,599620070844726726,-94.00
2025-12-25 16:59:08.113697,599620070844726726,-89.00
2025-12-25 16:59:08.113697,599620070844726726,-89.00
2025-12-25 16:59:08.113697,599620070844726726,-91.00
2025-12-25 16:59:08.113697,599620070844726726,-94.00
2025-12-25 16:59:08.113697,599620070844726726,-94.00
2025-12-25 16:59:08.113697,599620070844726726,-48.00
2025-12-25 16:59:08.113697,599620070844726726,160.00
2025-12-25 16:59:08.113697,599620070844726726,535.00
2025-12-25 16:59:08.113697,599620070844726726,650.00
2025-12-25 16:59:08.113697,599620070844726726,-85.00
2025-12-25 16:59:08.113697,599620070844726726,-1087.00
2025-12-25 16:59:08.113697,599620070844726726,-1032.00
2025-12-25 16:59:08.113697,599620070844726726,-282.00
2025-12-25 16:59:08.113697,599620070844726726,-41.00
2025-12-25 16:59:08.113697,599620070844726726,-124.00
2025-12-25 16:59:08.113697,599620070844726726,-48.00
2025-12-25 16:59:08.113697,599620070844726726,-2.00
2025-12-25 16:59:08.113697,599620070844726726,-36.00
2025-12-25 16:59:08.113697,599620070844726726,-13.00
2025-12-25 16:59:08.113697,599620070844726726,16.00
2025-12-25 16:59:08.113697,599620070844726726,2.00
2025-12-25 16:59:08.113697,599620070844726726,0.00
2025-12-25 16:59:08.113697,599620070844726726,11.00
2025-12-25 16:59:08.113697,599620070844726726,6.00
2025-12-25 16:59:08.113697,599620070844726726,11.00
2025-12-25 16:59:08.113697,599620070844726726,25.00
2025-12-25 16:59:08.113697,599620070844726726,29.00
2025-12-25 16:59:08.113697,599620070844726726,36.00
2025-12-25 16:59:08.113697,599620070844726726,52.00
2025-12-25 16:59:08.113697,599620070844726726,59.00
2025-12-25 16:59:08.113697,599620070844726726,64.00
2025-12-25 16:59:08.113697,599620070844726726,73.00
2025-12-25 16:59:08.113697,599620070844726726,80.00
2025-12-25 16:59:08.113697,599620070844726726,82.00
2025-12-25 16:59:08.113697,599620070844726726,91.00
2025-12-25 16:59:08.113697,599620070844726726,105.00
2025-12-25 16:59:08.113697,599620070844726726,114.00
2025-12-25 16:59:08.113697,599620070844726726,121.00
2025-12-25 16:59:08.113697,599620070844726726,124.00
2025-12-25 16:59:08.113697,599620070844726726,119.00
2025-12-25 16:59:08.113697,599620070844726726,108.00
2025-12-25 16:59:08.113697,599620070844726726,91.00
2025-12-25 16:59:08.113697,599620070844726726,64.00
2025-12-25 16:59:08.113697,599620070844726726,27.00
2025-12-25 16:59:08.113697,599620070844726726,-18.00
2025-12-25 16:59:08.113697,599620070844726726,-59.00
2025-12-25 16:59:08.113697,599620070844726726,-94.00
2025-12-25 16:59:08.113697,599620070844726726,-117.00
2025-12-25 16:59:08.113697,599620070844726726,-128.00
2025-12-25 16:59:08.113697,599620070844726726,-133.00
2025-12-25 16:59:08.113697,599620070844726726,-140.00
2025-12-25 16:59:08.794584,599620071405581445,-142.00
2025-12-25 16:59:08.794584,599620071405581445,-140.00
2025-12-25 16:59:08.794584,599620071405581445,-135.00
2025-12-25 16:59:08.794584,599620071405581445,-121.00
2025-12-25 16:59:08.794584,599620071405581445,-108.00
2025-12-25 16:59:08.794584,599620071405581445,-108.00
2025-12-25 16:59:08.794584,599620071405581445,-112.00
2025-12-25 16:59:08.794584,599620071405581445,-108.00
2025-12-25 16:59:08.794584,599620071405581445,-101.00
2025-12-25 16:59:08.794584,599620071405581445,-96.00
2025-12-25 16:59:08.794584,599620071405581445,-91.00
2025-12-25 16:59:08.794584,599620071405581445,-91.00
2025-12-25 16:59:08.794584,599620071405581445,-94.00
2025-12-25 16:59:08.794584,599620071405581445,-94.00
2025-12-25 16:59:08.794584,599620071405581445,-91.00
2025-12-25 16:59:08.794584,599620071405581445,-87.00
2025-12-25 16:59:08.794584,599620071405581445,-87.00
2025-12-25 16:59:08.794584,599620071405581445,-87.00
2025-12-25 16:59:08.794584,599620071405581445,-89.00
2025-12-25 16:59:08.794584,599620071405581445,-94.00
2025-12-25 16:59:08.794584,599620071405581445,-91.00
2025-12-25 16:59:08.794584,599620071405581445,-89.00
2025-12-25 16:59:08.794584,599620071405581445,-91.00
2025-12-25 16:59:08.794584,599620071405581445,-96.00
2025-12-25 16:59:08.794584,599620071405581445,-96.00
2025-12-25 16:59:08.794584,599620071405581445,-98.00
2025-12-25 16:59:08.794584,599620071405581445,-101.00
2025-12-25 16:59:08.794584,599620071405581445,-96.00
2025-12-25 16:59:08.794584,599620071405581445,-94.00
2025-12-25 16:59:08.794584,599620071405581445,-98.00
2025-12-25 16:59:08.794584,599620071405581445,-101.00
2025-12-25 16:59:08.794584,599620071405581445,-98.00
2025-12-25 16:59:08.794584,599620071405581445,-96.00
2025-12-25 16:59:08.794584,599620071405581445,-89.00
2025-12-25 16:59:08.794584,599620071405581445,-85.00
2025-12-25 16:59:08.794584,599620071405581445,-89.00
2025-12-25 16:59:08.794584,599620071405581445,-91.00
2025-12-25 16:59:08.794584,599620071405581445,-91.00
2025-12-25 16:59:08.794584,599620071405581445,-91.00
2025-12-25 16:59:08.794584,599620071405581445,-87.00
2025-12-25 16:59:08.794584,599620071405581445,-85.00
2025-12-25 16:59:08.794584,599620071405581445,-82.00
2025-12-25 16:59:08.794584,599620071405581445,-80.00
2025-12-25 16:59:08.794584,599620071405581445,-82.00
2025-12-25 16:59:08.794584,599620071405581445,-87.00
2025-12-25 16:59:08.794584,599620071405581445,-91.00
2025-12-25 16:59:08.794584,599620071405581445,-89.00
2025-12-25 16:59:08.794584,599620071405581445,-85.00
2025-12-25 16:59:08.794584,599620071405581445,-75.00
2025-12-25 16:59:08.794584,599620071405581445,-59.00
2025-12-25 16:59:08.794584,599620071405581445,-43.00
2025-12-25 16:59:08.794584,599620071405581445,-55.00
2025-12-25 16:59:08.794584,599620071405581445,-80.00
2025-12-25 16:59:08.794584,599620071405581445,-89.00
2025-12-25 16:59:08.794584,599620071405581445,-91.00
2025-12-25 16:59:08.794584,599620071405581445,-98.00
2025-12-25 16:59:08.794584,599620071405581445,-94.00
2025-12-25 16:59:08.794584,599620071405581445,-89.00
2025-12-25 16:59:08.794584,599620071405581445,-94.00
2025-12-25 16:59:08.794584,599620071405581445,-101.00
2025-12-25 16:59:08.794584,599620071405581445,-101.00
2025-12-25 16:59:08.794584,599620071405581445,-71.00
2025-12-25 16:59:08.794584,599620071405581445,94.00
2025-12-25 16:59:08.794584,599620071405581445,443.00
2025-12-25 16:59:08.794584,599620071405581445,655.00
2025-12-25 16:59:08.794584,599620071405581445,110.00
2025-12-25 16:59:08.794584,599620071405581445,-928.00
2025-12-25 16:59:08.794584,599620071405581445,-1144.00
2025-12-25 16:59:08.794584,599620071405581445,-434.00
2025-12-25 16:59:08.794584,599620071405581445,-50.00
2025-12-25 16:59:08.794584,599620071405581445,-126.00
2025-12-25 16:59:08.794584,599620071405581445,-82.00
2025-12-25 16:59:08.794584,599620071405581445,-9.00
2025-12-25 16:59:09.337656,599620071966466680,-39.00
2025-12-25 16:59:09.337656,599620071966466680,-34.00
2025-12-25 16:59:09.337656,599620071966466680,0.00
2025-12-25 16:59:09.337656,599620071966466680,-2.00
2025-12-25 16:59:09.337656,599620071966466680,-6.00
2025-12-25 16:59:09.337656,599620071966466680,2.00
2025-12-25 16:59:09.337656,599620071966466680,6.00
2025-12-25 16:59:09.337656,599620071966466680,11.00
2025-12-25 16:59:09.337656,599620071966466680,18.00
2025-12-25 16:59:09.337656,599620071966466680,18.00
2025-12-25 16:59:09.337656,599620071966466680,20.00
2025-12-25 16:59:09.337656,599620071966466680,29.00
2025-12-25 16:59:09.337656,599620071966466680,45.00
2025-12-25 16:59:09.337656,599620071966466680,64.00
2025-12-25 16:59:09.337656,599620071966466680,68.00
2025-12-25 16:59:09.337656,599620071966466680,68.00
2025-12-25 16:59:09.337656,599620071966466680,75.00
2025-12-25 16:59:09.337656,599620071966466680,85.00
2025-12-25 16:59:09.337656,599620071966466680,96.00
2025-12-25 16:59:09.337656,599620071966466680,108.00
2025-12-25 16:59:09.337656,599620071966466680,114.00
2025-12-25 16:59:09.337656,599620071966466680,121.00
2025-12-25 16:59:09.337656,599620071966466680,124.00
2025-12-25 16:59:09.337656,599620071966466680,117.00
2025-12-25 16:59:09.337656,599620071966466680,101.00
2025-12-25 16:59:09.337656,599620071966466680,85.00
2025-12-25 16:59:09.337656,599620071966466680,64.00
2025-12-25 16:59:09.337656,599620071966466680,25.00
2025-12-25 16:59:09.337656,599620071966466680,-20.00
2025-12-25 16:59:09.337656,599620071966466680,-55.00
2025-12-25 16:59:09.337656,599620071966466680,-73.00
2025-12-25 16:59:09.337656,599620071966466680,-87.00
2025-12-25 16:59:09.337656,599620071966466680,-94.00
2025-12-25 16:59:09.337656,599620071966466680,-96.00
2025-12-25 16:59:09.337656,599620071966466680,-101.00
2025-12-25 16:59:09.337656,599620071966466680,-101.00
2025-12-25 16:59:09.337656,599620071966466680,-98.00
2025-12-25 16:59:09.337656,599620071966466680,-96.00
2025-12-25 16:59:09.337656,599620071966466680,-91.00
2025-12-25 16:59:09.337656,599620071966466680,-89.00
2025-12-25 16:59:09.337656,599620071966466680,-94.00
2025-12-25 16:59:09.337656,599620071966466680,-89.00
2025-12-25 16:59:09.337656,599620071966466680,-85.00
2025-12-25 16:59:09.337656,599620071966466680,-85.00
2025-12-25 16:59:09.337656,599620071966466680,-82.00
2025-12-25 16:59:09.337656,599620071966466680,-80.00
2025-12-25 16:59:09.337656,599620071966466680,-82.00
2025-12-25 16:59:09.337656,599620071966466680,-82.00
2025-12-25 16:59:09.337656,599620071966466680,-80.00
2025-12-25 16:59:09.337656,599620071966466680,-78.00
2025-12-25 16:59:09.337656,599620071966466680,-78.00
2025-12-25 16:59:09.337656,599620071966466680,-80.00
2025-12-25 16:59:09.337656,599620071966466680,-82.00
2025-12-25 16:59:09.337656,599620071966466680,-85.00
2025-12-25 16:59:09.337656,599620071966466680,-82.00
2025-12-25 16:59:09.337656,599620071966466680,-82.00
2025-12-25 16:59:09.337656,599620071966466680,-85.00
2025-12-25 16:59:09.337656,599620071966466680,-87.00
2025-12-25 16:59:09.337656,599620071966466680,-91.00
2025-12-25 16:59:09.337656,599620071966466680,-91.00
2025-12-25 16:59:09.337656,599620071966466680,-91.00
2025-12-25 16:59:09.337656,599620071966466680,-91.00
2025-12-25 16:59:09.337656,599620071966466680,-91.00
2025-12-25 16:59:09.337656,599620071966466680,-91.00
2025-12-25 16:59:09.337656,599620071966466680,-89.00
2025-12-25 16:59:09.337656,599620071966466680,-87.00
2025-12-25 16:59:09.337656,599620071966466680,-85.00
2025-12-25 16:59:09.337656,599620071966466680,-85.00
2025-12-25 16:59:09.337656,599620071966466680,-87.00
2025-12-25 16:59:09.337656,599620071966466680,-91.00
2025-12-25 16:59:09.337656,599620071966466680,-89.00
2025-12-25 16:59:09.337656,599620071966466680,-87.00
2025-12-25 16:59:09.337656,599620071966466680,-89.00
2025-12-25 16:59:09.954583,599620072527336657,-96.00
2025-12-25 16:59:09.954583,599620072527336657,-94.00
2025-12-25 16:59:09.954583,599620072527336657,-89.00
2025-12-25 16:59:09.954583,599620072527336657,-91.00
2025-12-25 16:59:09.954583,599620072527336657,-94.00
2025-12-25 16:59:09.954583,599620072527336657,-98.00
2025-12-25 16:59:09.954583,599620072527336657,-105.00
2025-12-25 16:59:09.954583,599620072527336657,-98.00
2025-12-25 16:59:09.954583,599620072527336657,-87.00
2025-12-25 16:59:09.954583,599620072527336657,-68.00
2025-12-25 16:59:09.954583,599620072527336657,-36.00
2025-12-25 16:59:09.954583,599620072527336657,-36.00
2025-12-25 16:59:09.954583,599620072527336657,-71.00
2025-12-25 16:59:09.954583,599620072527336657,-85.00
2025-12-25 16:59:09.954583,599620072527336657,-78.00
2025-12-25 16:59:09.954583,599620072527336657,-82.00
2025-12-25 16:59:09.954583,599620072527336657,-89.00
2025-12-25 16:59:09.954583,599620072527336657,-87.00
2025-12-25 16:59:09.954583,599620072527336657,-82.00
2025-12-25 16:59:09.954583,599620072527336657,-75.00
2025-12-25 16:59:09.954583,599620072527336657,-75.00
2025-12-25 16:59:09.954583,599620072527336657,-73.00
2025-12-25 16:59:09.954583,599620072527336657,11.00
2025-12-25 16:59:09.954583,599620072527336657,275.00
2025-12-25 16:59:09.954583,599620072527336657,616.00
2025-12-25 16:59:09.954583,599620072527336657,498.00
2025-12-25 16:59:09.954583,599620072527336657,-427.00
2025-12-25 16:59:09.954583,599620072527336657,-1181.00
2025-12-25 16:59:09.954583,599620072527336657,-777.00
2025-12-25 16:59:09.954583,599620072527336657,-126.00
2025-12-25 16:59:09.954583,599620072527336657,-66.00
2025-12-25 16:59:09.954583,599620072527336657,-101.00
2025-12-25 16:59:09.954583,599620072527336657,-4.00
2025-12-25 16:59:09.954583,599620072527336657,-2.00
2025-12-25 16:59:09.954583,599620072527336657,-29.00
2025-12-25 16:59:09.954583,599620072527336657,-4.00
2025-12-25 16:59:09.954583,599620072527336657,6.00
2025-12-25 16:59:09.954583,599620072527336657,0.00
2025-12-25 16:59:09.954583,599620072527336657,6.00
2025-12-25 16:59:09.954583,599620072527336657,13.00
2025-12-25 16:59:09.954583,599620072527336657,9.00
2025-12-25 16:59:09.954583,599620072527336657,11.00
2025-12-25 16:59:09.954583,599620072527336657,18.00
2025-12-25 16:59:09.954583,599620072527336657,20.00
2025-12-25 16:59:09.954583,599620072527336657,22.00
2025-12-25 16:59:09.954583,599620072527336657,32.00
2025-12-25 16:59:09.954583,599620072527336657,36.00
2025-12-25 16:59:09.954583,599620072527336657,36.00
2025-12-25 16:59:09.954583,599620072527336657,43.00
2025-12-25 16:59:09.954583,599620072527336657,62.00
2025-12-25 16:59:09.954583,599620072527336657,78.00
2025-12-25 16:59:09.954583,599620072527336657,87.00
2025-12-25 16:59:09.954583,599620072527336657,98.00
2025-12-25 16:59:09.954583,599620072527336657,101.00
2025-12-25 16:59:09.954583,599620072527336657,101.00
2025-12-25 16:59:09.954583,599620072527336657,110.00
2025-12-25 16:59:09.954583,599620072527336657,114.00
2025-12-25 16:59:09.954583,599620072527336657,98.00
2025-12-25 16:59:09.954583,599620072527336657,78.00
2025-12-25 16:59:09.954583,599620072527336657,59.00
2025-12-25 16:59:09.954583,599620072527336657,22.00
2025-12-25 16:59:09.954583,599620072527336657,-25.00
2025-12-25 16:59:09.954583,599620072527336657,-62.00
2025-12-25 16:59:09.954583,599620072527336657,-87.00
2025-12-25 16:59:09.954583,599620072527336657,-108.00
2025-12-25 16:59:09.954583,599620072527336657,-119.00
2025-12-25 16:59:09.954583,599620072527336657,-124.00
2025-12-25 16:59:09.954583,599620072527336657,-128.00
2025-12-25 16:59:09.954583,599620072527336657,-121.00
2025-12-25 16:59:09.954583,599620072527336657,-112.00
2025-12-25 16:59:09.954583,599620072527336657,-119.00
2025-12-25 16:59:09.954583,599620072527336657,-121.00
2025-12-25 16:59:09.954583,599620072527336657,-110.00
2025-12-25 16:59:10.524909,599620073088206632,-105.00
2025-12-25 16:59:10.524909,599620073088206632,-110.00
2025-12-25 16:59:10.524909,599620073088206632,-112.00
2025-12-25 16:59:10.524909,599620073088206632,-112.00
2025-12-25 16:59:10.524909,599620073088206632,-110.00
2025-12-25 16:59:10.524909,599620073088206632,-103.00
2025-12-25 16:59:10.524909,599620073088206632,-94.00
2025-12-25 16:59:10.524909,599620073088206632,-89.00
2025-12-25 16:59:10.524909,599620073088206632,-94.00
2025-12-25 16:59:10.524909,599620073088206632,-94.00
2025-12-25 16:59:10.524909,599620073088206632,-87.00
2025-12-25 16:59:10.524909,599620073088206632,-85.00
2025-12-25 16:59:10.524909,599620073088206632,-85.00
2025-12-25 16:59:10.524909,599620073088206632,-78.00
2025-12-25 16:59:10.524909,599620073088206632,-73.00
2025-12-25 16:59:10.524909,599620073088206632,-73.00
2025-12-25 16:59:10.524909,599620073088206632,-78.00
2025-12-25 16:59:10.524909,599620073088206632,-82.00
2025-12-25 16:59:10.524909,599620073088206632,-68.00
2025-12-25 16:59:10.524909,599620073088206632,-57.00
2025-12-25 16:59:10.524909,599620073088206632,-71.00
2025-12-25 16:59:10.524909,599620073088206632,-82.00
2025-12-25 16:59:10.524909,599620073088206632,-78.00
2025-12-25 16:59:10.524909,599620073088206632,-78.00
2025-12-25 16:59:10.524909,599620073088206632,-82.00
2025-12-25 16:59:10.524909,599620073088206632,-82.00
2025-12-25 16:59:10.524909,599620073088206632,-85.00
2025-12-25 16:59:10.524909,599620073088206632,-89.00
2025-12-25 16:59:10.524909,599620073088206632,-98.00
2025-12-25 16:59:10.524909,599620073088206632,-101.00
2025-12-25 16:59:10.524909,599620073088206632,-98.00
2025-12-25 16:59:10.524909,599620073088206632,-98.00
2025-12-25 16:59:10.524909,599620073088206632,-105.00
2025-12-25 16:59:10.524909,599620073088206632,-114.00
2025-12-25 16:59:10.524909,599620073088206632,-117.00
2025-12-25 16:59:10.524909,599620073088206632,-110.00
2025-12-25 16:59:10.524909,599620073088206632,-98.00
2025-12-25 16:59:10.524909,599620073088206632,-80.00
2025-12-25 16:59:10.524909,599620073088206632,-71.00
2025-12-25 16:59:10.524909,599620073088206632,-82.00
2025-12-25 16:59:10.524909,599620073088206632,-108.00
2025-12-25 16:59:10.524909,599620073088206632,-117.00
2025-12-25 16:59:10.524909,599620073088206632,-110.00
2025-12-25 16:59:10.524909,599620073088206632,-110.00
2025-12-25 16:59:10.524909,599620073088206632,-119.00
2025-12-25 16:59:10.524909,599620073088206632,-121.00
2025-12-25 16:59:10.524909,599620073088206632,-114.00
2025-12-25 16:59:10.524909,599620073088206632,-108.00
2025-12-25 16:59:10.524909,599620073088206632,-108.00
2025-12-25 16:59:10.524909,599620073088206632,-78.00
2025-12-25 16:59:10.524909,599620073088206632,57.00
2025-12-25 16:59:10.524909,599620073088206632,363.00
2025-12-25 16:59:10.524909,599620073088206632,604.00
2025-12-25 16:59:10.524909,599620073088206632,209.00
2025-12-25 16:59:10.524909,599620073088206632,-756.00
2025-12-25 16:59:10.524909,599620073088206632,-1135.00
2025-12-25 16:59:10.524909,599620073088206632,-613.00
2025-12-25 16:59:10.524909,599620073088206632,-197.00
2025-12-25 16:59:10.524909,599620073088206632,-156.00
2025-12-25 16:59:10.524909,599620073088206632,-78.00
2025-12-25 16:59:10.524909,599620073088206632,-20.00
2025-12-25 16:59:10.524909,599620073088206632,-52.00
2025-12-25 16:59:10.524909,599620073088206632,-50.00
2025-12-25 16:59:10.524909,599620073088206632,-20.00
2025-12-25 16:59:10.524909,599620073088206632,-20.00
2025-12-25 16:59:10.524909,599620073088206632,-20.00
2025-12-25 16:59:10.524909,599620073088206632,-6.00
2025-12-25 16:59:10.524909,599620073088206632,-2.00
2025-12-25 16:59:10.524909,599620073088206632,-4.00
2025-12-25 16:59:10.524909,599620073088206632,0.00
2025-12-25 16:59:10.524909,599620073088206632,2.00
2025-12-25 16:59:10.524909,599620073088206632,11.00
2025-12-25 16:59:10.524909,599620073088206632,22.00
2025-12-25 16:59:11.012865,599620073649066437,25.00
2025-12-25 16:59:11.012865,599620073649066437,27.00
2025-12-25 16:59:11.012865,599620073649066437,39.00
2025-12-25 16:59:11.012865,599620073649066437,52.00
2025-12-25 16:59:11.012865,599620073649066437,66.00
2025-12-25 16:59:11.012865,599620073649066437,78.00
2025-12-25 16:59:11.012865,599620073649066437,91.00
2025-12-25 16:59:11.012865,599620073649066437,101.00
2025-12-25 16:59:11.012865,599620073649066437,103.00
2025-12-25 16:59:11.012865,599620073649066437,105.00
2025-12-25 16:59:11.012865,599620073649066437,112.00
2025-12-25 16:59:11.012865,599620073649066437,112.00
2025-12-25 16:59:11.012865,599620073649066437,94.00
2025-12-25 16:59:11.012865,599620073649066437,66.00
2025-12-25 16:59:11.012865,599620073649066437,34.00
2025-12-25 16:59:11.012865,599620073649066437,2.00
2025-12-25 16:59:11.012865,599620073649066437,-25.00
2025-12-25 16:59:11.012865,599620073649066437,-48.00
2025-12-25 16:59:11.012865,599620073649066437,-75.00
2025-12-25 16:59:11.012865,599620073649066437,-96.00
2025-12-25 16:59:11.012865,599620073649066437,-110.00
2025-12-25 16:59:11.012865,599620073649066437,-117.00
2025-12-25 16:59:11.012865,599620073649066437,-114.00
2025-12-25 16:59:11.012865,599620073649066437,-112.00
2025-12-25 16:59:11.012865,599620073649066437,-114.00
2025-12-25 16:59:11.012865,599620073649066437,-114.00
2025-12-25 16:59:11.012865,599620073649066437,-114.00
2025-12-25 16:59:11.012865,599620073649066437,-110.00
2025-12-25 16:59:11.012865,599620073649066437,-103.00
2025-12-25 16:59:11.012865,599620073649066437,-103.00
2025-12-25 16:59:11.012865,599620073649066437,-103.00
2025-12-25 16:59:11.012865,599620073649066437,-105.00
2025-12-25 16:59:11.012865,599620073649066437,-101.00
2025-12-25 16:59:11.012865,599620073649066437,-91.00
2025-12-25 16:59:11.012865,599620073649066437,-91.00
2025-12-25 16:59:11.012865,599620073649066437,-94.00
2025-12-25 16:59:11.012865,599620073649066437,-89.00
2025-12-25 16:59:11.012865,599620073649066437,-89.00
2025-12-25 16:59:11.012865,599620073649066437,-89.00
2025-12-25 16:59:11.012865,599620073649066437,-89.00
2025-12-25 16:59:11.012865,599620073649066437,-89.00
2025-12-25 16:59:11.012865,599620073649066437,-89.00
2025-12-25 16:59:11.012865,599620073649066437,-91.00
2025-12-25 16:59:11.012865,599620073649066437,-94.00
2025-12-25 16:59:11.012865,599620073649066437,-98.00
2025-12-25 16:59:11.012865,599620073649066437,-96.00
2025-12-25 16:59:11.012865,599620073649066437,-94.00
2025-12-25 16:59:11.012865,599620073649066437,-94.00
2025-12-25 16:59:11.012865,599620073649066437,-98.00
2025-12-25 16:59:11.012865,599620073649066437,-101.00
2025-12-25 16:59:11.012865,599620073649066437,-101.00
2025-12-25 16:59:11.012865,599620073649066437,-98.00
2025-12-25 16:59:11.012865,599620073649066437,-98.00
2025-12-25 16:59:11.012865,599620073649066437,-101.00
2025-12-25 16:59:11.012865,599620073649066437,-101.00
2025-12-25 16:59:11.012865,599620073649066437,-103.00
2025-12-25 16:59:11.012865,599620073649066437,-103.00
2025-12-25 16:59:11.012865,599620073649066437,-98.00
2025-12-25 16:59:11.012865,599620073649066437,-98.00
2025-12-25 16:59:11.012865,599620073649066437,-103.00
2025-12-25 16:59:11.012865,599620073649066437,-108.00
2025-12-25 16:59:11.012865,599620073649066437,-112.00
2025-12-25 16:59:11.012865,599620073649066437,-110.00
2025-12-25 16:59:11.012865,599620073649066437,-101.00
2025-12-25 16:59:11.012865,599620073649066437,-80.00
2025-12-25 16:59:11.012865,599620073649066437,-59.00
2025-12-25 16:59:11.012865,599620073649066437,-71.00
2025-12-25 16:59:11.012865,599620073649066437,-101.00
2025-12-25 16:59:11.012865,599620073649066437,-103.00
2025-12-25 16:59:11.012865,599620073649066437,-87.00
2025-12-25 16:59:11.012865,599620073649066437,-87.00
2025-12-25 16:59:11.012865,599620073649066437,-94.00
2025-12-25 16:59:11.012865,599620073649066437,-96.00
2025-12-25 16:59:11.581580,599620074209946586,-91.00
2025-12-25 16:59:11.581580,599620074209946586,-91.00
2025-12-25 16:59:11.581580,599620074209946586,-94.00
2025-12-25 16:59:11.581580,599620074209946586,-80.00
2025-12-25 16:59:11.581580,599620074209946586,36.00
2025-12-25 16:59:11.581580,599620074209946586,347.00
2025-12-25 16:59:11.581580,599620074209946586,634.00
2025-12-25 16:59:11.581580,599620074209946586,287.00
2025-12-25 16:59:11.581580,599620074209946586,-733.00
2025-12-25 16:59:11.581580,599620074209946586,-1190.00
2025-12-25 16:59:11.581580,599620074209946586,-567.00
2025-12-25 16:59:11.581580,599620074209946586,-52.00
2025-12-25 16:59:11.581580,599620074209946586,-94.00
2025-12-25 16:59:11.581580,599620074209946586,-78.00
2025-12-25 16:59:11.581580,599620074209946586,18.00
2025-12-25 16:59:11.581580,599620074209946586,-9.00
2025-12-25 16:59:11.581580,599620074209946586,-27.00
2025-12-25 16:59:11.581580,599620074209946586,4.00
2025-12-25 16:59:11.581580,599620074209946586,6.00
2025-12-25 16:59:11.581580,599620074209946586,-2.00
2025-12-25 16:59:11.581580,599620074209946586,6.00
2025-12-25 16:59:11.581580,599620074209946586,4.00
2025-12-25 16:59:11.581580,599620074209946586,2.00
2025-12-25 16:59:11.581580,599620074209946586,13.00
2025-12-25 16:59:11.581580,599620074209946586,22.00
2025-12-25 16:59:11.581580,599620074209946586,22.00
2025-12-25 16:59:11.581580,599620074209946586,27.00
2025-12-25 16:59:11.581580,599620074209946586,34.00
2025-12-25 16:59:11.581580,599620074209946586,43.00
2025-12-25 16:59:11.581580,599620074209946586,50.00
2025-12-25 16:59:11.581580,599620074209946586,57.00
2025-12-25 16:59:11.581580,599620074209946586,62.00
2025-12-25 16:59:11.581580,599620074209946586,66.00
2025-12-25 16:59:11.581580,599620074209946586,75.00
2025-12-25 16:59:11.581580,599620074209946586,87.00
2025-12-25 16:59:11.581580,599620074209946586,91.00
2025-12-25 16:59:11.581580,599620074209946586,89.00
2025-12-25 16:59:11.581580,599620074209946586,87.00
2025-12-25 16:59:11.581580,599620074209946586,73.00
2025-12-25 16:59:11.581580,599620074209946586,55.00
2025-12-25 16:59:11.581580,599620074209946586,41.00
2025-12-25 16:59:11.581580,599620074209946586,11.00
2025-12-25 16:59:11.581580,599620074209946586,-29.00
2025-12-25 16:59:11.581580,599620074209946586,-59.00
2025-12-25 16:59:11.581580,599620074209946586,-82.00
2025-12-25 16:59:11.581580,599620074209946586,-110.00
2025-12-25 16:59:11.581580,599620074209946586,-121.00
2025-12-25 16:59:11.581580,599620074209946586,-121.00
2025-12-25 16:59:11.581580,599620074209946586,-126.00
2025-12-25 16:59:11.581580,599620074209946586,-131.00
2025-12-25 16:59:11.581580,599620074209946586,-131.00
2025-12-25 16:59:11.581580,599620074209946586,-131.00
2025-12-25 16:59:11.581580,599620074209946586,-126.00
2025-12-25 16:59:11.581580,599620074209946586,-124.00
2025-12-25 16:59:11.581580,599620074209946586,-121.00
2025-12-25 16:59:11.581580,599620074209946586,-114.00
2025-12-25 16:59:11.581580,599620074209946586,-110.00
2025-12-25 16:59:11.581580,599620074209946586,-108.00
2025-12-25 16:59:11.581580,599620074209946586,-105.00
2025-12-25 16:59:11.581580,599620074209946586,-105.00
2025-12-25 16:59:11.581580,599620074209946586,-103.00
2025-12-25 16:59:11.581580,599620074209946586,-87.00
2025-12-25 16:59:11.581580,599620074209946586,-75.00
2025-12-25 16:59:11.581580,599620074209946586,-80.00
2025-12-25 16:59:11.581580,599620074209946586,-82.00
2025-12-25 16:59:11.581580,599620074209946586,-80.00
2025-12-25 16:59:11.581580,599620074209946586,-80.00
2025-12-25 16:59:11.581580,599620074209946586,-80.00
2025-12-25 16:59:11.581580,599620074209946586,-85.00
2025-12-25 16:59:11.581580,599620074209946586,-89.00
2025-12-25 16:59:11.581580,599620074209946586,-87.00
2025-12-25 16:59:11.581580,599620074209946586,-85.00
2025-12-25 16:59:11.581580,599620074209946586,-89.00
2025-12-25 16:59:12.224586,599620074770826737,-96.00
2025-12-25 16:59:12.224586,599620074770826737,-98.00
2025-12-25 16:59:12.224586,599620074770826737,-96.00
2025-12-25 16:59:12.224586,599620074770826737,-94.00
2025-12-25 16:59:12.224586,599620074770826737,-89.00
2025-12-25 16:59:12.224586,599620074770826737,-78.00
2025-12-25 16:59:12.224586,599620074770826737,-78.00
2025-12-25 16:59:12.224586,599620074770826737,-89.00
2025-12-25 16:59:12.224586,599620074770826737,-94.00
2025-12-25 16:59:12.224586,599620074770826737,-87.00
2025-12-25 16:59:12.224586,599620074770826737,-75.00
2025-12-25 16:59:12.224586,599620074770826737,-68.00
2025-12-25 16:59:12.224586,599620074770826737,-75.00
2025-12-25 16:59:12.224586,599620074770826737,-85.00
2025-12-25 16:59:12.224586,599620074770826737,-80.00
2025-12-25 16:59:12.224586,599620074770826737,-71.00
2025-12-25 16:59:12.224586,599620074770826737,-52.00
2025-12-25 16:59:12.224586,599620074770826737,-34.00
2025-12-25 16:59:12.224586,599620074770826737,-48.00
2025-12-25 16:59:12.224586,599620074770826737,-80.00
2025-12-25 16:59:12.224586,599620074770826737,-85.00
2025-12-25 16:59:12.224586,599620074770826737,-78.00
2025-12-25 16:59:12.224586,599620074770826737,-85.00
2025-12-25 16:59:12.224586,599620074770826737,-89.00
2025-12-25 16:59:12.224586,599620074770826737,-91.00
2025-12-25 16:59:12.224586,599620074770826737,-96.00
2025-12-25 16:59:12.224586,599620074770826737,-98.00
2025-12-25 16:59:12.224586,599620074770826737,-101.00
2025-12-25 16:59:12.224586,599620074770826737,-82.00
2025-12-25 16:59:12.224586,599620074770826737,36.00
2025-12-25 16:59:12.224586,599620074770826737,347.00
2025-12-25 16:59:12.224586,599620074770826737,627.00
2025-12-25 16:59:12.224586,599620074770826737,271.00
2025-12-25 16:59:12.224586,599620074770826737,-749.00
2025-12-25 16:59:12.224586,599620074770826737,-1200.00
2025-12-25 16:59:12.224586,599620074770826737,-595.00
2025-12-25 16:59:12.224586,599620074770826737,-96.00
2025-12-25 16:59:12.224586,599620074770826737,-126.00
2025-12-25 16:59:12.224586,599620074770826737,-110.00
2025-12-25 16:59:12.224586,599620074770826737,-29.00
2025-12-25 16:59:12.224586,599620074770826737,-50.00
2025-12-25 16:59:12.224586,599620074770826737,-62.00
2025-12-25 16:59:12.224586,599620074770826737,-34.00
2025-12-25 16:59:12.224586,599620074770826737,-36.00
2025-12-25 16:59:12.224586,599620074770826737,-41.00
2025-12-25 16:59:12.224586,599620074770826737,-29.00
2025-12-25 16:59:12.224586,599620074770826737,-22.00
2025-12-25 16:59:12.224586,599620074770826737,-25.00
2025-12-25 16:59:12.224586,599620074770826737,-22.00
2025-12-25 16:59:12.224586,599620074770826737,-20.00
2025-12-25 16:59:12.224586,599620074770826737,-18.00
2025-12-25 16:59:12.224586,599620074770826737,-9.00
2025-12-25 16:59:12.224586,599620074770826737,2.00
2025-12-25 16:59:12.224586,599620074770826737,9.00
2025-12-25 16:59:12.224586,599620074770826737,16.00
2025-12-25 16:59:12.224586,599620074770826737,29.00
2025-12-25 16:59:12.224586,599620074770826737,39.00
2025-12-25 16:59:12.224586,599620074770826737,50.00
2025-12-25 16:59:12.224586,599620074770826737,66.00
2025-12-25 16:59:12.224586,599620074770826737,73.00
2025-12-25 16:59:12.224586,599620074770826737,73.00
2025-12-25 16:59:12.224586,599620074770826737,71.00
2025-12-25 16:59:12.224586,599620074770826737,68.00
2025-12-25 16:59:12.224586,599620074770826737,66.00
2025-12-25 16:59:12.224586,599620074770826737,52.00
2025-12-25 16:59:12.224586,599620074770826737,27.00
2025-12-25 16:59:12.224586,599620074770826737,-4.00
2025-12-25 16:59:12.224586,599620074770826737,-41.00
2025-12-25 16:59:12.224586,599620074770826737,-80.00
2025-12-25 16:59:12.224586,599620074770826737,-112.00
2025-12-25 16:59:12.224586,599620074770826737,-133.00
2025-12-25 16:59:12.224586,599620074770826737,-149.00
2025-12-25 16:59:12.224586,599620074770826737,-156.00
2025-12-25 16:59:12.742335,599620075331686540,-158.00
2025-12-25 16:59:12.742335,599620075331686540,-158.00
2025-12-25 16:59:12.742335,599620075331686540,-149.00
2025-12-25 16:59:12.742335,599620075331686540,-144.00
2025-12-25 16:59:12.742335,599620075331686540,-144.00
2025-12-25 16:59:12.742335,599620075331686540,-137.00
2025-12-25 16:59:12.742335,599620075331686540,-131.00
2025-12-25 16:59:12.742335,599620075331686540,-128.00
2025-12-25 16:59:12.742335,599620075331686540,-124.00
2025-12-25 16:59:12.742335,599620075331686540,-119.00
2025-12-25 16:59:12.742335,599620075331686540,-112.00
2025-12-25 16:59:12.742335,599620075331686540,-105.00
2025-12-25 16:59:12.742335,599620075331686540,-103.00
2025-12-25 16:59:12.742335,599620075331686540,-96.00
2025-12-25 16:59:12.742335,599620075331686540,-80.00
2025-12-25 16:59:12.742335,599620075331686540,-73.00
2025-12-25 16:59:12.742335,599620075331686540,-82.00
2025-12-25 16:59:12.742335,599620075331686540,-87.00
2025-12-25 16:59:12.742335,599620075331686540,-82.00
2025-12-25 16:59:12.742335,599620075331686540,-78.00
2025-12-25 16:59:12.742335,599620075331686540,-66.00
2025-12-25 16:59:12.742335,599620075331686540,-66.00
2025-12-25 16:59:12.742335,599620075331686540,-75.00
2025-12-25 16:59:12.742335,599620075331686540,-75.00
2025-12-25 16:59:12.742335,599620075331686540,-78.00
2025-12-25 16:59:12.742335,599620075331686540,-82.00
2025-12-25 16:59:12.742335,599620075331686540,-82.00
2025-12-25 16:59:12.742335,599620075331686540,-85.00
2025-12-25 16:59:12.742335,599620075331686540,-85.00
2025-12-25 16:59:12.742335,599620075331686540,-85.00
2025-12-25 16:59:12.742335,599620075331686540,-89.00
2025-12-25 16:59:12.742335,599620075331686540,-89.00
2025-12-25 16:59:12.742335,599620075331686540,-87.00
2025-12-25 16:59:12.742335,599620075331686540,-91.00
2025-12-25 16:59:12.742335,599620075331686540,-96.00
2025-12-25 16:59:12.742335,599620075331686540,-96.00
2025-12-25 16:59:12.742335,599620075331686540,-98.00
2025-12-25 16:59:12.742335,599620075331686540,-103.00
2025-12-25 16:59:12.742335,599620075331686540,-108.00
2025-12-25 16:59:12.742335,599620075331686540,-105.00
2025-12-25 16:59:12.742335,599620075331686540,-96.00
2025-12-25 16:59:12.742335,599620075331686540,-80.00
2025-12-25 16:59:12.742335,599620075331686540,-59.00
2025-12-25 16:59:12.742335,599620075331686540,-55.00
2025-12-25 16:59:12.742335,599620075331686540,-80.00
2025-12-25 16:59:12.742335,599620075331686540,-101.00
2025-12-25 16:59:12.742335,599620075331686540,-98.00
2025-12-25 16:59:12.742335,599620075331686540,-91.00
2025-12-25 16:59:12.742335,599620075331686540,-89.00
2025-12-25 16:59:12.742335,599620075331686540,-94.00
2025-12-25 16:59:12.742335,599620075331686540,-96.00
2025-12-25 16:59:12.742335,599620075331686540,-98.00
2025-12-25 16:59:12.742335,599620075331686540,-98.00
2025-12-25 16:59:12.742335,599620075331686540,-91.00
2025-12-25 16:59:12.742335,599620075331686540,-34.00
2025-12-25 16:59:12.742335,599620075331686540,177.00
2025-12-25 16:59:12.742335,599620075331686540,510.00
2025-12-25 16:59:12.742335,599620075331686540,505.00
2025-12-25 16:59:12.742335,599620075331686540,-282.00
2025-12-25 16:59:12.742335,599620075331686540,-1105.00
2025-12-25 16:59:12.742335,599620075331686540,-901.00
2025-12-25 16:59:12.742335,599620075331686540,-264.00
2025-12-25 16:59:12.742335,599620075331686540,-98.00
2025-12-25 16:59:12.742335,599620075331686540,-119.00
2025-12-25 16:59:12.742335,599620075331686540,-45.00
2025-12-25 16:59:12.742335,599620075331686540,-34.00
2025-12-25 16:59:12.742335,599620075331686540,-62.00
2025-12-25 16:59:12.742335,599620075331686540,-41.00
2025-12-25 16:59:12.742335,599620075331686540,-29.00
2025-12-25 16:59:12.742335,599620075331686540,-39.00
2025-12-25 16:59:12.742335,599620075331686540,-32.00
2025-12-25 16:59:12.742335,599620075331686540,-25.00
2025-12-25 16:59:12.742335,599620075331686540,-25.00
2025-12-25 16:59:13.251016,599620075892571775,-16.00
2025-12-25 16:59:13.251016,599620075892571775,-9.00
2025-12-25 16:59:13.251016,599620075892571775,-4.00
2025-12-25 16:59:13.251016,599620075892571775,0.00
2025-12-25 16:59:13.251016,599620075892571775,0.00
2025-12-25 16:59:13.251016,599620075892571775,2.00
2025-12-25 16:59:13.251016,599620075892571775,16.00
2025-12-25 16:59:13.251016,599620075892571775,20.00
2025-12-25 16:59:13.251016,599620075892571775,25.00
2025-12-25 16:59:13.251016,599620075892571775,34.00
2025-12-25 16:59:13.251016,599620075892571775,48.00
2025-12-25 16:59:13.251016,599620075892571775,66.00
2025-12-25 16:59:13.251016,599620075892571775,78.00
2025-12-25 16:59:13.251016,599620075892571775,78.00
2025-12-25 16:59:13.251016,599620075892571775,73.00
2025-12-25 16:59:13.251016,599620075892571775,64.00
2025-12-25 16:59:13.251016,599620075892571775,59.00
2025-12-25 16:59:13.251016,599620075892571775,59.00
2025-12-25 16:59:13.251016,599620075892571775,41.00
2025-12-25 16:59:13.251016,599620075892571775,6.00
2025-12-25 16:59:13.251016,599620075892571775,-25.00
2025-12-25 16:59:13.251016,599620075892571775,-62.00
2025-12-25 16:59:13.251016,599620075892571775,-94.00
2025-12-25 16:59:13.251016,599620075892571775,-110.00
2025-12-25 16:59:13.251016,599620075892571775,-117.00
2025-12-25 16:59:13.251016,599620075892571775,-126.00
2025-12-25 16:59:13.251016,599620075892571775,-131.00
2025-12-25 16:59:13.251016,599620075892571775,-128.00
2025-12-25 16:59:13.251016,599620075892571775,-126.00
2025-12-25 16:59:13.251016,599620075892571775,-124.00
2025-12-25 16:59:13.251016,599620075892571775,-121.00
2025-12-25 16:59:13.251016,599620075892571775,-117.00
2025-12-25 16:59:13.251016,599620075892571775,-112.00
2025-12-25 16:59:13.251016,599620075892571775,-112.00
2025-12-25 16:59:13.251016,599620075892571775,-110.00
2025-12-25 16:59:13.251016,599620075892571775,-101.00
2025-12-25 16:59:13.251016,599620075892571775,-96.00
2025-12-25 16:59:13.251016,599620075892571775,-94.00
2025-12-25 16:59:13.251016,599620075892571775,-82.00
2025-12-25 16:59:13.251016,599620075892571775,-73.00
2025-12-25 16:59:13.251016,599620075892571775,-66.00
2025-12-25 16:59:13.251016,599620075892571775,-62.00
2025-12-25 16:59:13.251016,599620075892571775,-64.00
2025-12-25 16:59:13.251016,599620075892571775,-71.00
2025-12-25 16:59:13.251016,599620075892571775,-73.00
2025-12-25 16:59:13.251016,599620075892571775,-75.00
2025-12-25 16:59:13.251016,599620075892571775,-75.00
2025-12-25 16:59:13.251016,599620075892571775,-73.00
2025-12-25 16:59:13.251016,599620075892571775,-78.00
2025-12-25 16:59:13.251016,599620075892571775,-80.00
2025-12-25 16:59:13.251016,599620075892571775,-82.00
2025-12-25 16:59:13.251016,599620075892571775,-85.00
2025-12-25 16:59:13.251016,599620075892571775,-85.00
2025-12-25 16:59:13.251016,599620075892571775,-85.00
2025-12-25 16:59:13.251016,599620075892571775,-87.00
2025-12-25 16:59:13.251016,599620075892571775,-82.00
2025-12-25 16:59:13.251016,599620075892571775,-78.00
2025-12-25 16:59:13.251016,599620075892571775,-82.00
2025-12-25 16:59:13.251016,599620075892571775,-87.00
2025-12-25 16:59:13.251016,599620075892571775,-87.00
2025-12-25 16:59:13.251016,599620075892571775,-91.00
2025-12-25 16:59:13.251016,599620075892571775,-94.00
2025-12-25 16:59:13.251016,599620075892571775,-85.00
2025-12-25 16:59:13.251016,599620075892571775,-71.00
2025-12-25 16:59:13.251016,599620075892571775,-50.00
2025-12-25 16:59:13.251016,599620075892571775,-41.00
2025-12-25 16:59:13.251016,599620075892571775,-59.00
2025-12-25 16:59:13.251016,599620075892571775,-82.00
2025-12-25 16:59:13.251016,599620075892571775,-85.00
2025-12-25 16:59:13.251016,599620075892571775,-85.00
2025-12-25 16:59:13.251016,599620075892571775,-87.00
2025-12-25 16:59:13.251016,599620075892571775,-89.00
2025-12-25 16:59:13.251016,599620075892571775,-89.00
2025-12-25 16:59:13.829507,599620076453426492,-96.00
2025-12-25 16:59:13.829507,599620076453426492,-96.00
2025-12-25 16:59:13.829507,599620076453426492,-91.00
2025-12-25 16:59:13.829507,599620076453426492,-66.00
2025-12-25 16:59:13.829507,599620076453426492,66.00
2025-12-25 16:59:13.829507,599620076453426492,379.00
2025-12-25 16:59:13.829507,599620076453426492,609.00
2025-12-25 16:59:13.829507,599620076453426492,158.00
2025-12-25 16:59:13.829507,599620076453426492,-813.00
2025-12-25 16:59:13.829507,599620076453426492,-1087.00
2025-12-25 16:59:13.829507,599620076453426492,-480.00
2025-12-25 16:59:13.829507,599620076453426492,-91.00
2025-12-25 16:59:13.829507,599620076453426492,-105.00
2025-12-25 16:59:13.829507,599620076453426492,-55.00
2025-12-25 16:59:13.829507,599620076453426492,9.00
2025-12-25 16:59:13.829507,599620076453426492,-11.00
2025-12-25 16:59:13.829507,599620076453426492,-9.00
2025-12-25 16:59:13.829507,599620076453426492,11.00
2025-12-25 16:59:13.829507,599620076453426492,9.00
2025-12-25 16:59:13.829507,599620076453426492,4.00
2025-12-25 16:59:13.829507,599620076453426492,16.00
2025-12-25 16:59:13.829507,599620076453426492,18.00
2025-12-25 16:59:13.829507,599620076453426492,13.00
2025-12-25 16:59:13.829507,599620076453426492,16.00
2025-12-25 16:59:13.829507,599620076453426492,22.00
2025-12-25 16:59:13.829507,599620076453426492,34.00
2025-12-25 16:59:13.829507,599620076453426492,39.00
2025-12-25 16:59:13.829507,599620076453426492,41.00
2025-12-25 16:59:13.829507,599620076453426492,45.00
2025-12-25 16:59:13.829507,599620076453426492,55.00
2025-12-25 16:59:13.829507,599620076453426492,62.00
2025-12-25 16:59:13.829507,599620076453426492,66.00
2025-12-25 16:59:13.829507,599620076453426492,78.00
2025-12-25 16:59:13.829507,599620076453426492,89.00
2025-12-25 16:59:13.829507,599620076453426492,94.00
2025-12-25 16:59:13.829507,599620076453426492,94.00
2025-12-25 16:59:13.829507,599620076453426492,96.00
2025-12-25 16:59:13.829507,599620076453426492,94.00
2025-12-25 16:59:13.829507,599620076453426492,85.00
2025-12-25 16:59:13.829507,599620076453426492,62.00
2025-12-25 16:59:13.829507,599620076453426492,36.00
2025-12-25 16:59:13.829507,599620076453426492,6.00
2025-12-25 16:59:13.829507,599620076453426492,-32.00
2025-12-25 16:59:13.829507,599620076453426492,-68.00
2025-12-25 16:59:13.829507,599620076453426492,-98.00
2025-12-25 16:59:13.829507,599620076453426492,-119.00
2025-12-25 16:59:13.829507,599620076453426492,-131.00
2025-12-25 16:59:13.829507,599620076453426492,-133.00
2025-12-25 16:59:13.829507,599620076453426492,-137.00
2025-12-25 16:59:13.829507,599620076453426492,-137.00
2025-12-25 16:59:13.829507,599620076453426492,-135.00
2025-12-25 16:59:13.829507,599620076453426492,-135.00
2025-12-25 16:59:13.829507,599620076453426492,-135.00
2025-12-25 16:59:13.829507,599620076453426492,-128.00
2025-12-25 16:59:13.829507,599620076453426492,-121.00
2025-12-25 16:59:13.829507,599620076453426492,-117.00
2025-12-25 16:59:13.829507,599620076453426492,-117.00
2025-12-25 16:59:13.829507,599620076453426492,-112.00
2025-12-25 16:59:13.829507,599620076453426492,-105.00
2025-12-25 16:59:13.829507,599620076453426492,-103.00
2025-12-25 16:59:13.829507,599620076453426492,-98.00
2025-12-25 16:59:13.829507,599620076453426492,-96.00
2025-12-25 16:59:13.829507,599620076453426492,-94.00
2025-12-25 16:59:13.829507,599620076453426492,-89.00
2025-12-25 16:59:13.829507,599620076453426492,-89.00
2025-12-25 16:59:13.829507,599620076453426492,-91.00
2025-12-25 16:59:13.829507,599620076453426492,-82.00
2025-12-25 16:59:13.829507,599620076453426492,-71.00
2025-12-25 16:59:13.829507,599620076453426492,-75.00
2025-12-25 16:59:13.829507,599620076453426492,-87.00
2025-12-25 16:59:13.829507,599620076453426492,-89.00
2025-12-25 16:59:13.829507,599620076453426492,-87.00
2025-12-25 16:59:13.829507,599620076453426492,-87.00
2025-12-25 16:59:14.329296,599620077014311727,-87.00
2025-12-25 16:59:14.329296,599620077014311727,-85.00
2025-12-25 16:59:14.329296,599620077014311727,-87.00
2025-12-25 16:59:14.329296,599620077014311727,-91.00
2025-12-25 16:59:14.329296,599620077014311727,-91.00
2025-12-25 16:59:14.329296,599620077014311727,-78.00
2025-12-25 16:59:14.329296,599620077014311727,-68.00
2025-12-25 16:59:14.329296,599620077014311727,-73.00
2025-12-25 16:59:14.329296,599620077014311727,-80.00
2025-12-25 16:59:14.329296,599620077014311727,-78.00
2025-12-25 16:59:14.329296,599620077014311727,-78.00
2025-12-25 16:59:14.329296,599620077014311727,-71.00
2025-12-25 16:59:14.329296,599620077014311727,-66.00
2025-12-25 16:59:14.329296,599620077014311727,-78.00
2025-12-25 16:59:14.329296,599620077014311727,-80.00
2025-12-25 16:59:14.329296,599620077014311727,-62.00
2025-12-25 16:59:14.329296,599620077014311727,-43.00
2025-12-25 16:59:14.329296,599620077014311727,-25.00
2025-12-25 16:59:14.329296,599620077014311727,-29.00
2025-12-25 16:59:14.329296,599620077014311727,-59.00
2025-12-25 16:59:14.329296,599620077014311727,-80.00
2025-12-25 16:59:14.329296,599620077014311727,-80.00
2025-12-25 16:59:14.329296,599620077014311727,-85.00
2025-12-25 16:59:14.329296,599620077014311727,-89.00
2025-12-25 16:59:14.329296,599620077014311727,-89.00
2025-12-25 16:59:14.329296,599620077014311727,-87.00
2025-12-25 16:59:14.329296,599620077014311727,-87.00
2025-12-25 16:59:14.329296,599620077014311727,-89.00
2025-12-25 16:59:14.329296,599620077014311727,-87.00
2025-12-25 16:59:14.329296,599620077014311727,-20.00
2025-12-25 16:59:14.329296,599620077014311727,206.00
2025-12-25 16:59:14.329296,599620077014311727,540.00
2025-12-25 16:59:14.329296,599620077014311727,501.00
2025-12-25 16:59:14.329296,599620077014311727,-333.00
2025-12-25 16:59:14.329296,599620077014311727,-1144.00
2025-12-25 16:59:14.329296,599620077014311727,-866.00
2025-12-25 16:59:14.329296,599620077014311727,-209.00
2025-12-25 16:59:14.329296,599620077014311727,-91.00
2025-12-25 16:59:14.329296,599620077014311727,-137.00
2025-12-25 16:59:14.329296,599620077014311727,-59.00
2025-12-25 16:59:14.329296,599620077014311727,-48.00
2025-12-25 16:59:14.329296,599620077014311727,-73.00
2025-12-25 16:59:14.329296,599620077014311727,-50.00
2025-12-25 16:59:14.329296,599620077014311727,-41.00
2025-12-25 16:59:14.329296,599620077014311727,-52.00
2025-12-25 16:59:14.329296,599620077014311727,-52.00
2025-12-25 16:59:14.329296,599620077014311727,-41.00
2025-12-25 16:59:14.329296,599620077014311727,-36.00
2025-12-25 16:59:14.329296,599620077014311727,-32.00
2025-12-25 16:59:14.329296,599620077014311727,-25.00
2025-12-25 16:59:14.329296,599620077014311727,-22.00
2025-12-25 16:59:14.329296,599620077014311727,-22.00
2025-12-25 16:59:14.329296,599620077014311727,-18.00
2025-12-25 16:59:14.329296,599620077014311727,-11.00
2025-12-25 16:59:14.329296,599620077014311727,-6.00
2025-12-25 16:59:14.329296,599620077014311727,-2.00
2025-12-25 16:59:14.329296,599620077014311727,2.00
2025-12-25 16:59:14.329296,599620077014311727,9.00
2025-12-25 16:59:14.329296,599620077014311727,20.00
2025-12-25 16:59:14.329296,599620077014311727,27.00
2025-12-25 16:59:14.329296,599620077014311727,27.00
2025-12-25 16:59:14.329296,599620077014311727,27.00
2025-12-25 16:59:14.329296,599620077014311727,29.00
2025-12-25 16:59:14.329296,599620077014311727,25.00
2025-12-25 16:59:14.329296,599620077014311727,18.00
2025-12-25 16:59:14.329296,599620077014311727,2.00
2025-12-25 16:59:14.329296,599620077014311727,-27.00
2025-12-25 16:59:14.329296,599620077014311727,-66.00
2025-12-25 16:59:14.329296,599620077014311727,-105.00
2025-12-25 16:59:14.329296,599620077014311727,-140.00
2025-12-25 16:59:14.329296,599620077014311727,-165.00
2025-12-25 16:59:14.329296,599620077014311727,-177.00
2025-12-25 16:59:14.329296,599620077014311727,-186.00
