Timestamp,Device Timestamp (ns),ECG Value (uV)
2025-12-25 15:55:55.231169,599616277639758245,-112.00
2025-12-25 15:55:55.231169,599616277639758245,-105.00
2025-12-25 15:55:55.231169,599616277639758245,-103.00
2025-12-25 15:55:55.231169,599616277639758245,-101.00
2025-12-25 15:55:55.231169,599616277639758245,-98.00
2025-12-25 15:55:55.231169,599616277639758245,-105.00
2025-12-25 15:55:55.231169,599616277639758245,-105.00
2025-12-25 15:55:55.231169,599616277639758245,-91.00
2025-12-25 15:55:55.231169,599616277639758245,-94.00
2025-12-25 15:55:55.231169,599616277639758245,-121.00
2025-12-25 15:55:55.231169,599616277639758245,-140.00
2025-12-25 15:55:55.231169,599616277639758245,-147.00
2025-12-25 15:55:55.231169,599616277639758245,-151.00
2025-12-25 15:55:55.231169,599616277639758245,-151.00
2025-12-25 15:55:55.231169,599616277639758245,-154.00
2025-12-25 15:55:55.231169,599616277639758245,-158.00
2025-12-25 15:55:55.231169,599616277639758245,-156.00
2025-12-25 15:55:55.231169,599616277639758245,-156.00
2025-12-25 15:55:55.231169,599616277639758245,-158.00
2025-12-25 15:55:55.231169,599616277639758245,-156.00
2025-12-25 15:55:55.231169,599616277639758245,-154.00
2025-12-25 15:55:55.231169,599616277639758245,-149.00
2025-12-25 15:55:55.231169,599616277639758245,-149.00
2025-12-25 15:55:55.231169,599616277639758245,-154.00
2025-12-25 15:55:55.231169,599616277639758245,-149.00
2025-12-25 15:55:55.231169,599616277639758245,-144.00
2025-12-25 15:55:55.231169,599616277639758245,-149.00
2025-12-25 15:55:55.231169,599616277639758245,-154.00
2025-12-25 15:55:55.231169,599616277639758245,-149.00
2025-12-25 15:55:55.231169,599616277639758245,-151.00
2025-12-25 15:55:55.231169,599616277639758245,-158.00
2025-12-25 15:55:55.231169,599616277639758245,-158.00
2025-12-25 15:55:55.231169,599616277639758245,-158.00
2025-12-25 15:55:55.231169,599616277639758245,-160.00
2025-12-25 15:55:55.231169,599616277639758245,-167.00
2025-12-25 15:55:55.231169,599616277639758245,-170.00
2025-12-25 15:55:55.231169,599616277639758245,-167.00
2025-12-25 15:55:55.231169,599616277639758245,-167.00
2025-12-25 15:55:55.231169,599616277639758245,-172.00
2025-12-25 15:55:55.231169,599616277639758245,-174.00
2025-12-25 15:55:55.231169,599616277639758245,-165.00
2025-12-25 15:55:55.231169,599616277639758245,-154.00
2025-12-25 15:55:55.231169,599616277639758245,-149.00
2025-12-25 15:55:55.231169,599616277639758245,-158.00
2025-12-25 15:55:55.231169,599616277639758245,-172.00
2025-12-25 15:55:55.231169,599616277639758245,-179.00
2025-12-25 15:55:55.231169,599616277639758245,-183.00
2025-12-25 15:55:55.231169,599616277639758245,-186.00
2025-12-25 15:55:55.231169,599616277639758245,-183.00
2025-12-25 15:55:55.231169,599616277639758245,-179.00
2025-12-25 15:55:55.231169,599616277639758245,-177.00
2025-12-25 15:55:55.231169,599616277639758245,-172.00
2025-12-25 15:55:55.231169,599616277639758245,-174.00
2025-12-25 15:55:55.231169,599616277639758245,-172.00
2025-12-25 15:55:55.231169,599616277639758245,-167.00
2025-12-25 15:55:55.231169,599616277639758245,-174.00
2025-12-25 15:55:55.231169,599616277639758245,-190.00
2025-12-25 15:55:55.231169,599616277639758245,-186.00
2025-12-25 15:55:55.231169,599616277639758245,-124.00
2025-12-25 15:55:55.231169,599616277639758245,36.00
2025-12-25 15:55:55.231169,599616277639758245,149.00
2025-12-25 15:55:55.231169,599616277639758245,-73.00
2025-12-25 15:55:55.231169,599616277639758245,-434.00
2025-12-25 15:55:55.231169,599616277639758245,-473.00
2025-12-25 15:55:55.231169,599616277639758245,-335.00
2025-12-25 15:55:55.231169,599616277639758245,-294.00
2025-12-25 15:55:55.231169,599616277639758245,-234.00
2025-12-25 15:55:55.231169,599616277639758245,-163.00
2025-12-25 15:55:55.231169,599616277639758245,-170.00
2025-12-25 15:55:55.231169,599616277639758245,-183.00
2025-12-25 15:55:55.231169,599616277639758245,-163.00
2025-12-25 15:55:55.231169,599616277639758245,-156.00
2025-12-25 15:55:55.231169,599616277639758245,-158.00
2025-12-25 15:55:55.633492,599616278200602790,-160.00
2025-12-25 15:55:55.633492,599616278200602790,-163.00
2025-12-25 15:55:55.633492,599616278200602790,-156.00
2025-12-25 15:55:55.633492,599616278200602790,-151.00
2025-12-25 15:55:55.633492,599616278200602790,-151.00
2025-12-25 15:55:55.633492,599616278200602790,-144.00
2025-12-25 15:55:55.633492,599616278200602790,-133.00
2025-12-25 15:55:55.633492,599616278200602790,-133.00
2025-12-25 15:55:55.633492,599616278200602790,-135.00
2025-12-25 15:55:55.633492,599616278200602790,-114.00
2025-12-25 15:55:55.633492,599616278200602790,-94.00
2025-12-25 15:55:55.633492,599616278200602790,-94.00
2025-12-25 15:55:55.633492,599616278200602790,-94.00
2025-12-25 15:55:55.633492,599616278200602790,-91.00
2025-12-25 15:55:55.633492,599616278200602790,-98.00
2025-12-25 15:55:55.633492,599616278200602790,-101.00
2025-12-25 15:55:55.633492,599616278200602790,-101.00
2025-12-25 15:55:55.633492,599616278200602790,-112.00
2025-12-25 15:55:55.633492,599616278200602790,-124.00
2025-12-25 15:55:55.633492,599616278200602790,-133.00
2025-12-25 15:55:55.633492,599616278200602790,-147.00
2025-12-25 15:55:55.633492,599616278200602790,-158.00
2025-12-25 15:55:55.633492,599616278200602790,-167.00
2025-12-25 15:55:55.633492,599616278200602790,-179.00
2025-12-25 15:55:55.633492,599616278200602790,-190.00
2025-12-25 15:55:55.633492,599616278200602790,-193.00
2025-12-25 15:55:55.633492,599616278200602790,-193.00
2025-12-25 15:55:55.633492,599616278200602790,-188.00
2025-12-25 15:55:55.633492,599616278200602790,-183.00
2025-12-25 15:55:55.633492,599616278200602790,-183.00
2025-12-25 15:55:55.633492,599616278200602790,-188.00
2025-12-25 15:55:55.633492,599616278200602790,-193.00
2025-12-25 15:55:55.633492,599616278200602790,-186.00
2025-12-25 15:55:55.633492,599616278200602790,-181.00
2025-12-25 15:55:55.633492,599616278200602790,-183.00
2025-12-25 15:55:55.633492,599616278200602790,-181.00
2025-12-25 15:55:55.633492,599616278200602790,-179.00
2025-12-25 15:55:55.633492,599616278200602790,-183.00
2025-12-25 15:55:55.633492,599616278200602790,-186.00
2025-12-25 15:55:55.633492,599616278200602790,-183.00
2025-12-25 15:55:55.633492,599616278200602790,-181.00
2025-12-25 15:55:55.633492,599616278200602790,-179.00
2025-12-25 15:55:55.633492,599616278200602790,-181.00
2025-12-25 15:55:55.633492,599616278200602790,-179.00
2025-12-25 15:55:55.633492,599616278200602790,-177.00
2025-12-25 15:55:55.633492,599616278200602790,-181.00
2025-12-25 15:55:55.633492,599616278200602790,-190.00
2025-12-25 15:55:55.633492,599616278200602790,-195.00
2025-12-25 15:55:55.633492,599616278200602790,-190.00
2025-12-25 15:55:55.633492,599616278200602790,-190.00
2025-12-25 15:55:55.633492,599616278200602790,-177.00
2025-12-25 15:55:55.633492,599616278200602790,-163.00
2025-12-25 15:55:55.633492,599616278200602790,-163.00
2025-12-25 15:55:55.633492,599616278200602790,-172.00
2025-12-25 15:55:55.633492,599616278200602790,-179.00
2025-12-25 15:55:55.633492,599616278200602790,-188.00
2025-12-25 15:55:55.633492,599616278200602790,-193.00
2025-12-25 15:55:55.633492,599616278200602790,-186.00
2025-12-25 15:55:55.633492,599616278200602790,-188.00
2025-12-25 15:55:55.633492,599616278200602790,-195.00
2025-12-25 15:55:55.633492,599616278200602790,-193.00
2025-12-25 15:55:55.633492,599616278200602790,-193.00
2025-12-25 15:55:55.633492,599616278200602790,-197.00
2025-12-25 15:55:55.633492,599616278200602790,-188.00
2025-12-25 15:55:55.633492,599616278200602790,-181.00
2025-12-25 15:55:55.633492,599616278200602790,-190.00
2025-12-25 15:55:55.633492,599616278200602790,-197.00
2025-12-25 15:55:55.633492,599616278200602790,-193.00
2025-12-25 15:55:55.633492,599616278200602790,-149.00
2025-12-25 15:55:55.633492,599616278200602790,-11.00
2025-12-25 15:55:55.633492,599616278200602790,133.00
2025-12-25 15:55:55.633492,599616278200602790,-6.00
2025-12-25 15:55:55.633492,599616278200602790,-363.00
2025-12-25 15:55:56.235935,599616278761437161,-475.00
2025-12-25 15:55:56.235935,599616278761437161,-347.00
2025-12-25 15:55:56.235935,599616278761437161,-271.00
2025-12-25 15:55:56.235935,599616278761437161,-223.00
2025-12-25 15:55:56.235935,599616278761437161,-158.00
2025-12-25 15:55:56.235935,599616278761437161,-156.00
2025-12-25 15:55:56.235935,599616278761437161,-165.00
2025-12-25 15:55:56.235935,599616278761437161,-140.00
2025-12-25 15:55:56.235935,599616278761437161,-124.00
2025-12-25 15:55:56.235935,599616278761437161,-131.00
2025-12-25 15:55:56.235935,599616278761437161,-131.00
2025-12-25 15:55:56.235935,599616278761437161,-131.00
2025-12-25 15:55:56.235935,599616278761437161,-135.00
2025-12-25 15:55:56.235935,599616278761437161,-124.00
2025-12-25 15:55:56.235935,599616278761437161,-114.00
2025-12-25 15:55:56.235935,599616278761437161,-121.00
2025-12-25 15:55:56.235935,599616278761437161,-121.00
2025-12-25 15:55:56.235935,599616278761437161,-117.00
2025-12-25 15:55:56.235935,599616278761437161,-117.00
2025-12-25 15:55:56.235935,599616278761437161,-110.00
2025-12-25 15:55:56.235935,599616278761437161,-101.00
2025-12-25 15:55:56.235935,599616278761437161,-98.00
2025-12-25 15:55:56.235935,599616278761437161,-98.00
2025-12-25 15:55:56.235935,599616278761437161,-98.00
2025-12-25 15:55:56.235935,599616278761437161,-103.00
2025-12-25 15:55:56.235935,599616278761437161,-101.00
2025-12-25 15:55:56.235935,599616278761437161,-103.00
2025-12-25 15:55:56.235935,599616278761437161,-110.00
2025-12-25 15:55:56.235935,599616278761437161,-112.00
2025-12-25 15:55:56.235935,599616278761437161,-124.00
2025-12-25 15:55:56.235935,599616278761437161,-142.00
2025-12-25 15:55:56.235935,599616278761437161,-156.00
2025-12-25 15:55:56.235935,599616278761437161,-160.00
2025-12-25 15:55:56.235935,599616278761437161,-165.00
2025-12-25 15:55:56.235935,599616278761437161,-177.00
2025-12-25 15:55:56.235935,599616278761437161,-183.00
2025-12-25 15:55:56.235935,599616278761437161,-177.00
2025-12-25 15:55:56.235935,599616278761437161,-170.00
2025-12-25 15:55:56.235935,599616278761437161,-170.00
2025-12-25 15:55:56.235935,599616278761437161,-177.00
2025-12-25 15:55:56.235935,599616278761437161,-179.00
2025-12-25 15:55:56.235935,599616278761437161,-174.00
2025-12-25 15:55:56.235935,599616278761437161,-167.00
2025-12-25 15:55:56.235935,599616278761437161,-167.00
2025-12-25 15:55:56.235935,599616278761437161,-172.00
2025-12-25 15:55:56.235935,599616278761437161,-170.00
2025-12-25 15:55:56.235935,599616278761437161,-172.00
2025-12-25 15:55:56.235935,599616278761437161,-179.00
2025-12-25 15:55:56.235935,599616278761437161,-172.00
2025-12-25 15:55:56.235935,599616278761437161,-167.00
2025-12-25 15:55:56.235935,599616278761437161,-174.00
2025-12-25 15:55:56.235935,599616278761437161,-179.00
2025-12-25 15:55:56.235935,599616278761437161,-179.00
2025-12-25 15:55:56.235935,599616278761437161,-181.00
2025-12-25 15:55:56.235935,599616278761437161,-179.00
2025-12-25 15:55:56.235935,599616278761437161,-177.00
2025-12-25 15:55:56.235935,599616278761437161,-183.00
2025-12-25 15:55:56.235935,599616278761437161,-190.00
2025-12-25 15:55:56.235935,599616278761437161,-186.00
2025-12-25 15:55:56.235935,599616278761437161,-186.00
2025-12-25 15:55:56.235935,599616278761437161,-188.00
2025-12-25 15:55:56.235935,599616278761437161,-177.00
2025-12-25 15:55:56.235935,599616278761437161,-156.00
2025-12-25 15:55:56.235935,599616278761437161,-154.00
2025-12-25 15:55:56.235935,599616278761437161,-167.00
2025-12-25 15:55:56.235935,599616278761437161,-177.00
2025-12-25 15:55:56.235935,599616278761437161,-181.00
2025-12-25 15:55:56.235935,599616278761437161,-177.00
2025-12-25 15:55:56.235935,599616278761437161,-174.00
2025-12-25 15:55:56.235935,599616278761437161,-181.00
2025-12-25 15:55:56.235935,599616278761437161,-179.00
2025-12-25 15:55:56.235935,599616278761437161,-177.00
2025-12-25 15:55:56.235935,599616278761437161,-179.00
2025-12-25 15:55:56.987559,599616279322271534,-172.00
2025-12-25 15:55:56.987559,599616279322271534,-170.00
2025-12-25 15:55:56.987559,599616279322271534,-179.00
2025-12-25 15:55:56.987559,599616279322271534,-179.00
2025-12-25 15:55:56.987559,599616279322271534,-174.00
2025-12-25 15:55:56.987559,599616279322271534,-174.00
2025-12-25 15:55:56.987559,599616279322271534,-135.00
2025-12-25 15:55:56.987559,599616279322271534,4.00
2025-12-25 15:55:56.987559,599616279322271534,131.00
2025-12-25 15:55:56.987559,599616279322271534,-39.00
2025-12-25 15:55:56.987559,599616279322271534,-377.00
2025-12-25 15:55:56.987559,599616279322271534,-443.00
2025-12-25 15:55:56.987559,599616279322271534,-319.00
2025-12-25 15:55:56.987559,599616279322271534,-264.00
2025-12-25 15:55:56.987559,599616279322271534,-213.00
2025-12-25 15:55:56.987559,599616279322271534,-147.00
2025-12-25 15:55:56.987559,599616279322271534,-135.00
2025-12-25 15:55:56.987559,599616279322271534,-140.00
2025-12-25 15:55:56.987559,599616279322271534,-126.00
2025-12-25 15:55:56.987559,599616279322271534,-126.00
2025-12-25 15:55:56.987559,599616279322271534,-133.00
2025-12-25 15:55:56.987559,599616279322271534,-128.00
2025-12-25 15:55:56.987559,599616279322271534,-124.00
2025-12-25 15:55:56.987559,599616279322271534,-119.00
2025-12-25 15:55:56.987559,599616279322271534,-117.00
2025-12-25 15:55:56.987559,599616279322271534,-114.00
2025-12-25 15:55:56.987559,599616279322271534,-110.00
2025-12-25 15:55:56.987559,599616279322271534,-112.00
2025-12-25 15:55:56.987559,599616279322271534,-114.00
2025-12-25 15:55:56.987559,599616279322271534,-108.00
2025-12-25 15:55:56.987559,599616279322271534,-101.00
2025-12-25 15:55:56.987559,599616279322271534,-98.00
2025-12-25 15:55:56.987559,599616279322271534,-94.00
2025-12-25 15:55:56.987559,599616279322271534,-94.00
2025-12-25 15:55:56.987559,599616279322271534,-101.00
2025-12-25 15:55:56.987559,599616279322271534,-96.00
2025-12-25 15:55:56.987559,599616279322271534,-94.00
2025-12-25 15:55:56.987559,599616279322271534,-101.00
2025-12-25 15:55:56.987559,599616279322271534,-108.00
2025-12-25 15:55:56.987559,599616279322271534,-117.00
2025-12-25 15:55:56.987559,599616279322271534,-128.00
2025-12-25 15:55:56.987559,599616279322271534,-140.00
2025-12-25 15:55:56.987559,599616279322271534,-151.00
2025-12-25 15:55:56.987559,599616279322271534,-165.00
2025-12-25 15:55:56.987559,599616279322271534,-181.00
2025-12-25 15:55:56.987559,599616279322271534,-188.00
2025-12-25 15:55:56.987559,599616279322271534,-188.00
2025-12-25 15:55:56.987559,599616279322271534,-195.00
2025-12-25 15:55:56.987559,599616279322271534,-200.00
2025-12-25 15:55:56.987559,599616279322271534,-197.00
2025-12-25 15:55:56.987559,599616279322271534,-195.00
2025-12-25 15:55:56.987559,599616279322271534,-193.00
2025-12-25 15:55:56.987559,599616279322271534,-193.00
2025-12-25 15:55:56.987559,599616279322271534,-195.00
2025-12-25 15:55:56.987559,599616279322271534,-193.00
2025-12-25 15:55:56.987559,599616279322271534,-181.00
2025-12-25 15:55:56.987559,599616279322271534,-181.00
2025-12-25 15:55:56.987559,599616279322271534,-193.00
2025-12-25 15:55:56.987559,599616279322271534,-197.00
2025-12-25 15:55:56.987559,599616279322271534,-188.00
2025-12-25 15:55:56.987559,599616279322271534,-181.00
2025-12-25 15:55:56.987559,599616279322271534,-181.00
2025-12-25 15:55:56.987559,599616279322271534,-186.00
2025-12-25 15:55:56.987559,599616279322271534,-190.00
2025-12-25 15:55:56.987559,599616279322271534,-190.00
2025-12-25 15:55:56.987559,599616279322271534,-186.00
2025-12-25 15:55:56.987559,599616279322271534,-188.00
2025-12-25 15:55:56.987559,599616279322271534,-200.00
2025-12-25 15:55:56.987559,599616279322271534,-202.00
2025-12-25 15:55:56.987559,599616279322271534,-200.00
2025-12-25 15:55:56.987559,599616279322271534,-202.00
2025-12-25 15:55:56.987559,599616279322271534,-200.00
2025-12-25 15:55:56.987559,599616279322271534,-188.00
2025-12-25 15:55:57.338725,599616279883116077,-183.00
2025-12-25 15:55:57.338725,599616279883116077,-186.00
2025-12-25 15:55:57.338725,599616279883116077,-200.00
2025-12-25 15:55:57.338725,599616279883116077,-209.00
2025-12-25 15:55:57.338725,599616279883116077,-206.00
2025-12-25 15:55:57.338725,599616279883116077,-206.00
2025-12-25 15:55:57.338725,599616279883116077,-216.00
2025-12-25 15:55:57.338725,599616279883116077,-211.00
2025-12-25 15:55:57.338725,599616279883116077,-193.00
2025-12-25 15:55:57.338725,599616279883116077,-188.00
2025-12-25 15:55:57.338725,599616279883116077,-197.00
2025-12-25 15:55:57.338725,599616279883116077,-200.00
2025-12-25 15:55:57.338725,599616279883116077,-197.00
2025-12-25 15:55:57.338725,599616279883116077,-197.00
2025-12-25 15:55:57.338725,599616279883116077,-195.00
2025-12-25 15:55:57.338725,599616279883116077,-197.00
2025-12-25 15:55:57.338725,599616279883116077,-202.00
2025-12-25 15:55:57.338725,599616279883116077,-154.00
2025-12-25 15:55:57.338725,599616279883116077,-6.00
2025-12-25 15:55:57.338725,599616279883116077,124.00
2025-12-25 15:55:57.338725,599616279883116077,-48.00
2025-12-25 15:55:57.338725,599616279883116077,-395.00
2025-12-25 15:55:57.338725,599616279883116077,-475.00
2025-12-25 15:55:57.338725,599616279883116077,-351.00
2025-12-25 15:55:57.338725,599616279883116077,-285.00
2025-12-25 15:55:57.338725,599616279883116077,-229.00
2025-12-25 15:55:57.338725,599616279883116077,-174.00
2025-12-25 15:55:57.338725,599616279883116077,-172.00
2025-12-25 15:55:57.338725,599616279883116077,-179.00
2025-12-25 15:55:57.338725,599616279883116077,-170.00
2025-12-25 15:55:57.338725,599616279883116077,-165.00
2025-12-25 15:55:57.338725,599616279883116077,-156.00
2025-12-25 15:55:57.338725,599616279883116077,-142.00
2025-12-25 15:55:57.338725,599616279883116077,-147.00
2025-12-25 15:55:57.338725,599616279883116077,-151.00
2025-12-25 15:55:57.338725,599616279883116077,-142.00
2025-12-25 15:55:57.338725,599616279883116077,-131.00
2025-12-25 15:55:57.338725,599616279883116077,-124.00
2025-12-25 15:55:57.338725,599616279883116077,-117.00
2025-12-25 15:55:57.338725,599616279883116077,-117.00
2025-12-25 15:55:57.338725,599616279883116077,-117.00
2025-12-25 15:55:57.338725,599616279883116077,-114.00
2025-12-25 15:55:57.338725,599616279883116077,-110.00
2025-12-25 15:55:57.338725,599616279883116077,-105.00
2025-12-25 15:55:57.338725,599616279883116077,-103.00
2025-12-25 15:55:57.338725,599616279883116077,-105.00
2025-12-25 15:55:57.338725,599616279883116077,-103.00
2025-12-25 15:55:57.338725,599616279883116077,-101.00
2025-12-25 15:55:57.338725,599616279883116077,-103.00
2025-12-25 15:55:57.338725,599616279883116077,-112.00
2025-12-25 15:55:57.338725,599616279883116077,-121.00
2025-12-25 15:55:57.338725,599616279883116077,-135.00
2025-12-25 15:55:57.338725,599616279883116077,-142.00
2025-12-25 15:55:57.338725,599616279883116077,-149.00
2025-12-25 15:55:57.338725,599616279883116077,-160.00
2025-12-25 15:55:57.338725,599616279883116077,-170.00
2025-12-25 15:55:57.338725,599616279883116077,-179.00
2025-12-25 15:55:57.338725,599616279883116077,-190.00
2025-12-25 15:55:57.338725,599616279883116077,-188.00
2025-12-25 15:55:57.338725,599616279883116077,-183.00
2025-12-25 15:55:57.338725,599616279883116077,-181.00
2025-12-25 15:55:57.338725,599616279883116077,-193.00
2025-12-25 15:55:57.338725,599616279883116077,-202.00
2025-12-25 15:55:57.338725,599616279883116077,-190.00
2025-12-25 15:55:57.338725,599616279883116077,-174.00
2025-12-25 15:55:57.338725,599616279883116077,-181.00
2025-12-25 15:55:57.338725,599616279883116077,-188.00
2025-12-25 15:55:57.338725,599616279883116077,-186.00
2025-12-25 15:55:57.338725,599616279883116077,-195.00
2025-12-25 15:55:57.338725,599616279883116077,-193.00
2025-12-25 15:55:57.338725,599616279883116077,-183.00
2025-12-25 15:55:57.338725,599616279883116077,-188.00
2025-12-25 15:55:57.338725,599616279883116077,-195.00
2025-12-25 15:55:57.890308,599616280443940278,-193.00
2025-12-25 15:55:57.890308,599616280443940278,-195.00
2025-12-25 15:55:57.890308,599616280443940278,-202.00
2025-12-25 15:55:57.890308,599616280443940278,-204.00
2025-12-25 15:55:57.890308,599616280443940278,-197.00
2025-12-25 15:55:57.890308,599616280443940278,-195.00
2025-12-25 15:55:57.890308,599616280443940278,-200.00
2025-12-25 15:55:57.890308,599616280443940278,-197.00
2025-12-25 15:55:57.890308,599616280443940278,-197.00
2025-12-25 15:55:57.890308,599616280443940278,-202.00
2025-12-25 15:55:57.890308,599616280443940278,-193.00
2025-12-25 15:55:57.890308,599616280443940278,-167.00
2025-12-25 15:55:57.890308,599616280443940278,-165.00
2025-12-25 15:55:57.890308,599616280443940278,-186.00
2025-12-25 15:55:57.890308,599616280443940278,-186.00
2025-12-25 15:55:57.890308,599616280443940278,-183.00
2025-12-25 15:55:57.890308,599616280443940278,-190.00
2025-12-25 15:55:57.890308,599616280443940278,-188.00
2025-12-25 15:55:57.890308,599616280443940278,-183.00
2025-12-25 15:55:57.890308,599616280443940278,-195.00
2025-12-25 15:55:57.890308,599616280443940278,-204.00
2025-12-25 15:55:57.890308,599616280443940278,-197.00
2025-12-25 15:55:57.890308,599616280443940278,-183.00
2025-12-25 15:55:57.890308,599616280443940278,-179.00
2025-12-25 15:55:57.890308,599616280443940278,-195.00
2025-12-25 15:55:57.890308,599616280443940278,-206.00
2025-12-25 15:55:57.890308,599616280443940278,-200.00
2025-12-25 15:55:57.890308,599616280443940278,-160.00
2025-12-25 15:55:57.890308,599616280443940278,-41.00
2025-12-25 15:55:57.890308,599616280443940278,119.00
2025-12-25 15:55:57.890308,599616280443940278,32.00
2025-12-25 15:55:57.890308,599616280443940278,-333.00
2025-12-25 15:55:57.890308,599616280443940278,-505.00
2025-12-25 15:55:57.890308,599616280443940278,-388.00
2025-12-25 15:55:57.890308,599616280443940278,-314.00
2025-12-25 15:55:57.890308,599616280443940278,-280.00
2025-12-25 15:55:57.890308,599616280443940278,-195.00
2025-12-25 15:55:57.890308,599616280443940278,-160.00
2025-12-25 15:55:57.890308,599616280443940278,-183.00
2025-12-25 15:55:57.890308,599616280443940278,-177.00
2025-12-25 15:55:57.890308,599616280443940278,-156.00
2025-12-25 15:55:57.890308,599616280443940278,-149.00
2025-12-25 15:55:57.890308,599616280443940278,-156.00
2025-12-25 15:55:57.890308,599616280443940278,-158.00
2025-12-25 15:55:57.890308,599616280443940278,-163.00
2025-12-25 15:55:57.890308,599616280443940278,-156.00
2025-12-25 15:55:57.890308,599616280443940278,-135.00
2025-12-25 15:55:57.890308,599616280443940278,-133.00
2025-12-25 15:55:57.890308,599616280443940278,-140.00
2025-12-25 15:55:57.890308,599616280443940278,-135.00
2025-12-25 15:55:57.890308,599616280443940278,-128.00
2025-12-25 15:55:57.890308,599616280443940278,-128.00
2025-12-25 15:55:57.890308,599616280443940278,-124.00
2025-12-25 15:55:57.890308,599616280443940278,-121.00
2025-12-25 15:55:57.890308,599616280443940278,-117.00
2025-12-25 15:55:57.890308,599616280443940278,-108.00
2025-12-25 15:55:57.890308,599616280443940278,-114.00
2025-12-25 15:55:57.890308,599616280443940278,-128.00
2025-12-25 15:55:57.890308,599616280443940278,-131.00
2025-12-25 15:55:57.890308,599616280443940278,-126.00
2025-12-25 15:55:57.890308,599616280443940278,-126.00
2025-12-25 15:55:57.890308,599616280443940278,-140.00
2025-12-25 15:55:57.890308,599616280443940278,-156.00
2025-12-25 15:55:57.890308,599616280443940278,-170.00
2025-12-25 15:55:57.890308,599616280443940278,-179.00
2025-12-25 15:55:57.890308,599616280443940278,-188.00
2025-12-25 15:55:57.890308,599616280443940278,-193.00
2025-12-25 15:55:57.890308,599616280443940278,-197.00
2025-12-25 15:55:57.890308,599616280443940278,-202.00
2025-12-25 15:55:57.890308,599616280443940278,-197.00
2025-12-25 15:55:57.890308,599616280443940278,-186.00
2025-12-25 15:55:57.890308,599616280443940278,-188.00
2025-12-25 15:55:57.890308,599616280443940278,-197.00
2025-12-25 15:55:58.542510,599616281004764479,-188.00
2025-12-25 15:55:58.542510,599616281004764479,-179.00
2025-12-25 15:55:58.542510,599616281004764479,-188.00
2025-12-25 15:55:58.542510,599616281004764479,-193.00
2025-12-25 15:55:58.542510,599616281004764479,-186.00
2025-12-25 15:55:58.542510,599616281004764479,-190.00
2025-12-25 15:55:58.542510,599616281004764479,-190.00
2025-12-25 15:55:58.542510,599616281004764479,-181.00
2025-12-25 15:55:58.542510,599616281004764479,-170.00
2025-12-25 15:55:58.542510,599616281004764479,-165.00
2025-12-25 15:55:58.542510,599616281004764479,-170.00
2025-12-25 15:55:58.542510,599616281004764479,-179.00
2025-12-25 15:55:58.542510,599616281004764479,-181.00
2025-12-25 15:55:58.542510,599616281004764479,-179.00
2025-12-25 15:55:58.542510,599616281004764479,-179.00
2025-12-25 15:55:58.542510,599616281004764479,-183.00
2025-12-25 15:55:58.542510,599616281004764479,-183.00
2025-12-25 15:55:58.542510,599616281004764479,-177.00
2025-12-25 15:55:58.542510,599616281004764479,-167.00
2025-12-25 15:55:58.542510,599616281004764479,-165.00
2025-12-25 15:55:58.542510,599616281004764479,-177.00
2025-12-25 15:55:58.542510,599616281004764479,-181.00
2025-12-25 15:55:58.542510,599616281004764479,-183.00
2025-12-25 15:55:58.542510,599616281004764479,-193.00
2025-12-25 15:55:58.542510,599616281004764479,-193.00
2025-12-25 15:55:58.542510,599616281004764479,-181.00
2025-12-25 15:55:58.542510,599616281004764479,-179.00
2025-12-25 15:55:58.542510,599616281004764479,-186.00
2025-12-25 15:55:58.542510,599616281004764479,-186.00
2025-12-25 15:55:58.542510,599616281004764479,-174.00
2025-12-25 15:55:58.542510,599616281004764479,-174.00
2025-12-25 15:55:58.542510,599616281004764479,-181.00
2025-12-25 15:55:58.542510,599616281004764479,-186.00
2025-12-25 15:55:58.542510,599616281004764479,-186.00
2025-12-25 15:55:58.542510,599616281004764479,-142.00
2025-12-25 15:55:58.542510,599616281004764479,0.00
2025-12-25 15:55:58.542510,599616281004764479,140.00
2025-12-25 15:55:58.542510,599616281004764479,-6.00
2025-12-25 15:55:58.542510,599616281004764479,-363.00
2025-12-25 15:55:58.542510,599616281004764479,-468.00
2025-12-25 15:55:58.542510,599616281004764479,-342.00
2025-12-25 15:55:58.542510,599616281004764479,-282.00
2025-12-25 15:55:58.542510,599616281004764479,-239.00
2025-12-25 15:55:58.542510,599616281004764479,-165.00
2025-12-25 15:55:58.542510,599616281004764479,-151.00
2025-12-25 15:55:58.542510,599616281004764479,-165.00
2025-12-25 15:55:58.542510,599616281004764479,-151.00
2025-12-25 15:55:58.542510,599616281004764479,-147.00
2025-12-25 15:55:58.542510,599616281004764479,-158.00
2025-12-25 15:55:58.542510,599616281004764479,-151.00
2025-12-25 15:55:58.542510,599616281004764479,-142.00
2025-12-25 15:55:58.542510,599616281004764479,-147.00
2025-12-25 15:55:58.542510,599616281004764479,-147.00
2025-12-25 15:55:58.542510,599616281004764479,-142.00
2025-12-25 15:55:58.542510,599616281004764479,-147.00
2025-12-25 15:55:58.542510,599616281004764479,-147.00
2025-12-25 15:55:58.542510,599616281004764479,-135.00
2025-12-25 15:55:58.542510,599616281004764479,-131.00
2025-12-25 15:55:58.542510,599616281004764479,-128.00
2025-12-25 15:55:58.542510,599616281004764479,-124.00
2025-12-25 15:55:58.542510,599616281004764479,-117.00
2025-12-25 15:55:58.542510,599616281004764479,-110.00
2025-12-25 15:55:58.542510,599616281004764479,-112.00
2025-12-25 15:55:58.542510,599616281004764479,-112.00
2025-12-25 15:55:58.542510,599616281004764479,-114.00
2025-12-25 15:55:58.542510,599616281004764479,-131.00
2025-12-25 15:55:58.542510,599616281004764479,-140.00
2025-12-25 15:55:58.542510,599616281004764479,-137.00
2025-12-25 15:55:58.542510,599616281004764479,-149.00
2025-12-25 15:55:58.542510,599616281004764479,-167.00
2025-12-25 15:55:58.542510,599616281004764479,-179.00
2025-12-25 15:55:58.542510,599616281004764479,-188.00
2025-12-25 15:55:58.542510,599616281004764479,-197.00
2025-12-25 15:55:59.044562,599616281565609024,-197.00
2025-12-25 15:55:59.044562,599616281565609024,-197.00
2025-12-25 15:55:59.044562,599616281565609024,-204.00
2025-12-25 15:55:59.044562,599616281565609024,-211.00
2025-12-25 15:55:59.044562,599616281565609024,-209.00
2025-12-25 15:55:59.044562,599616281565609024,-195.00
2025-12-25 15:55:59.044562,599616281565609024,-190.00
2025-12-25 15:55:59.044562,599616281565609024,-190.00
2025-12-25 15:55:59.044562,599616281565609024,-190.00
2025-12-25 15:55:59.044562,599616281565609024,-188.00
2025-12-25 15:55:59.044562,599616281565609024,-181.00
2025-12-25 15:55:59.044562,599616281565609024,-170.00
2025-12-25 15:55:59.044562,599616281565609024,-165.00
2025-12-25 15:55:59.044562,599616281565609024,-174.00
2025-12-25 15:55:59.044562,599616281565609024,-177.00
2025-12-25 15:55:59.044562,599616281565609024,-174.00
2025-12-25 15:55:59.044562,599616281565609024,-172.00
2025-12-25 15:55:59.044562,599616281565609024,-163.00
2025-12-25 15:55:59.044562,599616281565609024,-158.00
2025-12-25 15:55:59.044562,599616281565609024,-165.00
2025-12-25 15:55:59.044562,599616281565609024,-167.00
2025-12-25 15:55:59.044562,599616281565609024,-165.00
2025-12-25 15:55:59.044562,599616281565609024,-160.00
2025-12-25 15:55:59.044562,599616281565609024,-142.00
2025-12-25 15:55:59.044562,599616281565609024,-133.00
2025-12-25 15:55:59.044562,599616281565609024,-144.00
2025-12-25 15:55:59.044562,599616281565609024,-160.00
2025-12-25 15:55:59.044562,599616281565609024,-170.00
2025-12-25 15:55:59.044562,599616281565609024,-172.00
2025-12-25 15:55:59.044562,599616281565609024,-177.00
2025-12-25 15:55:59.044562,599616281565609024,-174.00
2025-12-25 15:55:59.044562,599616281565609024,-167.00
2025-12-25 15:55:59.044562,599616281565609024,-163.00
2025-12-25 15:55:59.044562,599616281565609024,-160.00
2025-12-25 15:55:59.044562,599616281565609024,-160.00
2025-12-25 15:55:59.044562,599616281565609024,-156.00
2025-12-25 15:55:59.044562,599616281565609024,-160.00
2025-12-25 15:55:59.044562,599616281565609024,-167.00
2025-12-25 15:55:59.044562,599616281565609024,-170.00
2025-12-25 15:55:59.044562,599616281565609024,-167.00
2025-12-25 15:55:59.044562,599616281565609024,-131.00
2025-12-25 15:55:59.044562,599616281565609024,-4.00
2025-12-25 15:55:59.044562,599616281565609024,131.00
2025-12-25 15:55:59.044562,599616281565609024,4.00
2025-12-25 15:55:59.044562,599616281565609024,-344.00
2025-12-25 15:55:59.044562,599616281565609024,-473.00
2025-12-25 15:55:59.044562,599616281565609024,-351.00
2025-12-25 15:55:59.044562,599616281565609024,-278.00
2025-12-25 15:55:59.044562,599616281565609024,-239.00
2025-12-25 15:55:59.044562,599616281565609024,-172.00
2025-12-25 15:55:59.044562,599616281565609024,-151.00
2025-12-25 15:55:59.044562,599616281565609024,-158.00
2025-12-25 15:55:59.044562,599616281565609024,-144.00
2025-12-25 15:55:59.044562,599616281565609024,-140.00
2025-12-25 15:55:59.044562,599616281565609024,-149.00
2025-12-25 15:55:59.044562,599616281565609024,-149.00
2025-12-25 15:55:59.044562,599616281565609024,-140.00
2025-12-25 15:55:59.044562,599616281565609024,-135.00
2025-12-25 15:55:59.044562,599616281565609024,-137.00
2025-12-25 15:55:59.044562,599616281565609024,-135.00
2025-12-25 15:55:59.044562,599616281565609024,-137.00
2025-12-25 15:55:59.044562,599616281565609024,-137.00
2025-12-25 15:55:59.044562,599616281565609024,-133.00
2025-12-25 15:55:59.044562,599616281565609024,-128.00
2025-12-25 15:55:59.044562,599616281565609024,-128.00
2025-12-25 15:55:59.044562,599616281565609024,-124.00
2025-12-25 15:55:59.044562,599616281565609024,-114.00
2025-12-25 15:55:59.044562,599616281565609024,-114.00
2025-12-25 15:55:59.044562,599616281565609024,-112.00
2025-12-25 15:55:59.044562,599616281565609024,-108.00
2025-12-25 15:55:59.044562,599616281565609024,-110.00
2025-12-25 15:55:59.044562,599616281565609024,-112.00
2025-12-25 15:55:59.044562,599616281565609024,-119.00
2025-12-25 15:55:59.746616,599616282126489172,-135.00
2025-12-25 15:55:59.746616,599616282126489172,-147.00
2025-12-25 15:55:59.746616,599616282126489172,-154.00
2025-12-25 15:55:59.746616,599616282126489172,-170.00
2025-12-25 15:55:59.746616,599616282126489172,-183.00
2025-12-25 15:55:59.746616,599616282126489172,-193.00
2025-12-25 15:55:59.746616,599616282126489172,-204.00
2025-12-25 15:55:59.746616,599616282126489172,-209.00
2025-12-25 15:55:59.746616,599616282126489172,-202.00
2025-12-25 15:55:59.746616,599616282126489172,-188.00
2025-12-25 15:55:59.746616,599616282126489172,-179.00
2025-12-25 15:55:59.746616,599616282126489172,-174.00
2025-12-25 15:55:59.746616,599616282126489172,-167.00
2025-12-25 15:55:59.746616,599616282126489172,-160.00
2025-12-25 15:55:59.746616,599616282126489172,-151.00
2025-12-25 15:55:59.746616,599616282126489172,-142.00
2025-12-25 15:55:59.746616,599616282126489172,-147.00
2025-12-25 15:55:59.746616,599616282126489172,-154.00
2025-12-25 15:55:59.746616,599616282126489172,-154.00
2025-12-25 15:55:59.746616,599616282126489172,-151.00
2025-12-25 15:55:59.746616,599616282126489172,-151.00
2025-12-25 15:55:59.746616,599616282126489172,-156.00
2025-12-25 15:55:59.746616,599616282126489172,-156.00
2025-12-25 15:55:59.746616,599616282126489172,-151.00
2025-12-25 15:55:59.746616,599616282126489172,-151.00
2025-12-25 15:55:59.746616,599616282126489172,-149.00
2025-12-25 15:55:59.746616,599616282126489172,-149.00
2025-12-25 15:55:59.746616,599616282126489172,-151.00
2025-12-25 15:55:59.746616,599616282126489172,-151.00
2025-12-25 15:55:59.746616,599616282126489172,-147.00
2025-12-25 15:55:59.746616,599616282126489172,-142.00
2025-12-25 15:55:59.746616,599616282126489172,-142.00
2025-12-25 15:55:59.746616,599616282126489172,-154.00
2025-12-25 15:55:59.746616,599616282126489172,-163.00
2025-12-25 15:55:59.746616,599616282126489172,-163.00
2025-12-25 15:55:59.746616,599616282126489172,-167.00
2025-12-25 15:55:59.746616,599616282126489172,-177.00
2025-12-25 15:55:59.746616,599616282126489172,-170.00
2025-12-25 15:55:59.746616,599616282126489172,-165.00
2025-12-25 15:55:59.746616,599616282126489172,-167.00
2025-12-25 15:55:59.746616,599616282126489172,-170.00
2025-12-25 15:55:59.746616,599616282126489172,-174.00
2025-12-25 15:55:59.746616,599616282126489172,-172.00
2025-12-25 15:55:59.746616,599616282126489172,-160.00
2025-12-25 15:55:59.746616,599616282126489172,-160.00
2025-12-25 15:55:59.746616,599616282126489172,-174.00
2025-12-25 15:55:59.746616,599616282126489172,-151.00
2025-12-25 15:55:59.746616,599616282126489172,-36.00
2025-12-25 15:55:59.746616,599616282126489172,124.00
2025-12-25 15:55:59.746616,599616282126489172,62.00
2025-12-25 15:55:59.746616,599616282126489172,-280.00
2025-12-25 15:55:59.746616,599616282126489172,-471.00
2025-12-25 15:55:59.746616,599616282126489172,-372.00
2025-12-25 15:55:59.746616,599616282126489172,-285.00
2025-12-25 15:55:59.746616,599616282126489172,-245.00
2025-12-25 15:55:59.746616,599616282126489172,-177.00
2025-12-25 15:55:59.746616,599616282126489172,-154.00
2025-12-25 15:55:59.746616,599616282126489172,-165.00
2025-12-25 15:55:59.746616,599616282126489172,-158.00
2025-12-25 15:55:59.746616,599616282126489172,-156.00
2025-12-25 15:55:59.746616,599616282126489172,-160.00
2025-12-25 15:55:59.746616,599616282126489172,-149.00
2025-12-25 15:55:59.746616,599616282126489172,-140.00
2025-12-25 15:55:59.746616,599616282126489172,-147.00
2025-12-25 15:55:59.746616,599616282126489172,-147.00
2025-12-25 15:55:59.746616,599616282126489172,-147.00
2025-12-25 15:55:59.746616,599616282126489172,-142.00
2025-12-25 15:55:59.746616,599616282126489172,-133.00
2025-12-25 15:55:59.746616,599616282126489172,-131.00
2025-12-25 15:55:59.746616,599616282126489172,-133.00
2025-12-25 15:55:59.746616,599616282126489172,-128.00
2025-12-25 15:55:59.746616,599616282126489172,-124.00
2025-12-25 15:55:59.746616,599616282126489172,-119.00
2025-12-25 15:56:00.198174,599616282687298112,-112.00
2025-12-25 15:56:00.198174,599616282687298112,-108.00
2025-12-25 15:56:00.198174,599616282687298112,-108.00
2025-12-25 15:56:00.198174,599616282687298112,-103.00
2025-12-25 15:56:00.198174,599616282687298112,-105.00
2025-12-25 15:56:00.198174,599616282687298112,-117.00
2025-12-25 15:56:00.198174,599616282687298112,-121.00
2025-12-25 15:56:00.198174,599616282687298112,-124.00
2025-12-25 15:56:00.198174,599616282687298112,-144.00
2025-12-25 15:56:00.198174,599616282687298112,-167.00
2025-12-25 15:56:00.198174,599616282687298112,-179.00
2025-12-25 15:56:00.198174,599616282687298112,-188.00
2025-12-25 15:56:00.198174,599616282687298112,-195.00
2025-12-25 15:56:00.198174,599616282687298112,-197.00
2025-12-25 15:56:00.198174,599616282687298112,-202.00
2025-12-25 15:56:00.198174,599616282687298112,-206.00
2025-12-25 15:56:00.198174,599616282687298112,-204.00
2025-12-25 15:56:00.198174,599616282687298112,-186.00
2025-12-25 15:56:00.198174,599616282687298112,-167.00
2025-12-25 15:56:00.198174,599616282687298112,-167.00
2025-12-25 15:56:00.198174,599616282687298112,-172.00
2025-12-25 15:56:00.198174,599616282687298112,-167.00
2025-12-25 15:56:00.198174,599616282687298112,-163.00
2025-12-25 15:56:00.198174,599616282687298112,-151.00
2025-12-25 15:56:00.198174,599616282687298112,-137.00
2025-12-25 15:56:00.198174,599616282687298112,-144.00
2025-12-25 15:56:00.198174,599616282687298112,-154.00
2025-12-25 15:56:00.198174,599616282687298112,-147.00
2025-12-25 15:56:00.198174,599616282687298112,-147.00
2025-12-25 15:56:00.198174,599616282687298112,-144.00
2025-12-25 15:56:00.198174,599616282687298112,-131.00
2025-12-25 15:56:00.198174,599616282687298112,-133.00
2025-12-25 15:56:00.198174,599616282687298112,-147.00
2025-12-25 15:56:00.198174,599616282687298112,-149.00
2025-12-25 15:56:00.198174,599616282687298112,-142.00
2025-12-25 15:56:00.198174,599616282687298112,-131.00
2025-12-25 15:56:00.198174,599616282687298112,-114.00
2025-12-25 15:56:00.198174,599616282687298112,-112.00
2025-12-25 15:56:00.198174,599616282687298112,-119.00
2025-12-25 15:56:00.198174,599616282687298112,-133.00
2025-12-25 15:56:00.198174,599616282687298112,-144.00
2025-12-25 15:56:00.198174,599616282687298112,-147.00
2025-12-25 15:56:00.198174,599616282687298112,-147.00
2025-12-25 15:56:00.198174,599616282687298112,-149.00
2025-12-25 15:56:00.198174,599616282687298112,-154.00
2025-12-25 15:56:00.198174,599616282687298112,-154.00
2025-12-25 15:56:00.198174,599616282687298112,-151.00
2025-12-25 15:56:00.198174,599616282687298112,-151.00
2025-12-25 15:56:00.198174,599616282687298112,-151.00
2025-12-25 15:56:00.198174,599616282687298112,-154.00
2025-12-25 15:56:00.198174,599616282687298112,-160.00
2025-12-25 15:56:00.198174,599616282687298112,-163.00
2025-12-25 15:56:00.198174,599616282687298112,-163.00
2025-12-25 15:56:00.198174,599616282687298112,-142.00
2025-12-25 15:56:00.198174,599616282687298112,-34.00
2025-12-25 15:56:00.198174,599616282687298112,133.00
2025-12-25 15:56:00.198174,599616282687298112,87.00
2025-12-25 15:56:00.198174,599616282687298112,-259.00
2025-12-25 15:56:00.198174,599616282687298112,-473.00
2025-12-25 15:56:00.198174,599616282687298112,-377.00
2025-12-25 15:56:00.198174,599616282687298112,-285.00
2025-12-25 15:56:00.198174,599616282687298112,-250.00
2025-12-25 15:56:00.198174,599616282687298112,-179.00
2025-12-25 15:56:00.198174,599616282687298112,-151.00
2025-12-25 15:56:00.198174,599616282687298112,-163.00
2025-12-25 15:56:00.198174,599616282687298112,-149.00
2025-12-25 15:56:00.198174,599616282687298112,-135.00
2025-12-25 15:56:00.198174,599616282687298112,-140.00
2025-12-25 15:56:00.198174,599616282687298112,-140.00
2025-12-25 15:56:00.198174,599616282687298112,-133.00
2025-12-25 15:56:00.198174,599616282687298112,-135.00
2025-12-25 15:56:00.198174,599616282687298112,-135.00
2025-12-25 15:56:00.198174,599616282687298112,-131.00
2025-12-25 15:56:00.750223,599616283248127399,-126.00
2025-12-25 15:56:00.750223,599616283248127399,-131.00
2025-12-25 15:56:00.750223,599616283248127399,-133.00
2025-12-25 15:56:00.750223,599616283248127399,-126.00
2025-12-25 15:56:00.750223,599616283248127399,-119.00
2025-12-25 15:56:00.750223,599616283248127399,-117.00
2025-12-25 15:56:00.750223,599616283248127399,-112.00
2025-12-25 15:56:00.750223,599616283248127399,-110.00
2025-12-25 15:56:00.750223,599616283248127399,-105.00
2025-12-25 15:56:00.750223,599616283248127399,-98.00
2025-12-25 15:56:00.750223,599616283248127399,-98.00
2025-12-25 15:56:00.750223,599616283248127399,-105.00
2025-12-25 15:56:00.750223,599616283248127399,-114.00
2025-12-25 15:56:00.750223,599616283248127399,-121.00
2025-12-25 15:56:00.750223,599616283248127399,-131.00
2025-12-25 15:56:00.750223,599616283248127399,-135.00
2025-12-25 15:56:00.750223,599616283248127399,-144.00
2025-12-25 15:56:00.750223,599616283248127399,-163.00
2025-12-25 15:56:00.750223,599616283248127399,-179.00
2025-12-25 15:56:00.750223,599616283248127399,-190.00
2025-12-25 15:56:00.750223,599616283248127399,-190.00
2025-12-25 15:56:00.750223,599616283248127399,-179.00
2025-12-25 15:56:00.750223,599616283248127399,-177.00
2025-12-25 15:56:00.750223,599616283248127399,-181.00
2025-12-25 15:56:00.750223,599616283248127399,-179.00
2025-12-25 15:56:00.750223,599616283248127399,-172.00
2025-12-25 15:56:00.750223,599616283248127399,-172.00
2025-12-25 15:56:00.750223,599616283248127399,-172.00
2025-12-25 15:56:00.750223,599616283248127399,-170.00
2025-12-25 15:56:00.750223,599616283248127399,-167.00
2025-12-25 15:56:00.750223,599616283248127399,-167.00
2025-12-25 15:56:00.750223,599616283248127399,-167.00
2025-12-25 15:56:00.750223,599616283248127399,-160.00
2025-12-25 15:56:00.750223,599616283248127399,-156.00
2025-12-25 15:56:00.750223,599616283248127399,-163.00
2025-12-25 15:56:00.750223,599616283248127399,-167.00
2025-12-25 15:56:00.750223,599616283248127399,-165.00
2025-12-25 15:56:00.750223,599616283248127399,-160.00
2025-12-25 15:56:00.750223,599616283248127399,-163.00
2025-12-25 15:56:00.750223,599616283248127399,-170.00
2025-12-25 15:56:00.750223,599616283248127399,-172.00
2025-12-25 15:56:00.750223,599616283248127399,-167.00
2025-12-25 15:56:00.750223,599616283248127399,-167.00
2025-12-25 15:56:00.750223,599616283248127399,-172.00
2025-12-25 15:56:00.750223,599616283248127399,-165.00
2025-12-25 15:56:00.750223,599616283248127399,-151.00
2025-12-25 15:56:00.750223,599616283248127399,-149.00
2025-12-25 15:56:00.750223,599616283248127399,-156.00
2025-12-25 15:56:00.750223,599616283248127399,-167.00
2025-12-25 15:56:00.750223,599616283248127399,-177.00
2025-12-25 15:56:00.750223,599616283248127399,-177.00
2025-12-25 15:56:00.750223,599616283248127399,-174.00
2025-12-25 15:56:00.750223,599616283248127399,-174.00
2025-12-25 15:56:00.750223,599616283248127399,-177.00
2025-12-25 15:56:00.750223,599616283248127399,-179.00
2025-12-25 15:56:00.750223,599616283248127399,-179.00
2025-12-25 15:56:00.750223,599616283248127399,-177.00
2025-12-25 15:56:00.750223,599616283248127399,-172.00
2025-12-25 15:56:00.750223,599616283248127399,-170.00
2025-12-25 15:56:00.750223,599616283248127399,-172.00
2025-12-25 15:56:00.750223,599616283248127399,-179.00
2025-12-25 15:56:00.750223,599616283248127399,-170.00
2025-12-25 15:56:00.750223,599616283248127399,-98.00
2025-12-25 15:56:00.750223,599616283248127399,66.00
2025-12-25 15:56:00.750223,599616283248127399,140.00
2025-12-25 15:56:00.750223,599616283248127399,-131.00
2025-12-25 15:56:00.750223,599616283248127399,-455.00
2025-12-25 15:56:00.750223,599616283248127399,-441.00
2025-12-25 15:56:00.750223,599616283248127399,-317.00
2025-12-25 15:56:00.750223,599616283248127399,-287.00
2025-12-25 15:56:00.750223,599616283248127399,-223.00
2025-12-25 15:56:00.750223,599616283248127399,-156.00
2025-12-25 15:56:00.750223,599616283248127399,-158.00
2025-12-25 15:56:01.201840,599616283808977028,-172.00
2025-12-25 15:56:01.201840,599616283808977028,-154.00
2025-12-25 15:56:01.201840,599616283808977028,-140.00
2025-12-25 15:56:01.201840,599616283808977028,-142.00
2025-12-25 15:56:01.201840,599616283808977028,-140.00
2025-12-25 15:56:01.201840,599616283808977028,-131.00
2025-12-25 15:56:01.201840,599616283808977028,-126.00
2025-12-25 15:56:01.201840,599616283808977028,-121.00
2025-12-25 15:56:01.201840,599616283808977028,-119.00
2025-12-25 15:56:01.201840,599616283808977028,-119.00
2025-12-25 15:56:01.201840,599616283808977028,-114.00
2025-12-25 15:56:01.201840,599616283808977028,-108.00
2025-12-25 15:56:01.201840,599616283808977028,-98.00
2025-12-25 15:56:01.201840,599616283808977028,-91.00
2025-12-25 15:56:01.201840,599616283808977028,-94.00
2025-12-25 15:56:01.201840,599616283808977028,-87.00
2025-12-25 15:56:01.201840,599616283808977028,-78.00
2025-12-25 15:56:01.201840,599616283808977028,-75.00
2025-12-25 15:56:01.201840,599616283808977028,-68.00
2025-12-25 15:56:01.201840,599616283808977028,-64.00
2025-12-25 15:56:01.201840,599616283808977028,-78.00
2025-12-25 15:56:01.201840,599616283808977028,-91.00
2025-12-25 15:56:01.201840,599616283808977028,-96.00
2025-12-25 15:56:01.201840,599616283808977028,-110.00
2025-12-25 15:56:01.201840,599616283808977028,-131.00
2025-12-25 15:56:01.201840,599616283808977028,-144.00
2025-12-25 15:56:01.201840,599616283808977028,-160.00
2025-12-25 15:56:01.201840,599616283808977028,-174.00
2025-12-25 15:56:01.201840,599616283808977028,-174.00
2025-12-25 15:56:01.201840,599616283808977028,-177.00
2025-12-25 15:56:01.201840,599616283808977028,-186.00
2025-12-25 15:56:01.201840,599616283808977028,-188.00
2025-12-25 15:56:01.201840,599616283808977028,-186.00
2025-12-25 15:56:01.201840,599616283808977028,-188.00
2025-12-25 15:56:01.201840,599616283808977028,-183.00
2025-12-25 15:56:01.201840,599616283808977028,-170.00
2025-12-25 15:56:01.201840,599616283808977028,-170.00
2025-12-25 15:56:01.201840,599616283808977028,-181.00
2025-12-25 15:56:01.201840,599616283808977028,-186.00
2025-12-25 15:56:01.201840,599616283808977028,-181.00
2025-12-25 15:56:01.201840,599616283808977028,-172.00
2025-12-25 15:56:01.201840,599616283808977028,-167.00
2025-12-25 15:56:01.201840,599616283808977028,-170.00
2025-12-25 15:56:01.201840,599616283808977028,-170.00
2025-12-25 15:56:01.201840,599616283808977028,-165.00
2025-12-25 15:56:01.201840,599616283808977028,-165.00
2025-12-25 15:56:01.201840,599616283808977028,-172.00
2025-12-25 15:56:01.201840,599616283808977028,-167.00
2025-12-25 15:56:01.201840,599616283808977028,-158.00
2025-12-25 15:56:01.201840,599616283808977028,-163.00
2025-12-25 15:56:01.201840,599616283808977028,-174.00
2025-12-25 15:56:01.201840,599616283808977028,-170.00
2025-12-25 15:56:01.201840,599616283808977028,-165.00
2025-12-25 15:56:01.201840,599616283808977028,-167.00
2025-12-25 15:56:01.201840,599616283808977028,-165.00
2025-12-25 15:56:01.201840,599616283808977028,-154.00
2025-12-25 15:56:01.201840,599616283808977028,-144.00
2025-12-25 15:56:01.201840,599616283808977028,-151.00
2025-12-25 15:56:01.201840,599616283808977028,-163.00
2025-12-25 15:56:01.201840,599616283808977028,-165.00
2025-12-25 15:56:01.201840,599616283808977028,-170.00
2025-12-25 15:56:01.201840,599616283808977028,-179.00
2025-12-25 15:56:01.201840,599616283808977028,-177.00
2025-12-25 15:56:01.201840,599616283808977028,-170.00
2025-12-25 15:56:01.201840,599616283808977028,-172.00
2025-12-25 15:56:01.201840,599616283808977028,-177.00
2025-12-25 15:56:01.201840,599616283808977028,-174.00
2025-12-25 15:56:01.201840,599616283808977028,-163.00
2025-12-25 15:56:01.201840,599616283808977028,-154.00
2025-12-25 15:56:01.201840,599616283808977028,-160.00
2025-12-25 15:56:01.201840,599616283808977028,-170.00
2025-12-25 15:56:01.201840,599616283808977028,-163.00
2025-12-25 15:56:01.201840,599616283808977028,-121.00
2025-12-25 15:56:01.903766,599616284369801231,11.00
2025-12-25 15:56:01.903766,599616284369801231,151.00
2025-12-25 15:56:01.903766,599616284369801231,11.00
2025-12-25 15:56:01.903766,599616284369801231,-340.00
2025-12-25 15:56:01.903766,599616284369801231,-452.00
2025-12-25 15:56:01.903766,599616284369801231,-335.00
2025-12-25 15:56:01.903766,599616284369801231,-273.00
2025-12-25 15:56:01.903766,599616284369801231,-220.00
2025-12-25 15:56:01.903766,599616284369801231,-137.00
2025-12-25 15:56:01.903766,599616284369801231,-126.00
2025-12-25 15:56:01.903766,599616284369801231,-144.00
2025-12-25 15:56:01.903766,599616284369801231,-126.00
2025-12-25 15:56:01.903766,599616284369801231,-124.00
2025-12-25 15:56:01.903766,599616284369801231,-137.00
2025-12-25 15:56:01.903766,599616284369801231,-135.00
2025-12-25 15:56:01.903766,599616284369801231,-128.00
2025-12-25 15:56:01.903766,599616284369801231,-131.00
2025-12-25 15:56:01.903766,599616284369801231,-128.00
2025-12-25 15:56:01.903766,599616284369801231,-124.00
2025-12-25 15:56:01.903766,599616284369801231,-126.00
2025-12-25 15:56:01.903766,599616284369801231,-124.00
2025-12-25 15:56:01.903766,599616284369801231,-121.00
2025-12-25 15:56:01.903766,599616284369801231,-124.00
2025-12-25 15:56:01.903766,599616284369801231,-119.00
2025-12-25 15:56:01.903766,599616284369801231,-112.00
2025-12-25 15:56:01.903766,599616284369801231,-110.00
2025-12-25 15:56:01.903766,599616284369801231,-110.00
2025-12-25 15:56:01.903766,599616284369801231,-112.00
2025-12-25 15:56:01.903766,599616284369801231,-112.00
2025-12-25 15:56:01.903766,599616284369801231,-110.00
2025-12-25 15:56:01.903766,599616284369801231,-108.00
2025-12-25 15:56:01.903766,599616284369801231,-114.00
2025-12-25 15:56:01.903766,599616284369801231,-128.00
2025-12-25 15:56:01.903766,599616284369801231,-137.00
2025-12-25 15:56:01.903766,599616284369801231,-147.00
2025-12-25 15:56:01.903766,599616284369801231,-165.00
2025-12-25 15:56:01.903766,599616284369801231,-179.00
2025-12-25 15:56:01.903766,599616284369801231,-190.00
2025-12-25 15:56:01.903766,599616284369801231,-202.00
2025-12-25 15:56:01.903766,599616284369801231,-193.00
2025-12-25 15:56:01.903766,599616284369801231,-190.00
2025-12-25 15:56:01.903766,599616284369801231,-216.00
2025-12-25 15:56:01.903766,599616284369801231,-216.00
2025-12-25 15:56:01.903766,599616284369801231,-197.00
2025-12-25 15:56:01.903766,599616284369801231,-197.00
2025-12-25 15:56:01.903766,599616284369801231,-197.00
2025-12-25 15:56:01.903766,599616284369801231,-186.00
2025-12-25 15:56:01.903766,599616284369801231,-188.00
2025-12-25 15:56:01.903766,599616284369801231,-190.00
2025-12-25 15:56:01.903766,599616284369801231,-177.00
2025-12-25 15:56:01.903766,599616284369801231,-172.00
2025-12-25 15:56:01.903766,599616284369801231,-177.00
2025-12-25 15:56:01.903766,599616284369801231,-179.00
2025-12-25 15:56:01.903766,599616284369801231,-177.00
2025-12-25 15:56:01.903766,599616284369801231,-174.00
2025-12-25 15:56:01.903766,599616284369801231,-174.00
2025-12-25 15:56:01.903766,599616284369801231,-172.00
2025-12-25 15:56:01.903766,599616284369801231,-172.00
2025-12-25 15:56:01.903766,599616284369801231,-179.00
2025-12-25 15:56:01.903766,599616284369801231,-183.00
2025-12-25 15:56:01.903766,599616284369801231,-181.00
2025-12-25 15:56:01.903766,599616284369801231,-177.00
2025-12-25 15:56:01.903766,599616284369801231,-167.00
2025-12-25 15:56:01.903766,599616284369801231,-158.00
2025-12-25 15:56:01.903766,599616284369801231,-165.00
2025-12-25 15:56:01.903766,599616284369801231,-177.00
2025-12-25 15:56:01.903766,599616284369801231,-170.00
2025-12-25 15:56:01.903766,599616284369801231,-160.00
2025-12-25 15:56:01.903766,599616284369801231,-154.00
2025-12-25 15:56:01.903766,599616284369801231,-149.00
2025-12-25 15:56:01.903766,599616284369801231,-156.00
2025-12-25 15:56:01.903766,599616284369801231,-165.00
2025-12-25 15:56:01.903766,599616284369801231,-167.00
2025-12-25 15:56:02.355217,599616284930645776,-170.00
2025-12-25 15:56:02.355217,599616284930645776,-172.00
2025-12-25 15:56:02.355217,599616284930645776,-172.00
2025-12-25 15:56:02.355217,599616284930645776,-163.00
2025-12-25 15:56:02.355217,599616284930645776,-163.00
2025-12-25 15:56:02.355217,599616284930645776,-167.00
2025-12-25 15:56:02.355217,599616284930645776,-170.00
2025-12-25 15:56:02.355217,599616284930645776,-172.00
2025-12-25 15:56:02.355217,599616284930645776,-174.00
2025-12-25 15:56:02.355217,599616284930645776,-170.00
2025-12-25 15:56:02.355217,599616284930645776,-172.00
2025-12-25 15:56:02.355217,599616284930645776,-179.00
2025-12-25 15:56:02.355217,599616284930645776,-117.00
2025-12-25 15:56:02.355217,599616284930645776,62.00
2025-12-25 15:56:02.355217,599616284930645776,183.00
2025-12-25 15:56:02.355217,599616284930645776,-34.00
2025-12-25 15:56:02.355217,599616284930645776,-388.00
2025-12-25 15:56:02.355217,599616284930645776,-441.00
2025-12-25 15:56:02.355217,599616284930645776,-303.00
2025-12-25 15:56:02.355217,599616284930645776,-234.00
2025-12-25 15:56:02.355217,599616284930645776,-186.00
2025-12-25 15:56:02.355217,599616284930645776,-140.00
2025-12-25 15:56:02.355217,599616284930645776,-135.00
2025-12-25 15:56:02.355217,599616284930645776,-137.00
2025-12-25 15:56:02.355217,599616284930645776,-124.00
2025-12-25 15:56:02.355217,599616284930645776,-114.00
2025-12-25 15:56:02.355217,599616284930645776,-112.00
2025-12-25 15:56:02.355217,599616284930645776,-114.00
2025-12-25 15:56:02.355217,599616284930645776,-114.00
2025-12-25 15:56:02.355217,599616284930645776,-114.00
2025-12-25 15:56:02.355217,599616284930645776,-108.00
2025-12-25 15:56:02.355217,599616284930645776,-101.00
2025-12-25 15:56:02.355217,599616284930645776,-105.00
2025-12-25 15:56:02.355217,599616284930645776,-112.00
2025-12-25 15:56:02.355217,599616284930645776,-103.00
2025-12-25 15:56:02.355217,599616284930645776,-94.00
2025-12-25 15:56:02.355217,599616284930645776,-98.00
2025-12-25 15:56:02.355217,599616284930645776,-96.00
2025-12-25 15:56:02.355217,599616284930645776,-78.00
2025-12-25 15:56:02.355217,599616284930645776,-75.00
2025-12-25 15:56:02.355217,599616284930645776,-87.00
2025-12-25 15:56:02.355217,599616284930645776,-85.00
2025-12-25 15:56:02.355217,599616284930645776,-78.00
2025-12-25 15:56:02.355217,599616284930645776,-78.00
2025-12-25 15:56:02.355217,599616284930645776,-87.00
2025-12-25 15:56:02.355217,599616284930645776,-105.00
2025-12-25 15:56:02.355217,599616284930645776,-124.00
2025-12-25 15:56:02.355217,599616284930645776,-137.00
2025-12-25 15:56:02.355217,599616284930645776,-149.00
2025-12-25 15:56:02.355217,599616284930645776,-163.00
2025-12-25 15:56:02.355217,599616284930645776,-177.00
2025-12-25 15:56:02.355217,599616284930645776,-183.00
2025-12-25 15:56:02.355217,599616284930645776,-183.00
2025-12-25 15:56:02.355217,599616284930645776,-179.00
2025-12-25 15:56:02.355217,599616284930645776,-170.00
2025-12-25 15:56:02.355217,599616284930645776,-163.00
2025-12-25 15:56:02.355217,599616284930645776,-165.00
2025-12-25 15:56:02.355217,599616284930645776,-167.00
2025-12-25 15:56:02.355217,599616284930645776,-165.00
2025-12-25 15:56:02.355217,599616284930645776,-160.00
2025-12-25 15:56:02.355217,599616284930645776,-160.00
2025-12-25 15:56:02.355217,599616284930645776,-163.00
2025-12-25 15:56:02.355217,599616284930645776,-151.00
2025-12-25 15:56:02.355217,599616284930645776,-142.00
2025-12-25 15:56:02.355217,599616284930645776,-151.00
2025-12-25 15:56:02.355217,599616284930645776,-154.00
2025-12-25 15:56:02.355217,599616284930645776,-140.00
2025-12-25 15:56:02.355217,599616284930645776,-137.00
2025-12-25 15:56:02.355217,599616284930645776,-144.00
2025-12-25 15:56:02.355217,599616284930645776,-149.00
2025-12-25 15:56:02.355217,599616284930645776,-151.00
2025-12-25 15:56:02.355217,599616284930645776,-151.00
2025-12-25 15:56:02.355217,599616284930645776,-149.00
2025-12-25 15:56:03.157523,599616285491495407,-149.00
2025-12-25 15:56:03.157523,599616285491495407,-151.00
2025-12-25 15:56:03.157523,599616285491495407,-158.00
2025-12-25 15:56:03.157523,599616285491495407,-165.00
2025-12-25 15:56:03.157523,599616285491495407,-165.00
2025-12-25 15:56:03.157523,599616285491495407,-158.00
2025-12-25 15:56:03.157523,599616285491495407,-154.00
2025-12-25 15:56:03.157523,599616285491495407,-154.00
2025-12-25 15:56:03.157523,599616285491495407,-158.00
2025-12-25 15:56:03.157523,599616285491495407,-156.00
2025-12-25 15:56:03.157523,599616285491495407,-133.00
2025-12-25 15:56:03.157523,599616285491495407,-114.00
2025-12-25 15:56:03.157523,599616285491495407,-124.00
2025-12-25 15:56:03.157523,599616285491495407,-142.00
2025-12-25 15:56:03.157523,599616285491495407,-147.00
2025-12-25 15:56:03.157523,599616285491495407,-149.00
2025-12-25 15:56:03.157523,599616285491495407,-156.00
2025-12-25 15:56:03.157523,599616285491495407,-156.00
2025-12-25 15:56:03.157523,599616285491495407,-149.00
2025-12-25 15:56:03.157523,599616285491495407,-151.00
2025-12-25 15:56:03.157523,599616285491495407,-154.00
2025-12-25 15:56:03.157523,599616285491495407,-147.00
2025-12-25 15:56:03.157523,599616285491495407,-142.00
2025-12-25 15:56:03.157523,599616285491495407,-149.00
2025-12-25 15:56:03.157523,599616285491495407,-149.00
2025-12-25 15:56:03.157523,599616285491495407,-151.00
2025-12-25 15:56:03.157523,599616285491495407,-156.00
2025-12-25 15:56:03.157523,599616285491495407,-126.00
2025-12-25 15:56:03.157523,599616285491495407,0.00
2025-12-25 15:56:03.157523,599616285491495407,163.00
2025-12-25 15:56:03.157523,599616285491495407,80.00
2025-12-25 15:56:03.157523,599616285491495407,-280.00
2025-12-25 15:56:03.157523,599616285491495407,-459.00
2025-12-25 15:56:03.157523,599616285491495407,-340.00
2025-12-25 15:56:03.157523,599616285491495407,-248.00
2025-12-25 15:56:03.157523,599616285491495407,-213.00
2025-12-25 15:56:03.157523,599616285491495407,-151.00
2025-12-25 15:56:03.157523,599616285491495407,-131.00
2025-12-25 15:56:03.157523,599616285491495407,-144.00
2025-12-25 15:56:03.157523,599616285491495407,-135.00
2025-12-25 15:56:03.157523,599616285491495407,-126.00
2025-12-25 15:56:03.157523,599616285491495407,-131.00
2025-12-25 15:56:03.157523,599616285491495407,-128.00
2025-12-25 15:56:03.157523,599616285491495407,-119.00
2025-12-25 15:56:03.157523,599616285491495407,-117.00
2025-12-25 15:56:03.157523,599616285491495407,-114.00
2025-12-25 15:56:03.157523,599616285491495407,-105.00
2025-12-25 15:56:03.157523,599616285491495407,-103.00
2025-12-25 15:56:03.157523,599616285491495407,-105.00
2025-12-25 15:56:03.157523,599616285491495407,-101.00
2025-12-25 15:56:03.157523,599616285491495407,-98.00
2025-12-25 15:56:03.157523,599616285491495407,-94.00
2025-12-25 15:56:03.157523,599616285491495407,-82.00
2025-12-25 15:56:03.157523,599616285491495407,-71.00
2025-12-25 15:56:03.157523,599616285491495407,-71.00
2025-12-25 15:56:03.157523,599616285491495407,-73.00
2025-12-25 15:56:03.157523,599616285491495407,-71.00
2025-12-25 15:56:03.157523,599616285491495407,-68.00
2025-12-25 15:56:03.157523,599616285491495407,-73.00
2025-12-25 15:56:03.157523,599616285491495407,-85.00
2025-12-25 15:56:03.157523,599616285491495407,-89.00
2025-12-25 15:56:03.157523,599616285491495407,-101.00
2025-12-25 15:56:03.157523,599616285491495407,-114.00
2025-12-25 15:56:03.157523,599616285491495407,-124.00
2025-12-25 15:56:03.157523,599616285491495407,-135.00
2025-12-25 15:56:03.157523,599616285491495407,-154.00
2025-12-25 15:56:03.157523,599616285491495407,-163.00
2025-12-25 15:56:03.157523,599616285491495407,-165.00
2025-12-25 15:56:03.157523,599616285491495407,-167.00
2025-12-25 15:56:03.157523,599616285491495407,-167.00
2025-12-25 15:56:03.157523,599616285491495407,-167.00
2025-12-25 15:56:03.157523,599616285491495407,-170.00
2025-12-25 15:56:03.157523,599616285491495407,-170.00
2025-12-25 15:56:03.558997,599616286052334864,-163.00
2025-12-25 15:56:03.558997,599616286052334864,-156.00
2025-12-25 15:56:03.558997,599616286052334864,-160.00
2025-12-25 15:56:03.558997,599616286052334864,-167.00
2025-12-25 15:56:03.558997,599616286052334864,-163.00
2025-12-25 15:56:03.558997,599616286052334864,-154.00
2025-12-25 15:56:03.558997,599616286052334864,-149.00
2025-12-25 15:56:03.558997,599616286052334864,-142.00
2025-12-25 15:56:03.558997,599616286052334864,-140.00
2025-12-25 15:56:03.558997,599616286052334864,-144.00
2025-12-25 15:56:03.558997,599616286052334864,-144.00
2025-12-25 15:56:03.558997,599616286052334864,-151.00
2025-12-25 15:56:03.558997,599616286052334864,-147.00
2025-12-25 15:56:03.558997,599616286052334864,-124.00
2025-12-25 15:56:03.558997,599616286052334864,-124.00
2025-12-25 15:56:03.558997,599616286052334864,-142.00
2025-12-25 15:56:03.558997,599616286052334864,-142.00
2025-12-25 15:56:03.558997,599616286052334864,-135.00
2025-12-25 15:56:03.558997,599616286052334864,-131.00
2025-12-25 15:56:03.558997,599616286052334864,-124.00
2025-12-25 15:56:03.558997,599616286052334864,-119.00
2025-12-25 15:56:03.558997,599616286052334864,-128.00
2025-12-25 15:56:03.558997,599616286052334864,-137.00
2025-12-25 15:56:03.558997,599616286052334864,-137.00
2025-12-25 15:56:03.558997,599616286052334864,-131.00
2025-12-25 15:56:03.558997,599616286052334864,-121.00
2025-12-25 15:56:03.558997,599616286052334864,-124.00
2025-12-25 15:56:03.558997,599616286052334864,-126.00
2025-12-25 15:56:03.558997,599616286052334864,-119.00
2025-12-25 15:56:03.558997,599616286052334864,-112.00
2025-12-25 15:56:03.558997,599616286052334864,-108.00
2025-12-25 15:56:03.558997,599616286052334864,-110.00
2025-12-25 15:56:03.558997,599616286052334864,-121.00
2025-12-25 15:56:03.558997,599616286052334864,-128.00
2025-12-25 15:56:03.558997,599616286052334864,-133.00
2025-12-25 15:56:03.558997,599616286052334864,-135.00
2025-12-25 15:56:03.558997,599616286052334864,-126.00
2025-12-25 15:56:03.558997,599616286052334864,-117.00
2025-12-25 15:56:03.558997,599616286052334864,-121.00
2025-12-25 15:56:03.558997,599616286052334864,-119.00
2025-12-25 15:56:03.558997,599616286052334864,-112.00
2025-12-25 15:56:03.558997,599616286052334864,-117.00
2025-12-25 15:56:03.558997,599616286052334864,-112.00
2025-12-25 15:56:03.558997,599616286052334864,-103.00
2025-12-25 15:56:03.558997,599616286052334864,-105.00
2025-12-25 15:56:03.558997,599616286052334864,-91.00
2025-12-25 15:56:03.558997,599616286052334864,9.00
2025-12-25 15:56:03.558997,599616286052334864,181.00
2025-12-25 15:56:03.558997,599616286052334864,158.00
2025-12-25 15:56:03.558997,599616286052334864,-181.00
2025-12-25 15:56:03.558997,599616286052334864,-420.00
2025-12-25 15:56:03.558997,599616286052334864,-342.00
2025-12-25 15:56:03.558997,599616286052334864,-245.00
2025-12-25 15:56:03.558997,599616286052334864,-213.00
2025-12-25 15:56:03.558997,599616286052334864,-135.00
2025-12-25 15:56:03.558997,599616286052334864,-96.00
2025-12-25 15:56:03.558997,599616286052334864,-117.00
2025-12-25 15:56:03.558997,599616286052334864,-119.00
2025-12-25 15:56:03.558997,599616286052334864,-105.00
2025-12-25 15:56:03.558997,599616286052334864,-108.00
2025-12-25 15:56:03.558997,599616286052334864,-112.00
2025-12-25 15:56:03.558997,599616286052334864,-108.00
2025-12-25 15:56:03.558997,599616286052334864,-105.00
2025-12-25 15:56:03.558997,599616286052334864,-110.00
2025-12-25 15:56:03.558997,599616286052334864,-110.00
2025-12-25 15:56:03.558997,599616286052334864,-105.00
2025-12-25 15:56:03.558997,599616286052334864,-103.00
2025-12-25 15:56:03.558997,599616286052334864,-101.00
2025-12-25 15:56:03.558997,599616286052334864,-94.00
2025-12-25 15:56:03.558997,599616286052334864,-94.00
2025-12-25 15:56:03.558997,599616286052334864,-89.00
2025-12-25 15:56:03.558997,599616286052334864,-80.00
2025-12-25 15:56:03.558997,599616286052334864,-75.00
2025-12-25 15:56:04.060593,599616286613189581,-75.00
2025-12-25 15:56:04.060593,599616286613189581,-73.00
2025-12-25 15:56:04.060593,599616286613189581,-73.00
2025-12-25 15:56:04.060593,599616286613189581,-71.00
2025-12-25 15:56:04.060593,599616286613189581,-68.00
2025-12-25 15:56:04.060593,599616286613189581,-75.00
2025-12-25 15:56:04.060593,599616286613189581,-91.00
2025-12-25 15:56:04.060593,599616286613189581,-110.00
2025-12-25 15:56:04.060593,599616286613189581,-126.00
2025-12-25 15:56:04.060593,599616286613189581,-142.00
2025-12-25 15:56:04.060593,599616286613189581,-149.00
2025-12-25 15:56:04.060593,599616286613189581,-158.00
2025-12-25 15:56:04.060593,599616286613189581,-170.00
2025-12-25 15:56:04.060593,599616286613189581,-170.00
2025-12-25 15:56:04.060593,599616286613189581,-170.00
2025-12-25 15:56:04.060593,599616286613189581,-181.00
2025-12-25 15:56:04.060593,599616286613189581,-177.00
2025-12-25 15:56:04.060593,599616286613189581,-158.00
2025-12-25 15:56:04.060593,599616286613189581,-158.00
2025-12-25 15:56:04.060593,599616286613189581,-160.00
2025-12-25 15:56:04.060593,599616286613189581,-156.00
2025-12-25 15:56:04.060593,599616286613189581,-163.00
2025-12-25 15:56:04.060593,599616286613189581,-163.00
2025-12-25 15:56:04.060593,599616286613189581,-158.00
2025-12-25 15:56:04.060593,599616286613189581,-160.00
2025-12-25 15:56:04.060593,599616286613189581,-165.00
2025-12-25 15:56:04.060593,599616286613189581,-165.00
2025-12-25 15:56:04.060593,599616286613189581,-165.00
2025-12-25 15:56:04.060593,599616286613189581,-167.00
2025-12-25 15:56:04.060593,599616286613189581,-170.00
2025-12-25 15:56:04.060593,599616286613189581,-172.00
2025-12-25 15:56:04.060593,599616286613189581,-174.00
2025-12-25 15:56:04.060593,599616286613189581,-165.00
2025-12-25 15:56:04.060593,599616286613189581,-160.00
2025-12-25 15:56:04.060593,599616286613189581,-165.00
2025-12-25 15:56:04.060593,599616286613189581,-163.00
2025-12-25 15:56:04.060593,599616286613189581,-158.00
2025-12-25 15:56:04.060593,599616286613189581,-170.00
2025-12-25 15:56:04.060593,599616286613189581,-177.00
2025-12-25 15:56:04.060593,599616286613189581,-170.00
2025-12-25 15:56:04.060593,599616286613189581,-165.00
2025-12-25 15:56:04.060593,599616286613189581,-167.00
2025-12-25 15:56:04.060593,599616286613189581,-170.00
2025-12-25 15:56:04.060593,599616286613189581,-177.00
2025-12-25 15:56:04.060593,599616286613189581,-179.00
2025-12-25 15:56:04.060593,599616286613189581,-172.00
2025-12-25 15:56:04.060593,599616286613189581,-160.00
2025-12-25 15:56:04.060593,599616286613189581,-158.00
2025-12-25 15:56:04.060593,599616286613189581,-158.00
2025-12-25 15:56:04.060593,599616286613189581,-170.00
2025-12-25 15:56:04.060593,599616286613189581,-181.00
2025-12-25 15:56:04.060593,599616286613189581,-179.00
2025-12-25 15:56:04.060593,599616286613189581,-179.00
2025-12-25 15:56:04.060593,599616286613189581,-186.00
2025-12-25 15:56:04.060593,599616286613189581,-186.00
2025-12-25 15:56:04.060593,599616286613189581,-188.00
2025-12-25 15:56:04.060593,599616286613189581,-190.00
2025-12-25 15:56:04.060593,599616286613189581,-188.00
2025-12-25 15:56:04.060593,599616286613189581,-179.00
2025-12-25 15:56:04.060593,599616286613189581,-174.00
2025-12-25 15:56:04.060593,599616286613189581,-174.00
2025-12-25 15:56:04.060593,599616286613189581,-181.00
2025-12-25 15:56:04.060593,599616286613189581,-190.00
2025-12-25 15:56:04.060593,599616286613189581,-172.00
2025-12-25 15:56:04.060593,599616286613189581,-64.00
2025-12-25 15:56:04.060593,599616286613189581,114.00
2025-12-25 15:56:04.060593,599616286613189581,105.00
2025-12-25 15:56:04.060593,599616286613189581,-225.00
2025-12-25 15:56:04.060593,599616286613189581,-471.00
2025-12-25 15:56:04.060593,599616286613189581,-393.00
2025-12-25 15:56:04.060593,599616286613189581,-291.00
2025-12-25 15:56:04.060593,599616286613189581,-266.00
2025-12-25 15:56:04.060593,599616286613189581,-190.00
2025-12-25 15:56:04.612314,599616287174013782,-142.00
2025-12-25 15:56:04.612314,599616287174013782,-163.00
2025-12-25 15:56:04.612314,599616287174013782,-165.00
2025-12-25 15:56:04.612314,599616287174013782,-142.00
2025-12-25 15:56:04.612314,599616287174013782,-135.00
2025-12-25 15:56:04.612314,599616287174013782,-137.00
2025-12-25 15:56:04.612314,599616287174013782,-128.00
2025-12-25 15:56:04.612314,599616287174013782,-114.00
2025-12-25 15:56:04.612314,599616287174013782,-108.00
2025-12-25 15:56:04.612314,599616287174013782,-108.00
2025-12-25 15:56:04.612314,599616287174013782,-108.00
2025-12-25 15:56:04.612314,599616287174013782,-103.00
2025-12-25 15:56:04.612314,599616287174013782,-103.00
2025-12-25 15:56:04.612314,599616287174013782,-91.00
2025-12-25 15:56:04.612314,599616287174013782,-73.00
2025-12-25 15:56:04.612314,599616287174013782,-73.00
2025-12-25 15:56:04.612314,599616287174013782,-78.00
2025-12-25 15:56:04.612314,599616287174013782,-73.00
2025-12-25 15:56:04.612314,599616287174013782,-71.00
2025-12-25 15:56:04.612314,599616287174013782,-71.00
2025-12-25 15:56:04.612314,599616287174013782,-78.00
2025-12-25 15:56:04.612314,599616287174013782,-87.00
2025-12-25 15:56:04.612314,599616287174013782,-78.00
2025-12-25 15:56:04.612314,599616287174013782,-73.00
2025-12-25 15:56:04.612314,599616287174013782,-94.00
2025-12-25 15:56:04.612314,599616287174013782,-105.00
2025-12-25 15:56:04.612314,599616287174013782,-117.00
2025-12-25 15:56:04.612314,599616287174013782,-131.00
2025-12-25 15:56:04.612314,599616287174013782,-144.00
2025-12-25 15:56:04.612314,599616287174013782,-163.00
2025-12-25 15:56:04.612314,599616287174013782,-179.00
2025-12-25 15:56:04.612314,599616287174013782,-181.00
2025-12-25 15:56:04.612314,599616287174013782,-179.00
2025-12-25 15:56:04.612314,599616287174013782,-186.00
2025-12-25 15:56:04.612314,599616287174013782,-188.00
2025-12-25 15:56:04.612314,599616287174013782,-183.00
2025-12-25 15:56:04.612314,599616287174013782,-177.00
2025-12-25 15:56:04.612314,599616287174013782,-179.00
2025-12-25 15:56:04.612314,599616287174013782,-179.00
2025-12-25 15:56:04.612314,599616287174013782,-174.00
2025-12-25 15:56:04.612314,599616287174013782,-177.00
2025-12-25 15:56:04.612314,599616287174013782,-179.00
2025-12-25 15:56:04.612314,599616287174013782,-179.00
2025-12-25 15:56:04.612314,599616287174013782,-174.00
2025-12-25 15:56:04.612314,599616287174013782,-177.00
2025-12-25 15:56:04.612314,599616287174013782,-186.00
2025-12-25 15:56:04.612314,599616287174013782,-186.00
2025-12-25 15:56:04.612314,599616287174013782,-183.00
2025-12-25 15:56:04.612314,599616287174013782,-181.00
2025-12-25 15:56:04.612314,599616287174013782,-181.00
2025-12-25 15:56:04.612314,599616287174013782,-181.00
2025-12-25 15:56:04.612314,599616287174013782,-188.00
2025-12-25 15:56:04.612314,599616287174013782,-195.00
2025-12-25 15:56:04.612314,599616287174013782,-188.00
2025-12-25 15:56:04.612314,599616287174013782,-186.00
2025-12-25 15:56:04.612314,599616287174013782,-188.00
2025-12-25 15:56:04.612314,599616287174013782,-190.00
2025-12-25 15:56:04.612314,599616287174013782,-193.00
2025-12-25 15:56:04.612314,599616287174013782,-190.00
2025-12-25 15:56:04.612314,599616287174013782,-179.00
2025-12-25 15:56:04.612314,599616287174013782,-179.00
2025-12-25 15:56:04.612314,599616287174013782,-188.00
2025-12-25 15:56:04.612314,599616287174013782,-188.00
2025-12-25 15:56:04.612314,599616287174013782,-181.00
2025-12-25 15:56:04.612314,599616287174013782,-183.00
2025-12-25 15:56:04.612314,599616287174013782,-177.00
2025-12-25 15:56:04.612314,599616287174013782,-165.00
2025-12-25 15:56:04.612314,599616287174013782,-174.00
2025-12-25 15:56:04.612314,599616287174013782,-188.00
2025-12-25 15:56:04.612314,599616287174013782,-188.00
2025-12-25 15:56:04.612314,599616287174013782,-183.00
2025-12-25 15:56:04.612314,599616287174013782,-183.00
2025-12-25 15:56:04.612314,599616287174013782,-181.00
2025-12-25 15:56:05.264032,599616287734863415,-181.00
2025-12-25 15:56:05.264032,599616287734863415,-186.00
2025-12-25 15:56:05.264032,599616287734863415,-181.00
2025-12-25 15:56:05.264032,599616287734863415,-181.00
2025-12-25 15:56:05.264032,599616287734863415,-177.00
2025-12-25 15:56:05.264032,599616287734863415,-170.00
2025-12-25 15:56:05.264032,599616287734863415,-170.00
2025-12-25 15:56:05.264032,599616287734863415,-172.00
2025-12-25 15:56:05.264032,599616287734863415,-147.00
2025-12-25 15:56:05.264032,599616287734863415,-27.00
2025-12-25 15:56:05.264032,599616287734863415,149.00
2025-12-25 15:56:05.264032,599616287734863415,96.00
2025-12-25 15:56:05.264032,599616287734863415,-257.00
2025-12-25 15:56:05.264032,599616287734863415,-455.00
2025-12-25 15:56:05.264032,599616287734863415,-347.00
2025-12-25 15:56:05.264032,599616287734863415,-259.00
2025-12-25 15:56:05.264032,599616287734863415,-223.00
2025-12-25 15:56:05.264032,599616287734863415,-133.00
2025-12-25 15:56:05.264032,599616287734863415,-96.00
2025-12-25 15:56:05.264032,599616287734863415,-126.00
2025-12-25 15:56:05.264032,599616287734863415,-119.00
2025-12-25 15:56:05.264032,599616287734863415,-98.00
2025-12-25 15:56:05.264032,599616287734863415,-101.00
2025-12-25 15:56:05.264032,599616287734863415,-105.00
2025-12-25 15:56:05.264032,599616287734863415,-98.00
2025-12-25 15:56:05.264032,599616287734863415,-103.00
2025-12-25 15:56:05.264032,599616287734863415,-112.00
2025-12-25 15:56:05.264032,599616287734863415,-105.00
2025-12-25 15:56:05.264032,599616287734863415,-98.00
2025-12-25 15:56:05.264032,599616287734863415,-103.00
2025-12-25 15:56:05.264032,599616287734863415,-101.00
2025-12-25 15:56:05.264032,599616287734863415,-94.00
2025-12-25 15:56:05.264032,599616287734863415,-96.00
2025-12-25 15:56:05.264032,599616287734863415,-96.00
2025-12-25 15:56:05.264032,599616287734863415,-87.00
2025-12-25 15:56:05.264032,599616287734863415,-82.00
2025-12-25 15:56:05.264032,599616287734863415,-82.00
2025-12-25 15:56:05.264032,599616287734863415,-82.00
2025-12-25 15:56:05.264032,599616287734863415,-82.00
2025-12-25 15:56:05.264032,599616287734863415,-82.00
2025-12-25 15:56:05.264032,599616287734863415,-89.00
2025-12-25 15:56:05.264032,599616287734863415,-105.00
2025-12-25 15:56:05.264032,599616287734863415,-117.00
2025-12-25 15:56:05.264032,599616287734863415,-128.00
2025-12-25 15:56:05.264032,599616287734863415,-147.00
2025-12-25 15:56:05.264032,599616287734863415,-165.00
2025-12-25 15:56:05.264032,599616287734863415,-177.00
2025-12-25 15:56:05.264032,599616287734863415,-186.00
2025-12-25 15:56:05.264032,599616287734863415,-197.00
2025-12-25 15:56:05.264032,599616287734863415,-204.00
2025-12-25 15:56:05.264032,599616287734863415,-195.00
2025-12-25 15:56:05.264032,599616287734863415,-186.00
2025-12-25 15:56:05.264032,599616287734863415,-186.00
2025-12-25 15:56:05.264032,599616287734863415,-190.00
2025-12-25 15:56:05.264032,599616287734863415,-195.00
2025-12-25 15:56:05.264032,599616287734863415,-193.00
2025-12-25 15:56:05.264032,599616287734863415,-183.00
2025-12-25 15:56:05.264032,599616287734863415,-179.00
2025-12-25 15:56:05.264032,599616287734863415,-179.00
2025-12-25 15:56:05.264032,599616287734863415,-181.00
2025-12-25 15:56:05.264032,599616287734863415,-186.00
2025-12-25 15:56:05.264032,599616287734863415,-186.00
2025-12-25 15:56:05.264032,599616287734863415,-183.00
2025-12-25 15:56:05.264032,599616287734863415,-181.00
2025-12-25 15:56:05.264032,599616287734863415,-174.00
2025-12-25 15:56:05.264032,599616287734863415,-179.00
2025-12-25 15:56:05.264032,599616287734863415,-190.00
2025-12-25 15:56:05.264032,599616287734863415,-190.00
2025-12-25 15:56:05.264032,599616287734863415,-186.00
2025-12-25 15:56:05.264032,599616287734863415,-183.00
2025-12-25 15:56:05.264032,599616287734863415,-179.00
2025-12-25 15:56:05.264032,599616287734863415,-186.00
2025-12-25 15:56:05.264032,599616287734863415,-195.00
2025-12-25 15:56:05.966262,599616288295692700,-193.00
2025-12-25 15:56:05.966262,599616288295692700,-183.00
2025-12-25 15:56:05.966262,599616288295692700,-183.00
2025-12-25 15:56:05.966262,599616288295692700,-186.00
2025-12-25 15:56:05.966262,599616288295692700,-183.00
2025-12-25 15:56:05.966262,599616288295692700,-186.00
2025-12-25 15:56:05.966262,599616288295692700,-195.00
2025-12-25 15:56:05.966262,599616288295692700,-197.00
2025-12-25 15:56:05.966262,599616288295692700,-190.00
2025-12-25 15:56:05.966262,599616288295692700,-170.00
2025-12-25 15:56:05.966262,599616288295692700,-144.00
2025-12-25 15:56:05.966262,599616288295692700,-140.00
2025-12-25 15:56:05.966262,599616288295692700,-154.00
2025-12-25 15:56:05.966262,599616288295692700,-156.00
2025-12-25 15:56:05.966262,599616288295692700,-147.00
2025-12-25 15:56:05.966262,599616288295692700,-149.00
2025-12-25 15:56:05.966262,599616288295692700,-160.00
2025-12-25 15:56:05.966262,599616288295692700,-156.00
2025-12-25 15:56:05.966262,599616288295692700,-154.00
2025-12-25 15:56:05.966262,599616288295692700,-154.00
2025-12-25 15:56:05.966262,599616288295692700,-144.00
2025-12-25 15:56:05.966262,599616288295692700,-135.00
2025-12-25 15:56:05.966262,599616288295692700,-137.00
2025-12-25 15:56:05.966262,599616288295692700,-144.00
2025-12-25 15:56:05.966262,599616288295692700,-144.00
2025-12-25 15:56:05.966262,599616288295692700,-149.00
2025-12-25 15:56:05.966262,599616288295692700,-142.00
2025-12-25 15:56:05.966262,599616288295692700,-85.00
2025-12-25 15:56:05.966262,599616288295692700,64.00
2025-12-25 15:56:05.966262,599616288295692700,181.00
2025-12-25 15:56:05.966262,599616288295692700,-4.00
2025-12-25 15:56:05.966262,599616288295692700,-347.00
2025-12-25 15:56:05.966262,599616288295692700,-416.00
2025-12-25 15:56:05.966262,599616288295692700,-291.00
2025-12-25 15:56:05.966262,599616288295692700,-236.00
2025-12-25 15:56:05.966262,599616288295692700,-186.00
2025-12-25 15:56:05.966262,599616288295692700,-124.00
2025-12-25 15:56:05.966262,599616288295692700,-121.00
2025-12-25 15:56:05.966262,599616288295692700,-131.00
2025-12-25 15:56:05.966262,599616288295692700,-119.00
2025-12-25 15:56:05.966262,599616288295692700,-112.00
2025-12-25 15:56:05.966262,599616288295692700,-108.00
2025-12-25 15:56:05.966262,599616288295692700,-103.00
2025-12-25 15:56:05.966262,599616288295692700,-108.00
2025-12-25 15:56:05.966262,599616288295692700,-112.00
2025-12-25 15:56:05.966262,599616288295692700,-108.00
2025-12-25 15:56:05.966262,599616288295692700,-103.00
2025-12-25 15:56:05.966262,599616288295692700,-103.00
2025-12-25 15:56:05.966262,599616288295692700,-105.00
2025-12-25 15:56:05.966262,599616288295692700,-96.00
2025-12-25 15:56:05.966262,599616288295692700,-89.00
2025-12-25 15:56:05.966262,599616288295692700,-94.00
2025-12-25 15:56:05.966262,599616288295692700,-96.00
2025-12-25 15:56:05.966262,599616288295692700,-85.00
2025-12-25 15:56:05.966262,599616288295692700,-75.00
2025-12-25 15:56:05.966262,599616288295692700,-75.00
2025-12-25 15:56:05.966262,599616288295692700,-75.00
2025-12-25 15:56:05.966262,599616288295692700,-80.00
2025-12-25 15:56:05.966262,599616288295692700,-94.00
2025-12-25 15:56:05.966262,599616288295692700,-96.00
2025-12-25 15:56:05.966262,599616288295692700,-94.00
2025-12-25 15:56:05.966262,599616288295692700,-105.00
2025-12-25 15:56:05.966262,599616288295692700,-131.00
2025-12-25 15:56:05.966262,599616288295692700,-154.00
2025-12-25 15:56:05.966262,599616288295692700,-160.00
2025-12-25 15:56:05.966262,599616288295692700,-167.00
2025-12-25 15:56:05.966262,599616288295692700,-177.00
2025-12-25 15:56:05.966262,599616288295692700,-183.00
2025-12-25 15:56:05.966262,599616288295692700,-190.00
2025-12-25 15:56:05.966262,599616288295692700,-188.00
2025-12-25 15:56:05.966262,599616288295692700,-183.00
2025-12-25 15:56:05.966262,599616288295692700,-183.00
2025-12-25 15:56:05.966262,599616288295692700,-183.00
2025-12-25 15:56:06.317515,599616288856532159,-179.00
2025-12-25 15:56:06.317515,599616288856532159,-179.00
2025-12-25 15:56:06.317515,599616288856532159,-170.00
2025-12-25 15:56:06.317515,599616288856532159,-158.00
2025-12-25 15:56:06.317515,599616288856532159,-160.00
2025-12-25 15:56:06.317515,599616288856532159,-165.00
2025-12-25 15:56:06.317515,599616288856532159,-165.00
2025-12-25 15:56:06.317515,599616288856532159,-165.00
2025-12-25 15:56:06.317515,599616288856532159,-165.00
2025-12-25 15:56:06.317515,599616288856532159,-163.00
2025-12-25 15:56:06.317515,599616288856532159,-165.00
2025-12-25 15:56:06.317515,599616288856532159,-156.00
2025-12-25 15:56:06.317515,599616288856532159,-147.00
2025-12-25 15:56:06.317515,599616288856532159,-156.00
2025-12-25 15:56:06.317515,599616288856532159,-163.00
2025-12-25 15:56:06.317515,599616288856532159,-158.00
2025-12-25 15:56:06.317515,599616288856532159,-156.00
2025-12-25 15:56:06.317515,599616288856532159,-149.00
2025-12-25 15:56:06.317515,599616288856532159,-140.00
2025-12-25 15:56:06.317515,599616288856532159,-144.00
2025-12-25 15:56:06.317515,599616288856532159,-149.00
2025-12-25 15:56:06.317515,599616288856532159,-151.00
2025-12-25 15:56:06.317515,599616288856532159,-149.00
2025-12-25 15:56:06.317515,599616288856532159,-137.00
2025-12-25 15:56:06.317515,599616288856532159,-133.00
2025-12-25 15:56:06.317515,599616288856532159,-135.00
2025-12-25 15:56:06.317515,599616288856532159,-140.00
2025-12-25 15:56:06.317515,599616288856532159,-140.00
2025-12-25 15:56:06.317515,599616288856532159,-131.00
2025-12-25 15:56:06.317515,599616288856532159,-112.00
2025-12-25 15:56:06.317515,599616288856532159,-103.00
2025-12-25 15:56:06.317515,599616288856532159,-105.00
2025-12-25 15:56:06.317515,599616288856532159,-117.00
2025-12-25 15:56:06.317515,599616288856532159,-128.00
2025-12-25 15:56:06.317515,599616288856532159,-121.00
2025-12-25 15:56:06.317515,599616288856532159,-110.00
2025-12-25 15:56:06.317515,599616288856532159,-119.00
2025-12-25 15:56:06.317515,599616288856532159,-126.00
2025-12-25 15:56:06.317515,599616288856532159,-119.00
2025-12-25 15:56:06.317515,599616288856532159,-124.00
2025-12-25 15:56:06.317515,599616288856532159,-121.00
2025-12-25 15:56:06.317515,599616288856532159,-110.00
2025-12-25 15:56:06.317515,599616288856532159,-105.00
2025-12-25 15:56:06.317515,599616288856532159,-112.00
2025-12-25 15:56:06.317515,599616288856532159,-112.00
2025-12-25 15:56:06.317515,599616288856532159,-112.00
2025-12-25 15:56:06.317515,599616288856532159,-103.00
2025-12-25 15:56:06.317515,599616288856532159,-16.00
2025-12-25 15:56:06.317515,599616288856532159,156.00
2025-12-25 15:56:06.317515,599616288856532159,172.00
2025-12-25 15:56:06.317515,599616288856532159,-135.00
2025-12-25 15:56:06.317515,599616288856532159,-406.00
2025-12-25 15:56:06.317515,599616288856532159,-349.00
2025-12-25 15:56:06.317515,599616288856532159,-236.00
2025-12-25 15:56:06.317515,599616288856532159,-206.00
2025-12-25 15:56:06.317515,599616288856532159,-144.00
2025-12-25 15:56:06.317515,599616288856532159,-108.00
2025-12-25 15:56:06.317515,599616288856532159,-124.00
2025-12-25 15:56:06.317515,599616288856532159,-119.00
2025-12-25 15:56:06.317515,599616288856532159,-105.00
2025-12-25 15:56:06.317515,599616288856532159,-112.00
2025-12-25 15:56:06.317515,599616288856532159,-117.00
2025-12-25 15:56:06.317515,599616288856532159,-108.00
2025-12-25 15:56:06.317515,599616288856532159,-108.00
2025-12-25 15:56:06.317515,599616288856532159,-112.00
2025-12-25 15:56:06.317515,599616288856532159,-105.00
2025-12-25 15:56:06.317515,599616288856532159,-103.00
2025-12-25 15:56:06.317515,599616288856532159,-105.00
2025-12-25 15:56:06.317515,599616288856532159,-96.00
2025-12-25 15:56:06.317515,599616288856532159,-89.00
2025-12-25 15:56:06.317515,599616288856532159,-91.00
2025-12-25 15:56:06.317515,599616288856532159,-91.00
2025-12-25 15:56:06.317515,599616288856532159,-85.00
2025-12-25 15:56:06.869418,599616289417371616,-78.00
2025-12-25 15:56:06.869418,599616289417371616,-75.00
2025-12-25 15:56:06.869418,599616289417371616,-78.00
2025-12-25 15:56:06.869418,599616289417371616,-82.00
2025-12-25 15:56:06.869418,599616289417371616,-89.00
2025-12-25 15:56:06.869418,599616289417371616,-89.00
2025-12-25 15:56:06.869418,599616289417371616,-94.00
2025-12-25 15:56:06.869418,599616289417371616,-112.00
2025-12-25 15:56:06.869418,599616289417371616,-124.00
2025-12-25 15:56:06.869418,599616289417371616,-140.00
2025-12-25 15:56:06.869418,599616289417371616,-163.00
2025-12-25 15:56:06.869418,599616289417371616,-174.00
2025-12-25 15:56:06.869418,599616289417371616,-181.00
2025-12-25 15:56:06.869418,599616289417371616,-190.00
2025-12-25 15:56:06.869418,599616289417371616,-183.00
2025-12-25 15:56:06.869418,599616289417371616,-170.00
2025-12-25 15:56:06.869418,599616289417371616,-179.00
2025-12-25 15:56:06.869418,599616289417371616,-190.00
2025-12-25 15:56:06.869418,599616289417371616,-181.00
2025-12-25 15:56:06.869418,599616289417371616,-174.00
2025-12-25 15:56:06.869418,599616289417371616,-179.00
2025-12-25 15:56:06.869418,599616289417371616,-181.00
2025-12-25 15:56:06.869418,599616289417371616,-177.00
2025-12-25 15:56:06.869418,599616289417371616,-170.00
2025-12-25 15:56:06.869418,599616289417371616,-167.00
2025-12-25 15:56:06.869418,599616289417371616,-167.00
2025-12-25 15:56:06.869418,599616289417371616,-172.00
2025-12-25 15:56:06.869418,599616289417371616,-177.00
2025-12-25 15:56:06.869418,599616289417371616,-177.00
2025-12-25 15:56:06.869418,599616289417371616,-179.00
2025-12-25 15:56:06.869418,599616289417371616,-174.00
2025-12-25 15:56:06.869418,599616289417371616,-174.00
2025-12-25 15:56:06.869418,599616289417371616,-177.00
2025-12-25 15:56:06.869418,599616289417371616,-181.00
2025-12-25 15:56:06.869418,599616289417371616,-179.00
2025-12-25 15:56:06.869418,599616289417371616,-179.00
2025-12-25 15:56:06.869418,599616289417371616,-181.00
2025-12-25 15:56:06.869418,599616289417371616,-181.00
2025-12-25 15:56:06.869418,599616289417371616,-179.00
2025-12-25 15:56:06.869418,599616289417371616,-181.00
2025-12-25 15:56:06.869418,599616289417371616,-181.00
2025-12-25 15:56:06.869418,599616289417371616,-179.00
2025-12-25 15:56:06.869418,599616289417371616,-183.00
2025-12-25 15:56:06.869418,599616289417371616,-181.00
2025-12-25 15:56:06.869418,599616289417371616,-174.00
2025-12-25 15:56:06.869418,599616289417371616,-179.00
2025-12-25 15:56:06.869418,599616289417371616,-188.00
2025-12-25 15:56:06.869418,599616289417371616,-181.00
2025-12-25 15:56:06.869418,599616289417371616,-167.00
2025-12-25 15:56:06.869418,599616289417371616,-160.00
2025-12-25 15:56:06.869418,599616289417371616,-151.00
2025-12-25 15:56:06.869418,599616289417371616,-149.00
2025-12-25 15:56:06.869418,599616289417371616,-165.00
2025-12-25 15:56:06.869418,599616289417371616,-179.00
2025-12-25 15:56:06.869418,599616289417371616,-177.00
2025-12-25 15:56:06.869418,599616289417371616,-179.00
2025-12-25 15:56:06.869418,599616289417371616,-177.00
2025-12-25 15:56:06.869418,599616289417371616,-177.00
2025-12-25 15:56:06.869418,599616289417371616,-179.00
2025-12-25 15:56:06.869418,599616289417371616,-174.00
2025-12-25 15:56:06.869418,599616289417371616,-158.00
2025-12-25 15:56:06.869418,599616289417371616,-142.00
2025-12-25 15:56:06.869418,599616289417371616,-144.00
2025-12-25 15:56:06.869418,599616289417371616,-144.00
2025-12-25 15:56:06.869418,599616289417371616,-142.00
2025-12-25 15:56:06.869418,599616289417371616,-149.00
2025-12-25 15:56:06.869418,599616289417371616,-119.00
2025-12-25 15:56:06.869418,599616289417371616,13.00
2025-12-25 15:56:06.869418,599616289417371616,170.00
2025-12-25 15:56:06.869418,599616289417371616,52.00
2025-12-25 15:56:06.869418,599616289417371616,-303.00
2025-12-25 15:56:06.869418,599616289417371616,-439.00
2025-12-25 15:56:06.869418,599616289417371616,-328.00
2025-12-25 15:56:07.420968,599616289978200903,-271.00
2025-12-25 15:56:07.420968,599616289978200903,-227.00
2025-12-25 15:56:07.420968,599616289978200903,-140.00
2025-12-25 15:56:07.420968,599616289978200903,-126.00
2025-12-25 15:56:07.420968,599616289978200903,-151.00
2025-12-25 15:56:07.420968,599616289978200903,-133.00
2025-12-25 15:56:07.420968,599616289978200903,-119.00
2025-12-25 15:56:07.420968,599616289978200903,-128.00
2025-12-25 15:56:07.420968,599616289978200903,-126.00
2025-12-25 15:56:07.420968,599616289978200903,-121.00
2025-12-25 15:56:07.420968,599616289978200903,-126.00
2025-12-25 15:56:07.420968,599616289978200903,-119.00
2025-12-25 15:56:07.420968,599616289978200903,-101.00
2025-12-25 15:56:07.420968,599616289978200903,-94.00
2025-12-25 15:56:07.420968,599616289978200903,-96.00
2025-12-25 15:56:07.420968,599616289978200903,-96.00
2025-12-25 15:56:07.420968,599616289978200903,-98.00
2025-12-25 15:56:07.420968,599616289978200903,-91.00
2025-12-25 15:56:07.420968,599616289978200903,-85.00
2025-12-25 15:56:07.420968,599616289978200903,-87.00
2025-12-25 15:56:07.420968,599616289978200903,-85.00
2025-12-25 15:56:07.420968,599616289978200903,-78.00
2025-12-25 15:56:07.420968,599616289978200903,-82.00
2025-12-25 15:56:07.420968,599616289978200903,-89.00
2025-12-25 15:56:07.420968,599616289978200903,-89.00
2025-12-25 15:56:07.420968,599616289978200903,-91.00
2025-12-25 15:56:07.420968,599616289978200903,-105.00
2025-12-25 15:56:07.420968,599616289978200903,-114.00
2025-12-25 15:56:07.420968,599616289978200903,-126.00
2025-12-25 15:56:07.420968,599616289978200903,-142.00
2025-12-25 15:56:07.420968,599616289978200903,-163.00
2025-12-25 15:56:07.420968,599616289978200903,-181.00
2025-12-25 15:56:07.420968,599616289978200903,-186.00
2025-12-25 15:56:07.420968,599616289978200903,-190.00
2025-12-25 15:56:07.420968,599616289978200903,-202.00
2025-12-25 15:56:07.420968,599616289978200903,-202.00
2025-12-25 15:56:07.420968,599616289978200903,-195.00
2025-12-25 15:56:07.420968,599616289978200903,-197.00
2025-12-25 15:56:07.420968,599616289978200903,-200.00
2025-12-25 15:56:07.420968,599616289978200903,-200.00
2025-12-25 15:56:07.420968,599616289978200903,-193.00
2025-12-25 15:56:07.420968,599616289978200903,-186.00
2025-12-25 15:56:07.420968,599616289978200903,-186.00
2025-12-25 15:56:07.420968,599616289978200903,-190.00
2025-12-25 15:56:07.420968,599616289978200903,-188.00
2025-12-25 15:56:07.420968,599616289978200903,-186.00
2025-12-25 15:56:07.420968,599616289978200903,-188.00
2025-12-25 15:56:07.420968,599616289978200903,-188.00
2025-12-25 15:56:07.420968,599616289978200903,-183.00
2025-12-25 15:56:07.420968,599616289978200903,-183.00
2025-12-25 15:56:07.420968,599616289978200903,-188.00
2025-12-25 15:56:07.420968,599616289978200903,-193.00
2025-12-25 15:56:07.420968,599616289978200903,-190.00
2025-12-25 15:56:07.420968,599616289978200903,-177.00
2025-12-25 15:56:07.420968,599616289978200903,-174.00
2025-12-25 15:56:07.420968,599616289978200903,-181.00
2025-12-25 15:56:07.420968,599616289978200903,-186.00
2025-12-25 15:56:07.420968,599616289978200903,-179.00
2025-12-25 15:56:07.420968,599616289978200903,-174.00
2025-12-25 15:56:07.420968,599616289978200903,-181.00
2025-12-25 15:56:07.420968,599616289978200903,-183.00
2025-12-25 15:56:07.420968,599616289978200903,-183.00
2025-12-25 15:56:07.420968,599616289978200903,-188.00
2025-12-25 15:56:07.420968,599616289978200903,-186.00
2025-12-25 15:56:07.420968,599616289978200903,-181.00
2025-12-25 15:56:07.420968,599616289978200903,-177.00
2025-12-25 15:56:07.420968,599616289978200903,-165.00
2025-12-25 15:56:07.420968,599616289978200903,-151.00
2025-12-25 15:56:07.420968,599616289978200903,-154.00
2025-12-25 15:56:07.420968,599616289978200903,-170.00
2025-12-25 15:56:07.420968,599616289978200903,-177.00
2025-12-25 15:56:07.420968,599616289978200903,-172.00
2025-12-25 15:56:07.420968,599616289978200903,-179.00
2025-12-25 15:56:07.922156,599616290539050534,-183.00
2025-12-25 15:56:07.922156,599616290539050534,-179.00
2025-12-25 15:56:07.922156,599616290539050534,-181.00
2025-12-25 15:56:07.922156,599616290539050534,-186.00
2025-12-25 15:56:07.922156,599616290539050534,-174.00
2025-12-25 15:56:07.922156,599616290539050534,-160.00
2025-12-25 15:56:07.922156,599616290539050534,-156.00
2025-12-25 15:56:07.922156,599616290539050534,-154.00
2025-12-25 15:56:07.922156,599616290539050534,-151.00
2025-12-25 15:56:07.922156,599616290539050534,-142.00
2025-12-25 15:56:07.922156,599616290539050534,-108.00
2025-12-25 15:56:07.922156,599616290539050534,6.00
2025-12-25 15:56:07.922156,599616290539050534,167.00
2025-12-25 15:56:07.922156,599616290539050534,78.00
2025-12-25 15:56:07.922156,599616290539050534,-282.00
2025-12-25 15:56:07.922156,599616290539050534,-439.00
2025-12-25 15:56:07.922156,599616290539050534,-319.00
2025-12-25 15:56:07.922156,599616290539050534,-250.00
2025-12-25 15:56:07.922156,599616290539050534,-223.00
2025-12-25 15:56:07.922156,599616290539050534,-151.00
2025-12-25 15:56:07.922156,599616290539050534,-121.00
2025-12-25 15:56:07.922156,599616290539050534,-128.00
2025-12-25 15:56:07.922156,599616290539050534,-117.00
2025-12-25 15:56:07.922156,599616290539050534,-110.00
2025-12-25 15:56:07.922156,599616290539050534,-121.00
2025-12-25 15:56:07.922156,599616290539050534,-126.00
2025-12-25 15:56:07.922156,599616290539050534,-117.00
2025-12-25 15:56:07.922156,599616290539050534,-114.00
2025-12-25 15:56:07.922156,599616290539050534,-119.00
2025-12-25 15:56:07.922156,599616290539050534,-117.00
2025-12-25 15:56:07.922156,599616290539050534,-112.00
2025-12-25 15:56:07.922156,599616290539050534,-114.00
2025-12-25 15:56:07.922156,599616290539050534,-119.00
2025-12-25 15:56:07.922156,599616290539050534,-114.00
2025-12-25 15:56:07.922156,599616290539050534,-103.00
2025-12-25 15:56:07.922156,599616290539050534,-103.00
2025-12-25 15:56:07.922156,599616290539050534,-101.00
2025-12-25 15:56:07.922156,599616290539050534,-91.00
2025-12-25 15:56:07.922156,599616290539050534,-87.00
2025-12-25 15:56:07.922156,599616290539050534,-89.00
2025-12-25 15:56:07.922156,599616290539050534,-89.00
2025-12-25 15:56:07.922156,599616290539050534,-94.00
2025-12-25 15:56:07.922156,599616290539050534,-103.00
2025-12-25 15:56:07.922156,599616290539050534,-112.00
2025-12-25 15:56:07.922156,599616290539050534,-119.00
2025-12-25 15:56:07.922156,599616290539050534,-126.00
2025-12-25 15:56:07.922156,599616290539050534,-137.00
2025-12-25 15:56:07.922156,599616290539050534,-156.00
2025-12-25 15:56:07.922156,599616290539050534,-170.00
2025-12-25 15:56:07.922156,599616290539050534,-177.00
2025-12-25 15:56:07.922156,599616290539050534,-186.00
2025-12-25 15:56:07.922156,599616290539050534,-190.00
2025-12-25 15:56:07.922156,599616290539050534,-188.00
2025-12-25 15:56:07.922156,599616290539050534,-188.00
2025-12-25 15:56:07.922156,599616290539050534,-190.00
2025-12-25 15:56:07.922156,599616290539050534,-188.00
2025-12-25 15:56:07.922156,599616290539050534,-186.00
2025-12-25 15:56:07.922156,599616290539050534,-186.00
2025-12-25 15:56:07.922156,599616290539050534,-186.00
2025-12-25 15:56:07.922156,599616290539050534,-188.00
2025-12-25 15:56:07.922156,599616290539050534,-186.00
2025-12-25 15:56:07.922156,599616290539050534,-181.00
2025-12-25 15:56:07.922156,599616290539050534,-181.00
2025-12-25 15:56:07.922156,599616290539050534,-188.00
2025-12-25 15:56:07.922156,599616290539050534,-186.00
2025-12-25 15:56:07.922156,599616290539050534,-179.00
2025-12-25 15:56:07.922156,599616290539050534,-183.00
2025-12-25 15:56:07.922156,599616290539050534,-188.00
2025-12-25 15:56:07.922156,599616290539050534,-186.00
2025-12-25 15:56:07.922156,599616290539050534,-183.00
2025-12-25 15:56:07.922156,599616290539050534,-174.00
2025-12-25 15:56:07.922156,599616290539050534,-172.00
2025-12-25 15:56:07.922156,599616290539050534,-181.00
2025-12-25 15:56:08.623791,599616291099900167,-186.00
2025-12-25 15:56:08.623791,599616291099900167,-181.00
2025-12-25 15:56:08.623791,599616291099900167,-179.00
2025-12-25 15:56:08.623791,599616291099900167,-183.00
2025-12-25 15:56:08.623791,599616291099900167,-186.00
2025-12-25 15:56:08.623791,599616291099900167,-179.00
2025-12-25 15:56:08.623791,599616291099900167,-165.00
2025-12-25 15:56:08.623791,599616291099900167,-156.00
2025-12-25 15:56:08.623791,599616291099900167,-156.00
2025-12-25 15:56:08.623791,599616291099900167,-140.00
2025-12-25 15:56:08.623791,599616291099900167,-133.00
2025-12-25 15:56:08.623791,599616291099900167,-151.00
2025-12-25 15:56:08.623791,599616291099900167,-165.00
2025-12-25 15:56:08.623791,599616291099900167,-163.00
2025-12-25 15:56:08.623791,599616291099900167,-160.00
2025-12-25 15:56:08.623791,599616291099900167,-165.00
2025-12-25 15:56:08.623791,599616291099900167,-163.00
2025-12-25 15:56:08.623791,599616291099900167,-160.00
2025-12-25 15:56:08.623791,599616291099900167,-170.00
2025-12-25 15:56:08.623791,599616291099900167,-172.00
2025-12-25 15:56:08.623791,599616291099900167,-163.00
2025-12-25 15:56:08.623791,599616291099900167,-158.00
2025-12-25 15:56:08.623791,599616291099900167,-172.00
2025-12-25 15:56:08.623791,599616291099900167,-167.00
2025-12-25 15:56:08.623791,599616291099900167,-149.00
2025-12-25 15:56:08.623791,599616291099900167,-156.00
2025-12-25 15:56:08.623791,599616291099900167,-151.00
2025-12-25 15:56:08.623791,599616291099900167,-57.00
2025-12-25 15:56:08.623791,599616291099900167,131.00
2025-12-25 15:56:08.623791,599616291099900167,158.00
2025-12-25 15:56:08.623791,599616291099900167,-163.00
2025-12-25 15:56:08.623791,599616291099900167,-441.00
2025-12-25 15:56:08.623791,599616291099900167,-377.00
2025-12-25 15:56:08.623791,599616291099900167,-264.00
2025-12-25 15:56:08.623791,599616291099900167,-236.00
2025-12-25 15:56:08.623791,599616291099900167,-172.00
2025-12-25 15:56:08.623791,599616291099900167,-131.00
2025-12-25 15:56:08.623791,599616291099900167,-137.00
2025-12-25 15:56:08.623791,599616291099900167,-124.00
2025-12-25 15:56:08.623791,599616291099900167,-101.00
2025-12-25 15:56:08.623791,599616291099900167,-101.00
2025-12-25 15:56:08.623791,599616291099900167,-105.00
2025-12-25 15:56:08.623791,599616291099900167,-98.00
2025-12-25 15:56:08.623791,599616291099900167,-103.00
2025-12-25 15:56:08.623791,599616291099900167,-117.00
2025-12-25 15:56:08.623791,599616291099900167,-108.00
2025-12-25 15:56:08.623791,599616291099900167,-91.00
2025-12-25 15:56:08.623791,599616291099900167,-108.00
2025-12-25 15:56:08.623791,599616291099900167,-112.00
2025-12-25 15:56:08.623791,599616291099900167,-80.00
2025-12-25 15:56:08.623791,599616291099900167,-75.00
2025-12-25 15:56:08.623791,599616291099900167,-94.00
2025-12-25 15:56:08.623791,599616291099900167,-85.00
2025-12-25 15:56:08.623791,599616291099900167,-73.00
2025-12-25 15:56:08.623791,599616291099900167,-71.00
2025-12-25 15:56:08.623791,599616291099900167,-75.00
2025-12-25 15:56:08.623791,599616291099900167,-89.00
2025-12-25 15:56:08.623791,599616291099900167,-96.00
2025-12-25 15:56:08.623791,599616291099900167,-96.00
2025-12-25 15:56:08.623791,599616291099900167,-96.00
2025-12-25 15:56:08.623791,599616291099900167,-91.00
2025-12-25 15:56:08.623791,599616291099900167,-94.00
2025-12-25 15:56:08.623791,599616291099900167,-131.00
2025-12-25 15:56:08.623791,599616291099900167,-170.00
2025-12-25 15:56:08.623791,599616291099900167,-144.00
2025-12-25 15:56:08.623791,599616291099900167,-131.00
2025-12-25 15:56:08.623791,599616291099900167,-181.00
2025-12-25 15:56:08.623791,599616291099900167,-204.00
2025-12-25 15:56:08.623791,599616291099900167,-174.00
2025-12-25 15:56:08.623791,599616291099900167,-170.00
2025-12-25 15:56:08.623791,599616291099900167,-186.00
2025-12-25 15:56:08.623791,599616291099900167,-186.00
2025-12-25 15:56:08.623791,599616291099900167,-181.00
2025-12-25 15:56:09.275473,599616291660749798,-179.00
2025-12-25 15:56:09.275473,599616291660749798,-170.00
2025-12-25 15:56:09.275473,599616291660749798,-170.00
2025-12-25 15:56:09.275473,599616291660749798,-177.00
2025-12-25 15:56:09.275473,599616291660749798,-165.00
2025-12-25 15:56:09.275473,599616291660749798,-165.00
2025-12-25 15:56:09.275473,599616291660749798,-177.00
2025-12-25 15:56:09.275473,599616291660749798,-170.00
2025-12-25 15:56:09.275473,599616291660749798,-163.00
2025-12-25 15:56:09.275473,599616291660749798,-165.00
2025-12-25 15:56:09.275473,599616291660749798,-158.00
2025-12-25 15:56:09.275473,599616291660749798,-160.00
2025-12-25 15:56:09.275473,599616291660749798,-158.00
2025-12-25 15:56:09.275473,599616291660749798,-149.00
2025-12-25 15:56:09.275473,599616291660749798,-151.00
2025-12-25 15:56:09.275473,599616291660749798,-151.00
2025-12-25 15:56:09.275473,599616291660749798,-142.00
2025-12-25 15:56:09.275473,599616291660749798,-131.00
2025-12-25 15:56:09.275473,599616291660749798,-140.00
2025-12-25 15:56:09.275473,599616291660749798,-165.00
2025-12-25 15:56:09.275473,599616291660749798,-151.00
2025-12-25 15:56:09.275473,599616291660749798,-126.00
2025-12-25 15:56:09.275473,599616291660749798,-133.00
2025-12-25 15:56:09.275473,599616291660749798,-140.00
2025-12-25 15:56:09.275473,599616291660749798,-128.00
2025-12-25 15:56:09.275473,599616291660749798,-114.00
2025-12-25 15:56:09.275473,599616291660749798,-119.00
2025-12-25 15:56:09.275473,599616291660749798,-135.00
2025-12-25 15:56:09.275473,599616291660749798,-128.00
2025-12-25 15:56:09.275473,599616291660749798,-114.00
2025-12-25 15:56:09.275473,599616291660749798,-131.00
2025-12-25 15:56:09.275473,599616291660749798,-137.00
2025-12-25 15:56:09.275473,599616291660749798,-121.00
2025-12-25 15:56:09.275473,599616291660749798,-126.00
2025-12-25 15:56:09.275473,599616291660749798,-135.00
2025-12-25 15:56:09.275473,599616291660749798,-119.00
2025-12-25 15:56:09.275473,599616291660749798,-117.00
2025-12-25 15:56:09.275473,599616291660749798,-133.00
2025-12-25 15:56:09.275473,599616291660749798,-137.00
2025-12-25 15:56:09.275473,599616291660749798,-124.00
2025-12-25 15:56:09.275473,599616291660749798,-110.00
2025-12-25 15:56:09.275473,599616291660749798,-94.00
2025-12-25 15:56:09.275473,599616291660749798,11.00
2025-12-25 15:56:09.275473,599616291660749798,188.00
2025-12-25 15:56:09.275473,599616291660749798,154.00
2025-12-25 15:56:09.275473,599616291660749798,-186.00
2025-12-25 15:56:09.275473,599616291660749798,-406.00
2025-12-25 15:56:09.275473,599616291660749798,-331.00
2025-12-25 15:56:09.275473,599616291660749798,-241.00
2025-12-25 15:56:09.275473,599616291660749798,-183.00
2025-12-25 15:56:09.275473,599616291660749798,-96.00
2025-12-25 15:56:09.275473,599616291660749798,-75.00
2025-12-25 15:56:09.275473,599616291660749798,-110.00
2025-12-25 15:56:09.275473,599616291660749798,-105.00
2025-12-25 15:56:09.275473,599616291660749798,-85.00
2025-12-25 15:56:09.275473,599616291660749798,-94.00
2025-12-25 15:56:09.275473,599616291660749798,-98.00
2025-12-25 15:56:09.275473,599616291660749798,-91.00
2025-12-25 15:56:09.275473,599616291660749798,-91.00
2025-12-25 15:56:09.275473,599616291660749798,-94.00
2025-12-25 15:56:09.275473,599616291660749798,-91.00
2025-12-25 15:56:09.275473,599616291660749798,-87.00
2025-12-25 15:56:09.275473,599616291660749798,-91.00
2025-12-25 15:56:09.275473,599616291660749798,-110.00
2025-12-25 15:56:09.275473,599616291660749798,-108.00
2025-12-25 15:56:09.275473,599616291660749798,-73.00
2025-12-25 15:56:09.275473,599616291660749798,-66.00
2025-12-25 15:56:09.275473,599616291660749798,-91.00
2025-12-25 15:56:09.275473,599616291660749798,-91.00
2025-12-25 15:56:09.275473,599616291660749798,-75.00
2025-12-25 15:56:09.275473,599616291660749798,-75.00
2025-12-25 15:56:09.275473,599616291660749798,-80.00
2025-12-25 15:56:09.275473,599616291660749798,-82.00
2025-12-25 15:56:09.726797,599616292221584169,-85.00
2025-12-25 15:56:09.726797,599616292221584169,-94.00
2025-12-25 15:56:09.726797,599616292221584169,-110.00
2025-12-25 15:56:09.726797,599616292221584169,-119.00
2025-12-25 15:56:09.726797,599616292221584169,-128.00
2025-12-25 15:56:09.726797,599616292221584169,-140.00
2025-12-25 15:56:09.726797,599616292221584169,-156.00
2025-12-25 15:56:09.726797,599616292221584169,-165.00
2025-12-25 15:56:09.726797,599616292221584169,-170.00
2025-12-25 15:56:09.726797,599616292221584169,-174.00
2025-12-25 15:56:09.726797,599616292221584169,-179.00
2025-12-25 15:56:09.726797,599616292221584169,-177.00
2025-12-25 15:56:09.726797,599616292221584169,-167.00
2025-12-25 15:56:09.726797,599616292221584169,-167.00
2025-12-25 15:56:09.726797,599616292221584169,-165.00
2025-12-25 15:56:09.726797,599616292221584169,-160.00
2025-12-25 15:56:09.726797,599616292221584169,-163.00
2025-12-25 15:56:09.726797,599616292221584169,-160.00
2025-12-25 15:56:09.726797,599616292221584169,-144.00
2025-12-25 15:56:09.726797,599616292221584169,-135.00
2025-12-25 15:56:09.726797,599616292221584169,-144.00
2025-12-25 15:56:09.726797,599616292221584169,-154.00
2025-12-25 15:56:09.726797,599616292221584169,-158.00
2025-12-25 15:56:09.726797,599616292221584169,-149.00
2025-12-25 15:56:09.726797,599616292221584169,-142.00
2025-12-25 15:56:09.726797,599616292221584169,-151.00
2025-12-25 15:56:09.726797,599616292221584169,-154.00
2025-12-25 15:56:09.726797,599616292221584169,-144.00
2025-12-25 15:56:09.726797,599616292221584169,-144.00
2025-12-25 15:56:09.726797,599616292221584169,-147.00
2025-12-25 15:56:09.726797,599616292221584169,-135.00
2025-12-25 15:56:09.726797,599616292221584169,-124.00
2025-12-25 15:56:09.726797,599616292221584169,-140.00
2025-12-25 15:56:09.726797,599616292221584169,-151.00
2025-12-25 15:56:09.726797,599616292221584169,-137.00
2025-12-25 15:56:09.726797,599616292221584169,-128.00
2025-12-25 15:56:09.726797,599616292221584169,-124.00
2025-12-25 15:56:09.726797,599616292221584169,-114.00
2025-12-25 15:56:09.726797,599616292221584169,-110.00
2025-12-25 15:56:09.726797,599616292221584169,-103.00
2025-12-25 15:56:09.726797,599616292221584169,-108.00
2025-12-25 15:56:09.726797,599616292221584169,-131.00
2025-12-25 15:56:09.726797,599616292221584169,-142.00
2025-12-25 15:56:09.726797,599616292221584169,-133.00
2025-12-25 15:56:09.726797,599616292221584169,-126.00
2025-12-25 15:56:09.726797,599616292221584169,-128.00
2025-12-25 15:56:09.726797,599616292221584169,-131.00
2025-12-25 15:56:09.726797,599616292221584169,-131.00
2025-12-25 15:56:09.726797,599616292221584169,-131.00
2025-12-25 15:56:09.726797,599616292221584169,-131.00
2025-12-25 15:56:09.726797,599616292221584169,-126.00
2025-12-25 15:56:09.726797,599616292221584169,-131.00
2025-12-25 15:56:09.726797,599616292221584169,-137.00
2025-12-25 15:56:09.726797,599616292221584169,-135.00
2025-12-25 15:56:09.726797,599616292221584169,-131.00
2025-12-25 15:56:09.726797,599616292221584169,-101.00
2025-12-25 15:56:09.726797,599616292221584169,16.00
2025-12-25 15:56:09.726797,599616292221584169,167.00
2025-12-25 15:56:09.726797,599616292221584169,71.00
2025-12-25 15:56:09.726797,599616292221584169,-262.00
2025-12-25 15:56:09.726797,599616292221584169,-411.00
2025-12-25 15:56:09.726797,599616292221584169,-301.00
2025-12-25 15:56:09.726797,599616292221584169,-218.00
2025-12-25 15:56:09.726797,599616292221584169,-186.00
2025-12-25 15:56:09.726797,599616292221584169,-133.00
2025-12-25 15:56:09.726797,599616292221584169,-110.00
2025-12-25 15:56:09.726797,599616292221584169,-114.00
2025-12-25 15:56:09.726797,599616292221584169,-112.00
2025-12-25 15:56:09.726797,599616292221584169,-108.00
2025-12-25 15:56:09.726797,599616292221584169,-114.00
2025-12-25 15:56:09.726797,599616292221584169,-117.00
2025-12-25 15:56:09.726797,599616292221584169,-105.00
2025-12-25 15:56:09.726797,599616292221584169,-94.00
2025-12-25 15:56:10.177949,599616292782408368,-89.00
2025-12-25 15:56:10.177949,599616292782408368,-89.00
2025-12-25 15:56:10.177949,599616292782408368,-101.00
2025-12-25 15:56:10.177949,599616292782408368,-96.00
2025-12-25 15:56:10.177949,599616292782408368,-73.00
2025-12-25 15:56:10.177949,599616292782408368,-71.00
2025-12-25 15:56:10.177949,599616292782408368,-87.00
2025-12-25 15:56:10.177949,599616292782408368,-87.00
2025-12-25 15:56:10.177949,599616292782408368,-82.00
2025-12-25 15:56:10.177949,599616292782408368,-78.00
2025-12-25 15:56:10.177949,599616292782408368,-68.00
2025-12-25 15:56:10.177949,599616292782408368,-71.00
2025-12-25 15:56:10.177949,599616292782408368,-80.00
2025-12-25 15:56:10.177949,599616292782408368,-87.00
2025-12-25 15:56:10.177949,599616292782408368,-94.00
2025-12-25 15:56:10.177949,599616292782408368,-98.00
2025-12-25 15:56:10.177949,599616292782408368,-94.00
2025-12-25 15:56:10.177949,599616292782408368,-98.00
2025-12-25 15:56:10.177949,599616292782408368,-117.00
2025-12-25 15:56:10.177949,599616292782408368,-133.00
2025-12-25 15:56:10.177949,599616292782408368,-142.00
2025-12-25 15:56:10.177949,599616292782408368,-147.00
2025-12-25 15:56:10.177949,599616292782408368,-142.00
2025-12-25 15:56:10.177949,599616292782408368,-142.00
2025-12-25 15:56:10.177949,599616292782408368,-144.00
2025-12-25 15:56:10.177949,599616292782408368,-142.00
2025-12-25 15:56:10.177949,599616292782408368,-140.00
2025-12-25 15:56:10.177949,599616292782408368,-144.00
2025-12-25 15:56:10.177949,599616292782408368,-149.00
2025-12-25 15:56:10.177949,599616292782408368,-149.00
2025-12-25 15:56:10.177949,599616292782408368,-144.00
2025-12-25 15:56:10.177949,599616292782408368,-142.00
2025-12-25 15:56:10.177949,599616292782408368,-140.00
2025-12-25 15:56:10.177949,599616292782408368,-140.00
2025-12-25 15:56:10.177949,599616292782408368,-140.00
2025-12-25 15:56:10.177949,599616292782408368,-137.00
2025-12-25 15:56:10.177949,599616292782408368,-135.00
2025-12-25 15:56:10.177949,599616292782408368,-142.00
2025-12-25 15:56:10.177949,599616292782408368,-147.00
2025-12-25 15:56:10.177949,599616292782408368,-140.00
2025-12-25 15:56:10.177949,599616292782408368,-142.00
2025-12-25 15:56:10.177949,599616292782408368,-151.00
2025-12-25 15:56:10.177949,599616292782408368,-154.00
2025-12-25 15:56:10.177949,599616292782408368,-154.00
2025-12-25 15:56:10.177949,599616292782408368,-151.00
2025-12-25 15:56:10.177949,599616292782408368,-156.00
2025-12-25 15:56:10.177949,599616292782408368,-160.00
2025-12-25 15:56:10.177949,599616292782408368,-151.00
2025-12-25 15:56:10.177949,599616292782408368,-140.00
2025-12-25 15:56:10.177949,599616292782408368,-140.00
2025-12-25 15:56:10.177949,599616292782408368,-154.00
2025-12-25 15:56:10.177949,599616292782408368,-167.00
2025-12-25 15:56:10.177949,599616292782408368,-177.00
2025-12-25 15:56:10.177949,599616292782408368,-177.00
2025-12-25 15:56:10.177949,599616292782408368,-170.00
2025-12-25 15:56:10.177949,599616292782408368,-174.00
2025-12-25 15:56:10.177949,599616292782408368,-186.00
2025-12-25 15:56:10.177949,599616292782408368,-186.00
2025-12-25 15:56:10.177949,599616292782408368,-177.00
2025-12-25 15:56:10.177949,599616292782408368,-172.00
2025-12-25 15:56:10.177949,599616292782408368,-177.00
2025-12-25 15:56:10.177949,599616292782408368,-181.00
2025-12-25 15:56:10.177949,599616292782408368,-177.00
2025-12-25 15:56:10.177949,599616292782408368,-170.00
2025-12-25 15:56:10.177949,599616292782408368,-110.00
2025-12-25 15:56:10.177949,599616292782408368,66.00
2025-12-25 15:56:10.177949,599616292782408368,181.00
2025-12-25 15:56:10.177949,599616292782408368,-59.00
2025-12-25 15:56:10.177949,599616292782408368,-409.00
2025-12-25 15:56:10.177949,599616292782408368,-427.00
2025-12-25 15:56:10.177949,599616292782408368,-312.00
2025-12-25 15:56:10.177949,599616292782408368,-282.00
2025-12-25 15:56:10.177949,599616292782408368,-218.00
2025-12-25 15:56:10.729386,599616293343237655,-149.00
2025-12-25 15:56:10.729386,599616293343237655,-154.00
2025-12-25 15:56:10.729386,599616293343237655,-160.00
2025-12-25 15:56:10.729386,599616293343237655,-147.00
2025-12-25 15:56:10.729386,599616293343237655,-147.00
2025-12-25 15:56:10.729386,599616293343237655,-147.00
2025-12-25 15:56:10.729386,599616293343237655,-133.00
2025-12-25 15:56:10.729386,599616293343237655,-114.00
2025-12-25 15:56:10.729386,599616293343237655,-112.00
2025-12-25 15:56:10.729386,599616293343237655,-121.00
2025-12-25 15:56:10.729386,599616293343237655,-110.00
2025-12-25 15:56:10.729386,599616293343237655,-91.00
2025-12-25 15:56:10.729386,599616293343237655,-91.00
2025-12-25 15:56:10.729386,599616293343237655,-94.00
2025-12-25 15:56:10.729386,599616293343237655,-91.00
2025-12-25 15:56:10.729386,599616293343237655,-87.00
2025-12-25 15:56:10.729386,599616293343237655,-82.00
2025-12-25 15:56:10.729386,599616293343237655,-78.00
2025-12-25 15:56:10.729386,599616293343237655,-71.00
2025-12-25 15:56:10.729386,599616293343237655,-66.00
2025-12-25 15:56:10.729386,599616293343237655,-71.00
2025-12-25 15:56:10.729386,599616293343237655,-75.00
2025-12-25 15:56:10.729386,599616293343237655,-87.00
2025-12-25 15:56:10.729386,599616293343237655,-98.00
2025-12-25 15:56:10.729386,599616293343237655,-108.00
2025-12-25 15:56:10.729386,599616293343237655,-119.00
2025-12-25 15:56:10.729386,599616293343237655,-140.00
2025-12-25 15:56:10.729386,599616293343237655,-156.00
2025-12-25 15:56:10.729386,599616293343237655,-160.00
2025-12-25 15:56:10.729386,599616293343237655,-170.00
2025-12-25 15:56:10.729386,599616293343237655,-181.00
2025-12-25 15:56:10.729386,599616293343237655,-186.00
2025-12-25 15:56:10.729386,599616293343237655,-190.00
2025-12-25 15:56:10.729386,599616293343237655,-193.00
2025-12-25 15:56:10.729386,599616293343237655,-183.00
2025-12-25 15:56:10.729386,599616293343237655,-188.00
2025-12-25 15:56:10.729386,599616293343237655,-197.00
2025-12-25 15:56:10.729386,599616293343237655,-188.00
2025-12-25 15:56:10.729386,599616293343237655,-179.00
2025-12-25 15:56:10.729386,599616293343237655,-183.00
2025-12-25 15:56:10.729386,599616293343237655,-188.00
2025-12-25 15:56:10.729386,599616293343237655,-181.00
2025-12-25 15:56:10.729386,599616293343237655,-174.00
2025-12-25 15:56:10.729386,599616293343237655,-177.00
2025-12-25 15:56:10.729386,599616293343237655,-186.00
2025-12-25 15:56:10.729386,599616293343237655,-186.00
2025-12-25 15:56:10.729386,599616293343237655,-188.00
2025-12-25 15:56:10.729386,599616293343237655,-190.00
2025-12-25 15:56:10.729386,599616293343237655,-188.00
2025-12-25 15:56:10.729386,599616293343237655,-188.00
2025-12-25 15:56:10.729386,599616293343237655,-197.00
2025-12-25 15:56:10.729386,599616293343237655,-204.00
2025-12-25 15:56:10.729386,599616293343237655,-193.00
2025-12-25 15:56:10.729386,599616293343237655,-172.00
2025-12-25 15:56:10.729386,599616293343237655,-170.00
2025-12-25 15:56:10.729386,599616293343237655,-179.00
2025-12-25 15:56:10.729386,599616293343237655,-183.00
2025-12-25 15:56:10.729386,599616293343237655,-183.00
2025-12-25 15:56:10.729386,599616293343237655,-181.00
2025-12-25 15:56:10.729386,599616293343237655,-181.00
2025-12-25 15:56:10.729386,599616293343237655,-177.00
2025-12-25 15:56:10.729386,599616293343237655,-177.00
2025-12-25 15:56:10.729386,599616293343237655,-179.00
2025-12-25 15:56:10.729386,599616293343237655,-174.00
2025-12-25 15:56:10.729386,599616293343237655,-172.00
2025-12-25 15:56:10.729386,599616293343237655,-174.00
2025-12-25 15:56:10.729386,599616293343237655,-170.00
2025-12-25 15:56:10.729386,599616293343237655,-170.00
2025-12-25 15:56:10.729386,599616293343237655,-174.00
2025-12-25 15:56:10.729386,599616293343237655,-144.00
2025-12-25 15:56:10.729386,599616293343237655,-6.00
2025-12-25 15:56:10.729386,599616293343237655,181.00
2025-12-25 15:56:10.729386,599616293343237655,96.00
2025-12-25 15:56:11.367990,599616293904087284,-301.00
2025-12-25 15:56:11.367990,599616293904087284,-485.00
2025-12-25 15:56:11.367990,599616293904087284,-363.00
2025-12-25 15:56:11.367990,599616293904087284,-296.00
2025-12-25 15:56:11.367990,599616293904087284,-257.00
2025-12-25 15:56:11.367990,599616293904087284,-154.00
2025-12-25 15:56:11.367990,599616293904087284,-117.00
2025-12-25 15:56:11.367990,599616293904087284,-137.00
2025-12-25 15:56:11.367990,599616293904087284,-126.00
2025-12-25 15:56:11.367990,599616293904087284,-110.00
2025-12-25 15:56:11.367990,599616293904087284,-114.00
2025-12-25 15:56:11.367990,599616293904087284,-112.00
2025-12-25 15:56:11.367990,599616293904087284,-108.00
2025-12-25 15:56:11.367990,599616293904087284,-108.00
2025-12-25 15:56:11.367990,599616293904087284,-108.00
2025-12-25 15:56:11.367990,599616293904087284,-108.00
2025-12-25 15:56:11.367990,599616293904087284,-105.00
2025-12-25 15:56:11.367990,599616293904087284,-94.00
2025-12-25 15:56:11.367990,599616293904087284,-87.00
2025-12-25 15:56:11.367990,599616293904087284,-94.00
2025-12-25 15:56:11.367990,599616293904087284,-96.00
2025-12-25 15:56:11.367990,599616293904087284,-85.00
2025-12-25 15:56:11.367990,599616293904087284,-75.00
2025-12-25 15:56:11.367990,599616293904087284,-75.00
2025-12-25 15:56:11.367990,599616293904087284,-73.00
2025-12-25 15:56:11.367990,599616293904087284,-71.00
2025-12-25 15:56:11.367990,599616293904087284,-75.00
2025-12-25 15:56:11.367990,599616293904087284,-78.00
2025-12-25 15:56:11.367990,599616293904087284,-75.00
2025-12-25 15:56:11.367990,599616293904087284,-85.00
2025-12-25 15:56:11.367990,599616293904087284,-103.00
2025-12-25 15:56:11.367990,599616293904087284,-124.00
2025-12-25 15:56:11.367990,599616293904087284,-140.00
2025-12-25 15:56:11.367990,599616293904087284,-156.00
2025-12-25 15:56:11.367990,599616293904087284,-167.00
2025-12-25 15:56:11.367990,599616293904087284,-174.00
2025-12-25 15:56:11.367990,599616293904087284,-179.00
2025-12-25 15:56:11.367990,599616293904087284,-179.00
2025-12-25 15:56:11.367990,599616293904087284,-179.00
2025-12-25 15:56:11.367990,599616293904087284,-179.00
2025-12-25 15:56:11.367990,599616293904087284,-174.00
2025-12-25 15:56:11.367990,599616293904087284,-172.00
2025-12-25 15:56:11.367990,599616293904087284,-174.00
2025-12-25 15:56:11.367990,599616293904087284,-174.00
2025-12-25 15:56:11.367990,599616293904087284,-167.00
2025-12-25 15:56:11.367990,599616293904087284,-163.00
2025-12-25 15:56:11.367990,599616293904087284,-165.00
2025-12-25 15:56:11.367990,599616293904087284,-167.00
2025-12-25 15:56:11.367990,599616293904087284,-165.00
2025-12-25 15:56:11.367990,599616293904087284,-163.00
2025-12-25 15:56:11.367990,599616293904087284,-165.00
2025-12-25 15:56:11.367990,599616293904087284,-163.00
2025-12-25 15:56:11.367990,599616293904087284,-160.00
2025-12-25 15:56:11.367990,599616293904087284,-170.00
2025-12-25 15:56:11.367990,599616293904087284,-172.00
2025-12-25 15:56:11.367990,599616293904087284,-170.00
2025-12-25 15:56:11.367990,599616293904087284,-172.00
2025-12-25 15:56:11.367990,599616293904087284,-160.00
2025-12-25 15:56:11.367990,599616293904087284,-151.00
2025-12-25 15:56:11.367990,599616293904087284,-156.00
2025-12-25 15:56:11.367990,599616293904087284,-163.00
2025-12-25 15:56:11.367990,599616293904087284,-167.00
2025-12-25 15:56:11.367990,599616293904087284,-179.00
2025-12-25 15:56:11.367990,599616293904087284,-179.00
2025-12-25 15:56:11.367990,599616293904087284,-170.00
2025-12-25 15:56:11.367990,599616293904087284,-167.00
2025-12-25 15:56:11.367990,599616293904087284,-172.00
2025-12-25 15:56:11.367990,599616293904087284,-172.00
2025-12-25 15:56:11.367990,599616293904087284,-160.00
2025-12-25 15:56:11.367990,599616293904087284,-147.00
2025-12-25 15:56:11.367990,599616293904087284,-151.00
2025-12-25 15:56:11.367990,599616293904087284,-160.00
2025-12-25 15:56:11.367990,599616293904087284,-160.00
2025-12-25 15:56:12.020234,599616294464911487,-154.00
2025-12-25 15:56:12.020234,599616294464911487,-75.00
2025-12-25 15:56:12.020234,599616294464911487,126.00
2025-12-25 15:56:12.020234,599616294464911487,232.00
2025-12-25 15:56:12.020234,599616294464911487,-62.00
2025-12-25 15:56:12.020234,599616294464911487,-434.00
2025-12-25 15:56:12.020234,599616294464911487,-436.00
2025-12-25 15:56:12.020234,599616294464911487,-308.00
2025-12-25 15:56:12.020234,599616294464911487,-273.00
2025-12-25 15:56:12.020234,599616294464911487,-209.00
2025-12-25 15:56:12.020234,599616294464911487,-140.00
2025-12-25 15:56:12.020234,599616294464911487,-151.00
2025-12-25 15:56:12.020234,599616294464911487,-165.00
2025-12-25 15:56:12.020234,599616294464911487,-133.00
2025-12-25 15:56:12.020234,599616294464911487,-110.00
2025-12-25 15:56:12.020234,599616294464911487,-124.00
2025-12-25 15:56:12.020234,599616294464911487,-128.00
2025-12-25 15:56:12.020234,599616294464911487,-112.00
2025-12-25 15:56:12.020234,599616294464911487,-101.00
2025-12-25 15:56:12.020234,599616294464911487,-96.00
2025-12-25 15:56:12.020234,599616294464911487,-105.00
2025-12-25 15:56:12.020234,599616294464911487,-114.00
2025-12-25 15:56:12.020234,599616294464911487,-108.00
2025-12-25 15:56:12.020234,599616294464911487,-96.00
2025-12-25 15:56:12.020234,599616294464911487,-89.00
2025-12-25 15:56:12.020234,599616294464911487,-85.00
2025-12-25 15:56:12.020234,599616294464911487,-82.00
2025-12-25 15:56:12.020234,599616294464911487,-73.00
2025-12-25 15:56:12.020234,599616294464911487,-68.00
2025-12-25 15:56:12.020234,599616294464911487,-73.00
2025-12-25 15:56:12.020234,599616294464911487,-73.00
2025-12-25 15:56:12.020234,599616294464911487,-78.00
2025-12-25 15:56:12.020234,599616294464911487,-89.00
2025-12-25 15:56:12.020234,599616294464911487,-91.00
2025-12-25 15:56:12.020234,599616294464911487,-96.00
2025-12-25 15:56:12.020234,599616294464911487,-114.00
2025-12-25 15:56:12.020234,599616294464911487,-135.00
2025-12-25 15:56:12.020234,599616294464911487,-151.00
2025-12-25 15:56:12.020234,599616294464911487,-170.00
2025-12-25 15:56:12.020234,599616294464911487,-181.00
2025-12-25 15:56:12.020234,599616294464911487,-174.00
2025-12-25 15:56:12.020234,599616294464911487,-174.00
2025-12-25 15:56:12.020234,599616294464911487,-179.00
2025-12-25 15:56:12.020234,599616294464911487,-170.00
2025-12-25 15:56:12.020234,599616294464911487,-158.00
2025-12-25 15:56:12.020234,599616294464911487,-156.00
2025-12-25 15:56:12.020234,599616294464911487,-158.00
2025-12-25 15:56:12.020234,599616294464911487,-156.00
2025-12-25 15:56:12.020234,599616294464911487,-149.00
2025-12-25 15:56:12.020234,599616294464911487,-149.00
2025-12-25 15:56:12.020234,599616294464911487,-151.00
2025-12-25 15:56:12.020234,599616294464911487,-151.00
2025-12-25 15:56:12.020234,599616294464911487,-149.00
2025-12-25 15:56:12.020234,599616294464911487,-154.00
2025-12-25 15:56:12.020234,599616294464911487,-154.00
2025-12-25 15:56:12.020234,599616294464911487,-151.00
2025-12-25 15:56:12.020234,599616294464911487,-160.00
2025-12-25 15:56:12.020234,599616294464911487,-163.00
2025-12-25 15:56:12.020234,599616294464911487,-160.00
2025-12-25 15:56:12.020234,599616294464911487,-165.00
2025-12-25 15:56:12.020234,599616294464911487,-163.00
2025-12-25 15:56:12.020234,599616294464911487,-142.00
2025-12-25 15:56:12.020234,599616294464911487,-133.00
2025-12-25 15:56:12.020234,599616294464911487,-140.00
2025-12-25 15:56:12.020234,599616294464911487,-149.00
2025-12-25 15:56:12.020234,599616294464911487,-154.00
2025-12-25 15:56:12.020234,599616294464911487,-156.00
2025-12-25 15:56:12.020234,599616294464911487,-156.00
2025-12-25 15:56:12.020234,599616294464911487,-156.00
2025-12-25 15:56:12.020234,599616294464911487,-158.00
2025-12-25 15:56:12.020234,599616294464911487,-163.00
2025-12-25 15:56:12.020234,599616294464911487,-156.00
2025-12-25 15:56:12.020234,599616294464911487,-151.00
2025-12-25 15:56:12.471808,599616295025766204,-154.00
2025-12-25 15:56:12.471808,599616295025766204,-156.00
2025-12-25 15:56:12.471808,599616295025766204,-156.00
2025-12-25 15:56:12.471808,599616295025766204,-165.00
2025-12-25 15:56:12.471808,599616295025766204,-156.00
2025-12-25 15:56:12.471808,599616295025766204,-73.00
2025-12-25 15:56:12.471808,599616295025766204,119.00
2025-12-25 15:56:12.471808,599616295025766204,236.00
2025-12-25 15:56:12.471808,599616295025766204,-20.00
2025-12-25 15:56:12.471808,599616295025766204,-416.00
2025-12-25 15:56:12.471808,599616295025766204,-450.00
2025-12-25 15:56:12.471808,599616295025766204,-287.00
2025-12-25 15:56:12.471808,599616295025766204,-239.00
2025-12-25 15:56:12.471808,599616295025766204,-202.00
2025-12-25 15:56:12.471808,599616295025766204,-137.00
2025-12-25 15:56:12.471808,599616295025766204,-131.00
2025-12-25 15:56:12.471808,599616295025766204,-135.00
2025-12-25 15:56:12.471808,599616295025766204,-112.00
2025-12-25 15:56:12.471808,599616295025766204,-108.00
2025-12-25 15:56:12.471808,599616295025766204,-119.00
2025-12-25 15:56:12.471808,599616295025766204,-117.00
2025-12-25 15:56:12.471808,599616295025766204,-112.00
2025-12-25 15:56:12.471808,599616295025766204,-103.00
2025-12-25 15:56:12.471808,599616295025766204,-87.00
2025-12-25 15:56:12.471808,599616295025766204,-85.00
2025-12-25 15:56:12.471808,599616295025766204,-94.00
2025-12-25 15:56:12.471808,599616295025766204,-96.00
2025-12-25 15:56:12.471808,599616295025766204,-89.00
2025-12-25 15:56:12.471808,599616295025766204,-87.00
2025-12-25 15:56:12.471808,599616295025766204,-85.00
2025-12-25 15:56:12.471808,599616295025766204,-82.00
2025-12-25 15:56:12.471808,599616295025766204,-75.00
2025-12-25 15:56:12.471808,599616295025766204,-71.00
2025-12-25 15:56:12.471808,599616295025766204,-71.00
2025-12-25 15:56:12.471808,599616295025766204,-71.00
2025-12-25 15:56:12.471808,599616295025766204,-80.00
2025-12-25 15:56:12.471808,599616295025766204,-94.00
2025-12-25 15:56:12.471808,599616295025766204,-96.00
2025-12-25 15:56:12.471808,599616295025766204,-96.00
2025-12-25 15:56:12.471808,599616295025766204,-117.00
2025-12-25 15:56:12.471808,599616295025766204,-142.00
2025-12-25 15:56:12.471808,599616295025766204,-156.00
2025-12-25 15:56:12.471808,599616295025766204,-165.00
2025-12-25 15:56:12.471808,599616295025766204,-174.00
2025-12-25 15:56:12.471808,599616295025766204,-181.00
2025-12-25 15:56:12.471808,599616295025766204,-183.00
2025-12-25 15:56:12.471808,599616295025766204,-179.00
2025-12-25 15:56:12.471808,599616295025766204,-177.00
2025-12-25 15:56:12.471808,599616295025766204,-174.00
2025-12-25 15:56:12.471808,599616295025766204,-179.00
2025-12-25 15:56:12.471808,599616295025766204,-183.00
2025-12-25 15:56:12.471808,599616295025766204,-179.00
2025-12-25 15:56:12.471808,599616295025766204,-177.00
2025-12-25 15:56:12.471808,599616295025766204,-177.00
2025-12-25 15:56:12.471808,599616295025766204,-174.00
2025-12-25 15:56:12.471808,599616295025766204,-170.00
2025-12-25 15:56:12.471808,599616295025766204,-163.00
2025-12-25 15:56:12.471808,599616295025766204,-158.00
2025-12-25 15:56:12.471808,599616295025766204,-156.00
2025-12-25 15:56:12.471808,599616295025766204,-156.00
2025-12-25 15:56:12.471808,599616295025766204,-156.00
2025-12-25 15:56:12.471808,599616295025766204,-156.00
2025-12-25 15:56:12.471808,599616295025766204,-156.00
2025-12-25 15:56:12.471808,599616295025766204,-151.00
2025-12-25 15:56:12.471808,599616295025766204,-147.00
2025-12-25 15:56:12.471808,599616295025766204,-144.00
2025-12-25 15:56:12.471808,599616295025766204,-140.00
2025-12-25 15:56:12.471808,599616295025766204,-133.00
2025-12-25 15:56:12.471808,599616295025766204,-133.00
2025-12-25 15:56:12.471808,599616295025766204,-144.00
2025-12-25 15:56:12.471808,599616295025766204,-149.00
2025-12-25 15:56:12.471808,599616295025766204,-154.00
2025-12-25 15:56:12.471808,599616295025766204,-163.00
2025-12-25 15:56:13.073625,599616295586590403,-163.00
2025-12-25 15:56:13.073625,599616295586590403,-154.00
2025-12-25 15:56:13.073625,599616295586590403,-149.00
2025-12-25 15:56:13.073625,599616295586590403,-156.00
2025-12-25 15:56:13.073625,599616295586590403,-165.00
2025-12-25 15:56:13.073625,599616295586590403,-160.00
2025-12-25 15:56:13.073625,599616295586590403,-154.00
2025-12-25 15:56:13.073625,599616295586590403,-149.00
2025-12-25 15:56:13.073625,599616295586590403,-142.00
2025-12-25 15:56:13.073625,599616295586590403,-140.00
2025-12-25 15:56:13.073625,599616295586590403,-75.00
2025-12-25 15:56:13.073625,599616295586590403,110.00
2025-12-25 15:56:13.073625,599616295586590403,241.00
2025-12-25 15:56:13.073625,599616295586590403,0.00
2025-12-25 15:56:13.073625,599616295586590403,-395.00
2025-12-25 15:56:13.073625,599616295586590403,-455.00
2025-12-25 15:56:13.073625,599616295586590403,-303.00
2025-12-25 15:56:13.073625,599616295586590403,-241.00
2025-12-25 15:56:13.073625,599616295586590403,-200.00
2025-12-25 15:56:13.073625,599616295586590403,-135.00
2025-12-25 15:56:13.073625,599616295586590403,-124.00
2025-12-25 15:56:13.073625,599616295586590403,-140.00
2025-12-25 15:56:13.073625,599616295586590403,-133.00
2025-12-25 15:56:13.073625,599616295586590403,-119.00
2025-12-25 15:56:13.073625,599616295586590403,-121.00
2025-12-25 15:56:13.073625,599616295586590403,-121.00
2025-12-25 15:56:13.073625,599616295586590403,-112.00
2025-12-25 15:56:13.073625,599616295586590403,-108.00
2025-12-25 15:56:13.073625,599616295586590403,-110.00
2025-12-25 15:56:13.073625,599616295586590403,-112.00
2025-12-25 15:56:13.073625,599616295586590403,-112.00
2025-12-25 15:56:13.073625,599616295586590403,-103.00
2025-12-25 15:56:13.073625,599616295586590403,-98.00
2025-12-25 15:56:13.073625,599616295586590403,-103.00
2025-12-25 15:56:13.073625,599616295586590403,-105.00
2025-12-25 15:56:13.073625,599616295586590403,-101.00
2025-12-25 15:56:13.073625,599616295586590403,-94.00
2025-12-25 15:56:13.073625,599616295586590403,-87.00
2025-12-25 15:56:13.073625,599616295586590403,-87.00
2025-12-25 15:56:13.073625,599616295586590403,-89.00
2025-12-25 15:56:13.073625,599616295586590403,-91.00
2025-12-25 15:56:13.073625,599616295586590403,-101.00
2025-12-25 15:56:13.073625,599616295586590403,-114.00
2025-12-25 15:56:13.073625,599616295586590403,-121.00
2025-12-25 15:56:13.073625,599616295586590403,-133.00
2025-12-25 15:56:13.073625,599616295586590403,-151.00
2025-12-25 15:56:13.073625,599616295586590403,-167.00
2025-12-25 15:56:13.073625,599616295586590403,-174.00
2025-12-25 15:56:13.073625,599616295586590403,-179.00
2025-12-25 15:56:13.073625,599616295586590403,-181.00
2025-12-25 15:56:13.073625,599616295586590403,-183.00
2025-12-25 15:56:13.073625,599616295586590403,-190.00
2025-12-25 15:56:13.073625,599616295586590403,-195.00
2025-12-25 15:56:13.073625,599616295586590403,-186.00
2025-12-25 15:56:13.073625,599616295586590403,-172.00
2025-12-25 15:56:13.073625,599616295586590403,-170.00
2025-12-25 15:56:13.073625,599616295586590403,-170.00
2025-12-25 15:56:13.073625,599616295586590403,-170.00
2025-12-25 15:56:13.073625,599616295586590403,-165.00
2025-12-25 15:56:13.073625,599616295586590403,-163.00
2025-12-25 15:56:13.073625,599616295586590403,-160.00
2025-12-25 15:56:13.073625,599616295586590403,-160.00
2025-12-25 15:56:13.073625,599616295586590403,-163.00
2025-12-25 15:56:13.073625,599616295586590403,-165.00
2025-12-25 15:56:13.073625,599616295586590403,-170.00
2025-12-25 15:56:13.073625,599616295586590403,-167.00
2025-12-25 15:56:13.073625,599616295586590403,-163.00
2025-12-25 15:56:13.073625,599616295586590403,-165.00
2025-12-25 15:56:13.073625,599616295586590403,-167.00
2025-12-25 15:56:13.073625,599616295586590403,-167.00
2025-12-25 15:56:13.073625,599616295586590403,-167.00
2025-12-25 15:56:13.073625,599616295586590403,-165.00
2025-12-25 15:56:13.073625,599616295586590403,-154.00
2025-12-25 15:56:13.626811,599616296147424776,-137.00
2025-12-25 15:56:13.626811,599616296147424776,-133.00
2025-12-25 15:56:13.626811,599616296147424776,-133.00
2025-12-25 15:56:13.626811,599616296147424776,-140.00
2025-12-25 15:56:13.626811,599616296147424776,-156.00
2025-12-25 15:56:13.626811,599616296147424776,-160.00
2025-12-25 15:56:13.626811,599616296147424776,-154.00
2025-12-25 15:56:13.626811,599616296147424776,-154.00
2025-12-25 15:56:13.626811,599616296147424776,-156.00
2025-12-25 15:56:13.626811,599616296147424776,-154.00
2025-12-25 15:56:13.626811,599616296147424776,-151.00
2025-12-25 15:56:13.626811,599616296147424776,-149.00
2025-12-25 15:56:13.626811,599616296147424776,-140.00
2025-12-25 15:56:13.626811,599616296147424776,-128.00
2025-12-25 15:56:13.626811,599616296147424776,-133.00
2025-12-25 15:56:13.626811,599616296147424776,-142.00
2025-12-25 15:56:13.626811,599616296147424776,-137.00
2025-12-25 15:56:13.626811,599616296147424776,-89.00
2025-12-25 15:56:13.626811,599616296147424776,45.00
2025-12-25 15:56:13.626811,599616296147424776,200.00
2025-12-25 15:56:13.626811,599616296147424776,82.00
2025-12-25 15:56:13.626811,599616296147424776,-291.00
2025-12-25 15:56:13.626811,599616296147424776,-448.00
2025-12-25 15:56:13.626811,599616296147424776,-317.00
2025-12-25 15:56:13.626811,599616296147424776,-234.00
2025-12-25 15:56:13.626811,599616296147424776,-200.00
2025-12-25 15:56:13.626811,599616296147424776,-131.00
2025-12-25 15:56:13.626811,599616296147424776,-112.00
2025-12-25 15:56:13.626811,599616296147424776,-124.00
2025-12-25 15:56:13.626811,599616296147424776,-110.00
2025-12-25 15:56:13.626811,599616296147424776,-105.00
2025-12-25 15:56:13.626811,599616296147424776,-121.00
2025-12-25 15:56:13.626811,599616296147424776,-121.00
2025-12-25 15:56:13.626811,599616296147424776,-112.00
2025-12-25 15:56:13.626811,599616296147424776,-112.00
2025-12-25 15:56:13.626811,599616296147424776,-112.00
2025-12-25 15:56:13.626811,599616296147424776,-110.00
2025-12-25 15:56:13.626811,599616296147424776,-112.00
2025-12-25 15:56:13.626811,599616296147424776,-105.00
2025-12-25 15:56:13.626811,599616296147424776,-91.00
2025-12-25 15:56:13.626811,599616296147424776,-85.00
2025-12-25 15:56:13.626811,599616296147424776,-85.00
2025-12-25 15:56:13.626811,599616296147424776,-85.00
2025-12-25 15:56:13.626811,599616296147424776,-78.00
2025-12-25 15:56:13.626811,599616296147424776,-78.00
2025-12-25 15:56:13.626811,599616296147424776,-80.00
2025-12-25 15:56:13.626811,599616296147424776,-78.00
2025-12-25 15:56:13.626811,599616296147424776,-73.00
2025-12-25 15:56:13.626811,599616296147424776,-73.00
2025-12-25 15:56:13.626811,599616296147424776,-87.00
2025-12-25 15:56:13.626811,599616296147424776,-103.00
2025-12-25 15:56:13.626811,599616296147424776,-112.00
2025-12-25 15:56:13.626811,599616296147424776,-126.00
2025-12-25 15:56:13.626811,599616296147424776,-147.00
2025-12-25 15:56:13.626811,599616296147424776,-154.00
2025-12-25 15:56:13.626811,599616296147424776,-165.00
2025-12-25 15:56:13.626811,599616296147424776,-181.00
2025-12-25 15:56:13.626811,599616296147424776,-181.00
2025-12-25 15:56:13.626811,599616296147424776,-174.00
2025-12-25 15:56:13.626811,599616296147424776,-181.00
2025-12-25 15:56:13.626811,599616296147424776,-186.00
2025-12-25 15:56:13.626811,599616296147424776,-174.00
2025-12-25 15:56:13.626811,599616296147424776,-172.00
2025-12-25 15:56:13.626811,599616296147424776,-177.00
2025-12-25 15:56:13.626811,599616296147424776,-167.00
2025-12-25 15:56:13.626811,599616296147424776,-163.00
2025-12-25 15:56:13.626811,599616296147424776,-170.00
2025-12-25 15:56:13.626811,599616296147424776,-165.00
2025-12-25 15:56:13.626811,599616296147424776,-160.00
2025-12-25 15:56:13.626811,599616296147424776,-163.00
2025-12-25 15:56:13.626811,599616296147424776,-163.00
2025-12-25 15:56:13.626811,599616296147424776,-165.00
2025-12-25 15:56:13.626811,599616296147424776,-163.00
2025-12-25 15:56:14.178179,599616296708243889,-160.00
2025-12-25 15:56:14.178179,599616296708243889,-167.00
2025-12-25 15:56:14.178179,599616296708243889,-167.00
2025-12-25 15:56:14.178179,599616296708243889,-163.00
2025-12-25 15:56:14.178179,599616296708243889,-160.00
2025-12-25 15:56:14.178179,599616296708243889,-158.00
2025-12-25 15:56:14.178179,599616296708243889,-160.00
2025-12-25 15:56:14.178179,599616296708243889,-165.00
2025-12-25 15:56:14.178179,599616296708243889,-151.00
2025-12-25 15:56:14.178179,599616296708243889,-133.00
2025-12-25 15:56:14.178179,599616296708243889,-128.00
2025-12-25 15:56:14.178179,599616296708243889,-131.00
2025-12-25 15:56:14.178179,599616296708243889,-142.00
2025-12-25 15:56:14.178179,599616296708243889,-151.00
2025-12-25 15:56:14.178179,599616296708243889,-140.00
2025-12-25 15:56:14.178179,599616296708243889,-133.00
2025-12-25 15:56:14.178179,599616296708243889,-140.00
2025-12-25 15:56:14.178179,599616296708243889,-137.00
2025-12-25 15:56:14.178179,599616296708243889,-135.00
2025-12-25 15:56:14.178179,599616296708243889,-135.00
2025-12-25 15:56:14.178179,599616296708243889,-133.00
2025-12-25 15:56:14.178179,599616296708243889,-133.00
2025-12-25 15:56:14.178179,599616296708243889,-135.00
2025-12-25 15:56:14.178179,599616296708243889,-137.00
2025-12-25 15:56:14.178179,599616296708243889,-142.00
2025-12-25 15:56:14.178179,599616296708243889,-144.00
2025-12-25 15:56:14.178179,599616296708243889,-108.00
2025-12-25 15:56:14.178179,599616296708243889,36.00
2025-12-25 15:56:14.178179,599616296708243889,204.00
2025-12-25 15:56:14.178179,599616296708243889,78.00
2025-12-25 15:56:14.178179,599616296708243889,-308.00
2025-12-25 15:56:14.178179,599616296708243889,-443.00
2025-12-25 15:56:14.178179,599616296708243889,-314.00
2025-12-25 15:56:14.178179,599616296708243889,-259.00
2025-12-25 15:56:14.178179,599616296708243889,-232.00
2025-12-25 15:56:14.178179,599616296708243889,-142.00
2025-12-25 15:56:14.178179,599616296708243889,-108.00
2025-12-25 15:56:14.178179,599616296708243889,-126.00
2025-12-25 15:56:14.178179,599616296708243889,-112.00
2025-12-25 15:56:14.178179,599616296708243889,-98.00
2025-12-25 15:56:14.178179,599616296708243889,-108.00
2025-12-25 15:56:14.178179,599616296708243889,-110.00
2025-12-25 15:56:14.178179,599616296708243889,-103.00
2025-12-25 15:56:14.178179,599616296708243889,-108.00
2025-12-25 15:56:14.178179,599616296708243889,-103.00
2025-12-25 15:56:14.178179,599616296708243889,-96.00
2025-12-25 15:56:14.178179,599616296708243889,-98.00
2025-12-25 15:56:14.178179,599616296708243889,-96.00
2025-12-25 15:56:14.178179,599616296708243889,-96.00
2025-12-25 15:56:14.178179,599616296708243889,-96.00
2025-12-25 15:56:14.178179,599616296708243889,-89.00
2025-12-25 15:56:14.178179,599616296708243889,-89.00
2025-12-25 15:56:14.178179,599616296708243889,-89.00
2025-12-25 15:56:14.178179,599616296708243889,-82.00
2025-12-25 15:56:14.178179,599616296708243889,-80.00
2025-12-25 15:56:14.178179,599616296708243889,-78.00
2025-12-25 15:56:14.178179,599616296708243889,-78.00
2025-12-25 15:56:14.178179,599616296708243889,-89.00
2025-12-25 15:56:14.178179,599616296708243889,-98.00
2025-12-25 15:56:14.178179,599616296708243889,-105.00
2025-12-25 15:56:14.178179,599616296708243889,-114.00
2025-12-25 15:56:14.178179,599616296708243889,-131.00
2025-12-25 15:56:14.178179,599616296708243889,-151.00
2025-12-25 15:56:14.178179,599616296708243889,-167.00
2025-12-25 15:56:14.178179,599616296708243889,-181.00
2025-12-25 15:56:14.178179,599616296708243889,-190.00
2025-12-25 15:56:14.178179,599616296708243889,-197.00
2025-12-25 15:56:14.178179,599616296708243889,-193.00
2025-12-25 15:56:14.178179,599616296708243889,-183.00
2025-12-25 15:56:14.178179,599616296708243889,-179.00
2025-12-25 15:56:14.178179,599616296708243889,-183.00
2025-12-25 15:56:14.178179,599616296708243889,-181.00
2025-12-25 15:56:14.178179,599616296708243889,-174.00
2025-12-25 15:56:14.679458,599616297269093518,-170.00
2025-12-25 15:56:14.679458,599616297269093518,-167.00
2025-12-25 15:56:14.679458,599616297269093518,-172.00
2025-12-25 15:56:14.679458,599616297269093518,-177.00
2025-12-25 15:56:14.679458,599616297269093518,-174.00
2025-12-25 15:56:14.679458,599616297269093518,-167.00
2025-12-25 15:56:14.679458,599616297269093518,-158.00
2025-12-25 15:56:14.679458,599616297269093518,-151.00
2025-12-25 15:56:14.679458,599616297269093518,-156.00
2025-12-25 15:56:14.679458,599616297269093518,-163.00
2025-12-25 15:56:14.679458,599616297269093518,-160.00
2025-12-25 15:56:14.679458,599616297269093518,-149.00
2025-12-25 15:56:14.679458,599616297269093518,-135.00
2025-12-25 15:56:14.679458,599616297269093518,-133.00
2025-12-25 15:56:14.679458,599616297269093518,-140.00
2025-12-25 15:56:14.679458,599616297269093518,-147.00
2025-12-25 15:56:14.679458,599616297269093518,-140.00
2025-12-25 15:56:14.679458,599616297269093518,-128.00
2025-12-25 15:56:14.679458,599616297269093518,-119.00
2025-12-25 15:56:14.679458,599616297269093518,-117.00
2025-12-25 15:56:14.679458,599616297269093518,-112.00
2025-12-25 15:56:14.679458,599616297269093518,-110.00
2025-12-25 15:56:14.679458,599616297269093518,-124.00
2025-12-25 15:56:14.679458,599616297269093518,-131.00
2025-12-25 15:56:14.679458,599616297269093518,-121.00
2025-12-25 15:56:14.679458,599616297269093518,-117.00
2025-12-25 15:56:14.679458,599616297269093518,-121.00
2025-12-25 15:56:14.679458,599616297269093518,-133.00
2025-12-25 15:56:14.679458,599616297269093518,-131.00
2025-12-25 15:56:14.679458,599616297269093518,-135.00
2025-12-25 15:56:14.679458,599616297269093518,-163.00
2025-12-25 15:56:14.679458,599616297269093518,-160.00
2025-12-25 15:56:14.679458,599616297269093518,-112.00
2025-12-25 15:56:14.679458,599616297269093518,-78.00
2025-12-25 15:56:14.679458,599616297269093518,-98.00
2025-12-25 15:56:14.679458,599616297269093518,-128.00
2025-12-25 15:56:14.679458,599616297269093518,-78.00
2025-12-25 15:56:14.679458,599616297269093518,96.00
2025-12-25 15:56:14.679458,599616297269093518,211.00
2025-12-25 15:56:14.679458,599616297269093518,-13.00
2025-12-25 15:56:14.679458,599616297269093518,-360.00
2025-12-25 15:56:14.679458,599616297269093518,-383.00
2025-12-25 15:56:14.679458,599616297269093518,-264.00
2025-12-25 15:56:14.679458,599616297269093518,-243.00
2025-12-25 15:56:14.679458,599616297269093518,-190.00
2025-12-25 15:56:14.679458,599616297269093518,-114.00
2025-12-25 15:56:14.679458,599616297269093518,-110.00
2025-12-25 15:56:14.679458,599616297269093518,-133.00
2025-12-25 15:56:14.679458,599616297269093518,-133.00
2025-12-25 15:56:14.679458,599616297269093518,-96.00
2025-12-25 15:56:14.679458,599616297269093518,-75.00
2025-12-25 15:56:14.679458,599616297269093518,-94.00
2025-12-25 15:56:14.679458,599616297269093518,-94.00
2025-12-25 15:56:14.679458,599616297269093518,-94.00
2025-12-25 15:56:14.679458,599616297269093518,-110.00
2025-12-25 15:56:14.679458,599616297269093518,-103.00
2025-12-25 15:56:14.679458,599616297269093518,-85.00
2025-12-25 15:56:14.679458,599616297269093518,-96.00
2025-12-25 15:56:14.679458,599616297269093518,-96.00
2025-12-25 15:56:14.679458,599616297269093518,-78.00
2025-12-25 15:56:14.679458,599616297269093518,-78.00
2025-12-25 15:56:14.679458,599616297269093518,-91.00
2025-12-25 15:56:14.679458,599616297269093518,-94.00
2025-12-25 15:56:14.679458,599616297269093518,-85.00
2025-12-25 15:56:14.679458,599616297269093518,-75.00
2025-12-25 15:56:14.679458,599616297269093518,-78.00
2025-12-25 15:56:14.679458,599616297269093518,-87.00
2025-12-25 15:56:14.679458,599616297269093518,-87.00
2025-12-25 15:56:14.679458,599616297269093518,-94.00
2025-12-25 15:56:14.679458,599616297269093518,-108.00
2025-12-25 15:56:14.679458,599616297269093518,-117.00
2025-12-25 15:56:14.679458,599616297269093518,-121.00
2025-12-25 15:56:14.679458,599616297269093518,-144.00
2025-12-25 15:56:15.330988,599616297829917721,-165.00
2025-12-25 15:56:15.330988,599616297829917721,-179.00
2025-12-25 15:56:15.330988,599616297829917721,-195.00
2025-12-25 15:56:15.330988,599616297829917721,-186.00
2025-12-25 15:56:15.330988,599616297829917721,-167.00
2025-12-25 15:56:15.330988,599616297829917721,-179.00
2025-12-25 15:56:15.330988,599616297829917721,-195.00
2025-12-25 15:56:15.330988,599616297829917721,-195.00
2025-12-25 15:56:15.330988,599616297829917721,-190.00
2025-12-25 15:56:15.330988,599616297829917721,-174.00
2025-12-25 15:56:15.330988,599616297829917721,-170.00
2025-12-25 15:56:15.330988,599616297829917721,-172.00
2025-12-25 15:56:15.330988,599616297829917721,-170.00
2025-12-25 15:56:15.330988,599616297829917721,-174.00
2025-12-25 15:56:15.330988,599616297829917721,-181.00
2025-12-25 15:56:15.330988,599616297829917721,-165.00
2025-12-25 15:56:15.330988,599616297829917721,-154.00
2025-12-25 15:56:15.330988,599616297829917721,-156.00
2025-12-25 15:56:15.330988,599616297829917721,-154.00
2025-12-25 15:56:15.330988,599616297829917721,-149.00
2025-12-25 15:56:15.330988,599616297829917721,-151.00
2025-12-25 15:56:15.330988,599616297829917721,-151.00
2025-12-25 15:56:15.330988,599616297829917721,-154.00
2025-12-25 15:56:15.330988,599616297829917721,-154.00
2025-12-25 15:56:15.330988,599616297829917721,-156.00
2025-12-25 15:56:15.330988,599616297829917721,-163.00
2025-12-25 15:56:15.330988,599616297829917721,-160.00
2025-12-25 15:56:15.330988,599616297829917721,-151.00
2025-12-25 15:56:15.330988,599616297829917721,-142.00
2025-12-25 15:56:15.330988,599616297829917721,-137.00
2025-12-25 15:56:15.330988,599616297829917721,-144.00
2025-12-25 15:56:15.330988,599616297829917721,-154.00
2025-12-25 15:56:15.330988,599616297829917721,-160.00
2025-12-25 15:56:15.330988,599616297829917721,-170.00
2025-12-25 15:56:15.330988,599616297829917721,-170.00
2025-12-25 15:56:15.330988,599616297829917721,-167.00
2025-12-25 15:56:15.330988,599616297829917721,-174.00
2025-12-25 15:56:15.330988,599616297829917721,-172.00
2025-12-25 15:56:15.330988,599616297829917721,-167.00
2025-12-25 15:56:15.330988,599616297829917721,-167.00
2025-12-25 15:56:15.330988,599616297829917721,-170.00
2025-12-25 15:56:15.330988,599616297829917721,-167.00
2025-12-25 15:56:15.330988,599616297829917721,-167.00
2025-12-25 15:56:15.330988,599616297829917721,-167.00
2025-12-25 15:56:15.330988,599616297829917721,-167.00
2025-12-25 15:56:15.330988,599616297829917721,-156.00
2025-12-25 15:56:15.330988,599616297829917721,-80.00
2025-12-25 15:56:15.330988,599616297829917721,80.00
2025-12-25 15:56:15.330988,599616297829917721,108.00
2025-12-25 15:56:15.330988,599616297829917721,-174.00
2025-12-25 15:56:15.330988,599616297829917721,-434.00
2025-12-25 15:56:15.330988,599616297829917721,-388.00
2025-12-25 15:56:15.330988,599616297829917721,-287.00
2025-12-25 15:56:15.330988,599616297829917721,-257.00
2025-12-25 15:56:15.330988,599616297829917721,-193.00
2025-12-25 15:56:15.330988,599616297829917721,-144.00
2025-12-25 15:56:15.330988,599616297829917721,-149.00
2025-12-25 15:56:15.330988,599616297829917721,-149.00
2025-12-25 15:56:15.330988,599616297829917721,-142.00
2025-12-25 15:56:15.330988,599616297829917721,-156.00
2025-12-25 15:56:15.330988,599616297829917721,-158.00
2025-12-25 15:56:15.330988,599616297829917721,-140.00
2025-12-25 15:56:15.330988,599616297829917721,-135.00
2025-12-25 15:56:15.330988,599616297829917721,-140.00
2025-12-25 15:56:15.330988,599616297829917721,-133.00
2025-12-25 15:56:15.330988,599616297829917721,-131.00
2025-12-25 15:56:15.330988,599616297829917721,-131.00
2025-12-25 15:56:15.330988,599616297829917721,-121.00
2025-12-25 15:56:15.330988,599616297829917721,-119.00
2025-12-25 15:56:15.330988,599616297829917721,-131.00
2025-12-25 15:56:15.330988,599616297829917721,-131.00
2025-12-25 15:56:15.330988,599616297829917721,-114.00
2025-12-25 15:56:15.330988,599616297829917721,-101.00
2025-12-25 15:56:15.882243,599616298390762266,-108.00
2025-12-25 15:56:15.882243,599616298390762266,-112.00
2025-12-25 15:56:15.882243,599616298390762266,-98.00
2025-12-25 15:56:15.882243,599616298390762266,-94.00
2025-12-25 15:56:15.882243,599616298390762266,-105.00
2025-12-25 15:56:15.882243,599616298390762266,-110.00
2025-12-25 15:56:15.882243,599616298390762266,-114.00
2025-12-25 15:56:15.882243,599616298390762266,-135.00
2025-12-25 15:56:15.882243,599616298390762266,-156.00
2025-12-25 15:56:15.882243,599616298390762266,-160.00
2025-12-25 15:56:15.882243,599616298390762266,-163.00
2025-12-25 15:56:15.882243,599616298390762266,-170.00
2025-12-25 15:56:15.882243,599616298390762266,-167.00
2025-12-25 15:56:15.882243,599616298390762266,-167.00
2025-12-25 15:56:15.882243,599616298390762266,-174.00
2025-12-25 15:56:15.882243,599616298390762266,-181.00
2025-12-25 15:56:15.882243,599616298390762266,-177.00
2025-12-25 15:56:15.882243,599616298390762266,-154.00
2025-12-25 15:56:15.882243,599616298390762266,-137.00
2025-12-25 15:56:15.882243,599616298390762266,-147.00
2025-12-25 15:56:15.882243,599616298390762266,-156.00
2025-12-25 15:56:15.882243,599616298390762266,-144.00
2025-12-25 15:56:15.882243,599616298390762266,-133.00
2025-12-25 15:56:15.882243,599616298390762266,-135.00
2025-12-25 15:56:15.882243,599616298390762266,-137.00
2025-12-25 15:56:15.882243,599616298390762266,-140.00
2025-12-25 15:56:15.882243,599616298390762266,-140.00
2025-12-25 15:56:15.882243,599616298390762266,-137.00
2025-12-25 15:56:15.882243,599616298390762266,-140.00
2025-12-25 15:56:15.882243,599616298390762266,-137.00
2025-12-25 15:56:15.882243,599616298390762266,-135.00
2025-12-25 15:56:15.882243,599616298390762266,-142.00
2025-12-25 15:56:15.882243,599616298390762266,-140.00
2025-12-25 15:56:15.882243,599616298390762266,-135.00
2025-12-25 15:56:15.882243,599616298390762266,-142.00
2025-12-25 15:56:15.882243,599616298390762266,-149.00
2025-12-25 15:56:15.882243,599616298390762266,-144.00
2025-12-25 15:56:15.882243,599616298390762266,-142.00
2025-12-25 15:56:15.882243,599616298390762266,-147.00
2025-12-25 15:56:15.882243,599616298390762266,-142.00
2025-12-25 15:56:15.882243,599616298390762266,-126.00
2025-12-25 15:56:15.882243,599616298390762266,-117.00
2025-12-25 15:56:15.882243,599616298390762266,-133.00
2025-12-25 15:56:15.882243,599616298390762266,-147.00
2025-12-25 15:56:15.882243,599616298390762266,-144.00
2025-12-25 15:56:15.882243,599616298390762266,-154.00
2025-12-25 15:56:15.882243,599616298390762266,-154.00
2025-12-25 15:56:15.882243,599616298390762266,-140.00
2025-12-25 15:56:15.882243,599616298390762266,-144.00
2025-12-25 15:56:15.882243,599616298390762266,-154.00
2025-12-25 15:56:15.882243,599616298390762266,-144.00
2025-12-25 15:56:15.882243,599616298390762266,-142.00
2025-12-25 15:56:15.882243,599616298390762266,-147.00
2025-12-25 15:56:15.882243,599616298390762266,-147.00
2025-12-25 15:56:15.882243,599616298390762266,-149.00
2025-12-25 15:56:15.882243,599616298390762266,-151.00
2025-12-25 15:56:15.882243,599616298390762266,-142.00
2025-12-25 15:56:15.882243,599616298390762266,-80.00
2025-12-25 15:56:15.882243,599616298390762266,78.00
2025-12-25 15:56:15.882243,599616298390762266,151.00
2025-12-25 15:56:15.882243,599616298390762266,-91.00
2025-12-25 15:56:15.882243,599616298390762266,-390.00
2025-12-25 15:56:15.882243,599616298390762266,-390.00
2025-12-25 15:56:15.882243,599616298390762266,-280.00
2025-12-25 15:56:15.882243,599616298390762266,-241.00
2025-12-25 15:56:15.882243,599616298390762266,-177.00
2025-12-25 15:56:15.882243,599616298390762266,-124.00
2025-12-25 15:56:15.882243,599616298390762266,-142.00
2025-12-25 15:56:15.882243,599616298390762266,-151.00
2025-12-25 15:56:15.882243,599616298390762266,-128.00
2025-12-25 15:56:15.882243,599616298390762266,-110.00
2025-12-25 15:56:15.882243,599616298390762266,-114.00
2025-12-25 15:56:15.882243,599616298390762266,-121.00
2025-12-25 15:56:16.433673,599616298951596637,-114.00
2025-12-25 15:56:16.433673,599616298951596637,-103.00
2025-12-25 15:56:16.433673,599616298951596637,-98.00
2025-12-25 15:56:16.433673,599616298951596637,-89.00
2025-12-25 15:56:16.433673,599616298951596637,-85.00
2025-12-25 15:56:16.433673,599616298951596637,-96.00
2025-12-25 15:56:16.433673,599616298951596637,-98.00
2025-12-25 15:56:16.433673,599616298951596637,-78.00
2025-12-25 15:56:16.433673,599616298951596637,-66.00
2025-12-25 15:56:16.433673,599616298951596637,-62.00
2025-12-25 15:56:16.433673,599616298951596637,-52.00
2025-12-25 15:56:16.433673,599616298951596637,-43.00
2025-12-25 15:56:16.433673,599616298951596637,-43.00
2025-12-25 15:56:16.433673,599616298951596637,-48.00
2025-12-25 15:56:16.433673,599616298951596637,-41.00
2025-12-25 15:56:16.433673,599616298951596637,-34.00
2025-12-25 15:56:16.433673,599616298951596637,-36.00
2025-12-25 15:56:16.433673,599616298951596637,-52.00
2025-12-25 15:56:16.433673,599616298951596637,-78.00
2025-12-25 15:56:16.433673,599616298951596637,-96.00
2025-12-25 15:56:16.433673,599616298951596637,-110.00
2025-12-25 15:56:16.433673,599616298951596637,-124.00
2025-12-25 15:56:16.433673,599616298951596637,-133.00
2025-12-25 15:56:16.433673,599616298951596637,-140.00
2025-12-25 15:56:16.433673,599616298951596637,-144.00
2025-12-25 15:56:16.433673,599616298951596637,-142.00
2025-12-25 15:56:16.433673,599616298951596637,-140.00
2025-12-25 15:56:16.433673,599616298951596637,-137.00
2025-12-25 15:56:16.433673,599616298951596637,-140.00
2025-12-25 15:56:16.433673,599616298951596637,-142.00
2025-12-25 15:56:16.433673,599616298951596637,-140.00
2025-12-25 15:56:16.433673,599616298951596637,-133.00
2025-12-25 15:56:16.433673,599616298951596637,-133.00
2025-12-25 15:56:16.433673,599616298951596637,-131.00
2025-12-25 15:56:16.433673,599616298951596637,-126.00
2025-12-25 15:56:16.433673,599616298951596637,-137.00
2025-12-25 15:56:16.433673,599616298951596637,-147.00
2025-12-25 15:56:16.433673,599616298951596637,-135.00
2025-12-25 15:56:16.433673,599616298951596637,-126.00
2025-12-25 15:56:16.433673,599616298951596637,-135.00
2025-12-25 15:56:16.433673,599616298951596637,-140.00
2025-12-25 15:56:16.433673,599616298951596637,-142.00
2025-12-25 15:56:16.433673,599616298951596637,-151.00
2025-12-25 15:56:16.433673,599616298951596637,-151.00
2025-12-25 15:56:16.433673,599616298951596637,-144.00
2025-12-25 15:56:16.433673,599616298951596637,-151.00
2025-12-25 15:56:16.433673,599616298951596637,-160.00
2025-12-25 15:56:16.433673,599616298951596637,-158.00
2025-12-25 15:56:16.433673,599616298951596637,-160.00
2025-12-25 15:56:16.433673,599616298951596637,-163.00
2025-12-25 15:56:16.433673,599616298951596637,-158.00
2025-12-25 15:56:16.433673,599616298951596637,-151.00
2025-12-25 15:56:16.433673,599616298951596637,-144.00
2025-12-25 15:56:16.433673,599616298951596637,-147.00
2025-12-25 15:56:16.433673,599616298951596637,-160.00
2025-12-25 15:56:16.433673,599616298951596637,-170.00
2025-12-25 15:56:16.433673,599616298951596637,-177.00
2025-12-25 15:56:16.433673,599616298951596637,-183.00
2025-12-25 15:56:16.433673,599616298951596637,-181.00
2025-12-25 15:56:16.433673,599616298951596637,-183.00
2025-12-25 15:56:16.433673,599616298951596637,-195.00
2025-12-25 15:56:16.433673,599616298951596637,-188.00
2025-12-25 15:56:16.433673,599616298951596637,-177.00
2025-12-25 15:56:16.433673,599616298951596637,-179.00
2025-12-25 15:56:16.433673,599616298951596637,-193.00
2025-12-25 15:56:16.433673,599616298951596637,-195.00
2025-12-25 15:56:16.433673,599616298951596637,-193.00
2025-12-25 15:56:16.433673,599616298951596637,-183.00
2025-12-25 15:56:16.433673,599616298951596637,-133.00
2025-12-25 15:56:16.433673,599616298951596637,22.00
2025-12-25 15:56:16.433673,599616298951596637,156.00
2025-12-25 15:56:16.433673,599616298951596637,-36.00
2025-12-25 15:56:16.433673,599616298951596637,-400.00
2025-12-25 15:56:16.935319,599616299512431010,-478.00
2025-12-25 15:56:16.935319,599616299512431010,-356.00
2025-12-25 15:56:16.935319,599616299512431010,-308.00
2025-12-25 15:56:16.935319,599616299512431010,-262.00
2025-12-25 15:56:16.935319,599616299512431010,-195.00
2025-12-25 15:56:16.935319,599616299512431010,-190.00
2025-12-25 15:56:16.935319,599616299512431010,-202.00
2025-12-25 15:56:16.935319,599616299512431010,-174.00
2025-12-25 15:56:16.935319,599616299512431010,-158.00
2025-12-25 15:56:16.935319,599616299512431010,-172.00
2025-12-25 15:56:16.935319,599616299512431010,-183.00
2025-12-25 15:56:16.935319,599616299512431010,-181.00
2025-12-25 15:56:16.935319,599616299512431010,-165.00
2025-12-25 15:56:16.935319,599616299512431010,-144.00
2025-12-25 15:56:16.935319,599616299512431010,-140.00
2025-12-25 15:56:16.935319,599616299512431010,-140.00
2025-12-25 15:56:16.935319,599616299512431010,-131.00
2025-12-25 15:56:16.935319,599616299512431010,-135.00
2025-12-25 15:56:16.935319,599616299512431010,-144.00
2025-12-25 15:56:16.935319,599616299512431010,-135.00
2025-12-25 15:56:16.935319,599616299512431010,-133.00
2025-12-25 15:56:16.935319,599616299512431010,-133.00
2025-12-25 15:56:16.935319,599616299512431010,-128.00
2025-12-25 15:56:16.935319,599616299512431010,-126.00
2025-12-25 15:56:16.935319,599616299512431010,-121.00
2025-12-25 15:56:16.935319,599616299512431010,-121.00
2025-12-25 15:56:16.935319,599616299512431010,-133.00
2025-12-25 15:56:16.935319,599616299512431010,-144.00
2025-12-25 15:56:16.935319,599616299512431010,-158.00
2025-12-25 15:56:16.935319,599616299512431010,-167.00
2025-12-25 15:56:16.935319,599616299512431010,-181.00
2025-12-25 15:56:16.935319,599616299512431010,-202.00
2025-12-25 15:56:16.935319,599616299512431010,-218.00
2025-12-25 15:56:16.935319,599616299512431010,-229.00
2025-12-25 15:56:16.935319,599616299512431010,-243.00
2025-12-25 15:56:16.935319,599616299512431010,-241.00
2025-12-25 15:56:16.935319,599616299512431010,-234.00
2025-12-25 15:56:16.935319,599616299512431010,-236.00
2025-12-25 15:56:16.935319,599616299512431010,-241.00
2025-12-25 15:56:16.935319,599616299512431010,-241.00
2025-12-25 15:56:16.935319,599616299512431010,-248.00
2025-12-25 15:56:16.935319,599616299512431010,-248.00
2025-12-25 15:56:16.935319,599616299512431010,-234.00
2025-12-25 15:56:16.935319,599616299512431010,-227.00
2025-12-25 15:56:16.935319,599616299512431010,-234.00
2025-12-25 15:56:16.935319,599616299512431010,-236.00
2025-12-25 15:56:16.935319,599616299512431010,-229.00
2025-12-25 15:56:16.935319,599616299512431010,-232.00
2025-12-25 15:56:16.935319,599616299512431010,-232.00
2025-12-25 15:56:16.935319,599616299512431010,-227.00
2025-12-25 15:56:16.935319,599616299512431010,-232.00
2025-12-25 15:56:16.935319,599616299512431010,-236.00
2025-12-25 15:56:16.935319,599616299512431010,-234.00
2025-12-25 15:56:16.935319,599616299512431010,-232.00
2025-12-25 15:56:16.935319,599616299512431010,-234.00
2025-12-25 15:56:16.935319,599616299512431010,-234.00
2025-12-25 15:56:16.935319,599616299512431010,-229.00
2025-12-25 15:56:16.935319,599616299512431010,-227.00
2025-12-25 15:56:16.935319,599616299512431010,-234.00
2025-12-25 15:56:16.935319,599616299512431010,-232.00
2025-12-25 15:56:16.935319,599616299512431010,-211.00
2025-12-25 15:56:16.935319,599616299512431010,-195.00
2025-12-25 15:56:16.935319,599616299512431010,-197.00
2025-12-25 15:56:16.935319,599616299512431010,-209.00
2025-12-25 15:56:16.935319,599616299512431010,-213.00
2025-12-25 15:56:16.935319,599616299512431010,-213.00
2025-12-25 15:56:16.935319,599616299512431010,-213.00
2025-12-25 15:56:16.935319,599616299512431010,-213.00
2025-12-25 15:56:16.935319,599616299512431010,-216.00
2025-12-25 15:56:16.935319,599616299512431010,-216.00
2025-12-25 15:56:16.935319,599616299512431010,-216.00
2025-12-25 15:56:16.935319,599616299512431010,-213.00
2025-12-25 15:56:16.935319,599616299512431010,-209.00
2025-12-25 15:56:17.486848,599616300073250123,-206.00
2025-12-25 15:56:17.486848,599616300073250123,-209.00
2025-12-25 15:56:17.486848,599616300073250123,-216.00
2025-12-25 15:56:17.486848,599616300073250123,-206.00
2025-12-25 15:56:17.486848,599616300073250123,-119.00
2025-12-25 15:56:17.486848,599616300073250123,57.00
2025-12-25 15:56:17.486848,599616300073250123,105.00
2025-12-25 15:56:17.486848,599616300073250123,-188.00
2025-12-25 15:56:17.486848,599616300073250123,-489.00
2025-12-25 15:56:17.486848,599616300073250123,-450.00
2025-12-25 15:56:17.486848,599616300073250123,-317.00
2025-12-25 15:56:17.486848,599616300073250123,-280.00
2025-12-25 15:56:17.486848,599616300073250123,-218.00
2025-12-25 15:56:17.486848,599616300073250123,-165.00
2025-12-25 15:56:17.486848,599616300073250123,-174.00
2025-12-25 15:56:17.486848,599616300073250123,-170.00
2025-12-25 15:56:17.486848,599616300073250123,-149.00
2025-12-25 15:56:17.486848,599616300073250123,-156.00
2025-12-25 15:56:17.486848,599616300073250123,-163.00
2025-12-25 15:56:17.486848,599616300073250123,-154.00
2025-12-25 15:56:17.486848,599616300073250123,-151.00
2025-12-25 15:56:17.486848,599616300073250123,-154.00
2025-12-25 15:56:17.486848,599616300073250123,-154.00
2025-12-25 15:56:17.486848,599616300073250123,-147.00
2025-12-25 15:56:17.486848,599616300073250123,-135.00
2025-12-25 15:56:17.486848,599616300073250123,-133.00
2025-12-25 15:56:17.486848,599616300073250123,-133.00
2025-12-25 15:56:17.486848,599616300073250123,-126.00
2025-12-25 15:56:17.486848,599616300073250123,-117.00
2025-12-25 15:56:17.486848,599616300073250123,-112.00
2025-12-25 15:56:17.486848,599616300073250123,-110.00
2025-12-25 15:56:17.486848,599616300073250123,-105.00
2025-12-25 15:56:17.486848,599616300073250123,-103.00
2025-12-25 15:56:17.486848,599616300073250123,-101.00
2025-12-25 15:56:17.486848,599616300073250123,-103.00
2025-12-25 15:56:17.486848,599616300073250123,-105.00
2025-12-25 15:56:17.486848,599616300073250123,-110.00
2025-12-25 15:56:17.486848,599616300073250123,-124.00
2025-12-25 15:56:17.486848,599616300073250123,-140.00
2025-12-25 15:56:17.486848,599616300073250123,-156.00
2025-12-25 15:56:17.486848,599616300073250123,-170.00
2025-12-25 15:56:17.486848,599616300073250123,-177.00
2025-12-25 15:56:17.486848,599616300073250123,-183.00
2025-12-25 15:56:17.486848,599616300073250123,-193.00
2025-12-25 15:56:17.486848,599616300073250123,-193.00
2025-12-25 15:56:17.486848,599616300073250123,-190.00
2025-12-25 15:56:17.486848,599616300073250123,-186.00
2025-12-25 15:56:17.486848,599616300073250123,-183.00
2025-12-25 15:56:17.486848,599616300073250123,-179.00
2025-12-25 15:56:17.486848,599616300073250123,-174.00
2025-12-25 15:56:17.486848,599616300073250123,-172.00
2025-12-25 15:56:17.486848,599616300073250123,-174.00
2025-12-25 15:56:17.486848,599616300073250123,-174.00
2025-12-25 15:56:17.486848,599616300073250123,-165.00
2025-12-25 15:56:17.486848,599616300073250123,-158.00
2025-12-25 15:56:17.486848,599616300073250123,-163.00
2025-12-25 15:56:17.486848,599616300073250123,-165.00
2025-12-25 15:56:17.486848,599616300073250123,-160.00
2025-12-25 15:56:17.486848,599616300073250123,-158.00
2025-12-25 15:56:17.486848,599616300073250123,-165.00
2025-12-25 15:56:17.486848,599616300073250123,-167.00
2025-12-25 15:56:17.486848,599616300073250123,-170.00
2025-12-25 15:56:17.486848,599616300073250123,-172.00
2025-12-25 15:56:17.486848,599616300073250123,-172.00
2025-12-25 15:56:17.486848,599616300073250123,-170.00
2025-12-25 15:56:17.486848,599616300073250123,-170.00
2025-12-25 15:56:17.486848,599616300073250123,-174.00
2025-12-25 15:56:17.486848,599616300073250123,-177.00
2025-12-25 15:56:17.486848,599616300073250123,-167.00
2025-12-25 15:56:17.486848,599616300073250123,-151.00
2025-12-25 15:56:17.486848,599616300073250123,-144.00
2025-12-25 15:56:17.486848,599616300073250123,-151.00
2025-12-25 15:56:17.486848,599616300073250123,-165.00
2025-12-25 15:56:18.038431,599616300634099752,-170.00
2025-12-25 15:56:18.038431,599616300634099752,-170.00
2025-12-25 15:56:18.038431,599616300634099752,-170.00
2025-12-25 15:56:18.038431,599616300634099752,-170.00
2025-12-25 15:56:18.038431,599616300634099752,-172.00
2025-12-25 15:56:18.038431,599616300634099752,-165.00
2025-12-25 15:56:18.038431,599616300634099752,-154.00
2025-12-25 15:56:18.038431,599616300634099752,-142.00
2025-12-25 15:56:18.038431,599616300634099752,-140.00
2025-12-25 15:56:18.038431,599616300634099752,-144.00
2025-12-25 15:56:18.038431,599616300634099752,-144.00
2025-12-25 15:56:18.038431,599616300634099752,-142.00
2025-12-25 15:56:18.038431,599616300634099752,-140.00
2025-12-25 15:56:18.038431,599616300634099752,-85.00
2025-12-25 15:56:18.038431,599616300634099752,73.00
2025-12-25 15:56:18.038431,599616300634099752,177.00
2025-12-25 15:56:18.038431,599616300634099752,-48.00
2025-12-25 15:56:18.038431,599616300634099752,-393.00
2025-12-25 15:56:18.038431,599616300634099752,-429.00
2025-12-25 15:56:18.038431,599616300634099752,-298.00
2025-12-25 15:56:18.038431,599616300634099752,-248.00
2025-12-25 15:56:18.038431,599616300634099752,-193.00
2025-12-25 15:56:18.038431,599616300634099752,-133.00
2025-12-25 15:56:18.038431,599616300634099752,-131.00
2025-12-25 15:56:18.038431,599616300634099752,-137.00
2025-12-25 15:56:18.038431,599616300634099752,-126.00
2025-12-25 15:56:18.038431,599616300634099752,-124.00
2025-12-25 15:56:18.038431,599616300634099752,-128.00
2025-12-25 15:56:18.038431,599616300634099752,-124.00
2025-12-25 15:56:18.038431,599616300634099752,-117.00
2025-12-25 15:56:18.038431,599616300634099752,-114.00
2025-12-25 15:56:18.038431,599616300634099752,-110.00
2025-12-25 15:56:18.038431,599616300634099752,-108.00
2025-12-25 15:56:18.038431,599616300634099752,-105.00
2025-12-25 15:56:18.038431,599616300634099752,-98.00
2025-12-25 15:56:18.038431,599616300634099752,-96.00
2025-12-25 15:56:18.038431,599616300634099752,-96.00
2025-12-25 15:56:18.038431,599616300634099752,-85.00
2025-12-25 15:56:18.038431,599616300634099752,-73.00
2025-12-25 15:56:18.038431,599616300634099752,-66.00
2025-12-25 15:56:18.038431,599616300634099752,-64.00
2025-12-25 15:56:18.038431,599616300634099752,-64.00
2025-12-25 15:56:18.038431,599616300634099752,-64.00
2025-12-25 15:56:18.038431,599616300634099752,-73.00
2025-12-25 15:56:18.038431,599616300634099752,-78.00
2025-12-25 15:56:18.038431,599616300634099752,-75.00
2025-12-25 15:56:18.038431,599616300634099752,-80.00
2025-12-25 15:56:18.038431,599616300634099752,-94.00
2025-12-25 15:56:18.038431,599616300634099752,-105.00
2025-12-25 15:56:18.038431,599616300634099752,-119.00
2025-12-25 15:56:18.038431,599616300634099752,-135.00
2025-12-25 15:56:18.038431,599616300634099752,-147.00
2025-12-25 15:56:18.038431,599616300634099752,-149.00
2025-12-25 15:56:18.038431,599616300634099752,-151.00
2025-12-25 15:56:18.038431,599616300634099752,-154.00
2025-12-25 15:56:18.038431,599616300634099752,-154.00
2025-12-25 15:56:18.038431,599616300634099752,-149.00
2025-12-25 15:56:18.038431,599616300634099752,-151.00
2025-12-25 15:56:18.038431,599616300634099752,-149.00
2025-12-25 15:56:18.038431,599616300634099752,-144.00
2025-12-25 15:56:18.038431,599616300634099752,-140.00
2025-12-25 15:56:18.038431,599616300634099752,-142.00
2025-12-25 15:56:18.038431,599616300634099752,-144.00
2025-12-25 15:56:18.038431,599616300634099752,-144.00
2025-12-25 15:56:18.038431,599616300634099752,-144.00
2025-12-25 15:56:18.038431,599616300634099752,-142.00
2025-12-25 15:56:18.038431,599616300634099752,-144.00
2025-12-25 15:56:18.038431,599616300634099752,-144.00
2025-12-25 15:56:18.038431,599616300634099752,-142.00
2025-12-25 15:56:18.038431,599616300634099752,-142.00
2025-12-25 15:56:18.038431,599616300634099752,-140.00
2025-12-25 15:56:18.038431,599616300634099752,-135.00
2025-12-25 15:56:18.038431,599616300634099752,-140.00
2025-12-25 15:56:18.740330,599616301194923955,-147.00
2025-12-25 15:56:18.740330,599616301194923955,-147.00
2025-12-25 15:56:18.740330,599616301194923955,-147.00
2025-12-25 15:56:18.740330,599616301194923955,-142.00
2025-12-25 15:56:18.740330,599616301194923955,-135.00
2025-12-25 15:56:18.740330,599616301194923955,-119.00
2025-12-25 15:56:18.740330,599616301194923955,-108.00
2025-12-25 15:56:18.740330,599616301194923955,-114.00
2025-12-25 15:56:18.740330,599616301194923955,-133.00
2025-12-25 15:56:18.740330,599616301194923955,-135.00
2025-12-25 15:56:18.740330,599616301194923955,-131.00
2025-12-25 15:56:18.740330,599616301194923955,-137.00
2025-12-25 15:56:18.740330,599616301194923955,-137.00
2025-12-25 15:56:18.740330,599616301194923955,-133.00
2025-12-25 15:56:18.740330,599616301194923955,-142.00
2025-12-25 15:56:18.740330,599616301194923955,-142.00
2025-12-25 15:56:18.740330,599616301194923955,-137.00
2025-12-25 15:56:18.740330,599616301194923955,-137.00
2025-12-25 15:56:18.740330,599616301194923955,-135.00
2025-12-25 15:56:18.740330,599616301194923955,-137.00
2025-12-25 15:56:18.740330,599616301194923955,-149.00
2025-12-25 15:56:18.740330,599616301194923955,-147.00
2025-12-25 15:56:18.740330,599616301194923955,-94.00
2025-12-25 15:56:18.740330,599616301194923955,50.00
2025-12-25 15:56:18.740330,599616301194923955,181.00
2025-12-25 15:56:18.740330,599616301194923955,18.00
2025-12-25 15:56:18.740330,599616301194923955,-337.00
2025-12-25 15:56:18.740330,599616301194923955,-434.00
2025-12-25 15:56:18.740330,599616301194923955,-305.00
2025-12-25 15:56:18.740330,599616301194923955,-232.00
2025-12-25 15:56:18.740330,599616301194923955,-179.00
2025-12-25 15:56:18.740330,599616301194923955,-124.00
2025-12-25 15:56:18.740330,599616301194923955,-119.00
2025-12-25 15:56:18.740330,599616301194923955,-121.00
2025-12-25 15:56:18.740330,599616301194923955,-110.00
2025-12-25 15:56:18.740330,599616301194923955,-105.00
2025-12-25 15:56:18.740330,599616301194923955,-108.00
2025-12-25 15:56:18.740330,599616301194923955,-108.00
2025-12-25 15:56:18.740330,599616301194923955,-103.00
2025-12-25 15:56:18.740330,599616301194923955,-91.00
2025-12-25 15:56:18.740330,599616301194923955,-85.00
2025-12-25 15:56:18.740330,599616301194923955,-91.00
2025-12-25 15:56:18.740330,599616301194923955,-89.00
2025-12-25 15:56:18.740330,599616301194923955,-80.00
2025-12-25 15:56:18.740330,599616301194923955,-75.00
2025-12-25 15:56:18.740330,599616301194923955,-71.00
2025-12-25 15:56:18.740330,599616301194923955,-64.00
2025-12-25 15:56:18.740330,599616301194923955,-66.00
2025-12-25 15:56:18.740330,599616301194923955,-68.00
2025-12-25 15:56:18.740330,599616301194923955,-62.00
2025-12-25 15:56:18.740330,599616301194923955,-52.00
2025-12-25 15:56:18.740330,599616301194923955,-55.00
2025-12-25 15:56:18.740330,599616301194923955,-57.00
2025-12-25 15:56:18.740330,599616301194923955,-64.00
2025-12-25 15:56:18.740330,599616301194923955,-73.00
2025-12-25 15:56:18.740330,599616301194923955,-80.00
2025-12-25 15:56:18.740330,599616301194923955,-91.00
2025-12-25 15:56:18.740330,599616301194923955,-103.00
2025-12-25 15:56:18.740330,599616301194923955,-119.00
2025-12-25 15:56:18.740330,599616301194923955,-137.00
2025-12-25 15:56:18.740330,599616301194923955,-147.00
2025-12-25 15:56:18.740330,599616301194923955,-147.00
2025-12-25 15:56:18.740330,599616301194923955,-149.00
2025-12-25 15:56:18.740330,599616301194923955,-149.00
2025-12-25 15:56:18.740330,599616301194923955,-149.00
2025-12-25 15:56:18.740330,599616301194923955,-151.00
2025-12-25 15:56:18.740330,599616301194923955,-147.00
2025-12-25 15:56:18.740330,599616301194923955,-144.00
2025-12-25 15:56:18.740330,599616301194923955,-142.00
2025-12-25 15:56:18.740330,599616301194923955,-140.00
2025-12-25 15:56:18.740330,599616301194923955,-140.00
2025-12-25 15:56:18.740330,599616301194923955,-144.00
2025-12-25 15:56:18.740330,599616301194923955,-147.00
2025-12-25 15:56:19.291736,599616301755768500,-142.00
2025-12-25 15:56:19.291736,599616301755768500,-137.00
2025-12-25 15:56:19.291736,599616301755768500,-137.00
2025-12-25 15:56:19.291736,599616301755768500,-144.00
2025-12-25 15:56:19.291736,599616301755768500,-149.00
2025-12-25 15:56:19.291736,599616301755768500,-147.00
2025-12-25 15:56:19.291736,599616301755768500,-144.00
2025-12-25 15:56:19.291736,599616301755768500,-140.00
2025-12-25 15:56:19.291736,599616301755768500,-137.00
2025-12-25 15:56:19.291736,599616301755768500,-142.00
2025-12-25 15:56:19.291736,599616301755768500,-151.00
2025-12-25 15:56:19.291736,599616301755768500,-158.00
2025-12-25 15:56:19.291736,599616301755768500,-156.00
2025-12-25 15:56:19.291736,599616301755768500,-142.00
2025-12-25 15:56:19.291736,599616301755768500,-126.00
2025-12-25 15:56:19.291736,599616301755768500,-119.00
2025-12-25 15:56:19.291736,599616301755768500,-112.00
2025-12-25 15:56:19.291736,599616301755768500,-119.00
2025-12-25 15:56:19.291736,599616301755768500,-135.00
2025-12-25 15:56:19.291736,599616301755768500,-142.00
2025-12-25 15:56:19.291736,599616301755768500,-140.00
2025-12-25 15:56:19.291736,599616301755768500,-135.00
2025-12-25 15:56:19.291736,599616301755768500,-137.00
2025-12-25 15:56:19.291736,599616301755768500,-142.00
2025-12-25 15:56:19.291736,599616301755768500,-140.00
2025-12-25 15:56:19.291736,599616301755768500,-131.00
2025-12-25 15:56:19.291736,599616301755768500,-124.00
2025-12-25 15:56:19.291736,599616301755768500,-126.00
2025-12-25 15:56:19.291736,599616301755768500,-133.00
2025-12-25 15:56:19.291736,599616301755768500,-131.00
2025-12-25 15:56:19.291736,599616301755768500,-128.00
2025-12-25 15:56:19.291736,599616301755768500,-135.00
2025-12-25 15:56:19.291736,599616301755768500,-87.00
2025-12-25 15:56:19.291736,599616301755768500,75.00
2025-12-25 15:56:19.291736,599616301755768500,202.00
2025-12-25 15:56:19.291736,599616301755768500,9.00
2025-12-25 15:56:19.291736,599616301755768500,-340.00
2025-12-25 15:56:19.291736,599616301755768500,-406.00
2025-12-25 15:56:19.291736,599616301755768500,-282.00
2025-12-25 15:56:19.291736,599616301755768500,-236.00
2025-12-25 15:56:19.291736,599616301755768500,-188.00
2025-12-25 15:56:19.291736,599616301755768500,-119.00
2025-12-25 15:56:19.291736,599616301755768500,-114.00
2025-12-25 15:56:19.291736,599616301755768500,-124.00
2025-12-25 15:56:19.291736,599616301755768500,-114.00
2025-12-25 15:56:19.291736,599616301755768500,-114.00
2025-12-25 15:56:19.291736,599616301755768500,-117.00
2025-12-25 15:56:19.291736,599616301755768500,-110.00
2025-12-25 15:56:19.291736,599616301755768500,-110.00
2025-12-25 15:56:19.291736,599616301755768500,-108.00
2025-12-25 15:56:19.291736,599616301755768500,-103.00
2025-12-25 15:56:19.291736,599616301755768500,-103.00
2025-12-25 15:56:19.291736,599616301755768500,-103.00
2025-12-25 15:56:19.291736,599616301755768500,-94.00
2025-12-25 15:56:19.291736,599616301755768500,-82.00
2025-12-25 15:56:19.291736,599616301755768500,-78.00
2025-12-25 15:56:19.291736,599616301755768500,-82.00
2025-12-25 15:56:19.291736,599616301755768500,-82.00
2025-12-25 15:56:19.291736,599616301755768500,-75.00
2025-12-25 15:56:19.291736,599616301755768500,-71.00
2025-12-25 15:56:19.291736,599616301755768500,-71.00
2025-12-25 15:56:19.291736,599616301755768500,-78.00
2025-12-25 15:56:19.291736,599616301755768500,-73.00
2025-12-25 15:56:19.291736,599616301755768500,-68.00
2025-12-25 15:56:19.291736,599616301755768500,-85.00
2025-12-25 15:56:19.291736,599616301755768500,-96.00
2025-12-25 15:56:19.291736,599616301755768500,-96.00
2025-12-25 15:56:19.291736,599616301755768500,-112.00
2025-12-25 15:56:19.291736,599616301755768500,-140.00
2025-12-25 15:56:19.291736,599616301755768500,-158.00
2025-12-25 15:56:19.291736,599616301755768500,-163.00
2025-12-25 15:56:19.291736,599616301755768500,-163.00
2025-12-25 15:56:19.291736,599616301755768500,-170.00
2025-12-25 15:56:19.742995,599616302316602871,-174.00
2025-12-25 15:56:19.742995,599616302316602871,-165.00
2025-12-25 15:56:19.742995,599616302316602871,-160.00
2025-12-25 15:56:19.742995,599616302316602871,-165.00
2025-12-25 15:56:19.742995,599616302316602871,-165.00
2025-12-25 15:56:19.742995,599616302316602871,-156.00
2025-12-25 15:56:19.742995,599616302316602871,-156.00
2025-12-25 15:56:19.742995,599616302316602871,-151.00
2025-12-25 15:56:19.742995,599616302316602871,-144.00
2025-12-25 15:56:19.742995,599616302316602871,-149.00
2025-12-25 15:56:19.742995,599616302316602871,-156.00
2025-12-25 15:56:19.742995,599616302316602871,-151.00
2025-12-25 15:56:19.742995,599616302316602871,-142.00
2025-12-25 15:56:19.742995,599616302316602871,-144.00
2025-12-25 15:56:19.742995,599616302316602871,-149.00
2025-12-25 15:56:19.742995,599616302316602871,-149.00
2025-12-25 15:56:19.742995,599616302316602871,-144.00
2025-12-25 15:56:19.742995,599616302316602871,-135.00
2025-12-25 15:56:19.742995,599616302316602871,-142.00
2025-12-25 15:56:19.742995,599616302316602871,-142.00
2025-12-25 15:56:19.742995,599616302316602871,-137.00
2025-12-25 15:56:19.742995,599616302316602871,-147.00
2025-12-25 15:56:19.742995,599616302316602871,-137.00
2025-12-25 15:56:19.742995,599616302316602871,-117.00
2025-12-25 15:56:19.742995,599616302316602871,-108.00
2025-12-25 15:56:19.742995,599616302316602871,-101.00
2025-12-25 15:56:19.742995,599616302316602871,-103.00
2025-12-25 15:56:19.742995,599616302316602871,-119.00
2025-12-25 15:56:19.742995,599616302316602871,-126.00
2025-12-25 15:56:19.742995,599616302316602871,-128.00
2025-12-25 15:56:19.742995,599616302316602871,-133.00
2025-12-25 15:56:19.742995,599616302316602871,-133.00
2025-12-25 15:56:19.742995,599616302316602871,-133.00
2025-12-25 15:56:19.742995,599616302316602871,-131.00
2025-12-25 15:56:19.742995,599616302316602871,-126.00
2025-12-25 15:56:19.742995,599616302316602871,-135.00
2025-12-25 15:56:19.742995,599616302316602871,-140.00
2025-12-25 15:56:19.742995,599616302316602871,-135.00
2025-12-25 15:56:19.742995,599616302316602871,-137.00
2025-12-25 15:56:19.742995,599616302316602871,-147.00
2025-12-25 15:56:19.742995,599616302316602871,-133.00
2025-12-25 15:56:19.742995,599616302316602871,-45.00
2025-12-25 15:56:19.742995,599616302316602871,135.00
2025-12-25 15:56:19.742995,599616302316602871,174.00
2025-12-25 15:56:19.742995,599616302316602871,-137.00
2025-12-25 15:56:19.742995,599616302316602871,-432.00
2025-12-25 15:56:19.742995,599616302316602871,-379.00
2025-12-25 15:56:19.742995,599616302316602871,-273.00
2025-12-25 15:56:19.742995,599616302316602871,-250.00
2025-12-25 15:56:19.742995,599616302316602871,-174.00
2025-12-25 15:56:19.742995,599616302316602871,-121.00
2025-12-25 15:56:19.742995,599616302316602871,-133.00
2025-12-25 15:56:19.742995,599616302316602871,-128.00
2025-12-25 15:56:19.742995,599616302316602871,-119.00
2025-12-25 15:56:19.742995,599616302316602871,-126.00
2025-12-25 15:56:19.742995,599616302316602871,-119.00
2025-12-25 15:56:19.742995,599616302316602871,-114.00
2025-12-25 15:56:19.742995,599616302316602871,-119.00
2025-12-25 15:56:19.742995,599616302316602871,-119.00
2025-12-25 15:56:19.742995,599616302316602871,-114.00
2025-12-25 15:56:19.742995,599616302316602871,-112.00
2025-12-25 15:56:19.742995,599616302316602871,-110.00
2025-12-25 15:56:19.742995,599616302316602871,-108.00
2025-12-25 15:56:19.742995,599616302316602871,-110.00
2025-12-25 15:56:19.742995,599616302316602871,-110.00
2025-12-25 15:56:19.742995,599616302316602871,-98.00
2025-12-25 15:56:19.742995,599616302316602871,-87.00
2025-12-25 15:56:19.742995,599616302316602871,-87.00
2025-12-25 15:56:19.742995,599616302316602871,-87.00
2025-12-25 15:56:19.742995,599616302316602871,-82.00
2025-12-25 15:56:19.742995,599616302316602871,-80.00
2025-12-25 15:56:19.742995,599616302316602871,-82.00
2025-12-25 15:56:19.742995,599616302316602871,-96.00
2025-12-25 15:56:20.294746,599616302877437244,-103.00
2025-12-25 15:56:20.294746,599616302877437244,-105.00
2025-12-25 15:56:20.294746,599616302877437244,-121.00
2025-12-25 15:56:20.294746,599616302877437244,-142.00
2025-12-25 15:56:20.294746,599616302877437244,-158.00
2025-12-25 15:56:20.294746,599616302877437244,-172.00
2025-12-25 15:56:20.294746,599616302877437244,-181.00
2025-12-25 15:56:20.294746,599616302877437244,-181.00
2025-12-25 15:56:20.294746,599616302877437244,-174.00
2025-12-25 15:56:20.294746,599616302877437244,-170.00
2025-12-25 15:56:20.294746,599616302877437244,-174.00
2025-12-25 15:56:20.294746,599616302877437244,-172.00
2025-12-25 15:56:20.294746,599616302877437244,-160.00
2025-12-25 15:56:20.294746,599616302877437244,-158.00
2025-12-25 15:56:20.294746,599616302877437244,-160.00
2025-12-25 15:56:20.294746,599616302877437244,-154.00
2025-12-25 15:56:20.294746,599616302877437244,-151.00
2025-12-25 15:56:20.294746,599616302877437244,-144.00
2025-12-25 15:56:20.294746,599616302877437244,-137.00
2025-12-25 15:56:20.294746,599616302877437244,-140.00
2025-12-25 15:56:20.294746,599616302877437244,-147.00
2025-12-25 15:56:20.294746,599616302877437244,-147.00
2025-12-25 15:56:20.294746,599616302877437244,-147.00
2025-12-25 15:56:20.294746,599616302877437244,-149.00
2025-12-25 15:56:20.294746,599616302877437244,-151.00
2025-12-25 15:56:20.294746,599616302877437244,-158.00
2025-12-25 15:56:20.294746,599616302877437244,-163.00
2025-12-25 15:56:20.294746,599616302877437244,-160.00
2025-12-25 15:56:20.294746,599616302877437244,-158.00
2025-12-25 15:56:20.294746,599616302877437244,-158.00
2025-12-25 15:56:20.294746,599616302877437244,-154.00
2025-12-25 15:56:20.294746,599616302877437244,-140.00
2025-12-25 15:56:20.294746,599616302877437244,-135.00
2025-12-25 15:56:20.294746,599616302877437244,-142.00
2025-12-25 15:56:20.294746,599616302877437244,-154.00
2025-12-25 15:56:20.294746,599616302877437244,-151.00
2025-12-25 15:56:20.294746,599616302877437244,-151.00
2025-12-25 15:56:20.294746,599616302877437244,-160.00
2025-12-25 15:56:20.294746,599616302877437244,-163.00
2025-12-25 15:56:20.294746,599616302877437244,-160.00
2025-12-25 15:56:20.294746,599616302877437244,-160.00
2025-12-25 15:56:20.294746,599616302877437244,-160.00
2025-12-25 15:56:20.294746,599616302877437244,-158.00
2025-12-25 15:56:20.294746,599616302877437244,-154.00
2025-12-25 15:56:20.294746,599616302877437244,-151.00
2025-12-25 15:56:20.294746,599616302877437244,-158.00
2025-12-25 15:56:20.294746,599616302877437244,-163.00
2025-12-25 15:56:20.294746,599616302877437244,-140.00
2025-12-25 15:56:20.294746,599616302877437244,-25.00
2025-12-25 15:56:20.294746,599616302877437244,163.00
2025-12-25 15:56:20.294746,599616302877437244,133.00
2025-12-25 15:56:20.294746,599616302877437244,-236.00
2025-12-25 15:56:20.294746,599616302877437244,-487.00
2025-12-25 15:56:20.294746,599616302877437244,-393.00
2025-12-25 15:56:20.294746,599616302877437244,-278.00
2025-12-25 15:56:20.294746,599616302877437244,-234.00
2025-12-25 15:56:20.294746,599616302877437244,-167.00
2025-12-25 15:56:20.294746,599616302877437244,-140.00
2025-12-25 15:56:20.294746,599616302877437244,-154.00
2025-12-25 15:56:20.294746,599616302877437244,-149.00
2025-12-25 15:56:20.294746,599616302877437244,-135.00
2025-12-25 15:56:20.294746,599616302877437244,-128.00
2025-12-25 15:56:20.294746,599616302877437244,-128.00
2025-12-25 15:56:20.294746,599616302877437244,-131.00
2025-12-25 15:56:20.294746,599616302877437244,-131.00
2025-12-25 15:56:20.294746,599616302877437244,-124.00
2025-12-25 15:56:20.294746,599616302877437244,-117.00
2025-12-25 15:56:20.294746,599616302877437244,-112.00
2025-12-25 15:56:20.294746,599616302877437244,-112.00
2025-12-25 15:56:20.294746,599616302877437244,-110.00
2025-12-25 15:56:20.294746,599616302877437244,-110.00
2025-12-25 15:56:20.294746,599616302877437244,-110.00
2025-12-25 15:56:20.294746,599616302877437244,-101.00
2025-12-25 15:56:20.896501,599616303438281787,-91.00
2025-12-25 15:56:20.896501,599616303438281787,-91.00
2025-12-25 15:56:20.896501,599616303438281787,-94.00
2025-12-25 15:56:20.896501,599616303438281787,-87.00
2025-12-25 15:56:20.896501,599616303438281787,-80.00
2025-12-25 15:56:20.896501,599616303438281787,-75.00
2025-12-25 15:56:20.896501,599616303438281787,-75.00
2025-12-25 15:56:20.896501,599616303438281787,-85.00
2025-12-25 15:56:20.896501,599616303438281787,-98.00
2025-12-25 15:56:20.896501,599616303438281787,-114.00
2025-12-25 15:56:20.896501,599616303438281787,-126.00
2025-12-25 15:56:20.896501,599616303438281787,-131.00
2025-12-25 15:56:20.896501,599616303438281787,-144.00
2025-12-25 15:56:20.896501,599616303438281787,-165.00
2025-12-25 15:56:20.896501,599616303438281787,-174.00
2025-12-25 15:56:20.896501,599616303438281787,-170.00
2025-12-25 15:56:20.896501,599616303438281787,-172.00
2025-12-25 15:56:20.896501,599616303438281787,-172.00
2025-12-25 15:56:20.896501,599616303438281787,-160.00
2025-12-25 15:56:20.896501,599616303438281787,-149.00
2025-12-25 15:56:20.896501,599616303438281787,-149.00
2025-12-25 15:56:20.896501,599616303438281787,-151.00
2025-12-25 15:56:20.896501,599616303438281787,-144.00
2025-12-25 15:56:20.896501,599616303438281787,-140.00
2025-12-25 15:56:20.896501,599616303438281787,-137.00
2025-12-25 15:56:20.896501,599616303438281787,-137.00
2025-12-25 15:56:20.896501,599616303438281787,-142.00
2025-12-25 15:56:20.896501,599616303438281787,-144.00
2025-12-25 15:56:20.896501,599616303438281787,-140.00
2025-12-25 15:56:20.896501,599616303438281787,-137.00
2025-12-25 15:56:20.896501,599616303438281787,-140.00
2025-12-25 15:56:20.896501,599616303438281787,-144.00
2025-12-25 15:56:20.896501,599616303438281787,-149.00
2025-12-25 15:56:20.896501,599616303438281787,-149.00
2025-12-25 15:56:20.896501,599616303438281787,-149.00
2025-12-25 15:56:20.896501,599616303438281787,-144.00
2025-12-25 15:56:20.896501,599616303438281787,-133.00
2025-12-25 15:56:20.896501,599616303438281787,-126.00
2025-12-25 15:56:20.896501,599616303438281787,-128.00
2025-12-25 15:56:20.896501,599616303438281787,-142.00
2025-12-25 15:56:20.896501,599616303438281787,-154.00
2025-12-25 15:56:20.896501,599616303438281787,-154.00
2025-12-25 15:56:20.896501,599616303438281787,-154.00
2025-12-25 15:56:20.896501,599616303438281787,-154.00
2025-12-25 15:56:20.896501,599616303438281787,-154.00
2025-12-25 15:56:20.896501,599616303438281787,-154.00
2025-12-25 15:56:20.896501,599616303438281787,-156.00
2025-12-25 15:56:20.896501,599616303438281787,-158.00
2025-12-25 15:56:20.896501,599616303438281787,-158.00
2025-12-25 15:56:20.896501,599616303438281787,-156.00
2025-12-25 15:56:20.896501,599616303438281787,-156.00
2025-12-25 15:56:20.896501,599616303438281787,-160.00
2025-12-25 15:56:20.896501,599616303438281787,-156.00
2025-12-25 15:56:20.896501,599616303438281787,-112.00
2025-12-25 15:56:20.896501,599616303438281787,13.00
2025-12-25 15:56:20.896501,599616303438281787,177.00
2025-12-25 15:56:20.896501,599616303438281787,82.00
2025-12-25 15:56:20.896501,599616303438281787,-298.00
2025-12-25 15:56:20.896501,599616303438281787,-482.00
2025-12-25 15:56:20.896501,599616303438281787,-356.00
2025-12-25 15:56:20.896501,599616303438281787,-259.00
2025-12-25 15:56:20.896501,599616303438281787,-220.00
2025-12-25 15:56:20.896501,599616303438281787,-149.00
2025-12-25 15:56:20.896501,599616303438281787,-126.00
2025-12-25 15:56:20.896501,599616303438281787,-140.00
2025-12-25 15:56:20.896501,599616303438281787,-126.00
2025-12-25 15:56:20.896501,599616303438281787,-114.00
2025-12-25 15:56:20.896501,599616303438281787,-119.00
2025-12-25 15:56:20.896501,599616303438281787,-119.00
2025-12-25 15:56:20.896501,599616303438281787,-112.00
2025-12-25 15:56:20.896501,599616303438281787,-108.00
2025-12-25 15:56:20.896501,599616303438281787,-105.00
2025-12-25 15:56:20.896501,599616303438281787,-105.00
2025-12-25 15:56:21.448095,599616303999105988,-101.00
2025-12-25 15:56:21.448095,599616303999105988,-96.00
2025-12-25 15:56:21.448095,599616303999105988,-91.00
2025-12-25 15:56:21.448095,599616303999105988,-87.00
2025-12-25 15:56:21.448095,599616303999105988,-85.00
2025-12-25 15:56:21.448095,599616303999105988,-78.00
2025-12-25 15:56:21.448095,599616303999105988,-75.00
2025-12-25 15:56:21.448095,599616303999105988,-75.00
2025-12-25 15:56:21.448095,599616303999105988,-64.00
2025-12-25 15:56:21.448095,599616303999105988,-52.00
2025-12-25 15:56:21.448095,599616303999105988,-45.00
2025-12-25 15:56:21.448095,599616303999105988,-55.00
2025-12-25 15:56:21.448095,599616303999105988,-75.00
2025-12-25 15:56:21.448095,599616303999105988,-85.00
2025-12-25 15:56:21.448095,599616303999105988,-73.00
2025-12-25 15:56:21.448095,599616303999105988,-78.00
2025-12-25 15:56:21.448095,599616303999105988,-98.00
2025-12-25 15:56:21.448095,599616303999105988,-114.00
2025-12-25 15:56:21.448095,599616303999105988,-128.00
2025-12-25 15:56:21.448095,599616303999105988,-140.00
2025-12-25 15:56:21.448095,599616303999105988,-140.00
2025-12-25 15:56:21.448095,599616303999105988,-137.00
2025-12-25 15:56:21.448095,599616303999105988,-142.00
2025-12-25 15:56:21.448095,599616303999105988,-140.00
2025-12-25 15:56:21.448095,599616303999105988,-137.00
2025-12-25 15:56:21.448095,599616303999105988,-137.00
2025-12-25 15:56:21.448095,599616303999105988,-135.00
2025-12-25 15:56:21.448095,599616303999105988,-137.00
2025-12-25 15:56:21.448095,599616303999105988,-140.00
2025-12-25 15:56:21.448095,599616303999105988,-128.00
2025-12-25 15:56:21.448095,599616303999105988,-121.00
2025-12-25 15:56:21.448095,599616303999105988,-133.00
2025-12-25 15:56:21.448095,599616303999105988,-135.00
2025-12-25 15:56:21.448095,599616303999105988,-124.00
2025-12-25 15:56:21.448095,599616303999105988,-124.00
2025-12-25 15:56:21.448095,599616303999105988,-137.00
2025-12-25 15:56:21.448095,599616303999105988,-135.00
2025-12-25 15:56:21.448095,599616303999105988,-126.00
2025-12-25 15:56:21.448095,599616303999105988,-133.00
2025-12-25 15:56:21.448095,599616303999105988,-140.00
2025-12-25 15:56:21.448095,599616303999105988,-135.00
2025-12-25 15:56:21.448095,599616303999105988,-128.00
2025-12-25 15:56:21.448095,599616303999105988,-124.00
2025-12-25 15:56:21.448095,599616303999105988,-112.00
2025-12-25 15:56:21.448095,599616303999105988,-112.00
2025-12-25 15:56:21.448095,599616303999105988,-133.00
2025-12-25 15:56:21.448095,599616303999105988,-142.00
2025-12-25 15:56:21.448095,599616303999105988,-140.00
2025-12-25 15:56:21.448095,599616303999105988,-140.00
2025-12-25 15:56:21.448095,599616303999105988,-140.00
2025-12-25 15:56:21.448095,599616303999105988,-140.00
2025-12-25 15:56:21.448095,599616303999105988,-140.00
2025-12-25 15:56:21.448095,599616303999105988,-140.00
2025-12-25 15:56:21.448095,599616303999105988,-135.00
2025-12-25 15:56:21.448095,599616303999105988,-137.00
2025-12-25 15:56:21.448095,599616303999105988,-137.00
2025-12-25 15:56:21.448095,599616303999105988,-144.00
2025-12-25 15:56:21.448095,599616303999105988,-149.00
2025-12-25 15:56:21.448095,599616303999105988,-140.00
2025-12-25 15:56:21.448095,599616303999105988,-66.00
2025-12-25 15:56:21.448095,599616303999105988,103.00
2025-12-25 15:56:21.448095,599616303999105988,190.00
2025-12-25 15:56:21.448095,599616303999105988,-75.00
2025-12-25 15:56:21.448095,599616303999105988,-427.00
2025-12-25 15:56:21.448095,599616303999105988,-427.00
2025-12-25 15:56:21.448095,599616303999105988,-282.00
2025-12-25 15:56:21.448095,599616303999105988,-236.00
2025-12-25 15:56:21.448095,599616303999105988,-179.00
2025-12-25 15:56:21.448095,599616303999105988,-112.00
2025-12-25 15:56:21.448095,599616303999105988,-119.00
2025-12-25 15:56:21.448095,599616303999105988,-135.00
2025-12-25 15:56:21.448095,599616303999105988,-117.00
2025-12-25 15:56:21.448095,599616303999105988,-105.00
2025-12-25 15:56:21.999425,599616304559930189,-110.00
2025-12-25 15:56:21.999425,599616304559930189,-110.00
2025-12-25 15:56:21.999425,599616304559930189,-105.00
2025-12-25 15:56:21.999425,599616304559930189,-101.00
2025-12-25 15:56:21.999425,599616304559930189,-103.00
2025-12-25 15:56:21.999425,599616304559930189,-96.00
2025-12-25 15:56:21.999425,599616304559930189,-75.00
2025-12-25 15:56:21.999425,599616304559930189,-68.00
2025-12-25 15:56:21.999425,599616304559930189,-75.00
2025-12-25 15:56:21.999425,599616304559930189,-80.00
2025-12-25 15:56:21.999425,599616304559930189,-68.00
2025-12-25 15:56:21.999425,599616304559930189,-52.00
2025-12-25 15:56:21.999425,599616304559930189,-50.00
2025-12-25 15:56:21.999425,599616304559930189,-45.00
2025-12-25 15:56:21.999425,599616304559930189,-45.00
2025-12-25 15:56:21.999425,599616304559930189,-48.00
2025-12-25 15:56:21.999425,599616304559930189,-50.00
2025-12-25 15:56:21.999425,599616304559930189,-57.00
2025-12-25 15:56:21.999425,599616304559930189,-64.00
2025-12-25 15:56:21.999425,599616304559930189,-73.00
2025-12-25 15:56:21.999425,599616304559930189,-89.00
2025-12-25 15:56:21.999425,599616304559930189,-108.00
2025-12-25 15:56:21.999425,599616304559930189,-121.00
2025-12-25 15:56:21.999425,599616304559930189,-137.00
2025-12-25 15:56:21.999425,599616304559930189,-147.00
2025-12-25 15:56:21.999425,599616304559930189,-154.00
2025-12-25 15:56:21.999425,599616304559930189,-163.00
2025-12-25 15:56:21.999425,599616304559930189,-163.00
2025-12-25 15:56:21.999425,599616304559930189,-158.00
2025-12-25 15:56:21.999425,599616304559930189,-160.00
2025-12-25 15:56:21.999425,599616304559930189,-160.00
2025-12-25 15:56:21.999425,599616304559930189,-160.00
2025-12-25 15:56:21.999425,599616304559930189,-160.00
2025-12-25 15:56:21.999425,599616304559930189,-154.00
2025-12-25 15:56:21.999425,599616304559930189,-154.00
2025-12-25 15:56:21.999425,599616304559930189,-160.00
2025-12-25 15:56:21.999425,599616304559930189,-156.00
2025-12-25 15:56:21.999425,599616304559930189,-151.00
2025-12-25 15:56:21.999425,599616304559930189,-156.00
2025-12-25 15:56:21.999425,599616304559930189,-154.00
2025-12-25 15:56:21.999425,599616304559930189,-147.00
2025-12-25 15:56:21.999425,599616304559930189,-144.00
2025-12-25 15:56:21.999425,599616304559930189,-144.00
2025-12-25 15:56:21.999425,599616304559930189,-149.00
2025-12-25 15:56:21.999425,599616304559930189,-149.00
2025-12-25 15:56:21.999425,599616304559930189,-151.00
2025-12-25 15:56:21.999425,599616304559930189,-149.00
2025-12-25 15:56:21.999425,599616304559930189,-133.00
2025-12-25 15:56:21.999425,599616304559930189,-124.00
2025-12-25 15:56:21.999425,599616304559930189,-133.00
2025-12-25 15:56:21.999425,599616304559930189,-147.00
2025-12-25 15:56:21.999425,599616304559930189,-151.00
2025-12-25 15:56:21.999425,599616304559930189,-156.00
2025-12-25 15:56:21.999425,599616304559930189,-156.00
2025-12-25 15:56:21.999425,599616304559930189,-158.00
2025-12-25 15:56:21.999425,599616304559930189,-160.00
2025-12-25 15:56:21.999425,599616304559930189,-156.00
2025-12-25 15:56:21.999425,599616304559930189,-156.00
2025-12-25 15:56:21.999425,599616304559930189,-158.00
2025-12-25 15:56:21.999425,599616304559930189,-151.00
2025-12-25 15:56:21.999425,599616304559930189,-149.00
2025-12-25 15:56:21.999425,599616304559930189,-142.00
2025-12-25 15:56:21.999425,599616304559930189,-142.00
2025-12-25 15:56:21.999425,599616304559930189,-156.00
2025-12-25 15:56:21.999425,599616304559930189,-114.00
2025-12-25 15:56:21.999425,599616304559930189,48.00
2025-12-25 15:56:21.999425,599616304559930189,183.00
2025-12-25 15:56:21.999425,599616304559930189,-4.00
2025-12-25 15:56:21.999425,599616304559930189,-358.00
2025-12-25 15:56:21.999425,599616304559930189,-429.00
2025-12-25 15:56:21.999425,599616304559930189,-310.00
2025-12-25 15:56:21.999425,599616304559930189,-262.00
2025-12-25 15:56:21.999425,599616304559930189,-202.00
2025-12-25 15:56:22.735516,599616305120774734,-131.00
2025-12-25 15:56:22.735516,599616305120774734,-135.00
2025-12-25 15:56:22.735516,599616305120774734,-140.00
2025-12-25 15:56:22.735516,599616305120774734,-112.00
2025-12-25 15:56:22.735516,599616305120774734,-112.00
2025-12-25 15:56:22.735516,599616305120774734,-133.00
2025-12-25 15:56:22.735516,599616305120774734,-131.00
2025-12-25 15:56:22.735516,599616305120774734,-117.00
2025-12-25 15:56:22.735516,599616305120774734,-110.00
2025-12-25 15:56:22.735516,599616305120774734,-105.00
2025-12-25 15:56:22.735516,599616305120774734,-96.00
2025-12-25 15:56:22.735516,599616305120774734,-87.00
2025-12-25 15:56:22.735516,599616305120774734,-87.00
2025-12-25 15:56:22.735516,599616305120774734,-91.00
2025-12-25 15:56:22.735516,599616305120774734,-87.00
2025-12-25 15:56:22.735516,599616305120774734,-82.00
2025-12-25 15:56:22.735516,599616305120774734,-85.00
2025-12-25 15:56:22.735516,599616305120774734,-85.00
2025-12-25 15:56:22.735516,599616305120774734,-78.00
2025-12-25 15:56:22.735516,599616305120774734,-73.00
2025-12-25 15:56:22.735516,599616305120774734,-73.00
2025-12-25 15:56:22.735516,599616305120774734,-80.00
2025-12-25 15:56:22.735516,599616305120774734,-91.00
2025-12-25 15:56:22.735516,599616305120774734,-89.00
2025-12-25 15:56:22.735516,599616305120774734,-98.00
2025-12-25 15:56:22.735516,599616305120774734,-133.00
2025-12-25 15:56:22.735516,599616305120774734,-181.00
2025-12-25 15:56:22.735516,599616305120774734,-218.00
2025-12-25 15:56:22.735516,599616305120774734,-225.00
2025-12-25 15:56:22.735516,599616305120774734,-200.00
2025-12-25 15:56:22.735516,599616305120774734,-135.00
2025-12-25 15:56:22.735516,599616305120774734,-117.00
2025-12-25 15:56:22.735516,599616305120774734,-170.00
2025-12-25 15:56:22.735516,599616305120774734,-165.00
2025-12-25 15:56:22.735516,599616305120774734,-126.00
2025-12-25 15:56:22.735516,599616305120774734,-131.00
2025-12-25 15:56:22.735516,599616305120774734,-137.00
2025-12-25 15:56:22.735516,599616305120774734,-128.00
2025-12-25 15:56:22.735516,599616305120774734,-137.00
2025-12-25 15:56:22.735516,599616305120774734,-147.00
2025-12-25 15:56:22.735516,599616305120774734,-147.00
2025-12-25 15:56:22.735516,599616305120774734,-144.00
2025-12-25 15:56:22.735516,599616305120774734,-142.00
2025-12-25 15:56:22.735516,599616305120774734,-149.00
2025-12-25 15:56:22.735516,599616305120774734,-151.00
2025-12-25 15:56:22.735516,599616305120774734,-144.00
2025-12-25 15:56:22.735516,599616305120774734,-142.00
2025-12-25 15:56:22.735516,599616305120774734,-137.00
2025-12-25 15:56:22.735516,599616305120774734,-133.00
2025-12-25 15:56:22.735516,599616305120774734,-142.00
2025-12-25 15:56:22.735516,599616305120774734,-140.00
2025-12-25 15:56:22.735516,599616305120774734,-126.00
2025-12-25 15:56:22.735516,599616305120774734,-124.00
2025-12-25 15:56:22.735516,599616305120774734,-126.00
2025-12-25 15:56:22.735516,599616305120774734,-117.00
2025-12-25 15:56:22.735516,599616305120774734,-114.00
2025-12-25 15:56:22.735516,599616305120774734,-144.00
2025-12-25 15:56:22.735516,599616305120774734,-154.00
2025-12-25 15:56:22.735516,599616305120774734,-131.00
2025-12-25 15:56:22.735516,599616305120774734,-144.00
2025-12-25 15:56:22.735516,599616305120774734,-163.00
2025-12-25 15:56:22.735516,599616305120774734,-149.00
2025-12-25 15:56:22.735516,599616305120774734,-156.00
2025-12-25 15:56:22.735516,599616305120774734,-167.00
2025-12-25 15:56:22.735516,599616305120774734,-137.00
2025-12-25 15:56:22.735516,599616305120774734,-131.00
2025-12-25 15:56:22.735516,599616305120774734,-158.00
2025-12-25 15:56:22.735516,599616305120774734,-160.00
2025-12-25 15:56:22.735516,599616305120774734,-154.00
2025-12-25 15:56:22.735516,599616305120774734,-140.00
2025-12-25 15:56:22.735516,599616305120774734,-43.00
2025-12-25 15:56:22.735516,599616305120774734,117.00
2025-12-25 15:56:22.735516,599616305120774734,114.00
2025-12-25 15:56:23.137980,599616305681609105,-154.00
2025-12-25 15:56:23.137980,599616305681609105,-379.00
2025-12-25 15:56:23.137980,599616305681609105,-354.00
2025-12-25 15:56:23.137980,599616305681609105,-271.00
2025-12-25 15:56:23.137980,599616305681609105,-229.00
2025-12-25 15:56:23.137980,599616305681609105,-170.00
2025-12-25 15:56:23.137980,599616305681609105,-110.00
2025-12-25 15:56:23.137980,599616305681609105,-103.00
2025-12-25 15:56:23.137980,599616305681609105,-119.00
2025-12-25 15:56:23.137980,599616305681609105,-114.00
2025-12-25 15:56:23.137980,599616305681609105,-105.00
2025-12-25 15:56:23.137980,599616305681609105,-114.00
2025-12-25 15:56:23.137980,599616305681609105,-105.00
2025-12-25 15:56:23.137980,599616305681609105,-82.00
2025-12-25 15:56:23.137980,599616305681609105,-87.00
2025-12-25 15:56:23.137980,599616305681609105,-110.00
2025-12-25 15:56:23.137980,599616305681609105,-110.00
2025-12-25 15:56:23.137980,599616305681609105,-87.00
2025-12-25 15:56:23.137980,599616305681609105,-78.00
2025-12-25 15:56:23.137980,599616305681609105,-91.00
2025-12-25 15:56:23.137980,599616305681609105,-78.00
2025-12-25 15:56:23.137980,599616305681609105,-55.00
2025-12-25 15:56:23.137980,599616305681609105,-62.00
2025-12-25 15:56:23.137980,599616305681609105,-55.00
2025-12-25 15:56:23.137980,599616305681609105,-32.00
2025-12-25 15:56:23.137980,599616305681609105,-32.00
2025-12-25 15:56:23.137980,599616305681609105,-45.00
2025-12-25 15:56:23.137980,599616305681609105,-43.00
2025-12-25 15:56:23.137980,599616305681609105,-41.00
2025-12-25 15:56:23.137980,599616305681609105,-43.00
2025-12-25 15:56:23.137980,599616305681609105,-48.00
2025-12-25 15:56:23.137980,599616305681609105,-59.00
2025-12-25 15:56:23.137980,599616305681609105,-82.00
2025-12-25 15:56:23.137980,599616305681609105,-105.00
2025-12-25 15:56:23.137980,599616305681609105,-126.00
2025-12-25 15:56:23.137980,599616305681609105,-131.00
2025-12-25 15:56:23.137980,599616305681609105,-128.00
2025-12-25 15:56:23.137980,599616305681609105,-133.00
2025-12-25 15:56:23.137980,599616305681609105,-137.00
2025-12-25 15:56:23.137980,599616305681609105,-144.00
2025-12-25 15:56:23.137980,599616305681609105,-151.00
2025-12-25 15:56:23.137980,599616305681609105,-142.00
2025-12-25 15:56:23.137980,599616305681609105,-131.00
2025-12-25 15:56:23.137980,599616305681609105,-140.00
2025-12-25 15:56:23.137980,599616305681609105,-147.00
2025-12-25 15:56:23.137980,599616305681609105,-142.00
2025-12-25 15:56:23.137980,599616305681609105,-135.00
2025-12-25 15:56:23.137980,599616305681609105,-131.00
2025-12-25 15:56:23.137980,599616305681609105,-142.00
2025-12-25 15:56:23.137980,599616305681609105,-147.00
2025-12-25 15:56:23.137980,599616305681609105,-137.00
2025-12-25 15:56:23.137980,599616305681609105,-140.00
2025-12-25 15:56:23.137980,599616305681609105,-151.00
2025-12-25 15:56:23.137980,599616305681609105,-156.00
2025-12-25 15:56:23.137980,599616305681609105,-149.00
2025-12-25 15:56:23.137980,599616305681609105,-144.00
2025-12-25 15:56:23.137980,599616305681609105,-137.00
2025-12-25 15:56:23.137980,599616305681609105,-131.00
2025-12-25 15:56:23.137980,599616305681609105,-131.00
2025-12-25 15:56:23.137980,599616305681609105,-135.00
2025-12-25 15:56:23.137980,599616305681609105,-142.00
2025-12-25 15:56:23.137980,599616305681609105,-151.00
2025-12-25 15:56:23.137980,599616305681609105,-163.00
2025-12-25 15:56:23.137980,599616305681609105,-165.00
2025-12-25 15:56:23.137980,599616305681609105,-165.00
2025-12-25 15:56:23.137980,599616305681609105,-165.00
2025-12-25 15:56:23.137980,599616305681609105,-172.00
2025-12-25 15:56:23.137980,599616305681609105,-174.00
2025-12-25 15:56:23.137980,599616305681609105,-165.00
2025-12-25 15:56:23.137980,599616305681609105,-163.00
2025-12-25 15:56:23.137980,599616305681609105,-174.00
2025-12-25 15:56:23.137980,599616305681609105,-188.00
2025-12-25 15:56:23.137980,599616305681609105,-172.00
2025-12-25 15:56:23.689724,599616306242443478,-94.00
2025-12-25 15:56:23.689724,599616306242443478,78.00
2025-12-25 15:56:23.689724,599616306242443478,147.00
2025-12-25 15:56:23.689724,599616306242443478,-124.00
2025-12-25 15:56:23.689724,599616306242443478,-441.00
2025-12-25 15:56:23.689724,599616306242443478,-427.00
2025-12-25 15:56:23.689724,599616306242443478,-319.00
2025-12-25 15:56:23.689724,599616306242443478,-298.00
2025-12-25 15:56:23.689724,599616306242443478,-229.00
2025-12-25 15:56:23.689724,599616306242443478,-154.00
2025-12-25 15:56:23.689724,599616306242443478,-156.00
2025-12-25 15:56:23.689724,599616306242443478,-160.00
2025-12-25 15:56:23.689724,599616306242443478,-140.00
2025-12-25 15:56:23.689724,599616306242443478,-133.00
2025-12-25 15:56:23.689724,599616306242443478,-140.00
2025-12-25 15:56:23.689724,599616306242443478,-135.00
2025-12-25 15:56:23.689724,599616306242443478,-126.00
2025-12-25 15:56:23.689724,599616306242443478,-128.00
2025-12-25 15:56:23.689724,599616306242443478,-131.00
2025-12-25 15:56:23.689724,599616306242443478,-128.00
2025-12-25 15:56:23.689724,599616306242443478,-128.00
2025-12-25 15:56:23.689724,599616306242443478,-126.00
2025-12-25 15:56:23.689724,599616306242443478,-114.00
2025-12-25 15:56:23.689724,599616306242443478,-110.00
2025-12-25 15:56:23.689724,599616306242443478,-108.00
2025-12-25 15:56:23.689724,599616306242443478,-110.00
2025-12-25 15:56:23.689724,599616306242443478,-110.00
2025-12-25 15:56:23.689724,599616306242443478,-105.00
2025-12-25 15:56:23.689724,599616306242443478,-103.00
2025-12-25 15:56:23.689724,599616306242443478,-103.00
2025-12-25 15:56:23.689724,599616306242443478,-105.00
2025-12-25 15:56:23.689724,599616306242443478,-112.00
2025-12-25 15:56:23.689724,599616306242443478,-119.00
2025-12-25 15:56:23.689724,599616306242443478,-131.00
2025-12-25 15:56:23.689724,599616306242443478,-151.00
2025-12-25 15:56:23.689724,599616306242443478,-167.00
2025-12-25 15:56:23.689724,599616306242443478,-183.00
2025-12-25 15:56:23.689724,599616306242443478,-197.00
2025-12-25 15:56:23.689724,599616306242443478,-206.00
2025-12-25 15:56:23.689724,599616306242443478,-209.00
2025-12-25 15:56:23.689724,599616306242443478,-209.00
2025-12-25 15:56:23.689724,599616306242443478,-206.00
2025-12-25 15:56:23.689724,599616306242443478,-206.00
2025-12-25 15:56:23.689724,599616306242443478,-206.00
2025-12-25 15:56:23.689724,599616306242443478,-200.00
2025-12-25 15:56:23.689724,599616306242443478,-186.00
2025-12-25 15:56:23.689724,599616306242443478,-172.00
2025-12-25 15:56:23.689724,599616306242443478,-177.00
2025-12-25 15:56:23.689724,599616306242443478,-181.00
2025-12-25 15:56:23.689724,599616306242443478,-179.00
2025-12-25 15:56:23.689724,599616306242443478,-177.00
2025-12-25 15:56:23.689724,599616306242443478,-177.00
2025-12-25 15:56:23.689724,599616306242443478,-179.00
2025-12-25 15:56:23.689724,599616306242443478,-179.00
2025-12-25 15:56:23.689724,599616306242443478,-179.00
2025-12-25 15:56:23.689724,599616306242443478,-181.00
2025-12-25 15:56:23.689724,599616306242443478,-181.00
2025-12-25 15:56:23.689724,599616306242443478,-179.00
2025-12-25 15:56:23.689724,599616306242443478,-179.00
2025-12-25 15:56:23.689724,599616306242443478,-167.00
2025-12-25 15:56:23.689724,599616306242443478,-154.00
2025-12-25 15:56:23.689724,599616306242443478,-156.00
2025-12-25 15:56:23.689724,599616306242443478,-165.00
2025-12-25 15:56:23.689724,599616306242443478,-179.00
2025-12-25 15:56:23.689724,599616306242443478,-181.00
2025-12-25 15:56:23.689724,599616306242443478,-170.00
2025-12-25 15:56:23.689724,599616306242443478,-167.00
2025-12-25 15:56:23.689724,599616306242443478,-174.00
2025-12-25 15:56:23.689724,599616306242443478,-170.00
2025-12-25 15:56:23.689724,599616306242443478,-163.00
2025-12-25 15:56:23.689724,599616306242443478,-172.00
2025-12-25 15:56:23.689724,599616306242443478,-174.00
2025-12-25 15:56:23.689724,599616306242443478,-163.00
2025-12-25 15:56:24.241448,599616306803288021,-156.00
2025-12-25 15:56:24.241448,599616306803288021,-165.00
2025-12-25 15:56:24.241448,599616306803288021,-158.00
2025-12-25 15:56:24.241448,599616306803288021,-91.00
2025-12-25 15:56:24.241448,599616306803288021,75.00
2025-12-25 15:56:24.241448,599616306803288021,183.00
2025-12-25 15:56:24.241448,599616306803288021,-52.00
2025-12-25 15:56:24.241448,599616306803288021,-397.00
2025-12-25 15:56:24.241448,599616306803288021,-420.00
2025-12-25 15:56:24.241448,599616306803288021,-294.00
2025-12-25 15:56:24.241448,599616306803288021,-259.00
2025-12-25 15:56:24.241448,599616306803288021,-202.00
2025-12-25 15:56:24.241448,599616306803288021,-124.00
2025-12-25 15:56:24.241448,599616306803288021,-117.00
2025-12-25 15:56:24.241448,599616306803288021,-131.00
2025-12-25 15:56:24.241448,599616306803288021,-119.00
2025-12-25 15:56:24.241448,599616306803288021,-126.00
2025-12-25 15:56:24.241448,599616306803288021,-140.00
2025-12-25 15:56:24.241448,599616306803288021,-124.00
2025-12-25 15:56:24.241448,599616306803288021,-108.00
2025-12-25 15:56:24.241448,599616306803288021,-114.00
2025-12-25 15:56:24.241448,599616306803288021,-117.00
2025-12-25 15:56:24.241448,599616306803288021,-114.00
2025-12-25 15:56:24.241448,599616306803288021,-121.00
2025-12-25 15:56:24.241448,599616306803288021,-121.00
2025-12-25 15:56:24.241448,599616306803288021,-112.00
2025-12-25 15:56:24.241448,599616306803288021,-108.00
2025-12-25 15:56:24.241448,599616306803288021,-108.00
2025-12-25 15:56:24.241448,599616306803288021,-103.00
2025-12-25 15:56:24.241448,599616306803288021,-105.00
2025-12-25 15:56:24.241448,599616306803288021,-103.00
2025-12-25 15:56:24.241448,599616306803288021,-96.00
2025-12-25 15:56:24.241448,599616306803288021,-89.00
2025-12-25 15:56:24.241448,599616306803288021,-87.00
2025-12-25 15:56:24.241448,599616306803288021,-91.00
2025-12-25 15:56:24.241448,599616306803288021,-105.00
2025-12-25 15:56:24.241448,599616306803288021,-124.00
2025-12-25 15:56:24.241448,599616306803288021,-140.00
2025-12-25 15:56:24.241448,599616306803288021,-154.00
2025-12-25 15:56:24.241448,599616306803288021,-170.00
2025-12-25 15:56:24.241448,599616306803288021,-186.00
2025-12-25 15:56:24.241448,599616306803288021,-193.00
2025-12-25 15:56:24.241448,599616306803288021,-200.00
2025-12-25 15:56:24.241448,599616306803288021,-216.00
2025-12-25 15:56:24.241448,599616306803288021,-223.00
2025-12-25 15:56:24.241448,599616306803288021,-216.00
2025-12-25 15:56:24.241448,599616306803288021,-216.00
2025-12-25 15:56:24.241448,599616306803288021,-216.00
2025-12-25 15:56:24.241448,599616306803288021,-216.00
2025-12-25 15:56:24.241448,599616306803288021,-223.00
2025-12-25 15:56:24.241448,599616306803288021,-220.00
2025-12-25 15:56:24.241448,599616306803288021,-206.00
2025-12-25 15:56:24.241448,599616306803288021,-200.00
2025-12-25 15:56:24.241448,599616306803288021,-206.00
2025-12-25 15:56:24.241448,599616306803288021,-211.00
2025-12-25 15:56:24.241448,599616306803288021,-213.00
2025-12-25 15:56:24.241448,599616306803288021,-216.00
2025-12-25 15:56:24.241448,599616306803288021,-213.00
2025-12-25 15:56:24.241448,599616306803288021,-213.00
2025-12-25 15:56:24.241448,599616306803288021,-223.00
2025-12-25 15:56:24.241448,599616306803288021,-229.00
2025-12-25 15:56:24.241448,599616306803288021,-227.00
2025-12-25 15:56:24.241448,599616306803288021,-225.00
2025-12-25 15:56:24.241448,599616306803288021,-218.00
2025-12-25 15:56:24.241448,599616306803288021,-206.00
2025-12-25 15:56:24.241448,599616306803288021,-209.00
2025-12-25 15:56:24.241448,599616306803288021,-227.00
2025-12-25 15:56:24.241448,599616306803288021,-239.00
2025-12-25 15:56:24.241448,599616306803288021,-236.00
2025-12-25 15:56:24.241448,599616306803288021,-232.00
2025-12-25 15:56:24.241448,599616306803288021,-227.00
2025-12-25 15:56:24.241448,599616306803288021,-216.00
2025-12-25 15:56:24.241448,599616306803288021,-218.00
2025-12-25 15:56:25.044005,599616307364112222,-227.00
2025-12-25 15:56:25.044005,599616307364112222,-227.00
2025-12-25 15:56:25.044005,599616307364112222,-220.00
2025-12-25 15:56:25.044005,599616307364112222,-211.00
2025-12-25 15:56:25.044005,599616307364112222,-209.00
2025-12-25 15:56:25.044005,599616307364112222,-216.00
2025-12-25 15:56:25.044005,599616307364112222,-197.00
2025-12-25 15:56:25.044005,599616307364112222,-78.00
2025-12-25 15:56:25.044005,599616307364112222,110.00
2025-12-25 15:56:25.044005,599616307364112222,87.00
2025-12-25 15:56:25.044005,599616307364112222,-266.00
2025-12-25 15:56:25.044005,599616307364112222,-512.00
2025-12-25 15:56:25.044005,599616307364112222,-425.00
2025-12-25 15:56:25.044005,599616307364112222,-333.00
2025-12-25 15:56:25.044005,599616307364112222,-314.00
2025-12-25 15:56:25.044005,599616307364112222,-234.00
2025-12-25 15:56:25.044005,599616307364112222,-174.00
2025-12-25 15:56:25.044005,599616307364112222,-193.00
2025-12-25 15:56:25.044005,599616307364112222,-197.00
2025-12-25 15:56:25.044005,599616307364112222,-183.00
2025-12-25 15:56:25.044005,599616307364112222,-190.00
2025-12-25 15:56:25.044005,599616307364112222,-193.00
2025-12-25 15:56:25.044005,599616307364112222,-177.00
2025-12-25 15:56:25.044005,599616307364112222,-172.00
2025-12-25 15:56:25.044005,599616307364112222,-181.00
2025-12-25 15:56:25.044005,599616307364112222,-179.00
2025-12-25 15:56:25.044005,599616307364112222,-167.00
2025-12-25 15:56:25.044005,599616307364112222,-160.00
2025-12-25 15:56:25.044005,599616307364112222,-156.00
2025-12-25 15:56:25.044005,599616307364112222,-151.00
2025-12-25 15:56:25.044005,599616307364112222,-149.00
2025-12-25 15:56:25.044005,599616307364112222,-149.00
2025-12-25 15:56:25.044005,599616307364112222,-149.00
2025-12-25 15:56:25.044005,599616307364112222,-137.00
2025-12-25 15:56:25.044005,599616307364112222,-128.00
2025-12-25 15:56:25.044005,599616307364112222,-133.00
2025-12-25 15:56:25.044005,599616307364112222,-137.00
2025-12-25 15:56:25.044005,599616307364112222,-142.00
2025-12-25 15:56:25.044005,599616307364112222,-151.00
2025-12-25 15:56:25.044005,599616307364112222,-160.00
2025-12-25 15:56:25.044005,599616307364112222,-170.00
2025-12-25 15:56:25.044005,599616307364112222,-190.00
2025-12-25 15:56:25.044005,599616307364112222,-211.00
2025-12-25 15:56:25.044005,599616307364112222,-232.00
2025-12-25 15:56:25.044005,599616307364112222,-245.00
2025-12-25 15:56:25.044005,599616307364112222,-250.00
2025-12-25 15:56:25.044005,599616307364112222,-255.00
2025-12-25 15:56:25.044005,599616307364112222,-257.00
2025-12-25 15:56:25.044005,599616307364112222,-257.00
2025-12-25 15:56:25.044005,599616307364112222,-264.00
2025-12-25 15:56:25.044005,599616307364112222,-266.00
2025-12-25 15:56:25.044005,599616307364112222,-257.00
2025-12-25 15:56:25.044005,599616307364112222,-248.00
2025-12-25 15:56:25.044005,599616307364112222,-241.00
2025-12-25 15:56:25.044005,599616307364112222,-239.00
2025-12-25 15:56:25.044005,599616307364112222,-239.00
2025-12-25 15:56:25.044005,599616307364112222,-239.00
2025-12-25 15:56:25.044005,599616307364112222,-232.00
2025-12-25 15:56:25.044005,599616307364112222,-225.00
2025-12-25 15:56:25.044005,599616307364112222,-218.00
2025-12-25 15:56:25.044005,599616307364112222,-213.00
2025-12-25 15:56:25.044005,599616307364112222,-213.00
2025-12-25 15:56:25.044005,599616307364112222,-213.00
2025-12-25 15:56:25.044005,599616307364112222,-211.00
2025-12-25 15:56:25.044005,599616307364112222,-209.00
2025-12-25 15:56:25.044005,599616307364112222,-206.00
2025-12-25 15:56:25.044005,599616307364112222,-206.00
2025-12-25 15:56:25.044005,599616307364112222,-197.00
2025-12-25 15:56:25.044005,599616307364112222,-186.00
2025-12-25 15:56:25.044005,599616307364112222,-186.00
2025-12-25 15:56:25.044005,599616307364112222,-193.00
2025-12-25 15:56:25.044005,599616307364112222,-197.00
2025-12-25 15:56:25.044005,599616307364112222,-200.00
2025-12-25 15:56:25.395597,599616307924961855,-200.00
2025-12-25 15:56:25.395597,599616307924961855,-197.00
2025-12-25 15:56:25.395597,599616307924961855,-195.00
2025-12-25 15:56:25.395597,599616307924961855,-190.00
2025-12-25 15:56:25.395597,599616307924961855,-186.00
2025-12-25 15:56:25.395597,599616307924961855,-186.00
2025-12-25 15:56:25.395597,599616307924961855,-181.00
2025-12-25 15:56:25.395597,599616307924961855,-167.00
2025-12-25 15:56:25.395597,599616307924961855,-160.00
2025-12-25 15:56:25.395597,599616307924961855,-167.00
2025-12-25 15:56:25.395597,599616307924961855,-167.00
2025-12-25 15:56:25.395597,599616307924961855,-128.00
2025-12-25 15:56:25.395597,599616307924961855,18.00
2025-12-25 15:56:25.395597,599616307924961855,202.00
2025-12-25 15:56:25.395597,599616307924961855,87.00
2025-12-25 15:56:25.395597,599616307924961855,-305.00
2025-12-25 15:56:25.395597,599616307924961855,-464.00
2025-12-25 15:56:25.395597,599616307924961855,-331.00
2025-12-25 15:56:25.395597,599616307924961855,-245.00
2025-12-25 15:56:25.395597,599616307924961855,-206.00
2025-12-25 15:56:25.395597,599616307924961855,-135.00
2025-12-25 15:56:25.395597,599616307924961855,-117.00
2025-12-25 15:56:25.395597,599616307924961855,-131.00
2025-12-25 15:56:25.395597,599616307924961855,-117.00
2025-12-25 15:56:25.395597,599616307924961855,-96.00
2025-12-25 15:56:25.395597,599616307924961855,-89.00
2025-12-25 15:56:25.395597,599616307924961855,-94.00
2025-12-25 15:56:25.395597,599616307924961855,-96.00
2025-12-25 15:56:25.395597,599616307924961855,-87.00
2025-12-25 15:56:25.395597,599616307924961855,-82.00
2025-12-25 15:56:25.395597,599616307924961855,-75.00
2025-12-25 15:56:25.395597,599616307924961855,-68.00
2025-12-25 15:56:25.395597,599616307924961855,-68.00
2025-12-25 15:56:25.395597,599616307924961855,-66.00
2025-12-25 15:56:25.395597,599616307924961855,-59.00
2025-12-25 15:56:25.395597,599616307924961855,-52.00
2025-12-25 15:56:25.395597,599616307924961855,-41.00
2025-12-25 15:56:25.395597,599616307924961855,-29.00
2025-12-25 15:56:25.395597,599616307924961855,-34.00
2025-12-25 15:56:25.395597,599616307924961855,-41.00
2025-12-25 15:56:25.395597,599616307924961855,-39.00
2025-12-25 15:56:25.395597,599616307924961855,-34.00
2025-12-25 15:56:25.395597,599616307924961855,-27.00
2025-12-25 15:56:25.395597,599616307924961855,-32.00
2025-12-25 15:56:25.395597,599616307924961855,-48.00
2025-12-25 15:56:25.395597,599616307924961855,-66.00
2025-12-25 15:56:25.395597,599616307924961855,-87.00
2025-12-25 15:56:25.395597,599616307924961855,-108.00
2025-12-25 15:56:25.395597,599616307924961855,-124.00
2025-12-25 15:56:25.395597,599616307924961855,-137.00
2025-12-25 15:56:25.395597,599616307924961855,-149.00
2025-12-25 15:56:25.395597,599616307924961855,-151.00
2025-12-25 15:56:25.395597,599616307924961855,-154.00
2025-12-25 15:56:25.395597,599616307924961855,-154.00
2025-12-25 15:56:25.395597,599616307924961855,-149.00
2025-12-25 15:56:25.395597,599616307924961855,-151.00
2025-12-25 15:56:25.395597,599616307924961855,-154.00
2025-12-25 15:56:25.395597,599616307924961855,-149.00
2025-12-25 15:56:25.395597,599616307924961855,-149.00
2025-12-25 15:56:25.395597,599616307924961855,-160.00
2025-12-25 15:56:25.395597,599616307924961855,-154.00
2025-12-25 15:56:25.395597,599616307924961855,-144.00
2025-12-25 15:56:25.395597,599616307924961855,-149.00
2025-12-25 15:56:25.395597,599616307924961855,-154.00
2025-12-25 15:56:25.395597,599616307924961855,-154.00
2025-12-25 15:56:25.395597,599616307924961855,-149.00
2025-12-25 15:56:25.395597,599616307924961855,-147.00
2025-12-25 15:56:25.395597,599616307924961855,-149.00
2025-12-25 15:56:25.395597,599616307924961855,-149.00
2025-12-25 15:56:25.395597,599616307924961855,-154.00
2025-12-25 15:56:25.395597,599616307924961855,-160.00
2025-12-25 15:56:25.395597,599616307924961855,-156.00
2025-12-25 15:56:25.395597,599616307924961855,-151.00
2025-12-25 15:56:25.948943,599616308485791140,-158.00
2025-12-25 15:56:25.948943,599616308485791140,-149.00
2025-12-25 15:56:25.948943,599616308485791140,-133.00
2025-12-25 15:56:25.948943,599616308485791140,-135.00
2025-12-25 15:56:25.948943,599616308485791140,-147.00
2025-12-25 15:56:25.948943,599616308485791140,-147.00
2025-12-25 15:56:25.948943,599616308485791140,-149.00
2025-12-25 15:56:25.948943,599616308485791140,-156.00
2025-12-25 15:56:25.948943,599616308485791140,-151.00
2025-12-25 15:56:25.948943,599616308485791140,-140.00
2025-12-25 15:56:25.948943,599616308485791140,-128.00
2025-12-25 15:56:25.948943,599616308485791140,-124.00
2025-12-25 15:56:25.948943,599616308485791140,-126.00
2025-12-25 15:56:25.948943,599616308485791140,-128.00
2025-12-25 15:56:25.948943,599616308485791140,-126.00
2025-12-25 15:56:25.948943,599616308485791140,-114.00
2025-12-25 15:56:25.948943,599616308485791140,-101.00
2025-12-25 15:56:25.948943,599616308485791140,-101.00
2025-12-25 15:56:25.948943,599616308485791140,-87.00
2025-12-25 15:56:25.948943,599616308485791140,22.00
2025-12-25 15:56:25.948943,599616308485791140,209.00
2025-12-25 15:56:25.948943,599616308485791140,183.00
2025-12-25 15:56:25.948943,599616308485791140,-170.00
2025-12-25 15:56:25.948943,599616308485791140,-420.00
2025-12-25 15:56:25.948943,599616308485791140,-333.00
2025-12-25 15:56:25.948943,599616308485791140,-227.00
2025-12-25 15:56:25.948943,599616308485791140,-193.00
2025-12-25 15:56:25.948943,599616308485791140,-126.00
2025-12-25 15:56:25.948943,599616308485791140,-91.00
2025-12-25 15:56:25.948943,599616308485791140,-103.00
2025-12-25 15:56:25.948943,599616308485791140,-96.00
2025-12-25 15:56:25.948943,599616308485791140,-85.00
2025-12-25 15:56:25.948943,599616308485791140,-85.00
2025-12-25 15:56:25.948943,599616308485791140,-87.00
2025-12-25 15:56:25.948943,599616308485791140,-89.00
2025-12-25 15:56:25.948943,599616308485791140,-85.00
2025-12-25 15:56:25.948943,599616308485791140,-78.00
2025-12-25 15:56:25.948943,599616308485791140,-78.00
2025-12-25 15:56:25.948943,599616308485791140,-73.00
2025-12-25 15:56:25.948943,599616308485791140,-71.00
2025-12-25 15:56:25.948943,599616308485791140,-71.00
2025-12-25 15:56:25.948943,599616308485791140,-62.00
2025-12-25 15:56:25.948943,599616308485791140,-50.00
2025-12-25 15:56:25.948943,599616308485791140,-48.00
2025-12-25 15:56:25.948943,599616308485791140,-48.00
2025-12-25 15:56:25.948943,599616308485791140,-50.00
2025-12-25 15:56:25.948943,599616308485791140,-50.00
2025-12-25 15:56:25.948943,599616308485791140,-45.00
2025-12-25 15:56:25.948943,599616308485791140,-45.00
2025-12-25 15:56:25.948943,599616308485791140,-50.00
2025-12-25 15:56:25.948943,599616308485791140,-55.00
2025-12-25 15:56:25.948943,599616308485791140,-64.00
2025-12-25 15:56:25.948943,599616308485791140,-78.00
2025-12-25 15:56:25.948943,599616308485791140,-98.00
2025-12-25 15:56:25.948943,599616308485791140,-119.00
2025-12-25 15:56:25.948943,599616308485791140,-137.00
2025-12-25 15:56:25.948943,599616308485791140,-149.00
2025-12-25 15:56:25.948943,599616308485791140,-160.00
2025-12-25 15:56:25.948943,599616308485791140,-172.00
2025-12-25 15:56:25.948943,599616308485791140,-170.00
2025-12-25 15:56:25.948943,599616308485791140,-165.00
2025-12-25 15:56:25.948943,599616308485791140,-167.00
2025-12-25 15:56:25.948943,599616308485791140,-170.00
2025-12-25 15:56:25.948943,599616308485791140,-165.00
2025-12-25 15:56:25.948943,599616308485791140,-163.00
2025-12-25 15:56:25.948943,599616308485791140,-163.00
2025-12-25 15:56:25.948943,599616308485791140,-156.00
2025-12-25 15:56:25.948943,599616308485791140,-151.00
2025-12-25 15:56:25.948943,599616308485791140,-149.00
2025-12-25 15:56:25.948943,599616308485791140,-147.00
2025-12-25 15:56:25.948943,599616308485791140,-151.00
2025-12-25 15:56:25.948943,599616308485791140,-154.00
2025-12-25 15:56:25.948943,599616308485791140,-149.00
2025-12-25 15:56:26.502805,599616309046630599,-144.00
2025-12-25 15:56:26.502805,599616309046630599,-142.00
2025-12-25 15:56:26.502805,599616309046630599,-140.00
2025-12-25 15:56:26.502805,599616309046630599,-140.00
2025-12-25 15:56:26.502805,599616309046630599,-133.00
2025-12-25 15:56:26.502805,599616309046630599,-124.00
2025-12-25 15:56:26.502805,599616309046630599,-128.00
2025-12-25 15:56:26.502805,599616309046630599,-131.00
2025-12-25 15:56:26.502805,599616309046630599,-117.00
2025-12-25 15:56:26.502805,599616309046630599,-119.00
2025-12-25 15:56:26.502805,599616309046630599,-124.00
2025-12-25 15:56:26.502805,599616309046630599,-110.00
2025-12-25 15:56:26.502805,599616309046630599,-91.00
2025-12-25 15:56:26.502805,599616309046630599,-82.00
2025-12-25 15:56:26.502805,599616309046630599,-82.00
2025-12-25 15:56:26.502805,599616309046630599,-94.00
2025-12-25 15:56:26.502805,599616309046630599,-103.00
2025-12-25 15:56:26.502805,599616309046630599,-108.00
2025-12-25 15:56:26.502805,599616309046630599,-108.00
2025-12-25 15:56:26.502805,599616309046630599,-105.00
2025-12-25 15:56:26.502805,599616309046630599,-108.00
2025-12-25 15:56:26.502805,599616309046630599,-110.00
2025-12-25 15:56:26.502805,599616309046630599,-108.00
2025-12-25 15:56:26.502805,599616309046630599,-110.00
2025-12-25 15:56:26.502805,599616309046630599,-117.00
2025-12-25 15:56:26.502805,599616309046630599,-110.00
2025-12-25 15:56:26.502805,599616309046630599,-105.00
2025-12-25 15:56:26.502805,599616309046630599,-112.00
2025-12-25 15:56:26.502805,599616309046630599,-103.00
2025-12-25 15:56:26.502805,599616309046630599,-22.00
2025-12-25 15:56:26.502805,599616309046630599,151.00
2025-12-25 15:56:26.502805,599616309046630599,216.00
2025-12-25 15:56:26.502805,599616309046630599,-66.00
2025-12-25 15:56:26.502805,599616309046630599,-400.00
2025-12-25 15:56:26.502805,599616309046630599,-390.00
2025-12-25 15:56:26.502805,599616309046630599,-259.00
2025-12-25 15:56:26.502805,599616309046630599,-211.00
2025-12-25 15:56:26.502805,599616309046630599,-147.00
2025-12-25 15:56:26.502805,599616309046630599,-96.00
2025-12-25 15:56:26.502805,599616309046630599,-110.00
2025-12-25 15:56:26.502805,599616309046630599,-112.00
2025-12-25 15:56:26.502805,599616309046630599,-98.00
2025-12-25 15:56:26.502805,599616309046630599,-96.00
2025-12-25 15:56:26.502805,599616309046630599,-96.00
2025-12-25 15:56:26.502805,599616309046630599,-91.00
2025-12-25 15:56:26.502805,599616309046630599,-91.00
2025-12-25 15:56:26.502805,599616309046630599,-94.00
2025-12-25 15:56:26.502805,599616309046630599,-94.00
2025-12-25 15:56:26.502805,599616309046630599,-89.00
2025-12-25 15:56:26.502805,599616309046630599,-82.00
2025-12-25 15:56:26.502805,599616309046630599,-82.00
2025-12-25 15:56:26.502805,599616309046630599,-82.00
2025-12-25 15:56:26.502805,599616309046630599,-80.00
2025-12-25 15:56:26.502805,599616309046630599,-75.00
2025-12-25 15:56:26.502805,599616309046630599,-68.00
2025-12-25 15:56:26.502805,599616309046630599,-62.00
2025-12-25 15:56:26.502805,599616309046630599,-57.00
2025-12-25 15:56:26.502805,599616309046630599,-57.00
2025-12-25 15:56:26.502805,599616309046630599,-64.00
2025-12-25 15:56:26.502805,599616309046630599,-66.00
2025-12-25 15:56:26.502805,599616309046630599,-62.00
2025-12-25 15:56:26.502805,599616309046630599,-68.00
2025-12-25 15:56:26.502805,599616309046630599,-89.00
2025-12-25 15:56:26.502805,599616309046630599,-108.00
2025-12-25 15:56:26.502805,599616309046630599,-124.00
2025-12-25 15:56:26.502805,599616309046630599,-135.00
2025-12-25 15:56:26.502805,599616309046630599,-151.00
2025-12-25 15:56:26.502805,599616309046630599,-167.00
2025-12-25 15:56:26.502805,599616309046630599,-167.00
2025-12-25 15:56:26.502805,599616309046630599,-158.00
2025-12-25 15:56:26.502805,599616309046630599,-154.00
2025-12-25 15:56:26.502805,599616309046630599,-160.00
2025-12-25 15:56:26.502805,599616309046630599,-160.00
2025-12-25 15:56:27.005214,599616309607470056,-154.00
2025-12-25 15:56:27.005214,599616309607470056,-149.00
2025-12-25 15:56:27.005214,599616309607470056,-154.00
2025-12-25 15:56:27.005214,599616309607470056,-158.00
2025-12-25 15:56:27.005214,599616309607470056,-156.00
2025-12-25 15:56:27.005214,599616309607470056,-147.00
2025-12-25 15:56:27.005214,599616309607470056,-147.00
2025-12-25 15:56:27.005214,599616309607470056,-151.00
2025-12-25 15:56:27.005214,599616309607470056,-154.00
2025-12-25 15:56:27.005214,599616309607470056,-151.00
2025-12-25 15:56:27.005214,599616309607470056,-144.00
2025-12-25 15:56:27.005214,599616309607470056,-128.00
2025-12-25 15:56:27.005214,599616309607470056,-133.00
2025-12-25 15:56:27.005214,599616309607470056,-142.00
2025-12-25 15:56:27.005214,599616309607470056,-133.00
2025-12-25 15:56:27.005214,599616309607470056,-126.00
2025-12-25 15:56:27.005214,599616309607470056,-131.00
2025-12-25 15:56:27.005214,599616309607470056,-126.00
2025-12-25 15:56:27.005214,599616309607470056,-124.00
2025-12-25 15:56:27.005214,599616309607470056,-126.00
2025-12-25 15:56:27.005214,599616309607470056,-133.00
2025-12-25 15:56:27.005214,599616309607470056,-137.00
2025-12-25 15:56:27.005214,599616309607470056,-133.00
2025-12-25 15:56:27.005214,599616309607470056,-124.00
2025-12-25 15:56:27.005214,599616309607470056,-121.00
2025-12-25 15:56:27.005214,599616309607470056,-117.00
2025-12-25 15:56:27.005214,599616309607470056,-110.00
2025-12-25 15:56:27.005214,599616309607470056,-117.00
2025-12-25 15:56:27.005214,599616309607470056,-121.00
2025-12-25 15:56:27.005214,599616309607470056,-121.00
2025-12-25 15:56:27.005214,599616309607470056,-133.00
2025-12-25 15:56:27.005214,599616309607470056,-144.00
2025-12-25 15:56:27.005214,599616309607470056,-137.00
2025-12-25 15:56:27.005214,599616309607470056,-126.00
2025-12-25 15:56:27.005214,599616309607470056,-128.00
2025-12-25 15:56:27.005214,599616309607470056,-133.00
2025-12-25 15:56:27.005214,599616309607470056,-133.00
2025-12-25 15:56:27.005214,599616309607470056,-131.00
2025-12-25 15:56:27.005214,599616309607470056,-131.00
2025-12-25 15:56:27.005214,599616309607470056,-133.00
2025-12-25 15:56:27.005214,599616309607470056,-140.00
2025-12-25 15:56:27.005214,599616309607470056,-137.00
2025-12-25 15:56:27.005214,599616309607470056,-80.00
2025-12-25 15:56:27.005214,599616309607470056,75.00
2025-12-25 15:56:27.005214,599616309607470056,197.00
2025-12-25 15:56:27.005214,599616309607470056,2.00
2025-12-25 15:56:27.005214,599616309607470056,-363.00
2025-12-25 15:56:27.005214,599616309607470056,-439.00
2025-12-25 15:56:27.005214,599616309607470056,-305.00
2025-12-25 15:56:27.005214,599616309607470056,-241.00
2025-12-25 15:56:27.005214,599616309607470056,-190.00
2025-12-25 15:56:27.005214,599616309607470056,-128.00
2025-12-25 15:56:27.005214,599616309607470056,-124.00
2025-12-25 15:56:27.005214,599616309607470056,-131.00
2025-12-25 15:56:27.005214,599616309607470056,-117.00
2025-12-25 15:56:27.005214,599616309607470056,-112.00
2025-12-25 15:56:27.005214,599616309607470056,-112.00
2025-12-25 15:56:27.005214,599616309607470056,-105.00
2025-12-25 15:56:27.005214,599616309607470056,-103.00
2025-12-25 15:56:27.005214,599616309607470056,-103.00
2025-12-25 15:56:27.005214,599616309607470056,-101.00
2025-12-25 15:56:27.005214,599616309607470056,-101.00
2025-12-25 15:56:27.005214,599616309607470056,-91.00
2025-12-25 15:56:27.005214,599616309607470056,-80.00
2025-12-25 15:56:27.005214,599616309607470056,-78.00
2025-12-25 15:56:27.005214,599616309607470056,-80.00
2025-12-25 15:56:27.005214,599616309607470056,-73.00
2025-12-25 15:56:27.005214,599616309607470056,-71.00
2025-12-25 15:56:27.005214,599616309607470056,-68.00
2025-12-25 15:56:27.005214,599616309607470056,-64.00
2025-12-25 15:56:27.005214,599616309607470056,-59.00
2025-12-25 15:56:27.005214,599616309607470056,-64.00
2025-12-25 15:56:27.005214,599616309607470056,-68.00
2025-12-25 15:56:27.656970,599616310168294255,-68.00
2025-12-25 15:56:27.656970,599616310168294255,-68.00
2025-12-25 15:56:27.656970,599616310168294255,-75.00
2025-12-25 15:56:27.656970,599616310168294255,-89.00
2025-12-25 15:56:27.656970,599616310168294255,-105.00
2025-12-25 15:56:27.656970,599616310168294255,-124.00
2025-12-25 15:56:27.656970,599616310168294255,-147.00
2025-12-25 15:56:27.656970,599616310168294255,-160.00
2025-12-25 15:56:27.656970,599616310168294255,-151.00
2025-12-25 15:56:27.656970,599616310168294255,-151.00
2025-12-25 15:56:27.656970,599616310168294255,-165.00
2025-12-25 15:56:27.656970,599616310168294255,-165.00
2025-12-25 15:56:27.656970,599616310168294255,-163.00
2025-12-25 15:56:27.656970,599616310168294255,-163.00
2025-12-25 15:56:27.656970,599616310168294255,-156.00
2025-12-25 15:56:27.656970,599616310168294255,-147.00
2025-12-25 15:56:27.656970,599616310168294255,-149.00
2025-12-25 15:56:27.656970,599616310168294255,-147.00
2025-12-25 15:56:27.656970,599616310168294255,-140.00
2025-12-25 15:56:27.656970,599616310168294255,-135.00
2025-12-25 15:56:27.656970,599616310168294255,-135.00
2025-12-25 15:56:27.656970,599616310168294255,-135.00
2025-12-25 15:56:27.656970,599616310168294255,-140.00
2025-12-25 15:56:27.656970,599616310168294255,-144.00
2025-12-25 15:56:27.656970,599616310168294255,-142.00
2025-12-25 15:56:27.656970,599616310168294255,-137.00
2025-12-25 15:56:27.656970,599616310168294255,-140.00
2025-12-25 15:56:27.656970,599616310168294255,-137.00
2025-12-25 15:56:27.656970,599616310168294255,-137.00
2025-12-25 15:56:27.656970,599616310168294255,-140.00
2025-12-25 15:56:27.656970,599616310168294255,-142.00
2025-12-25 15:56:27.656970,599616310168294255,-147.00
2025-12-25 15:56:27.656970,599616310168294255,-144.00
2025-12-25 15:56:27.656970,599616310168294255,-140.00
2025-12-25 15:56:27.656970,599616310168294255,-147.00
2025-12-25 15:56:27.656970,599616310168294255,-156.00
2025-12-25 15:56:27.656970,599616310168294255,-149.00
2025-12-25 15:56:27.656970,599616310168294255,-144.00
2025-12-25 15:56:27.656970,599616310168294255,-147.00
2025-12-25 15:56:27.656970,599616310168294255,-142.00
2025-12-25 15:56:27.656970,599616310168294255,-128.00
2025-12-25 15:56:27.656970,599616310168294255,-124.00
2025-12-25 15:56:27.656970,599616310168294255,-137.00
2025-12-25 15:56:27.656970,599616310168294255,-151.00
2025-12-25 15:56:27.656970,599616310168294255,-158.00
2025-12-25 15:56:27.656970,599616310168294255,-163.00
2025-12-25 15:56:27.656970,599616310168294255,-160.00
2025-12-25 15:56:27.656970,599616310168294255,-151.00
2025-12-25 15:56:27.656970,599616310168294255,-144.00
2025-12-25 15:56:27.656970,599616310168294255,-144.00
2025-12-25 15:56:27.656970,599616310168294255,-147.00
2025-12-25 15:56:27.656970,599616310168294255,-151.00
2025-12-25 15:56:27.656970,599616310168294255,-156.00
2025-12-25 15:56:27.656970,599616310168294255,-147.00
2025-12-25 15:56:27.656970,599616310168294255,-140.00
2025-12-25 15:56:27.656970,599616310168294255,-144.00
2025-12-25 15:56:27.656970,599616310168294255,-131.00
2025-12-25 15:56:27.656970,599616310168294255,-29.00
2025-12-25 15:56:27.656970,599616310168294255,144.00
2025-12-25 15:56:27.656970,599616310168294255,128.00
2025-12-25 15:56:27.656970,599616310168294255,-206.00
2025-12-25 15:56:27.656970,599616310168294255,-457.00
2025-12-25 15:56:27.656970,599616310168294255,-377.00
2025-12-25 15:56:27.656970,599616310168294255,-266.00
2025-12-25 15:56:27.656970,599616310168294255,-227.00
2025-12-25 15:56:27.656970,599616310168294255,-158.00
2025-12-25 15:56:27.656970,599616310168294255,-126.00
2025-12-25 15:56:27.656970,599616310168294255,-140.00
2025-12-25 15:56:27.656970,599616310168294255,-135.00
2025-12-25 15:56:27.656970,599616310168294255,-126.00
2025-12-25 15:56:27.656970,599616310168294255,-131.00
2025-12-25 15:56:27.656970,599616310168294255,-126.00
2025-12-25 15:56:27.656970,599616310168294255,-117.00
2025-12-25 15:56:28.208567,599616310729118456,-119.00
2025-12-25 15:56:28.208567,599616310729118456,-124.00
2025-12-25 15:56:28.208567,599616310729118456,-114.00
2025-12-25 15:56:28.208567,599616310729118456,-108.00
2025-12-25 15:56:28.208567,599616310729118456,-110.00
2025-12-25 15:56:28.208567,599616310729118456,-110.00
2025-12-25 15:56:28.208567,599616310729118456,-101.00
2025-12-25 15:56:28.208567,599616310729118456,-87.00
2025-12-25 15:56:28.208567,599616310729118456,-82.00
2025-12-25 15:56:28.208567,599616310729118456,-80.00
2025-12-25 15:56:28.208567,599616310729118456,-71.00
2025-12-25 15:56:28.208567,599616310729118456,-59.00
2025-12-25 15:56:28.208567,599616310729118456,-57.00
2025-12-25 15:56:28.208567,599616310729118456,-59.00
2025-12-25 15:56:28.208567,599616310729118456,-59.00
2025-12-25 15:56:28.208567,599616310729118456,-59.00
2025-12-25 15:56:28.208567,599616310729118456,-64.00
2025-12-25 15:56:28.208567,599616310729118456,-66.00
2025-12-25 15:56:28.208567,599616310729118456,-82.00
2025-12-25 15:56:28.208567,599616310729118456,-108.00
2025-12-25 15:56:28.208567,599616310729118456,-121.00
2025-12-25 15:56:28.208567,599616310729118456,-126.00
2025-12-25 15:56:28.208567,599616310729118456,-137.00
2025-12-25 15:56:28.208567,599616310729118456,-147.00
2025-12-25 15:56:28.208567,599616310729118456,-147.00
2025-12-25 15:56:28.208567,599616310729118456,-144.00
2025-12-25 15:56:28.208567,599616310729118456,-147.00
2025-12-25 15:56:28.208567,599616310729118456,-151.00
2025-12-25 15:56:28.208567,599616310729118456,-151.00
2025-12-25 15:56:28.208567,599616310729118456,-147.00
2025-12-25 15:56:28.208567,599616310729118456,-144.00
2025-12-25 15:56:28.208567,599616310729118456,-149.00
2025-12-25 15:56:28.208567,599616310729118456,-149.00
2025-12-25 15:56:28.208567,599616310729118456,-142.00
2025-12-25 15:56:28.208567,599616310729118456,-144.00
2025-12-25 15:56:28.208567,599616310729118456,-144.00
2025-12-25 15:56:28.208567,599616310729118456,-147.00
2025-12-25 15:56:28.208567,599616310729118456,-149.00
2025-12-25 15:56:28.208567,599616310729118456,-144.00
2025-12-25 15:56:28.208567,599616310729118456,-144.00
2025-12-25 15:56:28.208567,599616310729118456,-147.00
2025-12-25 15:56:28.208567,599616310729118456,-147.00
2025-12-25 15:56:28.208567,599616310729118456,-149.00
2025-12-25 15:56:28.208567,599616310729118456,-154.00
2025-12-25 15:56:28.208567,599616310729118456,-154.00
2025-12-25 15:56:28.208567,599616310729118456,-151.00
2025-12-25 15:56:28.208567,599616310729118456,-149.00
2025-12-25 15:56:28.208567,599616310729118456,-149.00
2025-12-25 15:56:28.208567,599616310729118456,-147.00
2025-12-25 15:56:28.208567,599616310729118456,-147.00
2025-12-25 15:56:28.208567,599616310729118456,-154.00
2025-12-25 15:56:28.208567,599616310729118456,-151.00
2025-12-25 15:56:28.208567,599616310729118456,-142.00
2025-12-25 15:56:28.208567,599616310729118456,-133.00
2025-12-25 15:56:28.208567,599616310729118456,-128.00
2025-12-25 15:56:28.208567,599616310729118456,-135.00
2025-12-25 15:56:28.208567,599616310729118456,-149.00
2025-12-25 15:56:28.208567,599616310729118456,-158.00
2025-12-25 15:56:28.208567,599616310729118456,-154.00
2025-12-25 15:56:28.208567,599616310729118456,-154.00
2025-12-25 15:56:28.208567,599616310729118456,-165.00
2025-12-25 15:56:28.208567,599616310729118456,-165.00
2025-12-25 15:56:28.208567,599616310729118456,-160.00
2025-12-25 15:56:28.208567,599616310729118456,-163.00
2025-12-25 15:56:28.208567,599616310729118456,-165.00
2025-12-25 15:56:28.208567,599616310729118456,-163.00
2025-12-25 15:56:28.208567,599616310729118456,-160.00
2025-12-25 15:56:28.208567,599616310729118456,-160.00
2025-12-25 15:56:28.208567,599616310729118456,-167.00
2025-12-25 15:56:28.208567,599616310729118456,-165.00
2025-12-25 15:56:28.208567,599616310729118456,-87.00
2025-12-25 15:56:28.208567,599616310729118456,85.00
2025-12-25 15:56:28.208567,599616310729118456,154.00
2025-12-25 15:56:28.760454,599616311289968089,-112.00
2025-12-25 15:56:28.760454,599616311289968089,-434.00
2025-12-25 15:56:28.760454,599616311289968089,-425.00
2025-12-25 15:56:28.760454,599616311289968089,-294.00
2025-12-25 15:56:28.760454,599616311289968089,-250.00
2025-12-25 15:56:28.760454,599616311289968089,-193.00
2025-12-25 15:56:28.760454,599616311289968089,-140.00
2025-12-25 15:56:28.760454,599616311289968089,-144.00
2025-12-25 15:56:28.760454,599616311289968089,-140.00
2025-12-25 15:56:28.760454,599616311289968089,-114.00
2025-12-25 15:56:28.760454,599616311289968089,-110.00
2025-12-25 15:56:28.760454,599616311289968089,-117.00
2025-12-25 15:56:28.760454,599616311289968089,-117.00
2025-12-25 15:56:28.760454,599616311289968089,-110.00
2025-12-25 15:56:28.760454,599616311289968089,-96.00
2025-12-25 15:56:28.760454,599616311289968089,-87.00
2025-12-25 15:56:28.760454,599616311289968089,-91.00
2025-12-25 15:56:28.760454,599616311289968089,-89.00
2025-12-25 15:56:28.760454,599616311289968089,-80.00
2025-12-25 15:56:28.760454,599616311289968089,-85.00
2025-12-25 15:56:28.760454,599616311289968089,-85.00
2025-12-25 15:56:28.760454,599616311289968089,-75.00
2025-12-25 15:56:28.760454,599616311289968089,-73.00
2025-12-25 15:56:28.760454,599616311289968089,-73.00
2025-12-25 15:56:28.760454,599616311289968089,-68.00
2025-12-25 15:56:28.760454,599616311289968089,-64.00
2025-12-25 15:56:28.760454,599616311289968089,-62.00
2025-12-25 15:56:28.760454,599616311289968089,-64.00
2025-12-25 15:56:28.760454,599616311289968089,-62.00
2025-12-25 15:56:28.760454,599616311289968089,-59.00
2025-12-25 15:56:28.760454,599616311289968089,-71.00
2025-12-25 15:56:28.760454,599616311289968089,-87.00
2025-12-25 15:56:28.760454,599616311289968089,-98.00
2025-12-25 15:56:28.760454,599616311289968089,-117.00
2025-12-25 15:56:28.760454,599616311289968089,-137.00
2025-12-25 15:56:28.760454,599616311289968089,-149.00
2025-12-25 15:56:28.760454,599616311289968089,-158.00
2025-12-25 15:56:28.760454,599616311289968089,-167.00
2025-12-25 15:56:28.760454,599616311289968089,-165.00
2025-12-25 15:56:28.760454,599616311289968089,-160.00
2025-12-25 15:56:28.760454,599616311289968089,-151.00
2025-12-25 15:56:28.760454,599616311289968089,-142.00
2025-12-25 15:56:28.760454,599616311289968089,-147.00
2025-12-25 15:56:28.760454,599616311289968089,-151.00
2025-12-25 15:56:28.760454,599616311289968089,-144.00
2025-12-25 15:56:28.760454,599616311289968089,-142.00
2025-12-25 15:56:28.760454,599616311289968089,-149.00
2025-12-25 15:56:28.760454,599616311289968089,-154.00
2025-12-25 15:56:28.760454,599616311289968089,-154.00
2025-12-25 15:56:28.760454,599616311289968089,-151.00
2025-12-25 15:56:28.760454,599616311289968089,-149.00
2025-12-25 15:56:28.760454,599616311289968089,-154.00
2025-12-25 15:56:28.760454,599616311289968089,-160.00
2025-12-25 15:56:28.760454,599616311289968089,-163.00
2025-12-25 15:56:28.760454,599616311289968089,-163.00
2025-12-25 15:56:28.760454,599616311289968089,-160.00
2025-12-25 15:56:28.760454,599616311289968089,-158.00
2025-12-25 15:56:28.760454,599616311289968089,-160.00
2025-12-25 15:56:28.760454,599616311289968089,-163.00
2025-12-25 15:56:28.760454,599616311289968089,-163.00
2025-12-25 15:56:28.760454,599616311289968089,-163.00
2025-12-25 15:56:28.760454,599616311289968089,-163.00
2025-12-25 15:56:28.760454,599616311289968089,-160.00
2025-12-25 15:56:28.760454,599616311289968089,-160.00
2025-12-25 15:56:28.760454,599616311289968089,-165.00
2025-12-25 15:56:28.760454,599616311289968089,-163.00
2025-12-25 15:56:28.760454,599616311289968089,-149.00
2025-12-25 15:56:28.760454,599616311289968089,-135.00
2025-12-25 15:56:28.760454,599616311289968089,-140.00
2025-12-25 15:56:28.760454,599616311289968089,-158.00
2025-12-25 15:56:28.760454,599616311289968089,-165.00
2025-12-25 15:56:28.760454,599616311289968089,-163.00
2025-12-25 15:56:28.760454,599616311289968089,-167.00
2025-12-25 15:56:29.262091,599616311850797374,-172.00
2025-12-25 15:56:29.262091,599616311850797374,-172.00
2025-12-25 15:56:29.262091,599616311850797374,-165.00
2025-12-25 15:56:29.262091,599616311850797374,-163.00
2025-12-25 15:56:29.262091,599616311850797374,-170.00
2025-12-25 15:56:29.262091,599616311850797374,-167.00
2025-12-25 15:56:29.262091,599616311850797374,-160.00
2025-12-25 15:56:29.262091,599616311850797374,-165.00
2025-12-25 15:56:29.262091,599616311850797374,-170.00
2025-12-25 15:56:29.262091,599616311850797374,-165.00
2025-12-25 15:56:29.262091,599616311850797374,-131.00
2025-12-25 15:56:29.262091,599616311850797374,9.00
2025-12-25 15:56:29.262091,599616311850797374,165.00
2025-12-25 15:56:29.262091,599616311850797374,25.00
2025-12-25 15:56:29.262091,599616311850797374,-337.00
2025-12-25 15:56:29.262091,599616311850797374,-446.00
2025-12-25 15:56:29.262091,599616311850797374,-317.00
2025-12-25 15:56:29.262091,599616311850797374,-250.00
2025-12-25 15:56:29.262091,599616311850797374,-204.00
2025-12-25 15:56:29.262091,599616311850797374,-131.00
2025-12-25 15:56:29.262091,599616311850797374,-121.00
2025-12-25 15:56:29.262091,599616311850797374,-137.00
2025-12-25 15:56:29.262091,599616311850797374,-121.00
2025-12-25 15:56:29.262091,599616311850797374,-108.00
2025-12-25 15:56:29.262091,599616311850797374,-110.00
2025-12-25 15:56:29.262091,599616311850797374,-112.00
2025-12-25 15:56:29.262091,599616311850797374,-112.00
2025-12-25 15:56:29.262091,599616311850797374,-112.00
2025-12-25 15:56:29.262091,599616311850797374,-112.00
2025-12-25 15:56:29.262091,599616311850797374,-108.00
2025-12-25 15:56:29.262091,599616311850797374,-105.00
2025-12-25 15:56:29.262091,599616311850797374,-105.00
2025-12-25 15:56:29.262091,599616311850797374,-98.00
2025-12-25 15:56:29.262091,599616311850797374,-85.00
2025-12-25 15:56:29.262091,599616311850797374,-71.00
2025-12-25 15:56:29.262091,599616311850797374,-66.00
2025-12-25 15:56:29.262091,599616311850797374,-59.00
2025-12-25 15:56:29.262091,599616311850797374,-52.00
2025-12-25 15:56:29.262091,599616311850797374,-52.00
2025-12-25 15:56:29.262091,599616311850797374,-52.00
2025-12-25 15:56:29.262091,599616311850797374,-50.00
2025-12-25 15:56:29.262091,599616311850797374,-59.00
2025-12-25 15:56:29.262091,599616311850797374,-66.00
2025-12-25 15:56:29.262091,599616311850797374,-71.00
2025-12-25 15:56:29.262091,599616311850797374,-80.00
2025-12-25 15:56:29.262091,599616311850797374,-98.00
2025-12-25 15:56:29.262091,599616311850797374,-117.00
2025-12-25 15:56:29.262091,599616311850797374,-135.00
2025-12-25 15:56:29.262091,599616311850797374,-149.00
2025-12-25 15:56:29.262091,599616311850797374,-154.00
2025-12-25 15:56:29.262091,599616311850797374,-163.00
2025-12-25 15:56:29.262091,599616311850797374,-170.00
2025-12-25 15:56:29.262091,599616311850797374,-165.00
2025-12-25 15:56:29.262091,599616311850797374,-156.00
2025-12-25 15:56:29.262091,599616311850797374,-160.00
2025-12-25 15:56:29.262091,599616311850797374,-167.00
2025-12-25 15:56:29.262091,599616311850797374,-163.00
2025-12-25 15:56:29.262091,599616311850797374,-156.00
2025-12-25 15:56:29.262091,599616311850797374,-158.00
2025-12-25 15:56:29.262091,599616311850797374,-158.00
2025-12-25 15:56:29.262091,599616311850797374,-158.00
2025-12-25 15:56:29.262091,599616311850797374,-163.00
2025-12-25 15:56:29.262091,599616311850797374,-165.00
2025-12-25 15:56:29.262091,599616311850797374,-160.00
2025-12-25 15:56:29.262091,599616311850797374,-158.00
2025-12-25 15:56:29.262091,599616311850797374,-160.00
2025-12-25 15:56:29.262091,599616311850797374,-167.00
2025-12-25 15:56:29.262091,599616311850797374,-165.00
2025-12-25 15:56:29.262091,599616311850797374,-163.00
2025-12-25 15:56:29.262091,599616311850797374,-160.00
2025-12-25 15:56:29.262091,599616311850797374,-163.00
2025-12-25 15:56:29.262091,599616311850797374,-170.00
2025-12-25 15:56:29.262091,599616311850797374,-172.00
2025-12-25 15:56:29.913805,599616312411636833,-170.00
2025-12-25 15:56:29.913805,599616312411636833,-172.00
2025-12-25 15:56:29.913805,599616312411636833,-172.00
2025-12-25 15:56:29.913805,599616312411636833,-167.00
2025-12-25 15:56:29.913805,599616312411636833,-160.00
2025-12-25 15:56:29.913805,599616312411636833,-151.00
2025-12-25 15:56:29.913805,599616312411636833,-144.00
2025-12-25 15:56:29.913805,599616312411636833,-151.00
2025-12-25 15:56:29.913805,599616312411636833,-158.00
2025-12-25 15:56:29.913805,599616312411636833,-154.00
2025-12-25 15:56:29.913805,599616312411636833,-156.00
2025-12-25 15:56:29.913805,599616312411636833,-160.00
2025-12-25 15:56:29.913805,599616312411636833,-149.00
2025-12-25 15:56:29.913805,599616312411636833,-147.00
2025-12-25 15:56:29.913805,599616312411636833,-151.00
2025-12-25 15:56:29.913805,599616312411636833,-147.00
2025-12-25 15:56:29.913805,599616312411636833,-149.00
2025-12-25 15:56:29.913805,599616312411636833,-156.00
2025-12-25 15:56:29.913805,599616312411636833,-151.00
2025-12-25 15:56:29.913805,599616312411636833,-144.00
2025-12-25 15:56:29.913805,599616312411636833,-156.00
2025-12-25 15:56:29.913805,599616312411636833,-149.00
2025-12-25 15:56:29.913805,599616312411636833,-50.00
2025-12-25 15:56:29.913805,599616312411636833,133.00
2025-12-25 15:56:29.913805,599616312411636833,140.00
2025-12-25 15:56:29.913805,599616312411636833,-190.00
2025-12-25 15:56:29.913805,599616312411636833,-448.00
2025-12-25 15:56:29.913805,599616312411636833,-370.00
2025-12-25 15:56:29.913805,599616312411636833,-273.00
2025-12-25 15:56:29.913805,599616312411636833,-245.00
2025-12-25 15:56:29.913805,599616312411636833,-163.00
2025-12-25 15:56:29.913805,599616312411636833,-110.00
2025-12-25 15:56:29.913805,599616312411636833,-124.00
2025-12-25 15:56:29.913805,599616312411636833,-119.00
2025-12-25 15:56:29.913805,599616312411636833,-103.00
2025-12-25 15:56:29.913805,599616312411636833,-112.00
2025-12-25 15:56:29.913805,599616312411636833,-112.00
2025-12-25 15:56:29.913805,599616312411636833,-101.00
2025-12-25 15:56:29.913805,599616312411636833,-96.00
2025-12-25 15:56:29.913805,599616312411636833,-101.00
2025-12-25 15:56:29.913805,599616312411636833,-103.00
2025-12-25 15:56:29.913805,599616312411636833,-101.00
2025-12-25 15:56:29.913805,599616312411636833,-94.00
2025-12-25 15:56:29.913805,599616312411636833,-85.00
2025-12-25 15:56:29.913805,599616312411636833,-78.00
2025-12-25 15:56:29.913805,599616312411636833,-75.00
2025-12-25 15:56:29.913805,599616312411636833,-66.00
2025-12-25 15:56:29.913805,599616312411636833,-59.00
2025-12-25 15:56:29.913805,599616312411636833,-57.00
2025-12-25 15:56:29.913805,599616312411636833,-52.00
2025-12-25 15:56:29.913805,599616312411636833,-48.00
2025-12-25 15:56:29.913805,599616312411636833,-55.00
2025-12-25 15:56:29.913805,599616312411636833,-59.00
2025-12-25 15:56:29.913805,599616312411636833,-62.00
2025-12-25 15:56:29.913805,599616312411636833,-66.00
2025-12-25 15:56:29.913805,599616312411636833,-78.00
2025-12-25 15:56:29.913805,599616312411636833,-96.00
2025-12-25 15:56:29.913805,599616312411636833,-114.00
2025-12-25 15:56:29.913805,599616312411636833,-133.00
2025-12-25 15:56:29.913805,599616312411636833,-154.00
2025-12-25 15:56:29.913805,599616312411636833,-165.00
2025-12-25 15:56:29.913805,599616312411636833,-163.00
2025-12-25 15:56:29.913805,599616312411636833,-170.00
2025-12-25 15:56:29.913805,599616312411636833,-181.00
2025-12-25 15:56:29.913805,599616312411636833,-179.00
2025-12-25 15:56:29.913805,599616312411636833,-170.00
2025-12-25 15:56:29.913805,599616312411636833,-170.00
2025-12-25 15:56:29.913805,599616312411636833,-174.00
2025-12-25 15:56:29.913805,599616312411636833,-174.00
2025-12-25 15:56:29.913805,599616312411636833,-167.00
2025-12-25 15:56:29.913805,599616312411636833,-165.00
2025-12-25 15:56:29.913805,599616312411636833,-167.00
2025-12-25 15:56:29.913805,599616312411636833,-165.00
2025-12-25 15:56:30.465514,599616312972486464,-165.00
2025-12-25 15:56:30.465514,599616312972486464,-167.00
2025-12-25 15:56:30.465514,599616312972486464,-165.00
2025-12-25 15:56:30.465514,599616312972486464,-165.00
2025-12-25 15:56:30.465514,599616312972486464,-170.00
2025-12-25 15:56:30.465514,599616312972486464,-165.00
2025-12-25 15:56:30.465514,599616312972486464,-158.00
2025-12-25 15:56:30.465514,599616312972486464,-163.00
2025-12-25 15:56:30.465514,599616312972486464,-165.00
2025-12-25 15:56:30.465514,599616312972486464,-167.00
2025-12-25 15:56:30.465514,599616312972486464,-172.00
2025-12-25 15:56:30.465514,599616312972486464,-172.00
2025-12-25 15:56:30.465514,599616312972486464,-160.00
2025-12-25 15:56:30.465514,599616312972486464,-154.00
2025-12-25 15:56:30.465514,599616312972486464,-156.00
2025-12-25 15:56:30.465514,599616312972486464,-147.00
2025-12-25 15:56:30.465514,599616312972486464,-133.00
2025-12-25 15:56:30.465514,599616312972486464,-131.00
2025-12-25 15:56:30.465514,599616312972486464,-135.00
2025-12-25 15:56:30.465514,599616312972486464,-135.00
2025-12-25 15:56:30.465514,599616312972486464,-140.00
2025-12-25 15:56:30.465514,599616312972486464,-144.00
2025-12-25 15:56:30.465514,599616312972486464,-140.00
2025-12-25 15:56:30.465514,599616312972486464,-135.00
2025-12-25 15:56:30.465514,599616312972486464,-140.00
2025-12-25 15:56:30.465514,599616312972486464,-144.00
2025-12-25 15:56:30.465514,599616312972486464,-144.00
2025-12-25 15:56:30.465514,599616312972486464,-147.00
2025-12-25 15:56:30.465514,599616312972486464,-151.00
2025-12-25 15:56:30.465514,599616312972486464,-149.00
2025-12-25 15:56:30.465514,599616312972486464,-149.00
2025-12-25 15:56:30.465514,599616312972486464,-149.00
2025-12-25 15:56:30.465514,599616312972486464,-94.00
2025-12-25 15:56:30.465514,599616312972486464,66.00
2025-12-25 15:56:30.465514,599616312972486464,177.00
2025-12-25 15:56:30.465514,599616312972486464,-48.00
2025-12-25 15:56:30.465514,599616312972486464,-404.00
2025-12-25 15:56:30.465514,599616312972486464,-439.00
2025-12-25 15:56:30.465514,599616312972486464,-303.00
2025-12-25 15:56:30.465514,599616312972486464,-257.00
2025-12-25 15:56:30.465514,599616312972486464,-197.00
2025-12-25 15:56:30.465514,599616312972486464,-121.00
2025-12-25 15:56:30.465514,599616312972486464,-117.00
2025-12-25 15:56:30.465514,599616312972486464,-128.00
2025-12-25 15:56:30.465514,599616312972486464,-119.00
2025-12-25 15:56:30.465514,599616312972486464,-119.00
2025-12-25 15:56:30.465514,599616312972486464,-119.00
2025-12-25 15:56:30.465514,599616312972486464,-112.00
2025-12-25 15:56:30.465514,599616312972486464,-108.00
2025-12-25 15:56:30.465514,599616312972486464,-108.00
2025-12-25 15:56:30.465514,599616312972486464,-103.00
2025-12-25 15:56:30.465514,599616312972486464,-103.00
2025-12-25 15:56:30.465514,599616312972486464,-105.00
2025-12-25 15:56:30.465514,599616312972486464,-98.00
2025-12-25 15:56:30.465514,599616312972486464,-91.00
2025-12-25 15:56:30.465514,599616312972486464,-91.00
2025-12-25 15:56:30.465514,599616312972486464,-89.00
2025-12-25 15:56:30.465514,599616312972486464,-80.00
2025-12-25 15:56:30.465514,599616312972486464,-73.00
2025-12-25 15:56:30.465514,599616312972486464,-66.00
2025-12-25 15:56:30.465514,599616312972486464,-64.00
2025-12-25 15:56:30.465514,599616312972486464,-66.00
2025-12-25 15:56:30.465514,599616312972486464,-66.00
2025-12-25 15:56:30.465514,599616312972486464,-68.00
2025-12-25 15:56:30.465514,599616312972486464,-75.00
2025-12-25 15:56:30.465514,599616312972486464,-89.00
2025-12-25 15:56:30.465514,599616312972486464,-101.00
2025-12-25 15:56:30.465514,599616312972486464,-110.00
2025-12-25 15:56:30.465514,599616312972486464,-128.00
2025-12-25 15:56:30.465514,599616312972486464,-151.00
2025-12-25 15:56:30.465514,599616312972486464,-165.00
2025-12-25 15:56:30.465514,599616312972486464,-170.00
2025-12-25 15:56:30.465514,599616312972486464,-170.00
2025-12-25 15:56:30.967962,599616313533305577,-174.00
2025-12-25 15:56:30.967962,599616313533305577,-179.00
2025-12-25 15:56:30.967962,599616313533305577,-177.00
2025-12-25 15:56:30.967962,599616313533305577,-170.00
2025-12-25 15:56:30.967962,599616313533305577,-165.00
2025-12-25 15:56:30.967962,599616313533305577,-167.00
2025-12-25 15:56:30.967962,599616313533305577,-174.00
2025-12-25 15:56:30.967962,599616313533305577,-177.00
2025-12-25 15:56:30.967962,599616313533305577,-167.00
2025-12-25 15:56:30.967962,599616313533305577,-163.00
2025-12-25 15:56:30.967962,599616313533305577,-163.00
2025-12-25 15:56:30.967962,599616313533305577,-165.00
2025-12-25 15:56:30.967962,599616313533305577,-156.00
2025-12-25 15:56:30.967962,599616313533305577,-151.00
2025-12-25 15:56:30.967962,599616313533305577,-151.00
2025-12-25 15:56:30.967962,599616313533305577,-147.00
2025-12-25 15:56:30.967962,599616313533305577,-137.00
2025-12-25 15:56:30.967962,599616313533305577,-142.00
2025-12-25 15:56:30.967962,599616313533305577,-149.00
2025-12-25 15:56:30.967962,599616313533305577,-151.00
2025-12-25 15:56:30.967962,599616313533305577,-151.00
2025-12-25 15:56:30.967962,599616313533305577,-151.00
2025-12-25 15:56:30.967962,599616313533305577,-151.00
2025-12-25 15:56:30.967962,599616313533305577,-154.00
2025-12-25 15:56:30.967962,599616313533305577,-151.00
2025-12-25 15:56:30.967962,599616313533305577,-137.00
2025-12-25 15:56:30.967962,599616313533305577,-128.00
2025-12-25 15:56:30.967962,599616313533305577,-137.00
2025-12-25 15:56:30.967962,599616313533305577,-154.00
2025-12-25 15:56:30.967962,599616313533305577,-156.00
2025-12-25 15:56:30.967962,599616313533305577,-154.00
2025-12-25 15:56:30.967962,599616313533305577,-160.00
2025-12-25 15:56:30.967962,599616313533305577,-163.00
2025-12-25 15:56:30.967962,599616313533305577,-160.00
2025-12-25 15:56:30.967962,599616313533305577,-163.00
2025-12-25 15:56:30.967962,599616313533305577,-160.00
2025-12-25 15:56:30.967962,599616313533305577,-156.00
2025-12-25 15:56:30.967962,599616313533305577,-160.00
2025-12-25 15:56:30.967962,599616313533305577,-160.00
2025-12-25 15:56:30.967962,599616313533305577,-160.00
2025-12-25 15:56:30.967962,599616313533305577,-170.00
2025-12-25 15:56:30.967962,599616313533305577,-163.00
2025-12-25 15:56:30.967962,599616313533305577,-85.00
2025-12-25 15:56:30.967962,599616313533305577,87.00
2025-12-25 15:56:30.967962,599616313533305577,137.00
2025-12-25 15:56:30.967962,599616313533305577,-156.00
2025-12-25 15:56:30.967962,599616313533305577,-462.00
2025-12-25 15:56:30.967962,599616313533305577,-420.00
2025-12-25 15:56:30.967962,599616313533305577,-298.00
2025-12-25 15:56:30.967962,599616313533305577,-266.00
2025-12-25 15:56:30.967962,599616313533305577,-190.00
2025-12-25 15:56:30.967962,599616313533305577,-133.00
2025-12-25 15:56:30.967962,599616313533305577,-156.00
2025-12-25 15:56:30.967962,599616313533305577,-154.00
2025-12-25 15:56:30.967962,599616313533305577,-124.00
2025-12-25 15:56:30.967962,599616313533305577,-126.00
2025-12-25 15:56:30.967962,599616313533305577,-133.00
2025-12-25 15:56:30.967962,599616313533305577,-121.00
2025-12-25 15:56:30.967962,599616313533305577,-112.00
2025-12-25 15:56:30.967962,599616313533305577,-110.00
2025-12-25 15:56:30.967962,599616313533305577,-110.00
2025-12-25 15:56:30.967962,599616313533305577,-105.00
2025-12-25 15:56:30.967962,599616313533305577,-101.00
2025-12-25 15:56:30.967962,599616313533305577,-103.00
2025-12-25 15:56:30.967962,599616313533305577,-105.00
2025-12-25 15:56:30.967962,599616313533305577,-98.00
2025-12-25 15:56:30.967962,599616313533305577,-89.00
2025-12-25 15:56:30.967962,599616313533305577,-87.00
2025-12-25 15:56:30.967962,599616313533305577,-85.00
2025-12-25 15:56:30.967962,599616313533305577,-80.00
2025-12-25 15:56:30.967962,599616313533305577,-80.00
2025-12-25 15:56:30.967962,599616313533305577,-78.00
2025-12-25 15:56:30.967962,599616313533305577,-75.00
2025-12-25 15:56:31.520872,599616314094155208,-78.00
2025-12-25 15:56:31.520872,599616314094155208,-80.00
2025-12-25 15:56:31.520872,599616314094155208,-94.00
2025-12-25 15:56:31.520872,599616314094155208,-112.00
2025-12-25 15:56:31.520872,599616314094155208,-128.00
2025-12-25 15:56:31.520872,599616314094155208,-133.00
2025-12-25 15:56:31.520872,599616314094155208,-131.00
2025-12-25 15:56:31.520872,599616314094155208,-133.00
2025-12-25 15:56:31.520872,599616314094155208,-151.00
2025-12-25 15:56:31.520872,599616314094155208,-160.00
2025-12-25 15:56:31.520872,599616314094155208,-158.00
2025-12-25 15:56:31.520872,599616314094155208,-154.00
2025-12-25 15:56:31.520872,599616314094155208,-144.00
2025-12-25 15:56:31.520872,599616314094155208,-135.00
2025-12-25 15:56:31.520872,599616314094155208,-135.00
2025-12-25 15:56:31.520872,599616314094155208,-142.00
2025-12-25 15:56:31.520872,599616314094155208,-140.00
2025-12-25 15:56:31.520872,599616314094155208,-133.00
2025-12-25 15:56:31.520872,599616314094155208,-131.00
2025-12-25 15:56:31.520872,599616314094155208,-140.00
2025-12-25 15:56:31.520872,599616314094155208,-149.00
2025-12-25 15:56:31.520872,599616314094155208,-144.00
2025-12-25 15:56:31.520872,599616314094155208,-135.00
2025-12-25 15:56:31.520872,599616314094155208,-135.00
2025-12-25 15:56:31.520872,599616314094155208,-140.00
2025-12-25 15:56:31.520872,599616314094155208,-142.00
2025-12-25 15:56:31.520872,599616314094155208,-147.00
2025-12-25 15:56:31.520872,599616314094155208,-147.00
2025-12-25 15:56:31.520872,599616314094155208,-147.00
2025-12-25 15:56:31.520872,599616314094155208,-154.00
2025-12-25 15:56:31.520872,599616314094155208,-158.00
2025-12-25 15:56:31.520872,599616314094155208,-156.00
2025-12-25 15:56:31.520872,599616314094155208,-151.00
2025-12-25 15:56:31.520872,599616314094155208,-144.00
2025-12-25 15:56:31.520872,599616314094155208,-137.00
2025-12-25 15:56:31.520872,599616314094155208,-135.00
2025-12-25 15:56:31.520872,599616314094155208,-137.00
2025-12-25 15:56:31.520872,599616314094155208,-144.00
2025-12-25 15:56:31.520872,599616314094155208,-156.00
2025-12-25 15:56:31.520872,599616314094155208,-163.00
2025-12-25 15:56:31.520872,599616314094155208,-163.00
2025-12-25 15:56:31.520872,599616314094155208,-160.00
2025-12-25 15:56:31.520872,599616314094155208,-160.00
2025-12-25 15:56:31.520872,599616314094155208,-160.00
2025-12-25 15:56:31.520872,599616314094155208,-163.00
2025-12-25 15:56:31.520872,599616314094155208,-163.00
2025-12-25 15:56:31.520872,599616314094155208,-163.00
2025-12-25 15:56:31.520872,599616314094155208,-158.00
2025-12-25 15:56:31.520872,599616314094155208,-154.00
2025-12-25 15:56:31.520872,599616314094155208,-158.00
2025-12-25 15:56:31.520872,599616314094155208,-160.00
2025-12-25 15:56:31.520872,599616314094155208,-126.00
2025-12-25 15:56:31.520872,599616314094155208,13.00
2025-12-25 15:56:31.520872,599616314094155208,158.00
2025-12-25 15:56:31.520872,599616314094155208,9.00
2025-12-25 15:56:31.520872,599616314094155208,-349.00
2025-12-25 15:56:31.520872,599616314094155208,-450.00
2025-12-25 15:56:31.520872,599616314094155208,-321.00
2025-12-25 15:56:31.520872,599616314094155208,-262.00
2025-12-25 15:56:31.520872,599616314094155208,-213.00
2025-12-25 15:56:31.520872,599616314094155208,-149.00
2025-12-25 15:56:31.520872,599616314094155208,-142.00
2025-12-25 15:56:31.520872,599616314094155208,-156.00
2025-12-25 15:56:31.520872,599616314094155208,-144.00
2025-12-25 15:56:31.520872,599616314094155208,-135.00
2025-12-25 15:56:31.520872,599616314094155208,-131.00
2025-12-25 15:56:31.520872,599616314094155208,-126.00
2025-12-25 15:56:31.520872,599616314094155208,-126.00
2025-12-25 15:56:31.520872,599616314094155208,-126.00
2025-12-25 15:56:31.520872,599616314094155208,-119.00
2025-12-25 15:56:31.520872,599616314094155208,-114.00
2025-12-25 15:56:31.520872,599616314094155208,-110.00
2025-12-25 15:56:31.520872,599616314094155208,-98.00
2025-12-25 15:56:32.174012,599616314655004841,-96.00
2025-12-25 15:56:32.174012,599616314655004841,-98.00
2025-12-25 15:56:32.174012,599616314655004841,-94.00
2025-12-25 15:56:32.174012,599616314655004841,-75.00
2025-12-25 15:56:32.174012,599616314655004841,-59.00
2025-12-25 15:56:32.174012,599616314655004841,-59.00
2025-12-25 15:56:32.174012,599616314655004841,-59.00
2025-12-25 15:56:32.174012,599616314655004841,-52.00
2025-12-25 15:56:32.174012,599616314655004841,-55.00
2025-12-25 15:56:32.174012,599616314655004841,-55.00
2025-12-25 15:56:32.174012,599616314655004841,-43.00
2025-12-25 15:56:32.174012,599616314655004841,-48.00
2025-12-25 15:56:32.174012,599616314655004841,-73.00
2025-12-25 15:56:32.174012,599616314655004841,-89.00
2025-12-25 15:56:32.174012,599616314655004841,-96.00
2025-12-25 15:56:32.174012,599616314655004841,-112.00
2025-12-25 15:56:32.174012,599616314655004841,-133.00
2025-12-25 15:56:32.174012,599616314655004841,-144.00
2025-12-25 15:56:32.174012,599616314655004841,-147.00
2025-12-25 15:56:32.174012,599616314655004841,-144.00
2025-12-25 15:56:32.174012,599616314655004841,-144.00
2025-12-25 15:56:32.174012,599616314655004841,-142.00
2025-12-25 15:56:32.174012,599616314655004841,-142.00
2025-12-25 15:56:32.174012,599616314655004841,-147.00
2025-12-25 15:56:32.174012,599616314655004841,-154.00
2025-12-25 15:56:32.174012,599616314655004841,-154.00
2025-12-25 15:56:32.174012,599616314655004841,-144.00
2025-12-25 15:56:32.174012,599616314655004841,-142.00
2025-12-25 15:56:32.174012,599616314655004841,-151.00
2025-12-25 15:56:32.174012,599616314655004841,-163.00
2025-12-25 15:56:32.174012,599616314655004841,-158.00
2025-12-25 15:56:32.174012,599616314655004841,-151.00
2025-12-25 15:56:32.174012,599616314655004841,-156.00
2025-12-25 15:56:32.174012,599616314655004841,-154.00
2025-12-25 15:56:32.174012,599616314655004841,-147.00
2025-12-25 15:56:32.174012,599616314655004841,-154.00
2025-12-25 15:56:32.174012,599616314655004841,-165.00
2025-12-25 15:56:32.174012,599616314655004841,-165.00
2025-12-25 15:56:32.174012,599616314655004841,-158.00
2025-12-25 15:56:32.174012,599616314655004841,-156.00
2025-12-25 15:56:32.174012,599616314655004841,-156.00
2025-12-25 15:56:32.174012,599616314655004841,-156.00
2025-12-25 15:56:32.174012,599616314655004841,-156.00
2025-12-25 15:56:32.174012,599616314655004841,-149.00
2025-12-25 15:56:32.174012,599616314655004841,-131.00
2025-12-25 15:56:32.174012,599616314655004841,-131.00
2025-12-25 15:56:32.174012,599616314655004841,-149.00
2025-12-25 15:56:32.174012,599616314655004841,-165.00
2025-12-25 15:56:32.174012,599616314655004841,-167.00
2025-12-25 15:56:32.174012,599616314655004841,-167.00
2025-12-25 15:56:32.174012,599616314655004841,-167.00
2025-12-25 15:56:32.174012,599616314655004841,-160.00
2025-12-25 15:56:32.174012,599616314655004841,-158.00
2025-12-25 15:56:32.174012,599616314655004841,-167.00
2025-12-25 15:56:32.174012,599616314655004841,-170.00
2025-12-25 15:56:32.174012,599616314655004841,-163.00
2025-12-25 15:56:32.174012,599616314655004841,-160.00
2025-12-25 15:56:32.174012,599616314655004841,-163.00
2025-12-25 15:56:32.174012,599616314655004841,-160.00
2025-12-25 15:56:32.174012,599616314655004841,-167.00
2025-12-25 15:56:32.174012,599616314655004841,-149.00
2025-12-25 15:56:32.174012,599616314655004841,-22.00
2025-12-25 15:56:32.174012,599616314655004841,135.00
2025-12-25 15:56:32.174012,599616314655004841,39.00
2025-12-25 15:56:32.174012,599616314655004841,-305.00
2025-12-25 15:56:32.174012,599616314655004841,-450.00
2025-12-25 15:56:32.174012,599616314655004841,-342.00
2025-12-25 15:56:32.174012,599616314655004841,-266.00
2025-12-25 15:56:32.174012,599616314655004841,-216.00
2025-12-25 15:56:32.174012,599616314655004841,-147.00
2025-12-25 15:56:32.174012,599616314655004841,-133.00
2025-12-25 15:56:32.174012,599616314655004841,-140.00
2025-12-25 15:56:32.174012,599616314655004841,-124.00
2025-12-25 15:56:32.776823,599616315215854472,-117.00
2025-12-25 15:56:32.776823,599616315215854472,-124.00
2025-12-25 15:56:32.776823,599616315215854472,-117.00
2025-12-25 15:56:32.776823,599616315215854472,-108.00
2025-12-25 15:56:32.776823,599616315215854472,-114.00
2025-12-25 15:56:32.776823,599616315215854472,-119.00
2025-12-25 15:56:32.776823,599616315215854472,-112.00
2025-12-25 15:56:32.776823,599616315215854472,-108.00
2025-12-25 15:56:32.776823,599616315215854472,-103.00
2025-12-25 15:56:32.776823,599616315215854472,-96.00
2025-12-25 15:56:32.776823,599616315215854472,-94.00
2025-12-25 15:56:32.776823,599616315215854472,-91.00
2025-12-25 15:56:32.776823,599616315215854472,-80.00
2025-12-25 15:56:32.776823,599616315215854472,-62.00
2025-12-25 15:56:32.776823,599616315215854472,-55.00
2025-12-25 15:56:32.776823,599616315215854472,-59.00
2025-12-25 15:56:32.776823,599616315215854472,-64.00
2025-12-25 15:56:32.776823,599616315215854472,-66.00
2025-12-25 15:56:32.776823,599616315215854472,-59.00
2025-12-25 15:56:32.776823,599616315215854472,-48.00
2025-12-25 15:56:32.776823,599616315215854472,-59.00
2025-12-25 15:56:32.776823,599616315215854472,-87.00
2025-12-25 15:56:32.776823,599616315215854472,-103.00
2025-12-25 15:56:32.776823,599616315215854472,-114.00
2025-12-25 15:56:32.776823,599616315215854472,-126.00
2025-12-25 15:56:32.776823,599616315215854472,-137.00
2025-12-25 15:56:32.776823,599616315215854472,-149.00
2025-12-25 15:56:32.776823,599616315215854472,-156.00
2025-12-25 15:56:32.776823,599616315215854472,-156.00
2025-12-25 15:56:32.776823,599616315215854472,-156.00
2025-12-25 15:56:32.776823,599616315215854472,-158.00
2025-12-25 15:56:32.776823,599616315215854472,-154.00
2025-12-25 15:56:32.776823,599616315215854472,-144.00
2025-12-25 15:56:32.776823,599616315215854472,-140.00
2025-12-25 15:56:32.776823,599616315215854472,-140.00
2025-12-25 15:56:32.776823,599616315215854472,-142.00
2025-12-25 15:56:32.776823,599616315215854472,-144.00
2025-12-25 15:56:32.776823,599616315215854472,-140.00
2025-12-25 15:56:32.776823,599616315215854472,-142.00
2025-12-25 15:56:32.776823,599616315215854472,-149.00
2025-12-25 15:56:32.776823,599616315215854472,-149.00
2025-12-25 15:56:32.776823,599616315215854472,-149.00
2025-12-25 15:56:32.776823,599616315215854472,-149.00
2025-12-25 15:56:32.776823,599616315215854472,-154.00
2025-12-25 15:56:32.776823,599616315215854472,-158.00
2025-12-25 15:56:32.776823,599616315215854472,-156.00
2025-12-25 15:56:32.776823,599616315215854472,-156.00
2025-12-25 15:56:32.776823,599616315215854472,-160.00
2025-12-25 15:56:32.776823,599616315215854472,-165.00
2025-12-25 15:56:32.776823,599616315215854472,-163.00
2025-12-25 15:56:32.776823,599616315215854472,-158.00
2025-12-25 15:56:32.776823,599616315215854472,-147.00
2025-12-25 15:56:32.776823,599616315215854472,-137.00
2025-12-25 15:56:32.776823,599616315215854472,-140.00
2025-12-25 15:56:32.776823,599616315215854472,-144.00
2025-12-25 15:56:32.776823,599616315215854472,-154.00
2025-12-25 15:56:32.776823,599616315215854472,-158.00
2025-12-25 15:56:32.776823,599616315215854472,-160.00
2025-12-25 15:56:32.776823,599616315215854472,-158.00
2025-12-25 15:56:32.776823,599616315215854472,-154.00
2025-12-25 15:56:32.776823,599616315215854472,-151.00
2025-12-25 15:56:32.776823,599616315215854472,-156.00
2025-12-25 15:56:32.776823,599616315215854472,-154.00
2025-12-25 15:56:32.776823,599616315215854472,-147.00
2025-12-25 15:56:32.776823,599616315215854472,-149.00
2025-12-25 15:56:32.776823,599616315215854472,-151.00
2025-12-25 15:56:32.776823,599616315215854472,-154.00
2025-12-25 15:56:32.776823,599616315215854472,-158.00
2025-12-25 15:56:32.776823,599616315215854472,-126.00
2025-12-25 15:56:32.776823,599616315215854472,0.00
2025-12-25 15:56:32.776823,599616315215854472,158.00
2025-12-25 15:56:32.776823,599616315215854472,45.00
2025-12-25 15:56:32.776823,599616315215854472,-321.00
2025-12-25 15:56:33.329005,599616315776688843,-471.00
2025-12-25 15:56:33.329005,599616315776688843,-347.00
2025-12-25 15:56:33.329005,599616315776688843,-268.00
2025-12-25 15:56:33.329005,599616315776688843,-225.00
2025-12-25 15:56:33.329005,599616315776688843,-142.00
2025-12-25 15:56:33.329005,599616315776688843,-124.00
2025-12-25 15:56:33.329005,599616315776688843,-144.00
2025-12-25 15:56:33.329005,599616315776688843,-137.00
2025-12-25 15:56:33.329005,599616315776688843,-126.00
2025-12-25 15:56:33.329005,599616315776688843,-124.00
2025-12-25 15:56:33.329005,599616315776688843,-110.00
2025-12-25 15:56:33.329005,599616315776688843,-98.00
2025-12-25 15:56:33.329005,599616315776688843,-108.00
2025-12-25 15:56:33.329005,599616315776688843,-112.00
2025-12-25 15:56:33.329005,599616315776688843,-103.00
2025-12-25 15:56:33.329005,599616315776688843,-94.00
2025-12-25 15:56:33.329005,599616315776688843,-82.00
2025-12-25 15:56:33.329005,599616315776688843,-80.00
2025-12-25 15:56:33.329005,599616315776688843,-82.00
2025-12-25 15:56:33.329005,599616315776688843,-71.00
2025-12-25 15:56:33.329005,599616315776688843,-64.00
2025-12-25 15:56:33.329005,599616315776688843,-73.00
2025-12-25 15:56:33.329005,599616315776688843,-71.00
2025-12-25 15:56:33.329005,599616315776688843,-57.00
2025-12-25 15:56:33.329005,599616315776688843,-52.00
2025-12-25 15:56:33.329005,599616315776688843,-64.00
2025-12-25 15:56:33.329005,599616315776688843,-73.00
2025-12-25 15:56:33.329005,599616315776688843,-66.00
2025-12-25 15:56:33.329005,599616315776688843,-62.00
2025-12-25 15:56:33.329005,599616315776688843,-80.00
2025-12-25 15:56:33.329005,599616315776688843,-105.00
2025-12-25 15:56:33.329005,599616315776688843,-121.00
2025-12-25 15:56:33.329005,599616315776688843,-137.00
2025-12-25 15:56:33.329005,599616315776688843,-151.00
2025-12-25 15:56:33.329005,599616315776688843,-158.00
2025-12-25 15:56:33.329005,599616315776688843,-167.00
2025-12-25 15:56:33.329005,599616315776688843,-170.00
2025-12-25 15:56:33.329005,599616315776688843,-163.00
2025-12-25 15:56:33.329005,599616315776688843,-156.00
2025-12-25 15:56:33.329005,599616315776688843,-151.00
2025-12-25 15:56:33.329005,599616315776688843,-154.00
2025-12-25 15:56:33.329005,599616315776688843,-156.00
2025-12-25 15:56:33.329005,599616315776688843,-149.00
2025-12-25 15:56:33.329005,599616315776688843,-147.00
2025-12-25 15:56:33.329005,599616315776688843,-154.00
2025-12-25 15:56:33.329005,599616315776688843,-156.00
2025-12-25 15:56:33.329005,599616315776688843,-151.00
2025-12-25 15:56:33.329005,599616315776688843,-151.00
2025-12-25 15:56:33.329005,599616315776688843,-156.00
2025-12-25 15:56:33.329005,599616315776688843,-154.00
2025-12-25 15:56:33.329005,599616315776688843,-144.00
2025-12-25 15:56:33.329005,599616315776688843,-140.00
2025-12-25 15:56:33.329005,599616315776688843,-147.00
2025-12-25 15:56:33.329005,599616315776688843,-154.00
2025-12-25 15:56:33.329005,599616315776688843,-151.00
2025-12-25 15:56:33.329005,599616315776688843,-149.00
2025-12-25 15:56:33.329005,599616315776688843,-149.00
2025-12-25 15:56:33.329005,599616315776688843,-147.00
2025-12-25 15:56:33.329005,599616315776688843,-137.00
2025-12-25 15:56:33.329005,599616315776688843,-128.00
2025-12-25 15:56:33.329005,599616315776688843,-135.00
2025-12-25 15:56:33.329005,599616315776688843,-149.00
2025-12-25 15:56:33.329005,599616315776688843,-160.00
2025-12-25 15:56:33.329005,599616315776688843,-167.00
2025-12-25 15:56:33.329005,599616315776688843,-167.00
2025-12-25 15:56:33.329005,599616315776688843,-156.00
2025-12-25 15:56:33.329005,599616315776688843,-156.00
2025-12-25 15:56:33.329005,599616315776688843,-160.00
2025-12-25 15:56:33.329005,599616315776688843,-160.00
2025-12-25 15:56:33.329005,599616315776688843,-160.00
2025-12-25 15:56:33.329005,599616315776688843,-163.00
2025-12-25 15:56:33.329005,599616315776688843,-160.00
2025-12-25 15:56:33.329005,599616315776688843,-160.00
2025-12-25 15:56:34.031178,599616316337523216,-165.00
2025-12-25 15:56:34.031178,599616316337523216,-167.00
2025-12-25 15:56:34.031178,599616316337523216,-114.00
2025-12-25 15:56:34.031178,599616316337523216,50.00
2025-12-25 15:56:34.031178,599616316337523216,165.00
2025-12-25 15:56:34.031178,599616316337523216,-59.00
2025-12-25 15:56:34.031178,599616316337523216,-416.00
2025-12-25 15:56:34.031178,599616316337523216,-446.00
2025-12-25 15:56:34.031178,599616316337523216,-317.00
2025-12-25 15:56:34.031178,599616316337523216,-291.00
2025-12-25 15:56:34.031178,599616316337523216,-234.00
2025-12-25 15:56:34.031178,599616316337523216,-144.00
2025-12-25 15:56:34.031178,599616316337523216,-142.00
2025-12-25 15:56:34.031178,599616316337523216,-156.00
2025-12-25 15:56:34.031178,599616316337523216,-133.00
2025-12-25 15:56:34.031178,599616316337523216,-126.00
2025-12-25 15:56:34.031178,599616316337523216,-137.00
2025-12-25 15:56:34.031178,599616316337523216,-133.00
2025-12-25 15:56:34.031178,599616316337523216,-121.00
2025-12-25 15:56:34.031178,599616316337523216,-110.00
2025-12-25 15:56:34.031178,599616316337523216,-105.00
2025-12-25 15:56:34.031178,599616316337523216,-112.00
2025-12-25 15:56:34.031178,599616316337523216,-108.00
2025-12-25 15:56:34.031178,599616316337523216,-98.00
2025-12-25 15:56:34.031178,599616316337523216,-96.00
2025-12-25 15:56:34.031178,599616316337523216,-82.00
2025-12-25 15:56:34.031178,599616316337523216,-73.00
2025-12-25 15:56:34.031178,599616316337523216,-78.00
2025-12-25 15:56:34.031178,599616316337523216,-78.00
2025-12-25 15:56:34.031178,599616316337523216,-66.00
2025-12-25 15:56:34.031178,599616316337523216,-59.00
2025-12-25 15:56:34.031178,599616316337523216,-62.00
2025-12-25 15:56:34.031178,599616316337523216,-66.00
2025-12-25 15:56:34.031178,599616316337523216,-71.00
2025-12-25 15:56:34.031178,599616316337523216,-75.00
2025-12-25 15:56:34.031178,599616316337523216,-91.00
2025-12-25 15:56:34.031178,599616316337523216,-108.00
2025-12-25 15:56:34.031178,599616316337523216,-119.00
2025-12-25 15:56:34.031178,599616316337523216,-140.00
2025-12-25 15:56:34.031178,599616316337523216,-160.00
2025-12-25 15:56:34.031178,599616316337523216,-177.00
2025-12-25 15:56:34.031178,599616316337523216,-179.00
2025-12-25 15:56:34.031178,599616316337523216,-177.00
2025-12-25 15:56:34.031178,599616316337523216,-174.00
2025-12-25 15:56:34.031178,599616316337523216,-172.00
2025-12-25 15:56:34.031178,599616316337523216,-167.00
2025-12-25 15:56:34.031178,599616316337523216,-163.00
2025-12-25 15:56:34.031178,599616316337523216,-160.00
2025-12-25 15:56:34.031178,599616316337523216,-149.00
2025-12-25 15:56:34.031178,599616316337523216,-142.00
2025-12-25 15:56:34.031178,599616316337523216,-149.00
2025-12-25 15:56:34.031178,599616316337523216,-151.00
2025-12-25 15:56:34.031178,599616316337523216,-147.00
2025-12-25 15:56:34.031178,599616316337523216,-149.00
2025-12-25 15:56:34.031178,599616316337523216,-149.00
2025-12-25 15:56:34.031178,599616316337523216,-144.00
2025-12-25 15:56:34.031178,599616316337523216,-149.00
2025-12-25 15:56:34.031178,599616316337523216,-151.00
2025-12-25 15:56:34.031178,599616316337523216,-154.00
2025-12-25 15:56:34.031178,599616316337523216,-158.00
2025-12-25 15:56:34.031178,599616316337523216,-163.00
2025-12-25 15:56:34.031178,599616316337523216,-163.00
2025-12-25 15:56:34.031178,599616316337523216,-160.00
2025-12-25 15:56:34.031178,599616316337523216,-160.00
2025-12-25 15:56:34.031178,599616316337523216,-160.00
2025-12-25 15:56:34.031178,599616316337523216,-149.00
2025-12-25 15:56:34.031178,599616316337523216,-135.00
2025-12-25 15:56:34.031178,599616316337523216,-140.00
2025-12-25 15:56:34.031178,599616316337523216,-158.00
2025-12-25 15:56:34.031178,599616316337523216,-165.00
2025-12-25 15:56:34.031178,599616316337523216,-170.00
2025-12-25 15:56:34.031178,599616316337523216,-172.00
2025-12-25 15:56:34.031178,599616316337523216,-163.00
2025-12-25 15:56:34.332274,599616316898372847,-167.00
2025-12-25 15:56:34.332274,599616316898372847,-174.00
2025-12-25 15:56:34.332274,599616316898372847,-170.00
2025-12-25 15:56:34.332274,599616316898372847,-170.00
2025-12-25 15:56:34.332274,599616316898372847,-170.00
2025-12-25 15:56:34.332274,599616316898372847,-167.00
2025-12-25 15:56:34.332274,599616316898372847,-165.00
2025-12-25 15:56:34.332274,599616316898372847,-167.00
2025-12-25 15:56:34.332274,599616316898372847,-158.00
2025-12-25 15:56:34.332274,599616316898372847,-87.00
2025-12-25 15:56:34.332274,599616316898372847,82.00
2025-12-25 15:56:34.332274,599616316898372847,163.00
2025-12-25 15:56:34.332274,599616316898372847,-114.00
2025-12-25 15:56:34.332274,599616316898372847,-446.00
2025-12-25 15:56:34.332274,599616316898372847,-425.00
2025-12-25 15:56:34.332274,599616316898372847,-294.00
2025-12-25 15:56:34.332274,599616316898372847,-252.00
2025-12-25 15:56:34.332274,599616316898372847,-172.00
2025-12-25 15:56:34.332274,599616316898372847,-112.00
2025-12-25 15:56:34.332274,599616316898372847,-133.00
2025-12-25 15:56:34.332274,599616316898372847,-135.00
2025-12-25 15:56:34.332274,599616316898372847,-110.00
2025-12-25 15:56:34.332274,599616316898372847,-103.00
2025-12-25 15:56:34.332274,599616316898372847,-105.00
2025-12-25 15:56:34.332274,599616316898372847,-101.00
2025-12-25 15:56:34.332274,599616316898372847,-98.00
2025-12-25 15:56:34.332274,599616316898372847,-101.00
2025-12-25 15:56:34.332274,599616316898372847,-98.00
2025-12-25 15:56:34.332274,599616316898372847,-87.00
2025-12-25 15:56:34.332274,599616316898372847,-78.00
2025-12-25 15:56:34.332274,599616316898372847,-80.00
2025-12-25 15:56:34.332274,599616316898372847,-85.00
2025-12-25 15:56:34.332274,599616316898372847,-82.00
2025-12-25 15:56:34.332274,599616316898372847,-78.00
2025-12-25 15:56:34.332274,599616316898372847,-71.00
2025-12-25 15:56:34.332274,599616316898372847,-64.00
2025-12-25 15:56:34.332274,599616316898372847,-62.00
2025-12-25 15:56:34.332274,599616316898372847,-62.00
2025-12-25 15:56:34.332274,599616316898372847,-59.00
2025-12-25 15:56:34.332274,599616316898372847,-62.00
2025-12-25 15:56:34.332274,599616316898372847,-62.00
2025-12-25 15:56:34.332274,599616316898372847,-68.00
2025-12-25 15:56:34.332274,599616316898372847,-89.00
2025-12-25 15:56:34.332274,599616316898372847,-108.00
2025-12-25 15:56:34.332274,599616316898372847,-119.00
2025-12-25 15:56:34.332274,599616316898372847,-131.00
2025-12-25 15:56:34.332274,599616316898372847,-135.00
2025-12-25 15:56:34.332274,599616316898372847,-144.00
2025-12-25 15:56:34.332274,599616316898372847,-165.00
2025-12-25 15:56:34.332274,599616316898372847,-170.00
2025-12-25 15:56:34.332274,599616316898372847,-170.00
2025-12-25 15:56:34.332274,599616316898372847,-172.00
2025-12-25 15:56:34.332274,599616316898372847,-167.00
2025-12-25 15:56:34.332274,599616316898372847,-158.00
2025-12-25 15:56:34.332274,599616316898372847,-160.00
2025-12-25 15:56:34.332274,599616316898372847,-165.00
2025-12-25 15:56:34.332274,599616316898372847,-160.00
2025-12-25 15:56:34.332274,599616316898372847,-158.00
2025-12-25 15:56:34.332274,599616316898372847,-156.00
2025-12-25 15:56:34.332274,599616316898372847,-154.00
2025-12-25 15:56:34.332274,599616316898372847,-154.00
2025-12-25 15:56:34.332274,599616316898372847,-158.00
2025-12-25 15:56:34.332274,599616316898372847,-160.00
2025-12-25 15:56:34.332274,599616316898372847,-156.00
2025-12-25 15:56:34.332274,599616316898372847,-156.00
2025-12-25 15:56:34.332274,599616316898372847,-158.00
2025-12-25 15:56:34.332274,599616316898372847,-160.00
2025-12-25 15:56:34.332274,599616316898372847,-170.00
2025-12-25 15:56:34.332274,599616316898372847,-174.00
2025-12-25 15:56:34.332274,599616316898372847,-165.00
2025-12-25 15:56:34.332274,599616316898372847,-156.00
2025-12-25 15:56:34.332274,599616316898372847,-149.00
2025-12-25 15:56:34.332274,599616316898372847,-142.00
2025-12-25 15:56:34.833944,599616317459222476,-144.00
2025-12-25 15:56:34.833944,599616317459222476,-158.00
2025-12-25 15:56:34.833944,599616317459222476,-163.00
2025-12-25 15:56:34.833944,599616317459222476,-165.00
2025-12-25 15:56:34.833944,599616317459222476,-172.00
2025-12-25 15:56:34.833944,599616317459222476,-174.00
2025-12-25 15:56:34.833944,599616317459222476,-172.00
2025-12-25 15:56:34.833944,599616317459222476,-167.00
2025-12-25 15:56:34.833944,599616317459222476,-154.00
2025-12-25 15:56:34.833944,599616317459222476,-154.00
2025-12-25 15:56:34.833944,599616317459222476,-158.00
2025-12-25 15:56:34.833944,599616317459222476,-154.00
2025-12-25 15:56:34.833944,599616317459222476,-151.00
2025-12-25 15:56:34.833944,599616317459222476,-160.00
2025-12-25 15:56:34.833944,599616317459222476,-163.00
2025-12-25 15:56:34.833944,599616317459222476,-121.00
2025-12-25 15:56:34.833944,599616317459222476,16.00
2025-12-25 15:56:34.833944,599616317459222476,158.00
2025-12-25 15:56:34.833944,599616317459222476,9.00
2025-12-25 15:56:34.833944,599616317459222476,-360.00
2025-12-25 15:56:34.833944,599616317459222476,-473.00
2025-12-25 15:56:34.833944,599616317459222476,-340.00
2025-12-25 15:56:34.833944,599616317459222476,-271.00
2025-12-25 15:56:34.833944,599616317459222476,-229.00
2025-12-25 15:56:34.833944,599616317459222476,-160.00
2025-12-25 15:56:34.833944,599616317459222476,-147.00
2025-12-25 15:56:34.833944,599616317459222476,-158.00
2025-12-25 15:56:34.833944,599616317459222476,-137.00
2025-12-25 15:56:34.833944,599616317459222476,-119.00
2025-12-25 15:56:34.833944,599616317459222476,-121.00
2025-12-25 15:56:34.833944,599616317459222476,-126.00
2025-12-25 15:56:34.833944,599616317459222476,-124.00
2025-12-25 15:56:34.833944,599616317459222476,-119.00
2025-12-25 15:56:34.833944,599616317459222476,-124.00
2025-12-25 15:56:34.833944,599616317459222476,-124.00
2025-12-25 15:56:34.833944,599616317459222476,-112.00
2025-12-25 15:56:34.833944,599616317459222476,-112.00
2025-12-25 15:56:34.833944,599616317459222476,-114.00
2025-12-25 15:56:34.833944,599616317459222476,-105.00
2025-12-25 15:56:34.833944,599616317459222476,-103.00
2025-12-25 15:56:34.833944,599616317459222476,-105.00
2025-12-25 15:56:34.833944,599616317459222476,-94.00
2025-12-25 15:56:34.833944,599616317459222476,-85.00
2025-12-25 15:56:34.833944,599616317459222476,-91.00
2025-12-25 15:56:34.833944,599616317459222476,-98.00
2025-12-25 15:56:34.833944,599616317459222476,-98.00
2025-12-25 15:56:34.833944,599616317459222476,-101.00
2025-12-25 15:56:34.833944,599616317459222476,-108.00
2025-12-25 15:56:34.833944,599616317459222476,-114.00
2025-12-25 15:56:34.833944,599616317459222476,-128.00
2025-12-25 15:56:34.833944,599616317459222476,-144.00
2025-12-25 15:56:34.833944,599616317459222476,-160.00
2025-12-25 15:56:34.833944,599616317459222476,-177.00
2025-12-25 15:56:34.833944,599616317459222476,-193.00
2025-12-25 15:56:34.833944,599616317459222476,-200.00
2025-12-25 15:56:34.833944,599616317459222476,-197.00
2025-12-25 15:56:34.833944,599616317459222476,-200.00
2025-12-25 15:56:34.833944,599616317459222476,-202.00
2025-12-25 15:56:34.833944,599616317459222476,-202.00
2025-12-25 15:56:34.833944,599616317459222476,-197.00
2025-12-25 15:56:34.833944,599616317459222476,-179.00
2025-12-25 15:56:34.833944,599616317459222476,-167.00
2025-12-25 15:56:34.833944,599616317459222476,-183.00
2025-12-25 15:56:34.833944,599616317459222476,-193.00
2025-12-25 15:56:34.833944,599616317459222476,-174.00
2025-12-25 15:56:34.833944,599616317459222476,-165.00
2025-12-25 15:56:34.833944,599616317459222476,-174.00
2025-12-25 15:56:34.833944,599616317459222476,-172.00
2025-12-25 15:56:34.833944,599616317459222476,-154.00
2025-12-25 15:56:34.833944,599616317459222476,-149.00
2025-12-25 15:56:34.833944,599616317459222476,-160.00
2025-12-25 15:56:34.833944,599616317459222476,-165.00
2025-12-25 15:56:34.833944,599616317459222476,-158.00
2025-12-25 15:56:35.486193,599616318020046679,-160.00
2025-12-25 15:56:35.486193,599616318020046679,-167.00
2025-12-25 15:56:35.486193,599616318020046679,-163.00
2025-12-25 15:56:35.486193,599616318020046679,-160.00
2025-12-25 15:56:35.486193,599616318020046679,-151.00
2025-12-25 15:56:35.486193,599616318020046679,-121.00
2025-12-25 15:56:35.486193,599616318020046679,-108.00
2025-12-25 15:56:35.486193,599616318020046679,-131.00
2025-12-25 15:56:35.486193,599616318020046679,-144.00
2025-12-25 15:56:35.486193,599616318020046679,-142.00
2025-12-25 15:56:35.486193,599616318020046679,-140.00
2025-12-25 15:56:35.486193,599616318020046679,-135.00
2025-12-25 15:56:35.486193,599616318020046679,-140.00
2025-12-25 15:56:35.486193,599616318020046679,-142.00
2025-12-25 15:56:35.486193,599616318020046679,-137.00
2025-12-25 15:56:35.486193,599616318020046679,-140.00
2025-12-25 15:56:35.486193,599616318020046679,-137.00
2025-12-25 15:56:35.486193,599616318020046679,-133.00
2025-12-25 15:56:35.486193,599616318020046679,-135.00
2025-12-25 15:56:35.486193,599616318020046679,-133.00
2025-12-25 15:56:35.486193,599616318020046679,-110.00
2025-12-25 15:56:35.486193,599616318020046679,-18.00
2025-12-25 15:56:35.486193,599616318020046679,174.00
2025-12-25 15:56:35.486193,599616318020046679,232.00
2025-12-25 15:56:35.486193,599616318020046679,-89.00
2025-12-25 15:56:35.486193,599616318020046679,-416.00
2025-12-25 15:56:35.486193,599616318020046679,-377.00
2025-12-25 15:56:35.486193,599616318020046679,-266.00
2025-12-25 15:56:35.486193,599616318020046679,-241.00
2025-12-25 15:56:35.486193,599616318020046679,-163.00
2025-12-25 15:56:35.486193,599616318020046679,-98.00
2025-12-25 15:56:35.486193,599616318020046679,-112.00
2025-12-25 15:56:35.486193,599616318020046679,-114.00
2025-12-25 15:56:35.486193,599616318020046679,-96.00
2025-12-25 15:56:35.486193,599616318020046679,-96.00
2025-12-25 15:56:35.486193,599616318020046679,-98.00
2025-12-25 15:56:35.486193,599616318020046679,-91.00
2025-12-25 15:56:35.486193,599616318020046679,-91.00
2025-12-25 15:56:35.486193,599616318020046679,-94.00
2025-12-25 15:56:35.486193,599616318020046679,-91.00
2025-12-25 15:56:35.486193,599616318020046679,-85.00
2025-12-25 15:56:35.486193,599616318020046679,-85.00
2025-12-25 15:56:35.486193,599616318020046679,-87.00
2025-12-25 15:56:35.486193,599616318020046679,-80.00
2025-12-25 15:56:35.486193,599616318020046679,-73.00
2025-12-25 15:56:35.486193,599616318020046679,-68.00
2025-12-25 15:56:35.486193,599616318020046679,-62.00
2025-12-25 15:56:35.486193,599616318020046679,-57.00
2025-12-25 15:56:35.486193,599616318020046679,-62.00
2025-12-25 15:56:35.486193,599616318020046679,-57.00
2025-12-25 15:56:35.486193,599616318020046679,-52.00
2025-12-25 15:56:35.486193,599616318020046679,-59.00
2025-12-25 15:56:35.486193,599616318020046679,-68.00
2025-12-25 15:56:35.486193,599616318020046679,-71.00
2025-12-25 15:56:35.486193,599616318020046679,-82.00
2025-12-25 15:56:35.486193,599616318020046679,-105.00
2025-12-25 15:56:35.486193,599616318020046679,-126.00
2025-12-25 15:56:35.486193,599616318020046679,-133.00
2025-12-25 15:56:35.486193,599616318020046679,-137.00
2025-12-25 15:56:35.486193,599616318020046679,-156.00
2025-12-25 15:56:35.486193,599616318020046679,-170.00
2025-12-25 15:56:35.486193,599616318020046679,-170.00
2025-12-25 15:56:35.486193,599616318020046679,-170.00
2025-12-25 15:56:35.486193,599616318020046679,-170.00
2025-12-25 15:56:35.486193,599616318020046679,-165.00
2025-12-25 15:56:35.486193,599616318020046679,-160.00
2025-12-25 15:56:35.486193,599616318020046679,-156.00
2025-12-25 15:56:35.486193,599616318020046679,-151.00
2025-12-25 15:56:35.486193,599616318020046679,-149.00
2025-12-25 15:56:35.486193,599616318020046679,-147.00
2025-12-25 15:56:35.486193,599616318020046679,-142.00
2025-12-25 15:56:35.486193,599616318020046679,-142.00
2025-12-25 15:56:35.486193,599616318020046679,-144.00
2025-12-25 15:56:36.137917,599616318580901396,-147.00
2025-12-25 15:56:36.137917,599616318580901396,-144.00
2025-12-25 15:56:36.137917,599616318580901396,-140.00
2025-12-25 15:56:36.137917,599616318580901396,-133.00
2025-12-25 15:56:36.137917,599616318580901396,-133.00
2025-12-25 15:56:36.137917,599616318580901396,-137.00
2025-12-25 15:56:36.137917,599616318580901396,-140.00
2025-12-25 15:56:36.137917,599616318580901396,-137.00
2025-12-25 15:56:36.137917,599616318580901396,-121.00
2025-12-25 15:56:36.137917,599616318580901396,-101.00
2025-12-25 15:56:36.137917,599616318580901396,-103.00
2025-12-25 15:56:36.137917,599616318580901396,-119.00
2025-12-25 15:56:36.137917,599616318580901396,-128.00
2025-12-25 15:56:36.137917,599616318580901396,-114.00
2025-12-25 15:56:36.137917,599616318580901396,-94.00
2025-12-25 15:56:36.137917,599616318580901396,-87.00
2025-12-25 15:56:36.137917,599616318580901396,-91.00
2025-12-25 15:56:36.137917,599616318580901396,-94.00
2025-12-25 15:56:36.137917,599616318580901396,-96.00
2025-12-25 15:56:36.137917,599616318580901396,-98.00
2025-12-25 15:56:36.137917,599616318580901396,-94.00
2025-12-25 15:56:36.137917,599616318580901396,-94.00
2025-12-25 15:56:36.137917,599616318580901396,-105.00
2025-12-25 15:56:36.137917,599616318580901396,-110.00
2025-12-25 15:56:36.137917,599616318580901396,-87.00
2025-12-25 15:56:36.137917,599616318580901396,22.00
2025-12-25 15:56:36.137917,599616318580901396,216.00
2025-12-25 15:56:36.137917,599616318580901396,204.00
2025-12-25 15:56:36.137917,599616318580901396,-165.00
2025-12-25 15:56:36.137917,599616318580901396,-439.00
2025-12-25 15:56:36.137917,599616318580901396,-342.00
2025-12-25 15:56:36.137917,599616318580901396,-232.00
2025-12-25 15:56:36.137917,599616318580901396,-209.00
2025-12-25 15:56:36.137917,599616318580901396,-131.00
2025-12-25 15:56:36.137917,599616318580901396,-85.00
2025-12-25 15:56:36.137917,599616318580901396,-108.00
2025-12-25 15:56:36.137917,599616318580901396,-108.00
2025-12-25 15:56:36.137917,599616318580901396,-85.00
2025-12-25 15:56:36.137917,599616318580901396,-87.00
2025-12-25 15:56:36.137917,599616318580901396,-96.00
2025-12-25 15:56:36.137917,599616318580901396,-96.00
2025-12-25 15:56:36.137917,599616318580901396,-85.00
2025-12-25 15:56:36.137917,599616318580901396,-78.00
2025-12-25 15:56:36.137917,599616318580901396,-80.00
2025-12-25 15:56:36.137917,599616318580901396,-75.00
2025-12-25 15:56:36.137917,599616318580901396,-68.00
2025-12-25 15:56:36.137917,599616318580901396,-78.00
2025-12-25 15:56:36.137917,599616318580901396,-82.00
2025-12-25 15:56:36.137917,599616318580901396,-73.00
2025-12-25 15:56:36.137917,599616318580901396,-64.00
2025-12-25 15:56:36.137917,599616318580901396,-59.00
2025-12-25 15:56:36.137917,599616318580901396,-57.00
2025-12-25 15:56:36.137917,599616318580901396,-52.00
2025-12-25 15:56:36.137917,599616318580901396,-59.00
2025-12-25 15:56:36.137917,599616318580901396,-64.00
2025-12-25 15:56:36.137917,599616318580901396,-62.00
2025-12-25 15:56:36.137917,599616318580901396,-66.00
2025-12-25 15:56:36.137917,599616318580901396,-82.00
2025-12-25 15:56:36.137917,599616318580901396,-105.00
2025-12-25 15:56:36.137917,599616318580901396,-121.00
2025-12-25 15:56:36.137917,599616318580901396,-137.00
2025-12-25 15:56:36.137917,599616318580901396,-154.00
2025-12-25 15:56:36.137917,599616318580901396,-170.00
2025-12-25 15:56:36.137917,599616318580901396,-181.00
2025-12-25 15:56:36.137917,599616318580901396,-188.00
2025-12-25 15:56:36.137917,599616318580901396,-186.00
2025-12-25 15:56:36.137917,599616318580901396,-179.00
2025-12-25 15:56:36.137917,599616318580901396,-174.00
2025-12-25 15:56:36.137917,599616318580901396,-172.00
2025-12-25 15:56:36.137917,599616318580901396,-167.00
2025-12-25 15:56:36.137917,599616318580901396,-165.00
2025-12-25 15:56:36.137917,599616318580901396,-165.00
2025-12-25 15:56:36.137917,599616318580901396,-163.00
2025-12-25 15:56:36.589272,599616319141756113,-163.00
2025-12-25 15:56:36.589272,599616319141756113,-158.00
2025-12-25 15:56:36.589272,599616319141756113,-158.00
2025-12-25 15:56:36.589272,599616319141756113,-165.00
2025-12-25 15:56:36.589272,599616319141756113,-167.00
2025-12-25 15:56:36.589272,599616319141756113,-158.00
2025-12-25 15:56:36.589272,599616319141756113,-149.00
2025-12-25 15:56:36.589272,599616319141756113,-149.00
2025-12-25 15:56:36.589272,599616319141756113,-151.00
2025-12-25 15:56:36.589272,599616319141756113,-154.00
2025-12-25 15:56:36.589272,599616319141756113,-149.00
2025-12-25 15:56:36.589272,599616319141756113,-128.00
2025-12-25 15:56:36.589272,599616319141756113,-103.00
2025-12-25 15:56:36.589272,599616319141756113,-101.00
2025-12-25 15:56:36.589272,599616319141756113,-124.00
2025-12-25 15:56:36.589272,599616319141756113,-135.00
2025-12-25 15:56:36.589272,599616319141756113,-126.00
2025-12-25 15:56:36.589272,599616319141756113,-117.00
2025-12-25 15:56:36.589272,599616319141756113,-114.00
2025-12-25 15:56:36.589272,599616319141756113,-114.00
2025-12-25 15:56:36.589272,599616319141756113,-114.00
2025-12-25 15:56:36.589272,599616319141756113,-114.00
2025-12-25 15:56:36.589272,599616319141756113,-112.00
2025-12-25 15:56:36.589272,599616319141756113,-101.00
2025-12-25 15:56:36.589272,599616319141756113,-94.00
2025-12-25 15:56:36.589272,599616319141756113,-101.00
2025-12-25 15:56:36.589272,599616319141756113,-110.00
2025-12-25 15:56:36.589272,599616319141756113,-101.00
2025-12-25 15:56:36.589272,599616319141756113,-27.00
2025-12-25 15:56:36.589272,599616319141756113,156.00
2025-12-25 15:56:36.589272,599616319141756113,243.00
2025-12-25 15:56:36.589272,599616319141756113,-43.00
2025-12-25 15:56:36.589272,599616319141756113,-411.00
2025-12-25 15:56:36.589272,599616319141756113,-402.00
2025-12-25 15:56:36.589272,599616319141756113,-252.00
2025-12-25 15:56:36.589272,599616319141756113,-218.00
2025-12-25 15:56:36.589272,599616319141756113,-160.00
2025-12-25 15:56:36.589272,599616319141756113,-89.00
2025-12-25 15:56:36.589272,599616319141756113,-98.00
2025-12-25 15:56:36.589272,599616319141756113,-108.00
2025-12-25 15:56:36.589272,599616319141756113,-91.00
2025-12-25 15:56:36.589272,599616319141756113,-89.00
2025-12-25 15:56:36.589272,599616319141756113,-98.00
2025-12-25 15:56:36.589272,599616319141756113,-96.00
2025-12-25 15:56:36.589272,599616319141756113,-94.00
2025-12-25 15:56:36.589272,599616319141756113,-94.00
2025-12-25 15:56:36.589272,599616319141756113,-91.00
2025-12-25 15:56:36.589272,599616319141756113,-87.00
2025-12-25 15:56:36.589272,599616319141756113,-87.00
2025-12-25 15:56:36.589272,599616319141756113,-85.00
2025-12-25 15:56:36.589272,599616319141756113,-80.00
2025-12-25 15:56:36.589272,599616319141756113,-73.00
2025-12-25 15:56:36.589272,599616319141756113,-68.00
2025-12-25 15:56:36.589272,599616319141756113,-71.00
2025-12-25 15:56:36.589272,599616319141756113,-73.00
2025-12-25 15:56:36.589272,599616319141756113,-68.00
2025-12-25 15:56:36.589272,599616319141756113,-64.00
2025-12-25 15:56:36.589272,599616319141756113,-66.00
2025-12-25 15:56:36.589272,599616319141756113,-68.00
2025-12-25 15:56:36.589272,599616319141756113,-73.00
2025-12-25 15:56:36.589272,599616319141756113,-82.00
2025-12-25 15:56:36.589272,599616319141756113,-98.00
2025-12-25 15:56:36.589272,599616319141756113,-121.00
2025-12-25 15:56:36.589272,599616319141756113,-147.00
2025-12-25 15:56:36.589272,599616319141756113,-160.00
2025-12-25 15:56:36.589272,599616319141756113,-170.00
2025-12-25 15:56:36.589272,599616319141756113,-179.00
2025-12-25 15:56:36.589272,599616319141756113,-188.00
2025-12-25 15:56:36.589272,599616319141756113,-200.00
2025-12-25 15:56:36.589272,599616319141756113,-204.00
2025-12-25 15:56:36.589272,599616319141756113,-195.00
2025-12-25 15:56:36.589272,599616319141756113,-188.00
2025-12-25 15:56:36.589272,599616319141756113,-179.00
2025-12-25 15:56:37.090836,599616319702590486,-163.00
2025-12-25 15:56:37.090836,599616319702590486,-158.00
2025-12-25 15:56:37.090836,599616319702590486,-163.00
2025-12-25 15:56:37.090836,599616319702590486,-163.00
2025-12-25 15:56:37.090836,599616319702590486,-165.00
2025-12-25 15:56:37.090836,599616319702590486,-167.00
2025-12-25 15:56:37.090836,599616319702590486,-163.00
2025-12-25 15:56:37.090836,599616319702590486,-163.00
2025-12-25 15:56:37.090836,599616319702590486,-160.00
2025-12-25 15:56:37.090836,599616319702590486,-149.00
2025-12-25 15:56:37.090836,599616319702590486,-149.00
2025-12-25 15:56:37.090836,599616319702590486,-165.00
2025-12-25 15:56:37.090836,599616319702590486,-165.00
2025-12-25 15:56:37.090836,599616319702590486,-154.00
2025-12-25 15:56:37.090836,599616319702590486,-147.00
2025-12-25 15:56:37.090836,599616319702590486,-135.00
2025-12-25 15:56:37.090836,599616319702590486,-135.00
2025-12-25 15:56:37.090836,599616319702590486,-149.00
2025-12-25 15:56:37.090836,599616319702590486,-151.00
2025-12-25 15:56:37.090836,599616319702590486,-147.00
2025-12-25 15:56:37.090836,599616319702590486,-151.00
2025-12-25 15:56:37.090836,599616319702590486,-154.00
2025-12-25 15:56:37.090836,599616319702590486,-149.00
2025-12-25 15:56:37.090836,599616319702590486,-154.00
2025-12-25 15:56:37.090836,599616319702590486,-151.00
2025-12-25 15:56:37.090836,599616319702590486,-144.00
2025-12-25 15:56:37.090836,599616319702590486,-142.00
2025-12-25 15:56:37.090836,599616319702590486,-147.00
2025-12-25 15:56:37.090836,599616319702590486,-147.00
2025-12-25 15:56:37.090836,599616319702590486,-149.00
2025-12-25 15:56:37.090836,599616319702590486,-147.00
2025-12-25 15:56:37.090836,599616319702590486,-91.00
2025-12-25 15:56:37.090836,599616319702590486,85.00
2025-12-25 15:56:37.090836,599616319702590486,225.00
2025-12-25 15:56:37.090836,599616319702590486,9.00
2025-12-25 15:56:37.090836,599616319702590486,-395.00
2025-12-25 15:56:37.090836,599616319702590486,-478.00
2025-12-25 15:56:37.090836,599616319702590486,-321.00
2025-12-25 15:56:37.090836,599616319702590486,-245.00
2025-12-25 15:56:37.090836,599616319702590486,-202.00
2025-12-25 15:56:37.090836,599616319702590486,-142.00
2025-12-25 15:56:37.090836,599616319702590486,-135.00
2025-12-25 15:56:37.090836,599616319702590486,-144.00
2025-12-25 15:56:37.090836,599616319702590486,-128.00
2025-12-25 15:56:37.090836,599616319702590486,-124.00
2025-12-25 15:56:37.090836,599616319702590486,-135.00
2025-12-25 15:56:37.090836,599616319702590486,-133.00
2025-12-25 15:56:37.090836,599616319702590486,-124.00
2025-12-25 15:56:37.090836,599616319702590486,-124.00
2025-12-25 15:56:37.090836,599616319702590486,-124.00
2025-12-25 15:56:37.090836,599616319702590486,-124.00
2025-12-25 15:56:37.090836,599616319702590486,-124.00
2025-12-25 15:56:37.090836,599616319702590486,-119.00
2025-12-25 15:56:37.090836,599616319702590486,-114.00
2025-12-25 15:56:37.090836,599616319702590486,-112.00
2025-12-25 15:56:37.090836,599616319702590486,-105.00
2025-12-25 15:56:37.090836,599616319702590486,-94.00
2025-12-25 15:56:37.090836,599616319702590486,-87.00
2025-12-25 15:56:37.090836,599616319702590486,-94.00
2025-12-25 15:56:37.090836,599616319702590486,-94.00
2025-12-25 15:56:37.090836,599616319702590486,-89.00
2025-12-25 15:56:37.090836,599616319702590486,-87.00
2025-12-25 15:56:37.090836,599616319702590486,-89.00
2025-12-25 15:56:37.090836,599616319702590486,-103.00
2025-12-25 15:56:37.090836,599616319702590486,-114.00
2025-12-25 15:56:37.090836,599616319702590486,-121.00
2025-12-25 15:56:37.090836,599616319702590486,-142.00
2025-12-25 15:56:37.090836,599616319702590486,-165.00
2025-12-25 15:56:37.090836,599616319702590486,-174.00
2025-12-25 15:56:37.090836,599616319702590486,-183.00
2025-12-25 15:56:37.090836,599616319702590486,-193.00
2025-12-25 15:56:37.090836,599616319702590486,-195.00
2025-12-25 15:56:37.090836,599616319702590486,-193.00
2025-12-25 15:56:37.742800,599616320263435029,-193.00
2025-12-25 15:56:37.742800,599616320263435029,-190.00
2025-12-25 15:56:37.742800,599616320263435029,-188.00
2025-12-25 15:56:37.742800,599616320263435029,-188.00
2025-12-25 15:56:37.742800,599616320263435029,-186.00
2025-12-25 15:56:37.742800,599616320263435029,-177.00
2025-12-25 15:56:37.742800,599616320263435029,-158.00
2025-12-25 15:56:37.742800,599616320263435029,-149.00
2025-12-25 15:56:37.742800,599616320263435029,-160.00
2025-12-25 15:56:37.742800,599616320263435029,-167.00
2025-12-25 15:56:37.742800,599616320263435029,-165.00
2025-12-25 15:56:37.742800,599616320263435029,-160.00
2025-12-25 15:56:37.742800,599616320263435029,-158.00
2025-12-25 15:56:37.742800,599616320263435029,-160.00
2025-12-25 15:56:37.742800,599616320263435029,-163.00
2025-12-25 15:56:37.742800,599616320263435029,-160.00
2025-12-25 15:56:37.742800,599616320263435029,-163.00
2025-12-25 15:56:37.742800,599616320263435029,-156.00
2025-12-25 15:56:37.742800,599616320263435029,-135.00
2025-12-25 15:56:37.742800,599616320263435029,-121.00
2025-12-25 15:56:37.742800,599616320263435029,-133.00
2025-12-25 15:56:37.742800,599616320263435029,-149.00
2025-12-25 15:56:37.742800,599616320263435029,-154.00
2025-12-25 15:56:37.742800,599616320263435029,-149.00
2025-12-25 15:56:37.742800,599616320263435029,-149.00
2025-12-25 15:56:37.742800,599616320263435029,-151.00
2025-12-25 15:56:37.742800,599616320263435029,-144.00
2025-12-25 15:56:37.742800,599616320263435029,-140.00
2025-12-25 15:56:37.742800,599616320263435029,-144.00
2025-12-25 15:56:37.742800,599616320263435029,-142.00
2025-12-25 15:56:37.742800,599616320263435029,-137.00
2025-12-25 15:56:37.742800,599616320263435029,-140.00
2025-12-25 15:56:37.742800,599616320263435029,-140.00
2025-12-25 15:56:37.742800,599616320263435029,-137.00
2025-12-25 15:56:37.742800,599616320263435029,-128.00
2025-12-25 15:56:37.742800,599616320263435029,-45.00
2025-12-25 15:56:37.742800,599616320263435029,147.00
2025-12-25 15:56:37.742800,599616320263435029,209.00
2025-12-25 15:56:37.742800,599616320263435029,-108.00
2025-12-25 15:56:37.742800,599616320263435029,-452.00
2025-12-25 15:56:37.742800,599616320263435029,-423.00
2025-12-25 15:56:37.742800,599616320263435029,-271.00
2025-12-25 15:56:37.742800,599616320263435029,-225.00
2025-12-25 15:56:37.742800,599616320263435029,-170.00
2025-12-25 15:56:37.742800,599616320263435029,-114.00
2025-12-25 15:56:37.742800,599616320263435029,-124.00
2025-12-25 15:56:37.742800,599616320263435029,-126.00
2025-12-25 15:56:37.742800,599616320263435029,-105.00
2025-12-25 15:56:37.742800,599616320263435029,-103.00
2025-12-25 15:56:37.742800,599616320263435029,-112.00
2025-12-25 15:56:37.742800,599616320263435029,-110.00
2025-12-25 15:56:37.742800,599616320263435029,-105.00
2025-12-25 15:56:37.742800,599616320263435029,-101.00
2025-12-25 15:56:37.742800,599616320263435029,-94.00
2025-12-25 15:56:37.742800,599616320263435029,-94.00
2025-12-25 15:56:37.742800,599616320263435029,-94.00
2025-12-25 15:56:37.742800,599616320263435029,-89.00
2025-12-25 15:56:37.742800,599616320263435029,-82.00
2025-12-25 15:56:37.742800,599616320263435029,-73.00
2025-12-25 15:56:37.742800,599616320263435029,-64.00
2025-12-25 15:56:37.742800,599616320263435029,-59.00
2025-12-25 15:56:37.742800,599616320263435029,-59.00
2025-12-25 15:56:37.742800,599616320263435029,-57.00
2025-12-25 15:56:37.742800,599616320263435029,-59.00
2025-12-25 15:56:37.742800,599616320263435029,-64.00
2025-12-25 15:56:37.742800,599616320263435029,-64.00
2025-12-25 15:56:37.742800,599616320263435029,-66.00
2025-12-25 15:56:37.742800,599616320263435029,-75.00
2025-12-25 15:56:37.742800,599616320263435029,-91.00
2025-12-25 15:56:37.742800,599616320263435029,-114.00
2025-12-25 15:56:37.742800,599616320263435029,-133.00
2025-12-25 15:56:37.742800,599616320263435029,-144.00
2025-12-25 15:56:37.742800,599616320263435029,-163.00
2025-12-25 15:56:38.294118,599616320824289746,-179.00
2025-12-25 15:56:38.294118,599616320824289746,-181.00
2025-12-25 15:56:38.294118,599616320824289746,-179.00
2025-12-25 15:56:38.294118,599616320824289746,-186.00
2025-12-25 15:56:38.294118,599616320824289746,-183.00
2025-12-25 15:56:38.294118,599616320824289746,-174.00
2025-12-25 15:56:38.294118,599616320824289746,-170.00
2025-12-25 15:56:38.294118,599616320824289746,-167.00
2025-12-25 15:56:38.294118,599616320824289746,-160.00
2025-12-25 15:56:38.294118,599616320824289746,-149.00
2025-12-25 15:56:38.294118,599616320824289746,-142.00
2025-12-25 15:56:38.294118,599616320824289746,-147.00
2025-12-25 15:56:38.294118,599616320824289746,-147.00
2025-12-25 15:56:38.294118,599616320824289746,-144.00
2025-12-25 15:56:38.294118,599616320824289746,-144.00
2025-12-25 15:56:38.294118,599616320824289746,-135.00
2025-12-25 15:56:38.294118,599616320824289746,-128.00
2025-12-25 15:56:38.294118,599616320824289746,-133.00
2025-12-25 15:56:38.294118,599616320824289746,-140.00
2025-12-25 15:56:38.294118,599616320824289746,-144.00
2025-12-25 15:56:38.294118,599616320824289746,-142.00
2025-12-25 15:56:38.294118,599616320824289746,-133.00
2025-12-25 15:56:38.294118,599616320824289746,-121.00
2025-12-25 15:56:38.294118,599616320824289746,-117.00
2025-12-25 15:56:38.294118,599616320824289746,-124.00
2025-12-25 15:56:38.294118,599616320824289746,-137.00
2025-12-25 15:56:38.294118,599616320824289746,-144.00
2025-12-25 15:56:38.294118,599616320824289746,-147.00
2025-12-25 15:56:38.294118,599616320824289746,-144.00
2025-12-25 15:56:38.294118,599616320824289746,-144.00
2025-12-25 15:56:38.294118,599616320824289746,-147.00
2025-12-25 15:56:38.294118,599616320824289746,-147.00
2025-12-25 15:56:38.294118,599616320824289746,-131.00
2025-12-25 15:56:38.294118,599616320824289746,-124.00
2025-12-25 15:56:38.294118,599616320824289746,-131.00
2025-12-25 15:56:38.294118,599616320824289746,-135.00
2025-12-25 15:56:38.294118,599616320824289746,-135.00
2025-12-25 15:56:38.294118,599616320824289746,-135.00
2025-12-25 15:56:38.294118,599616320824289746,-121.00
2025-12-25 15:56:38.294118,599616320824289746,-34.00
2025-12-25 15:56:38.294118,599616320824289746,149.00
2025-12-25 15:56:38.294118,599616320824289746,200.00
2025-12-25 15:56:38.294118,599616320824289746,-119.00
2025-12-25 15:56:38.294118,599616320824289746,-446.00
2025-12-25 15:56:38.294118,599616320824289746,-400.00
2025-12-25 15:56:38.294118,599616320824289746,-252.00
2025-12-25 15:56:38.294118,599616320824289746,-211.00
2025-12-25 15:56:38.294118,599616320824289746,-154.00
2025-12-25 15:56:38.294118,599616320824289746,-103.00
2025-12-25 15:56:38.294118,599616320824289746,-105.00
2025-12-25 15:56:38.294118,599616320824289746,-103.00
2025-12-25 15:56:38.294118,599616320824289746,-85.00
2025-12-25 15:56:38.294118,599616320824289746,-89.00
2025-12-25 15:56:38.294118,599616320824289746,-98.00
2025-12-25 15:56:38.294118,599616320824289746,-87.00
2025-12-25 15:56:38.294118,599616320824289746,-82.00
2025-12-25 15:56:38.294118,599616320824289746,-85.00
2025-12-25 15:56:38.294118,599616320824289746,-78.00
2025-12-25 15:56:38.294118,599616320824289746,-71.00
2025-12-25 15:56:38.294118,599616320824289746,-71.00
2025-12-25 15:56:38.294118,599616320824289746,-73.00
2025-12-25 15:56:38.294118,599616320824289746,-73.00
2025-12-25 15:56:38.294118,599616320824289746,-64.00
2025-12-25 15:56:38.294118,599616320824289746,-57.00
2025-12-25 15:56:38.294118,599616320824289746,-55.00
2025-12-25 15:56:38.294118,599616320824289746,-52.00
2025-12-25 15:56:38.294118,599616320824289746,-50.00
2025-12-25 15:56:38.294118,599616320824289746,-48.00
2025-12-25 15:56:38.294118,599616320824289746,-52.00
2025-12-25 15:56:38.294118,599616320824289746,-59.00
2025-12-25 15:56:38.294118,599616320824289746,-62.00
2025-12-25 15:56:38.294118,599616320824289746,-68.00
2025-12-25 15:56:38.294118,599616320824289746,-85.00
2025-12-25 15:56:38.795535,599616321385113949,-101.00
2025-12-25 15:56:38.795535,599616321385113949,-114.00
2025-12-25 15:56:38.795535,599616321385113949,-133.00
2025-12-25 15:56:38.795535,599616321385113949,-144.00
2025-12-25 15:56:38.795535,599616321385113949,-154.00
2025-12-25 15:56:38.795535,599616321385113949,-163.00
2025-12-25 15:56:38.795535,599616321385113949,-160.00
2025-12-25 15:56:38.795535,599616321385113949,-149.00
2025-12-25 15:56:38.795535,599616321385113949,-147.00
2025-12-25 15:56:38.795535,599616321385113949,-151.00
2025-12-25 15:56:38.795535,599616321385113949,-149.00
2025-12-25 15:56:38.795535,599616321385113949,-140.00
2025-12-25 15:56:38.795535,599616321385113949,-128.00
2025-12-25 15:56:38.795535,599616321385113949,-124.00
2025-12-25 15:56:38.795535,599616321385113949,-128.00
2025-12-25 15:56:38.795535,599616321385113949,-128.00
2025-12-25 15:56:38.795535,599616321385113949,-126.00
2025-12-25 15:56:38.795535,599616321385113949,-126.00
2025-12-25 15:56:38.795535,599616321385113949,-128.00
2025-12-25 15:56:38.795535,599616321385113949,-131.00
2025-12-25 15:56:38.795535,599616321385113949,-131.00
2025-12-25 15:56:38.795535,599616321385113949,-124.00
2025-12-25 15:56:38.795535,599616321385113949,-126.00
2025-12-25 15:56:38.795535,599616321385113949,-135.00
2025-12-25 15:56:38.795535,599616321385113949,-135.00
2025-12-25 15:56:38.795535,599616321385113949,-135.00
2025-12-25 15:56:38.795535,599616321385113949,-131.00
2025-12-25 15:56:38.795535,599616321385113949,-119.00
2025-12-25 15:56:38.795535,599616321385113949,-112.00
2025-12-25 15:56:38.795535,599616321385113949,-114.00
2025-12-25 15:56:38.795535,599616321385113949,-124.00
2025-12-25 15:56:38.795535,599616321385113949,-131.00
2025-12-25 15:56:38.795535,599616321385113949,-142.00
2025-12-25 15:56:38.795535,599616321385113949,-147.00
2025-12-25 15:56:38.795535,599616321385113949,-135.00
2025-12-25 15:56:38.795535,599616321385113949,-124.00
2025-12-25 15:56:38.795535,599616321385113949,-124.00
2025-12-25 15:56:38.795535,599616321385113949,-126.00
2025-12-25 15:56:38.795535,599616321385113949,-121.00
2025-12-25 15:56:38.795535,599616321385113949,-114.00
2025-12-25 15:56:38.795535,599616321385113949,-119.00
2025-12-25 15:56:38.795535,599616321385113949,-121.00
2025-12-25 15:56:38.795535,599616321385113949,-119.00
2025-12-25 15:56:38.795535,599616321385113949,-101.00
2025-12-25 15:56:38.795535,599616321385113949,-4.00
2025-12-25 15:56:38.795535,599616321385113949,172.00
2025-12-25 15:56:38.795535,599616321385113949,206.00
2025-12-25 15:56:38.795535,599616321385113949,-114.00
2025-12-25 15:56:38.795535,599616321385113949,-434.00
2025-12-25 15:56:38.795535,599616321385113949,-383.00
2025-12-25 15:56:38.795535,599616321385113949,-236.00
2025-12-25 15:56:38.795535,599616321385113949,-193.00
2025-12-25 15:56:38.795535,599616321385113949,-131.00
2025-12-25 15:56:38.795535,599616321385113949,-80.00
2025-12-25 15:56:38.795535,599616321385113949,-96.00
2025-12-25 15:56:38.795535,599616321385113949,-105.00
2025-12-25 15:56:38.795535,599616321385113949,-85.00
2025-12-25 15:56:38.795535,599616321385113949,-80.00
2025-12-25 15:56:38.795535,599616321385113949,-87.00
2025-12-25 15:56:38.795535,599616321385113949,-87.00
2025-12-25 15:56:38.795535,599616321385113949,-82.00
2025-12-25 15:56:38.795535,599616321385113949,-75.00
2025-12-25 15:56:38.795535,599616321385113949,-66.00
2025-12-25 15:56:38.795535,599616321385113949,-71.00
2025-12-25 15:56:38.795535,599616321385113949,-73.00
2025-12-25 15:56:38.795535,599616321385113949,-62.00
2025-12-25 15:56:38.795535,599616321385113949,-55.00
2025-12-25 15:56:38.795535,599616321385113949,-57.00
2025-12-25 15:56:38.795535,599616321385113949,-59.00
2025-12-25 15:56:38.795535,599616321385113949,-59.00
2025-12-25 15:56:38.795535,599616321385113949,-52.00
2025-12-25 15:56:38.795535,599616321385113949,-48.00
2025-12-25 15:56:38.795535,599616321385113949,-55.00
2025-12-25 15:56:39.447514,599616321945958494,-59.00
2025-12-25 15:56:39.447514,599616321945958494,-59.00
2025-12-25 15:56:39.447514,599616321945958494,-66.00
2025-12-25 15:56:39.447514,599616321945958494,-73.00
2025-12-25 15:56:39.447514,599616321945958494,-82.00
2025-12-25 15:56:39.447514,599616321945958494,-110.00
2025-12-25 15:56:39.447514,599616321945958494,-128.00
2025-12-25 15:56:39.447514,599616321945958494,-135.00
2025-12-25 15:56:39.447514,599616321945958494,-149.00
2025-12-25 15:56:39.447514,599616321945958494,-158.00
2025-12-25 15:56:39.447514,599616321945958494,-154.00
2025-12-25 15:56:39.447514,599616321945958494,-151.00
2025-12-25 15:56:39.447514,599616321945958494,-160.00
2025-12-25 15:56:39.447514,599616321945958494,-158.00
2025-12-25 15:56:39.447514,599616321945958494,-151.00
2025-12-25 15:56:39.447514,599616321945958494,-154.00
2025-12-25 15:56:39.447514,599616321945958494,-154.00
2025-12-25 15:56:39.447514,599616321945958494,-151.00
2025-12-25 15:56:39.447514,599616321945958494,-158.00
2025-12-25 15:56:39.447514,599616321945958494,-163.00
2025-12-25 15:56:39.447514,599616321945958494,-144.00
2025-12-25 15:56:39.447514,599616321945958494,-131.00
2025-12-25 15:56:39.447514,599616321945958494,-135.00
2025-12-25 15:56:39.447514,599616321945958494,-140.00
2025-12-25 15:56:39.447514,599616321945958494,-137.00
2025-12-25 15:56:39.447514,599616321945958494,-140.00
2025-12-25 15:56:39.447514,599616321945958494,-140.00
2025-12-25 15:56:39.447514,599616321945958494,-140.00
2025-12-25 15:56:39.447514,599616321945958494,-142.00
2025-12-25 15:56:39.447514,599616321945958494,-140.00
2025-12-25 15:56:39.447514,599616321945958494,-140.00
2025-12-25 15:56:39.447514,599616321945958494,-142.00
2025-12-25 15:56:39.447514,599616321945958494,-128.00
2025-12-25 15:56:39.447514,599616321945958494,-112.00
2025-12-25 15:56:39.447514,599616321945958494,-121.00
2025-12-25 15:56:39.447514,599616321945958494,-140.00
2025-12-25 15:56:39.447514,599616321945958494,-135.00
2025-12-25 15:56:39.447514,599616321945958494,-133.00
2025-12-25 15:56:39.447514,599616321945958494,-137.00
2025-12-25 15:56:39.447514,599616321945958494,-131.00
2025-12-25 15:56:39.447514,599616321945958494,-128.00
2025-12-25 15:56:39.447514,599616321945958494,-131.00
2025-12-25 15:56:39.447514,599616321945958494,-128.00
2025-12-25 15:56:39.447514,599616321945958494,-117.00
2025-12-25 15:56:39.447514,599616321945958494,-110.00
2025-12-25 15:56:39.447514,599616321945958494,-117.00
2025-12-25 15:56:39.447514,599616321945958494,-128.00
2025-12-25 15:56:39.447514,599616321945958494,-137.00
2025-12-25 15:56:39.447514,599616321945958494,-121.00
2025-12-25 15:56:39.447514,599616321945958494,-13.00
2025-12-25 15:56:39.447514,599616321945958494,172.00
2025-12-25 15:56:39.447514,599616321945958494,149.00
2025-12-25 15:56:39.447514,599616321945958494,-206.00
2025-12-25 15:56:39.447514,599616321945958494,-441.00
2025-12-25 15:56:39.447514,599616321945958494,-340.00
2025-12-25 15:56:39.447514,599616321945958494,-234.00
2025-12-25 15:56:39.447514,599616321945958494,-195.00
2025-12-25 15:56:39.447514,599616321945958494,-114.00
2025-12-25 15:56:39.447514,599616321945958494,-82.00
2025-12-25 15:56:39.447514,599616321945958494,-108.00
2025-12-25 15:56:39.447514,599616321945958494,-98.00
2025-12-25 15:56:39.447514,599616321945958494,-80.00
2025-12-25 15:56:39.447514,599616321945958494,-82.00
2025-12-25 15:56:39.447514,599616321945958494,-82.00
2025-12-25 15:56:39.447514,599616321945958494,-85.00
2025-12-25 15:56:39.447514,599616321945958494,-87.00
2025-12-25 15:56:39.447514,599616321945958494,-80.00
2025-12-25 15:56:39.447514,599616321945958494,-75.00
2025-12-25 15:56:39.447514,599616321945958494,-80.00
2025-12-25 15:56:39.447514,599616321945958494,-80.00
2025-12-25 15:56:39.447514,599616321945958494,-75.00
2025-12-25 15:56:39.447514,599616321945958494,-66.00
2025-12-25 15:56:39.447514,599616321945958494,-64.00
2025-12-25 15:56:39.999381,599616322506808125,-59.00
2025-12-25 15:56:39.999381,599616322506808125,-55.00
2025-12-25 15:56:39.999381,599616322506808125,-57.00
2025-12-25 15:56:39.999381,599616322506808125,-64.00
2025-12-25 15:56:39.999381,599616322506808125,-62.00
2025-12-25 15:56:39.999381,599616322506808125,-52.00
2025-12-25 15:56:39.999381,599616322506808125,-59.00
2025-12-25 15:56:39.999381,599616322506808125,-68.00
2025-12-25 15:56:39.999381,599616322506808125,-78.00
2025-12-25 15:56:39.999381,599616322506808125,-91.00
2025-12-25 15:56:39.999381,599616322506808125,-103.00
2025-12-25 15:56:39.999381,599616322506808125,-114.00
2025-12-25 15:56:39.999381,599616322506808125,-121.00
2025-12-25 15:56:39.999381,599616322506808125,-124.00
2025-12-25 15:56:39.999381,599616322506808125,-133.00
2025-12-25 15:56:39.999381,599616322506808125,-140.00
2025-12-25 15:56:39.999381,599616322506808125,-144.00
2025-12-25 15:56:39.999381,599616322506808125,-147.00
2025-12-25 15:56:39.999381,599616322506808125,-142.00
2025-12-25 15:56:39.999381,599616322506808125,-128.00
2025-12-25 15:56:39.999381,599616322506808125,-124.00
2025-12-25 15:56:39.999381,599616322506808125,-126.00
2025-12-25 15:56:39.999381,599616322506808125,-133.00
2025-12-25 15:56:39.999381,599616322506808125,-133.00
2025-12-25 15:56:39.999381,599616322506808125,-119.00
2025-12-25 15:56:39.999381,599616322506808125,-112.00
2025-12-25 15:56:39.999381,599616322506808125,-119.00
2025-12-25 15:56:39.999381,599616322506808125,-121.00
2025-12-25 15:56:39.999381,599616322506808125,-119.00
2025-12-25 15:56:39.999381,599616322506808125,-119.00
2025-12-25 15:56:39.999381,599616322506808125,-114.00
2025-12-25 15:56:39.999381,599616322506808125,-117.00
2025-12-25 15:56:39.999381,599616322506808125,-126.00
2025-12-25 15:56:39.999381,599616322506808125,-128.00
2025-12-25 15:56:39.999381,599616322506808125,-124.00
2025-12-25 15:56:39.999381,599616322506808125,-124.00
2025-12-25 15:56:39.999381,599616322506808125,-121.00
2025-12-25 15:56:39.999381,599616322506808125,-114.00
2025-12-25 15:56:39.999381,599616322506808125,-105.00
2025-12-25 15:56:39.999381,599616322506808125,-101.00
2025-12-25 15:56:39.999381,599616322506808125,-110.00
2025-12-25 15:56:39.999381,599616322506808125,-126.00
2025-12-25 15:56:39.999381,599616322506808125,-128.00
2025-12-25 15:56:39.999381,599616322506808125,-124.00
2025-12-25 15:56:39.999381,599616322506808125,-121.00
2025-12-25 15:56:39.999381,599616322506808125,-114.00
2025-12-25 15:56:39.999381,599616322506808125,-114.00
2025-12-25 15:56:39.999381,599616322506808125,-117.00
2025-12-25 15:56:39.999381,599616322506808125,-112.00
2025-12-25 15:56:39.999381,599616322506808125,-112.00
2025-12-25 15:56:39.999381,599616322506808125,-114.00
2025-12-25 15:56:39.999381,599616322506808125,-110.00
2025-12-25 15:56:39.999381,599616322506808125,-114.00
2025-12-25 15:56:39.999381,599616322506808125,-126.00
2025-12-25 15:56:39.999381,599616322506808125,-85.00
2025-12-25 15:56:39.999381,599616322506808125,73.00
2025-12-25 15:56:39.999381,599616322506808125,209.00
2025-12-25 15:56:39.999381,599616322506808125,25.00
2025-12-25 15:56:39.999381,599616322506808125,-342.00
2025-12-25 15:56:39.999381,599616322506808125,-425.00
2025-12-25 15:56:39.999381,599616322506808125,-289.00
2025-12-25 15:56:39.999381,599616322506808125,-227.00
2025-12-25 15:56:39.999381,599616322506808125,-172.00
2025-12-25 15:56:39.999381,599616322506808125,-103.00
2025-12-25 15:56:39.999381,599616322506808125,-98.00
2025-12-25 15:56:39.999381,599616322506808125,-105.00
2025-12-25 15:56:39.999381,599616322506808125,-87.00
2025-12-25 15:56:39.999381,599616322506808125,-89.00
2025-12-25 15:56:39.999381,599616322506808125,-105.00
2025-12-25 15:56:39.999381,599616322506808125,-98.00
2025-12-25 15:56:39.999381,599616322506808125,-85.00
2025-12-25 15:56:39.999381,599616322506808125,-80.00
2025-12-25 15:56:39.999381,599616322506808125,-82.00
2025-12-25 15:56:40.551064,599616323067627238,-80.00
2025-12-25 15:56:40.551064,599616323067627238,-78.00
2025-12-25 15:56:40.551064,599616323067627238,-80.00
2025-12-25 15:56:40.551064,599616323067627238,-71.00
2025-12-25 15:56:40.551064,599616323067627238,-62.00
2025-12-25 15:56:40.551064,599616323067627238,-66.00
2025-12-25 15:56:40.551064,599616323067627238,-62.00
2025-12-25 15:56:40.551064,599616323067627238,-55.00
2025-12-25 15:56:40.551064,599616323067627238,-50.00
2025-12-25 15:56:40.551064,599616323067627238,-43.00
2025-12-25 15:56:40.551064,599616323067627238,-34.00
2025-12-25 15:56:40.551064,599616323067627238,-36.00
2025-12-25 15:56:40.551064,599616323067627238,-45.00
2025-12-25 15:56:40.551064,599616323067627238,-52.00
2025-12-25 15:56:40.551064,599616323067627238,-62.00
2025-12-25 15:56:40.551064,599616323067627238,-71.00
2025-12-25 15:56:40.551064,599616323067627238,-78.00
2025-12-25 15:56:40.551064,599616323067627238,-96.00
2025-12-25 15:56:40.551064,599616323067627238,-119.00
2025-12-25 15:56:40.551064,599616323067627238,-131.00
2025-12-25 15:56:40.551064,599616323067627238,-133.00
2025-12-25 15:56:40.551064,599616323067627238,-137.00
2025-12-25 15:56:40.551064,599616323067627238,-142.00
2025-12-25 15:56:40.551064,599616323067627238,-137.00
2025-12-25 15:56:40.551064,599616323067627238,-137.00
2025-12-25 15:56:40.551064,599616323067627238,-137.00
2025-12-25 15:56:40.551064,599616323067627238,-140.00
2025-12-25 15:56:40.551064,599616323067627238,-137.00
2025-12-25 15:56:40.551064,599616323067627238,-126.00
2025-12-25 15:56:40.551064,599616323067627238,-121.00
2025-12-25 15:56:40.551064,599616323067627238,-131.00
2025-12-25 15:56:40.551064,599616323067627238,-133.00
2025-12-25 15:56:40.551064,599616323067627238,-131.00
2025-12-25 15:56:40.551064,599616323067627238,-137.00
2025-12-25 15:56:40.551064,599616323067627238,-137.00
2025-12-25 15:56:40.551064,599616323067627238,-133.00
2025-12-25 15:56:40.551064,599616323067627238,-133.00
2025-12-25 15:56:40.551064,599616323067627238,-142.00
2025-12-25 15:56:40.551064,599616323067627238,-142.00
2025-12-25 15:56:40.551064,599616323067627238,-135.00
2025-12-25 15:56:40.551064,599616323067627238,-140.00
2025-12-25 15:56:40.551064,599616323067627238,-144.00
2025-12-25 15:56:40.551064,599616323067627238,-131.00
2025-12-25 15:56:40.551064,599616323067627238,-114.00
2025-12-25 15:56:40.551064,599616323067627238,-119.00
2025-12-25 15:56:40.551064,599616323067627238,-131.00
2025-12-25 15:56:40.551064,599616323067627238,-133.00
2025-12-25 15:56:40.551064,599616323067627238,-137.00
2025-12-25 15:56:40.551064,599616323067627238,-140.00
2025-12-25 15:56:40.551064,599616323067627238,-133.00
2025-12-25 15:56:40.551064,599616323067627238,-128.00
2025-12-25 15:56:40.551064,599616323067627238,-131.00
2025-12-25 15:56:40.551064,599616323067627238,-135.00
2025-12-25 15:56:40.551064,599616323067627238,-135.00
2025-12-25 15:56:40.551064,599616323067627238,-133.00
2025-12-25 15:56:40.551064,599616323067627238,-131.00
2025-12-25 15:56:40.551064,599616323067627238,-133.00
2025-12-25 15:56:40.551064,599616323067627238,-140.00
2025-12-25 15:56:40.551064,599616323067627238,-140.00
2025-12-25 15:56:40.551064,599616323067627238,-105.00
2025-12-25 15:56:40.551064,599616323067627238,29.00
2025-12-25 15:56:40.551064,599616323067627238,183.00
2025-12-25 15:56:40.551064,599616323067627238,55.00
2025-12-25 15:56:40.551064,599616323067627238,-317.00
2025-12-25 15:56:40.551064,599616323067627238,-450.00
2025-12-25 15:56:40.551064,599616323067627238,-317.00
2025-12-25 15:56:40.551064,599616323067627238,-241.00
2025-12-25 15:56:40.551064,599616323067627238,-193.00
2025-12-25 15:56:40.551064,599616323067627238,-110.00
2025-12-25 15:56:40.551064,599616323067627238,-96.00
2025-12-25 15:56:40.551064,599616323067627238,-117.00
2025-12-25 15:56:40.551064,599616323067627238,-108.00
2025-12-25 15:56:40.551064,599616323067627238,-98.00
2025-12-25 15:56:41.052410,599616323628471781,-98.00
2025-12-25 15:56:41.052410,599616323628471781,-91.00
2025-12-25 15:56:41.052410,599616323628471781,-89.00
2025-12-25 15:56:41.052410,599616323628471781,-94.00
2025-12-25 15:56:41.052410,599616323628471781,-89.00
2025-12-25 15:56:41.052410,599616323628471781,-85.00
2025-12-25 15:56:41.052410,599616323628471781,-80.00
2025-12-25 15:56:41.052410,599616323628471781,-71.00
2025-12-25 15:56:41.052410,599616323628471781,-62.00
2025-12-25 15:56:41.052410,599616323628471781,-62.00
2025-12-25 15:56:41.052410,599616323628471781,-59.00
2025-12-25 15:56:41.052410,599616323628471781,-55.00
2025-12-25 15:56:41.052410,599616323628471781,-55.00
2025-12-25 15:56:41.052410,599616323628471781,-45.00
2025-12-25 15:56:41.052410,599616323628471781,-32.00
2025-12-25 15:56:41.052410,599616323628471781,-34.00
2025-12-25 15:56:41.052410,599616323628471781,-36.00
2025-12-25 15:56:41.052410,599616323628471781,-32.00
2025-12-25 15:56:41.052410,599616323628471781,-43.00
2025-12-25 15:56:41.052410,599616323628471781,-62.00
2025-12-25 15:56:41.052410,599616323628471781,-75.00
2025-12-25 15:56:41.052410,599616323628471781,-87.00
2025-12-25 15:56:41.052410,599616323628471781,-110.00
2025-12-25 15:56:41.052410,599616323628471781,-137.00
2025-12-25 15:56:41.052410,599616323628471781,-147.00
2025-12-25 15:56:41.052410,599616323628471781,-149.00
2025-12-25 15:56:41.052410,599616323628471781,-154.00
2025-12-25 15:56:41.052410,599616323628471781,-154.00
2025-12-25 15:56:41.052410,599616323628471781,-147.00
2025-12-25 15:56:41.052410,599616323628471781,-149.00
2025-12-25 15:56:41.052410,599616323628471781,-154.00
2025-12-25 15:56:41.052410,599616323628471781,-147.00
2025-12-25 15:56:41.052410,599616323628471781,-140.00
2025-12-25 15:56:41.052410,599616323628471781,-147.00
2025-12-25 15:56:41.052410,599616323628471781,-151.00
2025-12-25 15:56:41.052410,599616323628471781,-144.00
2025-12-25 15:56:41.052410,599616323628471781,-140.00
2025-12-25 15:56:41.052410,599616323628471781,-144.00
2025-12-25 15:56:41.052410,599616323628471781,-154.00
2025-12-25 15:56:41.052410,599616323628471781,-149.00
2025-12-25 15:56:41.052410,599616323628471781,-147.00
2025-12-25 15:56:41.052410,599616323628471781,-151.00
2025-12-25 15:56:41.052410,599616323628471781,-149.00
2025-12-25 15:56:41.052410,599616323628471781,-149.00
2025-12-25 15:56:41.052410,599616323628471781,-156.00
2025-12-25 15:56:41.052410,599616323628471781,-156.00
2025-12-25 15:56:41.052410,599616323628471781,-151.00
2025-12-25 15:56:41.052410,599616323628471781,-147.00
2025-12-25 15:56:41.052410,599616323628471781,-137.00
2025-12-25 15:56:41.052410,599616323628471781,-128.00
2025-12-25 15:56:41.052410,599616323628471781,-137.00
2025-12-25 15:56:41.052410,599616323628471781,-151.00
2025-12-25 15:56:41.052410,599616323628471781,-151.00
2025-12-25 15:56:41.052410,599616323628471781,-149.00
2025-12-25 15:56:41.052410,599616323628471781,-149.00
2025-12-25 15:56:41.052410,599616323628471781,-142.00
2025-12-25 15:56:41.052410,599616323628471781,-142.00
2025-12-25 15:56:41.052410,599616323628471781,-142.00
2025-12-25 15:56:41.052410,599616323628471781,-135.00
2025-12-25 15:56:41.052410,599616323628471781,-133.00
2025-12-25 15:56:41.052410,599616323628471781,-137.00
2025-12-25 15:56:41.052410,599616323628471781,-140.00
2025-12-25 15:56:41.052410,599616323628471781,-144.00
2025-12-25 15:56:41.052410,599616323628471781,-149.00
2025-12-25 15:56:41.052410,599616323628471781,-110.00
2025-12-25 15:56:41.052410,599616323628471781,48.00
2025-12-25 15:56:41.052410,599616323628471781,183.00
2025-12-25 15:56:41.052410,599616323628471781,-6.00
2025-12-25 15:56:41.052410,599616323628471781,-367.00
2025-12-25 15:56:41.052410,599616323628471781,-427.00
2025-12-25 15:56:41.052410,599616323628471781,-294.00
2025-12-25 15:56:41.052410,599616323628471781,-241.00
2025-12-25 15:56:41.052410,599616323628471781,-186.00
2025-12-25 15:56:41.679257,599616324189295982,-119.00
2025-12-25 15:56:41.679257,599616324189295982,-119.00
2025-12-25 15:56:41.679257,599616324189295982,-128.00
2025-12-25 15:56:41.679257,599616324189295982,-108.00
2025-12-25 15:56:41.679257,599616324189295982,-94.00
2025-12-25 15:56:41.679257,599616324189295982,-89.00
2025-12-25 15:56:41.679257,599616324189295982,-82.00
2025-12-25 15:56:41.679257,599616324189295982,-85.00
2025-12-25 15:56:41.679257,599616324189295982,-80.00
2025-12-25 15:56:41.679257,599616324189295982,-64.00
2025-12-25 15:56:41.679257,599616324189295982,-50.00
2025-12-25 15:56:41.679257,599616324189295982,-50.00
2025-12-25 15:56:41.679257,599616324189295982,-55.00
2025-12-25 15:56:41.679257,599616324189295982,-52.00
2025-12-25 15:56:41.679257,599616324189295982,-48.00
2025-12-25 15:56:41.679257,599616324189295982,-41.00
2025-12-25 15:56:41.679257,599616324189295982,-32.00
2025-12-25 15:56:41.679257,599616324189295982,-29.00
2025-12-25 15:56:41.679257,599616324189295982,-32.00
2025-12-25 15:56:41.679257,599616324189295982,-32.00
2025-12-25 15:56:41.679257,599616324189295982,-34.00
2025-12-25 15:56:41.679257,599616324189295982,-39.00
2025-12-25 15:56:41.679257,599616324189295982,-36.00
2025-12-25 15:56:41.679257,599616324189295982,-45.00
2025-12-25 15:56:41.679257,599616324189295982,-64.00
2025-12-25 15:56:41.679257,599616324189295982,-75.00
2025-12-25 15:56:41.679257,599616324189295982,-91.00
2025-12-25 15:56:41.679257,599616324189295982,-108.00
2025-12-25 15:56:41.679257,599616324189295982,-117.00
2025-12-25 15:56:41.679257,599616324189295982,-128.00
2025-12-25 15:56:41.679257,599616324189295982,-140.00
2025-12-25 15:56:41.679257,599616324189295982,-142.00
2025-12-25 15:56:41.679257,599616324189295982,-142.00
2025-12-25 15:56:41.679257,599616324189295982,-140.00
2025-12-25 15:56:41.679257,599616324189295982,-133.00
2025-12-25 15:56:41.679257,599616324189295982,-128.00
2025-12-25 15:56:41.679257,599616324189295982,-121.00
2025-12-25 15:56:41.679257,599616324189295982,-117.00
2025-12-25 15:56:41.679257,599616324189295982,-119.00
2025-12-25 15:56:41.679257,599616324189295982,-114.00
2025-12-25 15:56:41.679257,599616324189295982,-105.00
2025-12-25 15:56:41.679257,599616324189295982,-110.00
2025-12-25 15:56:41.679257,599616324189295982,-114.00
2025-12-25 15:56:41.679257,599616324189295982,-112.00
2025-12-25 15:56:41.679257,599616324189295982,-110.00
2025-12-25 15:56:41.679257,599616324189295982,-103.00
2025-12-25 15:56:41.679257,599616324189295982,-101.00
2025-12-25 15:56:41.679257,599616324189295982,-103.00
2025-12-25 15:56:41.679257,599616324189295982,-101.00
2025-12-25 15:56:41.679257,599616324189295982,-98.00
2025-12-25 15:56:41.679257,599616324189295982,-96.00
2025-12-25 15:56:41.679257,599616324189295982,-89.00
2025-12-25 15:56:41.679257,599616324189295982,-73.00
2025-12-25 15:56:41.679257,599616324189295982,-59.00
2025-12-25 15:56:41.679257,599616324189295982,-64.00
2025-12-25 15:56:41.679257,599616324189295982,-68.00
2025-12-25 15:56:41.679257,599616324189295982,-64.00
2025-12-25 15:56:41.679257,599616324189295982,-64.00
2025-12-25 15:56:41.679257,599616324189295982,-66.00
2025-12-25 15:56:41.679257,599616324189295982,-59.00
2025-12-25 15:56:41.679257,599616324189295982,-52.00
2025-12-25 15:56:41.679257,599616324189295982,-50.00
2025-12-25 15:56:41.679257,599616324189295982,-48.00
2025-12-25 15:56:41.679257,599616324189295982,-50.00
2025-12-25 15:56:41.679257,599616324189295982,-55.00
2025-12-25 15:56:41.679257,599616324189295982,-48.00
2025-12-25 15:56:41.679257,599616324189295982,-41.00
2025-12-25 15:56:41.679257,599616324189295982,-45.00
2025-12-25 15:56:41.679257,599616324189295982,-36.00
2025-12-25 15:56:41.679257,599616324189295982,57.00
2025-12-25 15:56:41.679257,599616324189295982,234.00
2025-12-25 15:56:41.679257,599616324189295982,248.00
2025-12-25 15:56:41.679257,599616324189295982,-71.00
2025-12-25 15:56:42.230959,599616324750145615,-342.00
2025-12-25 15:56:42.230959,599616324750145615,-264.00
2025-12-25 15:56:42.230959,599616324750145615,-142.00
2025-12-25 15:56:42.230959,599616324750145615,-117.00
2025-12-25 15:56:42.230959,599616324750145615,-55.00
2025-12-25 15:56:42.230959,599616324750145615,-2.00
2025-12-25 15:56:42.230959,599616324750145615,-9.00
2025-12-25 15:56:42.230959,599616324750145615,-6.00
2025-12-25 15:56:42.230959,599616324750145615,6.00
2025-12-25 15:56:42.230959,599616324750145615,6.00
2025-12-25 15:56:42.230959,599616324750145615,9.00
2025-12-25 15:56:42.230959,599616324750145615,9.00
2025-12-25 15:56:42.230959,599616324750145615,9.00
2025-12-25 15:56:42.230959,599616324750145615,16.00
2025-12-25 15:56:42.230959,599616324750145615,27.00
2025-12-25 15:56:42.230959,599616324750145615,34.00
2025-12-25 15:56:42.230959,599616324750145615,27.00
2025-12-25 15:56:42.230959,599616324750145615,16.00
2025-12-25 15:56:42.230959,599616324750145615,13.00
2025-12-25 15:56:42.230959,599616324750145615,29.00
2025-12-25 15:56:42.230959,599616324750145615,41.00
2025-12-25 15:56:42.230959,599616324750145615,39.00
2025-12-25 15:56:42.230959,599616324750145615,32.00
2025-12-25 15:56:42.230959,599616324750145615,29.00
2025-12-25 15:56:42.230959,599616324750145615,22.00
2025-12-25 15:56:42.230959,599616324750145615,16.00
2025-12-25 15:56:42.230959,599616324750145615,4.00
2025-12-25 15:56:42.230959,599616324750145615,-4.00
2025-12-25 15:56:42.230959,599616324750145615,-16.00
2025-12-25 15:56:42.230959,599616324750145615,-32.00
2025-12-25 15:56:42.230959,599616324750145615,-57.00
2025-12-25 15:56:42.230959,599616324750145615,-89.00
2025-12-25 15:56:42.230959,599616324750145615,-112.00
2025-12-25 15:56:42.230959,599616324750145615,-124.00
2025-12-25 15:56:42.230959,599616324750145615,-147.00
2025-12-25 15:56:42.230959,599616324750145615,-170.00
2025-12-25 15:56:42.230959,599616324750145615,-172.00
2025-12-25 15:56:42.230959,599616324750145615,-179.00
2025-12-25 15:56:42.230959,599616324750145615,-188.00
2025-12-25 15:56:42.230959,599616324750145615,-188.00
2025-12-25 15:56:42.230959,599616324750145615,-183.00
2025-12-25 15:56:42.230959,599616324750145615,-181.00
2025-12-25 15:56:42.230959,599616324750145615,-190.00
2025-12-25 15:56:42.230959,599616324750145615,-209.00
2025-12-25 15:56:42.230959,599616324750145615,-211.00
2025-12-25 15:56:42.230959,599616324750145615,-211.00
2025-12-25 15:56:42.230959,599616324750145615,-220.00
2025-12-25 15:56:42.230959,599616324750145615,-232.00
2025-12-25 15:56:42.230959,599616324750145615,-234.00
2025-12-25 15:56:42.230959,599616324750145615,-241.00
2025-12-25 15:56:42.230959,599616324750145615,-255.00
2025-12-25 15:56:42.230959,599616324750145615,-268.00
2025-12-25 15:56:42.230959,599616324750145615,-275.00
2025-12-25 15:56:42.230959,599616324750145615,-285.00
2025-12-25 15:56:42.230959,599616324750145615,-287.00
2025-12-25 15:56:42.230959,599616324750145615,-287.00
2025-12-25 15:56:42.230959,599616324750145615,-285.00
2025-12-25 15:56:42.230959,599616324750145615,-280.00
2025-12-25 15:56:42.230959,599616324750145615,-285.00
2025-12-25 15:56:42.230959,599616324750145615,-305.00
2025-12-25 15:56:42.230959,599616324750145615,-326.00
2025-12-25 15:56:42.230959,599616324750145615,-326.00
2025-12-25 15:56:42.230959,599616324750145615,-319.00
2025-12-25 15:56:42.230959,599616324750145615,-326.00
2025-12-25 15:56:42.230959,599616324750145615,-331.00
2025-12-25 15:56:42.230959,599616324750145615,-331.00
2025-12-25 15:56:42.230959,599616324750145615,-333.00
2025-12-25 15:56:42.230959,599616324750145615,-331.00
2025-12-25 15:56:42.230959,599616324750145615,-321.00
2025-12-25 15:56:42.230959,599616324750145615,-319.00
2025-12-25 15:56:42.230959,599616324750145615,-333.00
2025-12-25 15:56:42.230959,599616324750145615,-337.00
2025-12-25 15:56:42.230959,599616324750145615,-262.00
2025-12-25 15:56:42.782860,599616325310974900,-85.00
2025-12-25 15:56:42.782860,599616325310974900,-27.00
2025-12-25 15:56:42.782860,599616325310974900,-324.00
2025-12-25 15:56:42.782860,599616325310974900,-636.00
2025-12-25 15:56:42.782860,599616325310974900,-597.00
2025-12-25 15:56:42.782860,599616325310974900,-489.00
2025-12-25 15:56:42.782860,599616325310974900,-478.00
2025-12-25 15:56:42.782860,599616325310974900,-397.00
2025-12-25 15:56:42.782860,599616325310974900,-321.00
2025-12-25 15:56:42.782860,599616325310974900,-337.00
2025-12-25 15:56:42.782860,599616325310974900,-337.00
2025-12-25 15:56:42.782860,599616325310974900,-303.00
2025-12-25 15:56:42.782860,599616325310974900,-310.00
2025-12-25 15:56:42.782860,599616325310974900,-328.00
2025-12-25 15:56:42.782860,599616325310974900,-317.00
2025-12-25 15:56:42.782860,599616325310974900,-303.00
2025-12-25 15:56:42.782860,599616325310974900,-298.00
2025-12-25 15:56:42.782860,599616325310974900,-287.00
2025-12-25 15:56:42.782860,599616325310974900,-282.00
2025-12-25 15:56:42.782860,599616325310974900,-291.00
2025-12-25 15:56:42.782860,599616325310974900,-289.00
2025-12-25 15:56:42.782860,599616325310974900,-278.00
2025-12-25 15:56:42.782860,599616325310974900,-275.00
2025-12-25 15:56:42.782860,599616325310974900,-271.00
2025-12-25 15:56:42.782860,599616325310974900,-266.00
2025-12-25 15:56:42.782860,599616325310974900,-273.00
2025-12-25 15:56:42.782860,599616325310974900,-268.00
2025-12-25 15:56:42.782860,599616325310974900,-264.00
2025-12-25 15:56:42.782860,599616325310974900,-271.00
2025-12-25 15:56:42.782860,599616325310974900,-275.00
2025-12-25 15:56:42.782860,599616325310974900,-273.00
2025-12-25 15:56:42.782860,599616325310974900,-280.00
2025-12-25 15:56:42.782860,599616325310974900,-291.00
2025-12-25 15:56:42.782860,599616325310974900,-294.00
2025-12-25 15:56:42.782860,599616325310974900,-310.00
2025-12-25 15:56:42.782860,599616325310974900,-337.00
2025-12-25 15:56:42.782860,599616325310974900,-349.00
2025-12-25 15:56:42.782860,599616325310974900,-354.00
2025-12-25 15:56:42.782860,599616325310974900,-363.00
2025-12-25 15:56:42.782860,599616325310974900,-358.00
2025-12-25 15:56:42.782860,599616325310974900,-351.00
2025-12-25 15:56:42.782860,599616325310974900,-356.00
2025-12-25 15:56:42.782860,599616325310974900,-356.00
2025-12-25 15:56:42.782860,599616325310974900,-344.00
2025-12-25 15:56:42.782860,599616325310974900,-337.00
2025-12-25 15:56:42.782860,599616325310974900,-337.00
2025-12-25 15:56:42.782860,599616325310974900,-333.00
2025-12-25 15:56:42.782860,599616325310974900,-326.00
2025-12-25 15:56:42.782860,599616325310974900,-324.00
2025-12-25 15:56:42.782860,599616325310974900,-317.00
2025-12-25 15:56:42.782860,599616325310974900,-312.00
2025-12-25 15:56:42.782860,599616325310974900,-312.00
2025-12-25 15:56:42.782860,599616325310974900,-310.00
2025-12-25 15:56:42.782860,599616325310974900,-305.00
2025-12-25 15:56:42.782860,599616325310974900,-310.00
2025-12-25 15:56:42.782860,599616325310974900,-312.00
2025-12-25 15:56:42.782860,599616325310974900,-310.00
2025-12-25 15:56:42.782860,599616325310974900,-310.00
2025-12-25 15:56:42.782860,599616325310974900,-296.00
2025-12-25 15:56:42.782860,599616325310974900,-275.00
2025-12-25 15:56:42.782860,599616325310974900,-264.00
2025-12-25 15:56:42.782860,599616325310974900,-264.00
2025-12-25 15:56:42.782860,599616325310974900,-264.00
2025-12-25 15:56:42.782860,599616325310974900,-264.00
2025-12-25 15:56:42.782860,599616325310974900,-262.00
2025-12-25 15:56:42.782860,599616325310974900,-259.00
2025-12-25 15:56:42.782860,599616325310974900,-252.00
2025-12-25 15:56:42.782860,599616325310974900,-248.00
2025-12-25 15:56:42.782860,599616325310974900,-243.00
2025-12-25 15:56:42.782860,599616325310974900,-241.00
2025-12-25 15:56:42.782860,599616325310974900,-241.00
2025-12-25 15:56:42.782860,599616325310974900,-243.00
2025-12-25 15:56:42.782860,599616325310974900,-241.00
2025-12-25 15:56:43.334189,599616325871814359,-243.00
2025-12-25 15:56:43.334189,599616325871814359,-234.00
2025-12-25 15:56:43.334189,599616325871814359,-170.00
2025-12-25 15:56:43.334189,599616325871814359,-16.00
2025-12-25 15:56:43.334189,599616325871814359,94.00
2025-12-25 15:56:43.334189,599616325871814359,-119.00
2025-12-25 15:56:43.334189,599616325871814359,-478.00
2025-12-25 15:56:43.334189,599616325871814359,-517.00
2025-12-25 15:56:43.334189,599616325871814359,-363.00
2025-12-25 15:56:43.334189,599616325871814359,-305.00
2025-12-25 15:56:43.334189,599616325871814359,-262.00
2025-12-25 15:56:43.334189,599616325871814359,-190.00
2025-12-25 15:56:43.334189,599616325871814359,-181.00
2025-12-25 15:56:43.334189,599616325871814359,-188.00
2025-12-25 15:56:43.334189,599616325871814359,-158.00
2025-12-25 15:56:43.334189,599616325871814359,-142.00
2025-12-25 15:56:43.334189,599616325871814359,-151.00
2025-12-25 15:56:43.334189,599616325871814359,-151.00
2025-12-25 15:56:43.334189,599616325871814359,-147.00
2025-12-25 15:56:43.334189,599616325871814359,-147.00
2025-12-25 15:56:43.334189,599616325871814359,-149.00
2025-12-25 15:56:43.334189,599616325871814359,-144.00
2025-12-25 15:56:43.334189,599616325871814359,-131.00
2025-12-25 15:56:43.334189,599616325871814359,-126.00
2025-12-25 15:56:43.334189,599616325871814359,-128.00
2025-12-25 15:56:43.334189,599616325871814359,-124.00
2025-12-25 15:56:43.334189,599616325871814359,-119.00
2025-12-25 15:56:43.334189,599616325871814359,-117.00
2025-12-25 15:56:43.334189,599616325871814359,-114.00
2025-12-25 15:56:43.334189,599616325871814359,-110.00
2025-12-25 15:56:43.334189,599616325871814359,-110.00
2025-12-25 15:56:43.334189,599616325871814359,-110.00
2025-12-25 15:56:43.334189,599616325871814359,-114.00
2025-12-25 15:56:43.334189,599616325871814359,-121.00
2025-12-25 15:56:43.334189,599616325871814359,-121.00
2025-12-25 15:56:43.334189,599616325871814359,-131.00
2025-12-25 15:56:43.334189,599616325871814359,-151.00
2025-12-25 15:56:43.334189,599616325871814359,-167.00
2025-12-25 15:56:43.334189,599616325871814359,-177.00
2025-12-25 15:56:43.334189,599616325871814359,-193.00
2025-12-25 15:56:43.334189,599616325871814359,-209.00
2025-12-25 15:56:43.334189,599616325871814359,-216.00
2025-12-25 15:56:43.334189,599616325871814359,-218.00
2025-12-25 15:56:43.334189,599616325871814359,-216.00
2025-12-25 15:56:43.334189,599616325871814359,-213.00
2025-12-25 15:56:43.334189,599616325871814359,-213.00
2025-12-25 15:56:43.334189,599616325871814359,-209.00
2025-12-25 15:56:43.334189,599616325871814359,-202.00
2025-12-25 15:56:43.334189,599616325871814359,-200.00
2025-12-25 15:56:43.334189,599616325871814359,-200.00
2025-12-25 15:56:43.334189,599616325871814359,-200.00
2025-12-25 15:56:43.334189,599616325871814359,-188.00
2025-12-25 15:56:43.334189,599616325871814359,-177.00
2025-12-25 15:56:43.334189,599616325871814359,-172.00
2025-12-25 15:56:43.334189,599616325871814359,-167.00
2025-12-25 15:56:43.334189,599616325871814359,-163.00
2025-12-25 15:56:43.334189,599616325871814359,-158.00
2025-12-25 15:56:43.334189,599616325871814359,-165.00
2025-12-25 15:56:43.334189,599616325871814359,-179.00
2025-12-25 15:56:43.334189,599616325871814359,-179.00
2025-12-25 15:56:43.334189,599616325871814359,-170.00
2025-12-25 15:56:43.334189,599616325871814359,-167.00
2025-12-25 15:56:43.334189,599616325871814359,-163.00
2025-12-25 15:56:43.334189,599616325871814359,-151.00
2025-12-25 15:56:43.334189,599616325871814359,-144.00
2025-12-25 15:56:43.334189,599616325871814359,-151.00
2025-12-25 15:56:43.334189,599616325871814359,-160.00
2025-12-25 15:56:43.334189,599616325871814359,-165.00
2025-12-25 15:56:43.334189,599616325871814359,-163.00
2025-12-25 15:56:43.334189,599616325871814359,-158.00
2025-12-25 15:56:43.334189,599616325871814359,-156.00
2025-12-25 15:56:43.334189,599616325871814359,-156.00
2025-12-25 15:56:43.334189,599616325871814359,-154.00
2025-12-25 15:56:43.837217,599616326432633472,-144.00
2025-12-25 15:56:43.837217,599616326432633472,-140.00
2025-12-25 15:56:43.837217,599616326432633472,-144.00
2025-12-25 15:56:43.837217,599616326432633472,-144.00
2025-12-25 15:56:43.837217,599616326432633472,-147.00
2025-12-25 15:56:43.837217,599616326432633472,-137.00
2025-12-25 15:56:43.837217,599616326432633472,-50.00
2025-12-25 15:56:43.837217,599616326432633472,124.00
2025-12-25 15:56:43.837217,599616326432633472,170.00
2025-12-25 15:56:43.837217,599616326432633472,-131.00
2025-12-25 15:56:43.837217,599616326432633472,-443.00
2025-12-25 15:56:43.837217,599616326432633472,-390.00
2025-12-25 15:56:43.837217,599616326432633472,-243.00
2025-12-25 15:56:43.837217,599616326432633472,-211.00
2025-12-25 15:56:43.837217,599616326432633472,-149.00
2025-12-25 15:56:43.837217,599616326432633472,-89.00
2025-12-25 15:56:43.837217,599616326432633472,-101.00
2025-12-25 15:56:43.837217,599616326432633472,-108.00
2025-12-25 15:56:43.837217,599616326432633472,-87.00
2025-12-25 15:56:43.837217,599616326432633472,-85.00
2025-12-25 15:56:43.837217,599616326432633472,-91.00
2025-12-25 15:56:43.837217,599616326432633472,-85.00
2025-12-25 15:56:43.837217,599616326432633472,-80.00
2025-12-25 15:56:43.837217,599616326432633472,-80.00
2025-12-25 15:56:43.837217,599616326432633472,-73.00
2025-12-25 15:56:43.837217,599616326432633472,-73.00
2025-12-25 15:56:43.837217,599616326432633472,-78.00
2025-12-25 15:56:43.837217,599616326432633472,-78.00
2025-12-25 15:56:43.837217,599616326432633472,-68.00
2025-12-25 15:56:43.837217,599616326432633472,-66.00
2025-12-25 15:56:43.837217,599616326432633472,-62.00
2025-12-25 15:56:43.837217,599616326432633472,-52.00
2025-12-25 15:56:43.837217,599616326432633472,-48.00
2025-12-25 15:56:43.837217,599616326432633472,-50.00
2025-12-25 15:56:43.837217,599616326432633472,-50.00
2025-12-25 15:56:43.837217,599616326432633472,-48.00
2025-12-25 15:56:43.837217,599616326432633472,-50.00
2025-12-25 15:56:43.837217,599616326432633472,-57.00
2025-12-25 15:56:43.837217,599616326432633472,-68.00
2025-12-25 15:56:43.837217,599616326432633472,-82.00
2025-12-25 15:56:43.837217,599616326432633472,-101.00
2025-12-25 15:56:43.837217,599616326432633472,-117.00
2025-12-25 15:56:43.837217,599616326432633472,-128.00
2025-12-25 15:56:43.837217,599616326432633472,-144.00
2025-12-25 15:56:43.837217,599616326432633472,-158.00
2025-12-25 15:56:43.837217,599616326432633472,-154.00
2025-12-25 15:56:43.837217,599616326432633472,-142.00
2025-12-25 15:56:43.837217,599616326432633472,-147.00
2025-12-25 15:56:43.837217,599616326432633472,-154.00
2025-12-25 15:56:43.837217,599616326432633472,-151.00
2025-12-25 15:56:43.837217,599616326432633472,-144.00
2025-12-25 15:56:43.837217,599616326432633472,-147.00
2025-12-25 15:56:43.837217,599616326432633472,-144.00
2025-12-25 15:56:43.837217,599616326432633472,-137.00
2025-12-25 15:56:43.837217,599616326432633472,-140.00
2025-12-25 15:56:43.837217,599616326432633472,-140.00
2025-12-25 15:56:43.837217,599616326432633472,-135.00
2025-12-25 15:56:43.837217,599616326432633472,-133.00
2025-12-25 15:56:43.837217,599616326432633472,-133.00
2025-12-25 15:56:43.837217,599616326432633472,-135.00
2025-12-25 15:56:43.837217,599616326432633472,-135.00
2025-12-25 15:56:43.837217,599616326432633472,-140.00
2025-12-25 15:56:43.837217,599616326432633472,-142.00
2025-12-25 15:56:43.837217,599616326432633472,-142.00
2025-12-25 15:56:43.837217,599616326432633472,-142.00
2025-12-25 15:56:43.837217,599616326432633472,-135.00
2025-12-25 15:56:43.837217,599616326432633472,-121.00
2025-12-25 15:56:43.837217,599616326432633472,-117.00
2025-12-25 15:56:43.837217,599616326432633472,-124.00
2025-12-25 15:56:43.837217,599616326432633472,-131.00
2025-12-25 15:56:43.837217,599616326432633472,-135.00
2025-12-25 15:56:43.837217,599616326432633472,-144.00
2025-12-25 15:56:43.837217,599616326432633472,-135.00
2025-12-25 15:56:44.393919,599616326993483103,-124.00
2025-12-25 15:56:44.393919,599616326993483103,-133.00
2025-12-25 15:56:44.393919,599616326993483103,-142.00
2025-12-25 15:56:44.393919,599616326993483103,-124.00
2025-12-25 15:56:44.393919,599616326993483103,-110.00
2025-12-25 15:56:44.393919,599616326993483103,-112.00
2025-12-25 15:56:44.393919,599616326993483103,-112.00
2025-12-25 15:56:44.393919,599616326993483103,-110.00
2025-12-25 15:56:44.393919,599616326993483103,-85.00
2025-12-25 15:56:44.393919,599616326993483103,25.00
2025-12-25 15:56:44.393919,599616326993483103,195.00
2025-12-25 15:56:44.393919,599616326993483103,177.00
2025-12-25 15:56:44.393919,599616326993483103,-158.00
2025-12-25 15:56:44.393919,599616326993483103,-409.00
2025-12-25 15:56:44.393919,599616326993483103,-324.00
2025-12-25 15:56:44.393919,599616326993483103,-211.00
2025-12-25 15:56:44.393919,599616326993483103,-183.00
2025-12-25 15:56:44.393919,599616326993483103,-112.00
2025-12-25 15:56:44.393919,599616326993483103,-68.00
2025-12-25 15:56:44.393919,599616326993483103,-87.00
2025-12-25 15:56:44.393919,599616326993483103,-82.00
2025-12-25 15:56:44.393919,599616326993483103,-66.00
2025-12-25 15:56:44.393919,599616326993483103,-71.00
2025-12-25 15:56:44.393919,599616326993483103,-73.00
2025-12-25 15:56:44.393919,599616326993483103,-73.00
2025-12-25 15:56:44.393919,599616326993483103,-68.00
2025-12-25 15:56:44.393919,599616326993483103,-57.00
2025-12-25 15:56:44.393919,599616326993483103,-57.00
2025-12-25 15:56:44.393919,599616326993483103,-66.00
2025-12-25 15:56:44.393919,599616326993483103,-59.00
2025-12-25 15:56:44.393919,599616326993483103,-55.00
2025-12-25 15:56:44.393919,599616326993483103,-62.00
2025-12-25 15:56:44.393919,599616326993483103,-52.00
2025-12-25 15:56:44.393919,599616326993483103,-41.00
2025-12-25 15:56:44.393919,599616326993483103,-41.00
2025-12-25 15:56:44.393919,599616326993483103,-36.00
2025-12-25 15:56:44.393919,599616326993483103,-27.00
2025-12-25 15:56:44.393919,599616326993483103,-22.00
2025-12-25 15:56:44.393919,599616326993483103,-16.00
2025-12-25 15:56:44.393919,599616326993483103,-20.00
2025-12-25 15:56:44.393919,599616326993483103,-36.00
2025-12-25 15:56:44.393919,599616326993483103,-45.00
2025-12-25 15:56:44.393919,599616326993483103,-57.00
2025-12-25 15:56:44.393919,599616326993483103,-82.00
2025-12-25 15:56:44.393919,599616326993483103,-103.00
2025-12-25 15:56:44.393919,599616326993483103,-117.00
2025-12-25 15:56:44.393919,599616326993483103,-131.00
2025-12-25 15:56:44.393919,599616326993483103,-135.00
2025-12-25 15:56:44.393919,599616326993483103,-137.00
2025-12-25 15:56:44.393919,599616326993483103,-144.00
2025-12-25 15:56:44.393919,599616326993483103,-147.00
2025-12-25 15:56:44.393919,599616326993483103,-144.00
2025-12-25 15:56:44.393919,599616326993483103,-144.00
2025-12-25 15:56:44.393919,599616326993483103,-144.00
2025-12-25 15:56:44.393919,599616326993483103,-144.00
2025-12-25 15:56:44.393919,599616326993483103,-142.00
2025-12-25 15:56:44.393919,599616326993483103,-140.00
2025-12-25 15:56:44.393919,599616326993483103,-142.00
2025-12-25 15:56:44.393919,599616326993483103,-147.00
2025-12-25 15:56:44.393919,599616326993483103,-144.00
2025-12-25 15:56:44.393919,599616326993483103,-135.00
2025-12-25 15:56:44.393919,599616326993483103,-131.00
2025-12-25 15:56:44.393919,599616326993483103,-137.00
2025-12-25 15:56:44.393919,599616326993483103,-140.00
2025-12-25 15:56:44.393919,599616326993483103,-133.00
2025-12-25 15:56:44.393919,599616326993483103,-126.00
2025-12-25 15:56:44.393919,599616326993483103,-114.00
2025-12-25 15:56:44.393919,599616326993483103,-108.00
2025-12-25 15:56:44.393919,599616326993483103,-119.00
2025-12-25 15:56:44.393919,599616326993483103,-128.00
2025-12-25 15:56:44.393919,599616326993483103,-133.00
2025-12-25 15:56:44.393919,599616326993483103,-137.00
2025-12-25 15:56:44.393919,599616326993483103,-128.00
2025-12-25 15:56:45.048235,599616327554332734,-119.00
2025-12-25 15:56:45.048235,599616327554332734,-131.00
2025-12-25 15:56:45.048235,599616327554332734,-140.00
2025-12-25 15:56:45.048235,599616327554332734,-128.00
2025-12-25 15:56:45.048235,599616327554332734,-119.00
2025-12-25 15:56:45.048235,599616327554332734,-112.00
2025-12-25 15:56:45.048235,599616327554332734,-98.00
2025-12-25 15:56:45.048235,599616327554332734,-98.00
2025-12-25 15:56:45.048235,599616327554332734,-75.00
2025-12-25 15:56:45.048235,599616327554332734,59.00
2025-12-25 15:56:45.048235,599616327554332734,227.00
2025-12-25 15:56:45.048235,599616327554332734,117.00
2025-12-25 15:56:45.048235,599616327554332734,-252.00
2025-12-25 15:56:45.048235,599616327554332734,-402.00
2025-12-25 15:56:45.048235,599616327554332734,-282.00
2025-12-25 15:56:45.048235,599616327554332734,-202.00
2025-12-25 15:56:45.048235,599616327554332734,-158.00
2025-12-25 15:56:45.048235,599616327554332734,-89.00
2025-12-25 15:56:45.048235,599616327554332734,-80.00
2025-12-25 15:56:45.048235,599616327554332734,-98.00
2025-12-25 15:56:45.048235,599616327554332734,-80.00
2025-12-25 15:56:45.048235,599616327554332734,-66.00
2025-12-25 15:56:45.048235,599616327554332734,-75.00
2025-12-25 15:56:45.048235,599616327554332734,-71.00
2025-12-25 15:56:45.048235,599616327554332734,-66.00
2025-12-25 15:56:45.048235,599616327554332734,-71.00
2025-12-25 15:56:45.048235,599616327554332734,-68.00
2025-12-25 15:56:45.048235,599616327554332734,-64.00
2025-12-25 15:56:45.048235,599616327554332734,-59.00
2025-12-25 15:56:45.048235,599616327554332734,-50.00
2025-12-25 15:56:45.048235,599616327554332734,-39.00
2025-12-25 15:56:45.048235,599616327554332734,-34.00
2025-12-25 15:56:45.048235,599616327554332734,-36.00
2025-12-25 15:56:45.048235,599616327554332734,-36.00
2025-12-25 15:56:45.048235,599616327554332734,-27.00
2025-12-25 15:56:45.048235,599616327554332734,-25.00
2025-12-25 15:56:45.048235,599616327554332734,-22.00
2025-12-25 15:56:45.048235,599616327554332734,-20.00
2025-12-25 15:56:45.048235,599616327554332734,-27.00
2025-12-25 15:56:45.048235,599616327554332734,-36.00
2025-12-25 15:56:45.048235,599616327554332734,-39.00
2025-12-25 15:56:45.048235,599616327554332734,-50.00
2025-12-25 15:56:45.048235,599616327554332734,-75.00
2025-12-25 15:56:45.048235,599616327554332734,-98.00
2025-12-25 15:56:45.048235,599616327554332734,-117.00
2025-12-25 15:56:45.048235,599616327554332734,-135.00
2025-12-25 15:56:45.048235,599616327554332734,-142.00
2025-12-25 15:56:45.048235,599616327554332734,-142.00
2025-12-25 15:56:45.048235,599616327554332734,-154.00
2025-12-25 15:56:45.048235,599616327554332734,-165.00
2025-12-25 15:56:45.048235,599616327554332734,-160.00
2025-12-25 15:56:45.048235,599616327554332734,-154.00
2025-12-25 15:56:45.048235,599616327554332734,-154.00
2025-12-25 15:56:45.048235,599616327554332734,-156.00
2025-12-25 15:56:45.048235,599616327554332734,-154.00
2025-12-25 15:56:45.048235,599616327554332734,-154.00
2025-12-25 15:56:45.048235,599616327554332734,-156.00
2025-12-25 15:56:45.048235,599616327554332734,-154.00
2025-12-25 15:56:45.048235,599616327554332734,-147.00
2025-12-25 15:56:45.048235,599616327554332734,-140.00
2025-12-25 15:56:45.048235,599616327554332734,-135.00
2025-12-25 15:56:45.048235,599616327554332734,-137.00
2025-12-25 15:56:45.048235,599616327554332734,-147.00
2025-12-25 15:56:45.048235,599616327554332734,-149.00
2025-12-25 15:56:45.048235,599616327554332734,-142.00
2025-12-25 15:56:45.048235,599616327554332734,-131.00
2025-12-25 15:56:45.048235,599616327554332734,-128.00
2025-12-25 15:56:45.048235,599616327554332734,-124.00
2025-12-25 15:56:45.048235,599616327554332734,-112.00
2025-12-25 15:56:45.048235,599616327554332734,-112.00
2025-12-25 15:56:45.048235,599616327554332734,-131.00
2025-12-25 15:56:45.048235,599616327554332734,-140.00
2025-12-25 15:56:45.048235,599616327554332734,-140.00
2025-12-25 15:56:45.751389,599616328115182367,-140.00
2025-12-25 15:56:45.751389,599616328115182367,-144.00
2025-12-25 15:56:45.751389,599616328115182367,-140.00
2025-12-25 15:56:45.751389,599616328115182367,-133.00
2025-12-25 15:56:45.751389,599616328115182367,-133.00
2025-12-25 15:56:45.751389,599616328115182367,-135.00
2025-12-25 15:56:45.751389,599616328115182367,-137.00
2025-12-25 15:56:45.751389,599616328115182367,-137.00
2025-12-25 15:56:45.751389,599616328115182367,-137.00
2025-12-25 15:56:45.751389,599616328115182367,-114.00
2025-12-25 15:56:45.751389,599616328115182367,-27.00
2025-12-25 15:56:45.751389,599616328115182367,131.00
2025-12-25 15:56:45.751389,599616328115182367,190.00
2025-12-25 15:56:45.751389,599616328115182367,-78.00
2025-12-25 15:56:45.751389,599616328115182367,-386.00
2025-12-25 15:56:45.751389,599616328115182367,-356.00
2025-12-25 15:56:45.751389,599616328115182367,-220.00
2025-12-25 15:56:45.751389,599616328115182367,-188.00
2025-12-25 15:56:45.751389,599616328115182367,-128.00
2025-12-25 15:56:45.751389,599616328115182367,-64.00
2025-12-25 15:56:45.751389,599616328115182367,-73.00
2025-12-25 15:56:45.751389,599616328115182367,-82.00
2025-12-25 15:56:45.751389,599616328115182367,-57.00
2025-12-25 15:56:45.751389,599616328115182367,-45.00
2025-12-25 15:56:45.751389,599616328115182367,-57.00
2025-12-25 15:56:45.751389,599616328115182367,-57.00
2025-12-25 15:56:45.751389,599616328115182367,-45.00
2025-12-25 15:56:45.751389,599616328115182367,-45.00
2025-12-25 15:56:45.751389,599616328115182367,-52.00
2025-12-25 15:56:45.751389,599616328115182367,-50.00
2025-12-25 15:56:45.751389,599616328115182367,-41.00
2025-12-25 15:56:45.751389,599616328115182367,-41.00
2025-12-25 15:56:45.751389,599616328115182367,-41.00
2025-12-25 15:56:45.751389,599616328115182367,-39.00
2025-12-25 15:56:45.751389,599616328115182367,-32.00
2025-12-25 15:56:45.751389,599616328115182367,-25.00
2025-12-25 15:56:45.751389,599616328115182367,-22.00
2025-12-25 15:56:45.751389,599616328115182367,-27.00
2025-12-25 15:56:45.751389,599616328115182367,-25.00
2025-12-25 15:56:45.751389,599616328115182367,-22.00
2025-12-25 15:56:45.751389,599616328115182367,-27.00
2025-12-25 15:56:45.751389,599616328115182367,-32.00
2025-12-25 15:56:45.751389,599616328115182367,-41.00
2025-12-25 15:56:45.751389,599616328115182367,-64.00
2025-12-25 15:56:45.751389,599616328115182367,-87.00
2025-12-25 15:56:45.751389,599616328115182367,-96.00
2025-12-25 15:56:45.751389,599616328115182367,-110.00
2025-12-25 15:56:45.751389,599616328115182367,-128.00
2025-12-25 15:56:45.751389,599616328115182367,-144.00
2025-12-25 15:56:45.751389,599616328115182367,-147.00
2025-12-25 15:56:45.751389,599616328115182367,-144.00
2025-12-25 15:56:45.751389,599616328115182367,-147.00
2025-12-25 15:56:45.751389,599616328115182367,-144.00
2025-12-25 15:56:45.751389,599616328115182367,-144.00
2025-12-25 15:56:45.751389,599616328115182367,-142.00
2025-12-25 15:56:45.751389,599616328115182367,-140.00
2025-12-25 15:56:45.751389,599616328115182367,-140.00
2025-12-25 15:56:45.751389,599616328115182367,-140.00
2025-12-25 15:56:45.751389,599616328115182367,-135.00
2025-12-25 15:56:45.751389,599616328115182367,-142.00
2025-12-25 15:56:45.751389,599616328115182367,-149.00
2025-12-25 15:56:45.751389,599616328115182367,-142.00
2025-12-25 15:56:45.751389,599616328115182367,-135.00
2025-12-25 15:56:45.751389,599616328115182367,-137.00
2025-12-25 15:56:45.751389,599616328115182367,-137.00
2025-12-25 15:56:45.751389,599616328115182367,-140.00
2025-12-25 15:56:45.751389,599616328115182367,-149.00
2025-12-25 15:56:45.751389,599616328115182367,-151.00
2025-12-25 15:56:45.751389,599616328115182367,-142.00
2025-12-25 15:56:45.751389,599616328115182367,-137.00
2025-12-25 15:56:45.751389,599616328115182367,-135.00
2025-12-25 15:56:45.751389,599616328115182367,-126.00
2025-12-25 15:56:45.751389,599616328115182367,-112.00
2025-12-25 15:56:46.103055,599616328676011652,-114.00
2025-12-25 15:56:46.103055,599616328676011652,-131.00
2025-12-25 15:56:46.103055,599616328676011652,-142.00
2025-12-25 15:56:46.103055,599616328676011652,-137.00
2025-12-25 15:56:46.103055,599616328676011652,-137.00
2025-12-25 15:56:46.103055,599616328676011652,-140.00
2025-12-25 15:56:46.103055,599616328676011652,-140.00
2025-12-25 15:56:46.103055,599616328676011652,-140.00
2025-12-25 15:56:46.103055,599616328676011652,-135.00
2025-12-25 15:56:46.103055,599616328676011652,-131.00
2025-12-25 15:56:46.103055,599616328676011652,-128.00
2025-12-25 15:56:46.103055,599616328676011652,-124.00
2025-12-25 15:56:46.103055,599616328676011652,-124.00
2025-12-25 15:56:46.103055,599616328676011652,-128.00
2025-12-25 15:56:46.103055,599616328676011652,-114.00
2025-12-25 15:56:46.103055,599616328676011652,-25.00
2025-12-25 15:56:46.103055,599616328676011652,144.00
2025-12-25 15:56:46.103055,599616328676011652,200.00
2025-12-25 15:56:46.103055,599616328676011652,-73.00
2025-12-25 15:56:46.103055,599616328676011652,-367.00
2025-12-25 15:56:46.103055,599616328676011652,-331.00
2025-12-25 15:56:46.103055,599616328676011652,-206.00
2025-12-25 15:56:46.103055,599616328676011652,-172.00
2025-12-25 15:56:46.103055,599616328676011652,-108.00
2025-12-25 15:56:46.103055,599616328676011652,-45.00
2025-12-25 15:56:46.103055,599616328676011652,-52.00
2025-12-25 15:56:46.103055,599616328676011652,-59.00
2025-12-25 15:56:46.103055,599616328676011652,-45.00
2025-12-25 15:56:46.103055,599616328676011652,-43.00
2025-12-25 15:56:46.103055,599616328676011652,-48.00
2025-12-25 15:56:46.103055,599616328676011652,-48.00
2025-12-25 15:56:46.103055,599616328676011652,-48.00
2025-12-25 15:56:46.103055,599616328676011652,-48.00
2025-12-25 15:56:46.103055,599616328676011652,-52.00
2025-12-25 15:56:46.103055,599616328676011652,-52.00
2025-12-25 15:56:46.103055,599616328676011652,-36.00
2025-12-25 15:56:46.103055,599616328676011652,-27.00
2025-12-25 15:56:46.103055,599616328676011652,-36.00
2025-12-25 15:56:46.103055,599616328676011652,-41.00
2025-12-25 15:56:46.103055,599616328676011652,-34.00
2025-12-25 15:56:46.103055,599616328676011652,-27.00
2025-12-25 15:56:46.103055,599616328676011652,-32.00
2025-12-25 15:56:46.103055,599616328676011652,-34.00
2025-12-25 15:56:46.103055,599616328676011652,-27.00
2025-12-25 15:56:46.103055,599616328676011652,-22.00
2025-12-25 15:56:46.103055,599616328676011652,-27.00
2025-12-25 15:56:46.103055,599616328676011652,-32.00
2025-12-25 15:56:46.103055,599616328676011652,-43.00
2025-12-25 15:56:46.103055,599616328676011652,-64.00
2025-12-25 15:56:46.103055,599616328676011652,-80.00
2025-12-25 15:56:46.103055,599616328676011652,-94.00
2025-12-25 15:56:46.103055,599616328676011652,-114.00
2025-12-25 15:56:46.103055,599616328676011652,-126.00
2025-12-25 15:56:46.103055,599616328676011652,-137.00
2025-12-25 15:56:46.103055,599616328676011652,-154.00
2025-12-25 15:56:46.103055,599616328676011652,-156.00
2025-12-25 15:56:46.103055,599616328676011652,-156.00
2025-12-25 15:56:46.103055,599616328676011652,-154.00
2025-12-25 15:56:46.103055,599616328676011652,-149.00
2025-12-25 15:56:46.103055,599616328676011652,-147.00
2025-12-25 15:56:46.103055,599616328676011652,-158.00
2025-12-25 15:56:46.103055,599616328676011652,-165.00
2025-12-25 15:56:46.103055,599616328676011652,-140.00
2025-12-25 15:56:46.103055,599616328676011652,-124.00
2025-12-25 15:56:46.103055,599616328676011652,-147.00
2025-12-25 15:56:46.103055,599616328676011652,-154.00
2025-12-25 15:56:46.103055,599616328676011652,-144.00
2025-12-25 15:56:46.103055,599616328676011652,-149.00
2025-12-25 15:56:46.103055,599616328676011652,-156.00
2025-12-25 15:56:46.103055,599616328676011652,-151.00
2025-12-25 15:56:46.103055,599616328676011652,-151.00
2025-12-25 15:56:46.103055,599616328676011652,-149.00
2025-12-25 15:56:46.103055,599616328676011652,-144.00
2025-12-25 15:56:46.655102,599616329236866369,-142.00
2025-12-25 15:56:46.655102,599616329236866369,-140.00
2025-12-25 15:56:46.655102,599616329236866369,-135.00
2025-12-25 15:56:46.655102,599616329236866369,-135.00
2025-12-25 15:56:46.655102,599616329236866369,-137.00
2025-12-25 15:56:46.655102,599616329236866369,-133.00
2025-12-25 15:56:46.655102,599616329236866369,-121.00
2025-12-25 15:56:46.655102,599616329236866369,-114.00
2025-12-25 15:56:46.655102,599616329236866369,-114.00
2025-12-25 15:56:46.655102,599616329236866369,-110.00
2025-12-25 15:56:46.655102,599616329236866369,-114.00
2025-12-25 15:56:46.655102,599616329236866369,-119.00
2025-12-25 15:56:46.655102,599616329236866369,-121.00
2025-12-25 15:56:46.655102,599616329236866369,-124.00
2025-12-25 15:56:46.655102,599616329236866369,-126.00
2025-12-25 15:56:46.655102,599616329236866369,-119.00
2025-12-25 15:56:46.655102,599616329236866369,-117.00
2025-12-25 15:56:46.655102,599616329236866369,-124.00
2025-12-25 15:56:46.655102,599616329236866369,-112.00
2025-12-25 15:56:46.655102,599616329236866369,-105.00
2025-12-25 15:56:46.655102,599616329236866369,-117.00
2025-12-25 15:56:46.655102,599616329236866369,-117.00
2025-12-25 15:56:46.655102,599616329236866369,-94.00
2025-12-25 15:56:46.655102,599616329236866369,-29.00
2025-12-25 15:56:46.655102,599616329236866369,119.00
2025-12-25 15:56:46.655102,599616329236866369,167.00
2025-12-25 15:56:46.655102,599616329236866369,-101.00
2025-12-25 15:56:46.655102,599616329236866369,-383.00
2025-12-25 15:56:46.655102,599616329236866369,-358.00
2025-12-25 15:56:46.655102,599616329236866369,-245.00
2025-12-25 15:56:46.655102,599616329236866369,-202.00
2025-12-25 15:56:46.655102,599616329236866369,-135.00
2025-12-25 15:56:46.655102,599616329236866369,-89.00
2025-12-25 15:56:46.655102,599616329236866369,-98.00
2025-12-25 15:56:46.655102,599616329236866369,-103.00
2025-12-25 15:56:46.655102,599616329236866369,-94.00
2025-12-25 15:56:46.655102,599616329236866369,-89.00
2025-12-25 15:56:46.655102,599616329236866369,-87.00
2025-12-25 15:56:46.655102,599616329236866369,-85.00
2025-12-25 15:56:46.655102,599616329236866369,-75.00
2025-12-25 15:56:46.655102,599616329236866369,-75.00
2025-12-25 15:56:46.655102,599616329236866369,-85.00
2025-12-25 15:56:46.655102,599616329236866369,-85.00
2025-12-25 15:56:46.655102,599616329236866369,-73.00
2025-12-25 15:56:46.655102,599616329236866369,-71.00
2025-12-25 15:56:46.655102,599616329236866369,-73.00
2025-12-25 15:56:46.655102,599616329236866369,-73.00
2025-12-25 15:56:46.655102,599616329236866369,-68.00
2025-12-25 15:56:46.655102,599616329236866369,-59.00
2025-12-25 15:56:46.655102,599616329236866369,-48.00
2025-12-25 15:56:46.655102,599616329236866369,-45.00
2025-12-25 15:56:46.655102,599616329236866369,-52.00
2025-12-25 15:56:46.655102,599616329236866369,-57.00
2025-12-25 15:56:46.655102,599616329236866369,-52.00
2025-12-25 15:56:46.655102,599616329236866369,-52.00
2025-12-25 15:56:46.655102,599616329236866369,-62.00
2025-12-25 15:56:46.655102,599616329236866369,-73.00
2025-12-25 15:56:46.655102,599616329236866369,-91.00
2025-12-25 15:56:46.655102,599616329236866369,-112.00
2025-12-25 15:56:46.655102,599616329236866369,-128.00
2025-12-25 15:56:46.655102,599616329236866369,-140.00
2025-12-25 15:56:46.655102,599616329236866369,-158.00
2025-12-25 15:56:46.655102,599616329236866369,-167.00
2025-12-25 15:56:46.655102,599616329236866369,-163.00
2025-12-25 15:56:46.655102,599616329236866369,-163.00
2025-12-25 15:56:46.655102,599616329236866369,-170.00
2025-12-25 15:56:46.655102,599616329236866369,-170.00
2025-12-25 15:56:46.655102,599616329236866369,-163.00
2025-12-25 15:56:46.655102,599616329236866369,-154.00
2025-12-25 15:56:46.655102,599616329236866369,-154.00
2025-12-25 15:56:46.655102,599616329236866369,-158.00
2025-12-25 15:56:46.655102,599616329236866369,-158.00
2025-12-25 15:56:46.655102,599616329236866369,-158.00
2025-12-25 15:56:47.357965,599616329797700742,-156.00
2025-12-25 15:56:47.357965,599616329797700742,-151.00
2025-12-25 15:56:47.357965,599616329797700742,-149.00
2025-12-25 15:56:47.357965,599616329797700742,-144.00
2025-12-25 15:56:47.357965,599616329797700742,-142.00
2025-12-25 15:56:47.357965,599616329797700742,-149.00
2025-12-25 15:56:47.357965,599616329797700742,-142.00
2025-12-25 15:56:47.357965,599616329797700742,-124.00
2025-12-25 15:56:47.357965,599616329797700742,-133.00
2025-12-25 15:56:47.357965,599616329797700742,-149.00
2025-12-25 15:56:47.357965,599616329797700742,-142.00
2025-12-25 15:56:47.357965,599616329797700742,-131.00
2025-12-25 15:56:47.357965,599616329797700742,-131.00
2025-12-25 15:56:47.357965,599616329797700742,-135.00
2025-12-25 15:56:47.357965,599616329797700742,-142.00
2025-12-25 15:56:47.357965,599616329797700742,-140.00
2025-12-25 15:56:47.357965,599616329797700742,-124.00
2025-12-25 15:56:47.357965,599616329797700742,-119.00
2025-12-25 15:56:47.357965,599616329797700742,-133.00
2025-12-25 15:56:47.357965,599616329797700742,-142.00
2025-12-25 15:56:47.357965,599616329797700742,-137.00
2025-12-25 15:56:47.357965,599616329797700742,-137.00
2025-12-25 15:56:47.357965,599616329797700742,-137.00
2025-12-25 15:56:47.357965,599616329797700742,-133.00
2025-12-25 15:56:47.357965,599616329797700742,-131.00
2025-12-25 15:56:47.357965,599616329797700742,-131.00
2025-12-25 15:56:47.357965,599616329797700742,-128.00
2025-12-25 15:56:47.357965,599616329797700742,-126.00
2025-12-25 15:56:47.357965,599616329797700742,-128.00
2025-12-25 15:56:47.357965,599616329797700742,-131.00
2025-12-25 15:56:47.357965,599616329797700742,-133.00
2025-12-25 15:56:47.357965,599616329797700742,-135.00
2025-12-25 15:56:47.357965,599616329797700742,-117.00
2025-12-25 15:56:47.357965,599616329797700742,-20.00
2025-12-25 15:56:47.357965,599616329797700742,151.00
2025-12-25 15:56:47.357965,599616329797700742,147.00
2025-12-25 15:56:47.357965,599616329797700742,-181.00
2025-12-25 15:56:47.357965,599616329797700742,-429.00
2025-12-25 15:56:47.357965,599616329797700742,-358.00
2025-12-25 15:56:47.357965,599616329797700742,-268.00
2025-12-25 15:56:47.357965,599616329797700742,-241.00
2025-12-25 15:56:47.357965,599616329797700742,-156.00
2025-12-25 15:56:47.357965,599616329797700742,-105.00
2025-12-25 15:56:47.357965,599616329797700742,-121.00
2025-12-25 15:56:47.357965,599616329797700742,-128.00
2025-12-25 15:56:47.357965,599616329797700742,-119.00
2025-12-25 15:56:47.357965,599616329797700742,-117.00
2025-12-25 15:56:47.357965,599616329797700742,-114.00
2025-12-25 15:56:47.357965,599616329797700742,-105.00
2025-12-25 15:56:47.357965,599616329797700742,-105.00
2025-12-25 15:56:47.357965,599616329797700742,-110.00
2025-12-25 15:56:47.357965,599616329797700742,-108.00
2025-12-25 15:56:47.357965,599616329797700742,-110.00
2025-12-25 15:56:47.357965,599616329797700742,-103.00
2025-12-25 15:56:47.357965,599616329797700742,-94.00
2025-12-25 15:56:47.357965,599616329797700742,-94.00
2025-12-25 15:56:47.357965,599616329797700742,-87.00
2025-12-25 15:56:47.357965,599616329797700742,-73.00
2025-12-25 15:56:47.357965,599616329797700742,-78.00
2025-12-25 15:56:47.357965,599616329797700742,-80.00
2025-12-25 15:56:47.357965,599616329797700742,-71.00
2025-12-25 15:56:47.357965,599616329797700742,-68.00
2025-12-25 15:56:47.357965,599616329797700742,-75.00
2025-12-25 15:56:47.357965,599616329797700742,-82.00
2025-12-25 15:56:47.357965,599616329797700742,-85.00
2025-12-25 15:56:47.357965,599616329797700742,-89.00
2025-12-25 15:56:47.357965,599616329797700742,-96.00
2025-12-25 15:56:47.357965,599616329797700742,-108.00
2025-12-25 15:56:47.357965,599616329797700742,-126.00
2025-12-25 15:56:47.357965,599616329797700742,-149.00
2025-12-25 15:56:47.357965,599616329797700742,-165.00
2025-12-25 15:56:47.357965,599616329797700742,-170.00
2025-12-25 15:56:47.357965,599616329797700742,-177.00
2025-12-25 15:56:47.809369,599616330358545285,-188.00
2025-12-25 15:56:47.809369,599616330358545285,-195.00
2025-12-25 15:56:47.809369,599616330358545285,-190.00
2025-12-25 15:56:47.809369,599616330358545285,-181.00
2025-12-25 15:56:47.809369,599616330358545285,-179.00
2025-12-25 15:56:47.809369,599616330358545285,-174.00
2025-12-25 15:56:47.809369,599616330358545285,-165.00
2025-12-25 15:56:47.809369,599616330358545285,-167.00
2025-12-25 15:56:47.809369,599616330358545285,-172.00
2025-12-25 15:56:47.809369,599616330358545285,-170.00
2025-12-25 15:56:47.809369,599616330358545285,-167.00
2025-12-25 15:56:47.809369,599616330358545285,-170.00
2025-12-25 15:56:47.809369,599616330358545285,-163.00
2025-12-25 15:56:47.809369,599616330358545285,-165.00
2025-12-25 15:56:47.809369,599616330358545285,-170.00
2025-12-25 15:56:47.809369,599616330358545285,-163.00
2025-12-25 15:56:47.809369,599616330358545285,-154.00
2025-12-25 15:56:47.809369,599616330358545285,-160.00
2025-12-25 15:56:47.809369,599616330358545285,-172.00
2025-12-25 15:56:47.809369,599616330358545285,-174.00
2025-12-25 15:56:47.809369,599616330358545285,-167.00
2025-12-25 15:56:47.809369,599616330358545285,-158.00
2025-12-25 15:56:47.809369,599616330358545285,-142.00
2025-12-25 15:56:47.809369,599616330358545285,-126.00
2025-12-25 15:56:47.809369,599616330358545285,-117.00
2025-12-25 15:56:47.809369,599616330358545285,-117.00
2025-12-25 15:56:47.809369,599616330358545285,-128.00
2025-12-25 15:56:47.809369,599616330358545285,-135.00
2025-12-25 15:56:47.809369,599616330358545285,-126.00
2025-12-25 15:56:47.809369,599616330358545285,-121.00
2025-12-25 15:56:47.809369,599616330358545285,-124.00
2025-12-25 15:56:47.809369,599616330358545285,-126.00
2025-12-25 15:56:47.809369,599616330358545285,-128.00
2025-12-25 15:56:47.809369,599616330358545285,-128.00
2025-12-25 15:56:47.809369,599616330358545285,-124.00
2025-12-25 15:56:47.809369,599616330358545285,-121.00
2025-12-25 15:56:47.809369,599616330358545285,-126.00
2025-12-25 15:56:47.809369,599616330358545285,-131.00
2025-12-25 15:56:47.809369,599616330358545285,-133.00
2025-12-25 15:56:47.809369,599616330358545285,-114.00
2025-12-25 15:56:47.809369,599616330358545285,-20.00
2025-12-25 15:56:47.809369,599616330358545285,151.00
2025-12-25 15:56:47.809369,599616330358545285,149.00
2025-12-25 15:56:47.809369,599616330358545285,-183.00
2025-12-25 15:56:47.809369,599616330358545285,-443.00
2025-12-25 15:56:47.809369,599616330358545285,-365.00
2025-12-25 15:56:47.809369,599616330358545285,-259.00
2025-12-25 15:56:47.809369,599616330358545285,-229.00
2025-12-25 15:56:47.809369,599616330358545285,-144.00
2025-12-25 15:56:47.809369,599616330358545285,-96.00
2025-12-25 15:56:47.809369,599616330358545285,-121.00
2025-12-25 15:56:47.809369,599616330358545285,-119.00
2025-12-25 15:56:47.809369,599616330358545285,-98.00
2025-12-25 15:56:47.809369,599616330358545285,-101.00
2025-12-25 15:56:47.809369,599616330358545285,-103.00
2025-12-25 15:56:47.809369,599616330358545285,-96.00
2025-12-25 15:56:47.809369,599616330358545285,-101.00
2025-12-25 15:56:47.809369,599616330358545285,-103.00
2025-12-25 15:56:47.809369,599616330358545285,-98.00
2025-12-25 15:56:47.809369,599616330358545285,-89.00
2025-12-25 15:56:47.809369,599616330358545285,-73.00
2025-12-25 15:56:47.809369,599616330358545285,-73.00
2025-12-25 15:56:47.809369,599616330358545285,-80.00
2025-12-25 15:56:47.809369,599616330358545285,-73.00
2025-12-25 15:56:47.809369,599616330358545285,-64.00
2025-12-25 15:56:47.809369,599616330358545285,-66.00
2025-12-25 15:56:47.809369,599616330358545285,-64.00
2025-12-25 15:56:47.809369,599616330358545285,-57.00
2025-12-25 15:56:47.809369,599616330358545285,-57.00
2025-12-25 15:56:47.809369,599616330358545285,-64.00
2025-12-25 15:56:47.809369,599616330358545285,-71.00
2025-12-25 15:56:47.809369,599616330358545285,-71.00
2025-12-25 15:56:47.809369,599616330358545285,-80.00
2025-12-25 15:56:48.360579,599616330919369486,-101.00
2025-12-25 15:56:48.360579,599616330919369486,-121.00
2025-12-25 15:56:48.360579,599616330919369486,-135.00
2025-12-25 15:56:48.360579,599616330919369486,-149.00
2025-12-25 15:56:48.360579,599616330919369486,-163.00
2025-12-25 15:56:48.360579,599616330919369486,-174.00
2025-12-25 15:56:48.360579,599616330919369486,-177.00
2025-12-25 15:56:48.360579,599616330919369486,-174.00
2025-12-25 15:56:48.360579,599616330919369486,-174.00
2025-12-25 15:56:48.360579,599616330919369486,-177.00
2025-12-25 15:56:48.360579,599616330919369486,-174.00
2025-12-25 15:56:48.360579,599616330919369486,-170.00
2025-12-25 15:56:48.360579,599616330919369486,-165.00
2025-12-25 15:56:48.360579,599616330919369486,-151.00
2025-12-25 15:56:48.360579,599616330919369486,-142.00
2025-12-25 15:56:48.360579,599616330919369486,-140.00
2025-12-25 15:56:48.360579,599616330919369486,-140.00
2025-12-25 15:56:48.360579,599616330919369486,-142.00
2025-12-25 15:56:48.360579,599616330919369486,-144.00
2025-12-25 15:56:48.360579,599616330919369486,-144.00
2025-12-25 15:56:48.360579,599616330919369486,-147.00
2025-12-25 15:56:48.360579,599616330919369486,-149.00
2025-12-25 15:56:48.360579,599616330919369486,-147.00
2025-12-25 15:56:48.360579,599616330919369486,-147.00
2025-12-25 15:56:48.360579,599616330919369486,-144.00
2025-12-25 15:56:48.360579,599616330919369486,-144.00
2025-12-25 15:56:48.360579,599616330919369486,-147.00
2025-12-25 15:56:48.360579,599616330919369486,-144.00
2025-12-25 15:56:48.360579,599616330919369486,-140.00
2025-12-25 15:56:48.360579,599616330919369486,-142.00
2025-12-25 15:56:48.360579,599616330919369486,-140.00
2025-12-25 15:56:48.360579,599616330919369486,-121.00
2025-12-25 15:56:48.360579,599616330919369486,-119.00
2025-12-25 15:56:48.360579,599616330919369486,-137.00
2025-12-25 15:56:48.360579,599616330919369486,-149.00
2025-12-25 15:56:48.360579,599616330919369486,-149.00
2025-12-25 15:56:48.360579,599616330919369486,-147.00
2025-12-25 15:56:48.360579,599616330919369486,-147.00
2025-12-25 15:56:48.360579,599616330919369486,-144.00
2025-12-25 15:56:48.360579,599616330919369486,-144.00
2025-12-25 15:56:48.360579,599616330919369486,-149.00
2025-12-25 15:56:48.360579,599616330919369486,-151.00
2025-12-25 15:56:48.360579,599616330919369486,-140.00
2025-12-25 15:56:48.360579,599616330919369486,-135.00
2025-12-25 15:56:48.360579,599616330919369486,-147.00
2025-12-25 15:56:48.360579,599616330919369486,-158.00
2025-12-25 15:56:48.360579,599616330919369486,-151.00
2025-12-25 15:56:48.360579,599616330919369486,-96.00
2025-12-25 15:56:48.360579,599616330919369486,55.00
2025-12-25 15:56:48.360579,599616330919369486,177.00
2025-12-25 15:56:48.360579,599616330919369486,-13.00
2025-12-25 15:56:48.360579,599616330919369486,-377.00
2025-12-25 15:56:48.360579,599616330919369486,-446.00
2025-12-25 15:56:48.360579,599616330919369486,-308.00
2025-12-25 15:56:48.360579,599616330919369486,-250.00
2025-12-25 15:56:48.360579,599616330919369486,-202.00
2025-12-25 15:56:48.360579,599616330919369486,-126.00
2025-12-25 15:56:48.360579,599616330919369486,-119.00
2025-12-25 15:56:48.360579,599616330919369486,-137.00
2025-12-25 15:56:48.360579,599616330919369486,-124.00
2025-12-25 15:56:48.360579,599616330919369486,-114.00
2025-12-25 15:56:48.360579,599616330919369486,-117.00
2025-12-25 15:56:48.360579,599616330919369486,-112.00
2025-12-25 15:56:48.360579,599616330919369486,-110.00
2025-12-25 15:56:48.360579,599616330919369486,-114.00
2025-12-25 15:56:48.360579,599616330919369486,-112.00
2025-12-25 15:56:48.360579,599616330919369486,-110.00
2025-12-25 15:56:48.360579,599616330919369486,-112.00
2025-12-25 15:56:48.360579,599616330919369486,-108.00
2025-12-25 15:56:48.360579,599616330919369486,-103.00
2025-12-25 15:56:48.360579,599616330919369486,-103.00
2025-12-25 15:56:48.360579,599616330919369486,-96.00
2025-12-25 15:56:48.360579,599616330919369486,-82.00
2025-12-25 15:56:49.011945,599616331480224205,-78.00
2025-12-25 15:56:49.011945,599616331480224205,-80.00
2025-12-25 15:56:49.011945,599616331480224205,-78.00
2025-12-25 15:56:49.011945,599616331480224205,-75.00
2025-12-25 15:56:49.011945,599616331480224205,-71.00
2025-12-25 15:56:49.011945,599616331480224205,-68.00
2025-12-25 15:56:49.011945,599616331480224205,-73.00
2025-12-25 15:56:49.011945,599616331480224205,-85.00
2025-12-25 15:56:49.011945,599616331480224205,-101.00
2025-12-25 15:56:49.011945,599616331480224205,-119.00
2025-12-25 15:56:49.011945,599616331480224205,-131.00
2025-12-25 15:56:49.011945,599616331480224205,-142.00
2025-12-25 15:56:49.011945,599616331480224205,-156.00
2025-12-25 15:56:49.011945,599616331480224205,-163.00
2025-12-25 15:56:49.011945,599616331480224205,-167.00
2025-12-25 15:56:49.011945,599616331480224205,-174.00
2025-12-25 15:56:49.011945,599616331480224205,-170.00
2025-12-25 15:56:49.011945,599616331480224205,-165.00
2025-12-25 15:56:49.011945,599616331480224205,-172.00
2025-12-25 15:56:49.011945,599616331480224205,-172.00
2025-12-25 15:56:49.011945,599616331480224205,-167.00
2025-12-25 15:56:49.011945,599616331480224205,-165.00
2025-12-25 15:56:49.011945,599616331480224205,-165.00
2025-12-25 15:56:49.011945,599616331480224205,-163.00
2025-12-25 15:56:49.011945,599616331480224205,-163.00
2025-12-25 15:56:49.011945,599616331480224205,-163.00
2025-12-25 15:56:49.011945,599616331480224205,-160.00
2025-12-25 15:56:49.011945,599616331480224205,-156.00
2025-12-25 15:56:49.011945,599616331480224205,-151.00
2025-12-25 15:56:49.011945,599616331480224205,-156.00
2025-12-25 15:56:49.011945,599616331480224205,-156.00
2025-12-25 15:56:49.011945,599616331480224205,-147.00
2025-12-25 15:56:49.011945,599616331480224205,-149.00
2025-12-25 15:56:49.011945,599616331480224205,-154.00
2025-12-25 15:56:49.011945,599616331480224205,-149.00
2025-12-25 15:56:49.011945,599616331480224205,-154.00
2025-12-25 15:56:49.011945,599616331480224205,-163.00
2025-12-25 15:56:49.011945,599616331480224205,-154.00
2025-12-25 15:56:49.011945,599616331480224205,-142.00
2025-12-25 15:56:49.011945,599616331480224205,-140.00
2025-12-25 15:56:49.011945,599616331480224205,-144.00
2025-12-25 15:56:49.011945,599616331480224205,-160.00
2025-12-25 15:56:49.011945,599616331480224205,-165.00
2025-12-25 15:56:49.011945,599616331480224205,-158.00
2025-12-25 15:56:49.011945,599616331480224205,-163.00
2025-12-25 15:56:49.011945,599616331480224205,-170.00
2025-12-25 15:56:49.011945,599616331480224205,-158.00
2025-12-25 15:56:49.011945,599616331480224205,-154.00
2025-12-25 15:56:49.011945,599616331480224205,-163.00
2025-12-25 15:56:49.011945,599616331480224205,-163.00
2025-12-25 15:56:49.011945,599616331480224205,-158.00
2025-12-25 15:56:49.011945,599616331480224205,-149.00
2025-12-25 15:56:49.011945,599616331480224205,-144.00
2025-12-25 15:56:49.011945,599616331480224205,-172.00
2025-12-25 15:56:49.011945,599616331480224205,-190.00
2025-12-25 15:56:49.011945,599616331480224205,-91.00
2025-12-25 15:56:49.011945,599616331480224205,78.00
2025-12-25 15:56:49.011945,599616331480224205,131.00
2025-12-25 15:56:49.011945,599616331480224205,-43.00
2025-12-25 15:56:49.011945,599616331480224205,-335.00
2025-12-25 15:56:49.011945,599616331480224205,-464.00
2025-12-25 15:56:49.011945,599616331480224205,-386.00
2025-12-25 15:56:49.011945,599616331480224205,-273.00
2025-12-25 15:56:49.011945,599616331480224205,-202.00
2025-12-25 15:56:49.011945,599616331480224205,-158.00
2025-12-25 15:56:49.011945,599616331480224205,-142.00
2025-12-25 15:56:49.011945,599616331480224205,-151.00
2025-12-25 15:56:49.011945,599616331480224205,-163.00
2025-12-25 15:56:49.011945,599616331480224205,-135.00
2025-12-25 15:56:49.011945,599616331480224205,-119.00
2025-12-25 15:56:49.011945,599616331480224205,-158.00
2025-12-25 15:56:49.011945,599616331480224205,-158.00
2025-12-25 15:56:49.011945,599616331480224205,-114.00
2025-12-25 15:56:49.513192,599616332041068750,-110.00
2025-12-25 15:56:49.513192,599616332041068750,-137.00
2025-12-25 15:56:49.513192,599616332041068750,-140.00
2025-12-25 15:56:49.513192,599616332041068750,-108.00
2025-12-25 15:56:49.513192,599616332041068750,-91.00
2025-12-25 15:56:49.513192,599616332041068750,-119.00
2025-12-25 15:56:49.513192,599616332041068750,-133.00
2025-12-25 15:56:49.513192,599616332041068750,-98.00
2025-12-25 15:56:49.513192,599616332041068750,-91.00
2025-12-25 15:56:49.513192,599616332041068750,-114.00
2025-12-25 15:56:49.513192,599616332041068750,-96.00
2025-12-25 15:56:49.513192,599616332041068750,-66.00
2025-12-25 15:56:49.513192,599616332041068750,-87.00
2025-12-25 15:56:49.513192,599616332041068750,-101.00
2025-12-25 15:56:49.513192,599616332041068750,-62.00
2025-12-25 15:56:49.513192,599616332041068750,-57.00
2025-12-25 15:56:49.513192,599616332041068750,-121.00
2025-12-25 15:56:49.513192,599616332041068750,-163.00
2025-12-25 15:56:49.513192,599616332041068750,-142.00
2025-12-25 15:56:49.513192,599616332041068750,-124.00
2025-12-25 15:56:49.513192,599616332041068750,-151.00
2025-12-25 15:56:49.513192,599616332041068750,-160.00
2025-12-25 15:56:49.513192,599616332041068750,-149.00
2025-12-25 15:56:49.513192,599616332041068750,-165.00
2025-12-25 15:56:49.513192,599616332041068750,-186.00
2025-12-25 15:56:49.513192,599616332041068750,-170.00
2025-12-25 15:56:49.513192,599616332041068750,-151.00
2025-12-25 15:56:49.513192,599616332041068750,-163.00
2025-12-25 15:56:49.513192,599616332041068750,-172.00
2025-12-25 15:56:49.513192,599616332041068750,-151.00
2025-12-25 15:56:49.513192,599616332041068750,-135.00
2025-12-25 15:56:49.513192,599616332041068750,-142.00
2025-12-25 15:56:49.513192,599616332041068750,-165.00
2025-12-25 15:56:49.513192,599616332041068750,-183.00
2025-12-25 15:56:49.513192,599616332041068750,-158.00
2025-12-25 15:56:49.513192,599616332041068750,-137.00
2025-12-25 15:56:49.513192,599616332041068750,-170.00
2025-12-25 15:56:49.513192,599616332041068750,-177.00
2025-12-25 15:56:49.513192,599616332041068750,-142.00
2025-12-25 15:56:49.513192,599616332041068750,-128.00
2025-12-25 15:56:49.513192,599616332041068750,-140.00
2025-12-25 15:56:49.513192,599616332041068750,-160.00
2025-12-25 15:56:49.513192,599616332041068750,-177.00
2025-12-25 15:56:49.513192,599616332041068750,-151.00
2025-12-25 15:56:49.513192,599616332041068750,-133.00
2025-12-25 15:56:49.513192,599616332041068750,-167.00
2025-12-25 15:56:49.513192,599616332041068750,-172.00
2025-12-25 15:56:49.513192,599616332041068750,-121.00
2025-12-25 15:56:49.513192,599616332041068750,-110.00
2025-12-25 15:56:49.513192,599616332041068750,-149.00
2025-12-25 15:56:49.513192,599616332041068750,-170.00
2025-12-25 15:56:49.513192,599616332041068750,-165.00
2025-12-25 15:56:49.513192,599616332041068750,-163.00
2025-12-25 15:56:49.513192,599616332041068750,-167.00
2025-12-25 15:56:49.513192,599616332041068750,-181.00
2025-12-25 15:56:49.513192,599616332041068750,-170.00
2025-12-25 15:56:49.513192,599616332041068750,-151.00
2025-12-25 15:56:49.513192,599616332041068750,-163.00
2025-12-25 15:56:49.513192,599616332041068750,-170.00
2025-12-25 15:56:49.513192,599616332041068750,-172.00
2025-12-25 15:56:49.513192,599616332041068750,-163.00
2025-12-25 15:56:49.513192,599616332041068750,-142.00
2025-12-25 15:56:49.513192,599616332041068750,-170.00
2025-12-25 15:56:49.513192,599616332041068750,-186.00
2025-12-25 15:56:49.513192,599616332041068750,-66.00
2025-12-25 15:56:49.513192,599616332041068750,126.00
2025-12-25 15:56:49.513192,599616332041068750,94.00
2025-12-25 15:56:49.513192,599616332041068750,-239.00
2025-12-25 15:56:49.513192,599616332041068750,-455.00
2025-12-25 15:56:49.513192,599616332041068750,-372.00
2025-12-25 15:56:49.513192,599616332041068750,-285.00
2025-12-25 15:56:49.513192,599616332041068750,-250.00
2025-12-25 15:56:49.513192,599616332041068750,-170.00
2025-12-25 15:56:50.064284,599616332601903121,-142.00
2025-12-25 15:56:50.064284,599616332601903121,-177.00
2025-12-25 15:56:50.064284,599616332601903121,-165.00
2025-12-25 15:56:50.064284,599616332601903121,-128.00
2025-12-25 15:56:50.064284,599616332601903121,-142.00
2025-12-25 15:56:50.064284,599616332601903121,-160.00
2025-12-25 15:56:50.064284,599616332601903121,-137.00
2025-12-25 15:56:50.064284,599616332601903121,-131.00
2025-12-25 15:56:50.064284,599616332601903121,-147.00
2025-12-25 15:56:50.064284,599616332601903121,-142.00
2025-12-25 15:56:50.064284,599616332601903121,-124.00
2025-12-25 15:56:50.064284,599616332601903121,-110.00
2025-12-25 15:56:50.064284,599616332601903121,-108.00
2025-12-25 15:56:50.064284,599616332601903121,-110.00
2025-12-25 15:56:50.064284,599616332601903121,-98.00
2025-12-25 15:56:50.064284,599616332601903121,-89.00
2025-12-25 15:56:50.064284,599616332601903121,-96.00
2025-12-25 15:56:50.064284,599616332601903121,-85.00
2025-12-25 15:56:50.064284,599616332601903121,-68.00
2025-12-25 15:56:50.064284,599616332601903121,-71.00
2025-12-25 15:56:50.064284,599616332601903121,-71.00
2025-12-25 15:56:50.064284,599616332601903121,-73.00
2025-12-25 15:56:50.064284,599616332601903121,-80.00
2025-12-25 15:56:50.064284,599616332601903121,-85.00
2025-12-25 15:56:50.064284,599616332601903121,-98.00
2025-12-25 15:56:50.064284,599616332601903121,-121.00
2025-12-25 15:56:50.064284,599616332601903121,-137.00
2025-12-25 15:56:50.064284,599616332601903121,-156.00
2025-12-25 15:56:50.064284,599616332601903121,-167.00
2025-12-25 15:56:50.064284,599616332601903121,-172.00
2025-12-25 15:56:50.064284,599616332601903121,-183.00
2025-12-25 15:56:50.064284,599616332601903121,-190.00
2025-12-25 15:56:50.064284,599616332601903121,-186.00
2025-12-25 15:56:50.064284,599616332601903121,-179.00
2025-12-25 15:56:50.064284,599616332601903121,-174.00
2025-12-25 15:56:50.064284,599616332601903121,-167.00
2025-12-25 15:56:50.064284,599616332601903121,-160.00
2025-12-25 15:56:50.064284,599616332601903121,-154.00
2025-12-25 15:56:50.064284,599616332601903121,-158.00
2025-12-25 15:56:50.064284,599616332601903121,-160.00
2025-12-25 15:56:50.064284,599616332601903121,-154.00
2025-12-25 15:56:50.064284,599616332601903121,-156.00
2025-12-25 15:56:50.064284,599616332601903121,-158.00
2025-12-25 15:56:50.064284,599616332601903121,-151.00
2025-12-25 15:56:50.064284,599616332601903121,-142.00
2025-12-25 15:56:50.064284,599616332601903121,-144.00
2025-12-25 15:56:50.064284,599616332601903121,-151.00
2025-12-25 15:56:50.064284,599616332601903121,-144.00
2025-12-25 15:56:50.064284,599616332601903121,-142.00
2025-12-25 15:56:50.064284,599616332601903121,-154.00
2025-12-25 15:56:50.064284,599616332601903121,-163.00
2025-12-25 15:56:50.064284,599616332601903121,-163.00
2025-12-25 15:56:50.064284,599616332601903121,-160.00
2025-12-25 15:56:50.064284,599616332601903121,-160.00
2025-12-25 15:56:50.064284,599616332601903121,-154.00
2025-12-25 15:56:50.064284,599616332601903121,-144.00
2025-12-25 15:56:50.064284,599616332601903121,-142.00
2025-12-25 15:56:50.064284,599616332601903121,-149.00
2025-12-25 15:56:50.064284,599616332601903121,-156.00
2025-12-25 15:56:50.064284,599616332601903121,-158.00
2025-12-25 15:56:50.064284,599616332601903121,-160.00
2025-12-25 15:56:50.064284,599616332601903121,-167.00
2025-12-25 15:56:50.064284,599616332601903121,-165.00
2025-12-25 15:56:50.064284,599616332601903121,-160.00
2025-12-25 15:56:50.064284,599616332601903121,-165.00
2025-12-25 15:56:50.064284,599616332601903121,-167.00
2025-12-25 15:56:50.064284,599616332601903121,-158.00
2025-12-25 15:56:50.064284,599616332601903121,-154.00
2025-12-25 15:56:50.064284,599616332601903121,-163.00
2025-12-25 15:56:50.064284,599616332601903121,-165.00
2025-12-25 15:56:50.064284,599616332601903121,-160.00
2025-12-25 15:56:50.064284,599616332601903121,-163.00
2025-12-25 15:56:50.064284,599616332601903121,-101.00
2025-12-25 15:56:50.615925,599616333162757838,71.00
2025-12-25 15:56:50.615925,599616333162757838,140.00
2025-12-25 15:56:50.615925,599616333162757838,-124.00
2025-12-25 15:56:50.615925,599616333162757838,-423.00
2025-12-25 15:56:50.615925,599616333162757838,-400.00
2025-12-25 15:56:50.615925,599616333162757838,-289.00
2025-12-25 15:56:50.615925,599616333162757838,-264.00
2025-12-25 15:56:50.615925,599616333162757838,-190.00
2025-12-25 15:56:50.615925,599616333162757838,-117.00
2025-12-25 15:56:50.615925,599616333162757838,-126.00
2025-12-25 15:56:50.615925,599616333162757838,-137.00
2025-12-25 15:56:50.615925,599616333162757838,-124.00
2025-12-25 15:56:50.615925,599616333162757838,-126.00
2025-12-25 15:56:50.615925,599616333162757838,-124.00
2025-12-25 15:56:50.615925,599616333162757838,-98.00
2025-12-25 15:56:50.615925,599616333162757838,-91.00
2025-12-25 15:56:50.615925,599616333162757838,-105.00
2025-12-25 15:56:50.615925,599616333162757838,-105.00
2025-12-25 15:56:50.615925,599616333162757838,-96.00
2025-12-25 15:56:50.615925,599616333162757838,-96.00
2025-12-25 15:56:50.615925,599616333162757838,-96.00
2025-12-25 15:56:50.615925,599616333162757838,-87.00
2025-12-25 15:56:50.615925,599616333162757838,-89.00
2025-12-25 15:56:50.615925,599616333162757838,-89.00
2025-12-25 15:56:50.615925,599616333162757838,-68.00
2025-12-25 15:56:50.615925,599616333162757838,-59.00
2025-12-25 15:56:50.615925,599616333162757838,-64.00
2025-12-25 15:56:50.615925,599616333162757838,-57.00
2025-12-25 15:56:50.615925,599616333162757838,-55.00
2025-12-25 15:56:50.615925,599616333162757838,-64.00
2025-12-25 15:56:50.615925,599616333162757838,-71.00
2025-12-25 15:56:50.615925,599616333162757838,-71.00
2025-12-25 15:56:50.615925,599616333162757838,-85.00
2025-12-25 15:56:50.615925,599616333162757838,-108.00
2025-12-25 15:56:50.615925,599616333162757838,-114.00
2025-12-25 15:56:50.615925,599616333162757838,-119.00
2025-12-25 15:56:50.615925,599616333162757838,-144.00
2025-12-25 15:56:50.615925,599616333162757838,-160.00
2025-12-25 15:56:50.615925,599616333162757838,-151.00
2025-12-25 15:56:50.615925,599616333162757838,-151.00
2025-12-25 15:56:50.615925,599616333162757838,-172.00
2025-12-25 15:56:50.615925,599616333162757838,-179.00
2025-12-25 15:56:50.615925,599616333162757838,-156.00
2025-12-25 15:56:50.615925,599616333162757838,-142.00
2025-12-25 15:56:50.615925,599616333162757838,-163.00
2025-12-25 15:56:50.615925,599616333162757838,-170.00
2025-12-25 15:56:50.615925,599616333162757838,-137.00
2025-12-25 15:56:50.615925,599616333162757838,-133.00
2025-12-25 15:56:50.615925,599616333162757838,-174.00
2025-12-25 15:56:50.615925,599616333162757838,-174.00
2025-12-25 15:56:50.615925,599616333162757838,-131.00
2025-12-25 15:56:50.615925,599616333162757838,-133.00
2025-12-25 15:56:50.615925,599616333162757838,-160.00
2025-12-25 15:56:50.615925,599616333162757838,-149.00
2025-12-25 15:56:50.615925,599616333162757838,-131.00
2025-12-25 15:56:50.615925,599616333162757838,-135.00
2025-12-25 15:56:50.615925,599616333162757838,-149.00
2025-12-25 15:56:50.615925,599616333162757838,-149.00
2025-12-25 15:56:50.615925,599616333162757838,-142.00
2025-12-25 15:56:50.615925,599616333162757838,-151.00
2025-12-25 15:56:50.615925,599616333162757838,-156.00
2025-12-25 15:56:50.615925,599616333162757838,-135.00
2025-12-25 15:56:50.615925,599616333162757838,-135.00
2025-12-25 15:56:50.615925,599616333162757838,-156.00
2025-12-25 15:56:50.615925,599616333162757838,-142.00
2025-12-25 15:56:50.615925,599616333162757838,-117.00
2025-12-25 15:56:50.615925,599616333162757838,-124.00
2025-12-25 15:56:50.615925,599616333162757838,-149.00
2025-12-25 15:56:50.615925,599616333162757838,-160.00
2025-12-25 15:56:50.615925,599616333162757838,-156.00
2025-12-25 15:56:50.615925,599616333162757838,-154.00
2025-12-25 15:56:50.615925,599616333162757838,-160.00
2025-12-25 15:56:50.615925,599616333162757838,-147.00
2025-12-25 15:56:51.217628,599616333723587125,-131.00
2025-12-25 15:56:51.217628,599616333723587125,-149.00
2025-12-25 15:56:51.217628,599616333723587125,-163.00
2025-12-25 15:56:51.217628,599616333723587125,-147.00
2025-12-25 15:56:51.217628,599616333723587125,-131.00
2025-12-25 15:56:51.217628,599616333723587125,-131.00
2025-12-25 15:56:51.217628,599616333723587125,-140.00
2025-12-25 15:56:51.217628,599616333723587125,-126.00
2025-12-25 15:56:51.217628,599616333723587125,-25.00
2025-12-25 15:56:51.217628,599616333723587125,140.00
2025-12-25 15:56:51.217628,599616333723587125,128.00
2025-12-25 15:56:51.217628,599616333723587125,-174.00
2025-12-25 15:56:51.217628,599616333723587125,-411.00
2025-12-25 15:56:51.217628,599616333723587125,-358.00
2025-12-25 15:56:51.217628,599616333723587125,-257.00
2025-12-25 15:56:51.217628,599616333723587125,-220.00
2025-12-25 15:56:51.217628,599616333723587125,-144.00
2025-12-25 15:56:51.217628,599616333723587125,-85.00
2025-12-25 15:56:51.217628,599616333723587125,-110.00
2025-12-25 15:56:51.217628,599616333723587125,-140.00
2025-12-25 15:56:51.217628,599616333723587125,-131.00
2025-12-25 15:56:51.217628,599616333723587125,-108.00
2025-12-25 15:56:51.217628,599616333723587125,-94.00
2025-12-25 15:56:51.217628,599616333723587125,-103.00
2025-12-25 15:56:51.217628,599616333723587125,-117.00
2025-12-25 15:56:51.217628,599616333723587125,-98.00
2025-12-25 15:56:51.217628,599616333723587125,-82.00
2025-12-25 15:56:51.217628,599616333723587125,-96.00
2025-12-25 15:56:51.217628,599616333723587125,-108.00
2025-12-25 15:56:51.217628,599616333723587125,-89.00
2025-12-25 15:56:51.217628,599616333723587125,-71.00
2025-12-25 15:56:51.217628,599616333723587125,-78.00
2025-12-25 15:56:51.217628,599616333723587125,-96.00
2025-12-25 15:56:51.217628,599616333723587125,-82.00
2025-12-25 15:56:51.217628,599616333723587125,-62.00
2025-12-25 15:56:51.217628,599616333723587125,-78.00
2025-12-25 15:56:51.217628,599616333723587125,-91.00
2025-12-25 15:56:51.217628,599616333723587125,-75.00
2025-12-25 15:56:51.217628,599616333723587125,-82.00
2025-12-25 15:56:51.217628,599616333723587125,-98.00
2025-12-25 15:56:51.217628,599616333723587125,-82.00
2025-12-25 15:56:51.217628,599616333723587125,-80.00
2025-12-25 15:56:51.217628,599616333723587125,-114.00
2025-12-25 15:56:51.217628,599616333723587125,-144.00
2025-12-25 15:56:51.217628,599616333723587125,-149.00
2025-12-25 15:56:51.217628,599616333723587125,-154.00
2025-12-25 15:56:51.217628,599616333723587125,-174.00
2025-12-25 15:56:51.217628,599616333723587125,-193.00
2025-12-25 15:56:51.217628,599616333723587125,-200.00
2025-12-25 15:56:51.217628,599616333723587125,-197.00
2025-12-25 15:56:51.217628,599616333723587125,-193.00
2025-12-25 15:56:51.217628,599616333723587125,-188.00
2025-12-25 15:56:51.217628,599616333723587125,-181.00
2025-12-25 15:56:51.217628,599616333723587125,-174.00
2025-12-25 15:56:51.217628,599616333723587125,-177.00
2025-12-25 15:56:51.217628,599616333723587125,-179.00
2025-12-25 15:56:51.217628,599616333723587125,-163.00
2025-12-25 15:56:51.217628,599616333723587125,-160.00
2025-12-25 15:56:51.217628,599616333723587125,-172.00
2025-12-25 15:56:51.217628,599616333723587125,-170.00
2025-12-25 15:56:51.217628,599616333723587125,-158.00
2025-12-25 15:56:51.217628,599616333723587125,-156.00
2025-12-25 15:56:51.217628,599616333723587125,-163.00
2025-12-25 15:56:51.217628,599616333723587125,-172.00
2025-12-25 15:56:51.217628,599616333723587125,-167.00
2025-12-25 15:56:51.217628,599616333723587125,-163.00
2025-12-25 15:56:51.217628,599616333723587125,-172.00
2025-12-25 15:56:51.217628,599616333723587125,-181.00
2025-12-25 15:56:51.217628,599616333723587125,-177.00
2025-12-25 15:56:51.217628,599616333723587125,-174.00
2025-12-25 15:56:51.217628,599616333723587125,-177.00
2025-12-25 15:56:51.217628,599616333723587125,-172.00
2025-12-25 15:56:51.217628,599616333723587125,-167.00
2025-12-25 15:56:51.669234,599616334284436756,-165.00
2025-12-25 15:56:51.669234,599616334284436756,-163.00
2025-12-25 15:56:51.669234,599616334284436756,-165.00
2025-12-25 15:56:51.669234,599616334284436756,-174.00
2025-12-25 15:56:51.669234,599616334284436756,-188.00
2025-12-25 15:56:51.669234,599616334284436756,-190.00
2025-12-25 15:56:51.669234,599616334284436756,-186.00
2025-12-25 15:56:51.669234,599616334284436756,-188.00
2025-12-25 15:56:51.669234,599616334284436756,-195.00
2025-12-25 15:56:51.669234,599616334284436756,-190.00
2025-12-25 15:56:51.669234,599616334284436756,-179.00
2025-12-25 15:56:51.669234,599616334284436756,-172.00
2025-12-25 15:56:51.669234,599616334284436756,-170.00
2025-12-25 15:56:51.669234,599616334284436756,-179.00
2025-12-25 15:56:51.669234,599616334284436756,-181.00
2025-12-25 15:56:51.669234,599616334284436756,-154.00
2025-12-25 15:56:51.669234,599616334284436756,-78.00
2025-12-25 15:56:51.669234,599616334284436756,85.00
2025-12-25 15:56:51.669234,599616334284436756,167.00
2025-12-25 15:56:51.669234,599616334284436756,-98.00
2025-12-25 15:56:51.669234,599616334284436756,-416.00
2025-12-25 15:56:51.669234,599616334284436756,-397.00
2025-12-25 15:56:51.669234,599616334284436756,-291.00
2025-12-25 15:56:51.669234,599616334284436756,-278.00
2025-12-25 15:56:51.669234,599616334284436756,-209.00
2025-12-25 15:56:51.669234,599616334284436756,-135.00
2025-12-25 15:56:51.669234,599616334284436756,-137.00
2025-12-25 15:56:51.669234,599616334284436756,-140.00
2025-12-25 15:56:51.669234,599616334284436756,-119.00
2025-12-25 15:56:51.669234,599616334284436756,-121.00
2025-12-25 15:56:51.669234,599616334284436756,-137.00
2025-12-25 15:56:51.669234,599616334284436756,-140.00
2025-12-25 15:56:51.669234,599616334284436756,-131.00
2025-12-25 15:56:51.669234,599616334284436756,-124.00
2025-12-25 15:56:51.669234,599616334284436756,-121.00
2025-12-25 15:56:51.669234,599616334284436756,-124.00
2025-12-25 15:56:51.669234,599616334284436756,-126.00
2025-12-25 15:56:51.669234,599616334284436756,-128.00
2025-12-25 15:56:51.669234,599616334284436756,-126.00
2025-12-25 15:56:51.669234,599616334284436756,-124.00
2025-12-25 15:56:51.669234,599616334284436756,-117.00
2025-12-25 15:56:51.669234,599616334284436756,-105.00
2025-12-25 15:56:51.669234,599616334284436756,-105.00
2025-12-25 15:56:51.669234,599616334284436756,-103.00
2025-12-25 15:56:51.669234,599616334284436756,-89.00
2025-12-25 15:56:51.669234,599616334284436756,-82.00
2025-12-25 15:56:51.669234,599616334284436756,-96.00
2025-12-25 15:56:51.669234,599616334284436756,-103.00
2025-12-25 15:56:51.669234,599616334284436756,-108.00
2025-12-25 15:56:51.669234,599616334284436756,-119.00
2025-12-25 15:56:51.669234,599616334284436756,-137.00
2025-12-25 15:56:51.669234,599616334284436756,-158.00
2025-12-25 15:56:51.669234,599616334284436756,-174.00
2025-12-25 15:56:51.669234,599616334284436756,-186.00
2025-12-25 15:56:51.669234,599616334284436756,-195.00
2025-12-25 15:56:51.669234,599616334284436756,-206.00
2025-12-25 15:56:51.669234,599616334284436756,-216.00
2025-12-25 15:56:51.669234,599616334284436756,-218.00
2025-12-25 15:56:51.669234,599616334284436756,-211.00
2025-12-25 15:56:51.669234,599616334284436756,-206.00
2025-12-25 15:56:51.669234,599616334284436756,-209.00
2025-12-25 15:56:51.669234,599616334284436756,-204.00
2025-12-25 15:56:51.669234,599616334284436756,-195.00
2025-12-25 15:56:51.669234,599616334284436756,-188.00
2025-12-25 15:56:51.669234,599616334284436756,-183.00
2025-12-25 15:56:51.669234,599616334284436756,-186.00
2025-12-25 15:56:51.669234,599616334284436756,-186.00
2025-12-25 15:56:51.669234,599616334284436756,-183.00
2025-12-25 15:56:51.669234,599616334284436756,-179.00
2025-12-25 15:56:51.669234,599616334284436756,-179.00
2025-12-25 15:56:51.669234,599616334284436756,-186.00
2025-12-25 15:56:51.669234,599616334284436756,-190.00
2025-12-25 15:56:51.669234,599616334284436756,-190.00
2025-12-25 15:56:52.321728,599616334845286389,-190.00
2025-12-25 15:56:52.321728,599616334845286389,-186.00
2025-12-25 15:56:52.321728,599616334845286389,-177.00
2025-12-25 15:56:52.321728,599616334845286389,-174.00
2025-12-25 15:56:52.321728,599616334845286389,-179.00
2025-12-25 15:56:52.321728,599616334845286389,-165.00
2025-12-25 15:56:52.321728,599616334845286389,-144.00
2025-12-25 15:56:52.321728,599616334845286389,-149.00
2025-12-25 15:56:52.321728,599616334845286389,-163.00
2025-12-25 15:56:52.321728,599616334845286389,-167.00
2025-12-25 15:56:52.321728,599616334845286389,-170.00
2025-12-25 15:56:52.321728,599616334845286389,-167.00
2025-12-25 15:56:52.321728,599616334845286389,-163.00
2025-12-25 15:56:52.321728,599616334845286389,-165.00
2025-12-25 15:56:52.321728,599616334845286389,-167.00
2025-12-25 15:56:52.321728,599616334845286389,-167.00
2025-12-25 15:56:52.321728,599616334845286389,-170.00
2025-12-25 15:56:52.321728,599616334845286389,-172.00
2025-12-25 15:56:52.321728,599616334845286389,-172.00
2025-12-25 15:56:52.321728,599616334845286389,-172.00
2025-12-25 15:56:52.321728,599616334845286389,-170.00
2025-12-25 15:56:52.321728,599616334845286389,-137.00
2025-12-25 15:56:52.321728,599616334845286389,-6.00
2025-12-25 15:56:52.321728,599616334845286389,160.00
2025-12-25 15:56:52.321728,599616334845286389,39.00
2025-12-25 15:56:52.321728,599616334845286389,-337.00
2025-12-25 15:56:52.321728,599616334845286389,-468.00
2025-12-25 15:56:52.321728,599616334845286389,-358.00
2025-12-25 15:56:52.321728,599616334845286389,-317.00
2025-12-25 15:56:52.321728,599616334845286389,-273.00
2025-12-25 15:56:52.321728,599616334845286389,-177.00
2025-12-25 15:56:52.321728,599616334845286389,-151.00
2025-12-25 15:56:52.321728,599616334845286389,-167.00
2025-12-25 15:56:52.321728,599616334845286389,-158.00
2025-12-25 15:56:52.321728,599616334845286389,-154.00
2025-12-25 15:56:52.321728,599616334845286389,-154.00
2025-12-25 15:56:52.321728,599616334845286389,-142.00
2025-12-25 15:56:52.321728,599616334845286389,-137.00
2025-12-25 15:56:52.321728,599616334845286389,-142.00
2025-12-25 15:56:52.321728,599616334845286389,-137.00
2025-12-25 15:56:52.321728,599616334845286389,-135.00
2025-12-25 15:56:52.321728,599616334845286389,-135.00
2025-12-25 15:56:52.321728,599616334845286389,-133.00
2025-12-25 15:56:52.321728,599616334845286389,-131.00
2025-12-25 15:56:52.321728,599616334845286389,-131.00
2025-12-25 15:56:52.321728,599616334845286389,-121.00
2025-12-25 15:56:52.321728,599616334845286389,-112.00
2025-12-25 15:56:52.321728,599616334845286389,-103.00
2025-12-25 15:56:52.321728,599616334845286389,-96.00
2025-12-25 15:56:52.321728,599616334845286389,-98.00
2025-12-25 15:56:52.321728,599616334845286389,-110.00
2025-12-25 15:56:52.321728,599616334845286389,-112.00
2025-12-25 15:56:52.321728,599616334845286389,-105.00
2025-12-25 15:56:52.321728,599616334845286389,-103.00
2025-12-25 15:56:52.321728,599616334845286389,-114.00
2025-12-25 15:56:52.321728,599616334845286389,-137.00
2025-12-25 15:56:52.321728,599616334845286389,-160.00
2025-12-25 15:56:52.321728,599616334845286389,-172.00
2025-12-25 15:56:52.321728,599616334845286389,-183.00
2025-12-25 15:56:52.321728,599616334845286389,-202.00
2025-12-25 15:56:52.321728,599616334845286389,-209.00
2025-12-25 15:56:52.321728,599616334845286389,-209.00
2025-12-25 15:56:52.321728,599616334845286389,-213.00
2025-12-25 15:56:52.321728,599616334845286389,-211.00
2025-12-25 15:56:52.321728,599616334845286389,-204.00
2025-12-25 15:56:52.321728,599616334845286389,-202.00
2025-12-25 15:56:52.321728,599616334845286389,-202.00
2025-12-25 15:56:52.321728,599616334845286389,-193.00
2025-12-25 15:56:52.321728,599616334845286389,-188.00
2025-12-25 15:56:52.321728,599616334845286389,-190.00
2025-12-25 15:56:52.321728,599616334845286389,-181.00
2025-12-25 15:56:52.321728,599616334845286389,-170.00
2025-12-25 15:56:52.321728,599616334845286389,-167.00
2025-12-25 15:56:53.023427,599616335406115674,-165.00
2025-12-25 15:56:53.023427,599616335406115674,-160.00
2025-12-25 15:56:53.023427,599616335406115674,-160.00
2025-12-25 15:56:53.023427,599616335406115674,-160.00
2025-12-25 15:56:53.023427,599616335406115674,-163.00
2025-12-25 15:56:53.023427,599616335406115674,-167.00
2025-12-25 15:56:53.023427,599616335406115674,-170.00
2025-12-25 15:56:53.023427,599616335406115674,-167.00
2025-12-25 15:56:53.023427,599616335406115674,-163.00
2025-12-25 15:56:53.023427,599616335406115674,-149.00
2025-12-25 15:56:53.023427,599616335406115674,-135.00
2025-12-25 15:56:53.023427,599616335406115674,-135.00
2025-12-25 15:56:53.023427,599616335406115674,-133.00
2025-12-25 15:56:53.023427,599616335406115674,-137.00
2025-12-25 15:56:53.023427,599616335406115674,-147.00
2025-12-25 15:56:53.023427,599616335406115674,-147.00
2025-12-25 15:56:53.023427,599616335406115674,-142.00
2025-12-25 15:56:53.023427,599616335406115674,-147.00
2025-12-25 15:56:53.023427,599616335406115674,-151.00
2025-12-25 15:56:53.023427,599616335406115674,-151.00
2025-12-25 15:56:53.023427,599616335406115674,-147.00
2025-12-25 15:56:53.023427,599616335406115674,-147.00
2025-12-25 15:56:53.023427,599616335406115674,-151.00
2025-12-25 15:56:53.023427,599616335406115674,-151.00
2025-12-25 15:56:53.023427,599616335406115674,-151.00
2025-12-25 15:56:53.023427,599616335406115674,-151.00
2025-12-25 15:56:53.023427,599616335406115674,-149.00
2025-12-25 15:56:53.023427,599616335406115674,-101.00
2025-12-25 15:56:53.023427,599616335406115674,55.00
2025-12-25 15:56:53.023427,599616335406115674,195.00
2025-12-25 15:56:53.023427,599616335406115674,16.00
2025-12-25 15:56:53.023427,599616335406115674,-354.00
2025-12-25 15:56:53.023427,599616335406115674,-434.00
2025-12-25 15:56:53.023427,599616335406115674,-314.00
2025-12-25 15:56:53.023427,599616335406115674,-275.00
2025-12-25 15:56:53.023427,599616335406115674,-227.00
2025-12-25 15:56:53.023427,599616335406115674,-144.00
2025-12-25 15:56:53.023427,599616335406115674,-131.00
2025-12-25 15:56:53.023427,599616335406115674,-142.00
2025-12-25 15:56:53.023427,599616335406115674,-133.00
2025-12-25 15:56:53.023427,599616335406115674,-133.00
2025-12-25 15:56:53.023427,599616335406115674,-137.00
2025-12-25 15:56:53.023427,599616335406115674,-131.00
2025-12-25 15:56:53.023427,599616335406115674,-124.00
2025-12-25 15:56:53.023427,599616335406115674,-126.00
2025-12-25 15:56:53.023427,599616335406115674,-131.00
2025-12-25 15:56:53.023427,599616335406115674,-126.00
2025-12-25 15:56:53.023427,599616335406115674,-117.00
2025-12-25 15:56:53.023427,599616335406115674,-121.00
2025-12-25 15:56:53.023427,599616335406115674,-121.00
2025-12-25 15:56:53.023427,599616335406115674,-110.00
2025-12-25 15:56:53.023427,599616335406115674,-105.00
2025-12-25 15:56:53.023427,599616335406115674,-108.00
2025-12-25 15:56:53.023427,599616335406115674,-103.00
2025-12-25 15:56:53.023427,599616335406115674,-94.00
2025-12-25 15:56:53.023427,599616335406115674,-85.00
2025-12-25 15:56:53.023427,599616335406115674,-85.00
2025-12-25 15:56:53.023427,599616335406115674,-94.00
2025-12-25 15:56:53.023427,599616335406115674,-96.00
2025-12-25 15:56:53.023427,599616335406115674,-89.00
2025-12-25 15:56:53.023427,599616335406115674,-91.00
2025-12-25 15:56:53.023427,599616335406115674,-108.00
2025-12-25 15:56:53.023427,599616335406115674,-131.00
2025-12-25 15:56:53.023427,599616335406115674,-140.00
2025-12-25 15:56:53.023427,599616335406115674,-147.00
2025-12-25 15:56:53.023427,599616335406115674,-167.00
2025-12-25 15:56:53.023427,599616335406115674,-186.00
2025-12-25 15:56:53.023427,599616335406115674,-183.00
2025-12-25 15:56:53.023427,599616335406115674,-181.00
2025-12-25 15:56:53.023427,599616335406115674,-181.00
2025-12-25 15:56:53.023427,599616335406115674,-186.00
2025-12-25 15:56:53.023427,599616335406115674,-183.00
2025-12-25 15:56:53.023427,599616335406115674,-179.00
2025-12-25 15:56:53.374559,599616335966955133,-174.00
2025-12-25 15:56:53.374559,599616335966955133,-174.00
2025-12-25 15:56:53.374559,599616335966955133,-174.00
2025-12-25 15:56:53.374559,599616335966955133,-172.00
2025-12-25 15:56:53.374559,599616335966955133,-163.00
2025-12-25 15:56:53.374559,599616335966955133,-158.00
2025-12-25 15:56:53.374559,599616335966955133,-163.00
2025-12-25 15:56:53.374559,599616335966955133,-163.00
2025-12-25 15:56:53.374559,599616335966955133,-156.00
2025-12-25 15:56:53.374559,599616335966955133,-151.00
2025-12-25 15:56:53.374559,599616335966955133,-156.00
2025-12-25 15:56:53.374559,599616335966955133,-163.00
2025-12-25 15:56:53.374559,599616335966955133,-167.00
2025-12-25 15:56:53.374559,599616335966955133,-165.00
2025-12-25 15:56:53.374559,599616335966955133,-167.00
2025-12-25 15:56:53.374559,599616335966955133,-167.00
2025-12-25 15:56:53.374559,599616335966955133,-156.00
2025-12-25 15:56:53.374559,599616335966955133,-142.00
2025-12-25 15:56:53.374559,599616335966955133,-126.00
2025-12-25 15:56:53.374559,599616335966955133,-128.00
2025-12-25 15:56:53.374559,599616335966955133,-149.00
2025-12-25 15:56:53.374559,599616335966955133,-158.00
2025-12-25 15:56:53.374559,599616335966955133,-149.00
2025-12-25 15:56:53.374559,599616335966955133,-140.00
2025-12-25 15:56:53.374559,599616335966955133,-133.00
2025-12-25 15:56:53.374559,599616335966955133,-126.00
2025-12-25 15:56:53.374559,599616335966955133,-128.00
2025-12-25 15:56:53.374559,599616335966955133,-131.00
2025-12-25 15:56:53.374559,599616335966955133,-133.00
2025-12-25 15:56:53.374559,599616335966955133,-126.00
2025-12-25 15:56:53.374559,599616335966955133,-117.00
2025-12-25 15:56:53.374559,599616335966955133,-121.00
2025-12-25 15:56:53.374559,599616335966955133,-103.00
2025-12-25 15:56:53.374559,599616335966955133,18.00
2025-12-25 15:56:53.374559,599616335966955133,209.00
2025-12-25 15:56:53.374559,599616335966955133,174.00
2025-12-25 15:56:53.374559,599616335966955133,-190.00
2025-12-25 15:56:53.374559,599616335966955133,-429.00
2025-12-25 15:56:53.374559,599616335966955133,-344.00
2025-12-25 15:56:53.374559,599616335966955133,-250.00
2025-12-25 15:56:53.374559,599616335966955133,-211.00
2025-12-25 15:56:53.374559,599616335966955133,-135.00
2025-12-25 15:56:53.374559,599616335966955133,-105.00
2025-12-25 15:56:53.374559,599616335966955133,-121.00
2025-12-25 15:56:53.374559,599616335966955133,-119.00
2025-12-25 15:56:53.374559,599616335966955133,-105.00
2025-12-25 15:56:53.374559,599616335966955133,-112.00
2025-12-25 15:56:53.374559,599616335966955133,-114.00
2025-12-25 15:56:53.374559,599616335966955133,-108.00
2025-12-25 15:56:53.374559,599616335966955133,-108.00
2025-12-25 15:56:53.374559,599616335966955133,-110.00
2025-12-25 15:56:53.374559,599616335966955133,-103.00
2025-12-25 15:56:53.374559,599616335966955133,-91.00
2025-12-25 15:56:53.374559,599616335966955133,-91.00
2025-12-25 15:56:53.374559,599616335966955133,-94.00
2025-12-25 15:56:53.374559,599616335966955133,-80.00
2025-12-25 15:56:53.374559,599616335966955133,-73.00
2025-12-25 15:56:53.374559,599616335966955133,-80.00
2025-12-25 15:56:53.374559,599616335966955133,-80.00
2025-12-25 15:56:53.374559,599616335966955133,-71.00
2025-12-25 15:56:53.374559,599616335966955133,-62.00
2025-12-25 15:56:53.374559,599616335966955133,-62.00
2025-12-25 15:56:53.374559,599616335966955133,-66.00
2025-12-25 15:56:53.374559,599616335966955133,-78.00
2025-12-25 15:56:53.374559,599616335966955133,-89.00
2025-12-25 15:56:53.374559,599616335966955133,-98.00
2025-12-25 15:56:53.374559,599616335966955133,-112.00
2025-12-25 15:56:53.374559,599616335966955133,-131.00
2025-12-25 15:56:53.374559,599616335966955133,-144.00
2025-12-25 15:56:53.374559,599616335966955133,-160.00
2025-12-25 15:56:53.374559,599616335966955133,-179.00
2025-12-25 15:56:53.374559,599616335966955133,-183.00
2025-12-25 15:56:53.374559,599616335966955133,-188.00
2025-12-25 15:56:53.926109,599616336527794590,-200.00
2025-12-25 15:56:53.926109,599616336527794590,-200.00
2025-12-25 15:56:53.926109,599616336527794590,-193.00
2025-12-25 15:56:53.926109,599616336527794590,-193.00
2025-12-25 15:56:53.926109,599616336527794590,-195.00
2025-12-25 15:56:53.926109,599616336527794590,-188.00
2025-12-25 15:56:53.926109,599616336527794590,-183.00
2025-12-25 15:56:53.926109,599616336527794590,-190.00
2025-12-25 15:56:53.926109,599616336527794590,-195.00
2025-12-25 15:56:53.926109,599616336527794590,-186.00
2025-12-25 15:56:53.926109,599616336527794590,-170.00
2025-12-25 15:56:53.926109,599616336527794590,-167.00
2025-12-25 15:56:53.926109,599616336527794590,-172.00
2025-12-25 15:56:53.926109,599616336527794590,-167.00
2025-12-25 15:56:53.926109,599616336527794590,-165.00
2025-12-25 15:56:53.926109,599616336527794590,-163.00
2025-12-25 15:56:53.926109,599616336527794590,-160.00
2025-12-25 15:56:53.926109,599616336527794590,-165.00
2025-12-25 15:56:53.926109,599616336527794590,-177.00
2025-12-25 15:56:53.926109,599616336527794590,-179.00
2025-12-25 15:56:53.926109,599616336527794590,-179.00
2025-12-25 15:56:53.926109,599616336527794590,-177.00
2025-12-25 15:56:53.926109,599616336527794590,-163.00
2025-12-25 15:56:53.926109,599616336527794590,-154.00
2025-12-25 15:56:53.926109,599616336527794590,-158.00
2025-12-25 15:56:53.926109,599616336527794590,-170.00
2025-12-25 15:56:53.926109,599616336527794590,-177.00
2025-12-25 15:56:53.926109,599616336527794590,-177.00
2025-12-25 15:56:53.926109,599616336527794590,-179.00
2025-12-25 15:56:53.926109,599616336527794590,-183.00
2025-12-25 15:56:53.926109,599616336527794590,-183.00
2025-12-25 15:56:53.926109,599616336527794590,-183.00
2025-12-25 15:56:53.926109,599616336527794590,-183.00
2025-12-25 15:56:53.926109,599616336527794590,-183.00
2025-12-25 15:56:53.926109,599616336527794590,-186.00
2025-12-25 15:56:53.926109,599616336527794590,-186.00
2025-12-25 15:56:53.926109,599616336527794590,-181.00
2025-12-25 15:56:53.926109,599616336527794590,-181.00
2025-12-25 15:56:53.926109,599616336527794590,-177.00
2025-12-25 15:56:53.926109,599616336527794590,-98.00
2025-12-25 15:56:53.926109,599616336527794590,89.00
2025-12-25 15:56:53.926109,599616336527794590,163.00
2025-12-25 15:56:53.926109,599616336527794590,-131.00
2025-12-25 15:56:53.926109,599616336527794590,-489.00
2025-12-25 15:56:53.926109,599616336527794590,-491.00
2025-12-25 15:56:53.926109,599616336527794590,-337.00
2025-12-25 15:56:53.926109,599616336527794590,-268.00
2025-12-25 15:56:53.926109,599616336527794590,-211.00
2025-12-25 15:56:53.926109,599616336527794590,-167.00
2025-12-25 15:56:53.926109,599616336527794590,-174.00
2025-12-25 15:56:53.926109,599616336527794590,-179.00
2025-12-25 15:56:53.926109,599616336527794590,-165.00
2025-12-25 15:56:53.926109,599616336527794590,-158.00
2025-12-25 15:56:53.926109,599616336527794590,-160.00
2025-12-25 15:56:53.926109,599616336527794590,-158.00
2025-12-25 15:56:53.926109,599616336527794590,-156.00
2025-12-25 15:56:53.926109,599616336527794590,-154.00
2025-12-25 15:56:53.926109,599616336527794590,-151.00
2025-12-25 15:56:53.926109,599616336527794590,-154.00
2025-12-25 15:56:53.926109,599616336527794590,-154.00
2025-12-25 15:56:53.926109,599616336527794590,-151.00
2025-12-25 15:56:53.926109,599616336527794590,-149.00
2025-12-25 15:56:53.926109,599616336527794590,-144.00
2025-12-25 15:56:53.926109,599616336527794590,-137.00
2025-12-25 15:56:53.926109,599616336527794590,-133.00
2025-12-25 15:56:53.926109,599616336527794590,-133.00
2025-12-25 15:56:53.926109,599616336527794590,-131.00
2025-12-25 15:56:53.926109,599616336527794590,-126.00
2025-12-25 15:56:53.926109,599616336527794590,-126.00
2025-12-25 15:56:53.926109,599616336527794590,-133.00
2025-12-25 15:56:53.926109,599616336527794590,-135.00
2025-12-25 15:56:53.926109,599616336527794590,-140.00
2025-12-25 15:56:53.926109,599616336527794590,-156.00
2025-12-25 15:56:54.628567,599616337088623877,-172.00
2025-12-25 15:56:54.628567,599616337088623877,-186.00
2025-12-25 15:56:54.628567,599616337088623877,-213.00
2025-12-25 15:56:54.628567,599616337088623877,-232.00
2025-12-25 15:56:54.628567,599616337088623877,-236.00
2025-12-25 15:56:54.628567,599616337088623877,-239.00
2025-12-25 15:56:54.628567,599616337088623877,-227.00
2025-12-25 15:56:54.628567,599616337088623877,-206.00
2025-12-25 15:56:54.628567,599616337088623877,-209.00
2025-12-25 15:56:54.628567,599616337088623877,-216.00
2025-12-25 15:56:54.628567,599616337088623877,-213.00
2025-12-25 15:56:54.628567,599616337088623877,-213.00
2025-12-25 15:56:54.628567,599616337088623877,-211.00
2025-12-25 15:56:54.628567,599616337088623877,-204.00
2025-12-25 15:56:54.628567,599616337088623877,-206.00
2025-12-25 15:56:54.628567,599616337088623877,-213.00
2025-12-25 15:56:54.628567,599616337088623877,-209.00
2025-12-25 15:56:54.628567,599616337088623877,-204.00
2025-12-25 15:56:54.628567,599616337088623877,-206.00
2025-12-25 15:56:54.628567,599616337088623877,-211.00
2025-12-25 15:56:54.628567,599616337088623877,-209.00
2025-12-25 15:56:54.628567,599616337088623877,-209.00
2025-12-25 15:56:54.628567,599616337088623877,-209.00
2025-12-25 15:56:54.628567,599616337088623877,-202.00
2025-12-25 15:56:54.628567,599616337088623877,-197.00
2025-12-25 15:56:54.628567,599616337088623877,-206.00
2025-12-25 15:56:54.628567,599616337088623877,-209.00
2025-12-25 15:56:54.628567,599616337088623877,-197.00
2025-12-25 15:56:54.628567,599616337088623877,-186.00
2025-12-25 15:56:54.628567,599616337088623877,-181.00
2025-12-25 15:56:54.628567,599616337088623877,-177.00
2025-12-25 15:56:54.628567,599616337088623877,-186.00
2025-12-25 15:56:54.628567,599616337088623877,-200.00
2025-12-25 15:56:54.628567,599616337088623877,-200.00
2025-12-25 15:56:54.628567,599616337088623877,-202.00
2025-12-25 15:56:54.628567,599616337088623877,-206.00
2025-12-25 15:56:54.628567,599616337088623877,-197.00
2025-12-25 15:56:54.628567,599616337088623877,-186.00
2025-12-25 15:56:54.628567,599616337088623877,-186.00
2025-12-25 15:56:54.628567,599616337088623877,-181.00
2025-12-25 15:56:54.628567,599616337088623877,-177.00
2025-12-25 15:56:54.628567,599616337088623877,-177.00
2025-12-25 15:56:54.628567,599616337088623877,-174.00
2025-12-25 15:56:54.628567,599616337088623877,-177.00
2025-12-25 15:56:54.628567,599616337088623877,-179.00
2025-12-25 15:56:54.628567,599616337088623877,-140.00
2025-12-25 15:56:54.628567,599616337088623877,-2.00
2025-12-25 15:56:54.628567,599616337088623877,156.00
2025-12-25 15:56:54.628567,599616337088623877,45.00
2025-12-25 15:56:54.628567,599616337088623877,-337.00
2025-12-25 15:56:54.628567,599616337088623877,-512.00
2025-12-25 15:56:54.628567,599616337088623877,-388.00
2025-12-25 15:56:54.628567,599616337088623877,-291.00
2025-12-25 15:56:54.628567,599616337088623877,-245.00
2025-12-25 15:56:54.628567,599616337088623877,-172.00
2025-12-25 15:56:54.628567,599616337088623877,-158.00
2025-12-25 15:56:54.628567,599616337088623877,-177.00
2025-12-25 15:56:54.628567,599616337088623877,-172.00
2025-12-25 15:56:54.628567,599616337088623877,-165.00
2025-12-25 15:56:54.628567,599616337088623877,-160.00
2025-12-25 15:56:54.628567,599616337088623877,-142.00
2025-12-25 15:56:54.628567,599616337088623877,-144.00
2025-12-25 15:56:54.628567,599616337088623877,-154.00
2025-12-25 15:56:54.628567,599616337088623877,-147.00
2025-12-25 15:56:54.628567,599616337088623877,-142.00
2025-12-25 15:56:54.628567,599616337088623877,-147.00
2025-12-25 15:56:54.628567,599616337088623877,-144.00
2025-12-25 15:56:54.628567,599616337088623877,-137.00
2025-12-25 15:56:54.628567,599616337088623877,-133.00
2025-12-25 15:56:54.628567,599616337088623877,-128.00
2025-12-25 15:56:54.628567,599616337088623877,-121.00
2025-12-25 15:56:54.628567,599616337088623877,-112.00
2025-12-25 15:56:54.628567,599616337088623877,-105.00
2025-12-25 15:56:55.130079,599616337649473506,-103.00
2025-12-25 15:56:55.130079,599616337649473506,-110.00
2025-12-25 15:56:55.130079,599616337649473506,-119.00
2025-12-25 15:56:55.130079,599616337649473506,-117.00
2025-12-25 15:56:55.130079,599616337649473506,-105.00
2025-12-25 15:56:55.130079,599616337649473506,-119.00
2025-12-25 15:56:55.130079,599616337649473506,-147.00
2025-12-25 15:56:55.130079,599616337649473506,-158.00
2025-12-25 15:56:55.130079,599616337649473506,-172.00
2025-12-25 15:56:55.130079,599616337649473506,-188.00
2025-12-25 15:56:55.130079,599616337649473506,-186.00
2025-12-25 15:56:55.130079,599616337649473506,-188.00
2025-12-25 15:56:55.130079,599616337649473506,-195.00
2025-12-25 15:56:55.130079,599616337649473506,-195.00
2025-12-25 15:56:55.130079,599616337649473506,-193.00
2025-12-25 15:56:55.130079,599616337649473506,-181.00
2025-12-25 15:56:55.130079,599616337649473506,-163.00
2025-12-25 15:56:55.130079,599616337649473506,-163.00
2025-12-25 15:56:55.130079,599616337649473506,-177.00
2025-12-25 15:56:55.130079,599616337649473506,-170.00
2025-12-25 15:56:55.130079,599616337649473506,-160.00
2025-12-25 15:56:55.130079,599616337649473506,-170.00
2025-12-25 15:56:55.130079,599616337649473506,-174.00
2025-12-25 15:56:55.130079,599616337649473506,-167.00
2025-12-25 15:56:55.130079,599616337649473506,-172.00
2025-12-25 15:56:55.130079,599616337649473506,-177.00
2025-12-25 15:56:55.130079,599616337649473506,-174.00
2025-12-25 15:56:55.130079,599616337649473506,-170.00
2025-12-25 15:56:55.130079,599616337649473506,-167.00
2025-12-25 15:56:55.130079,599616337649473506,-170.00
2025-12-25 15:56:55.130079,599616337649473506,-160.00
2025-12-25 15:56:55.130079,599616337649473506,-144.00
2025-12-25 15:56:55.130079,599616337649473506,-147.00
2025-12-25 15:56:55.130079,599616337649473506,-158.00
2025-12-25 15:56:55.130079,599616337649473506,-149.00
2025-12-25 15:56:55.130079,599616337649473506,-128.00
2025-12-25 15:56:55.130079,599616337649473506,-124.00
2025-12-25 15:56:55.130079,599616337649473506,-135.00
2025-12-25 15:56:55.130079,599616337649473506,-144.00
2025-12-25 15:56:55.130079,599616337649473506,-144.00
2025-12-25 15:56:55.130079,599616337649473506,-147.00
2025-12-25 15:56:55.130079,599616337649473506,-156.00
2025-12-25 15:56:55.130079,599616337649473506,-158.00
2025-12-25 15:56:55.130079,599616337649473506,-154.00
2025-12-25 15:56:55.130079,599616337649473506,-160.00
2025-12-25 15:56:55.130079,599616337649473506,-160.00
2025-12-25 15:56:55.130079,599616337649473506,-149.00
2025-12-25 15:56:55.130079,599616337649473506,-144.00
2025-12-25 15:56:55.130079,599616337649473506,-156.00
2025-12-25 15:56:55.130079,599616337649473506,-163.00
2025-12-25 15:56:55.130079,599616337649473506,-158.00
2025-12-25 15:56:55.130079,599616337649473506,-158.00
2025-12-25 15:56:55.130079,599616337649473506,-133.00
2025-12-25 15:56:55.130079,599616337649473506,-11.00
2025-12-25 15:56:55.130079,599616337649473506,156.00
2025-12-25 15:56:55.130079,599616337649473506,73.00
2025-12-25 15:56:55.130079,599616337649473506,-289.00
2025-12-25 15:56:55.130079,599616337649473506,-473.00
2025-12-25 15:56:55.130079,599616337649473506,-360.00
2025-12-25 15:56:55.130079,599616337649473506,-271.00
2025-12-25 15:56:55.130079,599616337649473506,-227.00
2025-12-25 15:56:55.130079,599616337649473506,-151.00
2025-12-25 15:56:55.130079,599616337649473506,-124.00
2025-12-25 15:56:55.130079,599616337649473506,-135.00
2025-12-25 15:56:55.130079,599616337649473506,-131.00
2025-12-25 15:56:55.130079,599616337649473506,-131.00
2025-12-25 15:56:55.130079,599616337649473506,-131.00
2025-12-25 15:56:55.130079,599616337649473506,-114.00
2025-12-25 15:56:55.130079,599616337649473506,-108.00
2025-12-25 15:56:55.130079,599616337649473506,-121.00
2025-12-25 15:56:55.130079,599616337649473506,-126.00
2025-12-25 15:56:55.130079,599616337649473506,-112.00
2025-12-25 15:56:55.130079,599616337649473506,-117.00
2025-12-25 15:56:55.731960,599616338210297709,-126.00
2025-12-25 15:56:55.731960,599616338210297709,-119.00
2025-12-25 15:56:55.731960,599616338210297709,-108.00
2025-12-25 15:56:55.731960,599616338210297709,-103.00
2025-12-25 15:56:55.731960,599616338210297709,-103.00
2025-12-25 15:56:55.731960,599616338210297709,-98.00
2025-12-25 15:56:55.731960,599616338210297709,-87.00
2025-12-25 15:56:55.731960,599616338210297709,-75.00
2025-12-25 15:56:55.731960,599616338210297709,-73.00
2025-12-25 15:56:55.731960,599616338210297709,-68.00
2025-12-25 15:56:55.731960,599616338210297709,-75.00
2025-12-25 15:56:55.731960,599616338210297709,-87.00
2025-12-25 15:56:55.731960,599616338210297709,-89.00
2025-12-25 15:56:55.731960,599616338210297709,-91.00
2025-12-25 15:56:55.731960,599616338210297709,-110.00
2025-12-25 15:56:55.731960,599616338210297709,-126.00
2025-12-25 15:56:55.731960,599616338210297709,-137.00
2025-12-25 15:56:55.731960,599616338210297709,-151.00
2025-12-25 15:56:55.731960,599616338210297709,-158.00
2025-12-25 15:56:55.731960,599616338210297709,-147.00
2025-12-25 15:56:55.731960,599616338210297709,-144.00
2025-12-25 15:56:55.731960,599616338210297709,-160.00
2025-12-25 15:56:55.731960,599616338210297709,-158.00
2025-12-25 15:56:55.731960,599616338210297709,-133.00
2025-12-25 15:56:55.731960,599616338210297709,-131.00
2025-12-25 15:56:55.731960,599616338210297709,-149.00
2025-12-25 15:56:55.731960,599616338210297709,-149.00
2025-12-25 15:56:55.731960,599616338210297709,-135.00
2025-12-25 15:56:55.731960,599616338210297709,-133.00
2025-12-25 15:56:55.731960,599616338210297709,-137.00
2025-12-25 15:56:55.731960,599616338210297709,-133.00
2025-12-25 15:56:55.731960,599616338210297709,-133.00
2025-12-25 15:56:55.731960,599616338210297709,-137.00
2025-12-25 15:56:55.731960,599616338210297709,-133.00
2025-12-25 15:56:55.731960,599616338210297709,-126.00
2025-12-25 15:56:55.731960,599616338210297709,-133.00
2025-12-25 15:56:55.731960,599616338210297709,-140.00
2025-12-25 15:56:55.731960,599616338210297709,-135.00
2025-12-25 15:56:55.731960,599616338210297709,-128.00
2025-12-25 15:56:55.731960,599616338210297709,-128.00
2025-12-25 15:56:55.731960,599616338210297709,-131.00
2025-12-25 15:56:55.731960,599616338210297709,-121.00
2025-12-25 15:56:55.731960,599616338210297709,-103.00
2025-12-25 15:56:55.731960,599616338210297709,-96.00
2025-12-25 15:56:55.731960,599616338210297709,-108.00
2025-12-25 15:56:55.731960,599616338210297709,-124.00
2025-12-25 15:56:55.731960,599616338210297709,-126.00
2025-12-25 15:56:55.731960,599616338210297709,-124.00
2025-12-25 15:56:55.731960,599616338210297709,-119.00
2025-12-25 15:56:55.731960,599616338210297709,-114.00
2025-12-25 15:56:55.731960,599616338210297709,-119.00
2025-12-25 15:56:55.731960,599616338210297709,-121.00
2025-12-25 15:56:55.731960,599616338210297709,-110.00
2025-12-25 15:56:55.731960,599616338210297709,-110.00
2025-12-25 15:56:55.731960,599616338210297709,-119.00
2025-12-25 15:56:55.731960,599616338210297709,-117.00
2025-12-25 15:56:55.731960,599616338210297709,-114.00
2025-12-25 15:56:55.731960,599616338210297709,-124.00
2025-12-25 15:56:55.731960,599616338210297709,-96.00
2025-12-25 15:56:55.731960,599616338210297709,45.00
2025-12-25 15:56:55.731960,599616338210297709,206.00
2025-12-25 15:56:55.731960,599616338210297709,75.00
2025-12-25 15:56:55.731960,599616338210297709,-291.00
2025-12-25 15:56:55.731960,599616338210297709,-420.00
2025-12-25 15:56:55.731960,599616338210297709,-296.00
2025-12-25 15:56:55.731960,599616338210297709,-234.00
2025-12-25 15:56:55.731960,599616338210297709,-190.00
2025-12-25 15:56:55.731960,599616338210297709,-112.00
2025-12-25 15:56:55.731960,599616338210297709,-96.00
2025-12-25 15:56:55.731960,599616338210297709,-108.00
2025-12-25 15:56:55.731960,599616338210297709,-91.00
2025-12-25 15:56:55.731960,599616338210297709,-85.00
2025-12-25 15:56:55.731960,599616338210297709,-85.00
2025-12-25 15:56:56.283446,599616338771142254,-87.00
2025-12-25 15:56:56.283446,599616338771142254,-89.00
2025-12-25 15:56:56.283446,599616338771142254,-82.00
2025-12-25 15:56:56.283446,599616338771142254,-71.00
2025-12-25 15:56:56.283446,599616338771142254,-71.00
2025-12-25 15:56:56.283446,599616338771142254,-80.00
2025-12-25 15:56:56.283446,599616338771142254,-80.00
2025-12-25 15:56:56.283446,599616338771142254,-73.00
2025-12-25 15:56:56.283446,599616338771142254,-66.00
2025-12-25 15:56:56.283446,599616338771142254,-57.00
2025-12-25 15:56:56.283446,599616338771142254,-52.00
2025-12-25 15:56:56.283446,599616338771142254,-52.00
2025-12-25 15:56:56.283446,599616338771142254,-50.00
2025-12-25 15:56:56.283446,599616338771142254,-52.00
2025-12-25 15:56:56.283446,599616338771142254,-55.00
2025-12-25 15:56:56.283446,599616338771142254,-43.00
2025-12-25 15:56:56.283446,599616338771142254,-25.00
2025-12-25 15:56:56.283446,599616338771142254,-36.00
2025-12-25 15:56:56.283446,599616338771142254,-57.00
2025-12-25 15:56:56.283446,599616338771142254,-59.00
2025-12-25 15:56:56.283446,599616338771142254,-73.00
2025-12-25 15:56:56.283446,599616338771142254,-98.00
2025-12-25 15:56:56.283446,599616338771142254,-105.00
2025-12-25 15:56:56.283446,599616338771142254,-105.00
2025-12-25 15:56:56.283446,599616338771142254,-117.00
2025-12-25 15:56:56.283446,599616338771142254,-126.00
2025-12-25 15:56:56.283446,599616338771142254,-128.00
2025-12-25 15:56:56.283446,599616338771142254,-121.00
2025-12-25 15:56:56.283446,599616338771142254,-110.00
2025-12-25 15:56:56.283446,599616338771142254,-108.00
2025-12-25 15:56:56.283446,599616338771142254,-121.00
2025-12-25 15:56:56.283446,599616338771142254,-135.00
2025-12-25 15:56:56.283446,599616338771142254,-131.00
2025-12-25 15:56:56.283446,599616338771142254,-119.00
2025-12-25 15:56:56.283446,599616338771142254,-117.00
2025-12-25 15:56:56.283446,599616338771142254,-128.00
2025-12-25 15:56:56.283446,599616338771142254,-140.00
2025-12-25 15:56:56.283446,599616338771142254,-137.00
2025-12-25 15:56:56.283446,599616338771142254,-137.00
2025-12-25 15:56:56.283446,599616338771142254,-144.00
2025-12-25 15:56:56.283446,599616338771142254,-142.00
2025-12-25 15:56:56.283446,599616338771142254,-128.00
2025-12-25 15:56:56.283446,599616338771142254,-126.00
2025-12-25 15:56:56.283446,599616338771142254,-133.00
2025-12-25 15:56:56.283446,599616338771142254,-128.00
2025-12-25 15:56:56.283446,599616338771142254,-114.00
2025-12-25 15:56:56.283446,599616338771142254,-117.00
2025-12-25 15:56:56.283446,599616338771142254,-121.00
2025-12-25 15:56:56.283446,599616338771142254,-108.00
2025-12-25 15:56:56.283446,599616338771142254,-105.00
2025-12-25 15:56:56.283446,599616338771142254,-124.00
2025-12-25 15:56:56.283446,599616338771142254,-133.00
2025-12-25 15:56:56.283446,599616338771142254,-133.00
2025-12-25 15:56:56.283446,599616338771142254,-142.00
2025-12-25 15:56:56.283446,599616338771142254,-135.00
2025-12-25 15:56:56.283446,599616338771142254,-124.00
2025-12-25 15:56:56.283446,599616338771142254,-137.00
2025-12-25 15:56:56.283446,599616338771142254,-144.00
2025-12-25 15:56:56.283446,599616338771142254,-128.00
2025-12-25 15:56:56.283446,599616338771142254,-126.00
2025-12-25 15:56:56.283446,599616338771142254,-140.00
2025-12-25 15:56:56.283446,599616338771142254,-142.00
2025-12-25 15:56:56.283446,599616338771142254,-137.00
2025-12-25 15:56:56.283446,599616338771142254,-103.00
2025-12-25 15:56:56.283446,599616338771142254,27.00
2025-12-25 15:56:56.283446,599616338771142254,170.00
2025-12-25 15:56:56.283446,599616338771142254,20.00
2025-12-25 15:56:56.283446,599616338771142254,-337.00
2025-12-25 15:56:56.283446,599616338771142254,-425.00
2025-12-25 15:56:56.283446,599616338771142254,-291.00
2025-12-25 15:56:56.283446,599616338771142254,-248.00
2025-12-25 15:56:56.283446,599616338771142254,-206.00
2025-12-25 15:56:56.283446,599616338771142254,-117.00
2025-12-25 15:56:56.835587,599616339331991885,-105.00
2025-12-25 15:56:56.835587,599616339331991885,-126.00
2025-12-25 15:56:56.835587,599616339331991885,-108.00
2025-12-25 15:56:56.835587,599616339331991885,-101.00
2025-12-25 15:56:56.835587,599616339331991885,-112.00
2025-12-25 15:56:56.835587,599616339331991885,-119.00
2025-12-25 15:56:56.835587,599616339331991885,-119.00
2025-12-25 15:56:56.835587,599616339331991885,-98.00
2025-12-25 15:56:56.835587,599616339331991885,-75.00
2025-12-25 15:56:56.835587,599616339331991885,-89.00
2025-12-25 15:56:56.835587,599616339331991885,-101.00
2025-12-25 15:56:56.835587,599616339331991885,-78.00
2025-12-25 15:56:56.835587,599616339331991885,-62.00
2025-12-25 15:56:56.835587,599616339331991885,-66.00
2025-12-25 15:56:56.835587,599616339331991885,-62.00
2025-12-25 15:56:56.835587,599616339331991885,-55.00
2025-12-25 15:56:56.835587,599616339331991885,-62.00
2025-12-25 15:56:56.835587,599616339331991885,-64.00
2025-12-25 15:56:56.835587,599616339331991885,-52.00
2025-12-25 15:56:56.835587,599616339331991885,-39.00
2025-12-25 15:56:56.835587,599616339331991885,-45.00
2025-12-25 15:56:56.835587,599616339331991885,-66.00
2025-12-25 15:56:56.835587,599616339331991885,-68.00
2025-12-25 15:56:56.835587,599616339331991885,-68.00
2025-12-25 15:56:56.835587,599616339331991885,-85.00
2025-12-25 15:56:56.835587,599616339331991885,-103.00
2025-12-25 15:56:56.835587,599616339331991885,-124.00
2025-12-25 15:56:56.835587,599616339331991885,-140.00
2025-12-25 15:56:56.835587,599616339331991885,-142.00
2025-12-25 15:56:56.835587,599616339331991885,-151.00
2025-12-25 15:56:56.835587,599616339331991885,-163.00
2025-12-25 15:56:56.835587,599616339331991885,-156.00
2025-12-25 15:56:56.835587,599616339331991885,-149.00
2025-12-25 15:56:56.835587,599616339331991885,-156.00
2025-12-25 15:56:56.835587,599616339331991885,-154.00
2025-12-25 15:56:56.835587,599616339331991885,-151.00
2025-12-25 15:56:56.835587,599616339331991885,-151.00
2025-12-25 15:56:56.835587,599616339331991885,-149.00
2025-12-25 15:56:56.835587,599616339331991885,-154.00
2025-12-25 15:56:56.835587,599616339331991885,-154.00
2025-12-25 15:56:56.835587,599616339331991885,-147.00
2025-12-25 15:56:56.835587,599616339331991885,-147.00
2025-12-25 15:56:56.835587,599616339331991885,-154.00
2025-12-25 15:56:56.835587,599616339331991885,-156.00
2025-12-25 15:56:56.835587,599616339331991885,-156.00
2025-12-25 15:56:56.835587,599616339331991885,-163.00
2025-12-25 15:56:56.835587,599616339331991885,-165.00
2025-12-25 15:56:56.835587,599616339331991885,-160.00
2025-12-25 15:56:56.835587,599616339331991885,-149.00
2025-12-25 15:56:56.835587,599616339331991885,-137.00
2025-12-25 15:56:56.835587,599616339331991885,-133.00
2025-12-25 15:56:56.835587,599616339331991885,-124.00
2025-12-25 15:56:56.835587,599616339331991885,-119.00
2025-12-25 15:56:56.835587,599616339331991885,-133.00
2025-12-25 15:56:56.835587,599616339331991885,-151.00
2025-12-25 15:56:56.835587,599616339331991885,-154.00
2025-12-25 15:56:56.835587,599616339331991885,-151.00
2025-12-25 15:56:56.835587,599616339331991885,-151.00
2025-12-25 15:56:56.835587,599616339331991885,-147.00
2025-12-25 15:56:56.835587,599616339331991885,-144.00
2025-12-25 15:56:56.835587,599616339331991885,-144.00
2025-12-25 15:56:56.835587,599616339331991885,-142.00
2025-12-25 15:56:56.835587,599616339331991885,-140.00
2025-12-25 15:56:56.835587,599616339331991885,-147.00
2025-12-25 15:56:56.835587,599616339331991885,-154.00
2025-12-25 15:56:56.835587,599616339331991885,-156.00
2025-12-25 15:56:56.835587,599616339331991885,-144.00
2025-12-25 15:56:56.835587,599616339331991885,-71.00
2025-12-25 15:56:56.835587,599616339331991885,91.00
2025-12-25 15:56:56.835587,599616339331991885,147.00
2025-12-25 15:56:56.835587,599616339331991885,-126.00
2025-12-25 15:56:56.835587,599616339331991885,-420.00
2025-12-25 15:56:56.835587,599616339331991885,-390.00
2025-12-25 15:56:57.338162,599616339892831342,-268.00
2025-12-25 15:56:57.338162,599616339892831342,-225.00
2025-12-25 15:56:57.338162,599616339892831342,-158.00
2025-12-25 15:56:57.338162,599616339892831342,-114.00
2025-12-25 15:56:57.338162,599616339892831342,-121.00
2025-12-25 15:56:57.338162,599616339892831342,-117.00
2025-12-25 15:56:57.338162,599616339892831342,-110.00
2025-12-25 15:56:57.338162,599616339892831342,-114.00
2025-12-25 15:56:57.338162,599616339892831342,-114.00
2025-12-25 15:56:57.338162,599616339892831342,-105.00
2025-12-25 15:56:57.338162,599616339892831342,-87.00
2025-12-25 15:56:57.338162,599616339892831342,-78.00
2025-12-25 15:56:57.338162,599616339892831342,-82.00
2025-12-25 15:56:57.338162,599616339892831342,-82.00
2025-12-25 15:56:57.338162,599616339892831342,-87.00
2025-12-25 15:56:57.338162,599616339892831342,-89.00
2025-12-25 15:56:57.338162,599616339892831342,-71.00
2025-12-25 15:56:57.338162,599616339892831342,-55.00
2025-12-25 15:56:57.338162,599616339892831342,-59.00
2025-12-25 15:56:57.338162,599616339892831342,-64.00
2025-12-25 15:56:57.338162,599616339892831342,-62.00
2025-12-25 15:56:57.338162,599616339892831342,-64.00
2025-12-25 15:56:57.338162,599616339892831342,-59.00
2025-12-25 15:56:57.338162,599616339892831342,-52.00
2025-12-25 15:56:57.338162,599616339892831342,-57.00
2025-12-25 15:56:57.338162,599616339892831342,-68.00
2025-12-25 15:56:57.338162,599616339892831342,-75.00
2025-12-25 15:56:57.338162,599616339892831342,-82.00
2025-12-25 15:56:57.338162,599616339892831342,-98.00
2025-12-25 15:56:57.338162,599616339892831342,-126.00
2025-12-25 15:56:57.338162,599616339892831342,-137.00
2025-12-25 15:56:57.338162,599616339892831342,-142.00
2025-12-25 15:56:57.338162,599616339892831342,-163.00
2025-12-25 15:56:57.338162,599616339892831342,-179.00
2025-12-25 15:56:57.338162,599616339892831342,-179.00
2025-12-25 15:56:57.338162,599616339892831342,-165.00
2025-12-25 15:56:57.338162,599616339892831342,-154.00
2025-12-25 15:56:57.338162,599616339892831342,-165.00
2025-12-25 15:56:57.338162,599616339892831342,-174.00
2025-12-25 15:56:57.338162,599616339892831342,-165.00
2025-12-25 15:56:57.338162,599616339892831342,-163.00
2025-12-25 15:56:57.338162,599616339892831342,-167.00
2025-12-25 15:56:57.338162,599616339892831342,-165.00
2025-12-25 15:56:57.338162,599616339892831342,-158.00
2025-12-25 15:56:57.338162,599616339892831342,-156.00
2025-12-25 15:56:57.338162,599616339892831342,-158.00
2025-12-25 15:56:57.338162,599616339892831342,-163.00
2025-12-25 15:56:57.338162,599616339892831342,-163.00
2025-12-25 15:56:57.338162,599616339892831342,-165.00
2025-12-25 15:56:57.338162,599616339892831342,-177.00
2025-12-25 15:56:57.338162,599616339892831342,-181.00
2025-12-25 15:56:57.338162,599616339892831342,-163.00
2025-12-25 15:56:57.338162,599616339892831342,-144.00
2025-12-25 15:56:57.338162,599616339892831342,-147.00
2025-12-25 15:56:57.338162,599616339892831342,-147.00
2025-12-25 15:56:57.338162,599616339892831342,-140.00
2025-12-25 15:56:57.338162,599616339892831342,-149.00
2025-12-25 15:56:57.338162,599616339892831342,-163.00
2025-12-25 15:56:57.338162,599616339892831342,-151.00
2025-12-25 15:56:57.338162,599616339892831342,-137.00
2025-12-25 15:56:57.338162,599616339892831342,-144.00
2025-12-25 15:56:57.338162,599616339892831342,-154.00
2025-12-25 15:56:57.338162,599616339892831342,-154.00
2025-12-25 15:56:57.338162,599616339892831342,-151.00
2025-12-25 15:56:57.338162,599616339892831342,-151.00
2025-12-25 15:56:57.338162,599616339892831342,-149.00
2025-12-25 15:56:57.338162,599616339892831342,-137.00
2025-12-25 15:56:57.338162,599616339892831342,-128.00
2025-12-25 15:56:57.338162,599616339892831342,-131.00
2025-12-25 15:56:57.338162,599616339892831342,-68.00
2025-12-25 15:56:57.338162,599616339892831342,110.00
2025-12-25 15:56:57.338162,599616339892831342,140.00
2025-12-25 15:56:57.338162,599616339892831342,-172.00
2025-12-25 15:56:57.890594,599616340453660629,-427.00
2025-12-25 15:56:57.890594,599616340453660629,-363.00
2025-12-25 15:56:57.890594,599616340453660629,-264.00
2025-12-25 15:56:57.890594,599616340453660629,-220.00
2025-12-25 15:56:57.890594,599616340453660629,-144.00
2025-12-25 15:56:57.890594,599616340453660629,-114.00
2025-12-25 15:56:57.890594,599616340453660629,-133.00
2025-12-25 15:56:57.890594,599616340453660629,-121.00
2025-12-25 15:56:57.890594,599616340453660629,-108.00
2025-12-25 15:56:57.890594,599616340453660629,-124.00
2025-12-25 15:56:57.890594,599616340453660629,-114.00
2025-12-25 15:56:57.890594,599616340453660629,-91.00
2025-12-25 15:56:57.890594,599616340453660629,-103.00
2025-12-25 15:56:57.890594,599616340453660629,-105.00
2025-12-25 15:56:57.890594,599616340453660629,-82.00
2025-12-25 15:56:57.890594,599616340453660629,-82.00
2025-12-25 15:56:57.890594,599616340453660629,-82.00
2025-12-25 15:56:57.890594,599616340453660629,-71.00
2025-12-25 15:56:57.890594,599616340453660629,-73.00
2025-12-25 15:56:57.890594,599616340453660629,-75.00
2025-12-25 15:56:57.890594,599616340453660629,-64.00
2025-12-25 15:56:57.890594,599616340453660629,-64.00
2025-12-25 15:56:57.890594,599616340453660629,-64.00
2025-12-25 15:56:57.890594,599616340453660629,-64.00
2025-12-25 15:56:57.890594,599616340453660629,-68.00
2025-12-25 15:56:57.890594,599616340453660629,-73.00
2025-12-25 15:56:57.890594,599616340453660629,-75.00
2025-12-25 15:56:57.890594,599616340453660629,-85.00
2025-12-25 15:56:57.890594,599616340453660629,-89.00
2025-12-25 15:56:57.890594,599616340453660629,-91.00
2025-12-25 15:56:57.890594,599616340453660629,-110.00
2025-12-25 15:56:57.890594,599616340453660629,-133.00
2025-12-25 15:56:57.890594,599616340453660629,-147.00
2025-12-25 15:56:57.890594,599616340453660629,-163.00
2025-12-25 15:56:57.890594,599616340453660629,-174.00
2025-12-25 15:56:57.890594,599616340453660629,-177.00
2025-12-25 15:56:57.890594,599616340453660629,-179.00
2025-12-25 15:56:57.890594,599616340453660629,-181.00
2025-12-25 15:56:57.890594,599616340453660629,-174.00
2025-12-25 15:56:57.890594,599616340453660629,-174.00
2025-12-25 15:56:57.890594,599616340453660629,-179.00
2025-12-25 15:56:57.890594,599616340453660629,-177.00
2025-12-25 15:56:57.890594,599616340453660629,-165.00
2025-12-25 15:56:57.890594,599616340453660629,-167.00
2025-12-25 15:56:57.890594,599616340453660629,-177.00
2025-12-25 15:56:57.890594,599616340453660629,-177.00
2025-12-25 15:56:57.890594,599616340453660629,-174.00
2025-12-25 15:56:57.890594,599616340453660629,-170.00
2025-12-25 15:56:57.890594,599616340453660629,-160.00
2025-12-25 15:56:57.890594,599616340453660629,-163.00
2025-12-25 15:56:57.890594,599616340453660629,-174.00
2025-12-25 15:56:57.890594,599616340453660629,-174.00
2025-12-25 15:56:57.890594,599616340453660629,-165.00
2025-12-25 15:56:57.890594,599616340453660629,-160.00
2025-12-25 15:56:57.890594,599616340453660629,-156.00
2025-12-25 15:56:57.890594,599616340453660629,-151.00
2025-12-25 15:56:57.890594,599616340453660629,-154.00
2025-12-25 15:56:57.890594,599616340453660629,-170.00
2025-12-25 15:56:57.890594,599616340453660629,-170.00
2025-12-25 15:56:57.890594,599616340453660629,-160.00
2025-12-25 15:56:57.890594,599616340453660629,-160.00
2025-12-25 15:56:57.890594,599616340453660629,-154.00
2025-12-25 15:56:57.890594,599616340453660629,-147.00
2025-12-25 15:56:57.890594,599616340453660629,-156.00
2025-12-25 15:56:57.890594,599616340453660629,-158.00
2025-12-25 15:56:57.890594,599616340453660629,-154.00
2025-12-25 15:56:57.890594,599616340453660629,-156.00
2025-12-25 15:56:57.890594,599616340453660629,-154.00
2025-12-25 15:56:57.890594,599616340453660629,-156.00
2025-12-25 15:56:57.890594,599616340453660629,-160.00
2025-12-25 15:56:57.890594,599616340453660629,-105.00
2025-12-25 15:56:57.890594,599616340453660629,57.00
2025-12-25 15:56:57.890594,599616340453660629,135.00
2025-12-25 15:56:58.442223,599616341014510260,-110.00
2025-12-25 15:56:58.442223,599616341014510260,-409.00
2025-12-25 15:56:58.442223,599616341014510260,-404.00
2025-12-25 15:56:58.442223,599616341014510260,-296.00
2025-12-25 15:56:58.442223,599616341014510260,-250.00
2025-12-25 15:56:58.442223,599616341014510260,-165.00
2025-12-25 15:56:58.442223,599616341014510260,-98.00
2025-12-25 15:56:58.442223,599616341014510260,-114.00
2025-12-25 15:56:58.442223,599616341014510260,-126.00
2025-12-25 15:56:58.442223,599616341014510260,-108.00
2025-12-25 15:56:58.442223,599616341014510260,-98.00
2025-12-25 15:56:58.442223,599616341014510260,-96.00
2025-12-25 15:56:58.442223,599616341014510260,-89.00
2025-12-25 15:56:58.442223,599616341014510260,-91.00
2025-12-25 15:56:58.442223,599616341014510260,-89.00
2025-12-25 15:56:58.442223,599616341014510260,-80.00
2025-12-25 15:56:58.442223,599616341014510260,-80.00
2025-12-25 15:56:58.442223,599616341014510260,-85.00
2025-12-25 15:56:58.442223,599616341014510260,-85.00
2025-12-25 15:56:58.442223,599616341014510260,-80.00
2025-12-25 15:56:58.442223,599616341014510260,-78.00
2025-12-25 15:56:58.442223,599616341014510260,-80.00
2025-12-25 15:56:58.442223,599616341014510260,-85.00
2025-12-25 15:56:58.442223,599616341014510260,-80.00
2025-12-25 15:56:58.442223,599616341014510260,-71.00
2025-12-25 15:56:58.442223,599616341014510260,-71.00
2025-12-25 15:56:58.442223,599616341014510260,-80.00
2025-12-25 15:56:58.442223,599616341014510260,-80.00
2025-12-25 15:56:58.442223,599616341014510260,-78.00
2025-12-25 15:56:58.442223,599616341014510260,-87.00
2025-12-25 15:56:58.442223,599616341014510260,-103.00
2025-12-25 15:56:58.442223,599616341014510260,-114.00
2025-12-25 15:56:58.442223,599616341014510260,-131.00
2025-12-25 15:56:58.442223,599616341014510260,-151.00
2025-12-25 15:56:58.442223,599616341014510260,-158.00
2025-12-25 15:56:58.442223,599616341014510260,-160.00
2025-12-25 15:56:58.442223,599616341014510260,-172.00
2025-12-25 15:56:58.442223,599616341014510260,-179.00
2025-12-25 15:56:58.442223,599616341014510260,-177.00
2025-12-25 15:56:58.442223,599616341014510260,-167.00
2025-12-25 15:56:58.442223,599616341014510260,-154.00
2025-12-25 15:56:58.442223,599616341014510260,-149.00
2025-12-25 15:56:58.442223,599616341014510260,-158.00
2025-12-25 15:56:58.442223,599616341014510260,-163.00
2025-12-25 15:56:58.442223,599616341014510260,-160.00
2025-12-25 15:56:58.442223,599616341014510260,-158.00
2025-12-25 15:56:58.442223,599616341014510260,-151.00
2025-12-25 15:56:58.442223,599616341014510260,-154.00
2025-12-25 15:56:58.442223,599616341014510260,-156.00
2025-12-25 15:56:58.442223,599616341014510260,-151.00
2025-12-25 15:56:58.442223,599616341014510260,-149.00
2025-12-25 15:56:58.442223,599616341014510260,-140.00
2025-12-25 15:56:58.442223,599616341014510260,-133.00
2025-12-25 15:56:58.442223,599616341014510260,-131.00
2025-12-25 15:56:58.442223,599616341014510260,-128.00
2025-12-25 15:56:58.442223,599616341014510260,-121.00
2025-12-25 15:56:58.442223,599616341014510260,-114.00
2025-12-25 15:56:58.442223,599616341014510260,-112.00
2025-12-25 15:56:58.442223,599616341014510260,-126.00
2025-12-25 15:56:58.442223,599616341014510260,-147.00
2025-12-25 15:56:58.442223,599616341014510260,-149.00
2025-12-25 15:56:58.442223,599616341014510260,-142.00
2025-12-25 15:56:58.442223,599616341014510260,-142.00
2025-12-25 15:56:58.442223,599616341014510260,-144.00
2025-12-25 15:56:58.442223,599616341014510260,-135.00
2025-12-25 15:56:58.442223,599616341014510260,-131.00
2025-12-25 15:56:58.442223,599616341014510260,-135.00
2025-12-25 15:56:58.442223,599616341014510260,-140.00
2025-12-25 15:56:58.442223,599616341014510260,-131.00
2025-12-25 15:56:58.442223,599616341014510260,-121.00
2025-12-25 15:56:58.442223,599616341014510260,-121.00
2025-12-25 15:56:58.442223,599616341014510260,-73.00
2025-12-25 15:56:58.442223,599616341014510260,87.00
2025-12-25 15:56:59.086251,599616341575359893,209.00
2025-12-25 15:56:59.086251,599616341575359893,-2.00
2025-12-25 15:56:59.086251,599616341575359893,-363.00
2025-12-25 15:56:59.086251,599616341575359893,-413.00
2025-12-25 15:56:59.086251,599616341575359893,-285.00
2025-12-25 15:56:59.086251,599616341575359893,-236.00
2025-12-25 15:56:59.086251,599616341575359893,-174.00
2025-12-25 15:56:59.086251,599616341575359893,-89.00
2025-12-25 15:56:59.086251,599616341575359893,-78.00
2025-12-25 15:56:59.086251,599616341575359893,-85.00
2025-12-25 15:56:59.086251,599616341575359893,-75.00
2025-12-25 15:56:59.086251,599616341575359893,-75.00
2025-12-25 15:56:59.086251,599616341575359893,-80.00
2025-12-25 15:56:59.086251,599616341575359893,-78.00
2025-12-25 15:56:59.086251,599616341575359893,-73.00
2025-12-25 15:56:59.086251,599616341575359893,-73.00
2025-12-25 15:56:59.086251,599616341575359893,-82.00
2025-12-25 15:56:59.086251,599616341575359893,-85.00
2025-12-25 15:56:59.086251,599616341575359893,-80.00
2025-12-25 15:56:59.086251,599616341575359893,-82.00
2025-12-25 15:56:59.086251,599616341575359893,-82.00
2025-12-25 15:56:59.086251,599616341575359893,-78.00
2025-12-25 15:56:59.086251,599616341575359893,-85.00
2025-12-25 15:56:59.086251,599616341575359893,-89.00
2025-12-25 15:56:59.086251,599616341575359893,-82.00
2025-12-25 15:56:59.086251,599616341575359893,-82.00
2025-12-25 15:56:59.086251,599616341575359893,-91.00
2025-12-25 15:56:59.086251,599616341575359893,-96.00
2025-12-25 15:56:59.086251,599616341575359893,-105.00
2025-12-25 15:56:59.086251,599616341575359893,-119.00
2025-12-25 15:56:59.086251,599616341575359893,-126.00
2025-12-25 15:56:59.086251,599616341575359893,-140.00
2025-12-25 15:56:59.086251,599616341575359893,-163.00
2025-12-25 15:56:59.086251,599616341575359893,-179.00
2025-12-25 15:56:59.086251,599616341575359893,-195.00
2025-12-25 15:56:59.086251,599616341575359893,-216.00
2025-12-25 15:56:59.086251,599616341575359893,-227.00
2025-12-25 15:56:59.086251,599616341575359893,-236.00
2025-12-25 15:56:59.086251,599616341575359893,-245.00
2025-12-25 15:56:59.086251,599616341575359893,-243.00
2025-12-25 15:56:59.086251,599616341575359893,-248.00
2025-12-25 15:56:59.086251,599616341575359893,-252.00
2025-12-25 15:56:59.086251,599616341575359893,-250.00
2025-12-25 15:56:59.086251,599616341575359893,-252.00
2025-12-25 15:56:59.086251,599616341575359893,-255.00
2025-12-25 15:56:59.086251,599616341575359893,-252.00
2025-12-25 15:56:59.086251,599616341575359893,-252.00
2025-12-25 15:56:59.086251,599616341575359893,-259.00
2025-12-25 15:56:59.086251,599616341575359893,-268.00
2025-12-25 15:56:59.086251,599616341575359893,-268.00
2025-12-25 15:56:59.086251,599616341575359893,-266.00
2025-12-25 15:56:59.086251,599616341575359893,-273.00
2025-12-25 15:56:59.086251,599616341575359893,-280.00
2025-12-25 15:56:59.086251,599616341575359893,-282.00
2025-12-25 15:56:59.086251,599616341575359893,-287.00
2025-12-25 15:56:59.086251,599616341575359893,-280.00
2025-12-25 15:56:59.086251,599616341575359893,-273.00
2025-12-25 15:56:59.086251,599616341575359893,-280.00
2025-12-25 15:56:59.086251,599616341575359893,-296.00
2025-12-25 15:56:59.086251,599616341575359893,-308.00
2025-12-25 15:56:59.086251,599616341575359893,-312.00
2025-12-25 15:56:59.086251,599616341575359893,-310.00
2025-12-25 15:56:59.086251,599616341575359893,-308.00
2025-12-25 15:56:59.086251,599616341575359893,-305.00
2025-12-25 15:56:59.086251,599616341575359893,-310.00
2025-12-25 15:56:59.086251,599616341575359893,-314.00
2025-12-25 15:56:59.086251,599616341575359893,-312.00
2025-12-25 15:56:59.086251,599616341575359893,-303.00
2025-12-25 15:56:59.086251,599616341575359893,-303.00
2025-12-25 15:56:59.086251,599616341575359893,-314.00
2025-12-25 15:56:59.086251,599616341575359893,-321.00
2025-12-25 15:56:59.086251,599616341575359893,-280.00
2025-12-25 15:56:59.086251,599616341575359893,-137.00
2025-12-25 15:56:59.587940,599616342136189178,18.00
2025-12-25 15:56:59.587940,599616342136189178,-121.00
2025-12-25 15:56:59.587940,599616342136189178,-498.00
2025-12-25 15:56:59.587940,599616342136189178,-620.00
2025-12-25 15:56:59.587940,599616342136189178,-491.00
2025-12-25 15:56:59.587940,599616342136189178,-429.00
2025-12-25 15:56:59.587940,599616342136189178,-383.00
2025-12-25 15:56:59.587940,599616342136189178,-296.00
2025-12-25 15:56:59.587940,599616342136189178,-278.00
2025-12-25 15:56:59.587940,599616342136189178,-296.00
2025-12-25 15:56:59.587940,599616342136189178,-282.00
2025-12-25 15:56:59.587940,599616342136189178,-262.00
2025-12-25 15:56:59.587940,599616342136189178,-259.00
2025-12-25 15:56:59.587940,599616342136189178,-257.00
2025-12-25 15:56:59.587940,599616342136189178,-248.00
2025-12-25 15:56:59.587940,599616342136189178,-243.00
2025-12-25 15:56:59.587940,599616342136189178,-245.00
2025-12-25 15:56:59.587940,599616342136189178,-239.00
2025-12-25 15:56:59.587940,599616342136189178,-223.00
2025-12-25 15:56:59.587940,599616342136189178,-220.00
2025-12-25 15:56:59.587940,599616342136189178,-225.00
2025-12-25 15:56:59.587940,599616342136189178,-216.00
2025-12-25 15:56:59.587940,599616342136189178,-206.00
2025-12-25 15:56:59.587940,599616342136189178,-209.00
2025-12-25 15:56:59.587940,599616342136189178,-206.00
2025-12-25 15:56:59.587940,599616342136189178,-202.00
2025-12-25 15:56:59.587940,599616342136189178,-204.00
2025-12-25 15:56:59.587940,599616342136189178,-211.00
2025-12-25 15:56:59.587940,599616342136189178,-213.00
2025-12-25 15:56:59.587940,599616342136189178,-211.00
2025-12-25 15:56:59.587940,599616342136189178,-216.00
2025-12-25 15:56:59.587940,599616342136189178,-234.00
2025-12-25 15:56:59.587940,599616342136189178,-250.00
2025-12-25 15:56:59.587940,599616342136189178,-264.00
2025-12-25 15:56:59.587940,599616342136189178,-280.00
2025-12-25 15:56:59.587940,599616342136189178,-291.00
2025-12-25 15:56:59.587940,599616342136189178,-301.00
2025-12-25 15:56:59.587940,599616342136189178,-308.00
2025-12-25 15:56:59.587940,599616342136189178,-312.00
2025-12-25 15:56:59.587940,599616342136189178,-310.00
2025-12-25 15:56:59.587940,599616342136189178,-308.00
2025-12-25 15:56:59.587940,599616342136189178,-305.00
2025-12-25 15:56:59.587940,599616342136189178,-303.00
2025-12-25 15:56:59.587940,599616342136189178,-298.00
2025-12-25 15:56:59.587940,599616342136189178,-294.00
2025-12-25 15:56:59.587940,599616342136189178,-289.00
2025-12-25 15:56:59.587940,599616342136189178,-289.00
2025-12-25 15:56:59.587940,599616342136189178,-289.00
2025-12-25 15:56:59.587940,599616342136189178,-289.00
2025-12-25 15:56:59.587940,599616342136189178,-289.00
2025-12-25 15:56:59.587940,599616342136189178,-287.00
2025-12-25 15:56:59.587940,599616342136189178,-285.00
2025-12-25 15:56:59.587940,599616342136189178,-289.00
2025-12-25 15:56:59.587940,599616342136189178,-282.00
2025-12-25 15:56:59.587940,599616342136189178,-275.00
2025-12-25 15:56:59.587940,599616342136189178,-280.00
2025-12-25 15:56:59.587940,599616342136189178,-275.00
2025-12-25 15:56:59.587940,599616342136189178,-257.00
2025-12-25 15:56:59.587940,599616342136189178,-257.00
2025-12-25 15:56:59.587940,599616342136189178,-268.00
2025-12-25 15:56:59.587940,599616342136189178,-275.00
2025-12-25 15:56:59.587940,599616342136189178,-280.00
2025-12-25 15:56:59.587940,599616342136189178,-271.00
2025-12-25 15:56:59.587940,599616342136189178,-259.00
2025-12-25 15:56:59.587940,599616342136189178,-259.00
2025-12-25 15:56:59.587940,599616342136189178,-259.00
2025-12-25 15:56:59.587940,599616342136189178,-252.00
2025-12-25 15:56:59.587940,599616342136189178,-250.00
2025-12-25 15:56:59.587940,599616342136189178,-245.00
2025-12-25 15:56:59.587940,599616342136189178,-239.00
2025-12-25 15:56:59.587940,599616342136189178,-241.00
2025-12-25 15:56:59.587940,599616342136189178,-248.00
2025-12-25 15:56:59.587940,599616342136189178,-200.00
2025-12-25 15:57:00.139434,599616342697043895,-39.00
2025-12-25 15:57:00.139434,599616342697043895,96.00
2025-12-25 15:57:00.139434,599616342697043895,-96.00
2025-12-25 15:57:00.139434,599616342697043895,-466.00
2025-12-25 15:57:00.139434,599616342697043895,-526.00
2025-12-25 15:57:00.139434,599616342697043895,-379.00
2025-12-25 15:57:00.139434,599616342697043895,-324.00
2025-12-25 15:57:00.139434,599616342697043895,-268.00
2025-12-25 15:57:00.139434,599616342697043895,-181.00
2025-12-25 15:57:00.139434,599616342697043895,-158.00
2025-12-25 15:57:00.139434,599616342697043895,-165.00
2025-12-25 15:57:00.139434,599616342697043895,-151.00
2025-12-25 15:57:00.139434,599616342697043895,-135.00
2025-12-25 15:57:00.139434,599616342697043895,-126.00
2025-12-25 15:57:00.139434,599616342697043895,-119.00
2025-12-25 15:57:00.139434,599616342697043895,-110.00
2025-12-25 15:57:00.139434,599616342697043895,-110.00
2025-12-25 15:57:00.139434,599616342697043895,-112.00
2025-12-25 15:57:00.139434,599616342697043895,-108.00
2025-12-25 15:57:00.139434,599616342697043895,-103.00
2025-12-25 15:57:00.139434,599616342697043895,-98.00
2025-12-25 15:57:00.139434,599616342697043895,-91.00
2025-12-25 15:57:00.139434,599616342697043895,-89.00
2025-12-25 15:57:00.139434,599616342697043895,-87.00
2025-12-25 15:57:00.139434,599616342697043895,-80.00
2025-12-25 15:57:00.139434,599616342697043895,-73.00
2025-12-25 15:57:00.139434,599616342697043895,-68.00
2025-12-25 15:57:00.139434,599616342697043895,-71.00
2025-12-25 15:57:00.139434,599616342697043895,-78.00
2025-12-25 15:57:00.139434,599616342697043895,-78.00
2025-12-25 15:57:00.139434,599616342697043895,-78.00
2025-12-25 15:57:00.139434,599616342697043895,-80.00
2025-12-25 15:57:00.139434,599616342697043895,-94.00
2025-12-25 15:57:00.139434,599616342697043895,-121.00
2025-12-25 15:57:00.139434,599616342697043895,-142.00
2025-12-25 15:57:00.139434,599616342697043895,-154.00
2025-12-25 15:57:00.139434,599616342697043895,-170.00
2025-12-25 15:57:00.139434,599616342697043895,-183.00
2025-12-25 15:57:00.139434,599616342697043895,-186.00
2025-12-25 15:57:00.139434,599616342697043895,-186.00
2025-12-25 15:57:00.139434,599616342697043895,-190.00
2025-12-25 15:57:00.139434,599616342697043895,-197.00
2025-12-25 15:57:00.139434,599616342697043895,-195.00
2025-12-25 15:57:00.139434,599616342697043895,-190.00
2025-12-25 15:57:00.139434,599616342697043895,-186.00
2025-12-25 15:57:00.139434,599616342697043895,-181.00
2025-12-25 15:57:00.139434,599616342697043895,-177.00
2025-12-25 15:57:00.139434,599616342697043895,-177.00
2025-12-25 15:57:00.139434,599616342697043895,-174.00
2025-12-25 15:57:00.139434,599616342697043895,-170.00
2025-12-25 15:57:00.139434,599616342697043895,-170.00
2025-12-25 15:57:00.139434,599616342697043895,-172.00
2025-12-25 15:57:00.139434,599616342697043895,-172.00
2025-12-25 15:57:00.139434,599616342697043895,-174.00
2025-12-25 15:57:00.139434,599616342697043895,-177.00
2025-12-25 15:57:00.139434,599616342697043895,-174.00
2025-12-25 15:57:00.139434,599616342697043895,-170.00
2025-12-25 15:57:00.139434,599616342697043895,-165.00
2025-12-25 15:57:00.139434,599616342697043895,-160.00
2025-12-25 15:57:00.139434,599616342697043895,-154.00
2025-12-25 15:57:00.139434,599616342697043895,-154.00
2025-12-25 15:57:00.139434,599616342697043895,-160.00
2025-12-25 15:57:00.139434,599616342697043895,-165.00
2025-12-25 15:57:00.139434,599616342697043895,-165.00
2025-12-25 15:57:00.139434,599616342697043895,-165.00
2025-12-25 15:57:00.139434,599616342697043895,-165.00
2025-12-25 15:57:00.139434,599616342697043895,-165.00
2025-12-25 15:57:00.139434,599616342697043895,-158.00
2025-12-25 15:57:00.139434,599616342697043895,-156.00
2025-12-25 15:57:00.139434,599616342697043895,-160.00
2025-12-25 15:57:00.139434,599616342697043895,-156.00
2025-12-25 15:57:00.139434,599616342697043895,-151.00
2025-12-25 15:57:00.139434,599616342697043895,-154.00
2025-12-25 15:57:00.691989,599616343257878268,-156.00
2025-12-25 15:57:00.691989,599616343257878268,-128.00
2025-12-25 15:57:00.691989,599616343257878268,-4.00
2025-12-25 15:57:00.691989,599616343257878268,172.00
2025-12-25 15:57:00.691989,599616343257878268,101.00
2025-12-25 15:57:00.691989,599616343257878268,-273.00
2025-12-25 15:57:00.691989,599616343257878268,-471.00
2025-12-25 15:57:00.691989,599616343257878268,-347.00
2025-12-25 15:57:00.691989,599616343257878268,-250.00
2025-12-25 15:57:00.691989,599616343257878268,-216.00
2025-12-25 15:57:00.691989,599616343257878268,-128.00
2025-12-25 15:57:00.691989,599616343257878268,-85.00
2025-12-25 15:57:00.691989,599616343257878268,-94.00
2025-12-25 15:57:00.691989,599616343257878268,-80.00
2025-12-25 15:57:00.691989,599616343257878268,-71.00
2025-12-25 15:57:00.691989,599616343257878268,-78.00
2025-12-25 15:57:00.691989,599616343257878268,-75.00
2025-12-25 15:57:00.691989,599616343257878268,-68.00
2025-12-25 15:57:00.691989,599616343257878268,-64.00
2025-12-25 15:57:00.691989,599616343257878268,-55.00
2025-12-25 15:57:00.691989,599616343257878268,-59.00
2025-12-25 15:57:00.691989,599616343257878268,-62.00
2025-12-25 15:57:00.691989,599616343257878268,-45.00
2025-12-25 15:57:00.691989,599616343257878268,-32.00
2025-12-25 15:57:00.691989,599616343257878268,-32.00
2025-12-25 15:57:00.691989,599616343257878268,-32.00
2025-12-25 15:57:00.691989,599616343257878268,-20.00
2025-12-25 15:57:00.691989,599616343257878268,-16.00
2025-12-25 15:57:00.691989,599616343257878268,-20.00
2025-12-25 15:57:00.691989,599616343257878268,-18.00
2025-12-25 15:57:00.691989,599616343257878268,-9.00
2025-12-25 15:57:00.691989,599616343257878268,-6.00
2025-12-25 15:57:00.691989,599616343257878268,-16.00
2025-12-25 15:57:00.691989,599616343257878268,-29.00
2025-12-25 15:57:00.691989,599616343257878268,-41.00
2025-12-25 15:57:00.691989,599616343257878268,-57.00
2025-12-25 15:57:00.691989,599616343257878268,-75.00
2025-12-25 15:57:00.691989,599616343257878268,-96.00
2025-12-25 15:57:00.691989,599616343257878268,-117.00
2025-12-25 15:57:00.691989,599616343257878268,-133.00
2025-12-25 15:57:00.691989,599616343257878268,-135.00
2025-12-25 15:57:00.691989,599616343257878268,-137.00
2025-12-25 15:57:00.691989,599616343257878268,-147.00
2025-12-25 15:57:00.691989,599616343257878268,-149.00
2025-12-25 15:57:00.691989,599616343257878268,-144.00
2025-12-25 15:57:00.691989,599616343257878268,-144.00
2025-12-25 15:57:00.691989,599616343257878268,-140.00
2025-12-25 15:57:00.691989,599616343257878268,-133.00
2025-12-25 15:57:00.691989,599616343257878268,-131.00
2025-12-25 15:57:00.691989,599616343257878268,-128.00
2025-12-25 15:57:00.691989,599616343257878268,-131.00
2025-12-25 15:57:00.691989,599616343257878268,-135.00
2025-12-25 15:57:00.691989,599616343257878268,-126.00
2025-12-25 15:57:00.691989,599616343257878268,-121.00
2025-12-25 15:57:00.691989,599616343257878268,-128.00
2025-12-25 15:57:00.691989,599616343257878268,-131.00
2025-12-25 15:57:00.691989,599616343257878268,-128.00
2025-12-25 15:57:00.691989,599616343257878268,-131.00
2025-12-25 15:57:00.691989,599616343257878268,-131.00
2025-12-25 15:57:00.691989,599616343257878268,-131.00
2025-12-25 15:57:00.691989,599616343257878268,-133.00
2025-12-25 15:57:00.691989,599616343257878268,-131.00
2025-12-25 15:57:00.691989,599616343257878268,-124.00
2025-12-25 15:57:00.691989,599616343257878268,-117.00
2025-12-25 15:57:00.691989,599616343257878268,-105.00
2025-12-25 15:57:00.691989,599616343257878268,-105.00
2025-12-25 15:57:00.691989,599616343257878268,-117.00
2025-12-25 15:57:00.691989,599616343257878268,-121.00
2025-12-25 15:57:00.691989,599616343257878268,-119.00
2025-12-25 15:57:00.691989,599616343257878268,-121.00
2025-12-25 15:57:00.691989,599616343257878268,-117.00
2025-12-25 15:57:00.691989,599616343257878268,-112.00
2025-12-25 15:57:00.691989,599616343257878268,-119.00
2025-12-25 15:57:01.396803,599616343818722811,-121.00
2025-12-25 15:57:01.396803,599616343818722811,-112.00
2025-12-25 15:57:01.396803,599616343818722811,-105.00
2025-12-25 15:57:01.396803,599616343818722811,-103.00
2025-12-25 15:57:01.396803,599616343818722811,-108.00
2025-12-25 15:57:01.396803,599616343818722811,-114.00
2025-12-25 15:57:01.396803,599616343818722811,-94.00
2025-12-25 15:57:01.396803,599616343818722811,16.00
2025-12-25 15:57:01.396803,599616343818722811,197.00
2025-12-25 15:57:01.396803,599616343818722811,177.00
2025-12-25 15:57:01.396803,599616343818722811,-177.00
2025-12-25 15:57:01.396803,599616343818722811,-418.00
2025-12-25 15:57:01.396803,599616343818722811,-312.00
2025-12-25 15:57:01.396803,599616343818722811,-190.00
2025-12-25 15:57:01.396803,599616343818722811,-149.00
2025-12-25 15:57:01.396803,599616343818722811,-73.00
2025-12-25 15:57:01.396803,599616343818722811,-43.00
2025-12-25 15:57:01.396803,599616343818722811,-64.00
2025-12-25 15:57:01.396803,599616343818722811,-50.00
2025-12-25 15:57:01.396803,599616343818722811,-34.00
2025-12-25 15:57:01.396803,599616343818722811,-36.00
2025-12-25 15:57:01.396803,599616343818722811,-32.00
2025-12-25 15:57:01.396803,599616343818722811,-22.00
2025-12-25 15:57:01.396803,599616343818722811,-27.00
2025-12-25 15:57:01.396803,599616343818722811,-34.00
2025-12-25 15:57:01.396803,599616343818722811,-34.00
2025-12-25 15:57:01.396803,599616343818722811,-29.00
2025-12-25 15:57:01.396803,599616343818722811,-18.00
2025-12-25 15:57:01.396803,599616343818722811,-18.00
2025-12-25 15:57:01.396803,599616343818722811,-22.00
2025-12-25 15:57:01.396803,599616343818722811,-18.00
2025-12-25 15:57:01.396803,599616343818722811,-16.00
2025-12-25 15:57:01.396803,599616343818722811,-9.00
2025-12-25 15:57:01.396803,599616343818722811,4.00
2025-12-25 15:57:01.396803,599616343818722811,2.00
2025-12-25 15:57:01.396803,599616343818722811,-4.00
2025-12-25 15:57:01.396803,599616343818722811,-4.00
2025-12-25 15:57:01.396803,599616343818722811,-9.00
2025-12-25 15:57:01.396803,599616343818722811,-18.00
2025-12-25 15:57:01.396803,599616343818722811,-27.00
2025-12-25 15:57:01.396803,599616343818722811,-48.00
2025-12-25 15:57:01.396803,599616343818722811,-73.00
2025-12-25 15:57:01.396803,599616343818722811,-91.00
2025-12-25 15:57:01.396803,599616343818722811,-112.00
2025-12-25 15:57:01.396803,599616343818722811,-128.00
2025-12-25 15:57:01.396803,599616343818722811,-131.00
2025-12-25 15:57:01.396803,599616343818722811,-137.00
2025-12-25 15:57:01.396803,599616343818722811,-144.00
2025-12-25 15:57:01.396803,599616343818722811,-140.00
2025-12-25 15:57:01.396803,599616343818722811,-137.00
2025-12-25 15:57:01.396803,599616343818722811,-140.00
2025-12-25 15:57:01.396803,599616343818722811,-142.00
2025-12-25 15:57:01.396803,599616343818722811,-137.00
2025-12-25 15:57:01.396803,599616343818722811,-131.00
2025-12-25 15:57:01.396803,599616343818722811,-124.00
2025-12-25 15:57:01.396803,599616343818722811,-126.00
2025-12-25 15:57:01.396803,599616343818722811,-133.00
2025-12-25 15:57:01.396803,599616343818722811,-140.00
2025-12-25 15:57:01.396803,599616343818722811,-135.00
2025-12-25 15:57:01.396803,599616343818722811,-126.00
2025-12-25 15:57:01.396803,599616343818722811,-124.00
2025-12-25 15:57:01.396803,599616343818722811,-126.00
2025-12-25 15:57:01.396803,599616343818722811,-131.00
2025-12-25 15:57:01.396803,599616343818722811,-131.00
2025-12-25 15:57:01.396803,599616343818722811,-124.00
2025-12-25 15:57:01.396803,599616343818722811,-124.00
2025-12-25 15:57:01.396803,599616343818722811,-135.00
2025-12-25 15:57:01.396803,599616343818722811,-133.00
2025-12-25 15:57:01.396803,599616343818722811,-126.00
2025-12-25 15:57:01.396803,599616343818722811,-126.00
2025-12-25 15:57:01.396803,599616343818722811,-128.00
2025-12-25 15:57:01.396803,599616343818722811,-117.00
2025-12-25 15:57:01.396803,599616343818722811,-105.00
2025-12-25 15:57:01.748512,599616344379577528,-101.00
2025-12-25 15:57:01.748512,599616344379577528,-105.00
2025-12-25 15:57:01.748512,599616344379577528,-121.00
2025-12-25 15:57:01.748512,599616344379577528,-131.00
2025-12-25 15:57:01.748512,599616344379577528,-128.00
2025-12-25 15:57:01.748512,599616344379577528,-126.00
2025-12-25 15:57:01.748512,599616344379577528,-114.00
2025-12-25 15:57:01.748512,599616344379577528,-110.00
2025-12-25 15:57:01.748512,599616344379577528,-124.00
2025-12-25 15:57:01.748512,599616344379577528,-128.00
2025-12-25 15:57:01.748512,599616344379577528,-117.00
2025-12-25 15:57:01.748512,599616344379577528,-105.00
2025-12-25 15:57:01.748512,599616344379577528,-98.00
2025-12-25 15:57:01.748512,599616344379577528,-89.00
2025-12-25 15:57:01.748512,599616344379577528,-94.00
2025-12-25 15:57:01.748512,599616344379577528,-94.00
2025-12-25 15:57:01.748512,599616344379577528,-20.00
2025-12-25 15:57:01.748512,599616344379577528,154.00
2025-12-25 15:57:01.748512,599616344379577528,239.00
2025-12-25 15:57:01.748512,599616344379577528,-25.00
2025-12-25 15:57:01.748512,599616344379577528,-370.00
2025-12-25 15:57:01.748512,599616344379577528,-379.00
2025-12-25 15:57:01.748512,599616344379577528,-245.00
2025-12-25 15:57:01.748512,599616344379577528,-195.00
2025-12-25 15:57:01.748512,599616344379577528,-117.00
2025-12-25 15:57:01.748512,599616344379577528,-52.00
2025-12-25 15:57:01.748512,599616344379577528,-64.00
2025-12-25 15:57:01.748512,599616344379577528,-66.00
2025-12-25 15:57:01.748512,599616344379577528,-48.00
2025-12-25 15:57:01.748512,599616344379577528,-48.00
2025-12-25 15:57:01.748512,599616344379577528,-41.00
2025-12-25 15:57:01.748512,599616344379577528,-29.00
2025-12-25 15:57:01.748512,599616344379577528,-34.00
2025-12-25 15:57:01.748512,599616344379577528,-36.00
2025-12-25 15:57:01.748512,599616344379577528,-29.00
2025-12-25 15:57:01.748512,599616344379577528,-27.00
2025-12-25 15:57:01.748512,599616344379577528,-32.00
2025-12-25 15:57:01.748512,599616344379577528,-36.00
2025-12-25 15:57:01.748512,599616344379577528,-34.00
2025-12-25 15:57:01.748512,599616344379577528,-32.00
2025-12-25 15:57:01.748512,599616344379577528,-27.00
2025-12-25 15:57:01.748512,599616344379577528,-25.00
2025-12-25 15:57:01.748512,599616344379577528,-18.00
2025-12-25 15:57:01.748512,599616344379577528,-13.00
2025-12-25 15:57:01.748512,599616344379577528,-16.00
2025-12-25 15:57:01.748512,599616344379577528,-22.00
2025-12-25 15:57:01.748512,599616344379577528,-22.00
2025-12-25 15:57:01.748512,599616344379577528,-27.00
2025-12-25 15:57:01.748512,599616344379577528,-36.00
2025-12-25 15:57:01.748512,599616344379577528,-45.00
2025-12-25 15:57:01.748512,599616344379577528,-62.00
2025-12-25 15:57:01.748512,599616344379577528,-87.00
2025-12-25 15:57:01.748512,599616344379577528,-112.00
2025-12-25 15:57:01.748512,599616344379577528,-131.00
2025-12-25 15:57:01.748512,599616344379577528,-142.00
2025-12-25 15:57:01.748512,599616344379577528,-154.00
2025-12-25 15:57:01.748512,599616344379577528,-156.00
2025-12-25 15:57:01.748512,599616344379577528,-156.00
2025-12-25 15:57:01.748512,599616344379577528,-158.00
2025-12-25 15:57:01.748512,599616344379577528,-156.00
2025-12-25 15:57:01.748512,599616344379577528,-158.00
2025-12-25 15:57:01.748512,599616344379577528,-170.00
2025-12-25 15:57:01.748512,599616344379577528,-163.00
2025-12-25 15:57:01.748512,599616344379577528,-151.00
2025-12-25 15:57:01.748512,599616344379577528,-156.00
2025-12-25 15:57:01.748512,599616344379577528,-160.00
2025-12-25 15:57:01.748512,599616344379577528,-158.00
2025-12-25 15:57:01.748512,599616344379577528,-158.00
2025-12-25 15:57:01.748512,599616344379577528,-156.00
2025-12-25 15:57:01.748512,599616344379577528,-149.00
2025-12-25 15:57:01.748512,599616344379577528,-151.00
2025-12-25 15:57:01.748512,599616344379577528,-156.00
2025-12-25 15:57:01.748512,599616344379577528,-149.00
2025-12-25 15:57:02.400237,599616344940401731,-140.00
2025-12-25 15:57:02.400237,599616344940401731,-147.00
2025-12-25 15:57:02.400237,599616344940401731,-151.00
2025-12-25 15:57:02.400237,599616344940401731,-137.00
2025-12-25 15:57:02.400237,599616344940401731,-126.00
2025-12-25 15:57:02.400237,599616344940401731,-131.00
2025-12-25 15:57:02.400237,599616344940401731,-140.00
2025-12-25 15:57:02.400237,599616344940401731,-144.00
2025-12-25 15:57:02.400237,599616344940401731,-149.00
2025-12-25 15:57:02.400237,599616344940401731,-140.00
2025-12-25 15:57:02.400237,599616344940401731,-128.00
2025-12-25 15:57:02.400237,599616344940401731,-126.00
2025-12-25 15:57:02.400237,599616344940401731,-119.00
2025-12-25 15:57:02.400237,599616344940401731,-108.00
2025-12-25 15:57:02.400237,599616344940401731,-114.00
2025-12-25 15:57:02.400237,599616344940401731,-128.00
2025-12-25 15:57:02.400237,599616344940401731,-131.00
2025-12-25 15:57:02.400237,599616344940401731,-133.00
2025-12-25 15:57:02.400237,599616344940401731,-133.00
2025-12-25 15:57:02.400237,599616344940401731,-135.00
2025-12-25 15:57:02.400237,599616344940401731,-140.00
2025-12-25 15:57:02.400237,599616344940401731,-135.00
2025-12-25 15:57:02.400237,599616344940401731,-128.00
2025-12-25 15:57:02.400237,599616344940401731,-133.00
2025-12-25 15:57:02.400237,599616344940401731,-135.00
2025-12-25 15:57:02.400237,599616344940401731,-133.00
2025-12-25 15:57:02.400237,599616344940401731,-135.00
2025-12-25 15:57:02.400237,599616344940401731,-137.00
2025-12-25 15:57:02.400237,599616344940401731,-117.00
2025-12-25 15:57:02.400237,599616344940401731,-20.00
2025-12-25 15:57:02.400237,599616344940401731,142.00
2025-12-25 15:57:02.400237,599616344940401731,131.00
2025-12-25 15:57:02.400237,599616344940401731,-195.00
2025-12-25 15:57:02.400237,599616344940401731,-450.00
2025-12-25 15:57:02.400237,599616344940401731,-381.00
2025-12-25 15:57:02.400237,599616344940401731,-271.00
2025-12-25 15:57:02.400237,599616344940401731,-227.00
2025-12-25 15:57:02.400237,599616344940401731,-154.00
2025-12-25 15:57:02.400237,599616344940401731,-119.00
2025-12-25 15:57:02.400237,599616344940401731,-135.00
2025-12-25 15:57:02.400237,599616344940401731,-121.00
2025-12-25 15:57:02.400237,599616344940401731,-103.00
2025-12-25 15:57:02.400237,599616344940401731,-108.00
2025-12-25 15:57:02.400237,599616344940401731,-108.00
2025-12-25 15:57:02.400237,599616344940401731,-98.00
2025-12-25 15:57:02.400237,599616344940401731,-98.00
2025-12-25 15:57:02.400237,599616344940401731,-98.00
2025-12-25 15:57:02.400237,599616344940401731,-96.00
2025-12-25 15:57:02.400237,599616344940401731,-98.00
2025-12-25 15:57:02.400237,599616344940401731,-105.00
2025-12-25 15:57:02.400237,599616344940401731,-98.00
2025-12-25 15:57:02.400237,599616344940401731,-82.00
2025-12-25 15:57:02.400237,599616344940401731,-80.00
2025-12-25 15:57:02.400237,599616344940401731,-80.00
2025-12-25 15:57:02.400237,599616344940401731,-75.00
2025-12-25 15:57:02.400237,599616344940401731,-75.00
2025-12-25 15:57:02.400237,599616344940401731,-75.00
2025-12-25 15:57:02.400237,599616344940401731,-62.00
2025-12-25 15:57:02.400237,599616344940401731,-55.00
2025-12-25 15:57:02.400237,599616344940401731,-64.00
2025-12-25 15:57:02.400237,599616344940401731,-68.00
2025-12-25 15:57:02.400237,599616344940401731,-78.00
2025-12-25 15:57:02.400237,599616344940401731,-96.00
2025-12-25 15:57:02.400237,599616344940401731,-110.00
2025-12-25 15:57:02.400237,599616344940401731,-121.00
2025-12-25 15:57:02.400237,599616344940401731,-133.00
2025-12-25 15:57:02.400237,599616344940401731,-151.00
2025-12-25 15:57:02.400237,599616344940401731,-163.00
2025-12-25 15:57:02.400237,599616344940401731,-163.00
2025-12-25 15:57:02.400237,599616344940401731,-165.00
2025-12-25 15:57:02.400237,599616344940401731,-167.00
2025-12-25 15:57:02.400237,599616344940401731,-170.00
2025-12-25 15:57:02.400237,599616344940401731,-177.00
2025-12-25 15:57:02.951789,599616345501246276,-174.00
2025-12-25 15:57:02.951789,599616345501246276,-160.00
2025-12-25 15:57:02.951789,599616345501246276,-154.00
2025-12-25 15:57:02.951789,599616345501246276,-158.00
2025-12-25 15:57:02.951789,599616345501246276,-158.00
2025-12-25 15:57:02.951789,599616345501246276,-151.00
2025-12-25 15:57:02.951789,599616345501246276,-154.00
2025-12-25 15:57:02.951789,599616345501246276,-156.00
2025-12-25 15:57:02.951789,599616345501246276,-149.00
2025-12-25 15:57:02.951789,599616345501246276,-142.00
2025-12-25 15:57:02.951789,599616345501246276,-144.00
2025-12-25 15:57:02.951789,599616345501246276,-151.00
2025-12-25 15:57:02.951789,599616345501246276,-144.00
2025-12-25 15:57:02.951789,599616345501246276,-131.00
2025-12-25 15:57:02.951789,599616345501246276,-124.00
2025-12-25 15:57:02.951789,599616345501246276,-121.00
2025-12-25 15:57:02.951789,599616345501246276,-124.00
2025-12-25 15:57:02.951789,599616345501246276,-124.00
2025-12-25 15:57:02.951789,599616345501246276,-121.00
2025-12-25 15:57:02.951789,599616345501246276,-117.00
2025-12-25 15:57:02.951789,599616345501246276,-117.00
2025-12-25 15:57:02.951789,599616345501246276,-119.00
2025-12-25 15:57:02.951789,599616345501246276,-126.00
2025-12-25 15:57:02.951789,599616345501246276,-128.00
2025-12-25 15:57:02.951789,599616345501246276,-124.00
2025-12-25 15:57:02.951789,599616345501246276,-119.00
2025-12-25 15:57:02.951789,599616345501246276,-110.00
2025-12-25 15:57:02.951789,599616345501246276,-103.00
2025-12-25 15:57:02.951789,599616345501246276,-108.00
2025-12-25 15:57:02.951789,599616345501246276,-117.00
2025-12-25 15:57:02.951789,599616345501246276,-117.00
2025-12-25 15:57:02.951789,599616345501246276,-119.00
2025-12-25 15:57:02.951789,599616345501246276,-124.00
2025-12-25 15:57:02.951789,599616345501246276,-121.00
2025-12-25 15:57:02.951789,599616345501246276,-121.00
2025-12-25 15:57:02.951789,599616345501246276,-124.00
2025-12-25 15:57:02.951789,599616345501246276,-114.00
2025-12-25 15:57:02.951789,599616345501246276,-112.00
2025-12-25 15:57:02.951789,599616345501246276,-117.00
2025-12-25 15:57:02.951789,599616345501246276,-117.00
2025-12-25 15:57:02.951789,599616345501246276,-117.00
2025-12-25 15:57:02.951789,599616345501246276,-121.00
2025-12-25 15:57:02.951789,599616345501246276,-117.00
2025-12-25 15:57:02.951789,599616345501246276,-52.00
2025-12-25 15:57:02.951789,599616345501246276,110.00
2025-12-25 15:57:02.951789,599616345501246276,200.00
2025-12-25 15:57:02.951789,599616345501246276,-43.00
2025-12-25 15:57:02.951789,599616345501246276,-393.00
2025-12-25 15:57:02.951789,599616345501246276,-416.00
2025-12-25 15:57:02.951789,599616345501246276,-275.00
2025-12-25 15:57:02.951789,599616345501246276,-225.00
2025-12-25 15:57:02.951789,599616345501246276,-167.00
2025-12-25 15:57:02.951789,599616345501246276,-105.00
2025-12-25 15:57:02.951789,599616345501246276,-108.00
2025-12-25 15:57:02.951789,599616345501246276,-117.00
2025-12-25 15:57:02.951789,599616345501246276,-98.00
2025-12-25 15:57:02.951789,599616345501246276,-87.00
2025-12-25 15:57:02.951789,599616345501246276,-82.00
2025-12-25 15:57:02.951789,599616345501246276,-78.00
2025-12-25 15:57:02.951789,599616345501246276,-75.00
2025-12-25 15:57:02.951789,599616345501246276,-78.00
2025-12-25 15:57:02.951789,599616345501246276,-78.00
2025-12-25 15:57:02.951789,599616345501246276,-75.00
2025-12-25 15:57:02.951789,599616345501246276,-71.00
2025-12-25 15:57:02.951789,599616345501246276,-62.00
2025-12-25 15:57:02.951789,599616345501246276,-52.00
2025-12-25 15:57:02.951789,599616345501246276,-48.00
2025-12-25 15:57:02.951789,599616345501246276,-43.00
2025-12-25 15:57:02.951789,599616345501246276,-32.00
2025-12-25 15:57:02.951789,599616345501246276,-32.00
2025-12-25 15:57:02.951789,599616345501246276,-32.00
2025-12-25 15:57:02.951789,599616345501246276,-25.00
2025-12-25 15:57:02.951789,599616345501246276,-20.00
2025-12-25 15:57:03.553782,599616346062080647,-25.00
2025-12-25 15:57:03.553782,599616346062080647,-25.00
2025-12-25 15:57:03.553782,599616346062080647,-32.00
2025-12-25 15:57:03.553782,599616346062080647,-48.00
2025-12-25 15:57:03.553782,599616346062080647,-64.00
2025-12-25 15:57:03.553782,599616346062080647,-82.00
2025-12-25 15:57:03.553782,599616346062080647,-105.00
2025-12-25 15:57:03.553782,599616346062080647,-124.00
2025-12-25 15:57:03.553782,599616346062080647,-137.00
2025-12-25 15:57:03.553782,599616346062080647,-142.00
2025-12-25 15:57:03.553782,599616346062080647,-140.00
2025-12-25 15:57:03.553782,599616346062080647,-137.00
2025-12-25 15:57:03.553782,599616346062080647,-140.00
2025-12-25 15:57:03.553782,599616346062080647,-137.00
2025-12-25 15:57:03.553782,599616346062080647,-135.00
2025-12-25 15:57:03.553782,599616346062080647,-128.00
2025-12-25 15:57:03.553782,599616346062080647,-126.00
2025-12-25 15:57:03.553782,599616346062080647,-131.00
2025-12-25 15:57:03.553782,599616346062080647,-124.00
2025-12-25 15:57:03.553782,599616346062080647,-114.00
2025-12-25 15:57:03.553782,599616346062080647,-119.00
2025-12-25 15:57:03.553782,599616346062080647,-121.00
2025-12-25 15:57:03.553782,599616346062080647,-114.00
2025-12-25 15:57:03.553782,599616346062080647,-110.00
2025-12-25 15:57:03.553782,599616346062080647,-112.00
2025-12-25 15:57:03.553782,599616346062080647,-117.00
2025-12-25 15:57:03.553782,599616346062080647,-117.00
2025-12-25 15:57:03.553782,599616346062080647,-121.00
2025-12-25 15:57:03.553782,599616346062080647,-124.00
2025-12-25 15:57:03.553782,599616346062080647,-121.00
2025-12-25 15:57:03.553782,599616346062080647,-124.00
2025-12-25 15:57:03.553782,599616346062080647,-124.00
2025-12-25 15:57:03.553782,599616346062080647,-121.00
2025-12-25 15:57:03.553782,599616346062080647,-124.00
2025-12-25 15:57:03.553782,599616346062080647,-128.00
2025-12-25 15:57:03.553782,599616346062080647,-135.00
2025-12-25 15:57:03.553782,599616346062080647,-142.00
2025-12-25 15:57:03.553782,599616346062080647,-135.00
2025-12-25 15:57:03.553782,599616346062080647,-119.00
2025-12-25 15:57:03.553782,599616346062080647,-105.00
2025-12-25 15:57:03.553782,599616346062080647,-112.00
2025-12-25 15:57:03.553782,599616346062080647,-128.00
2025-12-25 15:57:03.553782,599616346062080647,-135.00
2025-12-25 15:57:03.553782,599616346062080647,-140.00
2025-12-25 15:57:03.553782,599616346062080647,-144.00
2025-12-25 15:57:03.553782,599616346062080647,-140.00
2025-12-25 15:57:03.553782,599616346062080647,-133.00
2025-12-25 15:57:03.553782,599616346062080647,-140.00
2025-12-25 15:57:03.553782,599616346062080647,-142.00
2025-12-25 15:57:03.553782,599616346062080647,-140.00
2025-12-25 15:57:03.553782,599616346062080647,-135.00
2025-12-25 15:57:03.553782,599616346062080647,-126.00
2025-12-25 15:57:03.553782,599616346062080647,-124.00
2025-12-25 15:57:03.553782,599616346062080647,-135.00
2025-12-25 15:57:03.553782,599616346062080647,-124.00
2025-12-25 15:57:03.553782,599616346062080647,-27.00
2025-12-25 15:57:03.553782,599616346062080647,158.00
2025-12-25 15:57:03.553782,599616346062080647,165.00
2025-12-25 15:57:03.553782,599616346062080647,-172.00
2025-12-25 15:57:03.553782,599616346062080647,-446.00
2025-12-25 15:57:03.553782,599616346062080647,-374.00
2025-12-25 15:57:03.553782,599616346062080647,-271.00
2025-12-25 15:57:03.553782,599616346062080647,-243.00
2025-12-25 15:57:03.553782,599616346062080647,-163.00
2025-12-25 15:57:03.553782,599616346062080647,-108.00
2025-12-25 15:57:03.553782,599616346062080647,-124.00
2025-12-25 15:57:03.553782,599616346062080647,-128.00
2025-12-25 15:57:03.553782,599616346062080647,-110.00
2025-12-25 15:57:03.553782,599616346062080647,-108.00
2025-12-25 15:57:03.553782,599616346062080647,-110.00
2025-12-25 15:57:03.553782,599616346062080647,-103.00
2025-12-25 15:57:03.553782,599616346062080647,-98.00
2025-12-25 15:57:03.553782,599616346062080647,-96.00
2025-12-25 15:57:04.105405,599616346622915020,-94.00
2025-12-25 15:57:04.105405,599616346622915020,-91.00
2025-12-25 15:57:04.105405,599616346622915020,-89.00
2025-12-25 15:57:04.105405,599616346622915020,-85.00
2025-12-25 15:57:04.105405,599616346622915020,-82.00
2025-12-25 15:57:04.105405,599616346622915020,-82.00
2025-12-25 15:57:04.105405,599616346622915020,-71.00
2025-12-25 15:57:04.105405,599616346622915020,-48.00
2025-12-25 15:57:04.105405,599616346622915020,-32.00
2025-12-25 15:57:04.105405,599616346622915020,-39.00
2025-12-25 15:57:04.105405,599616346622915020,-45.00
2025-12-25 15:57:04.105405,599616346622915020,-43.00
2025-12-25 15:57:04.105405,599616346622915020,-36.00
2025-12-25 15:57:04.105405,599616346622915020,-43.00
2025-12-25 15:57:04.105405,599616346622915020,-57.00
2025-12-25 15:57:04.105405,599616346622915020,-71.00
2025-12-25 15:57:04.105405,599616346622915020,-89.00
2025-12-25 15:57:04.105405,599616346622915020,-110.00
2025-12-25 15:57:04.105405,599616346622915020,-126.00
2025-12-25 15:57:04.105405,599616346622915020,-142.00
2025-12-25 15:57:04.105405,599616346622915020,-158.00
2025-12-25 15:57:04.105405,599616346622915020,-167.00
2025-12-25 15:57:04.105405,599616346622915020,-174.00
2025-12-25 15:57:04.105405,599616346622915020,-181.00
2025-12-25 15:57:04.105405,599616346622915020,-179.00
2025-12-25 15:57:04.105405,599616346622915020,-172.00
2025-12-25 15:57:04.105405,599616346622915020,-165.00
2025-12-25 15:57:04.105405,599616346622915020,-163.00
2025-12-25 15:57:04.105405,599616346622915020,-165.00
2025-12-25 15:57:04.105405,599616346622915020,-167.00
2025-12-25 15:57:04.105405,599616346622915020,-160.00
2025-12-25 15:57:04.105405,599616346622915020,-151.00
2025-12-25 15:57:04.105405,599616346622915020,-156.00
2025-12-25 15:57:04.105405,599616346622915020,-167.00
2025-12-25 15:57:04.105405,599616346622915020,-170.00
2025-12-25 15:57:04.105405,599616346622915020,-165.00
2025-12-25 15:57:04.105405,599616346622915020,-163.00
2025-12-25 15:57:04.105405,599616346622915020,-163.00
2025-12-25 15:57:04.105405,599616346622915020,-163.00
2025-12-25 15:57:04.105405,599616346622915020,-163.00
2025-12-25 15:57:04.105405,599616346622915020,-170.00
2025-12-25 15:57:04.105405,599616346622915020,-172.00
2025-12-25 15:57:04.105405,599616346622915020,-170.00
2025-12-25 15:57:04.105405,599616346622915020,-167.00
2025-12-25 15:57:04.105405,599616346622915020,-170.00
2025-12-25 15:57:04.105405,599616346622915020,-167.00
2025-12-25 15:57:04.105405,599616346622915020,-158.00
2025-12-25 15:57:04.105405,599616346622915020,-149.00
2025-12-25 15:57:04.105405,599616346622915020,-144.00
2025-12-25 15:57:04.105405,599616346622915020,-144.00
2025-12-25 15:57:04.105405,599616346622915020,-156.00
2025-12-25 15:57:04.105405,599616346622915020,-167.00
2025-12-25 15:57:04.105405,599616346622915020,-172.00
2025-12-25 15:57:04.105405,599616346622915020,-170.00
2025-12-25 15:57:04.105405,599616346622915020,-160.00
2025-12-25 15:57:04.105405,599616346622915020,-165.00
2025-12-25 15:57:04.105405,599616346622915020,-174.00
2025-12-25 15:57:04.105405,599616346622915020,-172.00
2025-12-25 15:57:04.105405,599616346622915020,-167.00
2025-12-25 15:57:04.105405,599616346622915020,-167.00
2025-12-25 15:57:04.105405,599616346622915020,-167.00
2025-12-25 15:57:04.105405,599616346622915020,-170.00
2025-12-25 15:57:04.105405,599616346622915020,-158.00
2025-12-25 15:57:04.105405,599616346622915020,-64.00
2025-12-25 15:57:04.105405,599616346622915020,110.00
2025-12-25 15:57:04.105405,599616346622915020,110.00
2025-12-25 15:57:04.105405,599616346622915020,-225.00
2025-12-25 15:57:04.105405,599616346622915020,-491.00
2025-12-25 15:57:04.105405,599616346622915020,-420.00
2025-12-25 15:57:04.105405,599616346622915020,-314.00
2025-12-25 15:57:04.105405,599616346622915020,-285.00
2025-12-25 15:57:04.105405,599616346622915020,-202.00
2025-12-25 15:57:04.105405,599616346622915020,-142.00
2025-12-25 15:57:04.657348,599616347183759563,-151.00
2025-12-25 15:57:04.657348,599616347183759563,-154.00
2025-12-25 15:57:04.657348,599616347183759563,-140.00
2025-12-25 15:57:04.657348,599616347183759563,-137.00
2025-12-25 15:57:04.657348,599616347183759563,-135.00
2025-12-25 15:57:04.657348,599616347183759563,-131.00
2025-12-25 15:57:04.657348,599616347183759563,-128.00
2025-12-25 15:57:04.657348,599616347183759563,-128.00
2025-12-25 15:57:04.657348,599616347183759563,-126.00
2025-12-25 15:57:04.657348,599616347183759563,-119.00
2025-12-25 15:57:04.657348,599616347183759563,-108.00
2025-12-25 15:57:04.657348,599616347183759563,-96.00
2025-12-25 15:57:04.657348,599616347183759563,-96.00
2025-12-25 15:57:04.657348,599616347183759563,-96.00
2025-12-25 15:57:04.657348,599616347183759563,-89.00
2025-12-25 15:57:04.657348,599616347183759563,-80.00
2025-12-25 15:57:04.657348,599616347183759563,-62.00
2025-12-25 15:57:04.657348,599616347183759563,-48.00
2025-12-25 15:57:04.657348,599616347183759563,-48.00
2025-12-25 15:57:04.657348,599616347183759563,-52.00
2025-12-25 15:57:04.657348,599616347183759563,-50.00
2025-12-25 15:57:04.657348,599616347183759563,-57.00
2025-12-25 15:57:04.657348,599616347183759563,-66.00
2025-12-25 15:57:04.657348,599616347183759563,-78.00
2025-12-25 15:57:04.657348,599616347183759563,-101.00
2025-12-25 15:57:04.657348,599616347183759563,-131.00
2025-12-25 15:57:04.657348,599616347183759563,-151.00
2025-12-25 15:57:04.657348,599616347183759563,-163.00
2025-12-25 15:57:04.657348,599616347183759563,-172.00
2025-12-25 15:57:04.657348,599616347183759563,-177.00
2025-12-25 15:57:04.657348,599616347183759563,-183.00
2025-12-25 15:57:04.657348,599616347183759563,-193.00
2025-12-25 15:57:04.657348,599616347183759563,-195.00
2025-12-25 15:57:04.657348,599616347183759563,-190.00
2025-12-25 15:57:04.657348,599616347183759563,-183.00
2025-12-25 15:57:04.657348,599616347183759563,-177.00
2025-12-25 15:57:04.657348,599616347183759563,-167.00
2025-12-25 15:57:04.657348,599616347183759563,-163.00
2025-12-25 15:57:04.657348,599616347183759563,-160.00
2025-12-25 15:57:04.657348,599616347183759563,-165.00
2025-12-25 15:57:04.657348,599616347183759563,-165.00
2025-12-25 15:57:04.657348,599616347183759563,-160.00
2025-12-25 15:57:04.657348,599616347183759563,-160.00
2025-12-25 15:57:04.657348,599616347183759563,-165.00
2025-12-25 15:57:04.657348,599616347183759563,-174.00
2025-12-25 15:57:04.657348,599616347183759563,-177.00
2025-12-25 15:57:04.657348,599616347183759563,-167.00
2025-12-25 15:57:04.657348,599616347183759563,-165.00
2025-12-25 15:57:04.657348,599616347183759563,-177.00
2025-12-25 15:57:04.657348,599616347183759563,-186.00
2025-12-25 15:57:04.657348,599616347183759563,-186.00
2025-12-25 15:57:04.657348,599616347183759563,-181.00
2025-12-25 15:57:04.657348,599616347183759563,-186.00
2025-12-25 15:57:04.657348,599616347183759563,-183.00
2025-12-25 15:57:04.657348,599616347183759563,-172.00
2025-12-25 15:57:04.657348,599616347183759563,-165.00
2025-12-25 15:57:04.657348,599616347183759563,-172.00
2025-12-25 15:57:04.657348,599616347183759563,-181.00
2025-12-25 15:57:04.657348,599616347183759563,-183.00
2025-12-25 15:57:04.657348,599616347183759563,-181.00
2025-12-25 15:57:04.657348,599616347183759563,-183.00
2025-12-25 15:57:04.657348,599616347183759563,-188.00
2025-12-25 15:57:04.657348,599616347183759563,-190.00
2025-12-25 15:57:04.657348,599616347183759563,-186.00
2025-12-25 15:57:04.657348,599616347183759563,-183.00
2025-12-25 15:57:04.657348,599616347183759563,-186.00
2025-12-25 15:57:04.657348,599616347183759563,-186.00
2025-12-25 15:57:04.657348,599616347183759563,-186.00
2025-12-25 15:57:04.657348,599616347183759563,-186.00
2025-12-25 15:57:04.657348,599616347183759563,-181.00
2025-12-25 15:57:04.657348,599616347183759563,-147.00
2025-12-25 15:57:04.657348,599616347183759563,-18.00
2025-12-25 15:57:04.657348,599616347183759563,144.00
2025-12-25 15:57:05.208677,599616347744614280,34.00
2025-12-25 15:57:05.208677,599616347744614280,-344.00
2025-12-25 15:57:05.208677,599616347744614280,-503.00
2025-12-25 15:57:05.208677,599616347744614280,-372.00
2025-12-25 15:57:05.208677,599616347744614280,-298.00
2025-12-25 15:57:05.208677,599616347744614280,-262.00
2025-12-25 15:57:05.208677,599616347744614280,-177.00
2025-12-25 15:57:05.208677,599616347744614280,-149.00
2025-12-25 15:57:05.208677,599616347744614280,-160.00
2025-12-25 15:57:05.208677,599616347744614280,-140.00
2025-12-25 15:57:05.208677,599616347744614280,-124.00
2025-12-25 15:57:05.208677,599616347744614280,-133.00
2025-12-25 15:57:05.208677,599616347744614280,-133.00
2025-12-25 15:57:05.208677,599616347744614280,-117.00
2025-12-25 15:57:05.208677,599616347744614280,-105.00
2025-12-25 15:57:05.208677,599616347744614280,-103.00
2025-12-25 15:57:05.208677,599616347744614280,-103.00
2025-12-25 15:57:05.208677,599616347744614280,-98.00
2025-12-25 15:57:05.208677,599616347744614280,-91.00
2025-12-25 15:57:05.208677,599616347744614280,-87.00
2025-12-25 15:57:05.208677,599616347744614280,-87.00
2025-12-25 15:57:05.208677,599616347744614280,-82.00
2025-12-25 15:57:05.208677,599616347744614280,-75.00
2025-12-25 15:57:05.208677,599616347744614280,-75.00
2025-12-25 15:57:05.208677,599616347744614280,-73.00
2025-12-25 15:57:05.208677,599616347744614280,-59.00
2025-12-25 15:57:05.208677,599616347744614280,-55.00
2025-12-25 15:57:05.208677,599616347744614280,-57.00
2025-12-25 15:57:05.208677,599616347744614280,-45.00
2025-12-25 15:57:05.208677,599616347744614280,-45.00
2025-12-25 15:57:05.208677,599616347744614280,-64.00
2025-12-25 15:57:05.208677,599616347744614280,-80.00
2025-12-25 15:57:05.208677,599616347744614280,-98.00
2025-12-25 15:57:05.208677,599616347744614280,-117.00
2025-12-25 15:57:05.208677,599616347744614280,-133.00
2025-12-25 15:57:05.208677,599616347744614280,-151.00
2025-12-25 15:57:05.208677,599616347744614280,-163.00
2025-12-25 15:57:05.208677,599616347744614280,-170.00
2025-12-25 15:57:05.208677,599616347744614280,-179.00
2025-12-25 15:57:05.208677,599616347744614280,-177.00
2025-12-25 15:57:05.208677,599616347744614280,-165.00
2025-12-25 15:57:05.208677,599616347744614280,-167.00
2025-12-25 15:57:05.208677,599616347744614280,-172.00
2025-12-25 15:57:05.208677,599616347744614280,-167.00
2025-12-25 15:57:05.208677,599616347744614280,-163.00
2025-12-25 15:57:05.208677,599616347744614280,-163.00
2025-12-25 15:57:05.208677,599616347744614280,-160.00
2025-12-25 15:57:05.208677,599616347744614280,-156.00
2025-12-25 15:57:05.208677,599616347744614280,-160.00
2025-12-25 15:57:05.208677,599616347744614280,-160.00
2025-12-25 15:57:05.208677,599616347744614280,-163.00
2025-12-25 15:57:05.208677,599616347744614280,-165.00
2025-12-25 15:57:05.208677,599616347744614280,-165.00
2025-12-25 15:57:05.208677,599616347744614280,-158.00
2025-12-25 15:57:05.208677,599616347744614280,-156.00
2025-12-25 15:57:05.208677,599616347744614280,-158.00
2025-12-25 15:57:05.208677,599616347744614280,-160.00
2025-12-25 15:57:05.208677,599616347744614280,-163.00
2025-12-25 15:57:05.208677,599616347744614280,-167.00
2025-12-25 15:57:05.208677,599616347744614280,-167.00
2025-12-25 15:57:05.208677,599616347744614280,-165.00
2025-12-25 15:57:05.208677,599616347744614280,-163.00
2025-12-25 15:57:05.208677,599616347744614280,-151.00
2025-12-25 15:57:05.208677,599616347744614280,-144.00
2025-12-25 15:57:05.208677,599616347744614280,-147.00
2025-12-25 15:57:05.208677,599616347744614280,-156.00
2025-12-25 15:57:05.208677,599616347744614280,-158.00
2025-12-25 15:57:05.208677,599616347744614280,-158.00
2025-12-25 15:57:05.208677,599616347744614280,-160.00
2025-12-25 15:57:05.208677,599616347744614280,-156.00
2025-12-25 15:57:05.208677,599616347744614280,-158.00
2025-12-25 15:57:05.208677,599616347744614280,-163.00
2025-12-25 15:57:05.208677,599616347744614280,-165.00
2025-12-25 15:57:05.710417,599616348305463915,-163.00
2025-12-25 15:57:05.710417,599616348305463915,-156.00
2025-12-25 15:57:05.710417,599616348305463915,-156.00
2025-12-25 15:57:05.710417,599616348305463915,-163.00
2025-12-25 15:57:05.710417,599616348305463915,-160.00
2025-12-25 15:57:05.710417,599616348305463915,-124.00
2025-12-25 15:57:05.710417,599616348305463915,-9.00
2025-12-25 15:57:05.710417,599616348305463915,156.00
2025-12-25 15:57:05.710417,599616348305463915,117.00
2025-12-25 15:57:05.710417,599616348305463915,-227.00
2025-12-25 15:57:05.710417,599616348305463915,-459.00
2025-12-25 15:57:05.710417,599616348305463915,-358.00
2025-12-25 15:57:05.710417,599616348305463915,-239.00
2025-12-25 15:57:05.710417,599616348305463915,-204.00
2025-12-25 15:57:05.710417,599616348305463915,-140.00
2025-12-25 15:57:05.710417,599616348305463915,-103.00
2025-12-25 15:57:05.710417,599616348305463915,-114.00
2025-12-25 15:57:05.710417,599616348305463915,-112.00
2025-12-25 15:57:05.710417,599616348305463915,-103.00
2025-12-25 15:57:05.710417,599616348305463915,-101.00
2025-12-25 15:57:05.710417,599616348305463915,-96.00
2025-12-25 15:57:05.710417,599616348305463915,-87.00
2025-12-25 15:57:05.710417,599616348305463915,-85.00
2025-12-25 15:57:05.710417,599616348305463915,-85.00
2025-12-25 15:57:05.710417,599616348305463915,-85.00
2025-12-25 15:57:05.710417,599616348305463915,-85.00
2025-12-25 15:57:05.710417,599616348305463915,-80.00
2025-12-25 15:57:05.710417,599616348305463915,-71.00
2025-12-25 15:57:05.710417,599616348305463915,-66.00
2025-12-25 15:57:05.710417,599616348305463915,-62.00
2025-12-25 15:57:05.710417,599616348305463915,-62.00
2025-12-25 15:57:05.710417,599616348305463915,-57.00
2025-12-25 15:57:05.710417,599616348305463915,-50.00
2025-12-25 15:57:05.710417,599616348305463915,-45.00
2025-12-25 15:57:05.710417,599616348305463915,-41.00
2025-12-25 15:57:05.710417,599616348305463915,-34.00
2025-12-25 15:57:05.710417,599616348305463915,-39.00
2025-12-25 15:57:05.710417,599616348305463915,-50.00
2025-12-25 15:57:05.710417,599616348305463915,-59.00
2025-12-25 15:57:05.710417,599616348305463915,-68.00
2025-12-25 15:57:05.710417,599616348305463915,-89.00
2025-12-25 15:57:05.710417,599616348305463915,-117.00
2025-12-25 15:57:05.710417,599616348305463915,-135.00
2025-12-25 15:57:05.710417,599616348305463915,-142.00
2025-12-25 15:57:05.710417,599616348305463915,-149.00
2025-12-25 15:57:05.710417,599616348305463915,-158.00
2025-12-25 15:57:05.710417,599616348305463915,-158.00
2025-12-25 15:57:05.710417,599616348305463915,-156.00
2025-12-25 15:57:05.710417,599616348305463915,-163.00
2025-12-25 15:57:05.710417,599616348305463915,-160.00
2025-12-25 15:57:05.710417,599616348305463915,-156.00
2025-12-25 15:57:05.710417,599616348305463915,-156.00
2025-12-25 15:57:05.710417,599616348305463915,-149.00
2025-12-25 15:57:05.710417,599616348305463915,-147.00
2025-12-25 15:57:05.710417,599616348305463915,-149.00
2025-12-25 15:57:05.710417,599616348305463915,-151.00
2025-12-25 15:57:05.710417,599616348305463915,-151.00
2025-12-25 15:57:05.710417,599616348305463915,-151.00
2025-12-25 15:57:05.710417,599616348305463915,-149.00
2025-12-25 15:57:05.710417,599616348305463915,-144.00
2025-12-25 15:57:05.710417,599616348305463915,-149.00
2025-12-25 15:57:05.710417,599616348305463915,-154.00
2025-12-25 15:57:05.710417,599616348305463915,-151.00
2025-12-25 15:57:05.710417,599616348305463915,-151.00
2025-12-25 15:57:05.710417,599616348305463915,-154.00
2025-12-25 15:57:05.710417,599616348305463915,-149.00
2025-12-25 15:57:05.710417,599616348305463915,-158.00
2025-12-25 15:57:05.710417,599616348305463915,-174.00
2025-12-25 15:57:05.710417,599616348305463915,-172.00
2025-12-25 15:57:05.710417,599616348305463915,-160.00
2025-12-25 15:57:05.710417,599616348305463915,-154.00
2025-12-25 15:57:05.710417,599616348305463915,-142.00
2025-12-25 15:57:05.710417,599616348305463915,-137.00
2025-12-25 15:57:06.362172,599616348866293200,-151.00
2025-12-25 15:57:06.362172,599616348866293200,-170.00
2025-12-25 15:57:06.362172,599616348866293200,-167.00
2025-12-25 15:57:06.362172,599616348866293200,-158.00
2025-12-25 15:57:06.362172,599616348866293200,-165.00
2025-12-25 15:57:06.362172,599616348866293200,-172.00
2025-12-25 15:57:06.362172,599616348866293200,-167.00
2025-12-25 15:57:06.362172,599616348866293200,-160.00
2025-12-25 15:57:06.362172,599616348866293200,-151.00
2025-12-25 15:57:06.362172,599616348866293200,-147.00
2025-12-25 15:57:06.362172,599616348866293200,-151.00
2025-12-25 15:57:06.362172,599616348866293200,-149.00
2025-12-25 15:57:06.362172,599616348866293200,-144.00
2025-12-25 15:57:06.362172,599616348866293200,-142.00
2025-12-25 15:57:06.362172,599616348866293200,-103.00
2025-12-25 15:57:06.362172,599616348866293200,25.00
2025-12-25 15:57:06.362172,599616348866293200,174.00
2025-12-25 15:57:06.362172,599616348866293200,75.00
2025-12-25 15:57:06.362172,599616348866293200,-291.00
2025-12-25 15:57:06.362172,599616348866293200,-471.00
2025-12-25 15:57:06.362172,599616348866293200,-356.00
2025-12-25 15:57:06.362172,599616348866293200,-262.00
2025-12-25 15:57:06.362172,599616348866293200,-211.00
2025-12-25 15:57:06.362172,599616348866293200,-137.00
2025-12-25 15:57:06.362172,599616348866293200,-126.00
2025-12-25 15:57:06.362172,599616348866293200,-147.00
2025-12-25 15:57:06.362172,599616348866293200,-128.00
2025-12-25 15:57:06.362172,599616348866293200,-114.00
2025-12-25 15:57:06.362172,599616348866293200,-126.00
2025-12-25 15:57:06.362172,599616348866293200,-121.00
2025-12-25 15:57:06.362172,599616348866293200,-114.00
2025-12-25 15:57:06.362172,599616348866293200,-117.00
2025-12-25 15:57:06.362172,599616348866293200,-114.00
2025-12-25 15:57:06.362172,599616348866293200,-108.00
2025-12-25 15:57:06.362172,599616348866293200,-108.00
2025-12-25 15:57:06.362172,599616348866293200,-105.00
2025-12-25 15:57:06.362172,599616348866293200,-94.00
2025-12-25 15:57:06.362172,599616348866293200,-91.00
2025-12-25 15:57:06.362172,599616348866293200,-89.00
2025-12-25 15:57:06.362172,599616348866293200,-78.00
2025-12-25 15:57:06.362172,599616348866293200,-68.00
2025-12-25 15:57:06.362172,599616348866293200,-62.00
2025-12-25 15:57:06.362172,599616348866293200,-55.00
2025-12-25 15:57:06.362172,599616348866293200,-50.00
2025-12-25 15:57:06.362172,599616348866293200,-45.00
2025-12-25 15:57:06.362172,599616348866293200,-45.00
2025-12-25 15:57:06.362172,599616348866293200,-57.00
2025-12-25 15:57:06.362172,599616348866293200,-73.00
2025-12-25 15:57:06.362172,599616348866293200,-89.00
2025-12-25 15:57:06.362172,599616348866293200,-108.00
2025-12-25 15:57:06.362172,599616348866293200,-119.00
2025-12-25 15:57:06.362172,599616348866293200,-131.00
2025-12-25 15:57:06.362172,599616348866293200,-156.00
2025-12-25 15:57:06.362172,599616348866293200,-170.00
2025-12-25 15:57:06.362172,599616348866293200,-170.00
2025-12-25 15:57:06.362172,599616348866293200,-170.00
2025-12-25 15:57:06.362172,599616348866293200,-167.00
2025-12-25 15:57:06.362172,599616348866293200,-158.00
2025-12-25 15:57:06.362172,599616348866293200,-154.00
2025-12-25 15:57:06.362172,599616348866293200,-158.00
2025-12-25 15:57:06.362172,599616348866293200,-156.00
2025-12-25 15:57:06.362172,599616348866293200,-147.00
2025-12-25 15:57:06.362172,599616348866293200,-144.00
2025-12-25 15:57:06.362172,599616348866293200,-149.00
2025-12-25 15:57:06.362172,599616348866293200,-142.00
2025-12-25 15:57:06.362172,599616348866293200,-135.00
2025-12-25 15:57:06.362172,599616348866293200,-137.00
2025-12-25 15:57:06.362172,599616348866293200,-140.00
2025-12-25 15:57:06.362172,599616348866293200,-140.00
2025-12-25 15:57:06.362172,599616348866293200,-142.00
2025-12-25 15:57:06.362172,599616348866293200,-147.00
2025-12-25 15:57:06.362172,599616348866293200,-140.00
2025-12-25 15:57:06.362172,599616348866293200,-137.00
2025-12-25 15:57:06.913942,599616349427147917,-140.00
2025-12-25 15:57:06.913942,599616349427147917,-142.00
2025-12-25 15:57:06.913942,599616349427147917,-140.00
2025-12-25 15:57:06.913942,599616349427147917,-137.00
2025-12-25 15:57:06.913942,599616349427147917,-137.00
2025-12-25 15:57:06.913942,599616349427147917,-133.00
2025-12-25 15:57:06.913942,599616349427147917,-117.00
2025-12-25 15:57:06.913942,599616349427147917,-103.00
2025-12-25 15:57:06.913942,599616349427147917,-110.00
2025-12-25 15:57:06.913942,599616349427147917,-121.00
2025-12-25 15:57:06.913942,599616349427147917,-119.00
2025-12-25 15:57:06.913942,599616349427147917,-117.00
2025-12-25 15:57:06.913942,599616349427147917,-117.00
2025-12-25 15:57:06.913942,599616349427147917,-108.00
2025-12-25 15:57:06.913942,599616349427147917,-101.00
2025-12-25 15:57:06.913942,599616349427147917,-110.00
2025-12-25 15:57:06.913942,599616349427147917,-117.00
2025-12-25 15:57:06.913942,599616349427147917,-105.00
2025-12-25 15:57:06.913942,599616349427147917,-94.00
2025-12-25 15:57:06.913942,599616349427147917,-101.00
2025-12-25 15:57:06.913942,599616349427147917,-105.00
2025-12-25 15:57:06.913942,599616349427147917,-98.00
2025-12-25 15:57:06.913942,599616349427147917,-78.00
2025-12-25 15:57:06.913942,599616349427147917,32.00
2025-12-25 15:57:06.913942,599616349427147917,211.00
2025-12-25 15:57:06.913942,599616349427147917,149.00
2025-12-25 15:57:06.913942,599616349427147917,-227.00
2025-12-25 15:57:06.913942,599616349427147917,-434.00
2025-12-25 15:57:06.913942,599616349427147917,-324.00
2025-12-25 15:57:06.913942,599616349427147917,-245.00
2025-12-25 15:57:06.913942,599616349427147917,-211.00
2025-12-25 15:57:06.913942,599616349427147917,-117.00
2025-12-25 15:57:06.913942,599616349427147917,-85.00
2025-12-25 15:57:06.913942,599616349427147917,-112.00
2025-12-25 15:57:06.913942,599616349427147917,-96.00
2025-12-25 15:57:06.913942,599616349427147917,-71.00
2025-12-25 15:57:06.913942,599616349427147917,-82.00
2025-12-25 15:57:06.913942,599616349427147917,-85.00
2025-12-25 15:57:06.913942,599616349427147917,-78.00
2025-12-25 15:57:06.913942,599616349427147917,-78.00
2025-12-25 15:57:06.913942,599616349427147917,-80.00
2025-12-25 15:57:06.913942,599616349427147917,-75.00
2025-12-25 15:57:06.913942,599616349427147917,-73.00
2025-12-25 15:57:06.913942,599616349427147917,-73.00
2025-12-25 15:57:06.913942,599616349427147917,-75.00
2025-12-25 15:57:06.913942,599616349427147917,-68.00
2025-12-25 15:57:06.913942,599616349427147917,-57.00
2025-12-25 15:57:06.913942,599616349427147917,-55.00
2025-12-25 15:57:06.913942,599616349427147917,-50.00
2025-12-25 15:57:06.913942,599616349427147917,-45.00
2025-12-25 15:57:06.913942,599616349427147917,-45.00
2025-12-25 15:57:06.913942,599616349427147917,-39.00
2025-12-25 15:57:06.913942,599616349427147917,-27.00
2025-12-25 15:57:06.913942,599616349427147917,-32.00
2025-12-25 15:57:06.913942,599616349427147917,-43.00
2025-12-25 15:57:06.913942,599616349427147917,-52.00
2025-12-25 15:57:06.913942,599616349427147917,-73.00
2025-12-25 15:57:06.913942,599616349427147917,-98.00
2025-12-25 15:57:06.913942,599616349427147917,-114.00
2025-12-25 15:57:06.913942,599616349427147917,-126.00
2025-12-25 15:57:06.913942,599616349427147917,-144.00
2025-12-25 15:57:06.913942,599616349427147917,-160.00
2025-12-25 15:57:06.913942,599616349427147917,-172.00
2025-12-25 15:57:06.913942,599616349427147917,-177.00
2025-12-25 15:57:06.913942,599616349427147917,-174.00
2025-12-25 15:57:06.913942,599616349427147917,-172.00
2025-12-25 15:57:06.913942,599616349427147917,-170.00
2025-12-25 15:57:06.913942,599616349427147917,-163.00
2025-12-25 15:57:06.913942,599616349427147917,-160.00
2025-12-25 15:57:06.913942,599616349427147917,-156.00
2025-12-25 15:57:06.913942,599616349427147917,-142.00
2025-12-25 15:57:06.913942,599616349427147917,-131.00
2025-12-25 15:57:06.913942,599616349427147917,-128.00
2025-12-25 15:57:07.415399,599616349988002634,-133.00
2025-12-25 15:57:07.415399,599616349988002634,-135.00
2025-12-25 15:57:07.415399,599616349988002634,-133.00
2025-12-25 15:57:07.415399,599616349988002634,-133.00
2025-12-25 15:57:07.415399,599616349988002634,-137.00
2025-12-25 15:57:07.415399,599616349988002634,-135.00
2025-12-25 15:57:07.415399,599616349988002634,-133.00
2025-12-25 15:57:07.415399,599616349988002634,-133.00
2025-12-25 15:57:07.415399,599616349988002634,-133.00
2025-12-25 15:57:07.415399,599616349988002634,-126.00
2025-12-25 15:57:07.415399,599616349988002634,-124.00
2025-12-25 15:57:07.415399,599616349988002634,-133.00
2025-12-25 15:57:07.415399,599616349988002634,-137.00
2025-12-25 15:57:07.415399,599616349988002634,-126.00
2025-12-25 15:57:07.415399,599616349988002634,-103.00
2025-12-25 15:57:07.415399,599616349988002634,-96.00
2025-12-25 15:57:07.415399,599616349988002634,-114.00
2025-12-25 15:57:07.415399,599616349988002634,-133.00
2025-12-25 15:57:07.415399,599616349988002634,-133.00
2025-12-25 15:57:07.415399,599616349988002634,-135.00
2025-12-25 15:57:07.415399,599616349988002634,-133.00
2025-12-25 15:57:07.415399,599616349988002634,-133.00
2025-12-25 15:57:07.415399,599616349988002634,-137.00
2025-12-25 15:57:07.415399,599616349988002634,-140.00
2025-12-25 15:57:07.415399,599616349988002634,-137.00
2025-12-25 15:57:07.415399,599616349988002634,-135.00
2025-12-25 15:57:07.415399,599616349988002634,-128.00
2025-12-25 15:57:07.415399,599616349988002634,-131.00
2025-12-25 15:57:07.415399,599616349988002634,-142.00
2025-12-25 15:57:07.415399,599616349988002634,-117.00
2025-12-25 15:57:07.415399,599616349988002634,18.00
2025-12-25 15:57:07.415399,599616349988002634,190.00
2025-12-25 15:57:07.415399,599616349988002634,80.00
2025-12-25 15:57:07.415399,599616349988002634,-301.00
2025-12-25 15:57:07.415399,599616349988002634,-459.00
2025-12-25 15:57:07.415399,599616349988002634,-344.00
2025-12-25 15:57:07.415399,599616349988002634,-287.00
2025-12-25 15:57:07.415399,599616349988002634,-255.00
2025-12-25 15:57:07.415399,599616349988002634,-158.00
2025-12-25 15:57:07.415399,599616349988002634,-121.00
2025-12-25 15:57:07.415399,599616349988002634,-140.00
2025-12-25 15:57:07.415399,599616349988002634,-133.00
2025-12-25 15:57:07.415399,599616349988002634,-121.00
2025-12-25 15:57:07.415399,599616349988002634,-121.00
2025-12-25 15:57:07.415399,599616349988002634,-121.00
2025-12-25 15:57:07.415399,599616349988002634,-119.00
2025-12-25 15:57:07.415399,599616349988002634,-119.00
2025-12-25 15:57:07.415399,599616349988002634,-124.00
2025-12-25 15:57:07.415399,599616349988002634,-126.00
2025-12-25 15:57:07.415399,599616349988002634,-121.00
2025-12-25 15:57:07.415399,599616349988002634,-112.00
2025-12-25 15:57:07.415399,599616349988002634,-105.00
2025-12-25 15:57:07.415399,599616349988002634,-108.00
2025-12-25 15:57:07.415399,599616349988002634,-110.00
2025-12-25 15:57:07.415399,599616349988002634,-105.00
2025-12-25 15:57:07.415399,599616349988002634,-91.00
2025-12-25 15:57:07.415399,599616349988002634,-82.00
2025-12-25 15:57:07.415399,599616349988002634,-82.00
2025-12-25 15:57:07.415399,599616349988002634,-78.00
2025-12-25 15:57:07.415399,599616349988002634,-71.00
2025-12-25 15:57:07.415399,599616349988002634,-68.00
2025-12-25 15:57:07.415399,599616349988002634,-75.00
2025-12-25 15:57:07.415399,599616349988002634,-87.00
2025-12-25 15:57:07.415399,599616349988002634,-110.00
2025-12-25 15:57:07.415399,599616349988002634,-126.00
2025-12-25 15:57:07.415399,599616349988002634,-137.00
2025-12-25 15:57:07.415399,599616349988002634,-160.00
2025-12-25 15:57:07.415399,599616349988002634,-181.00
2025-12-25 15:57:07.415399,599616349988002634,-188.00
2025-12-25 15:57:07.415399,599616349988002634,-193.00
2025-12-25 15:57:07.415399,599616349988002634,-200.00
2025-12-25 15:57:07.415399,599616349988002634,-202.00
2025-12-25 15:57:07.415399,599616349988002634,-193.00
2025-12-25 15:57:07.966619,599616350548857351,-188.00
2025-12-25 15:57:07.966619,599616350548857351,-195.00
2025-12-25 15:57:07.966619,599616350548857351,-195.00
2025-12-25 15:57:07.966619,599616350548857351,-193.00
2025-12-25 15:57:07.966619,599616350548857351,-193.00
2025-12-25 15:57:07.966619,599616350548857351,-188.00
2025-12-25 15:57:07.966619,599616350548857351,-174.00
2025-12-25 15:57:07.966619,599616350548857351,-172.00
2025-12-25 15:57:07.966619,599616350548857351,-172.00
2025-12-25 15:57:07.966619,599616350548857351,-170.00
2025-12-25 15:57:07.966619,599616350548857351,-181.00
2025-12-25 15:57:07.966619,599616350548857351,-179.00
2025-12-25 15:57:07.966619,599616350548857351,-156.00
2025-12-25 15:57:07.966619,599616350548857351,-149.00
2025-12-25 15:57:07.966619,599616350548857351,-160.00
2025-12-25 15:57:07.966619,599616350548857351,-165.00
2025-12-25 15:57:07.966619,599616350548857351,-160.00
2025-12-25 15:57:07.966619,599616350548857351,-156.00
2025-12-25 15:57:07.966619,599616350548857351,-156.00
2025-12-25 15:57:07.966619,599616350548857351,-158.00
2025-12-25 15:57:07.966619,599616350548857351,-158.00
2025-12-25 15:57:07.966619,599616350548857351,-151.00
2025-12-25 15:57:07.966619,599616350548857351,-144.00
2025-12-25 15:57:07.966619,599616350548857351,-147.00
2025-12-25 15:57:07.966619,599616350548857351,-160.00
2025-12-25 15:57:07.966619,599616350548857351,-174.00
2025-12-25 15:57:07.966619,599616350548857351,-177.00
2025-12-25 15:57:07.966619,599616350548857351,-172.00
2025-12-25 15:57:07.966619,599616350548857351,-179.00
2025-12-25 15:57:07.966619,599616350548857351,-181.00
2025-12-25 15:57:07.966619,599616350548857351,-170.00
2025-12-25 15:57:07.966619,599616350548857351,-170.00
2025-12-25 15:57:07.966619,599616350548857351,-177.00
2025-12-25 15:57:07.966619,599616350548857351,-174.00
2025-12-25 15:57:07.966619,599616350548857351,-172.00
2025-12-25 15:57:07.966619,599616350548857351,-179.00
2025-12-25 15:57:07.966619,599616350548857351,-181.00
2025-12-25 15:57:07.966619,599616350548857351,-140.00
2025-12-25 15:57:07.966619,599616350548857351,4.00
2025-12-25 15:57:07.966619,599616350548857351,154.00
2025-12-25 15:57:07.966619,599616350548857351,6.00
2025-12-25 15:57:07.966619,599616350548857351,-370.00
2025-12-25 15:57:07.966619,599616350548857351,-494.00
2025-12-25 15:57:07.966619,599616350548857351,-370.00
2025-12-25 15:57:07.966619,599616350548857351,-310.00
2025-12-25 15:57:07.966619,599616350548857351,-262.00
2025-12-25 15:57:07.966619,599616350548857351,-170.00
2025-12-25 15:57:07.966619,599616350548857351,-154.00
2025-12-25 15:57:07.966619,599616350548857351,-177.00
2025-12-25 15:57:07.966619,599616350548857351,-160.00
2025-12-25 15:57:07.966619,599616350548857351,-144.00
2025-12-25 15:57:07.966619,599616350548857351,-144.00
2025-12-25 15:57:07.966619,599616350548857351,-142.00
2025-12-25 15:57:07.966619,599616350548857351,-142.00
2025-12-25 15:57:07.966619,599616350548857351,-144.00
2025-12-25 15:57:07.966619,599616350548857351,-144.00
2025-12-25 15:57:07.966619,599616350548857351,-137.00
2025-12-25 15:57:07.966619,599616350548857351,-124.00
2025-12-25 15:57:07.966619,599616350548857351,-119.00
2025-12-25 15:57:07.966619,599616350548857351,-121.00
2025-12-25 15:57:07.966619,599616350548857351,-117.00
2025-12-25 15:57:07.966619,599616350548857351,-112.00
2025-12-25 15:57:07.966619,599616350548857351,-110.00
2025-12-25 15:57:07.966619,599616350548857351,-103.00
2025-12-25 15:57:07.966619,599616350548857351,-91.00
2025-12-25 15:57:07.966619,599616350548857351,-85.00
2025-12-25 15:57:07.966619,599616350548857351,-94.00
2025-12-25 15:57:07.966619,599616350548857351,-96.00
2025-12-25 15:57:07.966619,599616350548857351,-89.00
2025-12-25 15:57:07.966619,599616350548857351,-98.00
2025-12-25 15:57:07.966619,599616350548857351,-110.00
2025-12-25 15:57:07.966619,599616350548857351,-121.00
2025-12-25 15:57:07.966619,599616350548857351,-144.00
2025-12-25 15:57:08.518401,599616351109681552,-174.00
2025-12-25 15:57:08.518401,599616351109681552,-190.00
2025-12-25 15:57:08.518401,599616351109681552,-197.00
2025-12-25 15:57:08.518401,599616351109681552,-202.00
2025-12-25 15:57:08.518401,599616351109681552,-204.00
2025-12-25 15:57:08.518401,599616351109681552,-213.00
2025-12-25 15:57:08.518401,599616351109681552,-227.00
2025-12-25 15:57:08.518401,599616351109681552,-225.00
2025-12-25 15:57:08.518401,599616351109681552,-204.00
2025-12-25 15:57:08.518401,599616351109681552,-190.00
2025-12-25 15:57:08.518401,599616351109681552,-183.00
2025-12-25 15:57:08.518401,599616351109681552,-179.00
2025-12-25 15:57:08.518401,599616351109681552,-179.00
2025-12-25 15:57:08.518401,599616351109681552,-181.00
2025-12-25 15:57:08.518401,599616351109681552,-172.00
2025-12-25 15:57:08.518401,599616351109681552,-163.00
2025-12-25 15:57:08.518401,599616351109681552,-165.00
2025-12-25 15:57:08.518401,599616351109681552,-167.00
2025-12-25 15:57:08.518401,599616351109681552,-167.00
2025-12-25 15:57:08.518401,599616351109681552,-172.00
2025-12-25 15:57:08.518401,599616351109681552,-170.00
2025-12-25 15:57:08.518401,599616351109681552,-163.00
2025-12-25 15:57:08.518401,599616351109681552,-170.00
2025-12-25 15:57:08.518401,599616351109681552,-177.00
2025-12-25 15:57:08.518401,599616351109681552,-174.00
2025-12-25 15:57:08.518401,599616351109681552,-170.00
2025-12-25 15:57:08.518401,599616351109681552,-172.00
2025-12-25 15:57:08.518401,599616351109681552,-174.00
2025-12-25 15:57:08.518401,599616351109681552,-179.00
2025-12-25 15:57:08.518401,599616351109681552,-181.00
2025-12-25 15:57:08.518401,599616351109681552,-172.00
2025-12-25 15:57:08.518401,599616351109681552,-163.00
2025-12-25 15:57:08.518401,599616351109681552,-160.00
2025-12-25 15:57:08.518401,599616351109681552,-165.00
2025-12-25 15:57:08.518401,599616351109681552,-172.00
2025-12-25 15:57:08.518401,599616351109681552,-181.00
2025-12-25 15:57:08.518401,599616351109681552,-188.00
2025-12-25 15:57:08.518401,599616351109681552,-193.00
2025-12-25 15:57:08.518401,599616351109681552,-190.00
2025-12-25 15:57:08.518401,599616351109681552,-183.00
2025-12-25 15:57:08.518401,599616351109681552,-181.00
2025-12-25 15:57:08.518401,599616351109681552,-183.00
2025-12-25 15:57:08.518401,599616351109681552,-188.00
2025-12-25 15:57:08.518401,599616351109681552,-193.00
2025-12-25 15:57:08.518401,599616351109681552,-188.00
2025-12-25 15:57:08.518401,599616351109681552,-183.00
2025-12-25 15:57:08.518401,599616351109681552,-190.00
2025-12-25 15:57:08.518401,599616351109681552,-190.00
2025-12-25 15:57:08.518401,599616351109681552,-154.00
2025-12-25 15:57:08.518401,599616351109681552,-36.00
2025-12-25 15:57:08.518401,599616351109681552,128.00
2025-12-25 15:57:08.518401,599616351109681552,85.00
2025-12-25 15:57:08.518401,599616351109681552,-262.00
2025-12-25 15:57:08.518401,599616351109681552,-491.00
2025-12-25 15:57:08.518401,599616351109681552,-404.00
2025-12-25 15:57:08.518401,599616351109681552,-310.00
2025-12-25 15:57:08.518401,599616351109681552,-271.00
2025-12-25 15:57:08.518401,599616351109681552,-193.00
2025-12-25 15:57:08.518401,599616351109681552,-154.00
2025-12-25 15:57:08.518401,599616351109681552,-172.00
2025-12-25 15:57:08.518401,599616351109681552,-172.00
2025-12-25 15:57:08.518401,599616351109681552,-158.00
2025-12-25 15:57:08.518401,599616351109681552,-154.00
2025-12-25 15:57:08.518401,599616351109681552,-149.00
2025-12-25 15:57:08.518401,599616351109681552,-147.00
2025-12-25 15:57:08.518401,599616351109681552,-151.00
2025-12-25 15:57:08.518401,599616351109681552,-154.00
2025-12-25 15:57:08.518401,599616351109681552,-147.00
2025-12-25 15:57:08.518401,599616351109681552,-147.00
2025-12-25 15:57:08.518401,599616351109681552,-149.00
2025-12-25 15:57:08.518401,599616351109681552,-137.00
2025-12-25 15:57:08.518401,599616351109681552,-124.00
2025-12-25 15:57:08.518401,599616351109681552,-121.00
2025-12-25 15:57:09.170196,599616351670531185,-119.00
2025-12-25 15:57:09.170196,599616351670531185,-110.00
2025-12-25 15:57:09.170196,599616351670531185,-101.00
2025-12-25 15:57:09.170196,599616351670531185,-94.00
2025-12-25 15:57:09.170196,599616351670531185,-96.00
2025-12-25 15:57:09.170196,599616351670531185,-98.00
2025-12-25 15:57:09.170196,599616351670531185,-91.00
2025-12-25 15:57:09.170196,599616351670531185,-80.00
2025-12-25 15:57:09.170196,599616351670531185,-85.00
2025-12-25 15:57:09.170196,599616351670531185,-105.00
2025-12-25 15:57:09.170196,599616351670531185,-131.00
2025-12-25 15:57:09.170196,599616351670531185,-149.00
2025-12-25 15:57:09.170196,599616351670531185,-165.00
2025-12-25 15:57:09.170196,599616351670531185,-183.00
2025-12-25 15:57:09.170196,599616351670531185,-200.00
2025-12-25 15:57:09.170196,599616351670531185,-197.00
2025-12-25 15:57:09.170196,599616351670531185,-200.00
2025-12-25 15:57:09.170196,599616351670531185,-213.00
2025-12-25 15:57:09.170196,599616351670531185,-213.00
2025-12-25 15:57:09.170196,599616351670531185,-202.00
2025-12-25 15:57:09.170196,599616351670531185,-204.00
2025-12-25 15:57:09.170196,599616351670531185,-209.00
2025-12-25 15:57:09.170196,599616351670531185,-202.00
2025-12-25 15:57:09.170196,599616351670531185,-193.00
2025-12-25 15:57:09.170196,599616351670531185,-195.00
2025-12-25 15:57:09.170196,599616351670531185,-197.00
2025-12-25 15:57:09.170196,599616351670531185,-188.00
2025-12-25 15:57:09.170196,599616351670531185,-183.00
2025-12-25 15:57:09.170196,599616351670531185,-188.00
2025-12-25 15:57:09.170196,599616351670531185,-190.00
2025-12-25 15:57:09.170196,599616351670531185,-186.00
2025-12-25 15:57:09.170196,599616351670531185,-181.00
2025-12-25 15:57:09.170196,599616351670531185,-183.00
2025-12-25 15:57:09.170196,599616351670531185,-190.00
2025-12-25 15:57:09.170196,599616351670531185,-193.00
2025-12-25 15:57:09.170196,599616351670531185,-190.00
2025-12-25 15:57:09.170196,599616351670531185,-186.00
2025-12-25 15:57:09.170196,599616351670531185,-193.00
2025-12-25 15:57:09.170196,599616351670531185,-195.00
2025-12-25 15:57:09.170196,599616351670531185,-190.00
2025-12-25 15:57:09.170196,599616351670531185,-186.00
2025-12-25 15:57:09.170196,599616351670531185,-181.00
2025-12-25 15:57:09.170196,599616351670531185,-165.00
2025-12-25 15:57:09.170196,599616351670531185,-156.00
2025-12-25 15:57:09.170196,599616351670531185,-165.00
2025-12-25 15:57:09.170196,599616351670531185,-181.00
2025-12-25 15:57:09.170196,599616351670531185,-186.00
2025-12-25 15:57:09.170196,599616351670531185,-188.00
2025-12-25 15:57:09.170196,599616351670531185,-188.00
2025-12-25 15:57:09.170196,599616351670531185,-186.00
2025-12-25 15:57:09.170196,599616351670531185,-183.00
2025-12-25 15:57:09.170196,599616351670531185,-186.00
2025-12-25 15:57:09.170196,599616351670531185,-183.00
2025-12-25 15:57:09.170196,599616351670531185,-181.00
2025-12-25 15:57:09.170196,599616351670531185,-186.00
2025-12-25 15:57:09.170196,599616351670531185,-188.00
2025-12-25 15:57:09.170196,599616351670531185,-181.00
2025-12-25 15:57:09.170196,599616351670531185,-181.00
2025-12-25 15:57:09.170196,599616351670531185,-177.00
2025-12-25 15:57:09.170196,599616351670531185,-119.00
2025-12-25 15:57:09.170196,599616351670531185,36.00
2025-12-25 15:57:09.170196,599616351670531185,137.00
2025-12-25 15:57:09.170196,599616351670531185,-82.00
2025-12-25 15:57:09.170196,599616351670531185,-427.00
2025-12-25 15:57:09.170196,599616351670531185,-466.00
2025-12-25 15:57:09.170196,599616351670531185,-326.00
2025-12-25 15:57:09.170196,599616351670531185,-275.00
2025-12-25 15:57:09.170196,599616351670531185,-225.00
2025-12-25 15:57:09.170196,599616351670531185,-160.00
2025-12-25 15:57:09.170196,599616351670531185,-158.00
2025-12-25 15:57:09.170196,599616351670531185,-170.00
2025-12-25 15:57:09.170196,599616351670531185,-149.00
2025-12-25 15:57:09.170196,599616351670531185,-142.00
2025-12-25 15:57:09.771747,599616352231360470,-154.00
2025-12-25 15:57:09.771747,599616352231360470,-154.00
2025-12-25 15:57:09.771747,599616352231360470,-147.00
2025-12-25 15:57:09.771747,599616352231360470,-147.00
2025-12-25 15:57:09.771747,599616352231360470,-142.00
2025-12-25 15:57:09.771747,599616352231360470,-137.00
2025-12-25 15:57:09.771747,599616352231360470,-133.00
2025-12-25 15:57:09.771747,599616352231360470,-133.00
2025-12-25 15:57:09.771747,599616352231360470,-126.00
2025-12-25 15:57:09.771747,599616352231360470,-112.00
2025-12-25 15:57:09.771747,599616352231360470,-98.00
2025-12-25 15:57:09.771747,599616352231360470,-91.00
2025-12-25 15:57:09.771747,599616352231360470,-89.00
2025-12-25 15:57:09.771747,599616352231360470,-87.00
2025-12-25 15:57:09.771747,599616352231360470,-82.00
2025-12-25 15:57:09.771747,599616352231360470,-71.00
2025-12-25 15:57:09.771747,599616352231360470,-57.00
2025-12-25 15:57:09.771747,599616352231360470,-64.00
2025-12-25 15:57:09.771747,599616352231360470,-80.00
2025-12-25 15:57:09.771747,599616352231360470,-91.00
2025-12-25 15:57:09.771747,599616352231360470,-103.00
2025-12-25 15:57:09.771747,599616352231360470,-121.00
2025-12-25 15:57:09.771747,599616352231360470,-135.00
2025-12-25 15:57:09.771747,599616352231360470,-151.00
2025-12-25 15:57:09.771747,599616352231360470,-177.00
2025-12-25 15:57:09.771747,599616352231360470,-193.00
2025-12-25 15:57:09.771747,599616352231360470,-193.00
2025-12-25 15:57:09.771747,599616352231360470,-183.00
2025-12-25 15:57:09.771747,599616352231360470,-186.00
2025-12-25 15:57:09.771747,599616352231360470,-188.00
2025-12-25 15:57:09.771747,599616352231360470,-181.00
2025-12-25 15:57:09.771747,599616352231360470,-174.00
2025-12-25 15:57:09.771747,599616352231360470,-172.00
2025-12-25 15:57:09.771747,599616352231360470,-174.00
2025-12-25 15:57:09.771747,599616352231360470,-172.00
2025-12-25 15:57:09.771747,599616352231360470,-163.00
2025-12-25 15:57:09.771747,599616352231360470,-156.00
2025-12-25 15:57:09.771747,599616352231360470,-158.00
2025-12-25 15:57:09.771747,599616352231360470,-156.00
2025-12-25 15:57:09.771747,599616352231360470,-156.00
2025-12-25 15:57:09.771747,599616352231360470,-158.00
2025-12-25 15:57:09.771747,599616352231360470,-156.00
2025-12-25 15:57:09.771747,599616352231360470,-158.00
2025-12-25 15:57:09.771747,599616352231360470,-165.00
2025-12-25 15:57:09.771747,599616352231360470,-170.00
2025-12-25 15:57:09.771747,599616352231360470,-163.00
2025-12-25 15:57:09.771747,599616352231360470,-160.00
2025-12-25 15:57:09.771747,599616352231360470,-165.00
2025-12-25 15:57:09.771747,599616352231360470,-172.00
2025-12-25 15:57:09.771747,599616352231360470,-177.00
2025-12-25 15:57:09.771747,599616352231360470,-174.00
2025-12-25 15:57:09.771747,599616352231360470,-167.00
2025-12-25 15:57:09.771747,599616352231360470,-156.00
2025-12-25 15:57:09.771747,599616352231360470,-142.00
2025-12-25 15:57:09.771747,599616352231360470,-142.00
2025-12-25 15:57:09.771747,599616352231360470,-154.00
2025-12-25 15:57:09.771747,599616352231360470,-160.00
2025-12-25 15:57:09.771747,599616352231360470,-163.00
2025-12-25 15:57:09.771747,599616352231360470,-174.00
2025-12-25 15:57:09.771747,599616352231360470,-179.00
2025-12-25 15:57:09.771747,599616352231360470,-170.00
2025-12-25 15:57:09.771747,599616352231360470,-165.00
2025-12-25 15:57:09.771747,599616352231360470,-172.00
2025-12-25 15:57:09.771747,599616352231360470,-174.00
2025-12-25 15:57:09.771747,599616352231360470,-172.00
2025-12-25 15:57:09.771747,599616352231360470,-172.00
2025-12-25 15:57:09.771747,599616352231360470,-170.00
2025-12-25 15:57:09.771747,599616352231360470,-172.00
2025-12-25 15:57:09.771747,599616352231360470,-172.00
2025-12-25 15:57:09.771747,599616352231360470,-149.00
2025-12-25 15:57:09.771747,599616352231360470,-41.00
2025-12-25 15:57:09.771747,599616352231360470,121.00
2025-12-25 15:57:09.771747,599616352231360470,80.00
2025-12-25 15:57:10.423590,599616352792199929,-264.00
2025-12-25 15:57:10.423590,599616352792199929,-491.00
2025-12-25 15:57:10.423590,599616352792199929,-400.00
2025-12-25 15:57:10.423590,599616352792199929,-301.00
2025-12-25 15:57:10.423590,599616352792199929,-259.00
2025-12-25 15:57:10.423590,599616352792199929,-181.00
2025-12-25 15:57:10.423590,599616352792199929,-147.00
2025-12-25 15:57:10.423590,599616352792199929,-156.00
2025-12-25 15:57:10.423590,599616352792199929,-154.00
2025-12-25 15:57:10.423590,599616352792199929,-151.00
2025-12-25 15:57:10.423590,599616352792199929,-149.00
2025-12-25 15:57:10.423590,599616352792199929,-144.00
2025-12-25 15:57:10.423590,599616352792199929,-140.00
2025-12-25 15:57:10.423590,599616352792199929,-131.00
2025-12-25 15:57:10.423590,599616352792199929,-131.00
2025-12-25 15:57:10.423590,599616352792199929,-137.00
2025-12-25 15:57:10.423590,599616352792199929,-131.00
2025-12-25 15:57:10.423590,599616352792199929,-121.00
2025-12-25 15:57:10.423590,599616352792199929,-117.00
2025-12-25 15:57:10.423590,599616352792199929,-103.00
2025-12-25 15:57:10.423590,599616352792199929,-89.00
2025-12-25 15:57:10.423590,599616352792199929,-89.00
2025-12-25 15:57:10.423590,599616352792199929,-85.00
2025-12-25 15:57:10.423590,599616352792199929,-71.00
2025-12-25 15:57:10.423590,599616352792199929,-57.00
2025-12-25 15:57:10.423590,599616352792199929,-48.00
2025-12-25 15:57:10.423590,599616352792199929,-55.00
2025-12-25 15:57:10.423590,599616352792199929,-62.00
2025-12-25 15:57:10.423590,599616352792199929,-59.00
2025-12-25 15:57:10.423590,599616352792199929,-59.00
2025-12-25 15:57:10.423590,599616352792199929,-75.00
2025-12-25 15:57:10.423590,599616352792199929,-94.00
2025-12-25 15:57:10.423590,599616352792199929,-112.00
2025-12-25 15:57:10.423590,599616352792199929,-140.00
2025-12-25 15:57:10.423590,599616352792199929,-163.00
2025-12-25 15:57:10.423590,599616352792199929,-170.00
2025-12-25 15:57:10.423590,599616352792199929,-172.00
2025-12-25 15:57:10.423590,599616352792199929,-174.00
2025-12-25 15:57:10.423590,599616352792199929,-177.00
2025-12-25 15:57:10.423590,599616352792199929,-177.00
2025-12-25 15:57:10.423590,599616352792199929,-172.00
2025-12-25 15:57:10.423590,599616352792199929,-172.00
2025-12-25 15:57:10.423590,599616352792199929,-174.00
2025-12-25 15:57:10.423590,599616352792199929,-167.00
2025-12-25 15:57:10.423590,599616352792199929,-160.00
2025-12-25 15:57:10.423590,599616352792199929,-158.00
2025-12-25 15:57:10.423590,599616352792199929,-158.00
2025-12-25 15:57:10.423590,599616352792199929,-160.00
2025-12-25 15:57:10.423590,599616352792199929,-167.00
2025-12-25 15:57:10.423590,599616352792199929,-170.00
2025-12-25 15:57:10.423590,599616352792199929,-165.00
2025-12-25 15:57:10.423590,599616352792199929,-163.00
2025-12-25 15:57:10.423590,599616352792199929,-167.00
2025-12-25 15:57:10.423590,599616352792199929,-170.00
2025-12-25 15:57:10.423590,599616352792199929,-167.00
2025-12-25 15:57:10.423590,599616352792199929,-170.00
2025-12-25 15:57:10.423590,599616352792199929,-174.00
2025-12-25 15:57:10.423590,599616352792199929,-177.00
2025-12-25 15:57:10.423590,599616352792199929,-179.00
2025-12-25 15:57:10.423590,599616352792199929,-179.00
2025-12-25 15:57:10.423590,599616352792199929,-174.00
2025-12-25 15:57:10.423590,599616352792199929,-165.00
2025-12-25 15:57:10.423590,599616352792199929,-158.00
2025-12-25 15:57:10.423590,599616352792199929,-163.00
2025-12-25 15:57:10.423590,599616352792199929,-177.00
2025-12-25 15:57:10.423590,599616352792199929,-181.00
2025-12-25 15:57:10.423590,599616352792199929,-183.00
2025-12-25 15:57:10.423590,599616352792199929,-186.00
2025-12-25 15:57:10.423590,599616352792199929,-186.00
2025-12-25 15:57:10.423590,599616352792199929,-181.00
2025-12-25 15:57:10.423590,599616352792199929,-181.00
2025-12-25 15:57:10.423590,599616352792199929,-183.00
2025-12-25 15:57:10.423590,599616352792199929,-181.00
2025-12-25 15:57:10.774833,599616353353039386,-179.00
2025-12-25 15:57:10.774833,599616353353039386,-181.00
2025-12-25 15:57:10.774833,599616353353039386,-179.00
2025-12-25 15:57:10.774833,599616353353039386,-181.00
2025-12-25 15:57:10.774833,599616353353039386,-181.00
2025-12-25 15:57:10.774833,599616353353039386,-114.00
2025-12-25 15:57:10.774833,599616353353039386,62.00
2025-12-25 15:57:10.774833,599616353353039386,156.00
2025-12-25 15:57:10.774833,599616353353039386,-101.00
2025-12-25 15:57:10.774833,599616353353039386,-450.00
2025-12-25 15:57:10.774833,599616353353039386,-446.00
2025-12-25 15:57:10.774833,599616353353039386,-308.00
2025-12-25 15:57:10.774833,599616353353039386,-282.00
2025-12-25 15:57:10.774833,599616353353039386,-223.00
2025-12-25 15:57:10.774833,599616353353039386,-142.00
2025-12-25 15:57:10.774833,599616353353039386,-147.00
2025-12-25 15:57:10.774833,599616353353039386,-151.00
2025-12-25 15:57:10.774833,599616353353039386,-121.00
2025-12-25 15:57:10.774833,599616353353039386,-121.00
2025-12-25 15:57:10.774833,599616353353039386,-128.00
2025-12-25 15:57:10.774833,599616353353039386,-114.00
2025-12-25 15:57:10.774833,599616353353039386,-110.00
2025-12-25 15:57:10.774833,599616353353039386,-108.00
2025-12-25 15:57:10.774833,599616353353039386,-108.00
2025-12-25 15:57:10.774833,599616353353039386,-112.00
2025-12-25 15:57:10.774833,599616353353039386,-108.00
2025-12-25 15:57:10.774833,599616353353039386,-94.00
2025-12-25 15:57:10.774833,599616353353039386,-80.00
2025-12-25 15:57:10.774833,599616353353039386,-78.00
2025-12-25 15:57:10.774833,599616353353039386,-71.00
2025-12-25 15:57:10.774833,599616353353039386,-62.00
2025-12-25 15:57:10.774833,599616353353039386,-62.00
2025-12-25 15:57:10.774833,599616353353039386,-62.00
2025-12-25 15:57:10.774833,599616353353039386,-43.00
2025-12-25 15:57:10.774833,599616353353039386,-32.00
2025-12-25 15:57:10.774833,599616353353039386,-36.00
2025-12-25 15:57:10.774833,599616353353039386,-43.00
2025-12-25 15:57:10.774833,599616353353039386,-48.00
2025-12-25 15:57:10.774833,599616353353039386,-57.00
2025-12-25 15:57:10.774833,599616353353039386,-82.00
2025-12-25 15:57:10.774833,599616353353039386,-112.00
2025-12-25 15:57:10.774833,599616353353039386,-128.00
2025-12-25 15:57:10.774833,599616353353039386,-137.00
2025-12-25 15:57:10.774833,599616353353039386,-154.00
2025-12-25 15:57:10.774833,599616353353039386,-165.00
2025-12-25 15:57:10.774833,599616353353039386,-174.00
2025-12-25 15:57:10.774833,599616353353039386,-172.00
2025-12-25 15:57:10.774833,599616353353039386,-167.00
2025-12-25 15:57:10.774833,599616353353039386,-165.00
2025-12-25 15:57:10.774833,599616353353039386,-163.00
2025-12-25 15:57:10.774833,599616353353039386,-167.00
2025-12-25 15:57:10.774833,599616353353039386,-170.00
2025-12-25 15:57:10.774833,599616353353039386,-163.00
2025-12-25 15:57:10.774833,599616353353039386,-154.00
2025-12-25 15:57:10.774833,599616353353039386,-156.00
2025-12-25 15:57:10.774833,599616353353039386,-163.00
2025-12-25 15:57:10.774833,599616353353039386,-160.00
2025-12-25 15:57:10.774833,599616353353039386,-158.00
2025-12-25 15:57:10.774833,599616353353039386,-160.00
2025-12-25 15:57:10.774833,599616353353039386,-160.00
2025-12-25 15:57:10.774833,599616353353039386,-163.00
2025-12-25 15:57:10.774833,599616353353039386,-163.00
2025-12-25 15:57:10.774833,599616353353039386,-167.00
2025-12-25 15:57:10.774833,599616353353039386,-174.00
2025-12-25 15:57:10.774833,599616353353039386,-177.00
2025-12-25 15:57:10.774833,599616353353039386,-172.00
2025-12-25 15:57:10.774833,599616353353039386,-174.00
2025-12-25 15:57:10.774833,599616353353039386,-172.00
2025-12-25 15:57:10.774833,599616353353039386,-154.00
2025-12-25 15:57:10.774833,599616353353039386,-142.00
2025-12-25 15:57:10.774833,599616353353039386,-151.00
2025-12-25 15:57:10.774833,599616353353039386,-163.00
2025-12-25 15:57:10.774833,599616353353039386,-172.00
2025-12-25 15:57:11.326732,599616353913868673,-179.00
2025-12-25 15:57:11.326732,599616353913868673,-177.00
2025-12-25 15:57:11.326732,599616353913868673,-167.00
2025-12-25 15:57:11.326732,599616353913868673,-167.00
2025-12-25 15:57:11.326732,599616353913868673,-172.00
2025-12-25 15:57:11.326732,599616353913868673,-170.00
2025-12-25 15:57:11.326732,599616353913868673,-165.00
2025-12-25 15:57:11.326732,599616353913868673,-158.00
2025-12-25 15:57:11.326732,599616353913868673,-154.00
2025-12-25 15:57:11.326732,599616353913868673,-163.00
2025-12-25 15:57:11.326732,599616353913868673,-156.00
2025-12-25 15:57:11.326732,599616353913868673,-78.00
2025-12-25 15:57:11.326732,599616353913868673,87.00
2025-12-25 15:57:11.326732,599616353913868673,160.00
2025-12-25 15:57:11.326732,599616353913868673,-101.00
2025-12-25 15:57:11.326732,599616353913868673,-427.00
2025-12-25 15:57:11.326732,599616353913868673,-423.00
2025-12-25 15:57:11.326732,599616353913868673,-298.00
2025-12-25 15:57:11.326732,599616353913868673,-268.00
2025-12-25 15:57:11.326732,599616353913868673,-204.00
2025-12-25 15:57:11.326732,599616353913868673,-131.00
2025-12-25 15:57:11.326732,599616353913868673,-133.00
2025-12-25 15:57:11.326732,599616353913868673,-140.00
2025-12-25 15:57:11.326732,599616353913868673,-126.00
2025-12-25 15:57:11.326732,599616353913868673,-126.00
2025-12-25 15:57:11.326732,599616353913868673,-128.00
2025-12-25 15:57:11.326732,599616353913868673,-121.00
2025-12-25 15:57:11.326732,599616353913868673,-117.00
2025-12-25 15:57:11.326732,599616353913868673,-119.00
2025-12-25 15:57:11.326732,599616353913868673,-119.00
2025-12-25 15:57:11.326732,599616353913868673,-119.00
2025-12-25 15:57:11.326732,599616353913868673,-112.00
2025-12-25 15:57:11.326732,599616353913868673,-105.00
2025-12-25 15:57:11.326732,599616353913868673,-103.00
2025-12-25 15:57:11.326732,599616353913868673,-103.00
2025-12-25 15:57:11.326732,599616353913868673,-91.00
2025-12-25 15:57:11.326732,599616353913868673,-78.00
2025-12-25 15:57:11.326732,599616353913868673,-78.00
2025-12-25 15:57:11.326732,599616353913868673,-80.00
2025-12-25 15:57:11.326732,599616353913868673,-78.00
2025-12-25 15:57:11.326732,599616353913868673,-80.00
2025-12-25 15:57:11.326732,599616353913868673,-89.00
2025-12-25 15:57:11.326732,599616353913868673,-87.00
2025-12-25 15:57:11.326732,599616353913868673,-85.00
2025-12-25 15:57:11.326732,599616353913868673,-98.00
2025-12-25 15:57:11.326732,599616353913868673,-126.00
2025-12-25 15:57:11.326732,599616353913868673,-154.00
2025-12-25 15:57:11.326732,599616353913868673,-170.00
2025-12-25 15:57:11.326732,599616353913868673,-177.00
2025-12-25 15:57:11.326732,599616353913868673,-188.00
2025-12-25 15:57:11.326732,599616353913868673,-202.00
2025-12-25 15:57:11.326732,599616353913868673,-209.00
2025-12-25 15:57:11.326732,599616353913868673,-206.00
2025-12-25 15:57:11.326732,599616353913868673,-195.00
2025-12-25 15:57:11.326732,599616353913868673,-188.00
2025-12-25 15:57:11.326732,599616353913868673,-188.00
2025-12-25 15:57:11.326732,599616353913868673,-186.00
2025-12-25 15:57:11.326732,599616353913868673,-186.00
2025-12-25 15:57:11.326732,599616353913868673,-186.00
2025-12-25 15:57:11.326732,599616353913868673,-179.00
2025-12-25 15:57:11.326732,599616353913868673,-174.00
2025-12-25 15:57:11.326732,599616353913868673,-172.00
2025-12-25 15:57:11.326732,599616353913868673,-160.00
2025-12-25 15:57:11.326732,599616353913868673,-163.00
2025-12-25 15:57:11.326732,599616353913868673,-177.00
2025-12-25 15:57:11.326732,599616353913868673,-179.00
2025-12-25 15:57:11.326732,599616353913868673,-172.00
2025-12-25 15:57:11.326732,599616353913868673,-170.00
2025-12-25 15:57:11.326732,599616353913868673,-172.00
2025-12-25 15:57:11.326732,599616353913868673,-179.00
2025-12-25 15:57:11.326732,599616353913868673,-188.00
2025-12-25 15:57:11.326732,599616353913868673,-183.00
2025-12-25 15:57:11.326732,599616353913868673,-174.00
2025-12-25 15:57:11.928734,599616354474718304,-172.00
2025-12-25 15:57:11.928734,599616354474718304,-172.00
2025-12-25 15:57:11.928734,599616354474718304,-165.00
2025-12-25 15:57:11.928734,599616354474718304,-163.00
2025-12-25 15:57:11.928734,599616354474718304,-163.00
2025-12-25 15:57:11.928734,599616354474718304,-158.00
2025-12-25 15:57:11.928734,599616354474718304,-165.00
2025-12-25 15:57:11.928734,599616354474718304,-170.00
2025-12-25 15:57:11.928734,599616354474718304,-160.00
2025-12-25 15:57:11.928734,599616354474718304,-151.00
2025-12-25 15:57:11.928734,599616354474718304,-154.00
2025-12-25 15:57:11.928734,599616354474718304,-154.00
2025-12-25 15:57:11.928734,599616354474718304,-149.00
2025-12-25 15:57:11.928734,599616354474718304,-151.00
2025-12-25 15:57:11.928734,599616354474718304,-156.00
2025-12-25 15:57:11.928734,599616354474718304,-158.00
2025-12-25 15:57:11.928734,599616354474718304,-158.00
2025-12-25 15:57:11.928734,599616354474718304,-108.00
2025-12-25 15:57:11.928734,599616354474718304,43.00
2025-12-25 15:57:11.928734,599616354474718304,183.00
2025-12-25 15:57:11.928734,599616354474718304,18.00
2025-12-25 15:57:11.928734,599616354474718304,-358.00
2025-12-25 15:57:11.928734,599616354474718304,-464.00
2025-12-25 15:57:11.928734,599616354474718304,-331.00
2025-12-25 15:57:11.928734,599616354474718304,-271.00
2025-12-25 15:57:11.928734,599616354474718304,-229.00
2025-12-25 15:57:11.928734,599616354474718304,-147.00
2025-12-25 15:57:11.928734,599616354474718304,-131.00
2025-12-25 15:57:11.928734,599616354474718304,-144.00
2025-12-25 15:57:11.928734,599616354474718304,-128.00
2025-12-25 15:57:11.928734,599616354474718304,-124.00
2025-12-25 15:57:11.928734,599616354474718304,-137.00
2025-12-25 15:57:11.928734,599616354474718304,-133.00
2025-12-25 15:57:11.928734,599616354474718304,-124.00
2025-12-25 15:57:11.928734,599616354474718304,-126.00
2025-12-25 15:57:11.928734,599616354474718304,-121.00
2025-12-25 15:57:11.928734,599616354474718304,-114.00
2025-12-25 15:57:11.928734,599616354474718304,-112.00
2025-12-25 15:57:11.928734,599616354474718304,-110.00
2025-12-25 15:57:11.928734,599616354474718304,-105.00
2025-12-25 15:57:11.928734,599616354474718304,-105.00
2025-12-25 15:57:11.928734,599616354474718304,-105.00
2025-12-25 15:57:11.928734,599616354474718304,-96.00
2025-12-25 15:57:11.928734,599616354474718304,-82.00
2025-12-25 15:57:11.928734,599616354474718304,-85.00
2025-12-25 15:57:11.928734,599616354474718304,-85.00
2025-12-25 15:57:11.928734,599616354474718304,-73.00
2025-12-25 15:57:11.928734,599616354474718304,-80.00
2025-12-25 15:57:11.928734,599616354474718304,-89.00
2025-12-25 15:57:11.928734,599616354474718304,-82.00
2025-12-25 15:57:11.928734,599616354474718304,-85.00
2025-12-25 15:57:11.928734,599616354474718304,-108.00
2025-12-25 15:57:11.928734,599616354474718304,-124.00
2025-12-25 15:57:11.928734,599616354474718304,-140.00
2025-12-25 15:57:11.928734,599616354474718304,-167.00
2025-12-25 15:57:11.928734,599616354474718304,-179.00
2025-12-25 15:57:11.928734,599616354474718304,-181.00
2025-12-25 15:57:11.928734,599616354474718304,-188.00
2025-12-25 15:57:11.928734,599616354474718304,-190.00
2025-12-25 15:57:11.928734,599616354474718304,-193.00
2025-12-25 15:57:11.928734,599616354474718304,-193.00
2025-12-25 15:57:11.928734,599616354474718304,-188.00
2025-12-25 15:57:11.928734,599616354474718304,-188.00
2025-12-25 15:57:11.928734,599616354474718304,-186.00
2025-12-25 15:57:11.928734,599616354474718304,-174.00
2025-12-25 15:57:11.928734,599616354474718304,-167.00
2025-12-25 15:57:11.928734,599616354474718304,-172.00
2025-12-25 15:57:11.928734,599616354474718304,-167.00
2025-12-25 15:57:11.928734,599616354474718304,-154.00
2025-12-25 15:57:11.928734,599616354474718304,-154.00
2025-12-25 15:57:11.928734,599616354474718304,-165.00
2025-12-25 15:57:11.928734,599616354474718304,-165.00
2025-12-25 15:57:11.928734,599616354474718304,-156.00
2025-12-25 15:57:12.530566,599616355035567937,-163.00
2025-12-25 15:57:12.530566,599616355035567937,-170.00
2025-12-25 15:57:12.530566,599616355035567937,-158.00
2025-12-25 15:57:12.530566,599616355035567937,-151.00
2025-12-25 15:57:12.530566,599616355035567937,-163.00
2025-12-25 15:57:12.530566,599616355035567937,-156.00
2025-12-25 15:57:12.530566,599616355035567937,-137.00
2025-12-25 15:57:12.530566,599616355035567937,-133.00
2025-12-25 15:57:12.530566,599616355035567937,-137.00
2025-12-25 15:57:12.530566,599616355035567937,-137.00
2025-12-25 15:57:12.530566,599616355035567937,-137.00
2025-12-25 15:57:12.530566,599616355035567937,-142.00
2025-12-25 15:57:12.530566,599616355035567937,-149.00
2025-12-25 15:57:12.530566,599616355035567937,-137.00
2025-12-25 15:57:12.530566,599616355035567937,-124.00
2025-12-25 15:57:12.530566,599616355035567937,-133.00
2025-12-25 15:57:12.530566,599616355035567937,-142.00
2025-12-25 15:57:12.530566,599616355035567937,-137.00
2025-12-25 15:57:12.530566,599616355035567937,-137.00
2025-12-25 15:57:12.530566,599616355035567937,-144.00
2025-12-25 15:57:12.530566,599616355035567937,-142.00
2025-12-25 15:57:12.530566,599616355035567937,-135.00
2025-12-25 15:57:12.530566,599616355035567937,-80.00
2025-12-25 15:57:12.530566,599616355035567937,94.00
2025-12-25 15:57:12.530566,599616355035567937,206.00
2025-12-25 15:57:12.530566,599616355035567937,-48.00
2025-12-25 15:57:12.530566,599616355035567937,-420.00
2025-12-25 15:57:12.530566,599616355035567937,-443.00
2025-12-25 15:57:12.530566,599616355035567937,-310.00
2025-12-25 15:57:12.530566,599616355035567937,-278.00
2025-12-25 15:57:12.530566,599616355035567937,-218.00
2025-12-25 15:57:12.530566,599616355035567937,-135.00
2025-12-25 15:57:12.530566,599616355035567937,-135.00
2025-12-25 15:57:12.530566,599616355035567937,-147.00
2025-12-25 15:57:12.530566,599616355035567937,-131.00
2025-12-25 15:57:12.530566,599616355035567937,-128.00
2025-12-25 15:57:12.530566,599616355035567937,-135.00
2025-12-25 15:57:12.530566,599616355035567937,-131.00
2025-12-25 15:57:12.530566,599616355035567937,-131.00
2025-12-25 15:57:12.530566,599616355035567937,-133.00
2025-12-25 15:57:12.530566,599616355035567937,-133.00
2025-12-25 15:57:12.530566,599616355035567937,-131.00
2025-12-25 15:57:12.530566,599616355035567937,-121.00
2025-12-25 15:57:12.530566,599616355035567937,-110.00
2025-12-25 15:57:12.530566,599616355035567937,-114.00
2025-12-25 15:57:12.530566,599616355035567937,-121.00
2025-12-25 15:57:12.530566,599616355035567937,-112.00
2025-12-25 15:57:12.530566,599616355035567937,-101.00
2025-12-25 15:57:12.530566,599616355035567937,-91.00
2025-12-25 15:57:12.530566,599616355035567937,-94.00
2025-12-25 15:57:12.530566,599616355035567937,-98.00
2025-12-25 15:57:12.530566,599616355035567937,-98.00
2025-12-25 15:57:12.530566,599616355035567937,-98.00
2025-12-25 15:57:12.530566,599616355035567937,-103.00
2025-12-25 15:57:12.530566,599616355035567937,-108.00
2025-12-25 15:57:12.530566,599616355035567937,-119.00
2025-12-25 15:57:12.530566,599616355035567937,-137.00
2025-12-25 15:57:12.530566,599616355035567937,-158.00
2025-12-25 15:57:12.530566,599616355035567937,-183.00
2025-12-25 15:57:12.530566,599616355035567937,-195.00
2025-12-25 15:57:12.530566,599616355035567937,-202.00
2025-12-25 15:57:12.530566,599616355035567937,-216.00
2025-12-25 15:57:12.530566,599616355035567937,-220.00
2025-12-25 15:57:12.530566,599616355035567937,-220.00
2025-12-25 15:57:12.530566,599616355035567937,-225.00
2025-12-25 15:57:12.530566,599616355035567937,-220.00
2025-12-25 15:57:12.530566,599616355035567937,-213.00
2025-12-25 15:57:12.530566,599616355035567937,-211.00
2025-12-25 15:57:12.530566,599616355035567937,-204.00
2025-12-25 15:57:12.530566,599616355035567937,-200.00
2025-12-25 15:57:12.530566,599616355035567937,-202.00
2025-12-25 15:57:12.530566,599616355035567937,-202.00
2025-12-25 15:57:12.530566,599616355035567937,-195.00
2025-12-25 15:57:13.032201,599616355596397222,-183.00
2025-12-25 15:57:13.032201,599616355596397222,-181.00
2025-12-25 15:57:13.032201,599616355596397222,-181.00
2025-12-25 15:57:13.032201,599616355596397222,-179.00
2025-12-25 15:57:13.032201,599616355596397222,-181.00
2025-12-25 15:57:13.032201,599616355596397222,-181.00
2025-12-25 15:57:13.032201,599616355596397222,-179.00
2025-12-25 15:57:13.032201,599616355596397222,-181.00
2025-12-25 15:57:13.032201,599616355596397222,-181.00
2025-12-25 15:57:13.032201,599616355596397222,-172.00
2025-12-25 15:57:13.032201,599616355596397222,-156.00
2025-12-25 15:57:13.032201,599616355596397222,-142.00
2025-12-25 15:57:13.032201,599616355596397222,-149.00
2025-12-25 15:57:13.032201,599616355596397222,-170.00
2025-12-25 15:57:13.032201,599616355596397222,-172.00
2025-12-25 15:57:13.032201,599616355596397222,-163.00
2025-12-25 15:57:13.032201,599616355596397222,-167.00
2025-12-25 15:57:13.032201,599616355596397222,-170.00
2025-12-25 15:57:13.032201,599616355596397222,-163.00
2025-12-25 15:57:13.032201,599616355596397222,-163.00
2025-12-25 15:57:13.032201,599616355596397222,-163.00
2025-12-25 15:57:13.032201,599616355596397222,-158.00
2025-12-25 15:57:13.032201,599616355596397222,-163.00
2025-12-25 15:57:13.032201,599616355596397222,-167.00
2025-12-25 15:57:13.032201,599616355596397222,-163.00
2025-12-25 15:57:13.032201,599616355596397222,-154.00
2025-12-25 15:57:13.032201,599616355596397222,-87.00
2025-12-25 15:57:13.032201,599616355596397222,87.00
2025-12-25 15:57:13.032201,599616355596397222,193.00
2025-12-25 15:57:13.032201,599616355596397222,-68.00
2025-12-25 15:57:13.032201,599616355596397222,-448.00
2025-12-25 15:57:13.032201,599616355596397222,-471.00
2025-12-25 15:57:13.032201,599616355596397222,-317.00
2025-12-25 15:57:13.032201,599616355596397222,-264.00
2025-12-25 15:57:13.032201,599616355596397222,-204.00
2025-12-25 15:57:13.032201,599616355596397222,-126.00
2025-12-25 15:57:13.032201,599616355596397222,-126.00
2025-12-25 15:57:13.032201,599616355596397222,-144.00
2025-12-25 15:57:13.032201,599616355596397222,-126.00
2025-12-25 15:57:13.032201,599616355596397222,-117.00
2025-12-25 15:57:13.032201,599616355596397222,-121.00
2025-12-25 15:57:13.032201,599616355596397222,-112.00
2025-12-25 15:57:13.032201,599616355596397222,-105.00
2025-12-25 15:57:13.032201,599616355596397222,-108.00
2025-12-25 15:57:13.032201,599616355596397222,-103.00
2025-12-25 15:57:13.032201,599616355596397222,-101.00
2025-12-25 15:57:13.032201,599616355596397222,-98.00
2025-12-25 15:57:13.032201,599616355596397222,-94.00
2025-12-25 15:57:13.032201,599616355596397222,-94.00
2025-12-25 15:57:13.032201,599616355596397222,-89.00
2025-12-25 15:57:13.032201,599616355596397222,-75.00
2025-12-25 15:57:13.032201,599616355596397222,-68.00
2025-12-25 15:57:13.032201,599616355596397222,-71.00
2025-12-25 15:57:13.032201,599616355596397222,-68.00
2025-12-25 15:57:13.032201,599616355596397222,-64.00
2025-12-25 15:57:13.032201,599616355596397222,-62.00
2025-12-25 15:57:13.032201,599616355596397222,-57.00
2025-12-25 15:57:13.032201,599616355596397222,-55.00
2025-12-25 15:57:13.032201,599616355596397222,-66.00
2025-12-25 15:57:13.032201,599616355596397222,-80.00
2025-12-25 15:57:13.032201,599616355596397222,-91.00
2025-12-25 15:57:13.032201,599616355596397222,-110.00
2025-12-25 15:57:13.032201,599616355596397222,-126.00
2025-12-25 15:57:13.032201,599616355596397222,-135.00
2025-12-25 15:57:13.032201,599616355596397222,-149.00
2025-12-25 15:57:13.032201,599616355596397222,-154.00
2025-12-25 15:57:13.032201,599616355596397222,-149.00
2025-12-25 15:57:13.032201,599616355596397222,-151.00
2025-12-25 15:57:13.032201,599616355596397222,-156.00
2025-12-25 15:57:13.032201,599616355596397222,-151.00
2025-12-25 15:57:13.032201,599616355596397222,-147.00
2025-12-25 15:57:13.032201,599616355596397222,-140.00
2025-12-25 15:57:13.032201,599616355596397222,-135.00
2025-12-25 15:57:13.633949,599616356157236681,-135.00
2025-12-25 15:57:13.633949,599616356157236681,-128.00
2025-12-25 15:57:13.633949,599616356157236681,-119.00
2025-12-25 15:57:13.633949,599616356157236681,-126.00
2025-12-25 15:57:13.633949,599616356157236681,-140.00
2025-12-25 15:57:13.633949,599616356157236681,-133.00
2025-12-25 15:57:13.633949,599616356157236681,-124.00
2025-12-25 15:57:13.633949,599616356157236681,-126.00
2025-12-25 15:57:13.633949,599616356157236681,-119.00
2025-12-25 15:57:13.633949,599616356157236681,-105.00
2025-12-25 15:57:13.633949,599616356157236681,-110.00
2025-12-25 15:57:13.633949,599616356157236681,-110.00
2025-12-25 15:57:13.633949,599616356157236681,-103.00
2025-12-25 15:57:13.633949,599616356157236681,-91.00
2025-12-25 15:57:13.633949,599616356157236681,-73.00
2025-12-25 15:57:13.633949,599616356157236681,-75.00
2025-12-25 15:57:13.633949,599616356157236681,-91.00
2025-12-25 15:57:13.633949,599616356157236681,-96.00
2025-12-25 15:57:13.633949,599616356157236681,-91.00
2025-12-25 15:57:13.633949,599616356157236681,-96.00
2025-12-25 15:57:13.633949,599616356157236681,-101.00
2025-12-25 15:57:13.633949,599616356157236681,-94.00
2025-12-25 15:57:13.633949,599616356157236681,-87.00
2025-12-25 15:57:13.633949,599616356157236681,-80.00
2025-12-25 15:57:13.633949,599616356157236681,-82.00
2025-12-25 15:57:13.633949,599616356157236681,-87.00
2025-12-25 15:57:13.633949,599616356157236681,-82.00
2025-12-25 15:57:13.633949,599616356157236681,-78.00
2025-12-25 15:57:13.633949,599616356157236681,-78.00
2025-12-25 15:57:13.633949,599616356157236681,-66.00
2025-12-25 15:57:13.633949,599616356157236681,22.00
2025-12-25 15:57:13.633949,599616356157236681,216.00
2025-12-25 15:57:13.633949,599616356157236681,271.00
2025-12-25 15:57:13.633949,599616356157236681,-62.00
2025-12-25 15:57:13.633949,599616356157236681,-400.00
2025-12-25 15:57:13.633949,599616356157236681,-354.00
2025-12-25 15:57:13.633949,599616356157236681,-209.00
2025-12-25 15:57:13.633949,599616356157236681,-165.00
2025-12-25 15:57:13.633949,599616356157236681,-98.00
2025-12-25 15:57:13.633949,599616356157236681,-50.00
2025-12-25 15:57:13.633949,599616356157236681,-62.00
2025-12-25 15:57:13.633949,599616356157236681,-55.00
2025-12-25 15:57:13.633949,599616356157236681,-34.00
2025-12-25 15:57:13.633949,599616356157236681,-39.00
2025-12-25 15:57:13.633949,599616356157236681,-39.00
2025-12-25 15:57:13.633949,599616356157236681,-34.00
2025-12-25 15:57:13.633949,599616356157236681,-32.00
2025-12-25 15:57:13.633949,599616356157236681,-27.00
2025-12-25 15:57:13.633949,599616356157236681,-22.00
2025-12-25 15:57:13.633949,599616356157236681,-20.00
2025-12-25 15:57:13.633949,599616356157236681,-20.00
2025-12-25 15:57:13.633949,599616356157236681,-18.00
2025-12-25 15:57:13.633949,599616356157236681,-9.00
2025-12-25 15:57:13.633949,599616356157236681,9.00
2025-12-25 15:57:13.633949,599616356157236681,16.00
2025-12-25 15:57:13.633949,599616356157236681,20.00
2025-12-25 15:57:13.633949,599616356157236681,29.00
2025-12-25 15:57:13.633949,599616356157236681,34.00
2025-12-25 15:57:13.633949,599616356157236681,29.00
2025-12-25 15:57:13.633949,599616356157236681,25.00
2025-12-25 15:57:13.633949,599616356157236681,22.00
2025-12-25 15:57:13.633949,599616356157236681,18.00
2025-12-25 15:57:13.633949,599616356157236681,13.00
2025-12-25 15:57:13.633949,599616356157236681,0.00
2025-12-25 15:57:13.633949,599616356157236681,-29.00
2025-12-25 15:57:13.633949,599616356157236681,-55.00
2025-12-25 15:57:13.633949,599616356157236681,-64.00
2025-12-25 15:57:13.633949,599616356157236681,-73.00
2025-12-25 15:57:13.633949,599616356157236681,-87.00
2025-12-25 15:57:13.633949,599616356157236681,-96.00
2025-12-25 15:57:13.633949,599616356157236681,-103.00
2025-12-25 15:57:13.633949,599616356157236681,-110.00
2025-12-25 15:57:13.633949,599616356157236681,-103.00
2025-12-25 15:57:14.185512,599616356718086312,-96.00
2025-12-25 15:57:14.185512,599616356718086312,-91.00
2025-12-25 15:57:14.185512,599616356718086312,-87.00
2025-12-25 15:57:14.185512,599616356718086312,-94.00
2025-12-25 15:57:14.185512,599616356718086312,-91.00
2025-12-25 15:57:14.185512,599616356718086312,-78.00
2025-12-25 15:57:14.185512,599616356718086312,-73.00
2025-12-25 15:57:14.185512,599616356718086312,-80.00
2025-12-25 15:57:14.185512,599616356718086312,-89.00
2025-12-25 15:57:14.185512,599616356718086312,-94.00
2025-12-25 15:57:14.185512,599616356718086312,-80.00
2025-12-25 15:57:14.185512,599616356718086312,-64.00
2025-12-25 15:57:14.185512,599616356718086312,-64.00
2025-12-25 15:57:14.185512,599616356718086312,-73.00
2025-12-25 15:57:14.185512,599616356718086312,-75.00
2025-12-25 15:57:14.185512,599616356718086312,-66.00
2025-12-25 15:57:14.185512,599616356718086312,-59.00
2025-12-25 15:57:14.185512,599616356718086312,-45.00
2025-12-25 15:57:14.185512,599616356718086312,-22.00
2025-12-25 15:57:14.185512,599616356718086312,-22.00
2025-12-25 15:57:14.185512,599616356718086312,-41.00
2025-12-25 15:57:14.185512,599616356718086312,-45.00
2025-12-25 15:57:14.185512,599616356718086312,-52.00
2025-12-25 15:57:14.185512,599616356718086312,-62.00
2025-12-25 15:57:14.185512,599616356718086312,-50.00
2025-12-25 15:57:14.185512,599616356718086312,-45.00
2025-12-25 15:57:14.185512,599616356718086312,-57.00
2025-12-25 15:57:14.185512,599616356718086312,-64.00
2025-12-25 15:57:14.185512,599616356718086312,-59.00
2025-12-25 15:57:14.185512,599616356718086312,-59.00
2025-12-25 15:57:14.185512,599616356718086312,-59.00
2025-12-25 15:57:14.185512,599616356718086312,-64.00
2025-12-25 15:57:14.185512,599616356718086312,-66.00
2025-12-25 15:57:14.185512,599616356718086312,-55.00
2025-12-25 15:57:14.185512,599616356718086312,43.00
2025-12-25 15:57:14.185512,599616356718086312,236.00
2025-12-25 15:57:14.185512,599616356718086312,266.00
2025-12-25 15:57:14.185512,599616356718086312,-71.00
2025-12-25 15:57:14.185512,599616356718086312,-400.00
2025-12-25 15:57:14.185512,599616356718086312,-358.00
2025-12-25 15:57:14.185512,599616356718086312,-211.00
2025-12-25 15:57:14.185512,599616356718086312,-163.00
2025-12-25 15:57:14.185512,599616356718086312,-105.00
2025-12-25 15:57:14.185512,599616356718086312,-64.00
2025-12-25 15:57:14.185512,599616356718086312,-71.00
2025-12-25 15:57:14.185512,599616356718086312,-62.00
2025-12-25 15:57:14.185512,599616356718086312,-43.00
2025-12-25 15:57:14.185512,599616356718086312,-45.00
2025-12-25 15:57:14.185512,599616356718086312,-45.00
2025-12-25 15:57:14.185512,599616356718086312,-43.00
2025-12-25 15:57:14.185512,599616356718086312,-48.00
2025-12-25 15:57:14.185512,599616356718086312,-55.00
2025-12-25 15:57:14.185512,599616356718086312,-50.00
2025-12-25 15:57:14.185512,599616356718086312,-41.00
2025-12-25 15:57:14.185512,599616356718086312,-41.00
2025-12-25 15:57:14.185512,599616356718086312,-45.00
2025-12-25 15:57:14.185512,599616356718086312,-52.00
2025-12-25 15:57:14.185512,599616356718086312,-50.00
2025-12-25 15:57:14.185512,599616356718086312,-43.00
2025-12-25 15:57:14.185512,599616356718086312,-43.00
2025-12-25 15:57:14.185512,599616356718086312,-43.00
2025-12-25 15:57:14.185512,599616356718086312,-39.00
2025-12-25 15:57:14.185512,599616356718086312,-39.00
2025-12-25 15:57:14.185512,599616356718086312,-43.00
2025-12-25 15:57:14.185512,599616356718086312,-48.00
2025-12-25 15:57:14.185512,599616356718086312,-57.00
2025-12-25 15:57:14.185512,599616356718086312,-68.00
2025-12-25 15:57:14.185512,599616356718086312,-82.00
2025-12-25 15:57:14.185512,599616356718086312,-108.00
2025-12-25 15:57:14.185512,599616356718086312,-142.00
2025-12-25 15:57:14.185512,599616356718086312,-158.00
2025-12-25 15:57:14.185512,599616356718086312,-163.00
2025-12-25 15:57:14.185512,599616356718086312,-177.00
2025-12-25 15:57:14.737203,599616357278930855,-195.00
2025-12-25 15:57:14.737203,599616357278930855,-204.00
2025-12-25 15:57:14.737203,599616357278930855,-209.00
2025-12-25 15:57:14.737203,599616357278930855,-209.00
2025-12-25 15:57:14.737203,599616357278930855,-202.00
2025-12-25 15:57:14.737203,599616357278930855,-197.00
2025-12-25 15:57:14.737203,599616357278930855,-195.00
2025-12-25 15:57:14.737203,599616357278930855,-195.00
2025-12-25 15:57:14.737203,599616357278930855,-193.00
2025-12-25 15:57:14.737203,599616357278930855,-186.00
2025-12-25 15:57:14.737203,599616357278930855,-181.00
2025-12-25 15:57:14.737203,599616357278930855,-177.00
2025-12-25 15:57:14.737203,599616357278930855,-183.00
2025-12-25 15:57:14.737203,599616357278930855,-188.00
2025-12-25 15:57:14.737203,599616357278930855,-174.00
2025-12-25 15:57:14.737203,599616357278930855,-165.00
2025-12-25 15:57:14.737203,599616357278930855,-181.00
2025-12-25 15:57:14.737203,599616357278930855,-190.00
2025-12-25 15:57:14.737203,599616357278930855,-188.00
2025-12-25 15:57:14.737203,599616357278930855,-183.00
2025-12-25 15:57:14.737203,599616357278930855,-179.00
2025-12-25 15:57:14.737203,599616357278930855,-181.00
2025-12-25 15:57:14.737203,599616357278930855,-174.00
2025-12-25 15:57:14.737203,599616357278930855,-174.00
2025-12-25 15:57:14.737203,599616357278930855,-186.00
2025-12-25 15:57:14.737203,599616357278930855,-195.00
2025-12-25 15:57:14.737203,599616357278930855,-195.00
2025-12-25 15:57:14.737203,599616357278930855,-193.00
2025-12-25 15:57:14.737203,599616357278930855,-190.00
2025-12-25 15:57:14.737203,599616357278930855,-193.00
2025-12-25 15:57:14.737203,599616357278930855,-195.00
2025-12-25 15:57:14.737203,599616357278930855,-195.00
2025-12-25 15:57:14.737203,599616357278930855,-195.00
2025-12-25 15:57:14.737203,599616357278930855,-197.00
2025-12-25 15:57:14.737203,599616357278930855,-197.00
2025-12-25 15:57:14.737203,599616357278930855,-195.00
2025-12-25 15:57:14.737203,599616357278930855,-200.00
2025-12-25 15:57:14.737203,599616357278930855,-195.00
2025-12-25 15:57:14.737203,599616357278930855,-87.00
2025-12-25 15:57:14.737203,599616357278930855,112.00
2025-12-25 15:57:14.737203,599616357278930855,140.00
2025-12-25 15:57:14.737203,599616357278930855,-193.00
2025-12-25 15:57:14.737203,599616357278930855,-505.00
2025-12-25 15:57:14.737203,599616357278930855,-450.00
2025-12-25 15:57:14.737203,599616357278930855,-314.00
2025-12-25 15:57:14.737203,599616357278930855,-282.00
2025-12-25 15:57:14.737203,599616357278930855,-218.00
2025-12-25 15:57:14.737203,599616357278930855,-165.00
2025-12-25 15:57:14.737203,599616357278930855,-181.00
2025-12-25 15:57:14.737203,599616357278930855,-186.00
2025-12-25 15:57:14.737203,599616357278930855,-167.00
2025-12-25 15:57:14.737203,599616357278930855,-170.00
2025-12-25 15:57:14.737203,599616357278930855,-174.00
2025-12-25 15:57:14.737203,599616357278930855,-172.00
2025-12-25 15:57:14.737203,599616357278930855,-172.00
2025-12-25 15:57:14.737203,599616357278930855,-170.00
2025-12-25 15:57:14.737203,599616357278930855,-165.00
2025-12-25 15:57:14.737203,599616357278930855,-163.00
2025-12-25 15:57:14.737203,599616357278930855,-160.00
2025-12-25 15:57:14.737203,599616357278930855,-156.00
2025-12-25 15:57:14.737203,599616357278930855,-151.00
2025-12-25 15:57:14.737203,599616357278930855,-151.00
2025-12-25 15:57:14.737203,599616357278930855,-154.00
2025-12-25 15:57:14.737203,599616357278930855,-147.00
2025-12-25 15:57:14.737203,599616357278930855,-140.00
2025-12-25 15:57:14.737203,599616357278930855,-140.00
2025-12-25 15:57:14.737203,599616357278930855,-135.00
2025-12-25 15:57:14.737203,599616357278930855,-131.00
2025-12-25 15:57:14.737203,599616357278930855,-144.00
2025-12-25 15:57:14.737203,599616357278930855,-154.00
2025-12-25 15:57:14.737203,599616357278930855,-144.00
2025-12-25 15:57:14.737203,599616357278930855,-156.00
2025-12-25 15:57:14.737203,599616357278930855,-188.00
2025-12-25 15:57:15.288744,599616357839755056,-206.00
2025-12-25 15:57:15.288744,599616357839755056,-213.00
2025-12-25 15:57:15.288744,599616357839755056,-234.00
2025-12-25 15:57:15.288744,599616357839755056,-252.00
2025-12-25 15:57:15.288744,599616357839755056,-252.00
2025-12-25 15:57:15.288744,599616357839755056,-248.00
2025-12-25 15:57:15.288744,599616357839755056,-245.00
2025-12-25 15:57:15.288744,599616357839755056,-241.00
2025-12-25 15:57:15.288744,599616357839755056,-239.00
2025-12-25 15:57:15.288744,599616357839755056,-236.00
2025-12-25 15:57:15.288744,599616357839755056,-229.00
2025-12-25 15:57:15.288744,599616357839755056,-229.00
2025-12-25 15:57:15.288744,599616357839755056,-225.00
2025-12-25 15:57:15.288744,599616357839755056,-211.00
2025-12-25 15:57:15.288744,599616357839755056,-209.00
2025-12-25 15:57:15.288744,599616357839755056,-211.00
2025-12-25 15:57:15.288744,599616357839755056,-211.00
2025-12-25 15:57:15.288744,599616357839755056,-213.00
2025-12-25 15:57:15.288744,599616357839755056,-216.00
2025-12-25 15:57:15.288744,599616357839755056,-216.00
2025-12-25 15:57:15.288744,599616357839755056,-223.00
2025-12-25 15:57:15.288744,599616357839755056,-229.00
2025-12-25 15:57:15.288744,599616357839755056,-225.00
2025-12-25 15:57:15.288744,599616357839755056,-218.00
2025-12-25 15:57:15.288744,599616357839755056,-216.00
2025-12-25 15:57:15.288744,599616357839755056,-206.00
2025-12-25 15:57:15.288744,599616357839755056,-202.00
2025-12-25 15:57:15.288744,599616357839755056,-209.00
2025-12-25 15:57:15.288744,599616357839755056,-220.00
2025-12-25 15:57:15.288744,599616357839755056,-227.00
2025-12-25 15:57:15.288744,599616357839755056,-223.00
2025-12-25 15:57:15.288744,599616357839755056,-216.00
2025-12-25 15:57:15.288744,599616357839755056,-209.00
2025-12-25 15:57:15.288744,599616357839755056,-204.00
2025-12-25 15:57:15.288744,599616357839755056,-206.00
2025-12-25 15:57:15.288744,599616357839755056,-206.00
2025-12-25 15:57:15.288744,599616357839755056,-197.00
2025-12-25 15:57:15.288744,599616357839755056,-195.00
2025-12-25 15:57:15.288744,599616357839755056,-204.00
2025-12-25 15:57:15.288744,599616357839755056,-211.00
2025-12-25 15:57:15.288744,599616357839755056,-200.00
2025-12-25 15:57:15.288744,599616357839755056,-131.00
2025-12-25 15:57:15.288744,599616357839755056,36.00
2025-12-25 15:57:15.288744,599616357839755056,142.00
2025-12-25 15:57:15.288744,599616357839755056,-112.00
2025-12-25 15:57:15.288744,599616357839755056,-480.00
2025-12-25 15:57:15.288744,599616357839755056,-498.00
2025-12-25 15:57:15.288744,599616357839755056,-351.00
2025-12-25 15:57:15.288744,599616357839755056,-310.00
2025-12-25 15:57:15.288744,599616357839755056,-255.00
2025-12-25 15:57:15.288744,599616357839755056,-177.00
2025-12-25 15:57:15.288744,599616357839755056,-172.00
2025-12-25 15:57:15.288744,599616357839755056,-190.00
2025-12-25 15:57:15.288744,599616357839755056,-172.00
2025-12-25 15:57:15.288744,599616357839755056,-167.00
2025-12-25 15:57:15.288744,599616357839755056,-174.00
2025-12-25 15:57:15.288744,599616357839755056,-163.00
2025-12-25 15:57:15.288744,599616357839755056,-154.00
2025-12-25 15:57:15.288744,599616357839755056,-156.00
2025-12-25 15:57:15.288744,599616357839755056,-156.00
2025-12-25 15:57:15.288744,599616357839755056,-154.00
2025-12-25 15:57:15.288744,599616357839755056,-149.00
2025-12-25 15:57:15.288744,599616357839755056,-147.00
2025-12-25 15:57:15.288744,599616357839755056,-142.00
2025-12-25 15:57:15.288744,599616357839755056,-131.00
2025-12-25 15:57:15.288744,599616357839755056,-126.00
2025-12-25 15:57:15.288744,599616357839755056,-128.00
2025-12-25 15:57:15.288744,599616357839755056,-133.00
2025-12-25 15:57:15.288744,599616357839755056,-131.00
2025-12-25 15:57:15.288744,599616357839755056,-121.00
2025-12-25 15:57:15.288744,599616357839755056,-121.00
2025-12-25 15:57:15.288744,599616357839755056,-128.00
2025-12-25 15:57:15.288744,599616357839755056,-135.00
2025-12-25 15:57:15.890776,599616358400604689,-147.00
2025-12-25 15:57:15.890776,599616358400604689,-167.00
2025-12-25 15:57:15.890776,599616358400604689,-190.00
2025-12-25 15:57:15.890776,599616358400604689,-206.00
2025-12-25 15:57:15.890776,599616358400604689,-220.00
2025-12-25 15:57:15.890776,599616358400604689,-239.00
2025-12-25 15:57:15.890776,599616358400604689,-257.00
2025-12-25 15:57:15.890776,599616358400604689,-271.00
2025-12-25 15:57:15.890776,599616358400604689,-273.00
2025-12-25 15:57:15.890776,599616358400604689,-264.00
2025-12-25 15:57:15.890776,599616358400604689,-255.00
2025-12-25 15:57:15.890776,599616358400604689,-257.00
2025-12-25 15:57:15.890776,599616358400604689,-262.00
2025-12-25 15:57:15.890776,599616358400604689,-262.00
2025-12-25 15:57:15.890776,599616358400604689,-266.00
2025-12-25 15:57:15.890776,599616358400604689,-259.00
2025-12-25 15:57:15.890776,599616358400604689,-255.00
2025-12-25 15:57:15.890776,599616358400604689,-264.00
2025-12-25 15:57:15.890776,599616358400604689,-271.00
2025-12-25 15:57:15.890776,599616358400604689,-266.00
2025-12-25 15:57:15.890776,599616358400604689,-257.00
2025-12-25 15:57:15.890776,599616358400604689,-250.00
2025-12-25 15:57:15.890776,599616358400604689,-248.00
2025-12-25 15:57:15.890776,599616358400604689,-245.00
2025-12-25 15:57:15.890776,599616358400604689,-241.00
2025-12-25 15:57:15.890776,599616358400604689,-243.00
2025-12-25 15:57:15.890776,599616358400604689,-250.00
2025-12-25 15:57:15.890776,599616358400604689,-252.00
2025-12-25 15:57:15.890776,599616358400604689,-255.00
2025-12-25 15:57:15.890776,599616358400604689,-248.00
2025-12-25 15:57:15.890776,599616358400604689,-234.00
2025-12-25 15:57:15.890776,599616358400604689,-229.00
2025-12-25 15:57:15.890776,599616358400604689,-241.00
2025-12-25 15:57:15.890776,599616358400604689,-252.00
2025-12-25 15:57:15.890776,599616358400604689,-257.00
2025-12-25 15:57:15.890776,599616358400604689,-255.00
2025-12-25 15:57:15.890776,599616358400604689,-255.00
2025-12-25 15:57:15.890776,599616358400604689,-257.00
2025-12-25 15:57:15.890776,599616358400604689,-252.00
2025-12-25 15:57:15.890776,599616358400604689,-241.00
2025-12-25 15:57:15.890776,599616358400604689,-243.00
2025-12-25 15:57:15.890776,599616358400604689,-255.00
2025-12-25 15:57:15.890776,599616358400604689,-250.00
2025-12-25 15:57:15.890776,599616358400604689,-236.00
2025-12-25 15:57:15.890776,599616358400604689,-241.00
2025-12-25 15:57:15.890776,599616358400604689,-250.00
2025-12-25 15:57:15.890776,599616358400604689,-216.00
2025-12-25 15:57:15.890776,599616358400604689,-80.00
2025-12-25 15:57:15.890776,599616358400604689,91.00
2025-12-25 15:57:15.890776,599616358400604689,-4.00
2025-12-25 15:57:15.890776,599616358400604689,-395.00
2025-12-25 15:57:15.890776,599616358400604689,-593.00
2025-12-25 15:57:15.890776,599616358400604689,-462.00
2025-12-25 15:57:15.890776,599616358400604689,-363.00
2025-12-25 15:57:15.890776,599616358400604689,-328.00
2025-12-25 15:57:15.890776,599616358400604689,-250.00
2025-12-25 15:57:15.890776,599616358400604689,-218.00
2025-12-25 15:57:15.890776,599616358400604689,-234.00
2025-12-25 15:57:15.890776,599616358400604689,-227.00
2025-12-25 15:57:15.890776,599616358400604689,-211.00
2025-12-25 15:57:15.890776,599616358400604689,-209.00
2025-12-25 15:57:15.890776,599616358400604689,-209.00
2025-12-25 15:57:15.890776,599616358400604689,-202.00
2025-12-25 15:57:15.890776,599616358400604689,-202.00
2025-12-25 15:57:15.890776,599616358400604689,-204.00
2025-12-25 15:57:15.890776,599616358400604689,-195.00
2025-12-25 15:57:15.890776,599616358400604689,-183.00
2025-12-25 15:57:15.890776,599616358400604689,-179.00
2025-12-25 15:57:15.890776,599616358400604689,-181.00
2025-12-25 15:57:15.890776,599616358400604689,-181.00
2025-12-25 15:57:15.890776,599616358400604689,-172.00
2025-12-25 15:57:15.890776,599616358400604689,-163.00
2025-12-25 15:57:15.890776,599616358400604689,-158.00
2025-12-25 15:57:16.442624,599616358961454320,-151.00
2025-12-25 15:57:16.442624,599616358961454320,-147.00
2025-12-25 15:57:16.442624,599616358961454320,-144.00
2025-12-25 15:57:16.442624,599616358961454320,-147.00
2025-12-25 15:57:16.442624,599616358961454320,-154.00
2025-12-25 15:57:16.442624,599616358961454320,-158.00
2025-12-25 15:57:16.442624,599616358961454320,-156.00
2025-12-25 15:57:16.442624,599616358961454320,-172.00
2025-12-25 15:57:16.442624,599616358961454320,-197.00
2025-12-25 15:57:16.442624,599616358961454320,-213.00
2025-12-25 15:57:16.442624,599616358961454320,-225.00
2025-12-25 15:57:16.442624,599616358961454320,-229.00
2025-12-25 15:57:16.442624,599616358961454320,-225.00
2025-12-25 15:57:16.442624,599616358961454320,-225.00
2025-12-25 15:57:16.442624,599616358961454320,-229.00
2025-12-25 15:57:16.442624,599616358961454320,-225.00
2025-12-25 15:57:16.442624,599616358961454320,-213.00
2025-12-25 15:57:16.442624,599616358961454320,-209.00
2025-12-25 15:57:16.442624,599616358961454320,-200.00
2025-12-25 15:57:16.442624,599616358961454320,-183.00
2025-12-25 15:57:16.442624,599616358961454320,-177.00
2025-12-25 15:57:16.442624,599616358961454320,-179.00
2025-12-25 15:57:16.442624,599616358961454320,-181.00
2025-12-25 15:57:16.442624,599616358961454320,-179.00
2025-12-25 15:57:16.442624,599616358961454320,-177.00
2025-12-25 15:57:16.442624,599616358961454320,-172.00
2025-12-25 15:57:16.442624,599616358961454320,-170.00
2025-12-25 15:57:16.442624,599616358961454320,-167.00
2025-12-25 15:57:16.442624,599616358961454320,-172.00
2025-12-25 15:57:16.442624,599616358961454320,-172.00
2025-12-25 15:57:16.442624,599616358961454320,-167.00
2025-12-25 15:57:16.442624,599616358961454320,-170.00
2025-12-25 15:57:16.442624,599616358961454320,-174.00
2025-12-25 15:57:16.442624,599616358961454320,-170.00
2025-12-25 15:57:16.442624,599616358961454320,-158.00
2025-12-25 15:57:16.442624,599616358961454320,-140.00
2025-12-25 15:57:16.442624,599616358961454320,-131.00
2025-12-25 15:57:16.442624,599616358961454320,-154.00
2025-12-25 15:57:16.442624,599616358961454320,-170.00
2025-12-25 15:57:16.442624,599616358961454320,-163.00
2025-12-25 15:57:16.442624,599616358961454320,-160.00
2025-12-25 15:57:16.442624,599616358961454320,-163.00
2025-12-25 15:57:16.442624,599616358961454320,-154.00
2025-12-25 15:57:16.442624,599616358961454320,-140.00
2025-12-25 15:57:16.442624,599616358961454320,-133.00
2025-12-25 15:57:16.442624,599616358961454320,-133.00
2025-12-25 15:57:16.442624,599616358961454320,-133.00
2025-12-25 15:57:16.442624,599616358961454320,-126.00
2025-12-25 15:57:16.442624,599616358961454320,-124.00
2025-12-25 15:57:16.442624,599616358961454320,-131.00
2025-12-25 15:57:16.442624,599616358961454320,-126.00
2025-12-25 15:57:16.442624,599616358961454320,-68.00
2025-12-25 15:57:16.442624,599616358961454320,87.00
2025-12-25 15:57:16.442624,599616358961454320,225.00
2025-12-25 15:57:16.442624,599616358961454320,34.00
2025-12-25 15:57:16.442624,599616358961454320,-367.00
2025-12-25 15:57:16.442624,599616358961454320,-471.00
2025-12-25 15:57:16.442624,599616358961454320,-310.00
2025-12-25 15:57:16.442624,599616358961454320,-223.00
2025-12-25 15:57:16.442624,599616358961454320,-179.00
2025-12-25 15:57:16.442624,599616358961454320,-121.00
2025-12-25 15:57:16.442624,599616358961454320,-112.00
2025-12-25 15:57:16.442624,599616358961454320,-124.00
2025-12-25 15:57:16.442624,599616358961454320,-110.00
2025-12-25 15:57:16.442624,599616358961454320,-101.00
2025-12-25 15:57:16.442624,599616358961454320,-101.00
2025-12-25 15:57:16.442624,599616358961454320,-96.00
2025-12-25 15:57:16.442624,599616358961454320,-94.00
2025-12-25 15:57:16.442624,599616358961454320,-94.00
2025-12-25 15:57:16.442624,599616358961454320,-89.00
2025-12-25 15:57:16.442624,599616358961454320,-80.00
2025-12-25 15:57:16.442624,599616358961454320,-80.00
2025-12-25 15:57:16.442624,599616358961454320,-85.00
2025-12-25 15:57:16.994440,599616359522288691,-80.00
2025-12-25 15:57:16.994440,599616359522288691,-71.00
2025-12-25 15:57:16.994440,599616359522288691,-62.00
2025-12-25 15:57:16.994440,599616359522288691,-52.00
2025-12-25 15:57:16.994440,599616359522288691,-50.00
2025-12-25 15:57:16.994440,599616359522288691,-52.00
2025-12-25 15:57:16.994440,599616359522288691,-50.00
2025-12-25 15:57:16.994440,599616359522288691,-45.00
2025-12-25 15:57:16.994440,599616359522288691,-43.00
2025-12-25 15:57:16.994440,599616359522288691,-36.00
2025-12-25 15:57:16.994440,599616359522288691,-34.00
2025-12-25 15:57:16.994440,599616359522288691,-50.00
2025-12-25 15:57:16.994440,599616359522288691,-71.00
2025-12-25 15:57:16.994440,599616359522288691,-87.00
2025-12-25 15:57:16.994440,599616359522288691,-110.00
2025-12-25 15:57:16.994440,599616359522288691,-128.00
2025-12-25 15:57:16.994440,599616359522288691,-126.00
2025-12-25 15:57:16.994440,599616359522288691,-137.00
2025-12-25 15:57:16.994440,599616359522288691,-154.00
2025-12-25 15:57:16.994440,599616359522288691,-151.00
2025-12-25 15:57:16.994440,599616359522288691,-144.00
2025-12-25 15:57:16.994440,599616359522288691,-154.00
2025-12-25 15:57:16.994440,599616359522288691,-158.00
2025-12-25 15:57:16.994440,599616359522288691,-154.00
2025-12-25 15:57:16.994440,599616359522288691,-156.00
2025-12-25 15:57:16.994440,599616359522288691,-158.00
2025-12-25 15:57:16.994440,599616359522288691,-156.00
2025-12-25 15:57:16.994440,599616359522288691,-154.00
2025-12-25 15:57:16.994440,599616359522288691,-156.00
2025-12-25 15:57:16.994440,599616359522288691,-154.00
2025-12-25 15:57:16.994440,599616359522288691,-154.00
2025-12-25 15:57:16.994440,599616359522288691,-158.00
2025-12-25 15:57:16.994440,599616359522288691,-156.00
2025-12-25 15:57:16.994440,599616359522288691,-149.00
2025-12-25 15:57:16.994440,599616359522288691,-151.00
2025-12-25 15:57:16.994440,599616359522288691,-156.00
2025-12-25 15:57:16.994440,599616359522288691,-160.00
2025-12-25 15:57:16.994440,599616359522288691,-160.00
2025-12-25 15:57:16.994440,599616359522288691,-163.00
2025-12-25 15:57:16.994440,599616359522288691,-163.00
2025-12-25 15:57:16.994440,599616359522288691,-149.00
2025-12-25 15:57:16.994440,599616359522288691,-137.00
2025-12-25 15:57:16.994440,599616359522288691,-137.00
2025-12-25 15:57:16.994440,599616359522288691,-151.00
2025-12-25 15:57:16.994440,599616359522288691,-163.00
2025-12-25 15:57:16.994440,599616359522288691,-163.00
2025-12-25 15:57:16.994440,599616359522288691,-160.00
2025-12-25 15:57:16.994440,599616359522288691,-160.00
2025-12-25 15:57:16.994440,599616359522288691,-154.00
2025-12-25 15:57:16.994440,599616359522288691,-149.00
2025-12-25 15:57:16.994440,599616359522288691,-154.00
2025-12-25 15:57:16.994440,599616359522288691,-151.00
2025-12-25 15:57:16.994440,599616359522288691,-144.00
2025-12-25 15:57:16.994440,599616359522288691,-147.00
2025-12-25 15:57:16.994440,599616359522288691,-151.00
2025-12-25 15:57:16.994440,599616359522288691,-156.00
2025-12-25 15:57:16.994440,599616359522288691,-140.00
2025-12-25 15:57:16.994440,599616359522288691,-50.00
2025-12-25 15:57:16.994440,599616359522288691,128.00
2025-12-25 15:57:16.994440,599616359522288691,174.00
2025-12-25 15:57:16.994440,599616359522288691,-142.00
2025-12-25 15:57:16.994440,599616359522288691,-475.00
2025-12-25 15:57:16.994440,599616359522288691,-432.00
2025-12-25 15:57:16.994440,599616359522288691,-285.00
2025-12-25 15:57:16.994440,599616359522288691,-241.00
2025-12-25 15:57:16.994440,599616359522288691,-177.00
2025-12-25 15:57:16.994440,599616359522288691,-117.00
2025-12-25 15:57:16.994440,599616359522288691,-117.00
2025-12-25 15:57:16.994440,599616359522288691,-114.00
2025-12-25 15:57:16.994440,599616359522288691,-105.00
2025-12-25 15:57:16.994440,599616359522288691,-105.00
2025-12-25 15:57:16.994440,599616359522288691,-101.00
2025-12-25 15:57:16.994440,599616359522288691,-96.00
2025-12-25 15:57:17.596733,599616360083123064,-91.00
2025-12-25 15:57:17.596733,599616360083123064,-80.00
2025-12-25 15:57:17.596733,599616360083123064,-75.00
2025-12-25 15:57:17.596733,599616360083123064,-87.00
2025-12-25 15:57:17.596733,599616360083123064,-89.00
2025-12-25 15:57:17.596733,599616360083123064,-75.00
2025-12-25 15:57:17.596733,599616360083123064,-59.00
2025-12-25 15:57:17.596733,599616360083123064,-48.00
2025-12-25 15:57:17.596733,599616360083123064,-50.00
2025-12-25 15:57:17.596733,599616360083123064,-52.00
2025-12-25 15:57:17.596733,599616360083123064,-48.00
2025-12-25 15:57:17.596733,599616360083123064,-50.00
2025-12-25 15:57:17.596733,599616360083123064,-50.00
2025-12-25 15:57:17.596733,599616360083123064,-41.00
2025-12-25 15:57:17.596733,599616360083123064,-36.00
2025-12-25 15:57:17.596733,599616360083123064,-48.00
2025-12-25 15:57:17.596733,599616360083123064,-64.00
2025-12-25 15:57:17.596733,599616360083123064,-80.00
2025-12-25 15:57:17.596733,599616360083123064,-94.00
2025-12-25 15:57:17.596733,599616360083123064,-110.00
2025-12-25 15:57:17.596733,599616360083123064,-131.00
2025-12-25 15:57:17.596733,599616360083123064,-151.00
2025-12-25 15:57:17.596733,599616360083123064,-163.00
2025-12-25 15:57:17.596733,599616360083123064,-170.00
2025-12-25 15:57:17.596733,599616360083123064,-177.00
2025-12-25 15:57:17.596733,599616360083123064,-177.00
2025-12-25 15:57:17.596733,599616360083123064,-172.00
2025-12-25 15:57:17.596733,599616360083123064,-170.00
2025-12-25 15:57:17.596733,599616360083123064,-172.00
2025-12-25 15:57:17.596733,599616360083123064,-174.00
2025-12-25 15:57:17.596733,599616360083123064,-167.00
2025-12-25 15:57:17.596733,599616360083123064,-158.00
2025-12-25 15:57:17.596733,599616360083123064,-160.00
2025-12-25 15:57:17.596733,599616360083123064,-163.00
2025-12-25 15:57:17.596733,599616360083123064,-154.00
2025-12-25 15:57:17.596733,599616360083123064,-149.00
2025-12-25 15:57:17.596733,599616360083123064,-151.00
2025-12-25 15:57:17.596733,599616360083123064,-156.00
2025-12-25 15:57:17.596733,599616360083123064,-156.00
2025-12-25 15:57:17.596733,599616360083123064,-160.00
2025-12-25 15:57:17.596733,599616360083123064,-170.00
2025-12-25 15:57:17.596733,599616360083123064,-170.00
2025-12-25 15:57:17.596733,599616360083123064,-160.00
2025-12-25 15:57:17.596733,599616360083123064,-160.00
2025-12-25 15:57:17.596733,599616360083123064,-160.00
2025-12-25 15:57:17.596733,599616360083123064,-151.00
2025-12-25 15:57:17.596733,599616360083123064,-142.00
2025-12-25 15:57:17.596733,599616360083123064,-144.00
2025-12-25 15:57:17.596733,599616360083123064,-156.00
2025-12-25 15:57:17.596733,599616360083123064,-156.00
2025-12-25 15:57:17.596733,599616360083123064,-147.00
2025-12-25 15:57:17.596733,599616360083123064,-144.00
2025-12-25 15:57:17.596733,599616360083123064,-151.00
2025-12-25 15:57:17.596733,599616360083123064,-151.00
2025-12-25 15:57:17.596733,599616360083123064,-142.00
2025-12-25 15:57:17.596733,599616360083123064,-131.00
2025-12-25 15:57:17.596733,599616360083123064,-133.00
2025-12-25 15:57:17.596733,599616360083123064,-137.00
2025-12-25 15:57:17.596733,599616360083123064,-142.00
2025-12-25 15:57:17.596733,599616360083123064,-149.00
2025-12-25 15:57:17.596733,599616360083123064,-131.00
2025-12-25 15:57:17.596733,599616360083123064,-41.00
2025-12-25 15:57:17.596733,599616360083123064,137.00
2025-12-25 15:57:17.596733,599616360083123064,209.00
2025-12-25 15:57:17.596733,599616360083123064,-89.00
2025-12-25 15:57:17.596733,599616360083123064,-427.00
2025-12-25 15:57:17.596733,599616360083123064,-402.00
2025-12-25 15:57:17.596733,599616360083123064,-278.00
2025-12-25 15:57:17.596733,599616360083123064,-252.00
2025-12-25 15:57:17.596733,599616360083123064,-177.00
2025-12-25 15:57:17.596733,599616360083123064,-96.00
2025-12-25 15:57:17.596733,599616360083123064,-101.00
2025-12-25 15:57:17.596733,599616360083123064,-108.00
2025-12-25 15:57:18.149092,599616360643967607,-85.00
2025-12-25 15:57:18.149092,599616360643967607,-87.00
2025-12-25 15:57:18.149092,599616360643967607,-94.00
2025-12-25 15:57:18.149092,599616360643967607,-85.00
2025-12-25 15:57:18.149092,599616360643967607,-87.00
2025-12-25 15:57:18.149092,599616360643967607,-85.00
2025-12-25 15:57:18.149092,599616360643967607,-71.00
2025-12-25 15:57:18.149092,599616360643967607,-73.00
2025-12-25 15:57:18.149092,599616360643967607,-80.00
2025-12-25 15:57:18.149092,599616360643967607,-68.00
2025-12-25 15:57:18.149092,599616360643967607,-57.00
2025-12-25 15:57:18.149092,599616360643967607,-59.00
2025-12-25 15:57:18.149092,599616360643967607,-62.00
2025-12-25 15:57:18.149092,599616360643967607,-52.00
2025-12-25 15:57:18.149092,599616360643967607,-48.00
2025-12-25 15:57:18.149092,599616360643967607,-45.00
2025-12-25 15:57:18.149092,599616360643967607,-43.00
2025-12-25 15:57:18.149092,599616360643967607,-45.00
2025-12-25 15:57:18.149092,599616360643967607,-48.00
2025-12-25 15:57:18.149092,599616360643967607,-55.00
2025-12-25 15:57:18.149092,599616360643967607,-62.00
2025-12-25 15:57:18.149092,599616360643967607,-71.00
2025-12-25 15:57:18.149092,599616360643967607,-78.00
2025-12-25 15:57:18.149092,599616360643967607,-98.00
2025-12-25 15:57:18.149092,599616360643967607,-126.00
2025-12-25 15:57:18.149092,599616360643967607,-140.00
2025-12-25 15:57:18.149092,599616360643967607,-151.00
2025-12-25 15:57:18.149092,599616360643967607,-165.00
2025-12-25 15:57:18.149092,599616360643967607,-167.00
2025-12-25 15:57:18.149092,599616360643967607,-165.00
2025-12-25 15:57:18.149092,599616360643967607,-167.00
2025-12-25 15:57:18.149092,599616360643967607,-167.00
2025-12-25 15:57:18.149092,599616360643967607,-163.00
2025-12-25 15:57:18.149092,599616360643967607,-158.00
2025-12-25 15:57:18.149092,599616360643967607,-151.00
2025-12-25 15:57:18.149092,599616360643967607,-147.00
2025-12-25 15:57:18.149092,599616360643967607,-142.00
2025-12-25 15:57:18.149092,599616360643967607,-144.00
2025-12-25 15:57:18.149092,599616360643967607,-151.00
2025-12-25 15:57:18.149092,599616360643967607,-151.00
2025-12-25 15:57:18.149092,599616360643967607,-142.00
2025-12-25 15:57:18.149092,599616360643967607,-142.00
2025-12-25 15:57:18.149092,599616360643967607,-147.00
2025-12-25 15:57:18.149092,599616360643967607,-147.00
2025-12-25 15:57:18.149092,599616360643967607,-147.00
2025-12-25 15:57:18.149092,599616360643967607,-156.00
2025-12-25 15:57:18.149092,599616360643967607,-160.00
2025-12-25 15:57:18.149092,599616360643967607,-158.00
2025-12-25 15:57:18.149092,599616360643967607,-147.00
2025-12-25 15:57:18.149092,599616360643967607,-128.00
2025-12-25 15:57:18.149092,599616360643967607,-121.00
2025-12-25 15:57:18.149092,599616360643967607,-131.00
2025-12-25 15:57:18.149092,599616360643967607,-142.00
2025-12-25 15:57:18.149092,599616360643967607,-147.00
2025-12-25 15:57:18.149092,599616360643967607,-142.00
2025-12-25 15:57:18.149092,599616360643967607,-135.00
2025-12-25 15:57:18.149092,599616360643967607,-142.00
2025-12-25 15:57:18.149092,599616360643967607,-147.00
2025-12-25 15:57:18.149092,599616360643967607,-137.00
2025-12-25 15:57:18.149092,599616360643967607,-126.00
2025-12-25 15:57:18.149092,599616360643967607,-124.00
2025-12-25 15:57:18.149092,599616360643967607,-126.00
2025-12-25 15:57:18.149092,599616360643967607,-124.00
2025-12-25 15:57:18.149092,599616360643967607,-126.00
2025-12-25 15:57:18.149092,599616360643967607,-112.00
2025-12-25 15:57:18.149092,599616360643967607,6.00
2025-12-25 15:57:18.149092,599616360643967607,202.00
2025-12-25 15:57:18.149092,599616360643967607,165.00
2025-12-25 15:57:18.149092,599616360643967607,-216.00
2025-12-25 15:57:18.149092,599616360643967607,-459.00
2025-12-25 15:57:18.149092,599616360643967607,-365.00
2025-12-25 15:57:18.149092,599616360643967607,-280.00
2025-12-25 15:57:18.149092,599616360643967607,-250.00
2025-12-25 15:57:18.600495,599616361204822324,-151.00
2025-12-25 15:57:18.600495,599616361204822324,-96.00
2025-12-25 15:57:18.600495,599616361204822324,-117.00
2025-12-25 15:57:18.600495,599616361204822324,-117.00
2025-12-25 15:57:18.600495,599616361204822324,-96.00
2025-12-25 15:57:18.600495,599616361204822324,-96.00
2025-12-25 15:57:18.600495,599616361204822324,-96.00
2025-12-25 15:57:18.600495,599616361204822324,-91.00
2025-12-25 15:57:18.600495,599616361204822324,-91.00
2025-12-25 15:57:18.600495,599616361204822324,-91.00
2025-12-25 15:57:18.600495,599616361204822324,-87.00
2025-12-25 15:57:18.600495,599616361204822324,-78.00
2025-12-25 15:57:18.600495,599616361204822324,-66.00
2025-12-25 15:57:18.600495,599616361204822324,-55.00
2025-12-25 15:57:18.600495,599616361204822324,-48.00
2025-12-25 15:57:18.600495,599616361204822324,-55.00
2025-12-25 15:57:18.600495,599616361204822324,-57.00
2025-12-25 15:57:18.600495,599616361204822324,-48.00
2025-12-25 15:57:18.600495,599616361204822324,-39.00
2025-12-25 15:57:18.600495,599616361204822324,-25.00
2025-12-25 15:57:18.600495,599616361204822324,-25.00
2025-12-25 15:57:18.600495,599616361204822324,-34.00
2025-12-25 15:57:18.600495,599616361204822324,-36.00
2025-12-25 15:57:18.600495,599616361204822324,-45.00
2025-12-25 15:57:18.600495,599616361204822324,-66.00
2025-12-25 15:57:18.600495,599616361204822324,-75.00
2025-12-25 15:57:18.600495,599616361204822324,-89.00
2025-12-25 15:57:18.600495,599616361204822324,-114.00
2025-12-25 15:57:18.600495,599616361204822324,-135.00
2025-12-25 15:57:18.600495,599616361204822324,-144.00
2025-12-25 15:57:18.600495,599616361204822324,-154.00
2025-12-25 15:57:18.600495,599616361204822324,-167.00
2025-12-25 15:57:18.600495,599616361204822324,-172.00
2025-12-25 15:57:18.600495,599616361204822324,-167.00
2025-12-25 15:57:18.600495,599616361204822324,-165.00
2025-12-25 15:57:18.600495,599616361204822324,-165.00
2025-12-25 15:57:18.600495,599616361204822324,-163.00
2025-12-25 15:57:18.600495,599616361204822324,-156.00
2025-12-25 15:57:18.600495,599616361204822324,-156.00
2025-12-25 15:57:18.600495,599616361204822324,-158.00
2025-12-25 15:57:18.600495,599616361204822324,-154.00
2025-12-25 15:57:18.600495,599616361204822324,-147.00
2025-12-25 15:57:18.600495,599616361204822324,-142.00
2025-12-25 15:57:18.600495,599616361204822324,-144.00
2025-12-25 15:57:18.600495,599616361204822324,-154.00
2025-12-25 15:57:18.600495,599616361204822324,-154.00
2025-12-25 15:57:18.600495,599616361204822324,-144.00
2025-12-25 15:57:18.600495,599616361204822324,-149.00
2025-12-25 15:57:18.600495,599616361204822324,-160.00
2025-12-25 15:57:18.600495,599616361204822324,-163.00
2025-12-25 15:57:18.600495,599616361204822324,-154.00
2025-12-25 15:57:18.600495,599616361204822324,-147.00
2025-12-25 15:57:18.600495,599616361204822324,-140.00
2025-12-25 15:57:18.600495,599616361204822324,-126.00
2025-12-25 15:57:18.600495,599616361204822324,-119.00
2025-12-25 15:57:18.600495,599616361204822324,-131.00
2025-12-25 15:57:18.600495,599616361204822324,-140.00
2025-12-25 15:57:18.600495,599616361204822324,-140.00
2025-12-25 15:57:18.600495,599616361204822324,-131.00
2025-12-25 15:57:18.600495,599616361204822324,-128.00
2025-12-25 15:57:18.600495,599616361204822324,-128.00
2025-12-25 15:57:18.600495,599616361204822324,-121.00
2025-12-25 15:57:18.600495,599616361204822324,-121.00
2025-12-25 15:57:18.600495,599616361204822324,-124.00
2025-12-25 15:57:18.600495,599616361204822324,-121.00
2025-12-25 15:57:18.600495,599616361204822324,-124.00
2025-12-25 15:57:18.600495,599616361204822324,-133.00
2025-12-25 15:57:18.600495,599616361204822324,-121.00
2025-12-25 15:57:18.600495,599616361204822324,-20.00
2025-12-25 15:57:18.600495,599616361204822324,183.00
2025-12-25 15:57:18.600495,599616361204822324,213.00
2025-12-25 15:57:18.600495,599616361204822324,-144.00
2025-12-25 15:57:18.600495,599616361204822324,-471.00
2025-12-25 15:57:19.252153,599616361765646527,-400.00
2025-12-25 15:57:19.252153,599616361765646527,-266.00
2025-12-25 15:57:19.252153,599616361765646527,-243.00
2025-12-25 15:57:19.252153,599616361765646527,-174.00
2025-12-25 15:57:19.252153,599616361765646527,-96.00
2025-12-25 15:57:19.252153,599616361765646527,-89.00
2025-12-25 15:57:19.252153,599616361765646527,-98.00
2025-12-25 15:57:19.252153,599616361765646527,-91.00
2025-12-25 15:57:19.252153,599616361765646527,-91.00
2025-12-25 15:57:19.252153,599616361765646527,-91.00
2025-12-25 15:57:19.252153,599616361765646527,-82.00
2025-12-25 15:57:19.252153,599616361765646527,-80.00
2025-12-25 15:57:19.252153,599616361765646527,-87.00
2025-12-25 15:57:19.252153,599616361765646527,-87.00
2025-12-25 15:57:19.252153,599616361765646527,-85.00
2025-12-25 15:57:19.252153,599616361765646527,-89.00
2025-12-25 15:57:19.252153,599616361765646527,-85.00
2025-12-25 15:57:19.252153,599616361765646527,-75.00
2025-12-25 15:57:19.252153,599616361765646527,-68.00
2025-12-25 15:57:19.252153,599616361765646527,-64.00
2025-12-25 15:57:19.252153,599616361765646527,-62.00
2025-12-25 15:57:19.252153,599616361765646527,-57.00
2025-12-25 15:57:19.252153,599616361765646527,-52.00
2025-12-25 15:57:19.252153,599616361765646527,-57.00
2025-12-25 15:57:19.252153,599616361765646527,-59.00
2025-12-25 15:57:19.252153,599616361765646527,-64.00
2025-12-25 15:57:19.252153,599616361765646527,-78.00
2025-12-25 15:57:19.252153,599616361765646527,-89.00
2025-12-25 15:57:19.252153,599616361765646527,-101.00
2025-12-25 15:57:19.252153,599616361765646527,-128.00
2025-12-25 15:57:19.252153,599616361765646527,-144.00
2025-12-25 15:57:19.252153,599616361765646527,-142.00
2025-12-25 15:57:19.252153,599616361765646527,-156.00
2025-12-25 15:57:19.252153,599616361765646527,-177.00
2025-12-25 15:57:19.252153,599616361765646527,-179.00
2025-12-25 15:57:19.252153,599616361765646527,-183.00
2025-12-25 15:57:19.252153,599616361765646527,-188.00
2025-12-25 15:57:19.252153,599616361765646527,-190.00
2025-12-25 15:57:19.252153,599616361765646527,-186.00
2025-12-25 15:57:19.252153,599616361765646527,-179.00
2025-12-25 15:57:19.252153,599616361765646527,-174.00
2025-12-25 15:57:19.252153,599616361765646527,-177.00
2025-12-25 15:57:19.252153,599616361765646527,-177.00
2025-12-25 15:57:19.252153,599616361765646527,-172.00
2025-12-25 15:57:19.252153,599616361765646527,-174.00
2025-12-25 15:57:19.252153,599616361765646527,-167.00
2025-12-25 15:57:19.252153,599616361765646527,-149.00
2025-12-25 15:57:19.252153,599616361765646527,-147.00
2025-12-25 15:57:19.252153,599616361765646527,-154.00
2025-12-25 15:57:19.252153,599616361765646527,-156.00
2025-12-25 15:57:19.252153,599616361765646527,-156.00
2025-12-25 15:57:19.252153,599616361765646527,-156.00
2025-12-25 15:57:19.252153,599616361765646527,-156.00
2025-12-25 15:57:19.252153,599616361765646527,-156.00
2025-12-25 15:57:19.252153,599616361765646527,-151.00
2025-12-25 15:57:19.252153,599616361765646527,-137.00
2025-12-25 15:57:19.252153,599616361765646527,-137.00
2025-12-25 15:57:19.252153,599616361765646527,-151.00
2025-12-25 15:57:19.252153,599616361765646527,-160.00
2025-12-25 15:57:19.252153,599616361765646527,-154.00
2025-12-25 15:57:19.252153,599616361765646527,-151.00
2025-12-25 15:57:19.252153,599616361765646527,-158.00
2025-12-25 15:57:19.252153,599616361765646527,-158.00
2025-12-25 15:57:19.252153,599616361765646527,-142.00
2025-12-25 15:57:19.252153,599616361765646527,-133.00
2025-12-25 15:57:19.252153,599616361765646527,-147.00
2025-12-25 15:57:19.252153,599616361765646527,-149.00
2025-12-25 15:57:19.252153,599616361765646527,-142.00
2025-12-25 15:57:19.252153,599616361765646527,-142.00
2025-12-25 15:57:19.252153,599616361765646527,-140.00
2025-12-25 15:57:19.252153,599616361765646527,-101.00
2025-12-25 15:57:19.252153,599616361765646527,27.00
2025-12-25 15:57:19.252153,599616361765646527,206.00
2025-12-25 15:57:19.753674,599616362326491072,114.00
2025-12-25 15:57:19.753674,599616362326491072,-287.00
2025-12-25 15:57:19.753674,599616362326491072,-471.00
2025-12-25 15:57:19.753674,599616362326491072,-344.00
2025-12-25 15:57:19.753674,599616362326491072,-273.00
2025-12-25 15:57:19.753674,599616362326491072,-241.00
2025-12-25 15:57:19.753674,599616362326491072,-151.00
2025-12-25 15:57:19.753674,599616362326491072,-114.00
2025-12-25 15:57:19.753674,599616362326491072,-124.00
2025-12-25 15:57:19.753674,599616362326491072,-105.00
2025-12-25 15:57:19.753674,599616362326491072,-96.00
2025-12-25 15:57:19.753674,599616362326491072,-108.00
2025-12-25 15:57:19.753674,599616362326491072,-103.00
2025-12-25 15:57:19.753674,599616362326491072,-87.00
2025-12-25 15:57:19.753674,599616362326491072,-82.00
2025-12-25 15:57:19.753674,599616362326491072,-87.00
2025-12-25 15:57:19.753674,599616362326491072,-87.00
2025-12-25 15:57:19.753674,599616362326491072,-82.00
2025-12-25 15:57:19.753674,599616362326491072,-78.00
2025-12-25 15:57:19.753674,599616362326491072,-75.00
2025-12-25 15:57:19.753674,599616362326491072,-71.00
2025-12-25 15:57:19.753674,599616362326491072,-59.00
2025-12-25 15:57:19.753674,599616362326491072,-50.00
2025-12-25 15:57:19.753674,599616362326491072,-48.00
2025-12-25 15:57:19.753674,599616362326491072,-48.00
2025-12-25 15:57:19.753674,599616362326491072,-48.00
2025-12-25 15:57:19.753674,599616362326491072,-45.00
2025-12-25 15:57:19.753674,599616362326491072,-45.00
2025-12-25 15:57:19.753674,599616362326491072,-59.00
2025-12-25 15:57:19.753674,599616362326491072,-73.00
2025-12-25 15:57:19.753674,599616362326491072,-78.00
2025-12-25 15:57:19.753674,599616362326491072,-91.00
2025-12-25 15:57:19.753674,599616362326491072,-114.00
2025-12-25 15:57:19.753674,599616362326491072,-137.00
2025-12-25 15:57:19.753674,599616362326491072,-160.00
2025-12-25 15:57:19.753674,599616362326491072,-177.00
2025-12-25 15:57:19.753674,599616362326491072,-190.00
2025-12-25 15:57:19.753674,599616362326491072,-190.00
2025-12-25 15:57:19.753674,599616362326491072,-179.00
2025-12-25 15:57:19.753674,599616362326491072,-177.00
2025-12-25 15:57:19.753674,599616362326491072,-190.00
2025-12-25 15:57:19.753674,599616362326491072,-197.00
2025-12-25 15:57:19.753674,599616362326491072,-183.00
2025-12-25 15:57:19.753674,599616362326491072,-172.00
2025-12-25 15:57:19.753674,599616362326491072,-167.00
2025-12-25 15:57:19.753674,599616362326491072,-172.00
2025-12-25 15:57:19.753674,599616362326491072,-174.00
2025-12-25 15:57:19.753674,599616362326491072,-170.00
2025-12-25 15:57:19.753674,599616362326491072,-165.00
2025-12-25 15:57:19.753674,599616362326491072,-165.00
2025-12-25 15:57:19.753674,599616362326491072,-163.00
2025-12-25 15:57:19.753674,599616362326491072,-163.00
2025-12-25 15:57:19.753674,599616362326491072,-167.00
2025-12-25 15:57:19.753674,599616362326491072,-170.00
2025-12-25 15:57:19.753674,599616362326491072,-170.00
2025-12-25 15:57:19.753674,599616362326491072,-167.00
2025-12-25 15:57:19.753674,599616362326491072,-167.00
2025-12-25 15:57:19.753674,599616362326491072,-163.00
2025-12-25 15:57:19.753674,599616362326491072,-149.00
2025-12-25 15:57:19.753674,599616362326491072,-137.00
2025-12-25 15:57:19.753674,599616362326491072,-142.00
2025-12-25 15:57:19.753674,599616362326491072,-158.00
2025-12-25 15:57:19.753674,599616362326491072,-167.00
2025-12-25 15:57:19.753674,599616362326491072,-165.00
2025-12-25 15:57:19.753674,599616362326491072,-163.00
2025-12-25 15:57:19.753674,599616362326491072,-163.00
2025-12-25 15:57:19.753674,599616362326491072,-160.00
2025-12-25 15:57:19.753674,599616362326491072,-158.00
2025-12-25 15:57:19.753674,599616362326491072,-154.00
2025-12-25 15:57:19.753674,599616362326491072,-147.00
2025-12-25 15:57:19.753674,599616362326491072,-142.00
2025-12-25 15:57:19.753674,599616362326491072,-147.00
2025-12-25 15:57:19.753674,599616362326491072,-160.00
2025-12-25 15:57:20.305309,599616362887325443,-163.00
2025-12-25 15:57:20.305309,599616362887325443,-119.00
2025-12-25 15:57:20.305309,599616362887325443,20.00
2025-12-25 15:57:20.305309,599616362887325443,202.00
2025-12-25 15:57:20.305309,599616362887325443,110.00
2025-12-25 15:57:20.305309,599616362887325443,-294.00
2025-12-25 15:57:20.305309,599616362887325443,-505.00
2025-12-25 15:57:20.305309,599616362887325443,-377.00
2025-12-25 15:57:20.305309,599616362887325443,-266.00
2025-12-25 15:57:20.305309,599616362887325443,-234.00
2025-12-25 15:57:20.305309,599616362887325443,-158.00
2025-12-25 15:57:20.305309,599616362887325443,-108.00
2025-12-25 15:57:20.305309,599616362887325443,-119.00
2025-12-25 15:57:20.305309,599616362887325443,-114.00
2025-12-25 15:57:20.305309,599616362887325443,-98.00
2025-12-25 15:57:20.305309,599616362887325443,-105.00
2025-12-25 15:57:20.305309,599616362887325443,-105.00
2025-12-25 15:57:20.305309,599616362887325443,-98.00
2025-12-25 15:57:20.305309,599616362887325443,-96.00
2025-12-25 15:57:20.305309,599616362887325443,-96.00
2025-12-25 15:57:20.305309,599616362887325443,-101.00
2025-12-25 15:57:20.305309,599616362887325443,-105.00
2025-12-25 15:57:20.305309,599616362887325443,-101.00
2025-12-25 15:57:20.305309,599616362887325443,-94.00
2025-12-25 15:57:20.305309,599616362887325443,-91.00
2025-12-25 15:57:20.305309,599616362887325443,-87.00
2025-12-25 15:57:20.305309,599616362887325443,-85.00
2025-12-25 15:57:20.305309,599616362887325443,-87.00
2025-12-25 15:57:20.305309,599616362887325443,-78.00
2025-12-25 15:57:20.305309,599616362887325443,-68.00
2025-12-25 15:57:20.305309,599616362887325443,-66.00
2025-12-25 15:57:20.305309,599616362887325443,-62.00
2025-12-25 15:57:20.305309,599616362887325443,-68.00
2025-12-25 15:57:20.305309,599616362887325443,-82.00
2025-12-25 15:57:20.305309,599616362887325443,-87.00
2025-12-25 15:57:20.305309,599616362887325443,-108.00
2025-12-25 15:57:20.305309,599616362887325443,-140.00
2025-12-25 15:57:20.305309,599616362887325443,-156.00
2025-12-25 15:57:20.305309,599616362887325443,-165.00
2025-12-25 15:57:20.305309,599616362887325443,-188.00
2025-12-25 15:57:20.305309,599616362887325443,-202.00
2025-12-25 15:57:20.305309,599616362887325443,-204.00
2025-12-25 15:57:20.305309,599616362887325443,-209.00
2025-12-25 15:57:20.305309,599616362887325443,-209.00
2025-12-25 15:57:20.305309,599616362887325443,-204.00
2025-12-25 15:57:20.305309,599616362887325443,-197.00
2025-12-25 15:57:20.305309,599616362887325443,-193.00
2025-12-25 15:57:20.305309,599616362887325443,-195.00
2025-12-25 15:57:20.305309,599616362887325443,-197.00
2025-12-25 15:57:20.305309,599616362887325443,-197.00
2025-12-25 15:57:20.305309,599616362887325443,-200.00
2025-12-25 15:57:20.305309,599616362887325443,-195.00
2025-12-25 15:57:20.305309,599616362887325443,-190.00
2025-12-25 15:57:20.305309,599616362887325443,-190.00
2025-12-25 15:57:20.305309,599616362887325443,-190.00
2025-12-25 15:57:20.305309,599616362887325443,-186.00
2025-12-25 15:57:20.305309,599616362887325443,-183.00
2025-12-25 15:57:20.305309,599616362887325443,-186.00
2025-12-25 15:57:20.305309,599616362887325443,-188.00
2025-12-25 15:57:20.305309,599616362887325443,-190.00
2025-12-25 15:57:20.305309,599616362887325443,-197.00
2025-12-25 15:57:20.305309,599616362887325443,-195.00
2025-12-25 15:57:20.305309,599616362887325443,-177.00
2025-12-25 15:57:20.305309,599616362887325443,-163.00
2025-12-25 15:57:20.305309,599616362887325443,-167.00
2025-12-25 15:57:20.305309,599616362887325443,-181.00
2025-12-25 15:57:20.305309,599616362887325443,-193.00
2025-12-25 15:57:20.305309,599616362887325443,-190.00
2025-12-25 15:57:20.305309,599616362887325443,-181.00
2025-12-25 15:57:20.305309,599616362887325443,-181.00
2025-12-25 15:57:20.305309,599616362887325443,-181.00
2025-12-25 15:57:20.305309,599616362887325443,-177.00
2025-12-25 15:57:20.305309,599616362887325443,-177.00
2025-12-25 15:57:20.956839,599616363448180160,-179.00
2025-12-25 15:57:20.956839,599616363448180160,-170.00
2025-12-25 15:57:20.956839,599616363448180160,-163.00
2025-12-25 15:57:20.956839,599616363448180160,-163.00
2025-12-25 15:57:20.956839,599616363448180160,-163.00
2025-12-25 15:57:20.956839,599616363448180160,-147.00
2025-12-25 15:57:20.956839,599616363448180160,-55.00
2025-12-25 15:57:20.956839,599616363448180160,149.00
2025-12-25 15:57:20.956839,599616363448180160,229.00
2025-12-25 15:57:20.956839,599616363448180160,-85.00
2025-12-25 15:57:20.956839,599616363448180160,-462.00
2025-12-25 15:57:20.956839,599616363448180160,-457.00
2025-12-25 15:57:20.956839,599616363448180160,-291.00
2025-12-25 15:57:20.956839,599616363448180160,-227.00
2025-12-25 15:57:20.956839,599616363448180160,-165.00
2025-12-25 15:57:20.956839,599616363448180160,-114.00
2025-12-25 15:57:20.956839,599616363448180160,-124.00
2025-12-25 15:57:20.956839,599616363448180160,-124.00
2025-12-25 15:57:20.956839,599616363448180160,-101.00
2025-12-25 15:57:20.956839,599616363448180160,-91.00
2025-12-25 15:57:20.956839,599616363448180160,-91.00
2025-12-25 15:57:20.956839,599616363448180160,-96.00
2025-12-25 15:57:20.956839,599616363448180160,-101.00
2025-12-25 15:57:20.956839,599616363448180160,-87.00
2025-12-25 15:57:20.956839,599616363448180160,-71.00
2025-12-25 15:57:20.956839,599616363448180160,-78.00
2025-12-25 15:57:20.956839,599616363448180160,-87.00
2025-12-25 15:57:20.956839,599616363448180160,-78.00
2025-12-25 15:57:20.956839,599616363448180160,-71.00
2025-12-25 15:57:20.956839,599616363448180160,-71.00
2025-12-25 15:57:20.956839,599616363448180160,-59.00
2025-12-25 15:57:20.956839,599616363448180160,-48.00
2025-12-25 15:57:20.956839,599616363448180160,-45.00
2025-12-25 15:57:20.956839,599616363448180160,-50.00
2025-12-25 15:57:20.956839,599616363448180160,-48.00
2025-12-25 15:57:20.956839,599616363448180160,-45.00
2025-12-25 15:57:20.956839,599616363448180160,-39.00
2025-12-25 15:57:20.956839,599616363448180160,-39.00
2025-12-25 15:57:20.956839,599616363448180160,-57.00
2025-12-25 15:57:20.956839,599616363448180160,-80.00
2025-12-25 15:57:20.956839,599616363448180160,-103.00
2025-12-25 15:57:20.956839,599616363448180160,-131.00
2025-12-25 15:57:20.956839,599616363448180160,-154.00
2025-12-25 15:57:20.956839,599616363448180160,-160.00
2025-12-25 15:57:20.956839,599616363448180160,-167.00
2025-12-25 15:57:20.956839,599616363448180160,-183.00
2025-12-25 15:57:20.956839,599616363448180160,-188.00
2025-12-25 15:57:20.956839,599616363448180160,-188.00
2025-12-25 15:57:20.956839,599616363448180160,-188.00
2025-12-25 15:57:20.956839,599616363448180160,-183.00
2025-12-25 15:57:20.956839,599616363448180160,-181.00
2025-12-25 15:57:20.956839,599616363448180160,-177.00
2025-12-25 15:57:20.956839,599616363448180160,-174.00
2025-12-25 15:57:20.956839,599616363448180160,-174.00
2025-12-25 15:57:20.956839,599616363448180160,-174.00
2025-12-25 15:57:20.956839,599616363448180160,-170.00
2025-12-25 15:57:20.956839,599616363448180160,-163.00
2025-12-25 15:57:20.956839,599616363448180160,-160.00
2025-12-25 15:57:20.956839,599616363448180160,-156.00
2025-12-25 15:57:20.956839,599616363448180160,-158.00
2025-12-25 15:57:20.956839,599616363448180160,-160.00
2025-12-25 15:57:20.956839,599616363448180160,-154.00
2025-12-25 15:57:20.956839,599616363448180160,-154.00
2025-12-25 15:57:20.956839,599616363448180160,-167.00
2025-12-25 15:57:20.956839,599616363448180160,-167.00
2025-12-25 15:57:20.956839,599616363448180160,-158.00
2025-12-25 15:57:20.956839,599616363448180160,-154.00
2025-12-25 15:57:20.956839,599616363448180160,-142.00
2025-12-25 15:57:20.956839,599616363448180160,-128.00
2025-12-25 15:57:20.956839,599616363448180160,-124.00
2025-12-25 15:57:20.956839,599616363448180160,-137.00
2025-12-25 15:57:20.956839,599616363448180160,-147.00
2025-12-25 15:57:20.956839,599616363448180160,-144.00
2025-12-25 15:57:21.458559,599616364009009447,-149.00
2025-12-25 15:57:21.458559,599616364009009447,-151.00
2025-12-25 15:57:21.458559,599616364009009447,-144.00
2025-12-25 15:57:21.458559,599616364009009447,-142.00
2025-12-25 15:57:21.458559,599616364009009447,-140.00
2025-12-25 15:57:21.458559,599616364009009447,-128.00
2025-12-25 15:57:21.458559,599616364009009447,-121.00
2025-12-25 15:57:21.458559,599616364009009447,-124.00
2025-12-25 15:57:21.458559,599616364009009447,-126.00
2025-12-25 15:57:21.458559,599616364009009447,-126.00
2025-12-25 15:57:21.458559,599616364009009447,-121.00
2025-12-25 15:57:21.458559,599616364009009447,-62.00
2025-12-25 15:57:21.458559,599616364009009447,110.00
2025-12-25 15:57:21.458559,599616364009009447,257.00
2025-12-25 15:57:21.458559,599616364009009447,57.00
2025-12-25 15:57:21.458559,599616364009009447,-356.00
2025-12-25 15:57:21.458559,599616364009009447,-457.00
2025-12-25 15:57:21.458559,599616364009009447,-285.00
2025-12-25 15:57:21.458559,599616364009009447,-200.00
2025-12-25 15:57:21.458559,599616364009009447,-163.00
2025-12-25 15:57:21.458559,599616364009009447,-96.00
2025-12-25 15:57:21.458559,599616364009009447,-80.00
2025-12-25 15:57:21.458559,599616364009009447,-96.00
2025-12-25 15:57:21.458559,599616364009009447,-82.00
2025-12-25 15:57:21.458559,599616364009009447,-71.00
2025-12-25 15:57:21.458559,599616364009009447,-75.00
2025-12-25 15:57:21.458559,599616364009009447,-75.00
2025-12-25 15:57:21.458559,599616364009009447,-75.00
2025-12-25 15:57:21.458559,599616364009009447,-80.00
2025-12-25 15:57:21.458559,599616364009009447,-75.00
2025-12-25 15:57:21.458559,599616364009009447,-68.00
2025-12-25 15:57:21.458559,599616364009009447,-66.00
2025-12-25 15:57:21.458559,599616364009009447,-62.00
2025-12-25 15:57:21.458559,599616364009009447,-62.00
2025-12-25 15:57:21.458559,599616364009009447,-64.00
2025-12-25 15:57:21.458559,599616364009009447,-59.00
2025-12-25 15:57:21.458559,599616364009009447,-50.00
2025-12-25 15:57:21.458559,599616364009009447,-52.00
2025-12-25 15:57:21.458559,599616364009009447,-55.00
2025-12-25 15:57:21.458559,599616364009009447,-43.00
2025-12-25 15:57:21.458559,599616364009009447,-34.00
2025-12-25 15:57:21.458559,599616364009009447,-43.00
2025-12-25 15:57:21.458559,599616364009009447,-55.00
2025-12-25 15:57:21.458559,599616364009009447,-57.00
2025-12-25 15:57:21.458559,599616364009009447,-82.00
2025-12-25 15:57:21.458559,599616364009009447,-117.00
2025-12-25 15:57:21.458559,599616364009009447,-128.00
2025-12-25 15:57:21.458559,599616364009009447,-142.00
2025-12-25 15:57:21.458559,599616364009009447,-165.00
2025-12-25 15:57:21.458559,599616364009009447,-183.00
2025-12-25 15:57:21.458559,599616364009009447,-193.00
2025-12-25 15:57:21.458559,599616364009009447,-195.00
2025-12-25 15:57:21.458559,599616364009009447,-197.00
2025-12-25 15:57:21.458559,599616364009009447,-200.00
2025-12-25 15:57:21.458559,599616364009009447,-200.00
2025-12-25 15:57:21.458559,599616364009009447,-188.00
2025-12-25 15:57:21.458559,599616364009009447,-190.00
2025-12-25 15:57:21.458559,599616364009009447,-202.00
2025-12-25 15:57:21.458559,599616364009009447,-197.00
2025-12-25 15:57:21.458559,599616364009009447,-186.00
2025-12-25 15:57:21.458559,599616364009009447,-186.00
2025-12-25 15:57:21.458559,599616364009009447,-190.00
2025-12-25 15:57:21.458559,599616364009009447,-183.00
2025-12-25 15:57:21.458559,599616364009009447,-174.00
2025-12-25 15:57:21.458559,599616364009009447,-174.00
2025-12-25 15:57:21.458559,599616364009009447,-179.00
2025-12-25 15:57:21.458559,599616364009009447,-177.00
2025-12-25 15:57:21.458559,599616364009009447,-177.00
2025-12-25 15:57:21.458559,599616364009009447,-179.00
2025-12-25 15:57:21.458559,599616364009009447,-181.00
2025-12-25 15:57:21.458559,599616364009009447,-186.00
2025-12-25 15:57:21.458559,599616364009009447,-190.00
2025-12-25 15:57:21.458559,599616364009009447,-186.00
2025-12-25 15:57:22.010221,599616364569859078,-174.00
2025-12-25 15:57:22.010221,599616364569859078,-163.00
2025-12-25 15:57:22.010221,599616364569859078,-160.00
2025-12-25 15:57:22.010221,599616364569859078,-165.00
2025-12-25 15:57:22.010221,599616364569859078,-174.00
2025-12-25 15:57:22.010221,599616364569859078,-177.00
2025-12-25 15:57:22.010221,599616364569859078,-183.00
2025-12-25 15:57:22.010221,599616364569859078,-190.00
2025-12-25 15:57:22.010221,599616364569859078,-165.00
2025-12-25 15:57:22.010221,599616364569859078,-133.00
2025-12-25 15:57:22.010221,599616364569859078,-133.00
2025-12-25 15:57:22.010221,599616364569859078,-149.00
2025-12-25 15:57:22.010221,599616364569859078,-144.00
2025-12-25 15:57:22.010221,599616364569859078,-133.00
2025-12-25 15:57:22.010221,599616364569859078,-126.00
2025-12-25 15:57:22.010221,599616364569859078,-117.00
2025-12-25 15:57:22.010221,599616364569859078,-119.00
2025-12-25 15:57:22.010221,599616364569859078,-114.00
2025-12-25 15:57:22.010221,599616364569859078,-18.00
2025-12-25 15:57:22.010221,599616364569859078,165.00
2025-12-25 15:57:22.010221,599616364569859078,170.00
2025-12-25 15:57:22.010221,599616364569859078,-174.00
2025-12-25 15:57:22.010221,599616364569859078,-459.00
2025-12-25 15:57:22.010221,599616364569859078,-388.00
2025-12-25 15:57:22.010221,599616364569859078,-268.00
2025-12-25 15:57:22.010221,599616364569859078,-229.00
2025-12-25 15:57:22.010221,599616364569859078,-151.00
2025-12-25 15:57:22.010221,599616364569859078,-101.00
2025-12-25 15:57:22.010221,599616364569859078,-124.00
2025-12-25 15:57:22.010221,599616364569859078,-126.00
2025-12-25 15:57:22.010221,599616364569859078,-103.00
2025-12-25 15:57:22.010221,599616364569859078,-105.00
2025-12-25 15:57:22.010221,599616364569859078,-112.00
2025-12-25 15:57:22.010221,599616364569859078,-108.00
2025-12-25 15:57:22.010221,599616364569859078,-108.00
2025-12-25 15:57:22.010221,599616364569859078,-114.00
2025-12-25 15:57:22.010221,599616364569859078,-114.00
2025-12-25 15:57:22.010221,599616364569859078,-105.00
2025-12-25 15:57:22.010221,599616364569859078,-101.00
2025-12-25 15:57:22.010221,599616364569859078,-103.00
2025-12-25 15:57:22.010221,599616364569859078,-98.00
2025-12-25 15:57:22.010221,599616364569859078,-91.00
2025-12-25 15:57:22.010221,599616364569859078,-91.00
2025-12-25 15:57:22.010221,599616364569859078,-87.00
2025-12-25 15:57:22.010221,599616364569859078,-78.00
2025-12-25 15:57:22.010221,599616364569859078,-75.00
2025-12-25 15:57:22.010221,599616364569859078,-75.00
2025-12-25 15:57:22.010221,599616364569859078,-78.00
2025-12-25 15:57:22.010221,599616364569859078,-85.00
2025-12-25 15:57:22.010221,599616364569859078,-94.00
2025-12-25 15:57:22.010221,599616364569859078,-103.00
2025-12-25 15:57:22.010221,599616364569859078,-117.00
2025-12-25 15:57:22.010221,599616364569859078,-131.00
2025-12-25 15:57:22.010221,599616364569859078,-149.00
2025-12-25 15:57:22.010221,599616364569859078,-167.00
2025-12-25 15:57:22.010221,599616364569859078,-186.00
2025-12-25 15:57:22.010221,599616364569859078,-202.00
2025-12-25 15:57:22.010221,599616364569859078,-209.00
2025-12-25 15:57:22.010221,599616364569859078,-211.00
2025-12-25 15:57:22.010221,599616364569859078,-211.00
2025-12-25 15:57:22.010221,599616364569859078,-209.00
2025-12-25 15:57:22.010221,599616364569859078,-209.00
2025-12-25 15:57:22.010221,599616364569859078,-206.00
2025-12-25 15:57:22.010221,599616364569859078,-202.00
2025-12-25 15:57:22.010221,599616364569859078,-202.00
2025-12-25 15:57:22.010221,599616364569859078,-195.00
2025-12-25 15:57:22.010221,599616364569859078,-190.00
2025-12-25 15:57:22.010221,599616364569859078,-197.00
2025-12-25 15:57:22.010221,599616364569859078,-197.00
2025-12-25 15:57:22.010221,599616364569859078,-190.00
2025-12-25 15:57:22.010221,599616364569859078,-188.00
2025-12-25 15:57:22.010221,599616364569859078,-190.00
2025-12-25 15:57:22.010221,599616364569859078,-188.00
2025-12-25 15:57:22.561959,599616365130708711,-188.00
2025-12-25 15:57:22.561959,599616365130708711,-195.00
2025-12-25 15:57:22.561959,599616365130708711,-188.00
2025-12-25 15:57:22.561959,599616365130708711,-174.00
2025-12-25 15:57:22.561959,599616365130708711,-177.00
2025-12-25 15:57:22.561959,599616365130708711,-179.00
2025-12-25 15:57:22.561959,599616365130708711,-165.00
2025-12-25 15:57:22.561959,599616365130708711,-160.00
2025-12-25 15:57:22.561959,599616365130708711,-163.00
2025-12-25 15:57:22.561959,599616365130708711,-149.00
2025-12-25 15:57:22.561959,599616365130708711,-128.00
2025-12-25 15:57:22.561959,599616365130708711,-117.00
2025-12-25 15:57:22.561959,599616365130708711,-114.00
2025-12-25 15:57:22.561959,599616365130708711,-124.00
2025-12-25 15:57:22.561959,599616365130708711,-140.00
2025-12-25 15:57:22.561959,599616365130708711,-144.00
2025-12-25 15:57:22.561959,599616365130708711,-140.00
2025-12-25 15:57:22.561959,599616365130708711,-137.00
2025-12-25 15:57:22.561959,599616365130708711,-137.00
2025-12-25 15:57:22.561959,599616365130708711,-137.00
2025-12-25 15:57:22.561959,599616365130708711,-140.00
2025-12-25 15:57:22.561959,599616365130708711,-140.00
2025-12-25 15:57:22.561959,599616365130708711,-137.00
2025-12-25 15:57:22.561959,599616365130708711,-137.00
2025-12-25 15:57:22.561959,599616365130708711,-151.00
2025-12-25 15:57:22.561959,599616365130708711,-156.00
2025-12-25 15:57:22.561959,599616365130708711,-110.00
2025-12-25 15:57:22.561959,599616365130708711,27.00
2025-12-25 15:57:22.561959,599616365130708711,172.00
2025-12-25 15:57:22.561959,599616365130708711,45.00
2025-12-25 15:57:22.561959,599616365130708711,-326.00
2025-12-25 15:57:22.561959,599616365130708711,-475.00
2025-12-25 15:57:22.561959,599616365130708711,-354.00
2025-12-25 15:57:22.561959,599616365130708711,-268.00
2025-12-25 15:57:22.561959,599616365130708711,-209.00
2025-12-25 15:57:22.561959,599616365130708711,-131.00
2025-12-25 15:57:22.561959,599616365130708711,-126.00
2025-12-25 15:57:22.561959,599616365130708711,-149.00
2025-12-25 15:57:22.561959,599616365130708711,-133.00
2025-12-25 15:57:22.561959,599616365130708711,-121.00
2025-12-25 15:57:22.561959,599616365130708711,-126.00
2025-12-25 15:57:22.561959,599616365130708711,-121.00
2025-12-25 15:57:22.561959,599616365130708711,-108.00
2025-12-25 15:57:22.561959,599616365130708711,-105.00
2025-12-25 15:57:22.561959,599616365130708711,-108.00
2025-12-25 15:57:22.561959,599616365130708711,-103.00
2025-12-25 15:57:22.561959,599616365130708711,-98.00
2025-12-25 15:57:22.561959,599616365130708711,-101.00
2025-12-25 15:57:22.561959,599616365130708711,-101.00
2025-12-25 15:57:22.561959,599616365130708711,-94.00
2025-12-25 15:57:22.561959,599616365130708711,-91.00
2025-12-25 15:57:22.561959,599616365130708711,-85.00
2025-12-25 15:57:22.561959,599616365130708711,-80.00
2025-12-25 15:57:22.561959,599616365130708711,-75.00
2025-12-25 15:57:22.561959,599616365130708711,-75.00
2025-12-25 15:57:22.561959,599616365130708711,-78.00
2025-12-25 15:57:22.561959,599616365130708711,-82.00
2025-12-25 15:57:22.561959,599616365130708711,-80.00
2025-12-25 15:57:22.561959,599616365130708711,-80.00
2025-12-25 15:57:22.561959,599616365130708711,-91.00
2025-12-25 15:57:22.561959,599616365130708711,-110.00
2025-12-25 15:57:22.561959,599616365130708711,-128.00
2025-12-25 15:57:22.561959,599616365130708711,-154.00
2025-12-25 15:57:22.561959,599616365130708711,-179.00
2025-12-25 15:57:22.561959,599616365130708711,-188.00
2025-12-25 15:57:22.561959,599616365130708711,-188.00
2025-12-25 15:57:22.561959,599616365130708711,-195.00
2025-12-25 15:57:22.561959,599616365130708711,-197.00
2025-12-25 15:57:22.561959,599616365130708711,-190.00
2025-12-25 15:57:22.561959,599616365130708711,-177.00
2025-12-25 15:57:22.561959,599616365130708711,-170.00
2025-12-25 15:57:22.561959,599616365130708711,-172.00
2025-12-25 15:57:22.561959,599616365130708711,-181.00
2025-12-25 15:57:23.163773,599616365691537996,-172.00
2025-12-25 15:57:23.163773,599616365691537996,-156.00
2025-12-25 15:57:23.163773,599616365691537996,-160.00
2025-12-25 15:57:23.163773,599616365691537996,-177.00
2025-12-25 15:57:23.163773,599616365691537996,-170.00
2025-12-25 15:57:23.163773,599616365691537996,-154.00
2025-12-25 15:57:23.163773,599616365691537996,-149.00
2025-12-25 15:57:23.163773,599616365691537996,-156.00
2025-12-25 15:57:23.163773,599616365691537996,-165.00
2025-12-25 15:57:23.163773,599616365691537996,-158.00
2025-12-25 15:57:23.163773,599616365691537996,-144.00
2025-12-25 15:57:23.163773,599616365691537996,-144.00
2025-12-25 15:57:23.163773,599616365691537996,-158.00
2025-12-25 15:57:23.163773,599616365691537996,-151.00
2025-12-25 15:57:23.163773,599616365691537996,-126.00
2025-12-25 15:57:23.163773,599616365691537996,-135.00
2025-12-25 15:57:23.163773,599616365691537996,-167.00
2025-12-25 15:57:23.163773,599616365691537996,-151.00
2025-12-25 15:57:23.163773,599616365691537996,-110.00
2025-12-25 15:57:23.163773,599616365691537996,-119.00
2025-12-25 15:57:23.163773,599616365691537996,-137.00
2025-12-25 15:57:23.163773,599616365691537996,-119.00
2025-12-25 15:57:23.163773,599616365691537996,-128.00
2025-12-25 15:57:23.163773,599616365691537996,-170.00
2025-12-25 15:57:23.163773,599616365691537996,-154.00
2025-12-25 15:57:23.163773,599616365691537996,-124.00
2025-12-25 15:57:23.163773,599616365691537996,-149.00
2025-12-25 15:57:23.163773,599616365691537996,-167.00
2025-12-25 15:57:23.163773,599616365691537996,-137.00
2025-12-25 15:57:23.163773,599616365691537996,-135.00
2025-12-25 15:57:23.163773,599616365691537996,-163.00
2025-12-25 15:57:23.163773,599616365691537996,-149.00
2025-12-25 15:57:23.163773,599616365691537996,-128.00
2025-12-25 15:57:23.163773,599616365691537996,-147.00
2025-12-25 15:57:23.163773,599616365691537996,-142.00
2025-12-25 15:57:23.163773,599616365691537996,-57.00
2025-12-25 15:57:23.163773,599616365691537996,98.00
2025-12-25 15:57:23.163773,599616365691537996,144.00
2025-12-25 15:57:23.163773,599616365691537996,-124.00
2025-12-25 15:57:23.163773,599616365691537996,-448.00
2025-12-25 15:57:23.163773,599616365691537996,-452.00
2025-12-25 15:57:23.163773,599616365691537996,-303.00
2025-12-25 15:57:23.163773,599616365691537996,-234.00
2025-12-25 15:57:23.163773,599616365691537996,-172.00
2025-12-25 15:57:23.163773,599616365691537996,-110.00
2025-12-25 15:57:23.163773,599616365691537996,-135.00
2025-12-25 15:57:23.163773,599616365691537996,-151.00
2025-12-25 15:57:23.163773,599616365691537996,-91.00
2025-12-25 15:57:23.163773,599616365691537996,-103.00
2025-12-25 15:57:23.163773,599616365691537996,-172.00
2025-12-25 15:57:23.163773,599616365691537996,-133.00
2025-12-25 15:57:23.163773,599616365691537996,-71.00
2025-12-25 15:57:23.163773,599616365691537996,-101.00
2025-12-25 15:57:23.163773,599616365691537996,-137.00
2025-12-25 15:57:23.163773,599616365691537996,-110.00
2025-12-25 15:57:23.163773,599616365691537996,-75.00
2025-12-25 15:57:23.163773,599616365691537996,-89.00
2025-12-25 15:57:23.163773,599616365691537996,-119.00
2025-12-25 15:57:23.163773,599616365691537996,-91.00
2025-12-25 15:57:23.163773,599616365691537996,-50.00
2025-12-25 15:57:23.163773,599616365691537996,-85.00
2025-12-25 15:57:23.163773,599616365691537996,-110.00
2025-12-25 15:57:23.163773,599616365691537996,-57.00
2025-12-25 15:57:23.163773,599616365691537996,-22.00
2025-12-25 15:57:23.163773,599616365691537996,-62.00
2025-12-25 15:57:23.163773,599616365691537996,-87.00
2025-12-25 15:57:23.163773,599616365691537996,-64.00
2025-12-25 15:57:23.163773,599616365691537996,-59.00
2025-12-25 15:57:23.163773,599616365691537996,-89.00
2025-12-25 15:57:23.163773,599616365691537996,-103.00
2025-12-25 15:57:23.163773,599616365691537996,-96.00
2025-12-25 15:57:23.163773,599616365691537996,-114.00
2025-12-25 15:57:23.163773,599616365691537996,-158.00
2025-12-25 15:57:23.816037,599616366252392713,-160.00
2025-12-25 15:57:23.816037,599616366252392713,-154.00
2025-12-25 15:57:23.816037,599616366252392713,-179.00
2025-12-25 15:57:23.816037,599616366252392713,-181.00
2025-12-25 15:57:23.816037,599616366252392713,-163.00
2025-12-25 15:57:23.816037,599616366252392713,-174.00
2025-12-25 15:57:23.816037,599616366252392713,-183.00
2025-12-25 15:57:23.816037,599616366252392713,-149.00
2025-12-25 15:57:23.816037,599616366252392713,-137.00
2025-12-25 15:57:23.816037,599616366252392713,-174.00
2025-12-25 15:57:23.816037,599616366252392713,-174.00
2025-12-25 15:57:23.816037,599616366252392713,-137.00
2025-12-25 15:57:23.816037,599616366252392713,-140.00
2025-12-25 15:57:23.816037,599616366252392713,-149.00
2025-12-25 15:57:23.816037,599616366252392713,-124.00
2025-12-25 15:57:23.816037,599616366252392713,-126.00
2025-12-25 15:57:23.816037,599616366252392713,-151.00
2025-12-25 15:57:23.816037,599616366252392713,-131.00
2025-12-25 15:57:23.816037,599616366252392713,-101.00
2025-12-25 15:57:23.816037,599616366252392713,-114.00
2025-12-25 15:57:23.816037,599616366252392713,-124.00
2025-12-25 15:57:23.816037,599616366252392713,-103.00
2025-12-25 15:57:23.816037,599616366252392713,-96.00
2025-12-25 15:57:23.816037,599616366252392713,-112.00
2025-12-25 15:57:23.816037,599616366252392713,-103.00
2025-12-25 15:57:23.816037,599616366252392713,-78.00
2025-12-25 15:57:23.816037,599616366252392713,-89.00
2025-12-25 15:57:23.816037,599616366252392713,-105.00
2025-12-25 15:57:23.816037,599616366252392713,-101.00
2025-12-25 15:57:23.816037,599616366252392713,-98.00
2025-12-25 15:57:23.816037,599616366252392713,-98.00
2025-12-25 15:57:23.816037,599616366252392713,-101.00
2025-12-25 15:57:23.816037,599616366252392713,-110.00
2025-12-25 15:57:23.816037,599616366252392713,-105.00
2025-12-25 15:57:23.816037,599616366252392713,-98.00
2025-12-25 15:57:23.816037,599616366252392713,-105.00
2025-12-25 15:57:23.816037,599616366252392713,-105.00
2025-12-25 15:57:23.816037,599616366252392713,-96.00
2025-12-25 15:57:23.816037,599616366252392713,-103.00
2025-12-25 15:57:23.816037,599616366252392713,-114.00
2025-12-25 15:57:23.816037,599616366252392713,-112.00
2025-12-25 15:57:23.816037,599616366252392713,-98.00
2025-12-25 15:57:23.816037,599616366252392713,-22.00
2025-12-25 15:57:23.816037,599616366252392713,147.00
2025-12-25 15:57:23.816037,599616366252392713,200.00
2025-12-25 15:57:23.816037,599616366252392713,-98.00
2025-12-25 15:57:23.816037,599616366252392713,-406.00
2025-12-25 15:57:23.816037,599616366252392713,-370.00
2025-12-25 15:57:23.816037,599616366252392713,-243.00
2025-12-25 15:57:23.816037,599616366252392713,-204.00
2025-12-25 15:57:23.816037,599616366252392713,-140.00
2025-12-25 15:57:23.816037,599616366252392713,-80.00
2025-12-25 15:57:23.816037,599616366252392713,-80.00
2025-12-25 15:57:23.816037,599616366252392713,-78.00
2025-12-25 15:57:23.816037,599616366252392713,-66.00
2025-12-25 15:57:23.816037,599616366252392713,-68.00
2025-12-25 15:57:23.816037,599616366252392713,-64.00
2025-12-25 15:57:23.816037,599616366252392713,-50.00
2025-12-25 15:57:23.816037,599616366252392713,-45.00
2025-12-25 15:57:23.816037,599616366252392713,-45.00
2025-12-25 15:57:23.816037,599616366252392713,-50.00
2025-12-25 15:57:23.816037,599616366252392713,-50.00
2025-12-25 15:57:23.816037,599616366252392713,-45.00
2025-12-25 15:57:23.816037,599616366252392713,-45.00
2025-12-25 15:57:23.816037,599616366252392713,-43.00
2025-12-25 15:57:23.816037,599616366252392713,-34.00
2025-12-25 15:57:23.816037,599616366252392713,-29.00
2025-12-25 15:57:23.816037,599616366252392713,-27.00
2025-12-25 15:57:23.816037,599616366252392713,-22.00
2025-12-25 15:57:23.816037,599616366252392713,-16.00
2025-12-25 15:57:23.816037,599616366252392713,-16.00
2025-12-25 15:57:23.816037,599616366252392713,-22.00
2025-12-25 15:57:23.816037,599616366252392713,-22.00
2025-12-25 15:57:24.247996,599616366813247430,-25.00
2025-12-25 15:57:24.247996,599616366813247430,-36.00
2025-12-25 15:57:24.247996,599616366813247430,-45.00
2025-12-25 15:57:24.247996,599616366813247430,-57.00
2025-12-25 15:57:24.247996,599616366813247430,-80.00
2025-12-25 15:57:24.247996,599616366813247430,-103.00
2025-12-25 15:57:24.247996,599616366813247430,-110.00
2025-12-25 15:57:24.247996,599616366813247430,-119.00
2025-12-25 15:57:24.247996,599616366813247430,-133.00
2025-12-25 15:57:24.247996,599616366813247430,-128.00
2025-12-25 15:57:24.247996,599616366813247430,-112.00
2025-12-25 15:57:24.247996,599616366813247430,-119.00
2025-12-25 15:57:24.247996,599616366813247430,-131.00
2025-12-25 15:57:24.247996,599616366813247430,-121.00
2025-12-25 15:57:24.247996,599616366813247430,-114.00
2025-12-25 15:57:24.247996,599616366813247430,-117.00
2025-12-25 15:57:24.247996,599616366813247430,-117.00
2025-12-25 15:57:24.247996,599616366813247430,-110.00
2025-12-25 15:57:24.247996,599616366813247430,-108.00
2025-12-25 15:57:24.247996,599616366813247430,-105.00
2025-12-25 15:57:24.247996,599616366813247430,-103.00
2025-12-25 15:57:24.247996,599616366813247430,-96.00
2025-12-25 15:57:24.247996,599616366813247430,-87.00
2025-12-25 15:57:24.247996,599616366813247430,-87.00
2025-12-25 15:57:24.247996,599616366813247430,-94.00
2025-12-25 15:57:24.247996,599616366813247430,-94.00
2025-12-25 15:57:24.247996,599616366813247430,-87.00
2025-12-25 15:57:24.247996,599616366813247430,-82.00
2025-12-25 15:57:24.247996,599616366813247430,-85.00
2025-12-25 15:57:24.247996,599616366813247430,-89.00
2025-12-25 15:57:24.247996,599616366813247430,-94.00
2025-12-25 15:57:24.247996,599616366813247430,-98.00
2025-12-25 15:57:24.247996,599616366813247430,-89.00
2025-12-25 15:57:24.247996,599616366813247430,-68.00
2025-12-25 15:57:24.247996,599616366813247430,-64.00
2025-12-25 15:57:24.247996,599616366813247430,-80.00
2025-12-25 15:57:24.247996,599616366813247430,-91.00
2025-12-25 15:57:24.247996,599616366813247430,-96.00
2025-12-25 15:57:24.247996,599616366813247430,-103.00
2025-12-25 15:57:24.247996,599616366813247430,-108.00
2025-12-25 15:57:24.247996,599616366813247430,-108.00
2025-12-25 15:57:24.247996,599616366813247430,-105.00
2025-12-25 15:57:24.247996,599616366813247430,-103.00
2025-12-25 15:57:24.247996,599616366813247430,-101.00
2025-12-25 15:57:24.247996,599616366813247430,-105.00
2025-12-25 15:57:24.247996,599616366813247430,-105.00
2025-12-25 15:57:24.247996,599616366813247430,-101.00
2025-12-25 15:57:24.247996,599616366813247430,-91.00
2025-12-25 15:57:24.247996,599616366813247430,-87.00
2025-12-25 15:57:24.247996,599616366813247430,-73.00
2025-12-25 15:57:24.247996,599616366813247430,32.00
2025-12-25 15:57:24.247996,599616366813247430,209.00
2025-12-25 15:57:24.247996,599616366813247430,170.00
2025-12-25 15:57:24.247996,599616366813247430,-195.00
2025-12-25 15:57:24.247996,599616366813247430,-429.00
2025-12-25 15:57:24.247996,599616366813247430,-337.00
2025-12-25 15:57:24.247996,599616366813247430,-248.00
2025-12-25 15:57:24.247996,599616366813247430,-218.00
2025-12-25 15:57:24.247996,599616366813247430,-131.00
2025-12-25 15:57:24.247996,599616366813247430,-85.00
2025-12-25 15:57:24.247996,599616366813247430,-101.00
2025-12-25 15:57:24.247996,599616366813247430,-87.00
2025-12-25 15:57:24.247996,599616366813247430,-68.00
2025-12-25 15:57:24.247996,599616366813247430,-82.00
2025-12-25 15:57:24.247996,599616366813247430,-87.00
2025-12-25 15:57:24.247996,599616366813247430,-75.00
2025-12-25 15:57:24.247996,599616366813247430,-73.00
2025-12-25 15:57:24.247996,599616366813247430,-75.00
2025-12-25 15:57:24.247996,599616366813247430,-80.00
2025-12-25 15:57:24.247996,599616366813247430,-85.00
2025-12-25 15:57:24.247996,599616366813247430,-82.00
2025-12-25 15:57:24.247996,599616366813247430,-73.00
2025-12-25 15:57:24.247996,599616366813247430,-68.00
2025-12-25 15:57:24.799773,599616367374102147,-64.00
2025-12-25 15:57:24.799773,599616367374102147,-57.00
2025-12-25 15:57:24.799773,599616367374102147,-52.00
2025-12-25 15:57:24.799773,599616367374102147,-50.00
2025-12-25 15:57:24.799773,599616367374102147,-50.00
2025-12-25 15:57:24.799773,599616367374102147,-45.00
2025-12-25 15:57:24.799773,599616367374102147,-36.00
2025-12-25 15:57:24.799773,599616367374102147,-29.00
2025-12-25 15:57:24.799773,599616367374102147,-39.00
2025-12-25 15:57:24.799773,599616367374102147,-48.00
2025-12-25 15:57:24.799773,599616367374102147,-62.00
2025-12-25 15:57:24.799773,599616367374102147,-80.00
2025-12-25 15:57:24.799773,599616367374102147,-96.00
2025-12-25 15:57:24.799773,599616367374102147,-101.00
2025-12-25 15:57:24.799773,599616367374102147,-119.00
2025-12-25 15:57:24.799773,599616367374102147,-144.00
2025-12-25 15:57:24.799773,599616367374102147,-151.00
2025-12-25 15:57:24.799773,599616367374102147,-144.00
2025-12-25 15:57:24.799773,599616367374102147,-147.00
2025-12-25 15:57:24.799773,599616367374102147,-156.00
2025-12-25 15:57:24.799773,599616367374102147,-165.00
2025-12-25 15:57:24.799773,599616367374102147,-163.00
2025-12-25 15:57:24.799773,599616367374102147,-154.00
2025-12-25 15:57:24.799773,599616367374102147,-151.00
2025-12-25 15:57:24.799773,599616367374102147,-147.00
2025-12-25 15:57:24.799773,599616367374102147,-137.00
2025-12-25 15:57:24.799773,599616367374102147,-142.00
2025-12-25 15:57:24.799773,599616367374102147,-149.00
2025-12-25 15:57:24.799773,599616367374102147,-144.00
2025-12-25 15:57:24.799773,599616367374102147,-140.00
2025-12-25 15:57:24.799773,599616367374102147,-135.00
2025-12-25 15:57:24.799773,599616367374102147,-137.00
2025-12-25 15:57:24.799773,599616367374102147,-147.00
2025-12-25 15:57:24.799773,599616367374102147,-151.00
2025-12-25 15:57:24.799773,599616367374102147,-147.00
2025-12-25 15:57:24.799773,599616367374102147,-142.00
2025-12-25 15:57:24.799773,599616367374102147,-142.00
2025-12-25 15:57:24.799773,599616367374102147,-137.00
2025-12-25 15:57:24.799773,599616367374102147,-126.00
2025-12-25 15:57:24.799773,599616367374102147,-117.00
2025-12-25 15:57:24.799773,599616367374102147,-124.00
2025-12-25 15:57:24.799773,599616367374102147,-135.00
2025-12-25 15:57:24.799773,599616367374102147,-140.00
2025-12-25 15:57:24.799773,599616367374102147,-147.00
2025-12-25 15:57:24.799773,599616367374102147,-149.00
2025-12-25 15:57:24.799773,599616367374102147,-137.00
2025-12-25 15:57:24.799773,599616367374102147,-140.00
2025-12-25 15:57:24.799773,599616367374102147,-149.00
2025-12-25 15:57:24.799773,599616367374102147,-144.00
2025-12-25 15:57:24.799773,599616367374102147,-142.00
2025-12-25 15:57:24.799773,599616367374102147,-149.00
2025-12-25 15:57:24.799773,599616367374102147,-151.00
2025-12-25 15:57:24.799773,599616367374102147,-147.00
2025-12-25 15:57:24.799773,599616367374102147,-103.00
2025-12-25 15:57:24.799773,599616367374102147,43.00
2025-12-25 15:57:24.799773,599616367374102147,188.00
2025-12-25 15:57:24.799773,599616367374102147,16.00
2025-12-25 15:57:24.799773,599616367374102147,-372.00
2025-12-25 15:57:24.799773,599616367374102147,-475.00
2025-12-25 15:57:24.799773,599616367374102147,-340.00
2025-12-25 15:57:24.799773,599616367374102147,-291.00
2025-12-25 15:57:24.799773,599616367374102147,-248.00
2025-12-25 15:57:24.799773,599616367374102147,-154.00
2025-12-25 15:57:24.799773,599616367374102147,-128.00
2025-12-25 15:57:24.799773,599616367374102147,-144.00
2025-12-25 15:57:24.799773,599616367374102147,-135.00
2025-12-25 15:57:24.799773,599616367374102147,-131.00
2025-12-25 15:57:24.799773,599616367374102147,-137.00
2025-12-25 15:57:24.799773,599616367374102147,-133.00
2025-12-25 15:57:24.799773,599616367374102147,-121.00
2025-12-25 15:57:24.799773,599616367374102147,-117.00
2025-12-25 15:57:24.799773,599616367374102147,-114.00
2025-12-25 15:57:24.799773,599616367374102147,-117.00
2025-12-25 15:57:25.351705,599616367934926348,-114.00
2025-12-25 15:57:25.351705,599616367934926348,-112.00
2025-12-25 15:57:25.351705,599616367934926348,-112.00
2025-12-25 15:57:25.351705,599616367934926348,-105.00
2025-12-25 15:57:25.351705,599616367934926348,-89.00
2025-12-25 15:57:25.351705,599616367934926348,-87.00
2025-12-25 15:57:25.351705,599616367934926348,-94.00
2025-12-25 15:57:25.351705,599616367934926348,-96.00
2025-12-25 15:57:25.351705,599616367934926348,-85.00
2025-12-25 15:57:25.351705,599616367934926348,-73.00
2025-12-25 15:57:25.351705,599616367934926348,-68.00
2025-12-25 15:57:25.351705,599616367934926348,-75.00
2025-12-25 15:57:25.351705,599616367934926348,-89.00
2025-12-25 15:57:25.351705,599616367934926348,-105.00
2025-12-25 15:57:25.351705,599616367934926348,-124.00
2025-12-25 15:57:25.351705,599616367934926348,-140.00
2025-12-25 15:57:25.351705,599616367934926348,-151.00
2025-12-25 15:57:25.351705,599616367934926348,-174.00
2025-12-25 15:57:25.351705,599616367934926348,-190.00
2025-12-25 15:57:25.351705,599616367934926348,-197.00
2025-12-25 15:57:25.351705,599616367934926348,-202.00
2025-12-25 15:57:25.351705,599616367934926348,-204.00
2025-12-25 15:57:25.351705,599616367934926348,-204.00
2025-12-25 15:57:25.351705,599616367934926348,-204.00
2025-12-25 15:57:25.351705,599616367934926348,-202.00
2025-12-25 15:57:25.351705,599616367934926348,-197.00
2025-12-25 15:57:25.351705,599616367934926348,-197.00
2025-12-25 15:57:25.351705,599616367934926348,-200.00
2025-12-25 15:57:25.351705,599616367934926348,-195.00
2025-12-25 15:57:25.351705,599616367934926348,-188.00
2025-12-25 15:57:25.351705,599616367934926348,-179.00
2025-12-25 15:57:25.351705,599616367934926348,-177.00
2025-12-25 15:57:25.351705,599616367934926348,-172.00
2025-12-25 15:57:25.351705,599616367934926348,-167.00
2025-12-25 15:57:25.351705,599616367934926348,-165.00
2025-12-25 15:57:25.351705,599616367934926348,-170.00
2025-12-25 15:57:25.351705,599616367934926348,-174.00
2025-12-25 15:57:25.351705,599616367934926348,-177.00
2025-12-25 15:57:25.351705,599616367934926348,-177.00
2025-12-25 15:57:25.351705,599616367934926348,-172.00
2025-12-25 15:57:25.351705,599616367934926348,-163.00
2025-12-25 15:57:25.351705,599616367934926348,-154.00
2025-12-25 15:57:25.351705,599616367934926348,-156.00
2025-12-25 15:57:25.351705,599616367934926348,-165.00
2025-12-25 15:57:25.351705,599616367934926348,-172.00
2025-12-25 15:57:25.351705,599616367934926348,-177.00
2025-12-25 15:57:25.351705,599616367934926348,-183.00
2025-12-25 15:57:25.351705,599616367934926348,-188.00
2025-12-25 15:57:25.351705,599616367934926348,-181.00
2025-12-25 15:57:25.351705,599616367934926348,-174.00
2025-12-25 15:57:25.351705,599616367934926348,-186.00
2025-12-25 15:57:25.351705,599616367934926348,-190.00
2025-12-25 15:57:25.351705,599616367934926348,-177.00
2025-12-25 15:57:25.351705,599616367934926348,-172.00
2025-12-25 15:57:25.351705,599616367934926348,-183.00
2025-12-25 15:57:25.351705,599616367934926348,-193.00
2025-12-25 15:57:25.351705,599616367934926348,-174.00
2025-12-25 15:57:25.351705,599616367934926348,-96.00
2025-12-25 15:57:25.351705,599616367934926348,66.00
2025-12-25 15:57:25.351705,599616367934926348,144.00
2025-12-25 15:57:25.351705,599616367934926348,-121.00
2025-12-25 15:57:25.351705,599616367934926348,-464.00
2025-12-25 15:57:25.351705,599616367934926348,-459.00
2025-12-25 15:57:25.351705,599616367934926348,-328.00
2025-12-25 15:57:25.351705,599616367934926348,-296.00
2025-12-25 15:57:25.351705,599616367934926348,-223.00
2025-12-25 15:57:25.351705,599616367934926348,-147.00
2025-12-25 15:57:25.351705,599616367934926348,-156.00
2025-12-25 15:57:25.351705,599616367934926348,-165.00
2025-12-25 15:57:25.351705,599616367934926348,-147.00
2025-12-25 15:57:25.351705,599616367934926348,-149.00
2025-12-25 15:57:25.351705,599616367934926348,-149.00
2025-12-25 15:57:25.351705,599616367934926348,-135.00
2025-12-25 15:57:26.053948,599616368495775981,-137.00
2025-12-25 15:57:26.053948,599616368495775981,-149.00
2025-12-25 15:57:26.053948,599616368495775981,-144.00
2025-12-25 15:57:26.053948,599616368495775981,-135.00
2025-12-25 15:57:26.053948,599616368495775981,-133.00
2025-12-25 15:57:26.053948,599616368495775981,-133.00
2025-12-25 15:57:26.053948,599616368495775981,-126.00
2025-12-25 15:57:26.053948,599616368495775981,-108.00
2025-12-25 15:57:26.053948,599616368495775981,-105.00
2025-12-25 15:57:26.053948,599616368495775981,-108.00
2025-12-25 15:57:26.053948,599616368495775981,-94.00
2025-12-25 15:57:26.053948,599616368495775981,-82.00
2025-12-25 15:57:26.053948,599616368495775981,-80.00
2025-12-25 15:57:26.053948,599616368495775981,-80.00
2025-12-25 15:57:26.053948,599616368495775981,-85.00
2025-12-25 15:57:26.053948,599616368495775981,-87.00
2025-12-25 15:57:26.053948,599616368495775981,-98.00
2025-12-25 15:57:26.053948,599616368495775981,-124.00
2025-12-25 15:57:26.053948,599616368495775981,-147.00
2025-12-25 15:57:26.053948,599616368495775981,-160.00
2025-12-25 15:57:26.053948,599616368495775981,-174.00
2025-12-25 15:57:26.053948,599616368495775981,-188.00
2025-12-25 15:57:26.053948,599616368495775981,-200.00
2025-12-25 15:57:26.053948,599616368495775981,-204.00
2025-12-25 15:57:26.053948,599616368495775981,-197.00
2025-12-25 15:57:26.053948,599616368495775981,-193.00
2025-12-25 15:57:26.053948,599616368495775981,-195.00
2025-12-25 15:57:26.053948,599616368495775981,-195.00
2025-12-25 15:57:26.053948,599616368495775981,-188.00
2025-12-25 15:57:26.053948,599616368495775981,-188.00
2025-12-25 15:57:26.053948,599616368495775981,-186.00
2025-12-25 15:57:26.053948,599616368495775981,-177.00
2025-12-25 15:57:26.053948,599616368495775981,-174.00
2025-12-25 15:57:26.053948,599616368495775981,-186.00
2025-12-25 15:57:26.053948,599616368495775981,-190.00
2025-12-25 15:57:26.053948,599616368495775981,-181.00
2025-12-25 15:57:26.053948,599616368495775981,-172.00
2025-12-25 15:57:26.053948,599616368495775981,-174.00
2025-12-25 15:57:26.053948,599616368495775981,-183.00
2025-12-25 15:57:26.053948,599616368495775981,-186.00
2025-12-25 15:57:26.053948,599616368495775981,-181.00
2025-12-25 15:57:26.053948,599616368495775981,-179.00
2025-12-25 15:57:26.053948,599616368495775981,-177.00
2025-12-25 15:57:26.053948,599616368495775981,-172.00
2025-12-25 15:57:26.053948,599616368495775981,-177.00
2025-12-25 15:57:26.053948,599616368495775981,-174.00
2025-12-25 15:57:26.053948,599616368495775981,-163.00
2025-12-25 15:57:26.053948,599616368495775981,-154.00
2025-12-25 15:57:26.053948,599616368495775981,-149.00
2025-12-25 15:57:26.053948,599616368495775981,-156.00
2025-12-25 15:57:26.053948,599616368495775981,-165.00
2025-12-25 15:57:26.053948,599616368495775981,-172.00
2025-12-25 15:57:26.053948,599616368495775981,-177.00
2025-12-25 15:57:26.053948,599616368495775981,-174.00
2025-12-25 15:57:26.053948,599616368495775981,-170.00
2025-12-25 15:57:26.053948,599616368495775981,-170.00
2025-12-25 15:57:26.053948,599616368495775981,-170.00
2025-12-25 15:57:26.053948,599616368495775981,-165.00
2025-12-25 15:57:26.053948,599616368495775981,-167.00
2025-12-25 15:57:26.053948,599616368495775981,-172.00
2025-12-25 15:57:26.053948,599616368495775981,-167.00
2025-12-25 15:57:26.053948,599616368495775981,-167.00
2025-12-25 15:57:26.053948,599616368495775981,-165.00
2025-12-25 15:57:26.053948,599616368495775981,-133.00
2025-12-25 15:57:26.053948,599616368495775981,-16.00
2025-12-25 15:57:26.053948,599616368495775981,147.00
2025-12-25 15:57:26.053948,599616368495775981,78.00
2025-12-25 15:57:26.053948,599616368495775981,-287.00
2025-12-25 15:57:26.053948,599616368495775981,-498.00
2025-12-25 15:57:26.053948,599616368495775981,-390.00
2025-12-25 15:57:26.053948,599616368495775981,-289.00
2025-12-25 15:57:26.053948,599616368495775981,-248.00
2025-12-25 15:57:26.053948,599616368495775981,-172.00
2025-12-25 15:57:26.505612,599616369056625612,-142.00
2025-12-25 15:57:26.505612,599616369056625612,-149.00
2025-12-25 15:57:26.505612,599616369056625612,-137.00
2025-12-25 15:57:26.505612,599616369056625612,-131.00
2025-12-25 15:57:26.505612,599616369056625612,-133.00
2025-12-25 15:57:26.505612,599616369056625612,-135.00
2025-12-25 15:57:26.505612,599616369056625612,-137.00
2025-12-25 15:57:26.505612,599616369056625612,-133.00
2025-12-25 15:57:26.505612,599616369056625612,-121.00
2025-12-25 15:57:26.505612,599616369056625612,-121.00
2025-12-25 15:57:26.505612,599616369056625612,-114.00
2025-12-25 15:57:26.505612,599616369056625612,-101.00
2025-12-25 15:57:26.505612,599616369056625612,-94.00
2025-12-25 15:57:26.505612,599616369056625612,-94.00
2025-12-25 15:57:26.505612,599616369056625612,-89.00
2025-12-25 15:57:26.505612,599616369056625612,-82.00
2025-12-25 15:57:26.505612,599616369056625612,-73.00
2025-12-25 15:57:26.505612,599616369056625612,-62.00
2025-12-25 15:57:26.505612,599616369056625612,-62.00
2025-12-25 15:57:26.505612,599616369056625612,-64.00
2025-12-25 15:57:26.505612,599616369056625612,-66.00
2025-12-25 15:57:26.505612,599616369056625612,-62.00
2025-12-25 15:57:26.505612,599616369056625612,-57.00
2025-12-25 15:57:26.505612,599616369056625612,-68.00
2025-12-25 15:57:26.505612,599616369056625612,-96.00
2025-12-25 15:57:26.505612,599616369056625612,-114.00
2025-12-25 15:57:26.505612,599616369056625612,-128.00
2025-12-25 15:57:26.505612,599616369056625612,-144.00
2025-12-25 15:57:26.505612,599616369056625612,-154.00
2025-12-25 15:57:26.505612,599616369056625612,-160.00
2025-12-25 15:57:26.505612,599616369056625612,-172.00
2025-12-25 15:57:26.505612,599616369056625612,-172.00
2025-12-25 15:57:26.505612,599616369056625612,-167.00
2025-12-25 15:57:26.505612,599616369056625612,-170.00
2025-12-25 15:57:26.505612,599616369056625612,-170.00
2025-12-25 15:57:26.505612,599616369056625612,-167.00
2025-12-25 15:57:26.505612,599616369056625612,-167.00
2025-12-25 15:57:26.505612,599616369056625612,-167.00
2025-12-25 15:57:26.505612,599616369056625612,-167.00
2025-12-25 15:57:26.505612,599616369056625612,-170.00
2025-12-25 15:57:26.505612,599616369056625612,-170.00
2025-12-25 15:57:26.505612,599616369056625612,-165.00
2025-12-25 15:57:26.505612,599616369056625612,-165.00
2025-12-25 15:57:26.505612,599616369056625612,-170.00
2025-12-25 15:57:26.505612,599616369056625612,-165.00
2025-12-25 15:57:26.505612,599616369056625612,-156.00
2025-12-25 15:57:26.505612,599616369056625612,-160.00
2025-12-25 15:57:26.505612,599616369056625612,-165.00
2025-12-25 15:57:26.505612,599616369056625612,-163.00
2025-12-25 15:57:26.505612,599616369056625612,-165.00
2025-12-25 15:57:26.505612,599616369056625612,-165.00
2025-12-25 15:57:26.505612,599616369056625612,-160.00
2025-12-25 15:57:26.505612,599616369056625612,-158.00
2025-12-25 15:57:26.505612,599616369056625612,-163.00
2025-12-25 15:57:26.505612,599616369056625612,-158.00
2025-12-25 15:57:26.505612,599616369056625612,-144.00
2025-12-25 15:57:26.505612,599616369056625612,-135.00
2025-12-25 15:57:26.505612,599616369056625612,-140.00
2025-12-25 15:57:26.505612,599616369056625612,-149.00
2025-12-25 15:57:26.505612,599616369056625612,-158.00
2025-12-25 15:57:26.505612,599616369056625612,-165.00
2025-12-25 15:57:26.505612,599616369056625612,-167.00
2025-12-25 15:57:26.505612,599616369056625612,-165.00
2025-12-25 15:57:26.505612,599616369056625612,-165.00
2025-12-25 15:57:26.505612,599616369056625612,-158.00
2025-12-25 15:57:26.505612,599616369056625612,-158.00
2025-12-25 15:57:26.505612,599616369056625612,-163.00
2025-12-25 15:57:26.505612,599616369056625612,-165.00
2025-12-25 15:57:26.505612,599616369056625612,-160.00
2025-12-25 15:57:26.505612,599616369056625612,-160.00
2025-12-25 15:57:26.505612,599616369056625612,-167.00
2025-12-25 15:57:26.505612,599616369056625612,-160.00
2025-12-25 15:57:26.505612,599616369056625612,-108.00
2025-12-25 15:57:27.308069,599616369617459983,36.00
2025-12-25 15:57:27.308069,599616369617459983,163.00
2025-12-25 15:57:27.308069,599616369617459983,-13.00
2025-12-25 15:57:27.308069,599616369617459983,-381.00
2025-12-25 15:57:27.308069,599616369617459983,-471.00
2025-12-25 15:57:27.308069,599616369617459983,-337.00
2025-12-25 15:57:27.308069,599616369617459983,-273.00
2025-12-25 15:57:27.308069,599616369617459983,-213.00
2025-12-25 15:57:27.308069,599616369617459983,-121.00
2025-12-25 15:57:27.308069,599616369617459983,-105.00
2025-12-25 15:57:27.308069,599616369617459983,-126.00
2025-12-25 15:57:27.308069,599616369617459983,-114.00
2025-12-25 15:57:27.308069,599616369617459983,-105.00
2025-12-25 15:57:27.308069,599616369617459983,-103.00
2025-12-25 15:57:27.308069,599616369617459983,-91.00
2025-12-25 15:57:27.308069,599616369617459983,-82.00
2025-12-25 15:57:27.308069,599616369617459983,-85.00
2025-12-25 15:57:27.308069,599616369617459983,-91.00
2025-12-25 15:57:27.308069,599616369617459983,-94.00
2025-12-25 15:57:27.308069,599616369617459983,-91.00
2025-12-25 15:57:27.308069,599616369617459983,-85.00
2025-12-25 15:57:27.308069,599616369617459983,-78.00
2025-12-25 15:57:27.308069,599616369617459983,-78.00
2025-12-25 15:57:27.308069,599616369617459983,-82.00
2025-12-25 15:57:27.308069,599616369617459983,-75.00
2025-12-25 15:57:27.308069,599616369617459983,-66.00
2025-12-25 15:57:27.308069,599616369617459983,-64.00
2025-12-25 15:57:27.308069,599616369617459983,-66.00
2025-12-25 15:57:27.308069,599616369617459983,-66.00
2025-12-25 15:57:27.308069,599616369617459983,-68.00
2025-12-25 15:57:27.308069,599616369617459983,-71.00
2025-12-25 15:57:27.308069,599616369617459983,-75.00
2025-12-25 15:57:27.308069,599616369617459983,-91.00
2025-12-25 15:57:27.308069,599616369617459983,-112.00
2025-12-25 15:57:27.308069,599616369617459983,-128.00
2025-12-25 15:57:27.308069,599616369617459983,-144.00
2025-12-25 15:57:27.308069,599616369617459983,-160.00
2025-12-25 15:57:27.308069,599616369617459983,-167.00
2025-12-25 15:57:27.308069,599616369617459983,-174.00
2025-12-25 15:57:27.308069,599616369617459983,-181.00
2025-12-25 15:57:27.308069,599616369617459983,-186.00
2025-12-25 15:57:27.308069,599616369617459983,-186.00
2025-12-25 15:57:27.308069,599616369617459983,-188.00
2025-12-25 15:57:27.308069,599616369617459983,-188.00
2025-12-25 15:57:27.308069,599616369617459983,-179.00
2025-12-25 15:57:27.308069,599616369617459983,-179.00
2025-12-25 15:57:27.308069,599616369617459983,-179.00
2025-12-25 15:57:27.308069,599616369617459983,-177.00
2025-12-25 15:57:27.308069,599616369617459983,-179.00
2025-12-25 15:57:27.308069,599616369617459983,-181.00
2025-12-25 15:57:27.308069,599616369617459983,-179.00
2025-12-25 15:57:27.308069,599616369617459983,-177.00
2025-12-25 15:57:27.308069,599616369617459983,-177.00
2025-12-25 15:57:27.308069,599616369617459983,-181.00
2025-12-25 15:57:27.308069,599616369617459983,-183.00
2025-12-25 15:57:27.308069,599616369617459983,-177.00
2025-12-25 15:57:27.308069,599616369617459983,-170.00
2025-12-25 15:57:27.308069,599616369617459983,-179.00
2025-12-25 15:57:27.308069,599616369617459983,-177.00
2025-12-25 15:57:27.308069,599616369617459983,-165.00
2025-12-25 15:57:27.308069,599616369617459983,-165.00
2025-12-25 15:57:27.308069,599616369617459983,-170.00
2025-12-25 15:57:27.308069,599616369617459983,-170.00
2025-12-25 15:57:27.308069,599616369617459983,-170.00
2025-12-25 15:57:27.308069,599616369617459983,-170.00
2025-12-25 15:57:27.308069,599616369617459983,-172.00
2025-12-25 15:57:27.308069,599616369617459983,-172.00
2025-12-25 15:57:27.308069,599616369617459983,-163.00
2025-12-25 15:57:27.308069,599616369617459983,-149.00
2025-12-25 15:57:27.308069,599616369617459983,-140.00
2025-12-25 15:57:27.308069,599616369617459983,-142.00
2025-12-25 15:57:27.308069,599616369617459983,-154.00
2025-12-25 15:57:27.308069,599616369617459983,-163.00
2025-12-25 15:57:27.609276,599616370178314700,-163.00
2025-12-25 15:57:27.609276,599616370178314700,-156.00
2025-12-25 15:57:27.609276,599616370178314700,-151.00
2025-12-25 15:57:27.609276,599616370178314700,-151.00
2025-12-25 15:57:27.609276,599616370178314700,-156.00
2025-12-25 15:57:27.609276,599616370178314700,-158.00
2025-12-25 15:57:27.609276,599616370178314700,-156.00
2025-12-25 15:57:27.609276,599616370178314700,-149.00
2025-12-25 15:57:27.609276,599616370178314700,-151.00
2025-12-25 15:57:27.609276,599616370178314700,-154.00
2025-12-25 15:57:27.609276,599616370178314700,-149.00
2025-12-25 15:57:27.609276,599616370178314700,-137.00
2025-12-25 15:57:27.609276,599616370178314700,-126.00
2025-12-25 15:57:27.609276,599616370178314700,-62.00
2025-12-25 15:57:27.609276,599616370178314700,101.00
2025-12-25 15:57:27.609276,599616370178314700,179.00
2025-12-25 15:57:27.609276,599616370178314700,-78.00
2025-12-25 15:57:27.609276,599616370178314700,-411.00
2025-12-25 15:57:27.609276,599616370178314700,-411.00
2025-12-25 15:57:27.609276,599616370178314700,-271.00
2025-12-25 15:57:27.609276,599616370178314700,-229.00
2025-12-25 15:57:27.609276,599616370178314700,-170.00
2025-12-25 15:57:27.609276,599616370178314700,-96.00
2025-12-25 15:57:27.609276,599616370178314700,-91.00
2025-12-25 15:57:27.609276,599616370178314700,-105.00
2025-12-25 15:57:27.609276,599616370178314700,-96.00
2025-12-25 15:57:27.609276,599616370178314700,-87.00
2025-12-25 15:57:27.609276,599616370178314700,-87.00
2025-12-25 15:57:27.609276,599616370178314700,-75.00
2025-12-25 15:57:27.609276,599616370178314700,-66.00
2025-12-25 15:57:27.609276,599616370178314700,-71.00
2025-12-25 15:57:27.609276,599616370178314700,-71.00
2025-12-25 15:57:27.609276,599616370178314700,-66.00
2025-12-25 15:57:27.609276,599616370178314700,-66.00
2025-12-25 15:57:27.609276,599616370178314700,-57.00
2025-12-25 15:57:27.609276,599616370178314700,-45.00
2025-12-25 15:57:27.609276,599616370178314700,-45.00
2025-12-25 15:57:27.609276,599616370178314700,-50.00
2025-12-25 15:57:27.609276,599616370178314700,-55.00
2025-12-25 15:57:27.609276,599616370178314700,-45.00
2025-12-25 15:57:27.609276,599616370178314700,-25.00
2025-12-25 15:57:27.609276,599616370178314700,-22.00
2025-12-25 15:57:27.609276,599616370178314700,-36.00
2025-12-25 15:57:27.609276,599616370178314700,-43.00
2025-12-25 15:57:27.609276,599616370178314700,-45.00
2025-12-25 15:57:27.609276,599616370178314700,-48.00
2025-12-25 15:57:27.609276,599616370178314700,-43.00
2025-12-25 15:57:27.609276,599616370178314700,-52.00
2025-12-25 15:57:27.609276,599616370178314700,-78.00
2025-12-25 15:57:27.609276,599616370178314700,-103.00
2025-12-25 15:57:27.609276,599616370178314700,-121.00
2025-12-25 15:57:27.609276,599616370178314700,-131.00
2025-12-25 15:57:27.609276,599616370178314700,-140.00
2025-12-25 15:57:27.609276,599616370178314700,-149.00
2025-12-25 15:57:27.609276,599616370178314700,-154.00
2025-12-25 15:57:27.609276,599616370178314700,-154.00
2025-12-25 15:57:27.609276,599616370178314700,-160.00
2025-12-25 15:57:27.609276,599616370178314700,-156.00
2025-12-25 15:57:27.609276,599616370178314700,-149.00
2025-12-25 15:57:27.609276,599616370178314700,-149.00
2025-12-25 15:57:27.609276,599616370178314700,-154.00
2025-12-25 15:57:27.609276,599616370178314700,-151.00
2025-12-25 15:57:27.609276,599616370178314700,-149.00
2025-12-25 15:57:27.609276,599616370178314700,-147.00
2025-12-25 15:57:27.609276,599616370178314700,-147.00
2025-12-25 15:57:27.609276,599616370178314700,-142.00
2025-12-25 15:57:27.609276,599616370178314700,-133.00
2025-12-25 15:57:27.609276,599616370178314700,-128.00
2025-12-25 15:57:27.609276,599616370178314700,-135.00
2025-12-25 15:57:27.609276,599616370178314700,-140.00
2025-12-25 15:57:27.609276,599616370178314700,-137.00
2025-12-25 15:57:27.609276,599616370178314700,-137.00
2025-12-25 15:57:27.609276,599616370178314700,-137.00
2025-12-25 15:57:28.161647,599616370739143987,-140.00
2025-12-25 15:57:28.161647,599616370739143987,-144.00
2025-12-25 15:57:28.161647,599616370739143987,-140.00
2025-12-25 15:57:28.161647,599616370739143987,-137.00
2025-12-25 15:57:28.161647,599616370739143987,-142.00
2025-12-25 15:57:28.161647,599616370739143987,-147.00
2025-12-25 15:57:28.161647,599616370739143987,-147.00
2025-12-25 15:57:28.161647,599616370739143987,-142.00
2025-12-25 15:57:28.161647,599616370739143987,-135.00
2025-12-25 15:57:28.161647,599616370739143987,-142.00
2025-12-25 15:57:28.161647,599616370739143987,-144.00
2025-12-25 15:57:28.161647,599616370739143987,-133.00
2025-12-25 15:57:28.161647,599616370739143987,-121.00
2025-12-25 15:57:28.161647,599616370739143987,-117.00
2025-12-25 15:57:28.161647,599616370739143987,-119.00
2025-12-25 15:57:28.161647,599616370739143987,-133.00
2025-12-25 15:57:28.161647,599616370739143987,-140.00
2025-12-25 15:57:28.161647,599616370739143987,-140.00
2025-12-25 15:57:28.161647,599616370739143987,-142.00
2025-12-25 15:57:28.161647,599616370739143987,-147.00
2025-12-25 15:57:28.161647,599616370739143987,-147.00
2025-12-25 15:57:28.161647,599616370739143987,-147.00
2025-12-25 15:57:28.161647,599616370739143987,-144.00
2025-12-25 15:57:28.161647,599616370739143987,-149.00
2025-12-25 15:57:28.161647,599616370739143987,-156.00
2025-12-25 15:57:28.161647,599616370739143987,-144.00
2025-12-25 15:57:28.161647,599616370739143987,-137.00
2025-12-25 15:57:28.161647,599616370739143987,-151.00
2025-12-25 15:57:28.161647,599616370739143987,-156.00
2025-12-25 15:57:28.161647,599616370739143987,-110.00
2025-12-25 15:57:28.161647,599616370739143987,32.00
2025-12-25 15:57:28.161647,599616370739143987,186.00
2025-12-25 15:57:28.161647,599616370739143987,52.00
2025-12-25 15:57:28.161647,599616370739143987,-331.00
2025-12-25 15:57:28.161647,599616370739143987,-473.00
2025-12-25 15:57:28.161647,599616370739143987,-354.00
2025-12-25 15:57:28.161647,599616370739143987,-291.00
2025-12-25 15:57:28.161647,599616370739143987,-243.00
2025-12-25 15:57:28.161647,599616370739143987,-149.00
2025-12-25 15:57:28.161647,599616370739143987,-131.00
2025-12-25 15:57:28.161647,599616370739143987,-154.00
2025-12-25 15:57:28.161647,599616370739143987,-140.00
2025-12-25 15:57:28.161647,599616370739143987,-131.00
2025-12-25 15:57:28.161647,599616370739143987,-137.00
2025-12-25 15:57:28.161647,599616370739143987,-128.00
2025-12-25 15:57:28.161647,599616370739143987,-121.00
2025-12-25 15:57:28.161647,599616370739143987,-126.00
2025-12-25 15:57:28.161647,599616370739143987,-126.00
2025-12-25 15:57:28.161647,599616370739143987,-121.00
2025-12-25 15:57:28.161647,599616370739143987,-114.00
2025-12-25 15:57:28.161647,599616370739143987,-103.00
2025-12-25 15:57:28.161647,599616370739143987,-101.00
2025-12-25 15:57:28.161647,599616370739143987,-103.00
2025-12-25 15:57:28.161647,599616370739143987,-94.00
2025-12-25 15:57:28.161647,599616370739143987,-80.00
2025-12-25 15:57:28.161647,599616370739143987,-80.00
2025-12-25 15:57:28.161647,599616370739143987,-80.00
2025-12-25 15:57:28.161647,599616370739143987,-75.00
2025-12-25 15:57:28.161647,599616370739143987,-75.00
2025-12-25 15:57:28.161647,599616370739143987,-71.00
2025-12-25 15:57:28.161647,599616370739143987,-66.00
2025-12-25 15:57:28.161647,599616370739143987,-75.00
2025-12-25 15:57:28.161647,599616370739143987,-87.00
2025-12-25 15:57:28.161647,599616370739143987,-96.00
2025-12-25 15:57:28.161647,599616370739143987,-117.00
2025-12-25 15:57:28.161647,599616370739143987,-137.00
2025-12-25 15:57:28.161647,599616370739143987,-154.00
2025-12-25 15:57:28.161647,599616370739143987,-167.00
2025-12-25 15:57:28.161647,599616370739143987,-177.00
2025-12-25 15:57:28.161647,599616370739143987,-179.00
2025-12-25 15:57:28.161647,599616370739143987,-177.00
2025-12-25 15:57:28.161647,599616370739143987,-179.00
2025-12-25 15:57:28.161647,599616370739143987,-181.00
2025-12-25 15:57:28.767241,599616371299993616,-181.00
2025-12-25 15:57:28.767241,599616371299993616,-174.00
2025-12-25 15:57:28.767241,599616371299993616,-170.00
2025-12-25 15:57:28.767241,599616371299993616,-167.00
2025-12-25 15:57:28.767241,599616371299993616,-167.00
2025-12-25 15:57:28.767241,599616371299993616,-158.00
2025-12-25 15:57:28.767241,599616371299993616,-144.00
2025-12-25 15:57:28.767241,599616371299993616,-142.00
2025-12-25 15:57:28.767241,599616371299993616,-147.00
2025-12-25 15:57:28.767241,599616371299993616,-149.00
2025-12-25 15:57:28.767241,599616371299993616,-147.00
2025-12-25 15:57:28.767241,599616371299993616,-142.00
2025-12-25 15:57:28.767241,599616371299993616,-151.00
2025-12-25 15:57:28.767241,599616371299993616,-158.00
2025-12-25 15:57:28.767241,599616371299993616,-154.00
2025-12-25 15:57:28.767241,599616371299993616,-149.00
2025-12-25 15:57:28.767241,599616371299993616,-154.00
2025-12-25 15:57:28.767241,599616371299993616,-156.00
2025-12-25 15:57:28.767241,599616371299993616,-163.00
2025-12-25 15:57:28.767241,599616371299993616,-170.00
2025-12-25 15:57:28.767241,599616371299993616,-165.00
2025-12-25 15:57:28.767241,599616371299993616,-165.00
2025-12-25 15:57:28.767241,599616371299993616,-167.00
2025-12-25 15:57:28.767241,599616371299993616,-167.00
2025-12-25 15:57:28.767241,599616371299993616,-172.00
2025-12-25 15:57:28.767241,599616371299993616,-174.00
2025-12-25 15:57:28.767241,599616371299993616,-165.00
2025-12-25 15:57:28.767241,599616371299993616,-151.00
2025-12-25 15:57:28.767241,599616371299993616,-147.00
2025-12-25 15:57:28.767241,599616371299993616,-156.00
2025-12-25 15:57:28.767241,599616371299993616,-172.00
2025-12-25 15:57:28.767241,599616371299993616,-177.00
2025-12-25 15:57:28.767241,599616371299993616,-179.00
2025-12-25 15:57:28.767241,599616371299993616,-179.00
2025-12-25 15:57:28.767241,599616371299993616,-177.00
2025-12-25 15:57:28.767241,599616371299993616,-174.00
2025-12-25 15:57:28.767241,599616371299993616,-172.00
2025-12-25 15:57:28.767241,599616371299993616,-174.00
2025-12-25 15:57:28.767241,599616371299993616,-177.00
2025-12-25 15:57:28.767241,599616371299993616,-174.00
2025-12-25 15:57:28.767241,599616371299993616,-165.00
2025-12-25 15:57:28.767241,599616371299993616,-160.00
2025-12-25 15:57:28.767241,599616371299993616,-165.00
2025-12-25 15:57:28.767241,599616371299993616,-119.00
2025-12-25 15:57:28.767241,599616371299993616,36.00
2025-12-25 15:57:28.767241,599616371299993616,165.00
2025-12-25 15:57:28.767241,599616371299993616,-36.00
2025-12-25 15:57:28.767241,599616371299993616,-404.00
2025-12-25 15:57:28.767241,599616371299993616,-466.00
2025-12-25 15:57:28.767241,599616371299993616,-340.00
2025-12-25 15:57:28.767241,599616371299993616,-298.00
2025-12-25 15:57:28.767241,599616371299993616,-239.00
2025-12-25 15:57:28.767241,599616371299993616,-142.00
2025-12-25 15:57:28.767241,599616371299993616,-126.00
2025-12-25 15:57:28.767241,599616371299993616,-142.00
2025-12-25 15:57:28.767241,599616371299993616,-128.00
2025-12-25 15:57:28.767241,599616371299993616,-126.00
2025-12-25 15:57:28.767241,599616371299993616,-133.00
2025-12-25 15:57:28.767241,599616371299993616,-117.00
2025-12-25 15:57:28.767241,599616371299993616,-108.00
2025-12-25 15:57:28.767241,599616371299993616,-119.00
2025-12-25 15:57:28.767241,599616371299993616,-124.00
2025-12-25 15:57:28.767241,599616371299993616,-112.00
2025-12-25 15:57:28.767241,599616371299993616,-110.00
2025-12-25 15:57:28.767241,599616371299993616,-110.00
2025-12-25 15:57:28.767241,599616371299993616,-101.00
2025-12-25 15:57:28.767241,599616371299993616,-94.00
2025-12-25 15:57:28.767241,599616371299993616,-94.00
2025-12-25 15:57:28.767241,599616371299993616,-94.00
2025-12-25 15:57:28.767241,599616371299993616,-85.00
2025-12-25 15:57:28.767241,599616371299993616,-71.00
2025-12-25 15:57:28.767241,599616371299993616,-62.00
2025-12-25 15:57:28.767241,599616371299993616,-59.00
2025-12-25 15:57:29.319526,599616371860817819,-59.00
2025-12-25 15:57:29.319526,599616371860817819,-62.00
2025-12-25 15:57:29.319526,599616371860817819,-66.00
2025-12-25 15:57:29.319526,599616371860817819,-75.00
2025-12-25 15:57:29.319526,599616371860817819,-96.00
2025-12-25 15:57:29.319526,599616371860817819,-119.00
2025-12-25 15:57:29.319526,599616371860817819,-133.00
2025-12-25 15:57:29.319526,599616371860817819,-142.00
2025-12-25 15:57:29.319526,599616371860817819,-154.00
2025-12-25 15:57:29.319526,599616371860817819,-156.00
2025-12-25 15:57:29.319526,599616371860817819,-156.00
2025-12-25 15:57:29.319526,599616371860817819,-165.00
2025-12-25 15:57:29.319526,599616371860817819,-172.00
2025-12-25 15:57:29.319526,599616371860817819,-170.00
2025-12-25 15:57:29.319526,599616371860817819,-156.00
2025-12-25 15:57:29.319526,599616371860817819,-142.00
2025-12-25 15:57:29.319526,599616371860817819,-140.00
2025-12-25 15:57:29.319526,599616371860817819,-147.00
2025-12-25 15:57:29.319526,599616371860817819,-147.00
2025-12-25 15:57:29.319526,599616371860817819,-144.00
2025-12-25 15:57:29.319526,599616371860817819,-147.00
2025-12-25 15:57:29.319526,599616371860817819,-151.00
2025-12-25 15:57:29.319526,599616371860817819,-154.00
2025-12-25 15:57:29.319526,599616371860817819,-156.00
2025-12-25 15:57:29.319526,599616371860817819,-154.00
2025-12-25 15:57:29.319526,599616371860817819,-151.00
2025-12-25 15:57:29.319526,599616371860817819,-154.00
2025-12-25 15:57:29.319526,599616371860817819,-156.00
2025-12-25 15:57:29.319526,599616371860817819,-158.00
2025-12-25 15:57:29.319526,599616371860817819,-163.00
2025-12-25 15:57:29.319526,599616371860817819,-163.00
2025-12-25 15:57:29.319526,599616371860817819,-158.00
2025-12-25 15:57:29.319526,599616371860817819,-154.00
2025-12-25 15:57:29.319526,599616371860817819,-156.00
2025-12-25 15:57:29.319526,599616371860817819,-163.00
2025-12-25 15:57:29.319526,599616371860817819,-165.00
2025-12-25 15:57:29.319526,599616371860817819,-163.00
2025-12-25 15:57:29.319526,599616371860817819,-154.00
2025-12-25 15:57:29.319526,599616371860817819,-137.00
2025-12-25 15:57:29.319526,599616371860817819,-133.00
2025-12-25 15:57:29.319526,599616371860817819,-142.00
2025-12-25 15:57:29.319526,599616371860817819,-158.00
2025-12-25 15:57:29.319526,599616371860817819,-167.00
2025-12-25 15:57:29.319526,599616371860817819,-165.00
2025-12-25 15:57:29.319526,599616371860817819,-160.00
2025-12-25 15:57:29.319526,599616371860817819,-160.00
2025-12-25 15:57:29.319526,599616371860817819,-163.00
2025-12-25 15:57:29.319526,599616371860817819,-163.00
2025-12-25 15:57:29.319526,599616371860817819,-158.00
2025-12-25 15:57:29.319526,599616371860817819,-158.00
2025-12-25 15:57:29.319526,599616371860817819,-158.00
2025-12-25 15:57:29.319526,599616371860817819,-156.00
2025-12-25 15:57:29.319526,599616371860817819,-158.00
2025-12-25 15:57:29.319526,599616371860817819,-167.00
2025-12-25 15:57:29.319526,599616371860817819,-165.00
2025-12-25 15:57:29.319526,599616371860817819,-103.00
2025-12-25 15:57:29.319526,599616371860817819,59.00
2025-12-25 15:57:29.319526,599616371860817819,165.00
2025-12-25 15:57:29.319526,599616371860817819,-64.00
2025-12-25 15:57:29.319526,599616371860817819,-423.00
2025-12-25 15:57:29.319526,599616371860817819,-457.00
2025-12-25 15:57:29.319526,599616371860817819,-314.00
2025-12-25 15:57:29.319526,599616371860817819,-266.00
2025-12-25 15:57:29.319526,599616371860817819,-206.00
2025-12-25 15:57:29.319526,599616371860817819,-128.00
2025-12-25 15:57:29.319526,599616371860817819,-133.00
2025-12-25 15:57:29.319526,599616371860817819,-149.00
2025-12-25 15:57:29.319526,599616371860817819,-128.00
2025-12-25 15:57:29.319526,599616371860817819,-121.00
2025-12-25 15:57:29.319526,599616371860817819,-126.00
2025-12-25 15:57:29.319526,599616371860817819,-124.00
2025-12-25 15:57:29.319526,599616371860817819,-119.00
2025-12-25 15:57:29.319526,599616371860817819,-117.00
2025-12-25 15:57:29.872018,599616372421662364,-112.00
2025-12-25 15:57:29.872018,599616372421662364,-110.00
2025-12-25 15:57:29.872018,599616372421662364,-108.00
2025-12-25 15:57:29.872018,599616372421662364,-110.00
2025-12-25 15:57:29.872018,599616372421662364,-105.00
2025-12-25 15:57:29.872018,599616372421662364,-94.00
2025-12-25 15:57:29.872018,599616372421662364,-89.00
2025-12-25 15:57:29.872018,599616372421662364,-85.00
2025-12-25 15:57:29.872018,599616372421662364,-71.00
2025-12-25 15:57:29.872018,599616372421662364,-62.00
2025-12-25 15:57:29.872018,599616372421662364,-59.00
2025-12-25 15:57:29.872018,599616372421662364,-59.00
2025-12-25 15:57:29.872018,599616372421662364,-48.00
2025-12-25 15:57:29.872018,599616372421662364,-48.00
2025-12-25 15:57:29.872018,599616372421662364,-57.00
2025-12-25 15:57:29.872018,599616372421662364,-71.00
2025-12-25 15:57:29.872018,599616372421662364,-91.00
2025-12-25 15:57:29.872018,599616372421662364,-114.00
2025-12-25 15:57:29.872018,599616372421662364,-133.00
2025-12-25 15:57:29.872018,599616372421662364,-149.00
2025-12-25 15:57:29.872018,599616372421662364,-163.00
2025-12-25 15:57:29.872018,599616372421662364,-165.00
2025-12-25 15:57:29.872018,599616372421662364,-163.00
2025-12-25 15:57:29.872018,599616372421662364,-167.00
2025-12-25 15:57:29.872018,599616372421662364,-177.00
2025-12-25 15:57:29.872018,599616372421662364,-181.00
2025-12-25 15:57:29.872018,599616372421662364,-170.00
2025-12-25 15:57:29.872018,599616372421662364,-167.00
2025-12-25 15:57:29.872018,599616372421662364,-172.00
2025-12-25 15:57:29.872018,599616372421662364,-165.00
2025-12-25 15:57:29.872018,599616372421662364,-160.00
2025-12-25 15:57:29.872018,599616372421662364,-165.00
2025-12-25 15:57:29.872018,599616372421662364,-167.00
2025-12-25 15:57:29.872018,599616372421662364,-163.00
2025-12-25 15:57:29.872018,599616372421662364,-165.00
2025-12-25 15:57:29.872018,599616372421662364,-172.00
2025-12-25 15:57:29.872018,599616372421662364,-170.00
2025-12-25 15:57:29.872018,599616372421662364,-158.00
2025-12-25 15:57:29.872018,599616372421662364,-151.00
2025-12-25 15:57:29.872018,599616372421662364,-156.00
2025-12-25 15:57:29.872018,599616372421662364,-165.00
2025-12-25 15:57:29.872018,599616372421662364,-160.00
2025-12-25 15:57:29.872018,599616372421662364,-158.00
2025-12-25 15:57:29.872018,599616372421662364,-163.00
2025-12-25 15:57:29.872018,599616372421662364,-170.00
2025-12-25 15:57:29.872018,599616372421662364,-172.00
2025-12-25 15:57:29.872018,599616372421662364,-170.00
2025-12-25 15:57:29.872018,599616372421662364,-165.00
2025-12-25 15:57:29.872018,599616372421662364,-165.00
2025-12-25 15:57:29.872018,599616372421662364,-165.00
2025-12-25 15:57:29.872018,599616372421662364,-154.00
2025-12-25 15:57:29.872018,599616372421662364,-144.00
2025-12-25 15:57:29.872018,599616372421662364,-151.00
2025-12-25 15:57:29.872018,599616372421662364,-156.00
2025-12-25 15:57:29.872018,599616372421662364,-158.00
2025-12-25 15:57:29.872018,599616372421662364,-163.00
2025-12-25 15:57:29.872018,599616372421662364,-167.00
2025-12-25 15:57:29.872018,599616372421662364,-167.00
2025-12-25 15:57:29.872018,599616372421662364,-163.00
2025-12-25 15:57:29.872018,599616372421662364,-165.00
2025-12-25 15:57:29.872018,599616372421662364,-165.00
2025-12-25 15:57:29.872018,599616372421662364,-165.00
2025-12-25 15:57:29.872018,599616372421662364,-163.00
2025-12-25 15:57:29.872018,599616372421662364,-160.00
2025-12-25 15:57:29.872018,599616372421662364,-156.00
2025-12-25 15:57:29.872018,599616372421662364,-156.00
2025-12-25 15:57:29.872018,599616372421662364,-163.00
2025-12-25 15:57:29.872018,599616372421662364,-135.00
2025-12-25 15:57:29.872018,599616372421662364,-6.00
2025-12-25 15:57:29.872018,599616372421662364,160.00
2025-12-25 15:57:29.872018,599616372421662364,64.00
2025-12-25 15:57:29.872018,599616372421662364,-305.00
2025-12-25 15:57:29.872018,599616372421662364,-473.00
2025-12-25 15:57:30.473699,599616372982511995,-354.00
2025-12-25 15:57:30.473699,599616372982511995,-264.00
2025-12-25 15:57:30.473699,599616372982511995,-223.00
2025-12-25 15:57:30.473699,599616372982511995,-147.00
2025-12-25 15:57:30.473699,599616372982511995,-126.00
2025-12-25 15:57:30.473699,599616372982511995,-142.00
2025-12-25 15:57:30.473699,599616372982511995,-133.00
2025-12-25 15:57:30.473699,599616372982511995,-121.00
2025-12-25 15:57:30.473699,599616372982511995,-119.00
2025-12-25 15:57:30.473699,599616372982511995,-101.00
2025-12-25 15:57:30.473699,599616372982511995,-94.00
2025-12-25 15:57:30.473699,599616372982511995,-105.00
2025-12-25 15:57:30.473699,599616372982511995,-101.00
2025-12-25 15:57:30.473699,599616372982511995,-80.00
2025-12-25 15:57:30.473699,599616372982511995,-75.00
2025-12-25 15:57:30.473699,599616372982511995,-75.00
2025-12-25 15:57:30.473699,599616372982511995,-68.00
2025-12-25 15:57:30.473699,599616372982511995,-64.00
2025-12-25 15:57:30.473699,599616372982511995,-59.00
2025-12-25 15:57:30.473699,599616372982511995,-50.00
2025-12-25 15:57:30.473699,599616372982511995,-48.00
2025-12-25 15:57:30.473699,599616372982511995,-43.00
2025-12-25 15:57:30.473699,599616372982511995,-39.00
2025-12-25 15:57:30.473699,599616372982511995,-39.00
2025-12-25 15:57:30.473699,599616372982511995,-45.00
2025-12-25 15:57:30.473699,599616372982511995,-48.00
2025-12-25 15:57:30.473699,599616372982511995,-50.00
2025-12-25 15:57:30.473699,599616372982511995,-62.00
2025-12-25 15:57:30.473699,599616372982511995,-78.00
2025-12-25 15:57:30.473699,599616372982511995,-98.00
2025-12-25 15:57:30.473699,599616372982511995,-110.00
2025-12-25 15:57:30.473699,599616372982511995,-119.00
2025-12-25 15:57:30.473699,599616372982511995,-137.00
2025-12-25 15:57:30.473699,599616372982511995,-151.00
2025-12-25 15:57:30.473699,599616372982511995,-156.00
2025-12-25 15:57:30.473699,599616372982511995,-163.00
2025-12-25 15:57:30.473699,599616372982511995,-167.00
2025-12-25 15:57:30.473699,599616372982511995,-160.00
2025-12-25 15:57:30.473699,599616372982511995,-158.00
2025-12-25 15:57:30.473699,599616372982511995,-163.00
2025-12-25 15:57:30.473699,599616372982511995,-165.00
2025-12-25 15:57:30.473699,599616372982511995,-165.00
2025-12-25 15:57:30.473699,599616372982511995,-160.00
2025-12-25 15:57:30.473699,599616372982511995,-158.00
2025-12-25 15:57:30.473699,599616372982511995,-158.00
2025-12-25 15:57:30.473699,599616372982511995,-156.00
2025-12-25 15:57:30.473699,599616372982511995,-149.00
2025-12-25 15:57:30.473699,599616372982511995,-154.00
2025-12-25 15:57:30.473699,599616372982511995,-158.00
2025-12-25 15:57:30.473699,599616372982511995,-156.00
2025-12-25 15:57:30.473699,599616372982511995,-154.00
2025-12-25 15:57:30.473699,599616372982511995,-156.00
2025-12-25 15:57:30.473699,599616372982511995,-160.00
2025-12-25 15:57:30.473699,599616372982511995,-163.00
2025-12-25 15:57:30.473699,599616372982511995,-163.00
2025-12-25 15:57:30.473699,599616372982511995,-160.00
2025-12-25 15:57:30.473699,599616372982511995,-163.00
2025-12-25 15:57:30.473699,599616372982511995,-170.00
2025-12-25 15:57:30.473699,599616372982511995,-172.00
2025-12-25 15:57:30.473699,599616372982511995,-170.00
2025-12-25 15:57:30.473699,599616372982511995,-172.00
2025-12-25 15:57:30.473699,599616372982511995,-160.00
2025-12-25 15:57:30.473699,599616372982511995,-144.00
2025-12-25 15:57:30.473699,599616372982511995,-137.00
2025-12-25 15:57:30.473699,599616372982511995,-147.00
2025-12-25 15:57:30.473699,599616372982511995,-163.00
2025-12-25 15:57:30.473699,599616372982511995,-172.00
2025-12-25 15:57:30.473699,599616372982511995,-174.00
2025-12-25 15:57:30.473699,599616372982511995,-172.00
2025-12-25 15:57:30.473699,599616372982511995,-165.00
2025-12-25 15:57:30.473699,599616372982511995,-163.00
2025-12-25 15:57:30.473699,599616372982511995,-170.00
2025-12-25 15:57:30.473699,599616372982511995,-172.00
2025-12-25 15:57:31.175623,599616373543351452,-167.00
2025-12-25 15:57:31.175623,599616373543351452,-165.00
2025-12-25 15:57:31.175623,599616373543351452,-163.00
2025-12-25 15:57:31.175623,599616373543351452,-167.00
2025-12-25 15:57:31.175623,599616373543351452,-170.00
2025-12-25 15:57:31.175623,599616373543351452,-163.00
2025-12-25 15:57:31.175623,599616373543351452,-133.00
2025-12-25 15:57:31.175623,599616373543351452,-13.00
2025-12-25 15:57:31.175623,599616373543351452,149.00
2025-12-25 15:57:31.175623,599616373543351452,75.00
2025-12-25 15:57:31.175623,599616373543351452,-280.00
2025-12-25 15:57:31.175623,599616373543351452,-464.00
2025-12-25 15:57:31.175623,599616373543351452,-342.00
2025-12-25 15:57:31.175623,599616373543351452,-243.00
2025-12-25 15:57:31.175623,599616373543351452,-211.00
2025-12-25 15:57:31.175623,599616373543351452,-140.00
2025-12-25 15:57:31.175623,599616373543351452,-110.00
2025-12-25 15:57:31.175623,599616373543351452,-119.00
2025-12-25 15:57:31.175623,599616373543351452,-96.00
2025-12-25 15:57:31.175623,599616373543351452,-82.00
2025-12-25 15:57:31.175623,599616373543351452,-94.00
2025-12-25 15:57:31.175623,599616373543351452,-96.00
2025-12-25 15:57:31.175623,599616373543351452,-82.00
2025-12-25 15:57:31.175623,599616373543351452,-71.00
2025-12-25 15:57:31.175623,599616373543351452,-71.00
2025-12-25 15:57:31.175623,599616373543351452,-78.00
2025-12-25 15:57:31.175623,599616373543351452,-73.00
2025-12-25 15:57:31.175623,599616373543351452,-71.00
2025-12-25 15:57:31.175623,599616373543351452,-71.00
2025-12-25 15:57:31.175623,599616373543351452,-62.00
2025-12-25 15:57:31.175623,599616373543351452,-48.00
2025-12-25 15:57:31.175623,599616373543351452,-48.00
2025-12-25 15:57:31.175623,599616373543351452,-50.00
2025-12-25 15:57:31.175623,599616373543351452,-45.00
2025-12-25 15:57:31.175623,599616373543351452,-43.00
2025-12-25 15:57:31.175623,599616373543351452,-41.00
2025-12-25 15:57:31.175623,599616373543351452,-41.00
2025-12-25 15:57:31.175623,599616373543351452,-45.00
2025-12-25 15:57:31.175623,599616373543351452,-55.00
2025-12-25 15:57:31.175623,599616373543351452,-64.00
2025-12-25 15:57:31.175623,599616373543351452,-75.00
2025-12-25 15:57:31.175623,599616373543351452,-94.00
2025-12-25 15:57:31.175623,599616373543351452,-117.00
2025-12-25 15:57:31.175623,599616373543351452,-137.00
2025-12-25 15:57:31.175623,599616373543351452,-154.00
2025-12-25 15:57:31.175623,599616373543351452,-165.00
2025-12-25 15:57:31.175623,599616373543351452,-170.00
2025-12-25 15:57:31.175623,599616373543351452,-170.00
2025-12-25 15:57:31.175623,599616373543351452,-172.00
2025-12-25 15:57:31.175623,599616373543351452,-174.00
2025-12-25 15:57:31.175623,599616373543351452,-177.00
2025-12-25 15:57:31.175623,599616373543351452,-179.00
2025-12-25 15:57:31.175623,599616373543351452,-174.00
2025-12-25 15:57:31.175623,599616373543351452,-167.00
2025-12-25 15:57:31.175623,599616373543351452,-165.00
2025-12-25 15:57:31.175623,599616373543351452,-167.00
2025-12-25 15:57:31.175623,599616373543351452,-172.00
2025-12-25 15:57:31.175623,599616373543351452,-170.00
2025-12-25 15:57:31.175623,599616373543351452,-165.00
2025-12-25 15:57:31.175623,599616373543351452,-170.00
2025-12-25 15:57:31.175623,599616373543351452,-174.00
2025-12-25 15:57:31.175623,599616373543351452,-172.00
2025-12-25 15:57:31.175623,599616373543351452,-170.00
2025-12-25 15:57:31.175623,599616373543351452,-174.00
2025-12-25 15:57:31.175623,599616373543351452,-174.00
2025-12-25 15:57:31.175623,599616373543351452,-170.00
2025-12-25 15:57:31.175623,599616373543351452,-170.00
2025-12-25 15:57:31.175623,599616373543351452,-177.00
2025-12-25 15:57:31.175623,599616373543351452,-177.00
2025-12-25 15:57:31.175623,599616373543351452,-167.00
2025-12-25 15:57:31.175623,599616373543351452,-165.00
2025-12-25 15:57:31.175623,599616373543351452,-174.00
2025-12-25 15:57:31.175623,599616373543351452,-177.00
2025-12-25 15:57:31.576888,599616374104206169,-172.00
2025-12-25 15:57:31.576888,599616374104206169,-160.00
2025-12-25 15:57:31.576888,599616374104206169,-144.00
2025-12-25 15:57:31.576888,599616374104206169,-142.00
2025-12-25 15:57:31.576888,599616374104206169,-158.00
2025-12-25 15:57:31.576888,599616374104206169,-172.00
2025-12-25 15:57:31.576888,599616374104206169,-177.00
2025-12-25 15:57:31.576888,599616374104206169,-177.00
2025-12-25 15:57:31.576888,599616374104206169,-174.00
2025-12-25 15:57:31.576888,599616374104206169,-160.00
2025-12-25 15:57:31.576888,599616374104206169,-151.00
2025-12-25 15:57:31.576888,599616374104206169,-156.00
2025-12-25 15:57:31.576888,599616374104206169,-158.00
2025-12-25 15:57:31.576888,599616374104206169,-154.00
2025-12-25 15:57:31.576888,599616374104206169,-151.00
2025-12-25 15:57:31.576888,599616374104206169,-154.00
2025-12-25 15:57:31.576888,599616374104206169,-154.00
2025-12-25 15:57:31.576888,599616374104206169,-154.00
2025-12-25 15:57:31.576888,599616374104206169,-133.00
2025-12-25 15:57:31.576888,599616374104206169,-34.00
2025-12-25 15:57:31.576888,599616374104206169,144.00
2025-12-25 15:57:31.576888,599616374104206169,142.00
2025-12-25 15:57:31.576888,599616374104206169,-193.00
2025-12-25 15:57:31.576888,599616374104206169,-441.00
2025-12-25 15:57:31.576888,599616374104206169,-367.00
2025-12-25 15:57:31.576888,599616374104206169,-275.00
2025-12-25 15:57:31.576888,599616374104206169,-245.00
2025-12-25 15:57:31.576888,599616374104206169,-158.00
2025-12-25 15:57:31.576888,599616374104206169,-101.00
2025-12-25 15:57:31.576888,599616374104206169,-110.00
2025-12-25 15:57:31.576888,599616374104206169,-117.00
2025-12-25 15:57:31.576888,599616374104206169,-101.00
2025-12-25 15:57:31.576888,599616374104206169,-89.00
2025-12-25 15:57:31.576888,599616374104206169,-82.00
2025-12-25 15:57:31.576888,599616374104206169,-87.00
2025-12-25 15:57:31.576888,599616374104206169,-89.00
2025-12-25 15:57:31.576888,599616374104206169,-82.00
2025-12-25 15:57:31.576888,599616374104206169,-82.00
2025-12-25 15:57:31.576888,599616374104206169,-78.00
2025-12-25 15:57:31.576888,599616374104206169,-62.00
2025-12-25 15:57:31.576888,599616374104206169,-59.00
2025-12-25 15:57:31.576888,599616374104206169,-66.00
2025-12-25 15:57:31.576888,599616374104206169,-59.00
2025-12-25 15:57:31.576888,599616374104206169,-48.00
2025-12-25 15:57:31.576888,599616374104206169,-43.00
2025-12-25 15:57:31.576888,599616374104206169,-39.00
2025-12-25 15:57:31.576888,599616374104206169,-34.00
2025-12-25 15:57:31.576888,599616374104206169,-32.00
2025-12-25 15:57:31.576888,599616374104206169,-27.00
2025-12-25 15:57:31.576888,599616374104206169,-32.00
2025-12-25 15:57:31.576888,599616374104206169,-39.00
2025-12-25 15:57:31.576888,599616374104206169,-48.00
2025-12-25 15:57:31.576888,599616374104206169,-64.00
2025-12-25 15:57:31.576888,599616374104206169,-89.00
2025-12-25 15:57:31.576888,599616374104206169,-110.00
2025-12-25 15:57:31.576888,599616374104206169,-128.00
2025-12-25 15:57:31.576888,599616374104206169,-137.00
2025-12-25 15:57:31.576888,599616374104206169,-147.00
2025-12-25 15:57:31.576888,599616374104206169,-163.00
2025-12-25 15:57:31.576888,599616374104206169,-170.00
2025-12-25 15:57:31.576888,599616374104206169,-167.00
2025-12-25 15:57:31.576888,599616374104206169,-167.00
2025-12-25 15:57:31.576888,599616374104206169,-160.00
2025-12-25 15:57:31.576888,599616374104206169,-156.00
2025-12-25 15:57:31.576888,599616374104206169,-158.00
2025-12-25 15:57:31.576888,599616374104206169,-160.00
2025-12-25 15:57:31.576888,599616374104206169,-156.00
2025-12-25 15:57:31.576888,599616374104206169,-149.00
2025-12-25 15:57:31.576888,599616374104206169,-151.00
2025-12-25 15:57:31.576888,599616374104206169,-156.00
2025-12-25 15:57:31.576888,599616374104206169,-156.00
2025-12-25 15:57:31.576888,599616374104206169,-158.00
2025-12-25 15:57:31.576888,599616374104206169,-163.00
2025-12-25 15:57:32.278644,599616374665030370,-160.00
2025-12-25 15:57:32.278644,599616374665030370,-163.00
2025-12-25 15:57:32.278644,599616374665030370,-167.00
2025-12-25 15:57:32.278644,599616374665030370,-163.00
2025-12-25 15:57:32.278644,599616374665030370,-163.00
2025-12-25 15:57:32.278644,599616374665030370,-167.00
2025-12-25 15:57:32.278644,599616374665030370,-165.00
2025-12-25 15:57:32.278644,599616374665030370,-158.00
2025-12-25 15:57:32.278644,599616374665030370,-151.00
2025-12-25 15:57:32.278644,599616374665030370,-151.00
2025-12-25 15:57:32.278644,599616374665030370,-149.00
2025-12-25 15:57:32.278644,599616374665030370,-142.00
2025-12-25 15:57:32.278644,599616374665030370,-126.00
2025-12-25 15:57:32.278644,599616374665030370,-114.00
2025-12-25 15:57:32.278644,599616374665030370,-128.00
2025-12-25 15:57:32.278644,599616374665030370,-147.00
2025-12-25 15:57:32.278644,599616374665030370,-149.00
2025-12-25 15:57:32.278644,599616374665030370,-151.00
2025-12-25 15:57:32.278644,599616374665030370,-156.00
2025-12-25 15:57:32.278644,599616374665030370,-149.00
2025-12-25 15:57:32.278644,599616374665030370,-147.00
2025-12-25 15:57:32.278644,599616374665030370,-154.00
2025-12-25 15:57:32.278644,599616374665030370,-156.00
2025-12-25 15:57:32.278644,599616374665030370,-154.00
2025-12-25 15:57:32.278644,599616374665030370,-151.00
2025-12-25 15:57:32.278644,599616374665030370,-158.00
2025-12-25 15:57:32.278644,599616374665030370,-167.00
2025-12-25 15:57:32.278644,599616374665030370,-154.00
2025-12-25 15:57:32.278644,599616374665030370,-57.00
2025-12-25 15:57:32.278644,599616374665030370,114.00
2025-12-25 15:57:32.278644,599616374665030370,110.00
2025-12-25 15:57:32.278644,599616374665030370,-220.00
2025-12-25 15:57:32.278644,599616374665030370,-480.00
2025-12-25 15:57:32.278644,599616374665030370,-409.00
2025-12-25 15:57:32.278644,599616374665030370,-312.00
2025-12-25 15:57:32.278644,599616374665030370,-287.00
2025-12-25 15:57:32.278644,599616374665030370,-204.00
2025-12-25 15:57:32.278644,599616374665030370,-149.00
2025-12-25 15:57:32.278644,599616374665030370,-163.00
2025-12-25 15:57:32.278644,599616374665030370,-163.00
2025-12-25 15:57:32.278644,599616374665030370,-151.00
2025-12-25 15:57:32.278644,599616374665030370,-154.00
2025-12-25 15:57:32.278644,599616374665030370,-144.00
2025-12-25 15:57:32.278644,599616374665030370,-135.00
2025-12-25 15:57:32.278644,599616374665030370,-140.00
2025-12-25 15:57:32.278644,599616374665030370,-142.00
2025-12-25 15:57:32.278644,599616374665030370,-135.00
2025-12-25 15:57:32.278644,599616374665030370,-133.00
2025-12-25 15:57:32.278644,599616374665030370,-131.00
2025-12-25 15:57:32.278644,599616374665030370,-128.00
2025-12-25 15:57:32.278644,599616374665030370,-128.00
2025-12-25 15:57:32.278644,599616374665030370,-121.00
2025-12-25 15:57:32.278644,599616374665030370,-112.00
2025-12-25 15:57:32.278644,599616374665030370,-105.00
2025-12-25 15:57:32.278644,599616374665030370,-98.00
2025-12-25 15:57:32.278644,599616374665030370,-91.00
2025-12-25 15:57:32.278644,599616374665030370,-91.00
2025-12-25 15:57:32.278644,599616374665030370,-98.00
2025-12-25 15:57:32.278644,599616374665030370,-101.00
2025-12-25 15:57:32.278644,599616374665030370,-96.00
2025-12-25 15:57:32.278644,599616374665030370,-103.00
2025-12-25 15:57:32.278644,599616374665030370,-119.00
2025-12-25 15:57:32.278644,599616374665030370,-140.00
2025-12-25 15:57:32.278644,599616374665030370,-154.00
2025-12-25 15:57:32.278644,599616374665030370,-165.00
2025-12-25 15:57:32.278644,599616374665030370,-181.00
2025-12-25 15:57:32.278644,599616374665030370,-193.00
2025-12-25 15:57:32.278644,599616374665030370,-195.00
2025-12-25 15:57:32.278644,599616374665030370,-197.00
2025-12-25 15:57:32.278644,599616374665030370,-200.00
2025-12-25 15:57:32.278644,599616374665030370,-195.00
2025-12-25 15:57:32.278644,599616374665030370,-186.00
2025-12-25 15:57:32.278644,599616374665030370,-177.00
2025-12-25 15:57:32.729687,599616375225880003,-170.00
2025-12-25 15:57:32.729687,599616375225880003,-160.00
2025-12-25 15:57:32.729687,599616375225880003,-160.00
2025-12-25 15:57:32.729687,599616375225880003,-158.00
2025-12-25 15:57:32.729687,599616375225880003,-140.00
2025-12-25 15:57:32.729687,599616375225880003,-133.00
2025-12-25 15:57:32.729687,599616375225880003,-135.00
2025-12-25 15:57:32.729687,599616375225880003,-133.00
2025-12-25 15:57:32.729687,599616375225880003,-131.00
2025-12-25 15:57:32.729687,599616375225880003,-131.00
2025-12-25 15:57:32.729687,599616375225880003,-124.00
2025-12-25 15:57:32.729687,599616375225880003,-121.00
2025-12-25 15:57:32.729687,599616375225880003,-126.00
2025-12-25 15:57:32.729687,599616375225880003,-124.00
2025-12-25 15:57:32.729687,599616375225880003,-117.00
2025-12-25 15:57:32.729687,599616375225880003,-114.00
2025-12-25 15:57:32.729687,599616375225880003,-105.00
2025-12-25 15:57:32.729687,599616375225880003,-98.00
2025-12-25 15:57:32.729687,599616375225880003,-98.00
2025-12-25 15:57:32.729687,599616375225880003,-98.00
2025-12-25 15:57:32.729687,599616375225880003,-82.00
2025-12-25 15:57:32.729687,599616375225880003,-52.00
2025-12-25 15:57:32.729687,599616375225880003,-43.00
2025-12-25 15:57:32.729687,599616375225880003,-62.00
2025-12-25 15:57:32.729687,599616375225880003,-68.00
2025-12-25 15:57:32.729687,599616375225880003,-64.00
2025-12-25 15:57:32.729687,599616375225880003,-59.00
2025-12-25 15:57:32.729687,599616375225880003,-43.00
2025-12-25 15:57:32.729687,599616375225880003,-29.00
2025-12-25 15:57:32.729687,599616375225880003,-29.00
2025-12-25 15:57:32.729687,599616375225880003,-34.00
2025-12-25 15:57:32.729687,599616375225880003,-36.00
2025-12-25 15:57:32.729687,599616375225880003,-32.00
2025-12-25 15:57:32.729687,599616375225880003,-11.00
2025-12-25 15:57:32.729687,599616375225880003,0.00
2025-12-25 15:57:32.729687,599616375225880003,-6.00
2025-12-25 15:57:32.729687,599616375225880003,6.00
2025-12-25 15:57:32.729687,599616375225880003,105.00
2025-12-25 15:57:32.729687,599616375225880003,280.00
2025-12-25 15:57:32.729687,599616375225880003,291.00
2025-12-25 15:57:32.729687,599616375225880003,-25.00
2025-12-25 15:57:32.729687,599616375225880003,-291.00
2025-12-25 15:57:32.729687,599616375225880003,-225.00
2025-12-25 15:57:32.729687,599616375225880003,-110.00
2025-12-25 15:57:32.729687,599616375225880003,-68.00
2025-12-25 15:57:32.729687,599616375225880003,9.00
2025-12-25 15:57:32.729687,599616375225880003,50.00
2025-12-25 15:57:32.729687,599616375225880003,39.00
2025-12-25 15:57:32.729687,599616375225880003,50.00
2025-12-25 15:57:32.729687,599616375225880003,68.00
2025-12-25 15:57:32.729687,599616375225880003,68.00
2025-12-25 15:57:32.729687,599616375225880003,71.00
2025-12-25 15:57:32.729687,599616375225880003,82.00
2025-12-25 15:57:32.729687,599616375225880003,91.00
2025-12-25 15:57:32.729687,599616375225880003,101.00
2025-12-25 15:57:32.729687,599616375225880003,103.00
2025-12-25 15:57:32.729687,599616375225880003,108.00
2025-12-25 15:57:32.729687,599616375225880003,121.00
2025-12-25 15:57:32.729687,599616375225880003,128.00
2025-12-25 15:57:32.729687,599616375225880003,124.00
2025-12-25 15:57:32.729687,599616375225880003,131.00
2025-12-25 15:57:32.729687,599616375225880003,147.00
2025-12-25 15:57:32.729687,599616375225880003,158.00
2025-12-25 15:57:32.729687,599616375225880003,160.00
2025-12-25 15:57:32.729687,599616375225880003,167.00
2025-12-25 15:57:32.729687,599616375225880003,177.00
2025-12-25 15:57:32.729687,599616375225880003,183.00
2025-12-25 15:57:32.729687,599616375225880003,183.00
2025-12-25 15:57:32.729687,599616375225880003,177.00
2025-12-25 15:57:32.729687,599616375225880003,174.00
2025-12-25 15:57:32.729687,599616375225880003,172.00
2025-12-25 15:57:32.729687,599616375225880003,158.00
2025-12-25 15:57:32.729687,599616375225880003,131.00
2025-12-25 15:57:33.381056,599616375786709288,114.00
2025-12-25 15:57:33.381056,599616375786709288,119.00
2025-12-25 15:57:33.381056,599616375786709288,114.00
2025-12-25 15:57:33.381056,599616375786709288,96.00
2025-12-25 15:57:33.381056,599616375786709288,89.00
2025-12-25 15:57:33.381056,599616375786709288,91.00
2025-12-25 15:57:33.381056,599616375786709288,87.00
2025-12-25 15:57:33.381056,599616375786709288,89.00
2025-12-25 15:57:33.381056,599616375786709288,101.00
2025-12-25 15:57:33.381056,599616375786709288,101.00
2025-12-25 15:57:33.381056,599616375786709288,89.00
2025-12-25 15:57:33.381056,599616375786709288,91.00
2025-12-25 15:57:33.381056,599616375786709288,105.00
2025-12-25 15:57:33.381056,599616375786709288,114.00
2025-12-25 15:57:33.381056,599616375786709288,110.00
2025-12-25 15:57:33.381056,599616375786709288,96.00
2025-12-25 15:57:33.381056,599616375786709288,91.00
2025-12-25 15:57:33.381056,599616375786709288,91.00
2025-12-25 15:57:33.381056,599616375786709288,96.00
2025-12-25 15:57:33.381056,599616375786709288,96.00
2025-12-25 15:57:33.381056,599616375786709288,89.00
2025-12-25 15:57:33.381056,599616375786709288,85.00
2025-12-25 15:57:33.381056,599616375786709288,75.00
2025-12-25 15:57:33.381056,599616375786709288,62.00
2025-12-25 15:57:33.381056,599616375786709288,52.00
2025-12-25 15:57:33.381056,599616375786709288,50.00
2025-12-25 15:57:33.381056,599616375786709288,45.00
2025-12-25 15:57:33.381056,599616375786709288,29.00
2025-12-25 15:57:33.381056,599616375786709288,25.00
2025-12-25 15:57:33.381056,599616375786709288,34.00
2025-12-25 15:57:33.381056,599616375786709288,36.00
2025-12-25 15:57:33.381056,599616375786709288,22.00
2025-12-25 15:57:33.381056,599616375786709288,4.00
2025-12-25 15:57:33.381056,599616375786709288,-9.00
2025-12-25 15:57:33.381056,599616375786709288,-18.00
2025-12-25 15:57:33.381056,599616375786709288,-25.00
2025-12-25 15:57:33.381056,599616375786709288,-34.00
2025-12-25 15:57:33.381056,599616375786709288,-36.00
2025-12-25 15:57:33.381056,599616375786709288,-45.00
2025-12-25 15:57:33.381056,599616375786709288,-64.00
2025-12-25 15:57:33.381056,599616375786709288,-75.00
2025-12-25 15:57:33.381056,599616375786709288,-75.00
2025-12-25 15:57:33.381056,599616375786709288,-80.00
2025-12-25 15:57:33.381056,599616375786709288,-91.00
2025-12-25 15:57:33.381056,599616375786709288,-103.00
2025-12-25 15:57:33.381056,599616375786709288,-110.00
2025-12-25 15:57:33.381056,599616375786709288,-85.00
2025-12-25 15:57:33.381056,599616375786709288,39.00
2025-12-25 15:57:33.381056,599616375786709288,179.00
2025-12-25 15:57:33.381056,599616375786709288,45.00
2025-12-25 15:57:33.381056,599616375786709288,-321.00
2025-12-25 15:57:33.381056,599616375786709288,-466.00
2025-12-25 15:57:33.381056,599616375786709288,-351.00
2025-12-25 15:57:33.381056,599616375786709288,-280.00
2025-12-25 15:57:33.381056,599616375786709288,-243.00
2025-12-25 15:57:33.381056,599616375786709288,-181.00
2025-12-25 15:57:33.381056,599616375786709288,-172.00
2025-12-25 15:57:33.381056,599616375786709288,-190.00
2025-12-25 15:57:33.381056,599616375786709288,-183.00
2025-12-25 15:57:33.381056,599616375786709288,-172.00
2025-12-25 15:57:33.381056,599616375786709288,-177.00
2025-12-25 15:57:33.381056,599616375786709288,-183.00
2025-12-25 15:57:33.381056,599616375786709288,-188.00
2025-12-25 15:57:33.381056,599616375786709288,-188.00
2025-12-25 15:57:33.381056,599616375786709288,-188.00
2025-12-25 15:57:33.381056,599616375786709288,-188.00
2025-12-25 15:57:33.381056,599616375786709288,-193.00
2025-12-25 15:57:33.381056,599616375786709288,-200.00
2025-12-25 15:57:33.381056,599616375786709288,-200.00
2025-12-25 15:57:33.381056,599616375786709288,-204.00
2025-12-25 15:57:33.381056,599616375786709288,-204.00
2025-12-25 15:57:33.381056,599616375786709288,-193.00
2025-12-25 15:57:33.381056,599616375786709288,-190.00
2025-12-25 15:57:33.832095,599616376347564005,-202.00
2025-12-25 15:57:33.832095,599616376347564005,-202.00
2025-12-25 15:57:33.832095,599616376347564005,-200.00
2025-12-25 15:57:33.832095,599616376347564005,-204.00
2025-12-25 15:57:33.832095,599616376347564005,-213.00
2025-12-25 15:57:33.832095,599616376347564005,-220.00
2025-12-25 15:57:33.832095,599616376347564005,-236.00
2025-12-25 15:57:33.832095,599616376347564005,-250.00
2025-12-25 15:57:33.832095,599616376347564005,-264.00
2025-12-25 15:57:33.832095,599616376347564005,-282.00
2025-12-25 15:57:33.832095,599616376347564005,-287.00
2025-12-25 15:57:33.832095,599616376347564005,-287.00
2025-12-25 15:57:33.832095,599616376347564005,-301.00
2025-12-25 15:57:33.832095,599616376347564005,-314.00
2025-12-25 15:57:33.832095,599616376347564005,-312.00
2025-12-25 15:57:33.832095,599616376347564005,-310.00
2025-12-25 15:57:33.832095,599616376347564005,-303.00
2025-12-25 15:57:33.832095,599616376347564005,-291.00
2025-12-25 15:57:33.832095,599616376347564005,-291.00
2025-12-25 15:57:33.832095,599616376347564005,-296.00
2025-12-25 15:57:33.832095,599616376347564005,-296.00
2025-12-25 15:57:33.832095,599616376347564005,-289.00
2025-12-25 15:57:33.832095,599616376347564005,-273.00
2025-12-25 15:57:33.832095,599616376347564005,-268.00
2025-12-25 15:57:33.832095,599616376347564005,-280.00
2025-12-25 15:57:33.832095,599616376347564005,-280.00
2025-12-25 15:57:33.832095,599616376347564005,-278.00
2025-12-25 15:57:33.832095,599616376347564005,-278.00
2025-12-25 15:57:33.832095,599616376347564005,-266.00
2025-12-25 15:57:33.832095,599616376347564005,-262.00
2025-12-25 15:57:33.832095,599616376347564005,-268.00
2025-12-25 15:57:33.832095,599616376347564005,-268.00
2025-12-25 15:57:33.832095,599616376347564005,-266.00
2025-12-25 15:57:33.832095,599616376347564005,-268.00
2025-12-25 15:57:33.832095,599616376347564005,-271.00
2025-12-25 15:57:33.832095,599616376347564005,-273.00
2025-12-25 15:57:33.832095,599616376347564005,-275.00
2025-12-25 15:57:33.832095,599616376347564005,-278.00
2025-12-25 15:57:33.832095,599616376347564005,-268.00
2025-12-25 15:57:33.832095,599616376347564005,-252.00
2025-12-25 15:57:33.832095,599616376347564005,-245.00
2025-12-25 15:57:33.832095,599616376347564005,-259.00
2025-12-25 15:57:33.832095,599616376347564005,-275.00
2025-12-25 15:57:33.832095,599616376347564005,-285.00
2025-12-25 15:57:33.832095,599616376347564005,-285.00
2025-12-25 15:57:33.832095,599616376347564005,-282.00
2025-12-25 15:57:33.832095,599616376347564005,-285.00
2025-12-25 15:57:33.832095,599616376347564005,-280.00
2025-12-25 15:57:33.832095,599616376347564005,-268.00
2025-12-25 15:57:33.832095,599616376347564005,-268.00
2025-12-25 15:57:33.832095,599616376347564005,-278.00
2025-12-25 15:57:33.832095,599616376347564005,-275.00
2025-12-25 15:57:33.832095,599616376347564005,-262.00
2025-12-25 15:57:33.832095,599616376347564005,-259.00
2025-12-25 15:57:33.832095,599616376347564005,-259.00
2025-12-25 15:57:33.832095,599616376347564005,-248.00
2025-12-25 15:57:33.832095,599616376347564005,-181.00
2025-12-25 15:57:33.832095,599616376347564005,-13.00
2025-12-25 15:57:33.832095,599616376347564005,78.00
2025-12-25 15:57:33.832095,599616376347564005,-174.00
2025-12-25 15:57:33.832095,599616376347564005,-519.00
2025-12-25 15:57:33.832095,599616376347564005,-533.00
2025-12-25 15:57:33.832095,599616376347564005,-390.00
2025-12-25 15:57:33.832095,599616376347564005,-335.00
2025-12-25 15:57:33.832095,599616376347564005,-273.00
2025-12-25 15:57:33.832095,599616376347564005,-211.00
2025-12-25 15:57:33.832095,599616376347564005,-213.00
2025-12-25 15:57:33.832095,599616376347564005,-218.00
2025-12-25 15:57:33.832095,599616376347564005,-206.00
2025-12-25 15:57:33.832095,599616376347564005,-206.00
2025-12-25 15:57:33.832095,599616376347564005,-209.00
2025-12-25 15:57:33.832095,599616376347564005,-200.00
2025-12-25 15:57:33.832095,599616376347564005,-188.00
2025-12-25 15:57:34.333444,599616376908398378,-186.00
2025-12-25 15:57:34.333444,599616376908398378,-188.00
2025-12-25 15:57:34.333444,599616376908398378,-190.00
2025-12-25 15:57:34.333444,599616376908398378,-179.00
2025-12-25 15:57:34.333444,599616376908398378,-165.00
2025-12-25 15:57:34.333444,599616376908398378,-158.00
2025-12-25 15:57:34.333444,599616376908398378,-149.00
2025-12-25 15:57:34.333444,599616376908398378,-131.00
2025-12-25 15:57:34.333444,599616376908398378,-121.00
2025-12-25 15:57:34.333444,599616376908398378,-126.00
2025-12-25 15:57:34.333444,599616376908398378,-124.00
2025-12-25 15:57:34.333444,599616376908398378,-117.00
2025-12-25 15:57:34.333444,599616376908398378,-112.00
2025-12-25 15:57:34.333444,599616376908398378,-101.00
2025-12-25 15:57:34.333444,599616376908398378,-94.00
2025-12-25 15:57:34.333444,599616376908398378,-103.00
2025-12-25 15:57:34.333444,599616376908398378,-117.00
2025-12-25 15:57:34.333444,599616376908398378,-128.00
2025-12-25 15:57:34.333444,599616376908398378,-149.00
2025-12-25 15:57:34.333444,599616376908398378,-170.00
2025-12-25 15:57:34.333444,599616376908398378,-179.00
2025-12-25 15:57:34.333444,599616376908398378,-181.00
2025-12-25 15:57:34.333444,599616376908398378,-190.00
2025-12-25 15:57:34.333444,599616376908398378,-200.00
2025-12-25 15:57:34.333444,599616376908398378,-204.00
2025-12-25 15:57:34.333444,599616376908398378,-197.00
2025-12-25 15:57:34.333444,599616376908398378,-197.00
2025-12-25 15:57:34.333444,599616376908398378,-197.00
2025-12-25 15:57:34.333444,599616376908398378,-188.00
2025-12-25 15:57:34.333444,599616376908398378,-183.00
2025-12-25 15:57:34.333444,599616376908398378,-179.00
2025-12-25 15:57:34.333444,599616376908398378,-170.00
2025-12-25 15:57:34.333444,599616376908398378,-172.00
2025-12-25 15:57:34.333444,599616376908398378,-177.00
2025-12-25 15:57:34.333444,599616376908398378,-179.00
2025-12-25 15:57:34.333444,599616376908398378,-181.00
2025-12-25 15:57:34.333444,599616376908398378,-174.00
2025-12-25 15:57:34.333444,599616376908398378,-167.00
2025-12-25 15:57:34.333444,599616376908398378,-172.00
2025-12-25 15:57:34.333444,599616376908398378,-177.00
2025-12-25 15:57:34.333444,599616376908398378,-174.00
2025-12-25 15:57:34.333444,599616376908398378,-174.00
2025-12-25 15:57:34.333444,599616376908398378,-181.00
2025-12-25 15:57:34.333444,599616376908398378,-188.00
2025-12-25 15:57:34.333444,599616376908398378,-179.00
2025-12-25 15:57:34.333444,599616376908398378,-163.00
2025-12-25 15:57:34.333444,599616376908398378,-165.00
2025-12-25 15:57:34.333444,599616376908398378,-174.00
2025-12-25 15:57:34.333444,599616376908398378,-165.00
2025-12-25 15:57:34.333444,599616376908398378,-154.00
2025-12-25 15:57:34.333444,599616376908398378,-149.00
2025-12-25 15:57:34.333444,599616376908398378,-137.00
2025-12-25 15:57:34.333444,599616376908398378,-144.00
2025-12-25 15:57:34.333444,599616376908398378,-163.00
2025-12-25 15:57:34.333444,599616376908398378,-167.00
2025-12-25 15:57:34.333444,599616376908398378,-170.00
2025-12-25 15:57:34.333444,599616376908398378,-172.00
2025-12-25 15:57:34.333444,599616376908398378,-163.00
2025-12-25 15:57:34.333444,599616376908398378,-165.00
2025-12-25 15:57:34.333444,599616376908398378,-174.00
2025-12-25 15:57:34.333444,599616376908398378,-174.00
2025-12-25 15:57:34.333444,599616376908398378,-172.00
2025-12-25 15:57:34.333444,599616376908398378,-163.00
2025-12-25 15:57:34.333444,599616376908398378,-158.00
2025-12-25 15:57:34.333444,599616376908398378,-174.00
2025-12-25 15:57:34.333444,599616376908398378,-181.00
2025-12-25 15:57:34.333444,599616376908398378,-163.00
2025-12-25 15:57:34.333444,599616376908398378,-103.00
2025-12-25 15:57:34.333444,599616376908398378,55.00
2025-12-25 15:57:34.333444,599616376908398378,167.00
2025-12-25 15:57:34.333444,599616376908398378,-59.00
2025-12-25 15:57:34.333444,599616376908398378,-413.00
2025-12-25 15:57:34.333444,599616376908398378,-452.00
2025-12-25 15:57:34.884703,599616377469248009,-326.00
2025-12-25 15:57:34.884703,599616377469248009,-285.00
2025-12-25 15:57:34.884703,599616377469248009,-216.00
2025-12-25 15:57:34.884703,599616377469248009,-126.00
2025-12-25 15:57:34.884703,599616377469248009,-121.00
2025-12-25 15:57:34.884703,599616377469248009,-140.00
2025-12-25 15:57:34.884703,599616377469248009,-124.00
2025-12-25 15:57:34.884703,599616377469248009,-117.00
2025-12-25 15:57:34.884703,599616377469248009,-124.00
2025-12-25 15:57:34.884703,599616377469248009,-117.00
2025-12-25 15:57:34.884703,599616377469248009,-110.00
2025-12-25 15:57:34.884703,599616377469248009,-105.00
2025-12-25 15:57:34.884703,599616377469248009,-103.00
2025-12-25 15:57:34.884703,599616377469248009,-96.00
2025-12-25 15:57:34.884703,599616377469248009,-82.00
2025-12-25 15:57:34.884703,599616377469248009,-78.00
2025-12-25 15:57:34.884703,599616377469248009,-89.00
2025-12-25 15:57:34.884703,599616377469248009,-87.00
2025-12-25 15:57:34.884703,599616377469248009,-75.00
2025-12-25 15:57:34.884703,599616377469248009,-64.00
2025-12-25 15:57:34.884703,599616377469248009,-64.00
2025-12-25 15:57:34.884703,599616377469248009,-64.00
2025-12-25 15:57:34.884703,599616377469248009,-55.00
2025-12-25 15:57:34.884703,599616377469248009,-43.00
2025-12-25 15:57:34.884703,599616377469248009,-50.00
2025-12-25 15:57:34.884703,599616377469248009,-66.00
2025-12-25 15:57:34.884703,599616377469248009,-75.00
2025-12-25 15:57:34.884703,599616377469248009,-85.00
2025-12-25 15:57:34.884703,599616377469248009,-94.00
2025-12-25 15:57:34.884703,599616377469248009,-110.00
2025-12-25 15:57:34.884703,599616377469248009,-128.00
2025-12-25 15:57:34.884703,599616377469248009,-137.00
2025-12-25 15:57:34.884703,599616377469248009,-142.00
2025-12-25 15:57:34.884703,599616377469248009,-149.00
2025-12-25 15:57:34.884703,599616377469248009,-160.00
2025-12-25 15:57:34.884703,599616377469248009,-158.00
2025-12-25 15:57:34.884703,599616377469248009,-137.00
2025-12-25 15:57:34.884703,599616377469248009,-121.00
2025-12-25 15:57:34.884703,599616377469248009,-121.00
2025-12-25 15:57:34.884703,599616377469248009,-131.00
2025-12-25 15:57:34.884703,599616377469248009,-124.00
2025-12-25 15:57:34.884703,599616377469248009,-114.00
2025-12-25 15:57:34.884703,599616377469248009,-128.00
2025-12-25 15:57:34.884703,599616377469248009,-131.00
2025-12-25 15:57:34.884703,599616377469248009,-121.00
2025-12-25 15:57:34.884703,599616377469248009,-117.00
2025-12-25 15:57:34.884703,599616377469248009,-108.00
2025-12-25 15:57:34.884703,599616377469248009,-110.00
2025-12-25 15:57:34.884703,599616377469248009,-124.00
2025-12-25 15:57:34.884703,599616377469248009,-128.00
2025-12-25 15:57:34.884703,599616377469248009,-124.00
2025-12-25 15:57:34.884703,599616377469248009,-121.00
2025-12-25 15:57:34.884703,599616377469248009,-126.00
2025-12-25 15:57:34.884703,599616377469248009,-131.00
2025-12-25 15:57:34.884703,599616377469248009,-121.00
2025-12-25 15:57:34.884703,599616377469248009,-119.00
2025-12-25 15:57:34.884703,599616377469248009,-126.00
2025-12-25 15:57:34.884703,599616377469248009,-126.00
2025-12-25 15:57:34.884703,599616377469248009,-126.00
2025-12-25 15:57:34.884703,599616377469248009,-126.00
2025-12-25 15:57:34.884703,599616377469248009,-108.00
2025-12-25 15:57:34.884703,599616377469248009,-96.00
2025-12-25 15:57:34.884703,599616377469248009,-105.00
2025-12-25 15:57:34.884703,599616377469248009,-112.00
2025-12-25 15:57:34.884703,599616377469248009,-121.00
2025-12-25 15:57:34.884703,599616377469248009,-119.00
2025-12-25 15:57:34.884703,599616377469248009,-119.00
2025-12-25 15:57:34.884703,599616377469248009,-137.00
2025-12-25 15:57:34.884703,599616377469248009,-144.00
2025-12-25 15:57:34.884703,599616377469248009,-137.00
2025-12-25 15:57:34.884703,599616377469248009,-124.00
2025-12-25 15:57:34.884703,599616377469248009,-114.00
2025-12-25 15:57:34.884703,599616377469248009,-128.00
2025-12-25 15:57:35.536362,599616378030097638,-135.00
2025-12-25 15:57:35.536362,599616378030097638,-121.00
2025-12-25 15:57:35.536362,599616378030097638,-121.00
2025-12-25 15:57:35.536362,599616378030097638,-124.00
2025-12-25 15:57:35.536362,599616378030097638,-103.00
2025-12-25 15:57:35.536362,599616378030097638,-22.00
2025-12-25 15:57:35.536362,599616378030097638,140.00
2025-12-25 15:57:35.536362,599616378030097638,190.00
2025-12-25 15:57:35.536362,599616378030097638,-85.00
2025-12-25 15:57:35.536362,599616378030097638,-383.00
2025-12-25 15:57:35.536362,599616378030097638,-356.00
2025-12-25 15:57:35.536362,599616378030097638,-236.00
2025-12-25 15:57:35.536362,599616378030097638,-204.00
2025-12-25 15:57:35.536362,599616378030097638,-133.00
2025-12-25 15:57:35.536362,599616378030097638,-71.00
2025-12-25 15:57:35.536362,599616378030097638,-85.00
2025-12-25 15:57:35.536362,599616378030097638,-85.00
2025-12-25 15:57:35.536362,599616378030097638,-62.00
2025-12-25 15:57:35.536362,599616378030097638,-71.00
2025-12-25 15:57:35.536362,599616378030097638,-75.00
2025-12-25 15:57:35.536362,599616378030097638,-68.00
2025-12-25 15:57:35.536362,599616378030097638,-71.00
2025-12-25 15:57:35.536362,599616378030097638,-68.00
2025-12-25 15:57:35.536362,599616378030097638,-66.00
2025-12-25 15:57:35.536362,599616378030097638,-59.00
2025-12-25 15:57:35.536362,599616378030097638,-52.00
2025-12-25 15:57:35.536362,599616378030097638,-52.00
2025-12-25 15:57:35.536362,599616378030097638,-50.00
2025-12-25 15:57:35.536362,599616378030097638,-39.00
2025-12-25 15:57:35.536362,599616378030097638,-20.00
2025-12-25 15:57:35.536362,599616378030097638,-6.00
2025-12-25 15:57:35.536362,599616378030097638,2.00
2025-12-25 15:57:35.536362,599616378030097638,16.00
2025-12-25 15:57:35.536362,599616378030097638,-16.00
2025-12-25 15:57:35.536362,599616378030097638,-48.00
2025-12-25 15:57:35.536362,599616378030097638,-16.00
2025-12-25 15:57:35.536362,599616378030097638,-4.00
2025-12-25 15:57:35.536362,599616378030097638,-34.00
2025-12-25 15:57:35.536362,599616378030097638,-48.00
2025-12-25 15:57:35.536362,599616378030097638,-55.00
2025-12-25 15:57:35.536362,599616378030097638,-68.00
2025-12-25 15:57:35.536362,599616378030097638,-82.00
2025-12-25 15:57:35.536362,599616378030097638,-91.00
2025-12-25 15:57:35.536362,599616378030097638,-101.00
2025-12-25 15:57:35.536362,599616378030097638,-110.00
2025-12-25 15:57:35.536362,599616378030097638,-117.00
2025-12-25 15:57:35.536362,599616378030097638,-133.00
2025-12-25 15:57:35.536362,599616378030097638,-133.00
2025-12-25 15:57:35.536362,599616378030097638,-105.00
2025-12-25 15:57:35.536362,599616378030097638,-96.00
2025-12-25 15:57:35.536362,599616378030097638,-110.00
2025-12-25 15:57:35.536362,599616378030097638,-105.00
2025-12-25 15:57:35.536362,599616378030097638,-85.00
2025-12-25 15:57:35.536362,599616378030097638,-82.00
2025-12-25 15:57:35.536362,599616378030097638,-98.00
2025-12-25 15:57:35.536362,599616378030097638,-94.00
2025-12-25 15:57:35.536362,599616378030097638,-85.00
2025-12-25 15:57:35.536362,599616378030097638,-103.00
2025-12-25 15:57:35.536362,599616378030097638,-121.00
2025-12-25 15:57:35.536362,599616378030097638,-114.00
2025-12-25 15:57:35.536362,599616378030097638,-108.00
2025-12-25 15:57:35.536362,599616378030097638,-105.00
2025-12-25 15:57:35.536362,599616378030097638,-94.00
2025-12-25 15:57:35.536362,599616378030097638,-96.00
2025-12-25 15:57:35.536362,599616378030097638,-110.00
2025-12-25 15:57:35.536362,599616378030097638,-112.00
2025-12-25 15:57:35.536362,599616378030097638,-110.00
2025-12-25 15:57:35.536362,599616378030097638,-101.00
2025-12-25 15:57:35.536362,599616378030097638,-101.00
2025-12-25 15:57:35.536362,599616378030097638,-114.00
2025-12-25 15:57:35.536362,599616378030097638,-119.00
2025-12-25 15:57:35.536362,599616378030097638,-101.00
2025-12-25 15:57:35.536362,599616378030097638,-73.00
2025-12-25 15:57:36.137967,599616378590947273,-73.00
2025-12-25 15:57:36.137967,599616378590947273,-105.00
2025-12-25 15:57:36.137967,599616378590947273,-117.00
2025-12-25 15:57:36.137967,599616378590947273,-101.00
2025-12-25 15:57:36.137967,599616378590947273,-108.00
2025-12-25 15:57:36.137967,599616378590947273,-110.00
2025-12-25 15:57:36.137967,599616378590947273,-103.00
2025-12-25 15:57:36.137967,599616378590947273,-110.00
2025-12-25 15:57:36.137967,599616378590947273,-117.00
2025-12-25 15:57:36.137967,599616378590947273,-110.00
2025-12-25 15:57:36.137967,599616378590947273,-101.00
2025-12-25 15:57:36.137967,599616378590947273,-89.00
2025-12-25 15:57:36.137967,599616378590947273,-80.00
2025-12-25 15:57:36.137967,599616378590947273,-87.00
2025-12-25 15:57:36.137967,599616378590947273,-98.00
2025-12-25 15:57:36.137967,599616378590947273,-105.00
2025-12-25 15:57:36.137967,599616378590947273,-78.00
2025-12-25 15:57:36.137967,599616378590947273,52.00
2025-12-25 15:57:36.137967,599616378590947273,220.00
2025-12-25 15:57:36.137967,599616378590947273,154.00
2025-12-25 15:57:36.137967,599616378590947273,-174.00
2025-12-25 15:57:36.137967,599616378590947273,-354.00
2025-12-25 15:57:36.137967,599616378590947273,-262.00
2025-12-25 15:57:36.137967,599616378590947273,-183.00
2025-12-25 15:57:36.137967,599616378590947273,-154.00
2025-12-25 15:57:36.137967,599616378590947273,-78.00
2025-12-25 15:57:36.137967,599616378590947273,-43.00
2025-12-25 15:57:36.137967,599616378590947273,-68.00
2025-12-25 15:57:36.137967,599616378590947273,-68.00
2025-12-25 15:57:36.137967,599616378590947273,-55.00
2025-12-25 15:57:36.137967,599616378590947273,-62.00
2025-12-25 15:57:36.137967,599616378590947273,-57.00
2025-12-25 15:57:36.137967,599616378590947273,-43.00
2025-12-25 15:57:36.137967,599616378590947273,-48.00
2025-12-25 15:57:36.137967,599616378590947273,-50.00
2025-12-25 15:57:36.137967,599616378590947273,-39.00
2025-12-25 15:57:36.137967,599616378590947273,-45.00
2025-12-25 15:57:36.137967,599616378590947273,-50.00
2025-12-25 15:57:36.137967,599616378590947273,-39.00
2025-12-25 15:57:36.137967,599616378590947273,-36.00
2025-12-25 15:57:36.137967,599616378590947273,-41.00
2025-12-25 15:57:36.137967,599616378590947273,-36.00
2025-12-25 15:57:36.137967,599616378590947273,-27.00
2025-12-25 15:57:36.137967,599616378590947273,-18.00
2025-12-25 15:57:36.137967,599616378590947273,-11.00
2025-12-25 15:57:36.137967,599616378590947273,-16.00
2025-12-25 15:57:36.137967,599616378590947273,-25.00
2025-12-25 15:57:36.137967,599616378590947273,-32.00
2025-12-25 15:57:36.137967,599616378590947273,-36.00
2025-12-25 15:57:36.137967,599616378590947273,-41.00
2025-12-25 15:57:36.137967,599616378590947273,-45.00
2025-12-25 15:57:36.137967,599616378590947273,-57.00
2025-12-25 15:57:36.137967,599616378590947273,-75.00
2025-12-25 15:57:36.137967,599616378590947273,-98.00
2025-12-25 15:57:36.137967,599616378590947273,-112.00
2025-12-25 15:57:36.137967,599616378590947273,-119.00
2025-12-25 15:57:36.137967,599616378590947273,-126.00
2025-12-25 15:57:36.137967,599616378590947273,-131.00
2025-12-25 15:57:36.137967,599616378590947273,-126.00
2025-12-25 15:57:36.137967,599616378590947273,-124.00
2025-12-25 15:57:36.137967,599616378590947273,-126.00
2025-12-25 15:57:36.137967,599616378590947273,-124.00
2025-12-25 15:57:36.137967,599616378590947273,-124.00
2025-12-25 15:57:36.137967,599616378590947273,-124.00
2025-12-25 15:57:36.137967,599616378590947273,-114.00
2025-12-25 15:57:36.137967,599616378590947273,-108.00
2025-12-25 15:57:36.137967,599616378590947273,-117.00
2025-12-25 15:57:36.137967,599616378590947273,-126.00
2025-12-25 15:57:36.137967,599616378590947273,-131.00
2025-12-25 15:57:36.137967,599616378590947273,-128.00
2025-12-25 15:57:36.137967,599616378590947273,-121.00
2025-12-25 15:57:36.137967,599616378590947273,-121.00
2025-12-25 15:57:36.137967,599616378590947273,-126.00
2025-12-25 15:57:36.589314,599616379151796904,-128.00
2025-12-25 15:57:36.589314,599616379151796904,-128.00
2025-12-25 15:57:36.589314,599616379151796904,-126.00
2025-12-25 15:57:36.589314,599616379151796904,-124.00
2025-12-25 15:57:36.589314,599616379151796904,-126.00
2025-12-25 15:57:36.589314,599616379151796904,-131.00
2025-12-25 15:57:36.589314,599616379151796904,-137.00
2025-12-25 15:57:36.589314,599616379151796904,-137.00
2025-12-25 15:57:36.589314,599616379151796904,-124.00
2025-12-25 15:57:36.589314,599616379151796904,-114.00
2025-12-25 15:57:36.589314,599616379151796904,-117.00
2025-12-25 15:57:36.589314,599616379151796904,-112.00
2025-12-25 15:57:36.589314,599616379151796904,-98.00
2025-12-25 15:57:36.589314,599616379151796904,-96.00
2025-12-25 15:57:36.589314,599616379151796904,-110.00
2025-12-25 15:57:36.589314,599616379151796904,-112.00
2025-12-25 15:57:36.589314,599616379151796904,-108.00
2025-12-25 15:57:36.589314,599616379151796904,-114.00
2025-12-25 15:57:36.589314,599616379151796904,-121.00
2025-12-25 15:57:36.589314,599616379151796904,-114.00
2025-12-25 15:57:36.589314,599616379151796904,-105.00
2025-12-25 15:57:36.589314,599616379151796904,-108.00
2025-12-25 15:57:36.589314,599616379151796904,-119.00
2025-12-25 15:57:36.589314,599616379151796904,-121.00
2025-12-25 15:57:36.589314,599616379151796904,-117.00
2025-12-25 15:57:36.589314,599616379151796904,-117.00
2025-12-25 15:57:36.589314,599616379151796904,-110.00
2025-12-25 15:57:36.589314,599616379151796904,-103.00
2025-12-25 15:57:36.589314,599616379151796904,-105.00
2025-12-25 15:57:36.589314,599616379151796904,-41.00
2025-12-25 15:57:36.589314,599616379151796904,135.00
2025-12-25 15:57:36.589314,599616379151796904,213.00
2025-12-25 15:57:36.589314,599616379151796904,-62.00
2025-12-25 15:57:36.589314,599616379151796904,-388.00
2025-12-25 15:57:36.589314,599616379151796904,-374.00
2025-12-25 15:57:36.589314,599616379151796904,-255.00
2025-12-25 15:57:36.589314,599616379151796904,-227.00
2025-12-25 15:57:36.589314,599616379151796904,-167.00
2025-12-25 15:57:36.589314,599616379151796904,-101.00
2025-12-25 15:57:36.589314,599616379151796904,-103.00
2025-12-25 15:57:36.589314,599616379151796904,-110.00
2025-12-25 15:57:36.589314,599616379151796904,-98.00
2025-12-25 15:57:36.589314,599616379151796904,-94.00
2025-12-25 15:57:36.589314,599616379151796904,-94.00
2025-12-25 15:57:36.589314,599616379151796904,-80.00
2025-12-25 15:57:36.589314,599616379151796904,-75.00
2025-12-25 15:57:36.589314,599616379151796904,-80.00
2025-12-25 15:57:36.589314,599616379151796904,-82.00
2025-12-25 15:57:36.589314,599616379151796904,-78.00
2025-12-25 15:57:36.589314,599616379151796904,-68.00
2025-12-25 15:57:36.589314,599616379151796904,-68.00
2025-12-25 15:57:36.589314,599616379151796904,-73.00
2025-12-25 15:57:36.589314,599616379151796904,-71.00
2025-12-25 15:57:36.589314,599616379151796904,-62.00
2025-12-25 15:57:36.589314,599616379151796904,-59.00
2025-12-25 15:57:36.589314,599616379151796904,-59.00
2025-12-25 15:57:36.589314,599616379151796904,-55.00
2025-12-25 15:57:36.589314,599616379151796904,-52.00
2025-12-25 15:57:36.589314,599616379151796904,-55.00
2025-12-25 15:57:36.589314,599616379151796904,-55.00
2025-12-25 15:57:36.589314,599616379151796904,-55.00
2025-12-25 15:57:36.589314,599616379151796904,-59.00
2025-12-25 15:57:36.589314,599616379151796904,-66.00
2025-12-25 15:57:36.589314,599616379151796904,-75.00
2025-12-25 15:57:36.589314,599616379151796904,-91.00
2025-12-25 15:57:36.589314,599616379151796904,-112.00
2025-12-25 15:57:36.589314,599616379151796904,-131.00
2025-12-25 15:57:36.589314,599616379151796904,-144.00
2025-12-25 15:57:36.589314,599616379151796904,-158.00
2025-12-25 15:57:36.589314,599616379151796904,-170.00
2025-12-25 15:57:36.589314,599616379151796904,-167.00
2025-12-25 15:57:36.589314,599616379151796904,-160.00
2025-12-25 15:57:36.589314,599616379151796904,-160.00
2025-12-25 15:57:37.140667,599616379712631275,-163.00
2025-12-25 15:57:37.140667,599616379712631275,-160.00
2025-12-25 15:57:37.140667,599616379712631275,-154.00
2025-12-25 15:57:37.140667,599616379712631275,-149.00
2025-12-25 15:57:37.140667,599616379712631275,-147.00
2025-12-25 15:57:37.140667,599616379712631275,-142.00
2025-12-25 15:57:37.140667,599616379712631275,-133.00
2025-12-25 15:57:37.140667,599616379712631275,-121.00
2025-12-25 15:57:37.140667,599616379712631275,-119.00
2025-12-25 15:57:37.140667,599616379712631275,-119.00
2025-12-25 15:57:37.140667,599616379712631275,-119.00
2025-12-25 15:57:37.140667,599616379712631275,-119.00
2025-12-25 15:57:37.140667,599616379712631275,-117.00
2025-12-25 15:57:37.140667,599616379712631275,-112.00
2025-12-25 15:57:37.140667,599616379712631275,-108.00
2025-12-25 15:57:37.140667,599616379712631275,-105.00
2025-12-25 15:57:37.140667,599616379712631275,-114.00
2025-12-25 15:57:37.140667,599616379712631275,-121.00
2025-12-25 15:57:37.140667,599616379712631275,-119.00
2025-12-25 15:57:37.140667,599616379712631275,-124.00
2025-12-25 15:57:37.140667,599616379712631275,-131.00
2025-12-25 15:57:37.140667,599616379712631275,-124.00
2025-12-25 15:57:37.140667,599616379712631275,-121.00
2025-12-25 15:57:37.140667,599616379712631275,-117.00
2025-12-25 15:57:37.140667,599616379712631275,-103.00
2025-12-25 15:57:37.140667,599616379712631275,-98.00
2025-12-25 15:57:37.140667,599616379712631275,-114.00
2025-12-25 15:57:37.140667,599616379712631275,-121.00
2025-12-25 15:57:37.140667,599616379712631275,-126.00
2025-12-25 15:57:37.140667,599616379712631275,-135.00
2025-12-25 15:57:37.140667,599616379712631275,-137.00
2025-12-25 15:57:37.140667,599616379712631275,-133.00
2025-12-25 15:57:37.140667,599616379712631275,-133.00
2025-12-25 15:57:37.140667,599616379712631275,-140.00
2025-12-25 15:57:37.140667,599616379712631275,-142.00
2025-12-25 15:57:37.140667,599616379712631275,-131.00
2025-12-25 15:57:37.140667,599616379712631275,-126.00
2025-12-25 15:57:37.140667,599616379712631275,-133.00
2025-12-25 15:57:37.140667,599616379712631275,-137.00
2025-12-25 15:57:37.140667,599616379712631275,-142.00
2025-12-25 15:57:37.140667,599616379712631275,-131.00
2025-12-25 15:57:37.140667,599616379712631275,-62.00
2025-12-25 15:57:37.140667,599616379712631275,96.00
2025-12-25 15:57:37.140667,599616379712631275,174.00
2025-12-25 15:57:37.140667,599616379712631275,-78.00
2025-12-25 15:57:37.140667,599616379712631275,-404.00
2025-12-25 15:57:37.140667,599616379712631275,-406.00
2025-12-25 15:57:37.140667,599616379712631275,-285.00
2025-12-25 15:57:37.140667,599616379712631275,-250.00
2025-12-25 15:57:37.140667,599616379712631275,-188.00
2025-12-25 15:57:37.140667,599616379712631275,-117.00
2025-12-25 15:57:37.140667,599616379712631275,-112.00
2025-12-25 15:57:37.140667,599616379712631275,-110.00
2025-12-25 15:57:37.140667,599616379712631275,-96.00
2025-12-25 15:57:37.140667,599616379712631275,-101.00
2025-12-25 15:57:37.140667,599616379712631275,-98.00
2025-12-25 15:57:37.140667,599616379712631275,-89.00
2025-12-25 15:57:37.140667,599616379712631275,-87.00
2025-12-25 15:57:37.140667,599616379712631275,-91.00
2025-12-25 15:57:37.140667,599616379712631275,-87.00
2025-12-25 15:57:37.140667,599616379712631275,-78.00
2025-12-25 15:57:37.140667,599616379712631275,-73.00
2025-12-25 15:57:37.140667,599616379712631275,-82.00
2025-12-25 15:57:37.140667,599616379712631275,-80.00
2025-12-25 15:57:37.140667,599616379712631275,-66.00
2025-12-25 15:57:37.140667,599616379712631275,-59.00
2025-12-25 15:57:37.140667,599616379712631275,-57.00
2025-12-25 15:57:37.140667,599616379712631275,-52.00
2025-12-25 15:57:37.140667,599616379712631275,-45.00
2025-12-25 15:57:37.140667,599616379712631275,-39.00
2025-12-25 15:57:37.140667,599616379712631275,-36.00
2025-12-25 15:57:37.140667,599616379712631275,-39.00
2025-12-25 15:57:37.140667,599616379712631275,-39.00
2025-12-25 15:57:37.692427,599616380273485992,-34.00
2025-12-25 15:57:37.692427,599616380273485992,-43.00
2025-12-25 15:57:37.692427,599616380273485992,-62.00
2025-12-25 15:57:37.692427,599616380273485992,-78.00
2025-12-25 15:57:37.692427,599616380273485992,-94.00
2025-12-25 15:57:37.692427,599616380273485992,-108.00
2025-12-25 15:57:37.692427,599616380273485992,-119.00
2025-12-25 15:57:37.692427,599616380273485992,-137.00
2025-12-25 15:57:37.692427,599616380273485992,-140.00
2025-12-25 15:57:37.692427,599616380273485992,-128.00
2025-12-25 15:57:37.692427,599616380273485992,-126.00
2025-12-25 15:57:37.692427,599616380273485992,-131.00
2025-12-25 15:57:37.692427,599616380273485992,-133.00
2025-12-25 15:57:37.692427,599616380273485992,-133.00
2025-12-25 15:57:37.692427,599616380273485992,-124.00
2025-12-25 15:57:37.692427,599616380273485992,-121.00
2025-12-25 15:57:37.692427,599616380273485992,-133.00
2025-12-25 15:57:37.692427,599616380273485992,-133.00
2025-12-25 15:57:37.692427,599616380273485992,-121.00
2025-12-25 15:57:37.692427,599616380273485992,-121.00
2025-12-25 15:57:37.692427,599616380273485992,-128.00
2025-12-25 15:57:37.692427,599616380273485992,-128.00
2025-12-25 15:57:37.692427,599616380273485992,-126.00
2025-12-25 15:57:37.692427,599616380273485992,-133.00
2025-12-25 15:57:37.692427,599616380273485992,-137.00
2025-12-25 15:57:37.692427,599616380273485992,-135.00
2025-12-25 15:57:37.692427,599616380273485992,-128.00
2025-12-25 15:57:37.692427,599616380273485992,-124.00
2025-12-25 15:57:37.692427,599616380273485992,-128.00
2025-12-25 15:57:37.692427,599616380273485992,-137.00
2025-12-25 15:57:37.692427,599616380273485992,-137.00
2025-12-25 15:57:37.692427,599616380273485992,-140.00
2025-12-25 15:57:37.692427,599616380273485992,-140.00
2025-12-25 15:57:37.692427,599616380273485992,-135.00
2025-12-25 15:57:37.692427,599616380273485992,-128.00
2025-12-25 15:57:37.692427,599616380273485992,-124.00
2025-12-25 15:57:37.692427,599616380273485992,-126.00
2025-12-25 15:57:37.692427,599616380273485992,-128.00
2025-12-25 15:57:37.692427,599616380273485992,-140.00
2025-12-25 15:57:37.692427,599616380273485992,-149.00
2025-12-25 15:57:37.692427,599616380273485992,-142.00
2025-12-25 15:57:37.692427,599616380273485992,-131.00
2025-12-25 15:57:37.692427,599616380273485992,-133.00
2025-12-25 15:57:37.692427,599616380273485992,-131.00
2025-12-25 15:57:37.692427,599616380273485992,-124.00
2025-12-25 15:57:37.692427,599616380273485992,-133.00
2025-12-25 15:57:37.692427,599616380273485992,-140.00
2025-12-25 15:57:37.692427,599616380273485992,-137.00
2025-12-25 15:57:37.692427,599616380273485992,-135.00
2025-12-25 15:57:37.692427,599616380273485992,-135.00
2025-12-25 15:57:37.692427,599616380273485992,-131.00
2025-12-25 15:57:37.692427,599616380273485992,-91.00
2025-12-25 15:57:37.692427,599616380273485992,48.00
2025-12-25 15:57:37.692427,599616380273485992,190.00
2025-12-25 15:57:37.692427,599616380273485992,32.00
2025-12-25 15:57:37.692427,599616380273485992,-331.00
2025-12-25 15:57:37.692427,599616380273485992,-425.00
2025-12-25 15:57:37.692427,599616380273485992,-298.00
2025-12-25 15:57:37.692427,599616380273485992,-248.00
2025-12-25 15:57:37.692427,599616380273485992,-197.00
2025-12-25 15:57:37.692427,599616380273485992,-114.00
2025-12-25 15:57:37.692427,599616380273485992,-98.00
2025-12-25 15:57:37.692427,599616380273485992,-112.00
2025-12-25 15:57:37.692427,599616380273485992,-103.00
2025-12-25 15:57:37.692427,599616380273485992,-89.00
2025-12-25 15:57:37.692427,599616380273485992,-91.00
2025-12-25 15:57:37.692427,599616380273485992,-89.00
2025-12-25 15:57:37.692427,599616380273485992,-71.00
2025-12-25 15:57:37.692427,599616380273485992,-64.00
2025-12-25 15:57:37.692427,599616380273485992,-71.00
2025-12-25 15:57:37.692427,599616380273485992,-73.00
2025-12-25 15:57:37.692427,599616380273485992,-66.00
2025-12-25 15:57:37.692427,599616380273485992,-64.00
2025-12-25 15:57:38.294107,599616380834315279,-62.00
2025-12-25 15:57:38.294107,599616380834315279,-52.00
2025-12-25 15:57:38.294107,599616380834315279,-50.00
2025-12-25 15:57:38.294107,599616380834315279,-52.00
2025-12-25 15:57:38.294107,599616380834315279,-52.00
2025-12-25 15:57:38.294107,599616380834315279,-39.00
2025-12-25 15:57:38.294107,599616380834315279,-27.00
2025-12-25 15:57:38.294107,599616380834315279,-20.00
2025-12-25 15:57:38.294107,599616380834315279,-25.00
2025-12-25 15:57:38.294107,599616380834315279,-34.00
2025-12-25 15:57:38.294107,599616380834315279,-36.00
2025-12-25 15:57:38.294107,599616380834315279,-41.00
2025-12-25 15:57:38.294107,599616380834315279,-59.00
2025-12-25 15:57:38.294107,599616380834315279,-80.00
2025-12-25 15:57:38.294107,599616380834315279,-91.00
2025-12-25 15:57:38.294107,599616380834315279,-105.00
2025-12-25 15:57:38.294107,599616380834315279,-124.00
2025-12-25 15:57:38.294107,599616380834315279,-124.00
2025-12-25 15:57:38.294107,599616380834315279,-119.00
2025-12-25 15:57:38.294107,599616380834315279,-131.00
2025-12-25 15:57:38.294107,599616380834315279,-133.00
2025-12-25 15:57:38.294107,599616380834315279,-128.00
2025-12-25 15:57:38.294107,599616380834315279,-135.00
2025-12-25 15:57:38.294107,599616380834315279,-137.00
2025-12-25 15:57:38.294107,599616380834315279,-124.00
2025-12-25 15:57:38.294107,599616380834315279,-126.00
2025-12-25 15:57:38.294107,599616380834315279,-135.00
2025-12-25 15:57:38.294107,599616380834315279,-128.00
2025-12-25 15:57:38.294107,599616380834315279,-124.00
2025-12-25 15:57:38.294107,599616380834315279,-124.00
2025-12-25 15:57:38.294107,599616380834315279,-126.00
2025-12-25 15:57:38.294107,599616380834315279,-128.00
2025-12-25 15:57:38.294107,599616380834315279,-126.00
2025-12-25 15:57:38.294107,599616380834315279,-126.00
2025-12-25 15:57:38.294107,599616380834315279,-135.00
2025-12-25 15:57:38.294107,599616380834315279,-137.00
2025-12-25 15:57:38.294107,599616380834315279,-131.00
2025-12-25 15:57:38.294107,599616380834315279,-128.00
2025-12-25 15:57:38.294107,599616380834315279,-131.00
2025-12-25 15:57:38.294107,599616380834315279,-140.00
2025-12-25 15:57:38.294107,599616380834315279,-144.00
2025-12-25 15:57:38.294107,599616380834315279,-144.00
2025-12-25 15:57:38.294107,599616380834315279,-140.00
2025-12-25 15:57:38.294107,599616380834315279,-131.00
2025-12-25 15:57:38.294107,599616380834315279,-126.00
2025-12-25 15:57:38.294107,599616380834315279,-121.00
2025-12-25 15:57:38.294107,599616380834315279,-112.00
2025-12-25 15:57:38.294107,599616380834315279,-117.00
2025-12-25 15:57:38.294107,599616380834315279,-133.00
2025-12-25 15:57:38.294107,599616380834315279,-140.00
2025-12-25 15:57:38.294107,599616380834315279,-135.00
2025-12-25 15:57:38.294107,599616380834315279,-131.00
2025-12-25 15:57:38.294107,599616380834315279,-128.00
2025-12-25 15:57:38.294107,599616380834315279,-133.00
2025-12-25 15:57:38.294107,599616380834315279,-137.00
2025-12-25 15:57:38.294107,599616380834315279,-133.00
2025-12-25 15:57:38.294107,599616380834315279,-135.00
2025-12-25 15:57:38.294107,599616380834315279,-137.00
2025-12-25 15:57:38.294107,599616380834315279,-131.00
2025-12-25 15:57:38.294107,599616380834315279,-126.00
2025-12-25 15:57:38.294107,599616380834315279,-126.00
2025-12-25 15:57:38.294107,599616380834315279,-117.00
2025-12-25 15:57:38.294107,599616380834315279,-75.00
2025-12-25 15:57:38.294107,599616380834315279,66.00
2025-12-25 15:57:38.294107,599616380834315279,200.00
2025-12-25 15:57:38.294107,599616380834315279,29.00
2025-12-25 15:57:38.294107,599616380834315279,-328.00
2025-12-25 15:57:38.294107,599616380834315279,-418.00
2025-12-25 15:57:38.294107,599616380834315279,-296.00
2025-12-25 15:57:38.294107,599616380834315279,-232.00
2025-12-25 15:57:38.294107,599616380834315279,-177.00
2025-12-25 15:57:38.294107,599616380834315279,-112.00
2025-12-25 15:57:38.294107,599616380834315279,-108.00
2025-12-25 15:57:38.845704,599616381395164910,-114.00
2025-12-25 15:57:38.845704,599616381395164910,-103.00
2025-12-25 15:57:38.845704,599616381395164910,-98.00
2025-12-25 15:57:38.845704,599616381395164910,-94.00
2025-12-25 15:57:38.845704,599616381395164910,-78.00
2025-12-25 15:57:38.845704,599616381395164910,-75.00
2025-12-25 15:57:38.845704,599616381395164910,-82.00
2025-12-25 15:57:38.845704,599616381395164910,-80.00
2025-12-25 15:57:38.845704,599616381395164910,-71.00
2025-12-25 15:57:38.845704,599616381395164910,-57.00
2025-12-25 15:57:38.845704,599616381395164910,-45.00
2025-12-25 15:57:38.845704,599616381395164910,-48.00
2025-12-25 15:57:38.845704,599616381395164910,-59.00
2025-12-25 15:57:38.845704,599616381395164910,-59.00
2025-12-25 15:57:38.845704,599616381395164910,-48.00
2025-12-25 15:57:38.845704,599616381395164910,-22.00
2025-12-25 15:57:38.845704,599616381395164910,-4.00
2025-12-25 15:57:38.845704,599616381395164910,-16.00
2025-12-25 15:57:38.845704,599616381395164910,-27.00
2025-12-25 15:57:38.845704,599616381395164910,-20.00
2025-12-25 15:57:38.845704,599616381395164910,-22.00
2025-12-25 15:57:38.845704,599616381395164910,-34.00
2025-12-25 15:57:38.845704,599616381395164910,-39.00
2025-12-25 15:57:38.845704,599616381395164910,-43.00
2025-12-25 15:57:38.845704,599616381395164910,-64.00
2025-12-25 15:57:38.845704,599616381395164910,-87.00
2025-12-25 15:57:38.845704,599616381395164910,-101.00
2025-12-25 15:57:38.845704,599616381395164910,-108.00
2025-12-25 15:57:38.845704,599616381395164910,-110.00
2025-12-25 15:57:38.845704,599616381395164910,-119.00
2025-12-25 15:57:38.845704,599616381395164910,-126.00
2025-12-25 15:57:38.845704,599616381395164910,-133.00
2025-12-25 15:57:38.845704,599616381395164910,-140.00
2025-12-25 15:57:38.845704,599616381395164910,-131.00
2025-12-25 15:57:38.845704,599616381395164910,-117.00
2025-12-25 15:57:38.845704,599616381395164910,-119.00
2025-12-25 15:57:38.845704,599616381395164910,-128.00
2025-12-25 15:57:38.845704,599616381395164910,-126.00
2025-12-25 15:57:38.845704,599616381395164910,-124.00
2025-12-25 15:57:38.845704,599616381395164910,-121.00
2025-12-25 15:57:38.845704,599616381395164910,-117.00
2025-12-25 15:57:38.845704,599616381395164910,-119.00
2025-12-25 15:57:38.845704,599616381395164910,-128.00
2025-12-25 15:57:38.845704,599616381395164910,-131.00
2025-12-25 15:57:38.845704,599616381395164910,-126.00
2025-12-25 15:57:38.845704,599616381395164910,-128.00
2025-12-25 15:57:38.845704,599616381395164910,-131.00
2025-12-25 15:57:38.845704,599616381395164910,-126.00
2025-12-25 15:57:38.845704,599616381395164910,-128.00
2025-12-25 15:57:38.845704,599616381395164910,-133.00
2025-12-25 15:57:38.845704,599616381395164910,-137.00
2025-12-25 15:57:38.845704,599616381395164910,-135.00
2025-12-25 15:57:38.845704,599616381395164910,-126.00
2025-12-25 15:57:38.845704,599616381395164910,-117.00
2025-12-25 15:57:38.845704,599616381395164910,-119.00
2025-12-25 15:57:38.845704,599616381395164910,-117.00
2025-12-25 15:57:38.845704,599616381395164910,-110.00
2025-12-25 15:57:38.845704,599616381395164910,-114.00
2025-12-25 15:57:38.845704,599616381395164910,-126.00
2025-12-25 15:57:38.845704,599616381395164910,-135.00
2025-12-25 15:57:38.845704,599616381395164910,-142.00
2025-12-25 15:57:38.845704,599616381395164910,-137.00
2025-12-25 15:57:38.845704,599616381395164910,-135.00
2025-12-25 15:57:38.845704,599616381395164910,-140.00
2025-12-25 15:57:38.845704,599616381395164910,-137.00
2025-12-25 15:57:38.845704,599616381395164910,-133.00
2025-12-25 15:57:38.845704,599616381395164910,-140.00
2025-12-25 15:57:38.845704,599616381395164910,-142.00
2025-12-25 15:57:38.845704,599616381395164910,-137.00
2025-12-25 15:57:38.845704,599616381395164910,-135.00
2025-12-25 15:57:38.845704,599616381395164910,-137.00
2025-12-25 15:57:38.845704,599616381395164910,-112.00
2025-12-25 15:57:38.845704,599616381395164910,13.00
2025-12-25 15:57:39.397522,599616381956014543,177.00
2025-12-25 15:57:39.397522,599616381956014543,85.00
2025-12-25 15:57:39.397522,599616381956014543,-264.00
2025-12-25 15:57:39.397522,599616381956014543,-418.00
2025-12-25 15:57:39.397522,599616381956014543,-312.00
2025-12-25 15:57:39.397522,599616381956014543,-245.00
2025-12-25 15:57:39.397522,599616381956014543,-197.00
2025-12-25 15:57:39.397522,599616381956014543,-110.00
2025-12-25 15:57:39.397522,599616381956014543,-94.00
2025-12-25 15:57:39.397522,599616381956014543,-119.00
2025-12-25 15:57:39.397522,599616381956014543,-101.00
2025-12-25 15:57:39.397522,599616381956014543,-85.00
2025-12-25 15:57:39.397522,599616381956014543,-87.00
2025-12-25 15:57:39.397522,599616381956014543,-71.00
2025-12-25 15:57:39.397522,599616381956014543,-59.00
2025-12-25 15:57:39.397522,599616381956014543,-68.00
2025-12-25 15:57:39.397522,599616381956014543,-68.00
2025-12-25 15:57:39.397522,599616381956014543,-57.00
2025-12-25 15:57:39.397522,599616381956014543,-57.00
2025-12-25 15:57:39.397522,599616381956014543,-66.00
2025-12-25 15:57:39.397522,599616381956014543,-62.00
2025-12-25 15:57:39.397522,599616381956014543,-52.00
2025-12-25 15:57:39.397522,599616381956014543,-52.00
2025-12-25 15:57:39.397522,599616381956014543,-52.00
2025-12-25 15:57:39.397522,599616381956014543,-45.00
2025-12-25 15:57:39.397522,599616381956014543,-41.00
2025-12-25 15:57:39.397522,599616381956014543,-43.00
2025-12-25 15:57:39.397522,599616381956014543,-41.00
2025-12-25 15:57:39.397522,599616381956014543,-43.00
2025-12-25 15:57:39.397522,599616381956014543,-50.00
2025-12-25 15:57:39.397522,599616381956014543,-52.00
2025-12-25 15:57:39.397522,599616381956014543,-55.00
2025-12-25 15:57:39.397522,599616381956014543,-64.00
2025-12-25 15:57:39.397522,599616381956014543,-75.00
2025-12-25 15:57:39.397522,599616381956014543,-94.00
2025-12-25 15:57:39.397522,599616381956014543,-114.00
2025-12-25 15:57:39.397522,599616381956014543,-124.00
2025-12-25 15:57:39.397522,599616381956014543,-128.00
2025-12-25 15:57:39.397522,599616381956014543,-137.00
2025-12-25 15:57:39.397522,599616381956014543,-144.00
2025-12-25 15:57:39.397522,599616381956014543,-149.00
2025-12-25 15:57:39.397522,599616381956014543,-144.00
2025-12-25 15:57:39.397522,599616381956014543,-140.00
2025-12-25 15:57:39.397522,599616381956014543,-142.00
2025-12-25 15:57:39.397522,599616381956014543,-144.00
2025-12-25 15:57:39.397522,599616381956014543,-133.00
2025-12-25 15:57:39.397522,599616381956014543,-121.00
2025-12-25 15:57:39.397522,599616381956014543,-121.00
2025-12-25 15:57:39.397522,599616381956014543,-126.00
2025-12-25 15:57:39.397522,599616381956014543,-131.00
2025-12-25 15:57:39.397522,599616381956014543,-135.00
2025-12-25 15:57:39.397522,599616381956014543,-137.00
2025-12-25 15:57:39.397522,599616381956014543,-140.00
2025-12-25 15:57:39.397522,599616381956014543,-140.00
2025-12-25 15:57:39.397522,599616381956014543,-140.00
2025-12-25 15:57:39.397522,599616381956014543,-144.00
2025-12-25 15:57:39.397522,599616381956014543,-142.00
2025-12-25 15:57:39.397522,599616381956014543,-147.00
2025-12-25 15:57:39.397522,599616381956014543,-144.00
2025-12-25 15:57:39.397522,599616381956014543,-133.00
2025-12-25 15:57:39.397522,599616381956014543,-128.00
2025-12-25 15:57:39.397522,599616381956014543,-140.00
2025-12-25 15:57:39.397522,599616381956014543,-147.00
2025-12-25 15:57:39.397522,599616381956014543,-144.00
2025-12-25 15:57:39.397522,599616381956014543,-144.00
2025-12-25 15:57:39.397522,599616381956014543,-147.00
2025-12-25 15:57:39.397522,599616381956014543,-144.00
2025-12-25 15:57:39.397522,599616381956014543,-147.00
2025-12-25 15:57:39.397522,599616381956014543,-147.00
2025-12-25 15:57:39.397522,599616381956014543,-147.00
2025-12-25 15:57:39.397522,599616381956014543,-149.00
2025-12-25 15:57:39.397522,599616381956014543,-142.00
2025-12-25 15:57:39.397522,599616381956014543,-140.00
2025-12-25 15:57:39.999302,599616382516864174,-149.00
2025-12-25 15:57:39.999302,599616382516864174,-149.00
2025-12-25 15:57:39.999302,599616382516864174,-135.00
2025-12-25 15:57:39.999302,599616382516864174,-57.00
2025-12-25 15:57:39.999302,599616382516864174,101.00
2025-12-25 15:57:39.999302,599616382516864174,128.00
2025-12-25 15:57:39.999302,599616382516864174,-160.00
2025-12-25 15:57:39.999302,599616382516864174,-432.00
2025-12-25 15:57:39.999302,599616382516864174,-383.00
2025-12-25 15:57:39.999302,599616382516864174,-266.00
2025-12-25 15:57:39.999302,599616382516864174,-223.00
2025-12-25 15:57:39.999302,599616382516864174,-154.00
2025-12-25 15:57:39.999302,599616382516864174,-114.00
2025-12-25 15:57:39.999302,599616382516864174,-128.00
2025-12-25 15:57:39.999302,599616382516864174,-124.00
2025-12-25 15:57:39.999302,599616382516864174,-108.00
2025-12-25 15:57:39.999302,599616382516864174,-114.00
2025-12-25 15:57:39.999302,599616382516864174,-124.00
2025-12-25 15:57:39.999302,599616382516864174,-117.00
2025-12-25 15:57:39.999302,599616382516864174,-108.00
2025-12-25 15:57:39.999302,599616382516864174,-103.00
2025-12-25 15:57:39.999302,599616382516864174,-101.00
2025-12-25 15:57:39.999302,599616382516864174,-96.00
2025-12-25 15:57:39.999302,599616382516864174,-89.00
2025-12-25 15:57:39.999302,599616382516864174,-89.00
2025-12-25 15:57:39.999302,599616382516864174,-85.00
2025-12-25 15:57:39.999302,599616382516864174,-75.00
2025-12-25 15:57:39.999302,599616382516864174,-68.00
2025-12-25 15:57:39.999302,599616382516864174,-64.00
2025-12-25 15:57:39.999302,599616382516864174,-62.00
2025-12-25 15:57:39.999302,599616382516864174,-64.00
2025-12-25 15:57:39.999302,599616382516864174,-57.00
2025-12-25 15:57:39.999302,599616382516864174,-52.00
2025-12-25 15:57:39.999302,599616382516864174,-57.00
2025-12-25 15:57:39.999302,599616382516864174,-64.00
2025-12-25 15:57:39.999302,599616382516864174,-78.00
2025-12-25 15:57:39.999302,599616382516864174,-96.00
2025-12-25 15:57:39.999302,599616382516864174,-105.00
2025-12-25 15:57:39.999302,599616382516864174,-117.00
2025-12-25 15:57:39.999302,599616382516864174,-137.00
2025-12-25 15:57:39.999302,599616382516864174,-158.00
2025-12-25 15:57:39.999302,599616382516864174,-172.00
2025-12-25 15:57:39.999302,599616382516864174,-172.00
2025-12-25 15:57:39.999302,599616382516864174,-172.00
2025-12-25 15:57:39.999302,599616382516864174,-172.00
2025-12-25 15:57:39.999302,599616382516864174,-163.00
2025-12-25 15:57:39.999302,599616382516864174,-156.00
2025-12-25 15:57:39.999302,599616382516864174,-160.00
2025-12-25 15:57:39.999302,599616382516864174,-163.00
2025-12-25 15:57:39.999302,599616382516864174,-154.00
2025-12-25 15:57:39.999302,599616382516864174,-144.00
2025-12-25 15:57:39.999302,599616382516864174,-140.00
2025-12-25 15:57:39.999302,599616382516864174,-147.00
2025-12-25 15:57:39.999302,599616382516864174,-154.00
2025-12-25 15:57:39.999302,599616382516864174,-149.00
2025-12-25 15:57:39.999302,599616382516864174,-135.00
2025-12-25 15:57:39.999302,599616382516864174,-131.00
2025-12-25 15:57:39.999302,599616382516864174,-137.00
2025-12-25 15:57:39.999302,599616382516864174,-144.00
2025-12-25 15:57:39.999302,599616382516864174,-149.00
2025-12-25 15:57:39.999302,599616382516864174,-151.00
2025-12-25 15:57:39.999302,599616382516864174,-151.00
2025-12-25 15:57:39.999302,599616382516864174,-144.00
2025-12-25 15:57:39.999302,599616382516864174,-128.00
2025-12-25 15:57:39.999302,599616382516864174,-126.00
2025-12-25 15:57:39.999302,599616382516864174,-137.00
2025-12-25 15:57:39.999302,599616382516864174,-142.00
2025-12-25 15:57:39.999302,599616382516864174,-144.00
2025-12-25 15:57:39.999302,599616382516864174,-149.00
2025-12-25 15:57:39.999302,599616382516864174,-149.00
2025-12-25 15:57:39.999302,599616382516864174,-151.00
2025-12-25 15:57:39.999302,599616382516864174,-158.00
2025-12-25 15:57:39.999302,599616382516864174,-156.00
2025-12-25 15:57:40.551168,599616383077698545,-149.00
2025-12-25 15:57:40.551168,599616383077698545,-142.00
2025-12-25 15:57:40.551168,599616383077698545,-137.00
2025-12-25 15:57:40.551168,599616383077698545,-144.00
2025-12-25 15:57:40.551168,599616383077698545,-151.00
2025-12-25 15:57:40.551168,599616383077698545,-149.00
2025-12-25 15:57:40.551168,599616383077698545,-142.00
2025-12-25 15:57:40.551168,599616383077698545,-78.00
2025-12-25 15:57:40.551168,599616383077698545,91.00
2025-12-25 15:57:40.551168,599616383077698545,195.00
2025-12-25 15:57:40.551168,599616383077698545,-45.00
2025-12-25 15:57:40.551168,599616383077698545,-397.00
2025-12-25 15:57:40.551168,599616383077698545,-423.00
2025-12-25 15:57:40.551168,599616383077698545,-294.00
2025-12-25 15:57:40.551168,599616383077698545,-255.00
2025-12-25 15:57:40.551168,599616383077698545,-195.00
2025-12-25 15:57:40.551168,599616383077698545,-126.00
2025-12-25 15:57:40.551168,599616383077698545,-124.00
2025-12-25 15:57:40.551168,599616383077698545,-126.00
2025-12-25 15:57:40.551168,599616383077698545,-94.00
2025-12-25 15:57:40.551168,599616383077698545,-87.00
2025-12-25 15:57:40.551168,599616383077698545,-98.00
2025-12-25 15:57:40.551168,599616383077698545,-94.00
2025-12-25 15:57:40.551168,599616383077698545,-91.00
2025-12-25 15:57:40.551168,599616383077698545,-96.00
2025-12-25 15:57:40.551168,599616383077698545,-85.00
2025-12-25 15:57:40.551168,599616383077698545,-75.00
2025-12-25 15:57:40.551168,599616383077698545,-78.00
2025-12-25 15:57:40.551168,599616383077698545,-80.00
2025-12-25 15:57:40.551168,599616383077698545,-75.00
2025-12-25 15:57:40.551168,599616383077698545,-68.00
2025-12-25 15:57:40.551168,599616383077698545,-57.00
2025-12-25 15:57:40.551168,599616383077698545,-48.00
2025-12-25 15:57:40.551168,599616383077698545,-48.00
2025-12-25 15:57:40.551168,599616383077698545,-50.00
2025-12-25 15:57:40.551168,599616383077698545,-48.00
2025-12-25 15:57:40.551168,599616383077698545,-45.00
2025-12-25 15:57:40.551168,599616383077698545,-43.00
2025-12-25 15:57:40.551168,599616383077698545,-52.00
2025-12-25 15:57:40.551168,599616383077698545,-64.00
2025-12-25 15:57:40.551168,599616383077698545,-71.00
2025-12-25 15:57:40.551168,599616383077698545,-85.00
2025-12-25 15:57:40.551168,599616383077698545,-114.00
2025-12-25 15:57:40.551168,599616383077698545,-133.00
2025-12-25 15:57:40.551168,599616383077698545,-140.00
2025-12-25 15:57:40.551168,599616383077698545,-147.00
2025-12-25 15:57:40.551168,599616383077698545,-147.00
2025-12-25 15:57:40.551168,599616383077698545,-149.00
2025-12-25 15:57:40.551168,599616383077698545,-154.00
2025-12-25 15:57:40.551168,599616383077698545,-154.00
2025-12-25 15:57:40.551168,599616383077698545,-149.00
2025-12-25 15:57:40.551168,599616383077698545,-151.00
2025-12-25 15:57:40.551168,599616383077698545,-151.00
2025-12-25 15:57:40.551168,599616383077698545,-144.00
2025-12-25 15:57:40.551168,599616383077698545,-135.00
2025-12-25 15:57:40.551168,599616383077698545,-131.00
2025-12-25 15:57:40.551168,599616383077698545,-131.00
2025-12-25 15:57:40.551168,599616383077698545,-124.00
2025-12-25 15:57:40.551168,599616383077698545,-121.00
2025-12-25 15:57:40.551168,599616383077698545,-124.00
2025-12-25 15:57:40.551168,599616383077698545,-119.00
2025-12-25 15:57:40.551168,599616383077698545,-117.00
2025-12-25 15:57:40.551168,599616383077698545,-121.00
2025-12-25 15:57:40.551168,599616383077698545,-126.00
2025-12-25 15:57:40.551168,599616383077698545,-133.00
2025-12-25 15:57:40.551168,599616383077698545,-135.00
2025-12-25 15:57:40.551168,599616383077698545,-131.00
2025-12-25 15:57:40.551168,599616383077698545,-128.00
2025-12-25 15:57:40.551168,599616383077698545,-119.00
2025-12-25 15:57:40.551168,599616383077698545,-108.00
2025-12-25 15:57:40.551168,599616383077698545,-105.00
2025-12-25 15:57:40.551168,599616383077698545,-117.00
2025-12-25 15:57:40.551168,599616383077698545,-131.00
2025-12-25 15:57:41.102779,599616383638532918,-137.00
2025-12-25 15:57:41.102779,599616383638532918,-133.00
2025-12-25 15:57:41.102779,599616383638532918,-131.00
2025-12-25 15:57:41.102779,599616383638532918,-137.00
2025-12-25 15:57:41.102779,599616383638532918,-142.00
2025-12-25 15:57:41.102779,599616383638532918,-135.00
2025-12-25 15:57:41.102779,599616383638532918,-128.00
2025-12-25 15:57:41.102779,599616383638532918,-137.00
2025-12-25 15:57:41.102779,599616383638532918,-142.00
2025-12-25 15:57:41.102779,599616383638532918,-131.00
2025-12-25 15:57:41.102779,599616383638532918,-117.00
2025-12-25 15:57:41.102779,599616383638532918,-112.00
2025-12-25 15:57:41.102779,599616383638532918,-75.00
2025-12-25 15:57:41.102779,599616383638532918,55.00
2025-12-25 15:57:41.102779,599616383638532918,193.00
2025-12-25 15:57:41.102779,599616383638532918,52.00
2025-12-25 15:57:41.102779,599616383638532918,-291.00
2025-12-25 15:57:41.102779,599616383638532918,-397.00
2025-12-25 15:57:41.102779,599616383638532918,-291.00
2025-12-25 15:57:41.102779,599616383638532918,-241.00
2025-12-25 15:57:41.102779,599616383638532918,-188.00
2025-12-25 15:57:41.102779,599616383638532918,-103.00
2025-12-25 15:57:41.102779,599616383638532918,-87.00
2025-12-25 15:57:41.102779,599616383638532918,-103.00
2025-12-25 15:57:41.102779,599616383638532918,-87.00
2025-12-25 15:57:41.102779,599616383638532918,-80.00
2025-12-25 15:57:41.102779,599616383638532918,-89.00
2025-12-25 15:57:41.102779,599616383638532918,-94.00
2025-12-25 15:57:41.102779,599616383638532918,-87.00
2025-12-25 15:57:41.102779,599616383638532918,-78.00
2025-12-25 15:57:41.102779,599616383638532918,-82.00
2025-12-25 15:57:41.102779,599616383638532918,-91.00
2025-12-25 15:57:41.102779,599616383638532918,-91.00
2025-12-25 15:57:41.102779,599616383638532918,-82.00
2025-12-25 15:57:41.102779,599616383638532918,-75.00
2025-12-25 15:57:41.102779,599616383638532918,-75.00
2025-12-25 15:57:41.102779,599616383638532918,-73.00
2025-12-25 15:57:41.102779,599616383638532918,-68.00
2025-12-25 15:57:41.102779,599616383638532918,-66.00
2025-12-25 15:57:41.102779,599616383638532918,-59.00
2025-12-25 15:57:41.102779,599616383638532918,-57.00
2025-12-25 15:57:41.102779,599616383638532918,-68.00
2025-12-25 15:57:41.102779,599616383638532918,-71.00
2025-12-25 15:57:41.102779,599616383638532918,-68.00
2025-12-25 15:57:41.102779,599616383638532918,-80.00
2025-12-25 15:57:41.102779,599616383638532918,-98.00
2025-12-25 15:57:41.102779,599616383638532918,-119.00
2025-12-25 15:57:41.102779,599616383638532918,-137.00
2025-12-25 15:57:41.102779,599616383638532918,-142.00
2025-12-25 15:57:41.102779,599616383638532918,-160.00
2025-12-25 15:57:41.102779,599616383638532918,-190.00
2025-12-25 15:57:41.102779,599616383638532918,-204.00
2025-12-25 15:57:41.102779,599616383638532918,-206.00
2025-12-25 15:57:41.102779,599616383638532918,-213.00
2025-12-25 15:57:41.102779,599616383638532918,-218.00
2025-12-25 15:57:41.102779,599616383638532918,-216.00
2025-12-25 15:57:41.102779,599616383638532918,-206.00
2025-12-25 15:57:41.102779,599616383638532918,-200.00
2025-12-25 15:57:41.102779,599616383638532918,-200.00
2025-12-25 15:57:41.102779,599616383638532918,-195.00
2025-12-25 15:57:41.102779,599616383638532918,-190.00
2025-12-25 15:57:41.102779,599616383638532918,-193.00
2025-12-25 15:57:41.102779,599616383638532918,-195.00
2025-12-25 15:57:41.102779,599616383638532918,-195.00
2025-12-25 15:57:41.102779,599616383638532918,-190.00
2025-12-25 15:57:41.102779,599616383638532918,-186.00
2025-12-25 15:57:41.102779,599616383638532918,-179.00
2025-12-25 15:57:41.102779,599616383638532918,-174.00
2025-12-25 15:57:41.102779,599616383638532918,-174.00
2025-12-25 15:57:41.102779,599616383638532918,-179.00
2025-12-25 15:57:41.102779,599616383638532918,-179.00
2025-12-25 15:57:41.102779,599616383638532918,-179.00
2025-12-25 15:57:41.102779,599616383638532918,-181.00
2025-12-25 15:57:41.654647,599616384199382549,-177.00
2025-12-25 15:57:41.654647,599616384199382549,-163.00
2025-12-25 15:57:41.654647,599616384199382549,-160.00
2025-12-25 15:57:41.654647,599616384199382549,-165.00
2025-12-25 15:57:41.654647,599616384199382549,-165.00
2025-12-25 15:57:41.654647,599616384199382549,-170.00
2025-12-25 15:57:41.654647,599616384199382549,-174.00
2025-12-25 15:57:41.654647,599616384199382549,-163.00
2025-12-25 15:57:41.654647,599616384199382549,-144.00
2025-12-25 15:57:41.654647,599616384199382549,-137.00
2025-12-25 15:57:41.654647,599616384199382549,-142.00
2025-12-25 15:57:41.654647,599616384199382549,-160.00
2025-12-25 15:57:41.654647,599616384199382549,-167.00
2025-12-25 15:57:41.654647,599616384199382549,-149.00
2025-12-25 15:57:41.654647,599616384199382549,-137.00
2025-12-25 15:57:41.654647,599616384199382549,-140.00
2025-12-25 15:57:41.654647,599616384199382549,-133.00
2025-12-25 15:57:41.654647,599616384199382549,-128.00
2025-12-25 15:57:41.654647,599616384199382549,-131.00
2025-12-25 15:57:41.654647,599616384199382549,-87.00
2025-12-25 15:57:41.654647,599616384199382549,59.00
2025-12-25 15:57:41.654647,599616384199382549,206.00
2025-12-25 15:57:41.654647,599616384199382549,57.00
2025-12-25 15:57:41.654647,599616384199382549,-308.00
2025-12-25 15:57:41.654647,599616384199382549,-436.00
2025-12-25 15:57:41.654647,599616384199382549,-326.00
2025-12-25 15:57:41.654647,599616384199382549,-252.00
2025-12-25 15:57:41.654647,599616384199382549,-200.00
2025-12-25 15:57:41.654647,599616384199382549,-126.00
2025-12-25 15:57:41.654647,599616384199382549,-119.00
2025-12-25 15:57:41.654647,599616384199382549,-140.00
2025-12-25 15:57:41.654647,599616384199382549,-124.00
2025-12-25 15:57:41.654647,599616384199382549,-110.00
2025-12-25 15:57:41.654647,599616384199382549,-117.00
2025-12-25 15:57:41.654647,599616384199382549,-124.00
2025-12-25 15:57:41.654647,599616384199382549,-126.00
2025-12-25 15:57:41.654647,599616384199382549,-114.00
2025-12-25 15:57:41.654647,599616384199382549,-112.00
2025-12-25 15:57:41.654647,599616384199382549,-108.00
2025-12-25 15:57:41.654647,599616384199382549,-94.00
2025-12-25 15:57:41.654647,599616384199382549,-98.00
2025-12-25 15:57:41.654647,599616384199382549,-114.00
2025-12-25 15:57:41.654647,599616384199382549,-110.00
2025-12-25 15:57:41.654647,599616384199382549,-96.00
2025-12-25 15:57:41.654647,599616384199382549,-94.00
2025-12-25 15:57:41.654647,599616384199382549,-94.00
2025-12-25 15:57:41.654647,599616384199382549,-87.00
2025-12-25 15:57:41.654647,599616384199382549,-75.00
2025-12-25 15:57:41.654647,599616384199382549,-85.00
2025-12-25 15:57:41.654647,599616384199382549,-96.00
2025-12-25 15:57:41.654647,599616384199382549,-87.00
2025-12-25 15:57:41.654647,599616384199382549,-89.00
2025-12-25 15:57:41.654647,599616384199382549,-110.00
2025-12-25 15:57:41.654647,599616384199382549,-119.00
2025-12-25 15:57:41.654647,599616384199382549,-133.00
2025-12-25 15:57:41.654647,599616384199382549,-158.00
2025-12-25 15:57:41.654647,599616384199382549,-170.00
2025-12-25 15:57:41.654647,599616384199382549,-177.00
2025-12-25 15:57:41.654647,599616384199382549,-181.00
2025-12-25 15:57:41.654647,599616384199382549,-181.00
2025-12-25 15:57:41.654647,599616384199382549,-174.00
2025-12-25 15:57:41.654647,599616384199382549,-172.00
2025-12-25 15:57:41.654647,599616384199382549,-179.00
2025-12-25 15:57:41.654647,599616384199382549,-181.00
2025-12-25 15:57:41.654647,599616384199382549,-170.00
2025-12-25 15:57:41.654647,599616384199382549,-160.00
2025-12-25 15:57:41.654647,599616384199382549,-163.00
2025-12-25 15:57:41.654647,599616384199382549,-165.00
2025-12-25 15:57:41.654647,599616384199382549,-163.00
2025-12-25 15:57:41.654647,599616384199382549,-160.00
2025-12-25 15:57:41.654647,599616384199382549,-160.00
2025-12-25 15:57:41.654647,599616384199382549,-158.00
2025-12-25 15:57:41.654647,599616384199382549,-158.00
