Timestamp,Elapsed (sec),SDNN (ms),RR Count
2025-12-25 17:08:09.610,0.08,7.84,5
2025-12-25 17:08:10.637,1.10,168.37,7
2025-12-25 17:08:11.684,2.15,209.06,10
2025-12-25 17:08:12.696,3.16,222.11,13
2025-12-25 17:08:13.763,4.23,218.05,15
2025-12-25 17:08:14.800,5.27,206.88,19
2025-12-25 17:08:15.860,6.33,202.27,20
2025-12-25 17:08:16.894,7.36,195.79,22
2025-12-25 17:08:17.958,8.42,190.38,25
2025-12-25 17:08:18.994,9.46,187.91,27
2025-12-25 17:08:20.036,10.50,180.56,30
2025-12-25 17:08:21.082,11.55,179.36,31
2025-12-25 17:08:22.140,12.61,173.01,35
2025-12-25 17:08:23.145,13.61,171.45,36
2025-12-25 17:08:24.147,14.61,165.96,40
2025-12-25 17:08:25.166,15.63,164.71,41
2025-12-25 17:08:26.211,16.68,159.82,45
2025-12-25 17:08:27.255,17.72,157.22,47
2025-12-25 17:08:28.287,18.75,155.12,49
2025-12-25 17:08:29.334,19.80,155.22,51
2025-12-25 17:08:30.377,20.84,152.31,54
2025-12-25 17:08:31.394,21.86,151.01,56
2025-12-25 17:08:32.438,22.90,148.91,59
2025-12-25 17:08:33.472,23.94,147.11,61
2025-12-25 17:08:34.537,25.00,144.07,65
2025-12-25 17:08:35.594,26.06,142.40,67
2025-12-25 17:08:36.649,27.12,134.36,68
2025-12-25 17:08:37.708,28.17,117.05,68
2025-12-25 17:08:38.769,29.24,106.90,70
2025-12-25 17:08:39.771,30.24,95.41,71
2025-12-25 17:08:40.774,31.24,92.10,71
2025-12-25 17:08:41.778,32.24,91.98,71
2025-12-25 17:08:42.790,33.26,93.50,70
2025-12-25 17:08:43.801,34.27,94.05,70
2025-12-25 17:08:44.817,35.28,95.51,69
2025-12-25 17:08:45.873,36.34,93.86,70
2025-12-25 17:08:46.883,37.35,94.98,70
2025-12-25 17:08:47.893,38.36,90.93,70
2025-12-25 17:08:48.919,39.39,92.39,70
2025-12-25 17:08:49.959,40.42,93.67,69
2025-12-25 17:08:50.967,41.43,99.13,70
2025-12-25 17:08:51.971,42.44,99.83,68
2025-12-25 17:08:52.978,43.44,99.41,68
2025-12-25 17:08:54.048,44.51,100.83,69
2025-12-25 17:08:55.072,45.54,101.62,68
2025-12-25 17:08:56.073,46.54,100.99,68
2025-12-25 17:08:57.144,47.61,100.09,69
2025-12-25 17:08:58.151,48.62,99.79,68
2025-12-25 17:08:59.152,49.62,97.79,68
2025-12-25 17:09:00.161,50.63,98.09,68
2025-12-25 17:09:01.166,51.63,98.72,68
2025-12-25 17:09:02.228,52.69,99.67,69
2025-12-25 17:09:03.284,53.75,100.27,68
2025-12-25 17:09:04.355,54.82,99.76,69
2025-12-25 17:09:05.421,55.89,100.51,68
2025-12-25 17:09:06.465,56.93,101.18,70
2025-12-25 17:09:07.530,58.00,100.75,70
2025-12-25 17:09:08.591,59.06,98.96,69
2025-12-25 17:09:09.599,60.07,99.19,69
2025-12-25 17:09:10.660,61.13,102.96,69
2025-12-25 17:09:11.715,62.18,107.72,69
2025-12-25 17:09:12.771,63.24,107.69,68
2025-12-25 17:09:13.829,64.30,107.84,68
2025-12-25 17:09:14.894,65.36,109.42,68
2025-12-25 17:09:15.949,66.42,109.27,68
2025-12-25 17:09:17.013,67.48,109.90,67
2025-12-25 17:09:18.076,68.54,106.88,68
2025-12-25 17:09:19.081,69.55,105.64,68
2025-12-25 17:09:20.143,70.61,98.82,69
2025-12-25 17:09:21.205,71.67,99.85,70
2025-12-25 17:09:22.265,72.73,99.80,68
2025-12-25 17:09:23.326,73.79,102.06,68
2025-12-25 17:09:24.398,74.86,102.55,70
2025-12-25 17:09:25.412,75.88,105.70,68
2025-12-25 17:09:26.416,76.88,106.73,67
2025-12-25 17:09:27.478,77.94,106.76,68
2025-12-25 17:09:28.483,78.95,109.13,68
2025-12-25 17:09:29.500,79.97,107.34,67
2025-12-25 17:09:30.566,81.03,105.03,69
2025-12-25 17:09:31.581,82.05,104.16,67
2025-12-25 17:09:32.601,83.07,103.50,68
2025-12-25 17:09:33.611,84.08,103.72,70
2025-12-25 17:09:34.650,85.12,104.19,68
2025-12-25 17:09:35.674,86.14,104.74,70
2025-12-25 17:09:36.715,87.18,104.63,69
2025-12-25 17:09:37.732,88.20,105.15,68
2025-12-25 17:09:38.746,89.21,109.08,68
2025-12-25 17:09:39.778,90.24,110.39,67
2025-12-25 17:09:40.810,91.28,113.05,67
2025-12-25 17:09:41.834,92.30,109.01,67
2025-12-25 17:09:42.860,93.33,108.91,68
2025-12-25 17:09:43.888,94.35,108.86,68
2025-12-25 17:09:44.923,95.39,105.22,70
2025-12-25 17:09:45.950,96.42,106.13,69
2025-12-25 17:09:46.998,97.46,105.25,70
2025-12-25 17:09:48.031,98.50,103.52,70
2025-12-25 17:09:49.068,99.53,104.83,69
2025-12-25 17:09:50.104,100.57,105.98,70
2025-12-25 17:09:51.137,101.60,104.83,70
2025-12-25 17:09:52.173,102.64,101.91,70
2025-12-25 17:09:53.205,103.67,99.76,71
2025-12-25 17:09:54.257,104.72,98.61,71
2025-12-25 17:09:55.304,105.77,95.84,72
2025-12-25 17:09:56.343,106.81,94.86,73
2025-12-25 17:09:57.412,107.88,94.78,73
2025-12-25 17:09:58.457,108.92,91.80,74
2025-12-25 17:09:59.512,109.98,93.18,74
2025-12-25 17:10:00.541,111.01,94.83,73
2025-12-25 17:10:01.586,112.05,94.70,74
2025-12-25 17:10:02.618,113.08,95.65,73
2025-12-25 17:10:03.649,114.12,95.76,73
2025-12-25 17:10:04.695,115.16,97.62,72
2025-12-25 17:10:05.696,116.16,94.75,73
2025-12-25 17:10:06.726,117.19,95.33,74
2025-12-25 17:10:07.745,118.21,95.70,73
2025-12-25 17:10:08.773,119.24,89.92,75
2025-12-25 17:10:09.831,120.30,87.56,75
2025-12-25 17:10:10.868,121.33,78.32,75
2025-12-25 17:10:11.904,122.37,76.46,75
2025-12-25 17:10:12.955,123.42,76.25,76
2025-12-25 17:10:14.022,124.49,77.35,75
2025-12-25 17:10:15.085,125.55,81.26,74
2025-12-25 17:10:16.136,126.60,83.77,75
2025-12-25 17:10:17.198,127.66,93.03,75
2025-12-25 17:10:18.249,128.71,93.51,74
2025-12-25 17:10:19.312,129.78,99.09,73
2025-12-25 17:10:20.367,130.83,100.48,73
2025-12-25 17:10:21.415,131.88,101.16,72
2025-12-25 17:10:22.458,132.92,103.91,73
2025-12-25 17:10:23.503,133.97,105.38,72
2025-12-25 17:10:24.569,135.04,109.17,71
2025-12-25 17:10:25.615,136.08,108.95,70
2025-12-25 17:10:26.667,137.13,112.28,68
2025-12-25 17:10:27.724,138.19,111.17,69
2025-12-25 17:10:28.783,139.25,113.19,69
2025-12-25 17:10:29.851,140.32,113.34,69
2025-12-25 17:10:30.906,141.37,113.10,69
2025-12-25 17:10:31.960,142.43,115.71,69
2025-12-25 17:10:33.011,143.48,116.00,68
2025-12-25 17:10:34.071,144.54,117.78,68
2025-12-25 17:10:35.080,145.55,119.50,67
2025-12-25 17:10:36.085,146.55,119.84,67
2025-12-25 17:10:37.090,147.56,118.90,67
2025-12-25 17:10:38.091,148.56,120.00,68
2025-12-25 17:10:39.104,149.57,120.80,67
2025-12-25 17:10:40.125,150.59,121.33,66
2025-12-25 17:10:41.138,151.60,121.20,66
2025-12-25 17:10:42.155,152.62,120.62,66
2025-12-25 17:10:43.174,153.64,120.58,66
2025-12-25 17:10:44.201,154.67,120.52,67
2025-12-25 17:10:45.230,155.70,118.79,68
2025-12-25 17:10:46.289,156.76,117.15,68
2025-12-25 17:10:47.336,157.80,112.06,68
2025-12-25 17:10:48.390,158.86,112.14,68
2025-12-25 17:10:49.454,159.92,108.15,69
2025-12-25 17:10:50.503,160.97,107.98,68
2025-12-25 17:10:51.535,162.00,105.87,69
2025-12-25 17:10:52.568,163.03,107.53,68
2025-12-25 17:10:53.598,164.06,107.05,68
2025-12-25 17:10:54.648,165.11,103.09,69
2025-12-25 17:10:55.688,166.15,103.04,69
2025-12-25 17:10:56.727,167.19,100.37,69
2025-12-25 17:10:57.766,168.23,101.18,70
2025-12-25 17:10:58.810,169.28,100.09,69
2025-12-25 17:10:59.857,170.32,99.54,70
2025-12-25 17:11:00.857,171.32,100.51,70
2025-12-25 17:11:01.924,172.39,97.11,70
2025-12-25 17:11:02.968,173.43,99.73,70
2025-12-25 17:11:04.018,174.48,95.82,71
2025-12-25 17:11:05.070,175.54,93.30,70
2025-12-25 17:11:06.115,176.58,93.00,71
2025-12-25 17:11:07.162,177.63,93.44,70
2025-12-25 17:11:08.217,178.68,89.64,72
2025-12-25 17:11:09.283,179.75,89.19,71
2025-12-25 17:11:10.344,180.81,90.64,71
2025-12-25 17:11:11.396,181.86,89.06,71
2025-12-25 17:11:12.451,182.92,88.76,72
2025-12-25 17:11:13.515,183.98,88.43,72
2025-12-25 17:11:14.582,185.05,88.98,70
2025-12-25 17:11:15.628,186.09,91.00,72
2025-12-25 17:11:16.673,187.14,89.69,71
2025-12-25 17:11:17.719,188.19,89.52,72
2025-12-25 17:11:18.772,189.24,88.03,72
2025-12-25 17:11:19.822,190.29,86.94,73
2025-12-25 17:11:20.857,191.32,83.44,75
2025-12-25 17:11:21.889,192.36,81.68,75
2025-12-25 17:11:22.942,193.41,78.82,76
2025-12-25 17:11:24.008,194.47,79.13,74
2025-12-25 17:11:25.068,195.53,77.09,76
2025-12-25 17:11:26.134,196.60,77.62,75
2025-12-25 17:11:27.184,197.65,77.65,75
2025-12-25 17:11:28.241,198.71,74.07,75
2025-12-25 17:11:29.308,199.77,71.21,76
2025-12-25 17:11:30.363,200.83,67.49,76
2025-12-25 17:11:31.428,201.89,66.95,76
2025-12-25 17:11:32.486,202.95,62.52,76
2025-12-25 17:11:33.539,204.01,64.64,78
2025-12-25 17:11:34.598,205.06,63.84,77
2025-12-25 17:11:35.599,206.07,61.37,79
2025-12-25 17:11:36.661,207.13,63.59,77
2025-12-25 17:11:37.715,208.18,62.98,77
2025-12-25 17:11:38.783,209.25,63.47,77
2025-12-25 17:11:39.787,210.25,60.69,77
2025-12-25 17:11:40.836,211.30,60.46,78
2025-12-25 17:11:41.901,212.37,60.14,76
2025-12-25 17:11:42.972,213.44,60.83,78
2025-12-25 17:11:44.042,214.51,60.11,78
2025-12-25 17:11:45.104,215.57,52.95,79
2025-12-25 17:11:46.162,216.63,56.46,77
2025-12-25 17:11:47.170,217.64,55.11,77
2025-12-25 17:11:48.305,218.77,55.59,77
2025-12-25 17:11:49.349,219.81,56.07,78
2025-12-25 17:11:50.399,220.87,55.46,77
2025-12-25 17:11:51.453,221.92,56.37,77
2025-12-25 17:11:52.491,222.96,56.20,77
2025-12-25 17:11:53.518,223.98,56.48,77
2025-12-25 17:11:54.579,225.05,56.09,77
2025-12-25 17:11:55.636,226.10,58.63,76
2025-12-25 17:11:56.665,227.13,58.93,78
2025-12-25 17:11:57.689,228.16,58.27,77
2025-12-25 17:11:58.728,229.19,59.53,77
2025-12-25 17:11:59.762,230.23,59.73,77
2025-12-25 17:12:00.821,231.29,60.24,77
2025-12-25 17:12:01.835,232.30,58.91,77
2025-12-25 17:12:02.852,233.32,56.80,78
2025-12-25 17:12:03.876,234.34,56.57,78
2025-12-25 17:12:04.895,235.36,57.05,77
2025-12-25 17:12:05.902,236.37,57.41,77
2025-12-25 17:12:06.905,237.37,60.26,77
2025-12-25 17:12:07.918,238.38,62.23,77
2025-12-25 17:12:08.926,239.39,64.28,77
2025-12-25 17:12:09.985,240.45,69.41,76
2025-12-25 17:12:10.993,241.46,69.01,78
2025-12-25 17:12:11.996,242.46,69.22,77
2025-12-25 17:12:13.016,243.48,67.53,77
2025-12-25 17:12:14.040,244.51,67.87,77
2025-12-25 17:12:15.070,245.54,68.05,77
2025-12-25 17:12:16.108,246.57,65.40,77
2025-12-25 17:12:17.142,247.61,64.90,79
2025-12-25 17:12:18.426,248.89,76.57,78
2025-12-25 17:12:19.493,249.96,77.32,77
2025-12-25 17:12:20.502,250.97,78.19,76
2025-12-25 17:12:21.522,251.99,77.67,77
2025-12-25 17:12:22.549,253.02,78.00,76
2025-12-25 17:12:23.581,254.05,78.43,77
2025-12-25 17:12:24.618,255.08,79.41,75
2025-12-25 17:12:25.646,256.11,77.20,77
2025-12-25 17:12:26.705,257.17,76.53,76
2025-12-25 17:12:27.737,258.20,77.27,76
2025-12-25 17:12:28.803,259.27,76.22,76
2025-12-25 17:12:29.906,260.37,77.62,76
2025-12-25 17:12:30.912,261.38,83.06,76
2025-12-25 17:12:31.964,262.43,83.62,74
2025-12-25 17:12:33.008,263.47,86.27,76
2025-12-25 17:12:34.070,264.54,86.66,74
2025-12-25 17:12:35.121,265.59,86.36,76
2025-12-25 17:12:36.160,266.63,83.85,75
2025-12-25 17:12:37.179,267.65,84.96,76
2025-12-25 17:12:38.201,268.67,83.81,76
2025-12-25 17:12:39.228,269.69,78.06,76
2025-12-25 17:12:40.251,270.72,78.91,75
2025-12-25 17:12:41.264,271.73,78.47,77
2025-12-25 17:12:42.271,272.74,80.59,75
2025-12-25 17:12:43.288,273.75,79.71,76
2025-12-25 17:12:44.315,274.78,82.08,75
2025-12-25 17:12:45.365,275.83,81.98,75
2025-12-25 17:12:46.373,276.84,81.99,75
2025-12-25 17:12:47.391,277.86,83.06,74
2025-12-25 17:12:48.401,278.87,72.75,75
2025-12-25 17:12:49.431,279.90,72.08,76
2025-12-25 17:12:50.450,280.92,71.59,76
2025-12-25 17:12:51.460,281.93,71.54,77
2025-12-25 17:12:52.466,282.93,72.23,77
2025-12-25 17:12:53.476,283.94,71.47,77
2025-12-25 17:12:54.502,284.97,71.65,77
2025-12-25 17:12:55.513,285.98,70.84,79
2025-12-25 17:12:56.521,286.99,71.02,77
2025-12-25 17:12:57.529,288.00,70.62,79
2025-12-25 17:12:58.542,289.01,70.77,78
2025-12-25 17:12:59.610,290.08,69.39,79
2025-12-25 17:13:00.712,291.18,62.36,78
2025-12-25 17:13:01.774,292.24,56.57,80
2025-12-25 17:13:02.817,293.28,57.34,79
2025-12-25 17:13:03.873,294.34,58.02,79
2025-12-25 17:13:04.996,295.46,58.33,78
2025-12-25 17:13:06.013,296.48,60.11,78
2025-12-25 17:13:07.080,297.55,56.57,79
2025-12-25 17:13:08.140,298.61,56.62,78
2025-12-25 17:13:09.142,299.61,63.14,78
2025-12-25 17:13:10.148,300.61,67.42,77
2025-12-25 17:13:11.204,301.67,76.93,77
2025-12-25 17:13:12.263,302.73,75.96,77
2025-12-25 17:13:13.321,303.79,76.70,77
2025-12-25 17:13:14.340,304.81,78.67,75
2025-12-25 17:13:15.347,305.81,77.92,76
2025-12-25 17:13:16.415,306.88,77.31,76
2025-12-25 17:13:17.473,307.94,76.74,76
2025-12-25 17:13:18.476,308.94,76.45,77
2025-12-25 17:13:19.480,309.95,76.87,77
2025-12-25 17:13:20.481,310.95,77.45,75
2025-12-25 17:13:21.551,312.02,76.64,76
2025-12-25 17:13:22.566,313.03,76.54,75
2025-12-25 17:13:23.574,314.04,77.78,76
2025-12-25 17:13:24.605,315.07,77.56,75
2025-12-25 17:13:25.652,316.12,79.49,75
2025-12-25 17:13:26.694,317.16,79.35,74
2025-12-25 17:13:27.810,318.28,82.65,73
2025-12-25 17:13:28.828,319.29,85.94,73
2025-12-25 17:13:29.887,320.35,86.86,73
2025-12-25 17:13:30.917,321.38,87.40,73
2025-12-25 17:13:31.950,322.42,87.44,73
2025-12-25 17:13:32.991,323.46,87.93,72
2025-12-25 17:13:34.049,324.52,89.72,73
2025-12-25 17:13:35.117,325.58,89.93,73
2025-12-25 17:13:36.174,326.64,90.41,72
2025-12-25 17:13:37.179,327.65,90.45,73
2025-12-25 17:13:38.182,328.65,87.69,72
2025-12-25 17:13:39.248,329.71,84.56,74
2025-12-25 17:13:40.291,330.76,79.69,75
2025-12-25 17:13:41.319,331.79,76.14,75
2025-12-25 17:13:42.342,332.81,75.71,75
2025-12-25 17:13:43.378,333.84,74.95,75
2025-12-25 17:13:44.388,334.85,71.87,76
2025-12-25 17:13:45.412,335.88,74.18,76
2025-12-25 17:13:46.441,336.91,74.28,75
2025-12-25 17:13:47.564,338.03,78.11,75
2025-12-25 17:13:48.607,339.07,78.99,74
2025-12-25 17:13:49.659,340.13,78.16,76
2025-12-25 17:13:50.688,341.15,80.63,74
2025-12-25 17:13:51.713,342.18,81.56,74
2025-12-25 17:13:52.741,343.21,84.98,74
2025-12-25 17:13:53.756,344.22,84.45,73
2025-12-25 17:13:54.797,345.26,85.32,74
2025-12-25 17:13:55.812,346.28,84.04,73
2025-12-25 17:13:56.828,347.29,83.83,74
2025-12-25 17:13:57.840,348.31,81.41,75
2025-12-25 17:13:58.862,349.33,77.62,75
2025-12-25 17:13:59.881,350.35,77.98,74
2025-12-25 17:14:00.889,351.36,76.85,76
2025-12-25 17:14:01.906,352.37,77.36,74
2025-12-25 17:14:02.930,353.40,74.07,76
2025-12-25 17:14:03.980,354.45,73.52,75
2025-12-25 17:14:05.037,355.50,71.35,77
2025-12-25 17:14:06.096,356.56,71.01,77
2025-12-25 17:14:07.158,357.62,71.20,77
2025-12-25 17:14:08.162,358.63,71.67,76
2025-12-25 17:14:09.173,359.64,72.37,75
2025-12-25 17:14:10.235,360.70,79.17,75
2025-12-25 17:14:11.289,361.76,81.57,74
2025-12-25 17:14:12.355,362.82,82.04,74
2025-12-25 17:14:13.419,363.88,83.49,75
2025-12-25 17:14:14.434,364.90,82.42,73
2025-12-25 17:14:15.500,365.97,86.67,74
2025-12-25 17:14:16.564,367.03,87.78,74
2025-12-25 17:14:17.564,368.03,85.28,74
2025-12-25 17:14:18.626,369.09,88.96,74
2025-12-25 17:14:19.658,370.12,89.15,73
2025-12-25 17:14:20.717,371.18,87.26,74
2025-12-25 17:14:21.723,372.19,87.30,74
2025-12-25 17:14:22.742,373.21,83.90,74
2025-12-25 17:14:23.754,374.22,84.52,75
2025-12-25 17:14:24.810,375.28,84.86,74
2025-12-25 17:14:25.861,376.33,85.26,74
2025-12-25 17:14:26.921,377.39,84.65,75
2025-12-25 17:14:27.981,378.45,84.26,75
2025-12-25 17:14:29.040,379.51,84.29,75
2025-12-25 17:14:30.098,380.56,83.64,75
2025-12-25 17:14:31.140,381.61,83.21,76
2025-12-25 17:14:32.180,382.65,83.88,75
2025-12-25 17:14:33.223,383.69,83.83,76
2025-12-25 17:14:34.312,384.78,84.35,75
2025-12-25 17:14:35.378,385.84,85.30,76
2025-12-25 17:14:36.388,386.85,85.37,76
2025-12-25 17:14:37.474,387.94,84.07,76
2025-12-25 17:14:38.506,388.97,83.81,75
2025-12-25 17:14:39.542,390.01,78.64,75
2025-12-25 17:14:40.557,391.02,77.48,76
2025-12-25 17:14:41.578,392.04,79.53,76
2025-12-25 17:14:42.594,393.06,78.93,76
2025-12-25 17:14:43.615,394.08,79.82,75
2025-12-25 17:14:44.652,395.12,74.12,77
2025-12-25 17:14:45.677,396.14,75.32,76
2025-12-25 17:14:46.709,397.18,74.86,77
2025-12-25 17:14:47.726,398.19,72.35,77
2025-12-25 17:14:48.748,399.21,70.06,77
2025-12-25 17:14:49.778,400.24,69.97,77
2025-12-25 17:14:50.806,401.27,68.39,78
2025-12-25 17:14:51.842,402.31,69.04,76
2025-12-25 17:14:52.895,403.36,68.93,77
2025-12-25 17:14:53.907,404.37,65.46,77
2025-12-25 17:14:54.916,405.38,66.23,78
2025-12-25 17:14:55.979,406.45,65.52,77
2025-12-25 17:14:57.050,407.52,65.32,78
2025-12-25 17:14:58.051,408.52,65.82,76
2025-12-25 17:14:59.079,409.55,65.69,77
2025-12-25 17:15:00.122,410.59,65.98,77
2025-12-25 17:15:01.180,411.65,67.30,77
2025-12-25 17:15:02.211,412.68,66.89,76
2025-12-25 17:15:03.226,413.69,68.45,77
2025-12-25 17:15:04.264,414.73,70.38,76
2025-12-25 17:15:05.302,415.77,76.90,75
2025-12-25 17:15:06.324,416.79,77.49,75
2025-12-25 17:15:07.347,417.81,82.12,75
2025-12-25 17:15:08.366,418.83,81.91,76
2025-12-25 17:15:09.408,419.87,82.06,75
2025-12-25 17:15:10.435,420.90,81.09,76
2025-12-25 17:15:11.464,421.93,77.47,75
2025-12-25 17:15:12.484,422.95,76.25,77
2025-12-25 17:15:13.498,423.96,74.63,77
2025-12-25 17:15:14.530,425.00,74.60,77
2025-12-25 17:15:15.562,426.03,72.72,77
2025-12-25 17:15:16.615,427.08,70.59,79
2025-12-25 17:15:17.621,428.09,69.09,77
2025-12-25 17:15:18.631,429.10,69.67,78
2025-12-25 17:15:19.635,430.10,70.04,77
2025-12-25 17:15:20.650,431.12,69.75,78
2025-12-25 17:15:21.664,432.13,70.02,77
2025-12-25 17:15:22.772,433.24,72.88,77
2025-12-25 17:15:23.825,434.29,77.08,76
2025-12-25 17:15:24.835,435.30,80.20,76
2025-12-25 17:15:25.859,436.33,79.78,76
2025-12-25 17:15:26.883,437.35,81.63,75
2025-12-25 17:15:27.916,438.38,82.71,76
2025-12-25 17:15:28.949,439.42,83.09,75
2025-12-25 17:15:29.984,440.45,82.44,75
2025-12-25 17:15:31.012,441.48,82.04,74
2025-12-25 17:15:32.037,442.50,86.95,74
2025-12-25 17:15:33.065,443.53,90.40,74
2025-12-25 17:15:34.108,444.57,89.37,73
2025-12-25 17:15:35.150,445.62,84.78,75
2025-12-25 17:15:36.193,446.66,85.75,74
2025-12-25 17:15:37.202,447.67,81.58,74
2025-12-25 17:15:38.274,448.74,83.62,74
2025-12-25 17:15:39.284,449.75,82.99,76
2025-12-25 17:15:40.346,450.81,83.48,74
2025-12-25 17:15:41.404,451.87,83.52,75
2025-12-25 17:15:42.466,452.93,84.28,73
2025-12-25 17:15:43.528,453.99,83.04,74
2025-12-25 17:15:44.538,455.00,83.58,74
2025-12-25 17:15:45.604,456.07,84.13,75
2025-12-25 17:15:46.643,457.11,84.83,74
2025-12-25 17:15:47.661,458.13,84.61,75
2025-12-25 17:15:48.685,459.15,84.52,74
2025-12-25 17:15:49.760,460.23,87.19,74
2025-12-25 17:15:50.779,461.25,88.17,73
2025-12-25 17:15:51.787,462.25,87.56,73
2025-12-25 17:15:52.792,463.26,86.49,74
2025-12-25 17:15:53.807,464.27,83.37,75
2025-12-25 17:15:54.834,465.30,80.76,75
2025-12-25 17:15:55.847,466.31,80.35,75
2025-12-25 17:15:56.856,467.32,78.58,75
2025-12-25 17:15:57.870,468.34,77.23,75
2025-12-25 17:15:58.886,469.35,78.08,75
2025-12-25 17:15:59.910,470.38,79.97,75
2025-12-25 17:16:00.925,471.39,80.30,76
2025-12-25 17:16:01.938,472.40,75.84,75
2025-12-25 17:16:02.954,473.42,69.86,76
2025-12-25 17:16:03.980,474.45,67.15,77
2025-12-25 17:16:05.020,475.49,66.83,77
2025-12-25 17:16:06.072,476.54,64.92,77
2025-12-25 17:16:07.123,477.59,61.66,78
2025-12-25 17:16:08.180,478.65,61.52,77
2025-12-25 17:16:09.208,479.67,61.68,77
2025-12-25 17:16:10.218,480.68,61.60,78
2025-12-25 17:16:11.285,481.75,61.67,77
2025-12-25 17:16:12.286,482.75,61.89,78
2025-12-25 17:16:13.386,483.85,62.94,76
2025-12-25 17:16:14.481,484.95,63.72,78
2025-12-25 17:16:15.510,485.98,62.75,77
2025-12-25 17:16:16.521,486.99,62.83,77
2025-12-25 17:16:17.551,488.02,63.08,77
2025-12-25 17:16:18.580,489.05,63.40,77
2025-12-25 17:16:19.622,490.09,59.13,79
2025-12-25 17:16:20.660,491.13,58.46,77
2025-12-25 17:16:21.691,492.16,57.69,79
2025-12-25 17:16:22.724,493.19,55.85,78
2025-12-25 17:16:23.762,494.23,55.69,78
2025-12-25 17:16:24.816,495.28,56.92,78
2025-12-25 17:16:25.855,496.32,58.04,78
2025-12-25 17:16:26.913,497.38,61.89,78
2025-12-25 17:16:27.984,498.45,61.87,78
2025-12-25 17:16:29.012,499.48,57.93,78
2025-12-25 17:16:30.035,500.50,60.48,78
2025-12-25 17:16:31.102,501.57,59.19,78
2025-12-25 17:16:32.157,502.62,57.63,80
2025-12-25 17:16:33.203,503.67,56.10,79
2025-12-25 17:16:34.263,504.73,55.66,79
2025-12-25 17:16:35.315,505.78,56.80,79
2025-12-25 17:16:36.359,506.82,60.75,79
2025-12-25 17:16:37.412,507.88,61.10,78
2025-12-25 17:16:38.457,508.92,61.21,77
2025-12-25 17:16:39.523,509.99,61.55,77
2025-12-25 17:16:40.574,511.04,63.18,77
2025-12-25 17:16:41.575,512.04,63.00,78
2025-12-25 17:16:42.612,513.08,63.26,77
2025-12-25 17:16:43.612,514.08,63.54,77
2025-12-25 17:16:44.633,515.10,63.47,77
2025-12-25 17:16:45.759,516.23,66.82,77
2025-12-25 17:16:46.781,517.25,66.68,76
2025-12-25 17:16:47.847,518.31,66.17,76
2025-12-25 17:16:48.858,519.32,67.19,77
2025-12-25 17:16:49.874,520.34,68.93,76
2025-12-25 17:16:50.875,521.34,71.39,76
2025-12-25 17:16:51.903,522.37,74.22,75
2025-12-25 17:16:52.920,523.39,75.08,74
2025-12-25 17:16:53.941,524.41,77.20,75
2025-12-25 17:16:54.969,525.44,75.37,75
2025-12-25 17:16:55.997,526.46,74.91,75
2025-12-25 17:16:57.037,527.50,75.10,75
2025-12-25 17:16:58.064,528.53,76.41,74
2025-12-25 17:16:59.105,529.57,80.66,75
2025-12-25 17:17:00.167,530.63,79.26,74
2025-12-25 17:17:01.173,531.64,79.93,74
2025-12-25 17:17:02.180,532.65,80.00,73
2025-12-25 17:17:03.192,533.66,81.78,72
2025-12-25 17:17:04.211,534.68,81.64,73
2025-12-25 17:17:05.216,535.68,81.18,73
2025-12-25 17:17:06.273,536.74,78.79,73
2025-12-25 17:17:07.321,537.79,78.64,74
2025-12-25 17:17:08.370,538.84,78.81,73
2025-12-25 17:17:09.441,539.91,79.95,74
2025-12-25 17:17:10.506,540.97,78.85,74
2025-12-25 17:17:11.558,542.02,78.71,75
2025-12-25 17:17:12.606,543.07,78.68,73
2025-12-25 17:17:13.659,544.13,77.18,74
2025-12-25 17:17:14.721,545.19,77.35,74
2025-12-25 17:17:15.723,546.19,76.07,76
2025-12-25 17:17:16.834,547.30,77.39,74
2025-12-25 17:17:17.915,548.38,82.50,75
2025-12-25 17:17:18.917,549.38,83.07,74
2025-12-25 17:17:19.948,550.41,87.38,73
2025-12-25 17:17:20.964,551.43,87.71,74
2025-12-25 17:17:21.976,552.44,86.40,75
2025-12-25 17:17:22.989,553.45,84.85,74
2025-12-25 17:17:24.001,554.47,84.82,75
2025-12-25 17:17:25.025,555.49,85.16,74
2025-12-25 17:17:26.034,556.50,82.48,75
2025-12-25 17:17:27.046,557.51,84.16,74
2025-12-25 17:17:28.054,558.52,83.66,76
2025-12-25 17:17:29.076,559.54,79.60,75
2025-12-25 17:17:30.094,560.56,82.38,76
2025-12-25 17:17:31.113,561.58,82.43,75
2025-12-25 17:17:32.150,562.62,80.88,75
2025-12-25 17:17:33.189,563.65,82.95,76
2025-12-25 17:17:34.251,564.72,83.09,76
2025-12-25 17:17:35.295,565.76,82.94,76
2025-12-25 17:17:36.335,566.80,83.90,74
2025-12-25 17:17:37.379,567.85,84.16,76
2025-12-25 17:17:38.419,568.89,82.95,76
2025-12-25 17:17:39.477,569.94,83.45,76
2025-12-25 17:17:40.536,571.00,83.17,76
2025-12-25 17:17:41.587,572.05,83.10,76
2025-12-25 17:17:42.635,573.10,82.76,77
2025-12-25 17:17:43.675,574.14,83.25,77
2025-12-25 17:17:44.730,575.20,83.43,75
2025-12-25 17:17:45.777,576.24,81.27,77
2025-12-25 17:17:46.833,577.30,77.51,76
2025-12-25 17:17:47.884,578.35,75.09,78
2025-12-25 17:17:48.939,579.41,71.79,78
2025-12-25 17:17:49.975,580.44,66.83,79
2025-12-25 17:17:50.995,581.46,66.38,79
2025-12-25 17:17:52.011,582.48,65.77,78
2025-12-25 17:17:53.056,583.52,67.11,79
2025-12-25 17:17:54.065,584.53,70.58,78
2025-12-25 17:17:55.126,585.59,70.50,77
2025-12-25 17:17:56.139,586.61,75.83,78
2025-12-25 17:17:57.153,587.62,73.75,77
2025-12-25 17:17:58.172,588.64,74.11,78
2025-12-25 17:17:59.194,589.66,70.59,78
2025-12-25 17:18:00.213,590.68,75.15,77
2025-12-25 17:18:01.222,591.69,76.57,77
2025-12-25 17:18:02.231,592.70,74.77,77
2025-12-25 17:18:03.240,593.71,78.81,77
2025-12-25 17:18:04.259,594.73,79.56,77
2025-12-25 17:18:05.282,595.75,79.28,76
2025-12-25 17:18:06.294,596.76,83.38,76
2025-12-25 17:18:07.314,597.78,82.84,76
2025-12-25 17:18:08.355,598.82,83.11,75
2025-12-25 17:18:09.360,599.83,81.77,77
2025-12-25 17:18:10.409,600.88,82.40,76
2025-12-25 17:18:11.465,601.93,82.92,76
2025-12-25 17:18:12.523,602.99,82.40,76
2025-12-25 17:18:13.582,604.05,84.09,76
2025-12-25 17:18:14.583,605.05,84.75,74
2025-12-25 17:18:15.638,606.10,84.89,75
2025-12-25 17:18:16.709,607.17,84.84,76
2025-12-25 17:18:17.774,608.24,85.69,75
2025-12-25 17:18:18.846,609.31,87.38,75
2025-12-25 17:18:19.893,610.36,85.54,75
2025-12-25 17:18:20.923,611.39,82.06,76
2025-12-25 17:18:21.941,612.41,80.58,76
2025-12-25 17:18:23.015,613.48,81.09,76
2025-12-25 17:18:24.024,614.49,78.63,77
2025-12-25 17:18:25.058,615.52,79.95,76
2025-12-25 17:18:26.069,616.53,75.54,76
2025-12-25 17:18:27.078,617.54,77.69,76
2025-12-25 17:18:28.094,618.56,79.41,76
2025-12-25 17:18:29.120,619.59,84.97,77
2025-12-25 17:18:30.137,620.60,82.10,75
2025-12-25 17:18:31.148,621.61,82.68,76
2025-12-25 17:18:32.155,622.62,82.20,75
2025-12-25 17:18:33.161,623.63,78.63,76
2025-12-25 17:18:34.180,624.65,77.65,77
2025-12-25 17:18:35.198,625.66,76.02,76
2025-12-25 17:18:36.209,626.67,75.90,78
2025-12-25 17:18:37.231,627.70,76.20,77
2025-12-25 17:18:38.266,628.73,76.76,77
2025-12-25 17:18:39.270,629.74,77.51,77
2025-12-25 17:18:40.326,630.79,78.20,75
2025-12-25 17:18:41.374,631.84,77.52,76
2025-12-25 17:18:42.414,632.88,77.54,76
2025-12-25 17:18:43.452,633.92,75.03,76
2025-12-25 17:18:44.498,634.96,75.12,77
2025-12-25 17:18:45.538,636.00,74.39,76
2025-12-25 17:18:46.587,637.05,74.37,77
2025-12-25 17:18:47.640,638.11,74.47,76
2025-12-25 17:18:48.694,639.16,74.67,77
2025-12-25 17:18:49.696,640.16,75.66,77
2025-12-25 17:18:50.757,641.22,76.80,76
2025-12-25 17:18:51.818,642.28,77.19,76
2025-12-25 17:18:52.834,643.30,82.08,75
2025-12-25 17:18:53.841,644.31,82.24,73
2025-12-25 17:18:54.872,645.34,82.54,75
2025-12-25 17:18:55.893,646.36,80.73,74
2025-12-25 17:18:57.026,647.49,86.62,73
2025-12-25 17:18:58.116,648.58,84.32,75
2025-12-25 17:18:59.129,649.59,79.36,74
2025-12-25 17:19:00.147,650.61,82.78,75
2025-12-25 17:19:01.154,651.62,83.33,74
2025-12-25 17:19:02.165,652.63,87.66,74
2025-12-25 17:19:03.178,653.64,87.27,73
2025-12-25 17:19:04.200,654.67,94.55,73
2025-12-25 17:19:05.233,655.70,93.80,72
2025-12-25 17:19:06.255,656.72,94.05,72
2025-12-25 17:19:07.280,657.75,97.07,72
2025-12-25 17:19:08.302,658.77,96.88,72
2025-12-25 17:19:09.351,659.82,97.70,71
2025-12-25 17:19:10.414,660.88,100.67,71
2025-12-25 17:19:11.443,661.91,100.70,71
2025-12-25 17:19:12.493,662.96,101.16,71
2025-12-25 17:19:13.557,664.02,101.41,70
2025-12-25 17:19:14.560,665.03,106.27,69
2025-12-25 17:19:15.611,666.08,105.59,70
2025-12-25 17:19:16.616,667.08,105.31,69
2025-12-25 17:19:17.686,668.15,103.06,70
2025-12-25 17:19:18.700,669.17,103.07,69
2025-12-25 17:19:19.723,670.19,102.27,70
2025-12-25 17:19:20.733,671.20,102.40,69
2025-12-25 17:19:21.738,672.20,102.52,71
2025-12-25 17:19:22.744,673.21,99.31,70
2025-12-25 17:19:23.757,674.22,98.62,71
2025-12-25 17:19:29.495,679.96,136.00,67
2025-12-25 17:19:30.533,681.00,135.62,67
2025-12-25 17:19:31.575,682.04,133.06,67
2025-12-25 17:19:32.618,683.08,132.93,67
2025-12-25 17:19:33.657,684.12,130.21,69
2025-12-25 17:19:34.690,685.16,130.15,67
2025-12-25 17:19:35.724,686.19,128.23,69
2025-12-25 17:19:36.773,687.24,126.86,69
2025-12-25 17:19:37.782,688.25,126.36,69
2025-12-25 17:19:38.791,689.26,125.37,70
2025-12-25 17:19:39.812,690.28,124.01,71
2025-12-25 17:19:40.821,691.29,123.74,71
2025-12-25 17:19:41.828,692.29,124.45,70
2025-12-25 17:19:42.845,693.31,123.99,71
2025-12-25 17:19:43.860,694.33,119.61,72
2025-12-25 17:19:44.881,695.35,119.39,72
2025-12-25 17:19:45.914,696.38,120.22,73
2025-12-25 17:19:46.953,697.42,121.20,72
2025-12-25 17:19:47.984,698.45,120.27,73
2025-12-25 17:19:49.015,699.48,120.00,74
2025-12-25 17:19:50.036,700.50,119.66,74
2025-12-25 17:19:51.055,701.52,121.28,74
2025-12-25 17:19:52.062,702.53,121.86,73
2025-12-25 17:19:53.070,703.54,122.51,72
2025-12-25 17:19:54.075,704.54,121.91,73
2025-12-25 17:19:55.140,705.61,108.45,73
2025-12-25 17:19:56.210,706.68,103.33,74
2025-12-25 17:19:57.213,707.68,97.99,75
2025-12-25 17:19:58.216,708.68,85.10,75
2025-12-25 17:19:59.266,709.73,80.52,77
2025-12-25 17:20:00.312,710.78,72.53,76
2025-12-25 17:20:01.350,711.82,73.46,76
2025-12-25 17:20:02.378,712.84,75.58,77
2025-12-25 17:20:03.408,713.87,75.67,76
2025-12-25 17:20:04.457,714.92,75.42,77
2025-12-25 17:20:05.492,715.96,75.47,76
2025-12-25 17:20:06.537,717.00,75.24,78
2025-12-25 17:20:07.583,718.05,77.62,76
2025-12-25 17:20:08.638,719.10,77.74,76
2025-12-25 17:20:09.663,720.13,81.53,76
2025-12-25 17:20:10.677,721.14,81.56,76
2025-12-25 17:20:11.726,722.19,82.75,76
2025-12-25 17:20:12.754,723.22,83.98,74
2025-12-25 17:20:13.787,724.25,84.30,75
2025-12-25 17:20:14.831,725.30,85.31,74
2025-12-25 17:20:15.870,726.34,84.10,75
2025-12-25 17:20:16.912,727.38,84.69,75
2025-12-25 17:20:17.956,728.42,85.75,75
2025-12-25 17:20:18.999,729.47,85.86,73
2025-12-25 17:20:20.052,730.52,88.53,74
2025-12-25 17:20:21.086,731.55,89.70,73
2025-12-25 17:20:22.129,732.60,89.71,73
2025-12-25 17:20:23.168,733.63,90.19,74
2025-12-25 17:20:24.236,734.70,90.37,73
2025-12-25 17:20:25.273,735.74,89.62,75
2025-12-25 17:20:26.318,736.78,82.57,74
2025-12-25 17:20:27.360,737.83,81.38,76
2025-12-25 17:20:28.405,738.87,83.54,74
2025-12-25 17:20:29.448,739.91,81.04,75
2025-12-25 17:20:30.500,740.97,80.80,75
2025-12-25 17:20:31.508,741.97,80.60,75
2025-12-25 17:20:32.573,743.04,82.11,74
2025-12-25 17:20:33.595,744.06,83.39,74
2025-12-25 17:20:34.645,745.11,83.72,73
2025-12-25 17:20:35.680,746.15,83.66,73
2025-12-25 17:20:36.710,747.18,86.03,74
2025-12-25 17:20:37.742,748.21,85.30,73
2025-12-25 17:20:38.772,749.24,85.30,74
2025-12-25 17:20:39.803,750.27,83.51,75
2025-12-25 17:20:40.844,751.31,84.26,73
2025-12-25 17:20:41.879,752.34,82.41,76
2025-12-25 17:20:42.906,753.37,85.12,74
2025-12-25 17:20:43.943,754.41,86.72,73
2025-12-25 17:20:44.982,755.45,87.57,73
2025-12-25 17:20:46.027,756.49,87.94,72
2025-12-25 17:20:47.064,757.53,87.75,71
2025-12-25 17:20:48.103,758.57,87.59,73
2025-12-25 17:20:49.150,759.62,85.88,72
2025-12-25 17:20:50.192,760.66,85.39,73
2025-12-25 17:20:51.226,761.69,81.71,74
2025-12-25 17:20:52.267,762.73,80.94,74
2025-12-25 17:20:53.303,763.77,80.37,73
2025-12-25 17:20:54.353,764.82,79.44,75
2025-12-25 17:20:55.403,765.87,81.84,74
2025-12-25 17:20:56.439,766.90,80.73,74
2025-12-25 17:20:57.480,767.95,82.91,74
2025-12-25 17:20:58.517,768.98,81.64,74
2025-12-25 17:20:59.575,770.04,80.22,74
2025-12-25 17:21:00.614,771.08,84.54,74
2025-12-25 17:21:01.645,772.11,83.42,73
2025-12-25 17:21:02.677,773.14,87.46,73
2025-12-25 17:21:03.725,774.19,88.98,73
2025-12-25 17:21:04.774,775.24,93.44,72
2025-12-25 17:21:05.815,776.28,93.91,72
2025-12-25 17:21:06.880,777.35,91.90,72
2025-12-25 17:21:07.932,778.40,92.82,73
2025-12-25 17:21:08.961,779.43,92.13,74
2025-12-25 17:21:10.008,780.47,90.78,72
2025-12-25 17:21:11.064,781.53,97.76,73
2025-12-25 17:21:12.107,782.57,100.19,71
2025-12-25 17:21:13.165,783.63,99.48,71
2025-12-25 17:21:14.196,784.66,99.20,72
2025-12-25 17:21:15.249,785.72,97.95,72
2025-12-25 17:21:16.309,786.78,98.65,71
2025-12-25 17:21:17.377,787.84,98.32,72
2025-12-25 17:21:18.441,788.91,102.38,71
2025-12-25 17:21:19.445,789.91,102.87,70
2025-12-25 17:21:20.514,790.98,102.70,70
2025-12-25 17:21:21.579,792.05,103.30,70
2025-12-25 17:21:22.582,793.05,103.00,70
2025-12-25 17:21:23.644,794.11,102.43,70
2025-12-25 17:21:24.655,795.12,102.82,69
2025-12-25 17:21:25.706,796.17,103.18,70
2025-12-25 17:21:26.752,797.22,103.50,69
2025-12-25 17:21:27.795,798.26,103.24,69
2025-12-25 17:21:28.845,799.31,103.90,69
2025-12-25 17:21:29.901,800.37,104.64,69
2025-12-25 17:21:30.951,801.42,102.27,70
2025-12-25 17:21:31.998,802.46,98.85,70
2025-12-25 17:21:33.039,803.50,96.02,71
2025-12-25 17:21:34.086,804.55,95.87,71
2025-12-25 17:21:35.122,805.59,93.77,73
2025-12-25 17:21:36.149,806.62,94.16,71
2025-12-25 17:21:37.180,807.65,93.17,73
2025-12-25 17:21:38.205,808.67,92.28,73
2025-12-25 17:21:39.245,809.71,92.77,72
2025-12-25 17:21:40.277,810.74,87.95,74
2025-12-25 17:21:41.319,811.79,83.98,73
2025-12-25 17:21:42.360,812.83,81.25,74
2025-12-25 17:21:43.406,813.87,76.96,74
2025-12-25 17:21:44.476,814.94,76.71,75
2025-12-25 17:21:45.542,816.01,76.59,75
2025-12-25 17:21:46.544,817.01,74.45,76
2025-12-25 17:21:47.546,818.01,74.11,76
2025-12-25 17:21:48.617,819.08,65.81,76
2025-12-25 17:21:49.648,820.11,66.08,76
2025-12-25 17:21:50.661,821.13,68.62,76
2025-12-25 17:21:51.676,822.14,69.72,77
2025-12-25 17:21:52.691,823.16,70.51,75
2025-12-25 17:21:53.711,824.18,71.34,76
2025-12-25 17:21:54.742,825.21,70.82,75
2025-12-25 17:21:55.758,826.22,71.52,76
2025-12-25 17:21:56.777,827.24,70.60,76
2025-12-25 17:21:57.792,828.26,70.73,76
2025-12-25 17:21:58.799,829.27,69.79,74
2025-12-25 17:21:59.821,830.29,77.90,75
2025-12-25 17:22:00.827,831.29,76.76,75
2025-12-25 17:22:01.887,832.35,80.36,73
2025-12-25 17:22:02.942,833.41,85.56,73
2025-12-25 17:22:04.012,834.48,87.30,73
2025-12-25 17:22:05.023,835.49,87.06,71
2025-12-25 17:22:06.026,836.49,88.93,71
2025-12-25 17:22:07.027,837.49,88.52,71
2025-12-25 17:22:08.031,838.50,90.62,70
2025-12-25 17:22:09.036,839.50,96.28,71
2025-12-25 17:22:10.041,840.51,96.58,70
2025-12-25 17:22:11.042,841.51,99.37,68
2025-12-25 17:22:12.111,842.58,99.63,68
2025-12-25 17:22:13.182,843.65,100.36,69
2025-12-25 17:22:14.203,844.67,100.26,69
2025-12-25 17:22:15.216,845.68,100.30,68
2025-12-25 17:22:16.226,846.69,100.66,69
2025-12-25 17:22:17.238,847.70,100.78,68
2025-12-25 17:22:18.251,848.72,102.33,68
2025-12-25 17:22:19.284,849.75,102.28,68
2025-12-25 17:22:20.306,850.77,101.27,68
2025-12-25 17:22:21.327,851.79,100.06,69
2025-12-25 17:22:22.338,852.80,100.06,68
2025-12-25 17:22:23.356,853.82,101.06,68
2025-12-25 17:22:24.387,854.85,100.57,69
2025-12-25 17:22:25.404,855.87,99.09,70
2025-12-25 17:22:26.408,856.87,99.21,69
2025-12-25 17:22:27.414,857.88,99.54,70
2025-12-25 17:22:28.419,858.89,99.81,69
2025-12-25 17:22:29.435,859.90,97.66,70
2025-12-25 17:22:30.499,860.97,94.21,70
2025-12-25 17:22:31.556,862.02,91.24,70
2025-12-25 17:22:32.606,863.07,87.52,69
2025-12-25 17:22:33.655,864.12,89.59,71
2025-12-25 17:22:34.720,865.19,88.38,71
2025-12-25 17:22:35.765,866.23,89.22,70
2025-12-25 17:22:36.813,867.28,92.06,71
2025-12-25 17:22:37.859,868.33,90.32,70
2025-12-25 17:22:38.910,869.38,82.89,72
2025-12-25 17:22:39.963,870.43,82.73,72
2025-12-25 17:22:41.007,871.47,79.23,74
2025-12-25 17:22:42.075,872.54,78.59,72
2025-12-25 17:22:43.128,873.59,78.39,73
2025-12-25 17:22:44.197,874.66,78.96,71
2025-12-25 17:22:45.263,875.73,136.26,70
2025-12-25 17:22:46.295,876.76,135.78,70
2025-12-25 17:22:47.332,877.80,135.65,70
2025-12-25 17:22:48.362,878.83,133.12,71
2025-12-25 17:22:49.415,879.88,132.59,72
2025-12-25 17:22:50.452,880.92,133.70,71
2025-12-25 17:22:51.494,881.96,134.73,70
2025-12-25 17:22:52.526,882.99,152.58,70
2025-12-25 17:22:53.574,884.04,153.08,70
2025-12-25 17:22:54.638,885.10,152.44,71
2025-12-25 17:22:55.693,886.16,152.17,71
2025-12-25 17:22:56.745,887.21,152.25,71
2025-12-25 17:22:57.805,888.27,150.54,72
2025-12-25 17:22:58.873,889.34,151.56,71
2025-12-25 17:22:59.880,890.35,151.90,72
2025-12-25 17:23:00.942,891.41,151.17,73
2025-12-25 17:23:02.002,892.47,152.59,72
2025-12-25 17:23:03.055,893.52,148.97,73
2025-12-25 17:23:04.122,894.59,149.01,73
2025-12-25 17:23:05.191,895.66,146.88,73
2025-12-25 17:23:06.249,896.72,146.54,74
2025-12-25 17:23:07.315,897.78,146.18,74
2025-12-25 17:23:08.380,898.85,147.75,72
2025-12-25 17:23:09.450,899.92,146.69,74
2025-12-25 17:23:10.510,900.98,148.00,73
2025-12-25 17:23:11.566,902.03,148.70,73
2025-12-25 17:23:12.615,903.08,149.54,72
2025-12-25 17:23:13.661,904.13,147.75,74
2025-12-25 17:23:14.722,905.19,99.19,75
2025-12-25 17:23:15.752,906.22,98.69,76
2025-12-25 17:23:16.787,907.25,101.39,75
2025-12-25 17:23:17.820,908.29,101.88,74
2025-12-25 17:23:18.860,909.33,102.85,74
2025-12-25 17:23:19.905,910.37,103.63,73
2025-12-25 17:23:20.942,911.41,105.82,75
2025-12-25 17:23:21.971,912.44,76.47,75
2025-12-25 17:23:23.024,913.49,80.03,76
2025-12-25 17:23:24.076,914.54,79.97,75
2025-12-25 17:23:25.136,915.60,79.78,74
2025-12-25 17:23:26.184,916.65,77.79,75
2025-12-25 17:23:27.238,917.70,77.74,75
2025-12-25 17:23:28.289,918.76,79.86,75
2025-12-25 17:23:29.352,919.82,78.70,74
2025-12-25 17:23:30.400,920.87,79.27,74
2025-12-25 17:23:31.446,921.91,79.36,74
2025-12-25 17:23:32.498,922.96,80.06,73
2025-12-25 17:23:33.543,924.01,79.30,74
2025-12-25 17:23:34.601,925.07,79.99,73
2025-12-25 17:23:35.646,926.11,79.06,74
2025-12-25 17:23:36.688,927.15,76.15,74
2025-12-25 17:23:37.739,928.21,76.83,75
2025-12-25 17:23:38.786,929.25,76.41,74
2025-12-25 17:23:39.840,930.31,75.46,75
2025-12-25 17:23:40.873,931.34,74.78,74
2025-12-25 17:23:41.901,932.37,74.82,75
2025-12-25 17:23:42.926,933.39,75.12,74
2025-12-25 17:23:43.977,934.44,74.86,74
2025-12-25 17:23:45.028,935.49,78.20,75
2025-12-25 17:23:46.080,936.55,76.51,74
2025-12-25 17:23:47.125,937.59,76.65,74
2025-12-25 17:23:48.178,938.64,76.42,74
2025-12-25 17:23:49.238,939.70,79.40,73
2025-12-25 17:23:50.292,940.76,75.15,74
2025-12-25 17:23:51.332,941.80,74.64,73
2025-12-25 17:23:52.357,942.82,74.62,75
2025-12-25 17:23:53.380,943.85,71.10,75
2025-12-25 17:23:54.415,944.88,72.51,75
2025-12-25 17:23:55.444,945.91,73.50,75
2025-12-25 17:23:56.468,946.93,73.82,74
2025-12-25 17:23:57.493,947.96,73.92,74
2025-12-25 17:23:58.517,948.98,73.35,74
2025-12-25 17:23:59.561,950.03,73.25,75
2025-12-25 17:24:00.586,951.05,73.93,75
2025-12-25 17:24:01.609,952.08,72.53,74
2025-12-25 17:24:02.627,953.09,74.75,74
2025-12-25 17:24:03.631,954.10,75.52,73
2025-12-25 17:24:04.653,955.12,74.29,75
2025-12-25 17:24:05.661,956.13,75.29,76
2025-12-25 17:24:06.668,957.13,75.73,75
2025-12-25 17:24:07.672,958.14,74.95,76
2025-12-25 17:24:08.673,959.14,75.19,76
2025-12-25 17:24:09.701,960.17,75.41,76
2025-12-25 17:24:10.716,961.18,75.12,75
2025-12-25 17:24:11.736,962.20,76.06,76
2025-12-25 17:24:12.763,963.23,76.38,75
2025-12-25 17:24:13.782,964.25,76.14,76
2025-12-25 17:24:14.815,965.28,72.11,76
2025-12-25 17:24:15.834,966.30,71.19,77
2025-12-25 17:24:16.861,967.33,71.04,77
2025-12-25 17:24:17.877,968.34,69.51,79
2025-12-25 17:24:18.915,969.38,65.83,78
2025-12-25 17:24:19.962,970.43,64.70,79
2025-12-25 17:24:20.997,971.46,68.77,78
2025-12-25 17:24:22.032,972.50,67.89,79
2025-12-25 17:24:23.067,973.53,68.59,77
2025-12-25 17:24:24.117,974.58,68.88,77
2025-12-25 17:24:25.152,975.62,68.22,78
2025-12-25 17:24:26.186,976.65,70.23,77
2025-12-25 17:24:27.220,977.69,69.12,77
2025-12-25 17:24:28.257,978.72,73.48,78
2025-12-25 17:24:29.303,979.77,73.32,77
2025-12-25 17:24:30.348,980.81,69.84,78
2025-12-25 17:24:31.385,981.85,69.71,78
2025-12-25 17:24:32.423,982.89,66.43,79
2025-12-25 17:24:33.448,983.91,68.28,77
2025-12-25 17:24:34.496,984.96,67.81,78
2025-12-25 17:24:35.522,985.99,67.50,77
2025-12-25 17:24:36.549,987.01,66.83,77
2025-12-25 17:24:37.580,988.05,70.19,76
2025-12-25 17:24:38.606,989.07,73.60,76
2025-12-25 17:24:39.650,990.12,77.62,75
2025-12-25 17:24:40.680,991.15,79.24,76
2025-12-25 17:24:41.706,992.17,79.84,75
2025-12-25 17:24:42.742,993.21,80.15,75
2025-12-25 17:24:43.809,994.28,83.25,74
2025-12-25 17:24:44.865,995.33,83.32,75
2025-12-25 17:24:45.910,996.38,83.58,74
2025-12-25 17:24:46.949,997.42,83.50,74
2025-12-25 17:24:47.997,998.46,83.16,73
2025-12-25 17:24:49.377,999.84,110.89,72
2025-12-25 17:24:50.384,1000.85,110.98,72
2025-12-25 17:24:51.389,1001.86,110.34,71
2025-12-25 17:24:52.456,1002.92,110.09,71
2025-12-25 17:24:53.513,1003.98,109.27,72
2025-12-25 17:24:54.581,1005.05,108.74,73
2025-12-25 17:24:55.635,1006.10,108.62,72
2025-12-25 17:24:56.687,1007.15,107.85,73
2025-12-25 17:24:57.698,1008.16,107.21,74
2025-12-25 17:24:58.715,1009.18,104.57,74
2025-12-25 17:24:59.750,1010.22,104.42,74
2025-12-25 17:25:00.860,1011.33,105.21,74
2025-12-25 17:25:01.895,1012.36,106.10,74
2025-12-25 17:25:02.908,1013.37,105.82,74
2025-12-25 17:25:03.934,1014.40,110.00,73
2025-12-25 17:25:04.964,1015.43,110.42,73
2025-12-25 17:25:05.999,1016.47,112.05,72
2025-12-25 17:25:07.012,1017.48,112.90,73
2025-12-25 17:25:08.040,1018.51,111.27,72
2025-12-25 17:25:09.109,1019.57,108.17,73
2025-12-25 17:25:10.181,1020.65,107.52,74
2025-12-25 17:25:11.233,1021.70,106.07,74
2025-12-25 17:25:12.270,1022.74,107.20,74
2025-12-25 17:25:13.305,1023.77,104.64,76
2025-12-25 17:25:14.400,1024.87,108.10,73
2025-12-25 17:25:15.458,1025.92,108.72,73
2025-12-25 17:25:16.514,1026.98,107.85,74
2025-12-25 17:25:17.577,1028.04,109.05,73
2025-12-25 17:25:18.610,1029.08,108.76,74
2025-12-25 17:25:19.613,1030.08,81.07,74
2025-12-25 17:25:20.670,1031.14,80.92,74
2025-12-25 17:25:21.736,1032.20,80.50,74
2025-12-25 17:25:22.789,1033.26,80.12,74
2025-12-25 17:25:23.804,1034.27,80.43,74
2025-12-25 17:25:24.812,1035.28,80.93,75
2025-12-25 17:25:25.862,1036.33,81.45,75
2025-12-25 17:25:26.906,1037.37,82.13,73
2025-12-25 17:25:27.964,1038.43,86.66,74
2025-12-25 17:25:29.019,1039.49,87.46,72
2025-12-25 17:25:30.072,1040.54,87.01,73
2025-12-25 17:25:31.116,1041.58,87.25,73
2025-12-25 17:25:32.175,1042.64,86.09,74
2025-12-25 17:25:33.181,1043.65,81.18,74
2025-12-25 17:25:34.196,1044.66,80.01,75
2025-12-25 17:25:35.208,1045.67,79.38,74
2025-12-25 17:25:36.235,1046.70,78.57,75
2025-12-25 17:25:37.263,1047.73,72.62,76
2025-12-25 17:25:38.280,1048.75,72.19,76
2025-12-25 17:25:39.301,1049.77,69.99,75
2025-12-25 17:25:40.339,1050.81,72.83,76
2025-12-25 17:25:41.384,1051.85,73.10,76
2025-12-25 17:25:42.440,1052.91,72.06,74
2025-12-25 17:25:43.470,1053.94,76.75,75
2025-12-25 17:25:44.495,1054.96,73.57,75
2025-12-25 17:25:45.549,1056.02,74.11,76
2025-12-25 17:25:46.601,1057.07,75.03,74
2025-12-25 17:25:47.649,1058.12,76.20,76
2025-12-25 17:25:48.706,1059.17,75.66,76
2025-12-25 17:25:49.755,1060.22,74.99,75
2025-12-25 17:25:50.779,1061.24,78.18,75
2025-12-25 17:25:51.803,1062.27,78.32,75
2025-12-25 17:25:52.830,1063.30,78.69,75
2025-12-25 17:25:53.864,1064.33,80.72,74
2025-12-25 17:25:54.912,1065.38,81.02,76
2025-12-25 17:25:55.944,1066.41,80.77,74
2025-12-25 17:25:56.978,1067.44,75.02,76
2025-12-25 17:25:58.026,1068.49,75.59,75
2025-12-25 17:25:59.095,1069.56,74.78,76
2025-12-25 17:26:00.103,1070.57,74.46,75
2025-12-25 17:26:01.175,1071.64,73.22,76
2025-12-25 17:26:02.239,1072.70,72.19,77
2025-12-25 17:26:03.240,1073.71,74.39,75
2025-12-25 17:26:04.246,1074.71,74.18,76
2025-12-25 17:26:05.265,1075.73,73.48,76
2025-12-25 17:26:06.293,1076.76,73.75,77
2025-12-25 17:26:07.307,1077.77,74.39,76
2025-12-25 17:26:08.325,1078.79,75.65,75
2025-12-25 17:26:09.392,1079.86,79.71,75
2025-12-25 17:26:10.408,1080.87,83.53,75
2025-12-25 17:26:11.446,1081.91,83.01,75
2025-12-25 17:26:12.457,1082.92,82.66,75
2025-12-25 17:26:13.465,1083.93,82.73,75
2025-12-25 17:26:14.496,1084.96,84.73,76
2025-12-25 17:26:15.511,1085.98,85.61,75
2025-12-25 17:26:16.526,1086.99,84.64,75
2025-12-25 17:26:17.530,1088.00,83.59,75
2025-12-25 17:26:18.532,1089.00,88.67,74
2025-12-25 17:26:19.553,1090.02,89.96,73
2025-12-25 17:26:20.560,1091.03,88.70,74
2025-12-25 17:26:21.562,1092.03,92.60,73
2025-12-25 17:26:22.604,1093.07,92.14,74
2025-12-25 17:26:23.657,1094.12,90.10,75
2025-12-25 17:26:24.677,1095.14,91.48,74
2025-12-25 17:26:25.747,1096.21,91.95,73
2025-12-25 17:26:26.757,1097.22,91.27,74
2025-12-25 17:26:27.823,1098.29,90.94,74
2025-12-25 17:26:28.831,1099.30,90.65,74
2025-12-25 17:26:29.841,1100.31,90.66,74
2025-12-25 17:26:30.902,1101.37,90.58,74
2025-12-25 17:26:31.913,1102.38,91.84,73
2025-12-25 17:26:32.978,1103.44,90.63,73
2025-12-25 17:26:33.984,1104.45,90.59,73
2025-12-25 17:26:34.986,1105.45,90.16,74
2025-12-25 17:26:36.048,1106.51,89.91,74
2025-12-25 17:26:37.116,1107.58,89.94,75
2025-12-25 17:26:38.175,1108.64,88.62,75
2025-12-25 17:26:39.178,1109.64,85.83,75
2025-12-25 17:26:40.185,1110.65,80.07,75
2025-12-25 17:26:41.248,1111.71,81.10,75
2025-12-25 17:26:42.256,1112.72,76.17,75
2025-12-25 17:26:43.290,1113.76,76.94,75
2025-12-25 17:26:44.373,1114.84,77.83,74
2025-12-25 17:26:45.382,1115.85,77.08,74
2025-12-25 17:26:46.403,1116.87,76.21,75
2025-12-25 17:26:47.430,1117.90,75.06,75
2025-12-25 17:26:48.459,1118.93,69.24,76
2025-12-25 17:26:49.520,1119.99,68.58,76
2025-12-25 17:26:50.557,1121.02,67.02,76
2025-12-25 17:26:51.594,1122.06,63.01,76
2025-12-25 17:26:52.633,1123.10,61.58,78
2025-12-25 17:26:53.678,1124.14,61.51,76
2025-12-25 17:26:54.744,1125.21,58.76,77
2025-12-25 17:26:55.800,1126.27,58.89,76
2025-12-25 17:26:56.859,1127.33,59.19,77
2025-12-25 17:26:57.911,1128.38,59.57,76
2025-12-25 17:26:58.936,1129.40,59.61,77
2025-12-25 17:26:59.964,1130.43,59.84,76
2025-12-25 17:27:00.984,1131.45,59.43,77
2025-12-25 17:27:01.991,1132.46,58.63,77
2025-12-25 17:27:02.996,1133.46,58.39,77
2025-12-25 17:27:04.007,1134.47,58.94,75
2025-12-25 17:27:05.021,1135.49,58.48,77
2025-12-25 17:27:06.088,1136.55,58.55,76
2025-12-25 17:27:07.154,1137.62,57.98,76
2025-12-25 17:27:08.212,1138.68,57.28,76
2025-12-25 17:27:09.261,1139.73,61.18,76
2025-12-25 17:27:10.290,1140.76,62.34,76
2025-12-25 17:27:11.434,1141.90,67.17,76
2025-12-25 17:27:12.459,1142.93,69.23,76
2025-12-25 17:27:13.491,1143.96,64.84,75
2025-12-25 17:27:14.538,1145.00,65.22,75
2025-12-25 17:27:15.566,1146.03,68.95,75
2025-12-25 17:27:16.589,1147.06,70.07,75
2025-12-25 17:27:17.613,1148.08,72.50,75
2025-12-25 17:27:18.638,1149.10,74.10,75
2025-12-25 17:27:19.684,1150.15,75.32,74
2025-12-25 17:27:20.716,1151.18,81.56,73
2025-12-25 17:27:21.763,1152.23,85.54,74
2025-12-25 17:27:22.826,1153.29,86.51,73
2025-12-25 17:27:23.897,1154.36,86.02,74
2025-12-25 17:27:24.924,1155.39,87.62,73
2025-12-25 17:27:25.940,1156.41,87.48,74
2025-12-25 17:27:26.984,1157.45,88.04,73
2025-12-25 17:27:28.053,1158.52,90.75,73
2025-12-25 17:27:29.073,1159.54,90.77,75
2025-12-25 17:27:30.085,1160.55,91.78,74
2025-12-25 17:27:31.094,1161.56,92.63,74
2025-12-25 17:27:32.136,1162.60,93.39,73
2025-12-25 17:27:33.168,1163.63,93.53,74
2025-12-25 17:27:34.198,1164.66,94.04,73
2025-12-25 17:27:35.228,1165.69,95.97,73
2025-12-25 17:27:36.269,1166.73,96.24,72
2025-12-25 17:27:37.297,1167.76,97.59,72
2025-12-25 17:27:38.300,1168.77,96.11,72
2025-12-25 17:27:39.334,1169.80,100.49,72
2025-12-25 17:27:40.348,1170.81,100.90,71
2025-12-25 17:27:41.406,1171.87,98.87,73
2025-12-25 17:27:42.467,1172.93,98.79,72
2025-12-25 17:27:43.518,1173.98,99.28,72
2025-12-25 17:27:44.590,1175.06,98.59,72
2025-12-25 17:27:45.595,1176.06,98.36,72
2025-12-25 17:27:46.597,1177.06,98.67,73
2025-12-25 17:27:47.601,1178.07,97.61,72
2025-12-25 17:27:48.604,1179.07,97.12,71
2025-12-25 17:27:49.605,1180.07,97.43,73
2025-12-25 17:27:50.653,1181.12,92.28,73
2025-12-25 17:27:51.700,1182.17,89.21,71
2025-12-25 17:27:52.747,1183.21,91.10,73
2025-12-25 17:27:53.816,1184.28,91.59,72
2025-12-25 17:27:54.846,1185.31,89.37,73
2025-12-25 17:27:55.896,1186.36,88.79,73
2025-12-25 17:27:56.963,1187.43,90.35,74
2025-12-25 17:27:58.020,1188.49,89.46,72
2025-12-25 17:27:59.078,1189.54,93.43,72
2025-12-25 17:28:00.086,1190.55,92.88,72
2025-12-25 17:28:01.146,1191.61,92.58,73
2025-12-25 17:28:02.194,1192.66,92.40,72
2025-12-25 17:28:03.211,1193.68,92.59,72
2025-12-25 17:28:04.215,1194.68,92.68,72
2025-12-25 17:28:05.243,1195.71,91.13,73
2025-12-25 17:28:06.293,1196.76,91.47,73
2025-12-25 17:28:07.362,1197.83,90.04,71
2025-12-25 17:28:08.415,1198.88,86.34,73
2025-12-25 17:28:09.416,1199.88,90.24,72
2025-12-25 17:28:10.422,1200.89,86.19,72
2025-12-25 17:28:11.431,1201.90,91.30,72
2025-12-25 17:28:12.501,1202.97,90.63,73
2025-12-25 17:28:13.567,1204.03,88.72,71
2025-12-25 17:28:14.635,1205.10,87.84,73
2025-12-25 17:28:15.698,1206.16,88.20,72
2025-12-25 17:28:16.751,1207.22,86.16,74
2025-12-25 17:28:17.760,1208.23,85.60,73
2025-12-25 17:28:18.783,1209.25,84.46,75
2025-12-25 17:28:19.840,1210.31,83.06,74
2025-12-25 17:28:20.894,1211.36,83.45,75
2025-12-25 17:28:21.949,1212.42,81.33,74
2025-12-25 17:28:22.985,1213.45,83.39,75
2025-12-25 17:28:24.051,1214.52,84.11,74
2025-12-25 17:28:25.118,1215.58,83.87,75
2025-12-25 17:28:26.153,1216.62,87.44,74
2025-12-25 17:28:27.210,1217.68,86.25,74
2025-12-25 17:28:28.261,1218.73,92.90,75
2025-12-25 17:28:29.308,1219.77,89.31,73
2025-12-25 17:28:30.361,1220.83,97.05,72
2025-12-25 17:28:31.409,1221.88,97.68,71
2025-12-25 17:28:32.461,1222.93,102.94,71
2025-12-25 17:28:33.519,1223.99,102.96,71
2025-12-25 17:28:34.521,1224.99,103.29,71
2025-12-25 17:28:35.531,1226.00,102.97,71
2025-12-25 17:28:36.532,1227.00,103.37,71
2025-12-25 17:28:37.533,1228.00,101.61,72
2025-12-25 17:28:38.599,1229.06,101.55,72
2025-12-25 17:28:39.657,1230.12,101.41,71
2025-12-25 17:28:40.659,1231.13,97.37,72
2025-12-25 17:28:41.678,1232.14,99.12,72
2025-12-25 17:28:42.721,1233.19,100.68,72
2025-12-25 17:28:43.767,1234.23,100.53,72
2025-12-25 17:28:44.832,1235.30,100.82,71
2025-12-25 17:28:45.835,1236.30,100.17,72
2025-12-25 17:28:46.887,1237.35,100.60,71
2025-12-25 17:28:47.935,1238.40,103.40,71
2025-12-25 17:28:48.987,1239.45,106.73,71
2025-12-25 17:28:50.044,1240.51,106.58,70
2025-12-25 17:28:51.092,1241.56,105.63,69
2025-12-25 17:28:52.148,1242.61,104.13,69
2025-12-25 17:28:53.204,1243.67,105.17,68
2025-12-25 17:28:54.260,1244.73,106.83,68
2025-12-25 17:28:55.321,1245.79,106.61,68
2025-12-25 17:28:56.375,1246.84,105.66,68
2025-12-25 17:28:57.430,1247.90,99.58,69
2025-12-25 17:28:58.495,1248.96,99.64,69
2025-12-25 17:28:59.539,1250.01,93.23,70
2025-12-25 17:29:00.599,1251.07,93.99,69
2025-12-25 17:29:01.677,1252.14,94.25,71
2025-12-25 17:29:02.685,1253.15,91.95,71
2025-12-25 17:29:03.688,1254.15,92.76,71
2025-12-25 17:29:04.745,1255.21,92.27,72
2025-12-25 17:29:05.797,1256.26,93.27,70
2025-12-25 17:29:06.900,1257.37,94.88,72
2025-12-25 17:29:07.993,1258.46,95.01,71
2025-12-25 17:29:09.002,1259.47,93.76,72
2025-12-25 17:29:10.053,1260.52,92.79,72
2025-12-25 17:29:11.111,1261.58,91.99,73
2025-12-25 17:29:12.163,1262.63,90.01,74
2025-12-25 17:29:13.219,1263.69,87.67,73
2025-12-25 17:29:14.279,1264.75,90.95,74
2025-12-25 17:29:15.342,1265.81,90.84,74
2025-12-25 17:29:16.398,1266.86,90.57,74
2025-12-25 17:29:17.459,1267.93,87.15,74
2025-12-25 17:29:18.521,1268.99,83.61,74
2025-12-25 17:29:19.523,1269.99,80.72,75
2025-12-25 17:29:20.595,1271.06,80.30,75
2025-12-25 17:29:21.616,1272.08,80.72,75
2025-12-25 17:29:22.659,1273.13,78.82,76
2025-12-25 17:29:23.679,1274.14,78.43,76
2025-12-25 17:29:24.713,1275.18,74.85,78
2025-12-25 17:29:25.762,1276.23,70.54,79
2025-12-25 17:29:26.789,1277.26,71.50,77
2025-12-25 17:29:27.828,1278.29,70.71,79
2025-12-25 17:29:28.850,1279.32,71.22,78
2025-12-25 17:29:29.864,1280.33,71.93,79
2025-12-25 17:29:30.868,1281.33,73.60,78
2025-12-25 17:29:31.925,1282.39,71.29,79
2025-12-25 17:29:32.943,1283.41,67.92,78
2025-12-25 17:29:33.989,1284.46,66.90,79
2025-12-25 17:29:35.001,1285.47,75.67,78
2025-12-25 17:29:36.004,1286.47,75.81,77
2025-12-25 17:29:37.057,1287.52,78.52,76
2025-12-25 17:29:38.120,1288.59,86.84,78
2025-12-25 17:29:39.168,1289.63,87.37,77
2025-12-25 17:29:40.219,1290.69,92.25,75
2025-12-25 17:29:41.271,1291.74,93.56,75
2025-12-25 17:29:42.333,1292.80,94.96,75
2025-12-25 17:29:43.395,1293.86,94.44,75
2025-12-25 17:29:44.443,1294.91,92.41,75
2025-12-25 17:29:45.491,1295.96,94.01,74
2025-12-25 17:29:46.548,1297.01,94.09,73
2025-12-25 17:29:47.599,1298.07,97.42,73
2025-12-25 17:29:48.663,1299.13,104.81,73
2025-12-25 17:29:49.690,1300.16,106.04,72
2025-12-25 17:29:50.746,1301.21,106.13,73
2025-12-25 17:29:51.751,1302.22,108.04,72
2025-12-25 17:29:52.814,1303.28,112.59,71
2025-12-25 17:29:53.855,1304.32,112.49,71
2025-12-25 17:29:54.896,1305.36,111.96,70
2025-12-25 17:29:55.917,1306.38,111.19,70
2025-12-25 17:29:56.946,1307.41,110.43,70
2025-12-25 17:29:57.963,1308.43,109.50,70
2025-12-25 17:29:58.983,1309.45,109.75,70
2025-12-25 17:30:00.012,1310.48,108.81,69
2025-12-25 17:30:01.048,1311.51,110.95,68
2025-12-25 17:30:02.065,1312.53,110.91,69
2025-12-25 17:30:03.079,1313.55,111.04,68
2025-12-25 17:30:04.116,1314.58,115.30,68
2025-12-25 17:30:05.143,1315.61,111.17,68
2025-12-25 17:30:06.155,1316.62,108.02,68
2025-12-25 17:30:07.172,1317.64,103.94,69
2025-12-25 17:30:08.248,1318.71,102.57,69
2025-12-25 17:30:09.260,1319.73,101.75,70
2025-12-25 17:30:10.280,1320.75,104.33,70
2025-12-25 17:30:11.317,1321.78,105.51,69
2025-12-25 17:30:12.335,1322.80,110.60,69
2025-12-25 17:30:13.346,1323.81,111.38,69
2025-12-25 17:30:14.369,1324.84,112.07,69
2025-12-25 17:30:15.399,1325.86,111.81,69
2025-12-25 17:30:16.437,1326.90,110.08,69
2025-12-25 17:30:17.471,1327.94,110.48,69
2025-12-25 17:30:18.508,1328.97,106.37,69
2025-12-25 17:30:19.541,1330.01,108.12,70
2025-12-25 17:30:20.556,1331.02,109.42,69
2025-12-25 17:30:21.583,1332.05,110.92,69
2025-12-25 17:30:22.647,1333.11,108.37,68
2025-12-25 17:30:23.660,1334.13,114.17,69
2025-12-25 17:30:24.702,1335.17,115.20,68
2025-12-25 17:30:25.729,1336.20,115.08,68
2025-12-25 17:30:26.763,1337.23,115.00,68
2025-12-25 17:30:27.792,1338.26,116.20,67
2025-12-25 17:30:28.815,1339.28,115.07,68
2025-12-25 17:30:29.844,1340.31,114.98,68
2025-12-25 17:30:30.877,1341.34,115.92,67
2025-12-25 17:30:31.891,1342.36,114.61,68
2025-12-25 17:30:32.936,1343.40,115.33,67
2025-12-25 17:30:33.965,1344.43,112.47,67
2025-12-25 17:30:34.967,1345.43,111.89,69
2025-12-25 17:30:35.968,1346.43,112.77,68
2025-12-25 17:30:36.989,1347.46,113.29,69
2025-12-25 17:30:38.050,1348.52,111.75,69
2025-12-25 17:30:39.079,1349.55,112.74,69
2025-12-25 17:30:40.112,1350.58,110.46,69
2025-12-25 17:30:41.144,1351.61,109.49,68
2025-12-25 17:30:42.191,1352.66,104.51,71
2025-12-25 17:30:43.224,1353.69,104.05,70
2025-12-25 17:30:44.252,1354.72,103.23,71
2025-12-25 17:30:45.266,1355.73,103.77,69
2025-12-25 17:30:46.282,1356.75,103.63,70
2025-12-25 17:30:47.288,1357.75,102.06,70
2025-12-25 17:30:48.293,1358.76,100.98,71
2025-12-25 17:30:49.300,1359.77,97.42,72
2025-12-25 17:30:50.317,1360.78,96.84,71
2025-12-25 17:30:51.358,1361.82,94.00,72
2025-12-25 17:30:52.410,1362.88,92.94,73
2025-12-25 17:30:53.464,1363.93,84.61,72
2025-12-25 17:30:54.514,1364.98,83.26,74
2025-12-25 17:30:55.555,1366.02,83.63,74
2025-12-25 17:30:56.608,1367.07,82.20,75
2025-12-25 17:30:57.650,1368.12,84.14,73
2025-12-25 17:30:58.703,1369.17,85.62,74
2025-12-25 17:30:59.746,1370.21,85.27,75
2025-12-25 17:31:00.789,1371.26,82.19,74
2025-12-25 17:31:01.820,1372.29,83.62,75
2025-12-25 17:31:02.827,1373.29,82.93,74
2025-12-25 17:31:03.836,1374.30,82.10,75
2025-12-25 17:31:04.966,1375.43,83.99,74
2025-12-25 17:31:06.103,1376.57,84.38,74
2025-12-25 17:31:07.123,1377.59,86.51,74
2025-12-25 17:31:08.154,1378.62,85.01,74
2025-12-25 17:31:09.186,1379.65,85.28,74
2025-12-25 17:31:10.202,1380.67,84.39,74
2025-12-25 17:31:11.207,1381.67,82.53,74
2025-12-25 17:31:12.217,1382.68,83.15,74
2025-12-25 17:31:13.230,1383.70,82.24,74
2025-12-25 17:31:14.233,1384.70,83.77,74
2025-12-25 17:31:15.245,1385.71,84.39,74
2025-12-25 17:31:16.258,1386.72,85.60,73
2025-12-25 17:31:17.271,1387.74,85.64,73
2025-12-25 17:31:18.279,1388.75,85.56,73
2025-12-25 17:31:19.298,1389.76,85.33,73
2025-12-25 17:31:20.335,1390.80,89.58,74
2025-12-25 17:31:21.392,1391.86,89.10,73
2025-12-25 17:31:22.445,1392.91,94.58,74
2025-12-25 17:31:23.495,1393.96,96.06,72
2025-12-25 17:31:24.555,1395.02,95.92,72
2025-12-25 17:31:25.602,1396.07,95.90,72
2025-12-25 17:31:26.652,1397.12,96.38,71
2025-12-25 17:31:27.703,1398.17,94.57,73
2025-12-25 17:31:28.754,1399.22,93.93,71
2025-12-25 17:31:29.824,1400.29,94.39,72
2025-12-25 17:31:30.895,1401.36,94.62,72
2025-12-25 17:31:31.963,1402.43,92.46,73
2025-12-25 17:31:32.964,1403.43,92.53,72
2025-12-25 17:31:34.021,1404.49,90.98,73
2025-12-25 17:31:35.067,1405.53,89.01,74
2025-12-25 17:31:36.115,1406.58,89.03,73
2025-12-25 17:31:37.121,1407.59,89.03,73
2025-12-25 17:31:38.126,1408.59,91.44,72
2025-12-25 17:31:39.136,1409.60,95.08,72
2025-12-25 17:31:40.208,1410.67,103.29,73
2025-12-25 17:31:41.293,1411.76,105.26,72
2025-12-25 17:31:42.304,1412.77,105.85,71
2025-12-25 17:31:43.310,1413.78,105.80,72
2025-12-25 17:31:44.320,1414.79,105.19,72
2025-12-25 17:31:45.322,1415.79,103.85,73
2025-12-25 17:31:46.330,1416.80,104.74,72
2025-12-25 17:31:47.339,1417.81,104.33,73
2025-12-25 17:31:48.346,1418.81,104.93,72
2025-12-25 17:31:49.355,1419.82,100.03,73
2025-12-25 17:31:50.357,1420.82,99.36,74
2025-12-25 17:31:51.370,1421.84,93.96,74
2025-12-25 17:32:01.962,1432.43,164.17,53
2025-12-25 17:32:02.980,1433.45,167.64,53
2025-12-25 17:32:03.985,1434.45,169.78,51
2025-12-25 17:32:05.055,1435.52,169.16,52
2025-12-25 17:32:06.127,1436.59,169.94,51
2025-12-25 17:32:07.197,1437.66,168.96,51
2025-12-25 17:32:08.204,1438.67,165.70,53
2025-12-25 17:32:09.271,1439.74,164.13,52
2025-12-25 17:32:10.336,1440.80,159.05,53
2025-12-25 17:32:11.364,1441.83,157.50,53
2025-12-25 17:32:12.414,1442.88,155.78,54
2025-12-25 17:32:13.433,1443.90,157.79,52
2025-12-25 17:32:14.440,1444.91,157.26,53
2025-12-25 17:32:15.506,1445.97,157.79,53
2025-12-25 17:32:16.514,1446.98,158.53,51
2025-12-25 17:32:17.543,1448.01,159.36,51
2025-12-25 17:32:18.587,1449.05,158.38,50
2025-12-25 17:32:19.601,1450.07,157.74,49
2025-12-25 17:32:20.665,1451.13,155.99,49
2025-12-25 17:32:21.677,1452.14,153.56,51
2025-12-25 17:32:22.699,1453.17,151.31,53
2025-12-25 17:32:23.714,1454.18,149.67,56
2025-12-25 17:32:24.727,1455.19,150.05,58
2025-12-25 17:32:25.728,1456.19,148.53,60
2025-12-25 17:32:26.730,1457.20,147.40,62
2025-12-25 17:32:27.735,1458.20,145.34,65
2025-12-25 17:32:28.807,1459.27,139.12,65
2025-12-25 17:32:29.807,1460.27,135.66,66
2025-12-25 17:32:30.877,1461.34,122.81,67
2025-12-25 17:32:31.945,1462.41,102.92,69
2025-12-25 17:32:33.008,1463.47,97.29,68
2025-12-25 17:32:34.012,1464.48,96.73,69
2025-12-25 17:32:35.075,1465.54,96.09,69
2025-12-25 17:32:36.127,1466.59,97.65,69
2025-12-25 17:32:37.175,1467.64,98.20,68
2025-12-25 17:32:38.211,1468.68,96.36,69
2025-12-25 17:32:39.247,1469.71,95.79,69
2025-12-25 17:32:40.296,1470.76,95.84,70
2025-12-25 17:32:41.317,1471.78,96.27,70
2025-12-25 17:32:42.341,1472.81,95.26,70
2025-12-25 17:32:43.365,1473.83,94.94,70
2025-12-25 17:32:44.399,1474.87,95.04,70
2025-12-25 17:32:45.430,1475.90,91.87,71
2025-12-25 17:32:46.475,1476.94,93.11,70
2025-12-25 17:32:47.523,1477.99,89.29,70
2025-12-25 17:32:48.567,1479.03,88.13,71
2025-12-25 17:32:49.611,1480.08,88.17,71
2025-12-25 17:32:50.641,1481.11,88.82,71
2025-12-25 17:32:51.674,1482.14,88.21,71
2025-12-25 17:32:52.701,1483.17,90.70,70
2025-12-25 17:32:53.721,1484.19,90.52,71
2025-12-25 17:32:54.753,1485.22,86.15,72
2025-12-25 17:32:55.783,1486.25,85.20,72
2025-12-25 17:32:56.806,1487.27,85.38,71
2025-12-25 17:32:57.834,1488.30,85.17,70
2025-12-25 17:32:58.864,1489.33,83.37,71
2025-12-25 17:32:59.894,1490.36,83.26,71
2025-12-25 17:33:00.928,1491.39,80.19,72
2025-12-25 17:33:01.951,1492.42,79.00,72
2025-12-25 17:33:02.969,1493.44,79.34,71
2025-12-25 17:33:03.987,1494.45,77.68,73
2025-12-25 17:33:05.013,1495.48,75.36,73
2025-12-25 17:33:06.029,1496.50,72.85,73
2025-12-25 17:33:07.058,1497.52,71.34,73
2025-12-25 17:33:08.086,1498.55,73.80,73
2025-12-25 17:33:09.121,1499.59,74.74,72
2025-12-25 17:33:10.164,1500.63,74.08,72
2025-12-25 17:33:11.204,1501.67,74.08,72
2025-12-25 17:33:12.244,1502.71,78.96,72
2025-12-25 17:33:13.282,1503.75,78.87,72
2025-12-25 17:33:14.323,1504.79,81.49,71
2025-12-25 17:33:15.349,1505.82,84.17,72
2025-12-25 17:33:16.384,1506.85,84.51,71
2025-12-25 17:33:17.414,1507.88,85.63,71
2025-12-25 17:33:18.436,1508.90,87.07,71
2025-12-25 17:33:19.458,1509.92,86.63,70
2025-12-25 17:33:20.485,1510.95,86.57,71
2025-12-25 17:33:21.514,1511.98,85.20,71
2025-12-25 17:33:22.568,1513.03,83.58,70
2025-12-25 17:33:23.595,1514.06,82.75,71
2025-12-25 17:33:24.623,1515.09,83.77,70
2025-12-25 17:33:25.659,1516.13,89.40,70
2025-12-25 17:33:26.703,1517.17,93.02,69
2025-12-25 17:33:27.743,1518.21,96.62,70
2025-12-25 17:33:28.808,1519.27,98.51,69
2025-12-25 17:33:29.838,1520.30,98.33,69
2025-12-25 17:33:30.884,1521.35,99.01,71
2025-12-25 17:33:31.915,1522.38,100.44,69
2025-12-25 17:33:32.944,1523.41,101.10,69
2025-12-25 17:33:33.978,1524.44,100.50,70
2025-12-25 17:33:35.016,1525.48,102.10,69
2025-12-25 17:33:36.061,1526.53,101.95,70
2025-12-25 17:33:37.106,1527.57,102.73,69
2025-12-25 17:33:38.151,1528.62,101.58,70
2025-12-25 17:33:39.194,1529.66,103.09,70
2025-12-25 17:33:40.260,1530.73,104.07,70
2025-12-25 17:33:41.290,1531.76,104.00,69
2025-12-25 17:33:42.358,1532.82,104.44,69
2025-12-25 17:33:43.369,1533.84,104.63,69
2025-12-25 17:33:44.384,1534.85,101.96,69
2025-12-25 17:33:45.407,1535.87,100.56,69
2025-12-25 17:33:46.425,1536.89,101.48,69
2025-12-25 17:33:47.495,1537.96,101.74,69
2025-12-25 17:33:48.522,1538.99,101.32,69
2025-12-25 17:33:49.553,1540.02,101.40,70
2025-12-25 17:33:50.577,1541.04,101.92,68
2025-12-25 17:33:51.595,1542.06,101.23,68
2025-12-25 17:33:52.641,1543.11,102.69,69
2025-12-25 17:33:53.662,1544.13,103.02,68
2025-12-25 17:33:54.676,1545.14,101.04,70
2025-12-25 17:33:55.709,1546.18,96.03,71
2025-12-25 17:33:56.742,1547.21,91.94,71
2025-12-25 17:33:57.769,1548.24,84.46,71
2025-12-25 17:33:58.798,1549.26,82.49,72
2025-12-25 17:33:59.841,1550.31,82.90,71
2025-12-25 17:34:00.889,1551.36,83.62,71
2025-12-25 17:34:01.930,1552.40,84.84,71
2025-12-25 17:34:02.963,1553.43,83.47,72
2025-12-25 17:34:03.987,1554.45,83.57,72
2025-12-25 17:34:05.024,1555.49,81.96,71
2025-12-25 17:34:06.035,1556.50,81.33,72
2025-12-25 17:34:07.052,1557.52,80.34,72
2025-12-25 17:34:08.068,1558.53,81.94,72
2025-12-25 17:34:09.088,1559.55,78.97,72
2025-12-25 17:34:10.103,1560.57,75.55,73
2025-12-25 17:34:11.117,1561.58,76.41,72
2025-12-25 17:34:12.134,1562.60,73.20,72
2025-12-25 17:34:13.154,1563.62,73.72,72
2025-12-25 17:34:14.171,1564.64,80.20,71
2025-12-25 17:34:15.189,1565.66,79.79,73
2025-12-25 17:34:16.212,1566.68,80.55,72
2025-12-25 17:34:17.235,1567.70,78.83,73
2025-12-25 17:34:18.254,1568.72,79.55,73
2025-12-25 17:34:19.285,1569.75,79.54,73
2025-12-25 17:34:20.308,1570.77,79.55,72
2025-12-25 17:34:21.332,1571.80,76.06,73
2025-12-25 17:34:22.359,1572.83,77.13,72
2025-12-25 17:34:23.380,1573.85,78.17,72
2025-12-25 17:34:24.423,1574.89,79.06,73
2025-12-25 17:34:25.464,1575.93,79.62,71
2025-12-25 17:34:26.510,1576.98,81.90,72
2025-12-25 17:34:27.552,1578.02,81.69,72
2025-12-25 17:34:28.594,1579.06,82.91,71
2025-12-25 17:34:29.636,1580.10,88.01,71
2025-12-25 17:34:30.661,1581.13,86.81,71
2025-12-25 17:34:31.685,1582.15,84.49,72
2025-12-25 17:34:32.704,1583.17,86.24,71
2025-12-25 17:34:33.719,1584.18,86.56,70
2025-12-25 17:34:34.741,1585.21,86.20,72
2025-12-25 17:34:35.756,1586.22,86.98,71
2025-12-25 17:34:36.774,1587.24,86.42,71
2025-12-25 17:34:37.796,1588.26,85.38,70
2025-12-25 17:34:38.822,1589.29,88.93,71
2025-12-25 17:34:39.843,1590.31,89.80,71
2025-12-25 17:34:40.861,1591.33,89.52,71
2025-12-25 17:34:41.876,1592.34,90.72,72
2025-12-25 17:34:42.892,1593.36,89.67,71
2025-12-25 17:34:43.908,1594.37,84.47,72
2025-12-25 17:34:44.924,1595.39,87.21,72
2025-12-25 17:34:45.943,1596.41,83.68,72
2025-12-25 17:34:46.949,1597.41,86.15,72
2025-12-25 17:34:47.989,1598.46,86.54,73
2025-12-25 17:34:49.045,1599.51,85.72,72
2025-12-25 17:34:50.110,1600.58,84.67,73
2025-12-25 17:34:51.173,1601.64,85.02,72
2025-12-25 17:34:52.236,1602.70,83.88,73
2025-12-25 17:34:53.299,1603.76,83.31,73
2025-12-25 17:34:54.369,1604.83,82.93,73
2025-12-25 17:34:55.417,1605.88,80.96,74
2025-12-25 17:34:56.462,1606.93,83.83,74
2025-12-25 17:34:57.504,1607.97,84.44,74
2025-12-25 17:34:58.549,1609.02,85.00,74
2025-12-25 17:34:59.595,1610.06,79.00,74
2025-12-25 17:35:00.635,1611.10,78.54,73
2025-12-25 17:35:01.688,1612.15,80.64,74
2025-12-25 17:35:02.734,1613.20,80.15,73
2025-12-25 17:35:03.775,1614.24,80.12,74
2025-12-25 17:35:04.825,1615.29,82.29,74
2025-12-25 17:35:05.862,1616.33,84.41,74
2025-12-25 17:35:06.906,1617.37,85.58,73
2025-12-25 17:35:07.946,1618.41,84.21,72
2025-12-25 17:35:08.997,1619.46,81.42,73
2025-12-25 17:35:10.047,1620.51,81.32,73
2025-12-25 17:35:11.076,1621.54,81.96,74
2025-12-25 17:35:12.105,1622.57,80.02,73
2025-12-25 17:35:13.150,1623.62,79.24,73
2025-12-25 17:35:14.197,1624.66,78.69,73
2025-12-25 17:35:15.255,1625.72,75.03,75
2025-12-25 17:35:16.259,1626.72,75.44,74
2025-12-25 17:35:17.325,1627.79,72.26,75
2025-12-25 17:35:18.700,1629.17,81.79,75
2025-12-25 17:35:19.736,1630.20,81.67,75
2025-12-25 17:35:20.811,1631.28,82.18,75
2025-12-25 17:35:21.821,1632.29,82.37,74
2025-12-25 17:35:22.884,1633.35,82.50,76
2025-12-25 17:35:23.951,1634.42,81.41,77
2025-12-25 17:35:24.957,1635.42,81.77,76
2025-12-25 17:35:25.990,1636.46,79.50,77
2025-12-25 17:35:27.025,1637.49,77.16,78
2025-12-25 17:35:28.061,1638.53,75.55,77
2025-12-25 17:35:29.113,1639.58,74.42,78
2025-12-25 17:35:30.136,1640.60,75.43,78
2025-12-25 17:35:31.194,1641.66,73.88,80
2025-12-25 17:35:32.231,1642.70,71.07,79
2025-12-25 17:35:33.267,1643.73,72.11,79
2025-12-25 17:35:34.304,1644.77,72.02,79
2025-12-25 17:35:35.344,1645.81,65.92,79
2025-12-25 17:35:36.393,1646.86,65.94,78
2025-12-25 17:35:37.447,1647.91,65.54,79
2025-12-25 17:35:38.458,1648.92,68.67,79
2025-12-25 17:35:39.473,1649.94,69.58,80
2025-12-25 17:35:40.490,1650.96,69.96,79
2025-12-25 17:35:41.516,1651.98,67.75,80
2025-12-25 17:35:42.531,1653.00,65.69,79
2025-12-25 17:35:43.553,1654.02,70.01,79
2025-12-25 17:35:44.588,1655.05,74.99,80
2025-12-25 17:35:45.633,1656.10,75.83,78
2025-12-25 17:35:46.699,1657.17,80.52,79
2025-12-25 17:35:47.760,1658.23,81.81,78
2025-12-25 17:35:48.796,1659.26,71.31,78
2025-12-25 17:35:49.841,1660.31,72.68,78
2025-12-25 17:35:50.852,1661.32,71.85,78
2025-12-25 17:35:51.903,1662.37,71.58,78
2025-12-25 17:35:52.937,1663.40,71.78,76
2025-12-25 17:35:53.969,1664.43,72.60,77
2025-12-25 17:35:55.007,1665.47,73.70,75
2025-12-25 17:35:56.041,1666.51,73.24,75
2025-12-25 17:35:57.080,1667.55,74.25,75
2025-12-25 17:35:58.118,1668.58,74.22,74
2025-12-25 17:35:59.156,1669.62,73.45,75
2025-12-25 17:36:00.188,1670.65,72.73,74
2025-12-25 17:36:01.225,1671.69,71.94,75
2025-12-25 17:36:02.260,1672.73,71.61,75
2025-12-25 17:36:03.290,1673.76,70.89,75
2025-12-25 17:36:04.334,1674.80,71.31,76
2025-12-25 17:36:05.390,1675.86,71.42,75
2025-12-25 17:36:06.393,1676.86,72.13,76
2025-12-25 17:36:07.411,1677.88,69.14,75
2025-12-25 17:36:08.472,1678.94,69.42,77
2025-12-25 17:36:09.529,1680.00,68.13,77
2025-12-25 17:36:10.558,1681.02,67.56,77
2025-12-25 17:36:11.581,1682.05,70.41,76
2025-12-25 17:36:12.627,1683.09,70.88,77
2025-12-25 17:36:13.672,1684.14,73.79,75
2025-12-25 17:36:14.707,1685.17,71.84,76
2025-12-25 17:36:15.744,1686.21,70.20,75
2025-12-25 17:36:16.782,1687.25,72.24,75
2025-12-25 17:36:17.820,1688.29,80.29,75
2025-12-25 17:36:18.854,1689.32,81.71,75
2025-12-25 17:36:19.889,1690.35,81.72,74
2025-12-25 17:36:20.920,1691.39,81.95,74
2025-12-25 17:36:21.952,1692.42,83.81,74
2025-12-25 17:36:22.980,1693.45,85.04,73
2025-12-25 17:36:24.022,1694.49,85.33,74
2025-12-25 17:36:25.058,1695.52,84.58,74
2025-12-25 17:36:26.111,1696.58,84.55,75
2025-12-25 17:36:27.178,1697.64,86.44,74
2025-12-25 17:36:28.182,1698.65,86.64,76
2025-12-25 17:36:29.208,1699.67,91.14,75
2025-12-25 17:36:30.225,1700.69,94.05,74
2025-12-25 17:36:31.282,1701.75,98.49,73
2025-12-25 17:36:32.342,1702.81,99.13,73
2025-12-25 17:36:33.403,1703.87,102.16,72
2025-12-25 17:36:34.409,1704.88,103.99,72
2025-12-25 17:36:35.477,1705.94,107.27,71
2025-12-25 17:36:36.541,1707.01,108.28,70
2025-12-25 17:36:37.603,1708.07,108.58,69
2025-12-25 17:36:38.664,1709.13,110.76,69
2025-12-25 17:36:39.726,1710.19,111.62,68
2025-12-25 17:36:40.785,1711.25,112.00,68
2025-12-25 17:36:41.844,1712.31,111.40,68
2025-12-25 17:36:42.899,1713.37,111.54,69
2025-12-25 17:36:43.955,1714.42,107.70,68
2025-12-25 17:36:45.020,1715.49,106.99,70
2025-12-25 17:36:46.081,1716.55,108.23,69
2025-12-25 17:36:47.142,1717.61,106.55,69
2025-12-25 17:36:48.212,1718.68,103.07,70
2025-12-25 17:36:49.224,1719.69,103.51,70
2025-12-25 17:36:50.237,1720.70,104.13,70
2025-12-25 17:36:51.238,1721.70,103.58,70
2025-12-25 17:36:52.239,1722.71,102.35,70
2025-12-25 17:36:53.311,1723.78,104.33,70
2025-12-25 17:36:54.327,1724.79,104.13,70
2025-12-25 17:36:55.358,1725.82,103.24,71
2025-12-25 17:36:56.386,1726.85,102.38,71
2025-12-25 17:36:57.411,1727.88,101.82,69
2025-12-25 17:36:58.430,1728.90,101.23,71
2025-12-25 17:36:59.464,1729.93,98.03,69
2025-12-25 17:37:00.478,1730.94,93.78,70
2025-12-25 17:37:01.481,1731.95,92.31,71
2025-12-25 17:37:02.502,1732.97,93.30,69
2025-12-25 17:37:03.543,1734.01,91.24,71
2025-12-25 17:37:04.581,1735.05,88.35,72
2025-12-25 17:37:05.654,1736.12,82.64,72
2025-12-25 17:37:06.673,1737.14,81.07,72
2025-12-25 17:37:07.695,1738.16,76.67,73
2025-12-25 17:37:08.717,1739.18,82.67,73
2025-12-25 17:37:09.740,1740.21,82.51,73
2025-12-25 17:37:10.769,1741.23,84.08,73
2025-12-25 17:37:11.787,1742.25,84.98,72
2025-12-25 17:37:12.813,1743.28,84.30,73
2025-12-25 17:37:13.836,1744.30,83.98,74
2025-12-25 17:37:14.874,1745.34,85.45,74
2025-12-25 17:37:15.903,1746.37,82.24,73
2025-12-25 17:37:16.935,1747.40,81.48,75
2025-12-25 17:37:17.962,1748.43,81.30,74
2025-12-25 17:37:19.013,1749.48,78.90,75
2025-12-25 17:37:20.039,1750.50,78.77,75
2025-12-25 17:37:21.090,1751.56,77.36,76
2025-12-25 17:37:22.155,1752.62,77.82,76
2025-12-25 17:37:23.198,1753.66,74.26,76
2025-12-25 17:37:24.226,1754.69,73.93,75
2025-12-25 17:37:25.241,1755.71,77.64,75
2025-12-25 17:37:26.255,1756.72,78.23,75
2025-12-25 17:37:27.273,1757.74,75.94,76
2025-12-25 17:37:28.309,1758.78,75.00,75
2025-12-25 17:37:29.343,1759.81,74.86,76
2025-12-25 17:37:30.351,1760.82,75.00,76
2025-12-25 17:37:31.382,1761.85,77.20,76
2025-12-25 17:37:32.428,1762.89,75.71,76
2025-12-25 17:37:33.448,1763.91,82.39,76
2025-12-25 17:37:34.468,1764.93,85.41,75
2025-12-25 17:37:35.485,1765.95,85.42,74
2025-12-25 17:37:36.505,1766.97,89.33,74
2025-12-25 17:37:37.528,1767.99,88.69,74
2025-12-25 17:37:38.545,1769.01,84.14,75
2025-12-25 17:37:39.565,1770.03,83.98,74
2025-12-25 17:37:40.593,1771.06,82.34,76
2025-12-25 17:37:41.612,1772.08,79.83,75
2025-12-25 17:37:42.640,1773.11,79.07,76
2025-12-25 17:37:43.658,1774.12,79.05,75
2025-12-25 17:37:44.702,1775.17,78.17,76
2025-12-25 17:37:45.751,1776.22,77.99,76
2025-12-25 17:37:46.760,1777.23,79.12,75
2025-12-25 17:37:47.779,1778.25,80.17,75
2025-12-25 17:37:48.797,1779.26,83.87,74
2025-12-25 17:37:49.814,1780.28,84.67,74
2025-12-25 17:37:50.863,1781.33,91.51,73
2025-12-25 17:37:51.923,1782.39,91.57,74
2025-12-25 17:37:52.942,1783.41,92.79,73
2025-12-25 17:37:53.989,1784.46,94.37,72
2025-12-25 17:37:55.044,1785.51,93.09,74
2025-12-25 17:37:56.053,1786.52,93.55,72
2025-12-25 17:37:57.072,1787.54,93.55,74
2025-12-25 17:37:58.097,1788.56,94.33,74
2025-12-25 17:37:59.121,1789.59,94.56,73
2025-12-25 17:38:00.151,1790.62,95.12,72
2025-12-25 17:38:01.183,1791.65,96.71,73
2025-12-25 17:38:02.209,1792.68,98.95,72
2025-12-25 17:38:03.225,1793.69,98.16,73
2025-12-25 17:38:04.244,1794.71,95.79,72
2025-12-25 17:38:05.275,1795.74,96.04,72
2025-12-25 17:38:06.302,1796.77,93.46,74
2025-12-25 17:38:07.329,1797.80,93.66,73
2025-12-25 17:38:08.359,1798.82,92.19,73
2025-12-25 17:38:09.423,1799.89,91.45,73
2025-12-25 17:38:10.448,1800.91,91.36,73
2025-12-25 17:38:11.462,1801.93,91.17,73
2025-12-25 17:38:12.476,1802.94,91.51,74
2025-12-25 17:38:13.490,1803.96,93.13,72
2025-12-25 17:38:14.505,1804.97,93.09,71
2025-12-25 17:38:15.515,1805.98,92.68,71
2025-12-25 17:38:16.517,1806.98,92.76,72
2025-12-25 17:38:17.585,1808.05,90.90,73
2025-12-25 17:38:18.615,1809.08,88.80,72
2025-12-25 17:38:19.656,1810.12,89.98,73
2025-12-25 17:38:20.738,1811.20,88.21,73
2025-12-25 17:38:21.768,1812.23,90.26,72
2025-12-25 17:38:22.806,1813.27,89.47,73
2025-12-25 17:38:23.830,1814.30,87.99,74
2025-12-25 17:38:24.853,1815.32,86.94,72
2025-12-25 17:38:25.883,1816.35,88.87,73
2025-12-25 17:38:26.920,1817.39,88.70,72
2025-12-25 17:38:27.952,1818.42,91.01,72
2025-12-25 17:38:28.985,1819.45,91.76,72
2025-12-25 17:38:30.013,1820.48,90.57,73
2025-12-25 17:38:31.033,1821.50,87.80,72
2025-12-25 17:38:32.053,1822.52,85.04,74
2025-12-25 17:38:33.072,1823.54,81.58,74
2025-12-25 17:38:34.110,1824.58,80.84,75
2025-12-25 17:38:35.143,1825.61,80.18,75
2025-12-25 17:38:36.148,1826.61,79.32,76
2025-12-25 17:38:37.172,1827.64,80.28,76
2025-12-25 17:38:38.188,1828.65,78.93,76
2025-12-25 17:38:39.216,1829.68,79.19,76
2025-12-25 17:38:40.250,1830.72,80.26,76
2025-12-25 17:38:41.277,1831.74,80.03,77
2025-12-25 17:38:42.336,1832.80,79.64,76
2025-12-25 17:38:43.422,1833.89,80.59,76
2025-12-25 17:38:44.441,1834.91,80.34,76
2025-12-25 17:38:45.509,1835.97,79.54,77
2025-12-25 17:38:46.577,1837.04,82.97,76
2025-12-25 17:38:47.644,1838.11,84.09,76
2025-12-25 17:38:48.710,1839.18,84.97,75
2025-12-25 17:38:49.772,1840.24,81.45,76
2025-12-25 17:38:50.835,1841.30,76.77,76
2025-12-25 17:38:51.899,1842.37,73.12,78
2025-12-25 17:38:52.966,1843.43,73.09,77
2025-12-25 17:38:54.033,1844.50,72.86,77
2025-12-25 17:38:55.098,1845.56,69.72,79
2025-12-25 17:38:56.159,1846.63,68.53,78
2025-12-25 17:38:57.162,1847.63,63.23,79
2025-12-25 17:38:58.230,1848.70,65.83,79
2025-12-25 17:38:59.290,1849.76,71.02,79
2025-12-25 17:39:00.312,1850.78,71.60,78
2025-12-25 17:39:01.339,1851.81,75.24,78
2025-12-25 17:39:02.372,1852.84,77.72,77
2025-12-25 17:39:03.390,1853.86,77.54,77
2025-12-25 17:39:04.400,1854.87,78.30,77
2025-12-25 17:39:05.444,1855.91,83.30,76
2025-12-25 17:39:06.448,1856.91,87.03,75
2025-12-25 17:39:07.458,1857.92,93.45,74
2025-12-25 17:39:08.526,1858.99,94.31,75
2025-12-25 17:39:09.528,1859.99,94.25,74
2025-12-25 17:39:10.596,1861.06,93.76,74
2025-12-25 17:39:11.597,1862.06,96.42,74
2025-12-25 17:39:12.667,1863.13,95.47,75
2025-12-25 17:39:13.675,1864.14,94.33,74
2025-12-25 17:39:14.745,1865.21,97.85,74
2025-12-25 17:39:15.810,1866.28,94.70,74
2025-12-25 17:39:16.879,1867.35,94.28,75
2025-12-25 17:39:17.947,1868.41,94.08,74
2025-12-25 17:39:19.018,1869.48,94.91,74
2025-12-25 17:39:20.084,1870.55,96.48,74
2025-12-25 17:39:21.119,1871.59,96.40,73
2025-12-25 17:39:22.181,1872.65,97.40,74
2025-12-25 17:39:23.194,1873.66,97.28,74
2025-12-25 17:39:24.216,1874.68,97.38,75
2025-12-25 17:39:25.261,1875.73,97.77,73
2025-12-25 17:39:26.276,1876.74,97.95,74
2025-12-25 17:39:27.295,1877.76,96.01,73
2025-12-25 17:39:28.306,1878.77,93.35,74
2025-12-25 17:39:29.369,1879.84,92.96,73
2025-12-25 17:39:30.369,1880.84,91.98,74
2025-12-25 17:39:31.439,1881.91,89.89,75
2025-12-25 17:39:32.503,1882.97,89.17,74
2025-12-25 17:39:33.566,1884.03,90.63,74
2025-12-25 17:39:34.628,1885.09,90.72,75
2025-12-25 17:39:35.691,1886.16,84.37,75
2025-12-25 17:39:36.756,1887.22,76.91,74
2025-12-25 17:39:37.825,1888.29,79.88,75
2025-12-25 17:39:38.886,1889.35,78.37,74
2025-12-25 17:39:39.952,1890.42,78.78,75
2025-12-25 17:39:41.010,1891.48,75.98,76
2025-12-25 17:39:42.069,1892.54,77.82,74
2025-12-25 17:39:43.069,1893.54,77.23,75
2025-12-25 17:39:44.095,1894.56,75.67,76
2025-12-25 17:39:45.157,1895.62,72.80,75
2025-12-25 17:39:46.164,1896.63,73.71,75
2025-12-25 17:39:47.169,1897.64,75.51,75
2025-12-25 17:39:48.233,1898.70,74.49,75
2025-12-25 17:39:49.292,1899.76,79.50,75
2025-12-25 17:39:50.377,1900.84,77.99,76
2025-12-25 17:39:51.408,1901.87,80.23,75
2025-12-25 17:39:52.420,1902.89,80.66,73
2025-12-25 17:39:53.435,1903.90,83.51,74
2025-12-25 17:39:54.449,1904.92,85.11,73
2025-12-25 17:39:55.450,1905.92,85.14,73
2025-12-25 17:39:56.488,1906.95,84.95,73
2025-12-25 17:39:57.527,1907.99,85.12,73
2025-12-25 17:39:58.564,1909.03,84.11,73
2025-12-25 17:39:59.588,1910.05,85.20,72
2025-12-25 17:40:00.616,1911.08,84.91,71
2025-12-25 17:40:01.648,1912.11,84.41,72
2025-12-25 17:40:02.671,1913.14,83.93,72
2025-12-25 17:40:03.688,1914.15,83.03,72
2025-12-25 17:40:04.723,1915.19,81.13,74
2025-12-25 17:40:05.793,1916.26,80.76,73
2025-12-25 17:40:06.812,1917.28,78.43,74
2025-12-25 17:40:07.839,1918.31,78.24,74
2025-12-25 17:40:08.862,1919.33,80.20,75
2025-12-25 17:40:09.893,1920.36,79.58,74
2025-12-25 17:40:10.918,1921.38,79.90,74
2025-12-25 17:40:11.941,1922.41,79.83,75
2025-12-25 17:40:12.961,1923.43,79.73,77
2025-12-25 17:40:13.995,1924.46,80.16,76
2025-12-25 17:40:15.040,1925.51,81.55,75
2025-12-25 17:40:16.080,1926.55,87.11,76
2025-12-25 17:40:17.122,1927.59,86.12,76
2025-12-25 17:40:18.140,1928.61,86.93,74
2025-12-25 17:40:19.199,1929.67,82.70,76
2025-12-25 17:40:20.219,1930.69,81.49,75
2025-12-25 17:40:21.292,1931.76,81.22,76
2025-12-25 17:40:22.356,1932.82,79.54,77
2025-12-25 17:40:23.375,1933.84,79.06,76
2025-12-25 17:40:24.405,1934.87,76.86,77
2025-12-25 17:40:25.432,1935.90,76.66,77
2025-12-25 17:40:26.462,1936.93,78.59,76
2025-12-25 17:40:27.483,1937.95,77.98,77
2025-12-25 17:40:28.511,1938.98,77.92,77
2025-12-25 17:40:29.543,1940.01,77.09,78
2025-12-25 17:40:30.570,1941.04,77.96,76
2025-12-25 17:40:31.595,1942.06,78.26,76
2025-12-25 17:40:32.620,1943.09,81.72,76
2025-12-25 17:40:33.639,1944.10,82.53,75
2025-12-25 17:40:34.680,1945.15,84.18,75
2025-12-25 17:40:35.727,1946.19,84.45,75
2025-12-25 17:40:36.728,1947.19,84.47,76
2025-12-25 17:40:37.746,1948.21,84.62,75
2025-12-25 17:40:38.777,1949.24,83.61,75
2025-12-25 17:40:39.814,1950.28,86.14,75
2025-12-25 17:40:40.863,1951.33,86.38,75
2025-12-25 17:40:41.912,1952.38,85.95,75
2025-12-25 17:40:42.946,1953.41,86.58,75
2025-12-25 17:40:44.002,1954.47,86.06,74
2025-12-25 17:40:45.029,1955.49,85.91,76
2025-12-25 17:40:46.058,1956.52,80.01,76
2025-12-25 17:40:47.089,1957.55,82.08,75
2025-12-25 17:40:48.130,1958.60,86.12,74
2025-12-25 17:40:49.169,1959.63,86.37,75
2025-12-25 17:40:50.206,1960.67,85.33,74
2025-12-25 17:40:51.247,1961.71,85.74,75
2025-12-25 17:40:52.279,1962.74,84.48,75
2025-12-25 17:40:53.314,1963.78,86.57,76
2025-12-25 17:40:54.355,1964.82,87.12,76
2025-12-25 17:40:55.404,1965.87,86.91,77
2025-12-25 17:40:56.473,1966.94,87.20,77
2025-12-25 17:40:57.503,1967.97,87.80,75
2025-12-25 17:40:58.530,1969.00,87.71,77
2025-12-25 17:40:59.585,1970.05,87.73,76
2025-12-25 17:41:00.671,1971.14,85.98,78
2025-12-25 17:41:01.704,1972.17,89.70,76
2025-12-25 17:41:02.728,1973.19,89.63,77
2025-12-25 17:41:03.750,1974.22,89.22,77
2025-12-25 17:41:04.785,1975.25,91.37,76
2025-12-25 17:41:05.832,1976.30,91.95,74
2025-12-25 17:41:06.876,1977.34,91.14,75
2025-12-25 17:41:07.923,1978.39,90.82,74
2025-12-25 17:41:08.966,1979.43,86.90,75
2025-12-25 17:41:10.001,1980.47,87.42,75
2025-12-25 17:41:11.023,1981.49,89.05,75
2025-12-25 17:41:12.051,1982.52,92.76,73
2025-12-25 17:41:13.083,1983.55,95.23,73
2025-12-25 17:41:14.117,1984.58,96.81,74
2025-12-25 17:41:15.182,1985.65,96.19,73
2025-12-25 17:41:16.210,1986.68,98.59,74
2025-12-25 17:41:17.238,1987.70,93.85,73
2025-12-25 17:41:18.294,1988.76,93.52,74
2025-12-25 17:41:19.319,1989.79,94.29,72
2025-12-25 17:41:20.341,1990.81,94.25,74
2025-12-25 17:41:21.372,1991.84,94.22,73
2025-12-25 17:41:22.412,1992.88,91.99,74
2025-12-25 17:41:23.452,1993.92,92.91,74
2025-12-25 17:41:24.579,1995.05,92.02,74
2025-12-25 17:41:25.622,1996.09,90.98,73
2025-12-25 17:41:26.635,1997.10,90.55,74
2025-12-25 17:41:27.653,1998.12,90.75,73
2025-12-25 17:41:28.775,1999.24,89.48,74
2025-12-25 17:41:29.814,2000.28,90.60,73
2025-12-25 17:41:30.862,2001.33,91.63,72
2025-12-25 17:41:31.901,2002.37,88.45,73
2025-12-25 17:41:32.942,2003.41,91.58,73
2025-12-25 17:41:33.974,2004.44,89.52,72
2025-12-25 17:41:35.003,2005.47,88.05,74
2025-12-25 17:41:36.023,2006.49,89.90,72
2025-12-25 17:41:37.052,2007.52,89.53,73
2025-12-25 17:41:38.074,2008.54,91.80,72
2025-12-25 17:41:39.090,2009.56,92.97,72
2025-12-25 17:41:40.105,2010.57,92.42,72
2025-12-25 17:41:41.128,2011.59,89.35,74
2025-12-25 17:41:42.152,2012.62,83.56,73
2025-12-25 17:41:43.210,2013.68,80.53,74
2025-12-25 17:41:44.217,2014.68,80.55,74
2025-12-25 17:41:45.240,2015.71,78.86,75
2025-12-25 17:41:46.282,2016.75,76.24,76
2025-12-25 17:41:47.313,2017.78,77.14,75
2025-12-25 17:41:48.346,2018.81,77.96,74
2025-12-25 17:41:49.382,2019.85,77.64,74
2025-12-25 17:41:50.413,2020.88,77.98,74
2025-12-25 17:41:51.448,2021.91,77.55,75
2025-12-25 17:41:52.479,2022.95,77.57,75
2025-12-25 17:41:53.517,2023.98,75.67,75
2025-12-25 17:41:54.561,2025.03,77.49,76
2025-12-25 17:41:55.621,2026.09,76.64,75
2025-12-25 17:41:56.760,2027.23,78.06,74
2025-12-25 17:41:57.813,2028.28,81.17,75
2025-12-25 17:41:58.845,2029.31,81.31,74
2025-12-25 17:41:59.952,2030.42,80.98,75
2025-12-25 17:42:00.959,2031.43,80.16,75
2025-12-25 17:42:01.966,2032.43,80.26,72
2025-12-25 17:42:02.976,2033.44,120.86,74
2025-12-25 17:42:04.034,2034.50,121.54,73
2025-12-25 17:42:05.091,2035.56,122.23,74
2025-12-25 17:42:06.147,2036.61,122.64,73
2025-12-25 17:42:07.205,2037.67,124.21,73
2025-12-25 17:42:08.265,2038.73,122.46,74
2025-12-25 17:42:09.320,2039.79,122.78,74
2025-12-25 17:42:10.376,2040.84,124.34,72
2025-12-25 17:42:11.429,2041.90,126.21,73
2025-12-25 17:42:12.487,2042.95,126.37,73
2025-12-25 17:42:13.539,2044.01,127.15,73
2025-12-25 17:42:14.541,2045.01,127.76,72
2025-12-25 17:42:15.565,2046.03,127.04,72
2025-12-25 17:42:16.624,2047.09,126.27,73
2025-12-25 17:42:17.691,2048.16,127.32,71
2025-12-25 17:42:18.742,2049.21,125.99,73
2025-12-25 17:42:19.787,2050.25,129.32,72
2025-12-25 17:42:30.256,2060.72,180.63,50
2025-12-25 17:42:31.323,2061.79,177.37,52
2025-12-25 17:42:32.394,2062.86,142.42,53
2025-12-25 17:42:33.456,2063.92,142.92,53
2025-12-25 17:42:34.511,2064.98,143.45,52
2025-12-25 17:42:35.577,2066.04,145.15,54
2025-12-25 17:42:36.637,2067.10,146.09,54
2025-12-25 17:42:37.702,2068.17,145.15,53
2025-12-25 17:42:38.769,2069.24,147.38,53
2025-12-25 17:42:39.777,2070.24,147.47,53
2025-12-25 17:42:40.797,2071.26,145.50,53
2025-12-25 17:42:41.824,2072.29,144.13,54
2025-12-25 17:42:42.884,2073.35,146.92,52
2025-12-25 17:42:43.941,2074.41,145.67,55
2025-12-25 17:42:45.010,2075.48,146.28,54
2025-12-25 17:42:46.078,2076.54,146.86,54
2025-12-25 17:42:47.158,2077.62,147.13,53
2025-12-25 17:42:48.199,2078.66,146.88,53
2025-12-25 17:42:49.226,2079.69,142.73,54
2025-12-25 17:42:50.253,2080.72,142.79,54
2025-12-25 17:42:51.281,2081.75,139.63,58
2025-12-25 17:42:52.330,2082.80,138.42,60
2025-12-25 17:42:53.375,2083.84,136.66,62
2025-12-25 17:42:54.418,2084.88,133.77,65
2025-12-25 17:42:55.468,2085.93,133.53,67
2025-12-25 17:42:56.535,2087.00,130.44,69
2025-12-25 17:42:57.593,2088.06,125.20,70
2025-12-25 17:42:58.668,2089.13,117.07,71
2025-12-25 17:42:59.671,2090.14,90.48,73
2025-12-25 17:43:00.675,2091.14,88.74,73
2025-12-25 17:43:01.692,2092.16,89.35,75
2025-12-25 17:43:02.707,2093.17,89.74,74
2025-12-25 17:43:03.736,2094.20,89.26,74
2025-12-25 17:43:04.777,2095.24,83.25,74
2025-12-25 17:43:05.818,2096.28,83.85,74
2025-12-25 17:43:06.867,2097.33,82.91,75
2025-12-25 17:43:07.915,2098.38,79.55,75
2025-12-25 17:43:08.966,2099.43,77.79,74
2025-12-25 17:43:10.031,2100.50,78.88,76
2025-12-25 17:43:11.089,2101.56,80.10,76
2025-12-25 17:43:12.154,2102.62,83.47,75
2025-12-25 17:43:13.220,2103.69,86.57,75
2025-12-25 17:43:14.284,2104.75,89.71,74
2025-12-25 17:43:15.331,2105.80,90.59,73
2025-12-25 17:43:16.381,2106.85,91.31,73
2025-12-25 17:43:17.428,2107.89,93.98,73
2025-12-25 17:43:18.480,2108.95,94.41,72
2025-12-25 17:43:19.530,2110.00,93.80,73
2025-12-25 17:43:20.579,2111.05,95.23,74
2025-12-25 17:43:21.626,2112.09,96.51,72
2025-12-25 17:43:22.676,2113.14,96.32,74
2025-12-25 17:43:23.719,2114.19,101.40,72
2025-12-25 17:43:24.763,2115.23,102.40,72
2025-12-25 17:43:25.810,2116.28,99.89,72
2025-12-25 17:43:26.866,2117.33,98.24,74
2025-12-25 17:43:27.919,2118.39,97.74,73
2025-12-25 17:43:28.969,2119.44,97.70,73
2025-12-25 17:43:30.023,2120.49,97.46,74
2025-12-25 17:43:31.073,2121.54,97.55,73
2025-12-25 17:43:32.118,2122.58,96.69,74
2025-12-25 17:43:33.162,2123.63,96.71,73
2025-12-25 17:43:34.216,2124.68,97.19,74
2025-12-25 17:43:35.282,2125.75,100.80,74
2025-12-25 17:43:36.344,2126.81,107.95,74
2025-12-25 17:43:37.411,2127.88,108.53,71
2025-12-25 17:43:38.469,2128.94,111.11,73
2025-12-25 17:43:39.525,2129.99,112.06,72
2025-12-25 17:43:40.567,2131.03,112.38,71
2025-12-25 17:43:41.607,2132.07,114.49,71
2025-12-25 17:43:42.649,2133.12,111.99,72
2025-12-25 17:43:43.691,2134.16,108.28,71
2025-12-25 17:43:44.732,2135.20,108.14,70
2025-12-25 17:43:45.772,2136.24,108.92,71
2025-12-25 17:43:46.823,2137.29,109.37,71
2025-12-25 17:43:47.875,2138.34,118.17,70
2025-12-25 17:43:48.921,2139.39,119.05,69
2025-12-25 17:43:49.976,2140.44,125.17,69
2025-12-25 17:43:51.024,2141.49,124.76,69
2025-12-25 17:43:52.072,2142.54,129.53,70
2025-12-25 17:43:53.133,2143.60,131.20,70
2025-12-25 17:43:54.183,2144.65,129.87,69
2025-12-25 17:43:55.245,2145.71,132.05,70
2025-12-25 17:43:56.268,2146.73,134.06,69
2025-12-25 17:43:57.279,2147.75,135.37,67
2025-12-25 17:43:58.296,2148.76,136.08,68
2025-12-25 17:43:59.322,2149.79,134.99,68
2025-12-25 17:44:00.348,2150.81,133.80,66
2025-12-25 17:44:01.380,2151.85,133.12,66
2025-12-25 17:44:02.403,2152.87,132.93,66
2025-12-25 17:44:03.424,2153.89,133.71,65
2025-12-25 17:44:04.448,2154.91,133.09,66
2025-12-25 17:44:05.458,2155.92,131.65,64
2025-12-25 17:44:06.467,2156.93,124.88,66
2025-12-25 17:44:07.474,2157.94,123.18,66
2025-12-25 17:44:08.484,2158.95,121.33,67
2025-12-25 17:44:09.485,2159.95,120.01,67
2025-12-25 17:44:10.488,2160.95,118.90,68
2025-12-25 17:44:11.556,2162.02,117.08,68
2025-12-25 17:44:12.558,2163.02,117.91,67
2025-12-25 17:44:13.560,2164.03,117.40,68
2025-12-25 17:44:14.562,2165.03,118.00,67
2025-12-25 17:44:15.571,2166.04,115.87,68
2025-12-25 17:44:16.581,2167.05,113.75,68
2025-12-25 17:44:17.593,2168.06,104.30,70
2025-12-25 17:44:18.600,2169.07,103.80,69
2025-12-25 17:44:19.610,2170.08,94.52,71
2025-12-25 17:44:20.617,2171.08,92.96,70
2025-12-25 17:44:21.635,2172.10,90.99,71
2025-12-25 17:44:22.652,2173.12,86.18,71
2025-12-25 17:44:23.662,2174.13,81.29,72
2025-12-25 17:44:24.688,2175.15,79.98,71
2025-12-25 17:44:25.714,2176.18,75.98,72
2025-12-25 17:44:26.746,2177.21,74.86,73
2025-12-25 17:44:27.770,2178.24,72.13,71
2025-12-25 17:44:28.801,2179.27,71.13,73
2025-12-25 17:44:29.821,2180.29,70.89,73
2025-12-25 17:44:30.841,2181.31,70.42,74
2025-12-25 17:44:31.909,2182.38,69.91,74
2025-12-25 17:44:32.972,2183.44,68.76,74
2025-12-25 17:44:34.032,2184.50,69.34,75
2025-12-25 17:44:35.093,2185.56,66.40,75
2025-12-25 17:44:36.158,2186.62,67.03,74
2025-12-25 17:44:37.158,2187.62,67.37,74
2025-12-25 17:44:38.221,2188.69,67.30,74
2025-12-25 17:44:39.284,2189.75,67.13,75
2025-12-25 17:44:40.346,2190.81,67.60,75
2025-12-25 17:44:41.414,2191.88,66.05,74
2025-12-25 17:44:42.481,2192.95,69.02,75
2025-12-25 17:44:43.545,2194.01,70.52,74
2025-12-25 17:44:44.608,2195.07,70.42,74
2025-12-25 17:44:45.671,2196.14,74.13,74
2025-12-25 17:44:46.740,2197.21,75.33,73
2025-12-25 17:44:47.740,2198.21,74.94,74
2025-12-25 17:44:48.741,2199.21,75.78,74
2025-12-25 17:44:49.752,2200.22,76.30,74
2025-12-25 17:44:50.766,2201.23,74.72,75
2025-12-25 17:44:51.788,2202.25,73.58,74
2025-12-25 17:44:52.811,2203.28,74.68,74
2025-12-25 17:44:53.821,2204.29,74.68,74
2025-12-25 17:44:54.830,2205.30,72.06,73
2025-12-25 17:44:55.833,2206.30,72.29,75
2025-12-25 17:44:56.907,2207.37,72.44,74
2025-12-25 17:44:57.918,2208.38,71.47,75
2025-12-25 17:44:58.921,2209.39,73.43,73
2025-12-25 17:44:59.924,2210.39,73.68,74
2025-12-25 17:45:00.932,2211.40,73.94,73
2025-12-25 17:45:02.001,2212.47,78.58,72
2025-12-25 17:45:03.072,2213.54,77.97,71
2025-12-25 17:45:04.140,2214.61,77.66,72
2025-12-25 17:45:05.209,2215.68,77.83,71
2025-12-25 17:45:06.272,2216.74,78.19,72
2025-12-25 17:45:07.335,2217.80,77.99,71
2025-12-25 17:45:08.400,2218.87,77.47,72
2025-12-25 17:45:09.467,2219.93,79.85,72
2025-12-25 17:45:10.531,2221.00,80.33,70
2025-12-25 17:45:11.593,2222.06,77.11,72
2025-12-25 17:45:12.656,2223.12,76.62,71
2025-12-25 17:45:13.724,2224.19,75.47,71
2025-12-25 17:45:14.731,2225.20,73.88,72
2025-12-25 17:45:15.743,2226.21,73.68,71
2025-12-25 17:45:16.757,2227.22,72.61,72
2025-12-25 17:45:17.767,2228.23,72.38,72
2025-12-25 17:45:18.779,2229.25,71.55,73
2025-12-25 17:45:19.795,2230.26,71.73,71
2025-12-25 17:45:20.808,2231.27,73.24,72
2025-12-25 17:45:21.875,2232.34,73.72,73
2025-12-25 17:45:22.945,2233.41,72.47,72
2025-12-25 17:45:24.009,2234.48,72.50,72
2025-12-25 17:45:25.078,2235.54,71.01,73
2025-12-25 17:45:26.081,2236.55,71.77,71
2025-12-25 17:45:27.083,2237.55,72.01,72
2025-12-25 17:45:28.152,2238.62,72.53,72
2025-12-25 17:45:29.156,2239.62,72.14,73
2025-12-25 17:45:30.227,2240.69,72.25,72
2025-12-25 17:45:31.287,2241.75,67.81,73
2025-12-25 17:45:32.350,2242.82,68.63,72
2025-12-25 17:45:33.419,2243.88,67.43,74
2025-12-25 17:45:34.480,2244.95,67.18,73
2025-12-25 17:45:35.551,2246.02,67.54,72
2025-12-25 17:45:36.618,2247.08,68.28,73
2025-12-25 17:45:37.686,2248.15,68.65,72
2025-12-25 17:45:38.751,2249.22,65.93,74
2025-12-25 17:45:39.752,2250.22,66.53,73
2025-12-25 17:45:40.760,2251.23,63.86,75
2025-12-25 17:45:41.769,2252.23,64.20,74
2025-12-25 17:45:42.778,2253.24,65.80,74
2025-12-25 17:45:43.786,2254.25,65.95,73
2025-12-25 17:45:44.855,2255.32,69.04,74
2025-12-25 17:45:45.914,2256.38,66.40,74
2025-12-25 17:45:46.977,2257.44,66.65,74
2025-12-25 17:45:48.040,2258.51,67.48,74
2025-12-25 17:45:49.111,2259.58,68.08,74
2025-12-25 17:45:50.118,2260.58,65.63,73
2025-12-25 17:45:51.176,2261.64,68.46,74
2025-12-25 17:45:52.231,2262.70,65.98,73
2025-12-25 17:45:53.281,2263.75,65.75,75
2025-12-25 17:45:54.329,2264.79,65.80,74
2025-12-25 17:45:55.391,2265.86,68.10,74
2025-12-25 17:45:56.446,2266.91,68.13,73
2025-12-25 17:45:57.506,2267.97,68.57,74
2025-12-25 17:45:58.560,2269.03,69.59,73
2025-12-25 17:45:59.616,2270.08,71.23,74
2025-12-25 17:46:00.668,2271.13,70.23,73
2025-12-25 17:46:01.723,2272.19,69.38,74
2025-12-25 17:46:02.773,2273.24,69.07,74
2025-12-25 17:46:03.827,2274.29,70.22,74
2025-12-25 17:46:04.830,2275.30,70.52,73
2025-12-25 17:46:05.833,2276.30,68.99,74
2025-12-25 17:46:06.841,2277.31,69.24,74
2025-12-25 17:46:07.854,2278.32,69.05,74
2025-12-25 17:46:08.865,2279.33,68.71,74
2025-12-25 17:46:09.873,2280.34,68.08,74
2025-12-25 17:46:10.930,2281.40,68.97,73
2025-12-25 17:46:11.977,2282.44,71.20,73
2025-12-25 17:46:13.033,2283.50,68.63,73
2025-12-25 17:46:14.092,2284.56,68.36,75
2025-12-25 17:46:15.156,2285.62,65.43,75
2025-12-25 17:46:16.157,2286.62,65.52,74
2025-12-25 17:46:17.224,2287.69,65.51,76
2025-12-25 17:46:18.290,2288.76,63.78,75
2025-12-25 17:46:19.354,2289.82,63.24,77
2025-12-25 17:46:20.422,2290.89,65.10,75
2025-12-25 17:46:21.494,2291.96,63.03,76
2025-12-25 17:46:22.497,2292.96,67.39,76
2025-12-25 17:46:23.565,2294.03,67.64,75
2025-12-25 17:46:24.633,2295.10,66.91,77
2025-12-25 17:46:25.704,2296.17,64.90,76
2025-12-25 17:46:26.704,2297.17,64.07,76
2025-12-25 17:46:27.773,2298.24,62.44,76
2025-12-25 17:46:28.774,2299.24,59.41,77
2025-12-25 17:46:29.790,2300.26,59.31,77
2025-12-25 17:46:30.807,2301.27,59.07,77
2025-12-25 17:46:31.821,2302.29,61.88,77
2025-12-25 17:46:32.831,2303.30,62.55,77
2025-12-25 17:46:33.841,2304.31,65.05,77
2025-12-25 17:46:34.850,2305.32,70.24,76
2025-12-25 17:46:35.913,2306.38,69.99,76
2025-12-25 17:46:36.981,2307.45,69.11,77
2025-12-25 17:46:38.050,2308.52,69.83,76
2025-12-25 17:46:39.118,2309.58,69.73,76
2025-12-25 17:46:40.185,2310.65,69.79,75
2025-12-25 17:46:41.251,2311.72,68.88,75
2025-12-25 17:46:42.315,2312.78,65.63,77
2025-12-25 17:46:43.377,2313.84,66.28,76
2025-12-25 17:46:44.438,2314.90,67.01,76
2025-12-25 17:46:45.497,2315.96,66.80,76
2025-12-25 17:46:46.563,2317.03,66.46,77
2025-12-25 17:46:47.631,2318.10,66.38,76
2025-12-25 17:46:48.631,2319.10,65.94,76
2025-12-25 17:46:49.632,2320.10,71.19,76
2025-12-25 17:46:50.701,2321.17,72.74,75
2025-12-25 17:46:51.771,2322.24,73.02,75
2025-12-25 17:46:52.839,2323.30,71.31,75
2025-12-25 17:46:53.840,2324.31,72.22,75
2025-12-25 17:46:54.851,2325.32,74.69,75
2025-12-25 17:46:55.866,2326.33,82.12,74
2025-12-25 17:46:56.880,2327.35,83.48,73
2025-12-25 17:46:57.900,2328.37,83.33,73
2025-12-25 17:46:58.918,2329.38,87.24,73
2025-12-25 17:46:59.933,2330.40,92.46,72
2025-12-25 17:47:00.934,2331.40,95.11,71
2025-12-25 17:47:01.997,2332.46,93.73,70
2025-12-25 17:47:03.061,2333.53,94.49,71
2025-12-25 17:47:04.125,2334.59,100.32,70
2025-12-25 17:47:05.189,2335.65,101.48,70
2025-12-25 17:47:06.255,2336.72,110.74,69
2025-12-25 17:47:07.320,2337.79,111.45,69
2025-12-25 17:47:08.383,2338.85,114.68,68
2025-12-25 17:47:09.445,2339.91,115.18,69
2025-12-25 17:47:10.499,2340.97,115.35,68
2025-12-25 17:47:11.551,2342.02,117.10,67
2025-12-25 17:47:12.606,2343.07,123.74,67
2025-12-25 17:47:13.610,2344.08,126.82,66
2025-12-25 17:47:14.617,2345.08,126.78,66
2025-12-25 17:47:15.627,2346.09,127.35,67
2025-12-25 17:47:16.646,2347.11,129.10,65
2025-12-25 17:47:17.657,2348.12,128.34,65
2025-12-25 17:47:18.662,2349.13,128.43,66
2025-12-25 17:47:19.679,2350.15,127.15,67
2025-12-25 17:47:20.701,2351.17,127.19,66
2025-12-25 17:47:21.719,2352.19,125.71,67
2025-12-25 17:47:22.740,2353.21,125.82,66
2025-12-25 17:47:23.749,2354.22,124.83,67
2025-12-25 17:47:24.760,2355.23,124.08,67
2025-12-25 17:47:25.827,2356.29,119.13,69
2025-12-25 17:47:26.828,2357.29,119.30,68
2025-12-25 17:47:27.832,2358.30,118.14,69
2025-12-25 17:47:28.835,2359.30,118.02,68
2025-12-25 17:47:29.905,2360.37,114.09,69
2025-12-25 17:47:30.911,2361.38,111.36,70
2025-12-25 17:47:31.916,2362.38,107.98,71
2025-12-25 17:47:32.988,2363.45,108.59,70
2025-12-25 17:47:33.989,2364.46,101.91,72
2025-12-25 17:47:34.999,2365.47,98.97,73
2025-12-25 17:47:36.030,2366.50,88.39,74
2025-12-25 17:47:37.060,2367.53,88.53,71
2025-12-25 17:47:38.086,2368.55,84.99,70
2025-12-25 17:47:39.089,2369.56,85.80,67
2025-12-25 17:47:40.160,2370.63,86.55,65
2025-12-25 17:47:41.174,2371.64,84.91,63
2025-12-25 17:47:42.188,2372.65,69.14,61
2025-12-25 17:47:43.192,2373.66,60.64,59
2025-12-25 17:47:44.206,2374.67,59.81,57
2025-12-25 17:47:45.231,2375.70,55.58,54
2025-12-25 17:47:46.247,2376.71,56.05,52
2025-12-25 17:47:47.279,2377.75,52.26,49
2025-12-25 17:47:48.304,2378.77,53.17,47
2025-12-25 17:47:49.327,2379.79,52.62,44
2025-12-25 17:47:50.348,2380.81,53.63,41
2025-12-25 17:47:51.359,2381.83,54.12,38
2025-12-25 17:47:52.371,2382.84,55.48,36
2025-12-25 17:47:53.385,2383.85,55.41,33
2025-12-25 17:47:54.396,2384.86,53.03,31
2025-12-25 17:47:55.401,2385.87,145.83,31
2025-12-25 17:47:56.444,2386.91,244.32,33
2025-12-25 17:47:57.472,2387.94,251.86,31
2025-12-25 17:47:58.498,2388.96,255.93,30
2025-12-25 17:47:59.514,2389.98,268.23,27
2025-12-25 17:48:00.544,2391.01,283.25,24
2025-12-25 17:48:01.574,2392.04,289.30,23
2025-12-25 17:48:02.611,2393.08,285.12,24
2025-12-25 17:48:03.645,2394.11,297.44,26
2025-12-25 17:48:04.673,2395.14,333.80,26
2025-12-25 17:48:05.705,2396.17,359.58,24
2025-12-25 17:48:06.767,2397.23,347.27,27
2025-12-25 17:48:07.827,2398.29,339.95,30
2025-12-25 17:48:08.895,2399.36,329.87,33
2025-12-25 17:48:09.907,2400.37,322.07,36
2025-12-25 17:48:10.981,2401.45,318.89,37
2025-12-25 17:48:12.040,2402.51,335.54,40
2025-12-25 17:48:13.096,2403.56,328.88,42
2025-12-25 17:48:14.158,2404.62,322.19,45
2025-12-25 17:48:15.203,2405.67,317.04,47
2025-12-25 17:48:16.253,2406.72,310.47,50
2025-12-25 17:48:17.326,2407.79,303.63,53
2025-12-25 17:48:18.391,2408.86,299.99,55
2025-12-25 17:48:19.456,2409.92,320.64,57
2025-12-25 17:48:20.520,2410.99,314.68,60
2025-12-25 17:48:21.577,2412.04,309.82,63
2025-12-25 17:48:22.643,2413.11,296.31,65
2025-12-25 17:48:23.693,2414.16,299.07,64
2025-12-25 17:48:24.761,2415.23,272.23,67
2025-12-25 17:48:25.830,2416.30,261.87,67
2025-12-25 17:48:26.898,2417.36,265.31,65
2025-12-25 17:48:27.964,2418.43,269.93,62
2025-12-25 17:48:29.020,2419.49,287.43,61
2025-12-25 17:48:30.074,2420.54,325.60,62
2025-12-25 17:48:31.132,2421.60,310.51,65
2025-12-25 17:48:32.180,2422.65,309.20,66
2025-12-25 17:48:33.252,2423.72,288.20,67
2025-12-25 17:48:34.256,2424.72,291.90,65
2025-12-25 17:48:35.316,2425.78,272.87,68
2025-12-25 17:48:36.384,2426.85,278.81,67
2025-12-25 17:48:37.386,2427.85,278.97,67
2025-12-25 17:48:38.459,2428.93,278.67,67
2025-12-25 17:48:39.535,2430.00,279.09,67
2025-12-25 17:48:40.589,2431.06,276.14,69
2025-12-25 17:48:41.642,2432.11,258.19,69
2025-12-25 17:48:42.712,2433.18,259.28,68
2025-12-25 17:48:43.786,2434.25,259.43,68
2025-12-25 17:48:44.850,2435.32,261.13,67
2025-12-25 17:48:45.916,2436.38,275.08,67
2025-12-25 17:48:46.919,2437.39,275.47,67
2025-12-25 17:48:47.993,2438.46,273.66,68
2025-12-25 17:48:49.052,2439.52,244.83,69
2025-12-25 17:48:50.119,2440.59,245.24,69
2025-12-25 17:48:51.180,2441.65,245.14,69
2025-12-25 17:48:52.254,2442.72,243.66,69
2025-12-25 17:48:53.258,2443.72,239.74,71
2025-12-25 17:48:54.329,2444.79,240.81,70
2025-12-25 17:48:55.381,2445.85,246.85,69
2025-12-25 17:48:56.431,2446.90,232.61,69
2025-12-25 17:48:57.497,2447.96,227.81,71
2025-12-25 17:48:58.548,2449.01,228.47,73
2025-12-25 17:48:59.618,2450.08,171.07,74
2025-12-25 17:49:00.689,2451.16,171.97,73
2025-12-25 17:49:01.759,2452.23,167.57,75
2025-12-25 17:49:02.818,2453.28,167.26,76
2025-12-25 17:49:03.879,2454.35,163.12,77
2025-12-25 17:49:04.929,2455.40,156.56,78
2025-12-25 17:49:05.961,2456.43,148.39,77
2025-12-25 17:49:06.992,2457.46,152.36,77
2025-12-25 17:49:08.022,2458.49,152.34,78
2025-12-25 17:49:09.050,2459.52,152.71,77
2025-12-25 17:49:10.080,2460.55,151.43,78
2025-12-25 17:49:11.111,2461.58,142.72,77
2025-12-25 17:49:12.139,2462.61,151.73,77
2025-12-25 17:49:13.171,2463.64,152.38,76
2025-12-25 17:49:14.202,2464.67,152.47,77
2025-12-25 17:49:15.234,2465.70,123.16,79
2025-12-25 17:49:16.268,2466.73,123.67,78
2025-12-25 17:49:17.299,2467.77,122.92,79
2025-12-25 17:49:18.334,2468.80,122.71,79
2025-12-25 17:49:19.366,2469.83,124.40,78
2025-12-25 17:49:20.412,2470.88,124.09,78
2025-12-25 17:49:21.457,2471.92,125.00,76
2025-12-25 17:49:22.506,2472.97,120.03,78
2025-12-25 17:49:23.551,2474.02,120.39,78
2025-12-25 17:49:24.602,2475.07,120.04,79
2025-12-25 17:49:25.651,2476.12,108.59,80
2025-12-25 17:49:26.705,2477.17,102.08,80
2025-12-25 17:49:27.759,2478.23,91.70,81
2025-12-25 17:49:28.815,2479.28,98.04,81
2025-12-25 17:49:29.864,2480.33,98.99,79
2025-12-25 17:49:30.895,2481.36,103.80,79
2025-12-25 17:49:31.937,2482.40,103.60,79
2025-12-25 17:49:32.989,2483.46,102.75,79
2025-12-25 17:49:34.011,2484.48,107.49,79
2025-12-25 17:49:35.034,2485.50,108.41,78
2025-12-25 17:49:36.051,2486.52,104.90,78
2025-12-25 17:49:37.076,2487.54,103.83,80
2025-12-25 17:49:38.121,2488.59,101.02,81
2025-12-25 17:49:39.154,2489.62,101.19,81
2025-12-25 17:49:40.180,2490.65,101.84,80
2025-12-25 17:49:41.210,2491.68,101.41,81
2025-12-25 17:49:42.235,2492.70,126.21,79
2025-12-25 17:49:43.280,2493.75,123.86,80
2025-12-25 17:49:44.321,2494.79,123.93,80
2025-12-25 17:49:45.373,2495.84,124.63,79
2025-12-25 17:49:46.386,2496.85,124.37,79
2025-12-25 17:49:47.433,2497.90,122.35,80
2025-12-25 17:49:48.486,2498.95,121.95,81
2025-12-25 17:49:49.559,2500.03,127.30,80
2025-12-25 17:49:50.619,2501.09,128.84,79
2025-12-25 17:49:51.689,2502.16,140.11,78
2025-12-25 17:49:52.743,2503.21,139.53,79
2025-12-25 17:49:53.792,2504.26,139.41,79
2025-12-25 17:49:54.842,2505.31,140.16,78
2025-12-25 17:49:55.892,2506.36,139.87,78
2025-12-25 17:49:56.931,2507.40,141.10,77
2025-12-25 17:49:57.932,2508.40,142.08,77
2025-12-25 17:49:58.955,2509.42,139.94,79
2025-12-25 17:49:59.978,2510.44,136.35,79
2025-12-25 17:50:01.025,2511.49,136.24,80
2025-12-25 17:50:02.062,2512.53,138.44,77
2025-12-25 17:50:03.106,2513.57,149.02,79
2025-12-25 17:50:04.154,2514.62,148.33,76
2025-12-25 17:50:05.182,2515.65,154.92,77
2025-12-25 17:50:06.216,2516.68,154.36,76
2025-12-25 17:50:07.258,2517.72,156.60,75
