Timestamp,Heart Rate (BPM),Prosody Level Applied,Reference HR
2025-12-25 15:50:58.270522,94,1.00,85
2025-12-25 15:50:59.273484,94,1.00,85
2025-12-25 15:51:00.276709,94,1.00,85
2025-12-25 15:51:01.279318,94,1.00,85
2025-12-25 15:51:02.281609,94,1.00,85
2025-12-25 15:51:03.284987,94,1.00,85
2025-12-25 15:51:04.288431,95,1.00,85
2025-12-25 15:51:05.291301,95,1.00,85
2025-12-25 15:51:06.244048,95,1.00,85
2025-12-25 15:51:07.251909,95,1.00,85
2025-12-25 15:51:08.254414,96,1.00,85
2025-12-25 15:51:09.257349,96,1.00,85
2025-12-25 15:51:10.259636,96,1.00,85
2025-12-25 15:51:11.262392,96,1.00,85
2025-12-25 15:51:12.265072,95,1.00,85
2025-12-25 15:51:13.267598,95,1.00,85
2025-12-25 15:51:14.319376,94,1.00,85
2025-12-25 15:51:17.154315,94,1.00,85
2025-12-25 15:51:17.204506,93,1.00,85
2025-12-25 15:51:17.254675,92,1.00,85
2025-12-25 15:51:18.274938,91,1.00,85
2025-12-25 15:51:19.277536,91,1.00,85
2025-12-25 15:51:20.280557,90,1.00,85
2025-12-25 15:51:21.282338,90,1.00,85
2025-12-25 15:51:22.284658,90,1.00,85
2025-12-25 15:51:23.287083,89,1.00,85
2025-12-25 15:51:24.288916,89,1.00,85
2025-12-25 15:51:25.241404,89,1.00,85
2025-12-25 15:51:26.243067,90,1.00,85
2025-12-25 15:51:27.245852,90,1.00,85
2025-12-25 15:51:28.247528,91,1.00,85
2025-12-25 15:51:29.249407,92,1.00,85
2025-12-25 15:51:30.251215,93,1.00,85
2025-12-25 15:51:31.252818,94,1.00,85
2025-12-25 15:51:32.254234,95,1.00,85
2025-12-25 15:51:33.255597,95,1.00,85
2025-12-25 15:51:34.257443,95,1.00,85
2025-12-25 15:51:35.258927,95,1.00,85
2025-12-25 15:51:36.260305,96,1.00,85
2025-12-25 15:51:37.261896,96,1.00,85
2025-12-25 15:51:38.263349,96,1.00,85
2025-12-25 15:51:39.265604,96,1.00,85
2025-12-25 15:51:40.267872,97,1.00,85
2025-12-25 15:51:41.269804,98,1.00,85
2025-12-25 15:51:42.271535,98,1.00,85
2025-12-25 15:51:43.273981,99,1.00,85
2025-12-25 15:51:44.277146,99,1.00,85
2025-12-25 15:51:45.279871,100,1.00,85
2025-12-25 15:51:46.282224,99,1.00,85
2025-12-25 15:51:47.284003,99,1.00,85
2025-12-25 15:51:48.286307,99,1.00,85
2025-12-25 15:51:49.238080,98,1.00,85
2025-12-25 15:51:50.289971,97,1.00,85
2025-12-25 15:51:51.292327,96,1.00,85
2025-12-25 15:51:52.244601,95,1.00,85
2025-12-25 15:51:53.247506,95,1.00,85
2025-12-25 15:51:54.250817,95,1.00,85
2025-12-25 15:51:55.253944,94,1.00,85
2025-12-25 15:51:56.256668,93,1.00,85
2025-12-25 15:51:57.259264,92,1.00,85
2025-12-25 15:51:58.261683,92,1.00,85
2025-12-25 15:51:59.264005,92,1.00,85
2025-12-25 15:52:00.266385,91,1.00,85
2025-12-25 15:52:01.268914,91,1.00,85
2025-12-25 15:52:02.270608,91,1.00,85
2025-12-25 15:52:03.272515,91,1.00,85
2025-12-25 15:52:04.274423,91,1.00,85
2025-12-25 15:52:05.276363,91,1.00,85
2025-12-25 15:52:06.278570,91,1.00,85
2025-12-25 15:52:07.281271,91,1.00,85
2025-12-25 15:52:08.284053,90,1.00,85
2025-12-25 15:52:09.286799,90,1.00,85
2025-12-25 15:52:10.239100,90,1.00,85
2025-12-25 15:52:11.291338,90,1.00,85
2025-12-25 15:52:12.293764,90,1.00,85
2025-12-25 15:52:13.296273,90,1.00,85
2025-12-25 15:52:14.298931,90,1.00,85
2025-12-25 15:52:15.251542,90,1.00,85
2025-12-25 15:52:16.254173,91,1.00,85
2025-12-25 15:52:17.256746,91,1.00,85
2025-12-25 15:52:18.259238,90,1.00,85
2025-12-25 15:52:19.262082,90,1.00,85
2025-12-25 15:52:20.264919,89,1.00,85
2025-12-25 15:52:21.267308,89,1.00,85
2025-12-25 15:52:22.269499,88,1.00,85
2025-12-25 15:52:23.271900,88,1.00,85
2025-12-25 15:52:24.273970,88,1.00,85
2025-12-25 15:52:25.275941,89,1.00,85
2025-12-25 15:52:26.279067,89,1.00,85
2025-12-25 15:52:27.282124,89,1.00,85
2025-12-25 15:52:28.285163,90,1.00,85
2025-12-25 15:52:29.288132,90,1.00,85
2025-12-25 15:52:30.291030,90,1.00,85
2025-12-25 15:52:31.243175,91,1.00,85
2025-12-25 15:52:32.246115,91,1.00,85
2025-12-25 15:52:33.248634,91,1.00,85
2025-12-25 15:52:34.251155,92,1.00,85
2025-12-25 15:52:35.254158,92,1.00,85
2025-12-25 15:52:36.258423,92,1.00,85
2025-12-25 15:52:37.262532,92,1.00,85
2025-12-25 15:52:38.266852,91,1.00,85
2025-12-25 15:52:39.269503,91,1.00,85
2025-12-25 15:52:40.271927,91,1.00,85
2025-12-25 15:52:41.273741,91,1.00,85
2025-12-25 15:52:42.275453,91,1.00,85
2025-12-25 15:52:43.277086,92,1.00,85
2025-12-25 15:52:44.279390,92,1.00,85
2025-12-25 15:52:45.282314,92,1.00,85
2025-12-25 15:52:46.284807,92,1.00,85
2025-12-25 15:52:47.287734,92,1.00,85
2025-12-25 15:52:48.290306,92,1.00,85
2025-12-25 15:52:49.242606,92,1.00,85
2025-12-25 15:52:50.295086,92,1.00,85
2025-12-25 15:52:51.247892,92,1.00,85
2025-12-25 15:52:52.300917,92,1.00,85
2025-12-25 15:52:53.253086,92,1.00,85
2025-12-25 15:52:54.255850,92,1.00,85
2025-12-25 15:52:55.258883,92,1.00,85
2025-12-25 15:52:56.261140,92,1.00,85
2025-12-25 15:52:57.263176,92,1.00,85
2025-12-25 15:52:58.265716,92,1.00,85
2025-12-25 15:52:59.268041,92,1.00,85
2025-12-25 15:53:00.270618,93,1.00,85
2025-12-25 15:53:01.272616,93,1.00,85
2025-12-25 15:53:02.274409,93,1.00,85
2025-12-25 15:53:03.276174,93,1.00,85
2025-12-25 15:53:04.278703,93,1.00,85
2025-12-25 15:53:05.281506,93,1.00,85
2025-12-25 15:53:06.284105,93,1.00,85
2025-12-25 15:53:07.286645,93,1.00,85
2025-12-25 15:53:08.289225,92,1.00,85
2025-12-25 15:53:09.291884,92,1.00,85
2025-12-25 15:53:10.294384,92,1.00,85
2025-12-25 15:53:11.246929,92,1.00,85
2025-12-25 15:53:12.249402,92,1.00,85
2025-12-25 15:53:13.251400,92,1.00,85
2025-12-25 15:53:14.253400,92,1.00,85
2025-12-25 15:53:15.255862,92,1.00,85
2025-12-25 15:53:16.258087,92,1.00,85
2025-12-25 15:53:17.260495,92,1.00,85
2025-12-25 15:53:18.262446,92,1.00,85
2025-12-25 15:53:19.264236,92,1.00,85
2025-12-25 15:53:20.266428,92,1.00,85
2025-12-25 15:53:21.268290,92,1.00,85
2025-12-25 15:53:22.270306,91,1.00,85
2025-12-25 15:53:23.272301,91,1.00,85
2025-12-25 15:53:24.274370,91,1.00,85
2025-12-25 15:53:25.276722,90,1.00,85
2025-12-25 15:53:26.280355,91,1.00,85
2025-12-25 15:53:27.282619,91,1.00,85
2025-12-25 15:53:28.285305,92,1.00,85
2025-12-25 15:53:29.237622,93,1.00,85
2025-12-25 15:53:30.289512,93,1.00,85
2025-12-25 15:53:31.241276,92,1.00,85
2025-12-25 15:53:32.242964,92,1.00,85
2025-12-25 15:53:33.294695,92,1.00,85
2025-12-25 15:53:34.246170,92,1.00,85
2025-12-25 15:53:35.247697,93,1.00,85
2025-12-25 15:53:36.249235,93,1.00,85
2025-12-25 15:53:37.251749,93,1.00,85
2025-12-25 15:53:38.253805,93,1.00,85
2025-12-25 15:53:39.255758,93,1.00,85
2025-12-25 15:53:40.258098,94,1.00,85
2025-12-25 15:53:41.261058,94,1.00,85
2025-12-25 15:53:42.263936,94,1.00,85
2025-12-25 15:53:43.266640,94,1.00,85
2025-12-25 15:53:44.269355,94,1.00,85
2025-12-25 15:53:45.272050,94,1.00,85
2025-12-25 15:53:46.275069,93,1.00,85
2025-12-25 15:53:47.277927,93,1.00,85
2025-12-25 15:53:48.280701,93,1.00,85
2025-12-25 15:53:49.283360,93,1.00,85
2025-12-25 15:53:50.235958,92,1.00,85
2025-12-25 15:53:51.289185,92,1.00,85
2025-12-25 15:53:52.241856,91,1.00,85
2025-12-25 15:53:53.244350,91,1.00,85
2025-12-25 15:53:54.297179,90,1.00,85
2025-12-25 15:53:55.249261,90,1.00,85
2025-12-25 15:53:56.251959,90,1.00,85
2025-12-25 15:53:57.254284,90,1.00,85
2025-12-25 15:53:58.256567,91,1.00,85
2025-12-25 15:53:59.259191,91,1.00,85
2025-12-25 15:54:00.261804,92,1.00,85
2025-12-25 15:54:01.264631,93,1.00,85
2025-12-25 15:54:02.268036,94,1.00,85
2025-12-25 15:54:03.270478,95,1.00,85
2025-12-25 15:54:04.273027,95,1.00,85
2025-12-25 15:54:05.275797,95,1.00,85
2025-12-25 15:54:06.278626,95,1.00,85
2025-12-25 15:54:07.281998,95,1.00,85
2025-12-25 15:54:08.284771,95,1.00,85
2025-12-25 15:54:09.287154,95,1.00,85
2025-12-25 15:54:10.289794,95,1.00,85
2025-12-25 15:54:11.250577,95,1.00,85
2025-12-25 15:54:12.254177,95,1.00,85
2025-12-25 15:54:13.257119,94,1.00,85
2025-12-25 15:54:14.259209,94,1.00,85
2025-12-25 15:54:15.311958,94,1.00,85
2025-12-25 15:54:16.264832,94,1.00,85
2025-12-25 15:54:17.269234,94,1.00,85
2025-12-25 15:54:18.272874,94,1.00,85
2025-12-25 15:54:19.275912,94,1.00,85
2025-12-25 15:54:20.279117,94,1.00,85
2025-12-25 15:54:21.282822,95,1.00,85
2025-12-25 15:54:22.285751,96,1.00,85
2025-12-25 15:54:23.237660,97,1.00,85
2025-12-25 15:54:24.289951,97,1.00,85
2025-12-25 15:54:25.241977,98,1.00,85
2025-12-25 15:54:26.244244,99,1.00,85
2025-12-25 15:54:27.247092,100,1.00,85
2025-12-25 15:54:28.249711,99,1.00,85
2025-12-25 15:54:29.252670,99,1.00,85
2025-12-25 15:54:30.255273,98,1.00,85
2025-12-25 15:54:31.257943,98,1.00,85
2025-12-25 15:54:32.260752,98,1.00,85
2025-12-25 15:54:33.263357,97,1.00,85
2025-12-25 15:54:34.265793,96,1.00,85
2025-12-25 15:54:35.268370,96,1.00,85
2025-12-25 15:54:36.270902,96,1.00,85
2025-12-25 15:54:37.273263,96,1.00,85
2025-12-25 15:54:38.276079,96,1.00,85
2025-12-25 15:54:39.278781,96,1.00,85
2025-12-25 15:54:40.281526,95,1.00,85
2025-12-25 15:54:41.284432,95,1.00,85
2025-12-25 15:54:42.287187,95,1.00,85
2025-12-25 15:54:43.239445,95,1.00,85
2025-12-25 15:54:44.241527,95,1.00,85
2025-12-25 15:54:45.244058,95,1.00,85
2025-12-25 15:54:46.246774,94,1.00,85
2025-12-25 15:54:47.249463,94,1.00,85
2025-12-25 15:54:48.301992,94,1.00,85
2025-12-25 15:54:49.254283,94,1.00,85
2025-12-25 15:54:50.256501,94,1.00,85
2025-12-25 15:54:51.259089,95,1.00,85
2025-12-25 15:54:52.261828,95,1.00,85
2025-12-25 15:54:53.264200,96,1.00,85
2025-12-25 15:54:54.266940,95,1.00,85
2025-12-25 15:54:55.269225,95,1.00,85
2025-12-25 15:54:56.271668,95,1.00,85
2025-12-25 15:54:57.273988,96,1.00,85
2025-12-25 15:54:58.276335,97,1.00,85
2025-12-25 15:54:59.279057,97,1.00,85
2025-12-25 15:55:00.281859,98,1.00,85
2025-12-25 15:55:01.284802,98,1.00,85
2025-12-25 15:55:02.237294,98,1.00,85
2025-12-25 15:55:03.290291,98,1.00,85
2025-12-25 15:55:04.242757,98,1.00,85
2025-12-25 15:55:05.245330,97,1.00,85
2025-12-25 15:55:06.247920,97,1.00,85
2025-12-25 15:55:07.250448,97,1.00,85
2025-12-25 15:55:08.252876,96,1.00,85
2025-12-25 15:55:09.255517,96,1.00,85
2025-12-25 15:55:10.257812,96,1.00,85
2025-12-25 15:55:11.260388,95,1.00,85
2025-12-25 15:55:12.262636,95,1.00,85
2025-12-25 15:55:13.265136,94,1.00,85
2025-12-25 15:55:14.267781,94,1.00,85
2025-12-25 15:55:15.270519,94,1.00,85
2025-12-25 15:55:16.273264,94,1.00,85
2025-12-25 15:55:17.275548,94,1.00,85
2025-12-25 15:55:18.278033,94,1.00,85
2025-12-25 15:55:19.280895,94,1.00,85
2025-12-25 15:55:20.283469,94,1.00,85
2025-12-25 15:55:21.286223,94,1.00,85
2025-12-25 15:55:22.288732,95,1.00,85
2025-12-25 15:55:23.291322,95,1.00,85
2025-12-25 15:55:24.243813,95,1.00,85
2025-12-25 15:55:25.247477,96,1.00,85
2025-12-25 15:55:26.250262,96,1.00,85
2025-12-25 15:55:27.253000,96,1.00,85
2025-12-25 15:55:28.255485,95,1.00,85
2025-12-25 15:55:29.259576,95,1.00,85
2025-12-25 15:55:30.262122,95,1.00,85
2025-12-25 15:55:31.264398,94,1.00,85
2025-12-25 15:55:32.266682,94,1.00,85
2025-12-25 15:55:33.268423,94,1.00,85
2025-12-25 15:55:34.270271,94,1.00,85
2025-12-25 15:55:35.272871,94,1.00,85
2025-12-25 15:55:36.275799,94,1.00,85
2025-12-25 15:55:37.277798,94,1.00,85
2025-12-25 15:55:38.279620,94,1.00,85
2025-12-25 15:55:39.281451,94,1.00,85
2025-12-25 15:55:40.283314,93,1.00,85
2025-12-25 15:55:41.285575,93,1.00,85
2025-12-25 15:55:42.287501,93,1.00,85
2025-12-25 15:55:43.289373,93,1.00,85
2025-12-25 15:55:44.241118,93,1.00,85
2025-12-25 15:55:45.242984,93,1.00,85
2025-12-25 15:55:46.217851,93,1.00,85
2025-12-25 15:55:46.267801,93,1.00,85
2025-12-25 15:55:47.271151,93,1.00,85
2025-12-25 15:55:48.273717,92,1.00,85
2025-12-25 15:55:49.276713,92,1.00,85
2025-12-25 15:55:50.279752,92,1.00,85
2025-12-25 15:55:51.282591,91,1.00,85
2025-12-25 15:55:52.285303,91,1.00,85
2025-12-25 15:55:53.237938,90,1.00,85
2025-12-25 15:55:54.290900,90,1.00,85
2025-12-25 15:55:55.232740,90,1.00,85
2025-12-25 15:55:55.281953,90,1.00,85
2025-12-25 15:55:56.286293,90,1.00,85
2025-12-25 15:55:57.288546,90,1.00,85
2025-12-25 15:55:58.291603,90,1.00,85
2025-12-25 15:55:59.245307,91,1.00,85
2025-12-25 15:56:00.298851,92,1.00,85
2025-12-25 15:56:01.252226,92,1.00,85
2025-12-25 15:56:02.254879,93,1.00,85
2025-12-25 15:56:03.258099,93,1.00,85
2025-12-25 15:56:04.311492,94,1.00,85
2025-12-25 15:56:05.264293,94,1.00,85
2025-12-25 15:56:06.267316,94,1.00,85
2025-12-25 15:56:07.270547,94,1.00,85
2025-12-25 15:56:08.273107,94,1.00,85
2025-12-25 15:56:09.275409,93,1.00,85
2025-12-25 15:56:10.278439,92,1.00,85
2025-12-25 15:56:11.264262,91,1.00,85
2025-12-25 15:56:12.271184,90,1.00,85
2025-12-25 15:56:12.901745,90,1.00,85
2025-12-25 15:56:13.274650,89,1.00,85
2025-12-25 15:56:14.278644,89,1.00,85
2025-12-25 15:56:15.280824,88,1.00,85
2025-12-25 15:56:16.283274,89,1.00,85
2025-12-25 15:56:17.286330,90,1.00,85
2025-12-25 15:56:18.289269,91,1.00,85
2025-12-25 15:56:19.241566,92,1.00,85
2025-12-25 15:56:20.244596,93,1.00,85
2025-12-25 15:56:21.297757,94,1.00,85
2025-12-25 15:56:22.250154,94,1.00,85
2025-12-25 15:56:23.288621,95,1.00,85
2025-12-25 15:56:24.291869,95,1.00,85
2025-12-25 15:56:25.121922,95,1.00,85
2025-12-25 15:56:25.295118,95,1.00,85
2025-12-25 15:56:26.251732,95,1.00,85
2025-12-25 15:56:27.256266,95,1.00,85
2025-12-25 15:56:28.258997,96,1.00,85
2025-12-25 15:56:29.262033,97,1.00,85
2025-12-25 15:56:30.264952,96,1.00,85
2025-12-25 15:56:31.269691,95,1.00,85
2025-12-25 15:56:32.274995,95,1.00,85
2025-12-25 15:56:33.278800,95,1.00,85
2025-12-25 15:56:34.282120,94,1.00,85
2025-12-25 15:56:35.285384,94,1.00,85
2025-12-25 15:56:36.238519,94,1.00,85
2025-12-25 15:56:37.241414,93,1.00,85
2025-12-25 15:56:38.294388,94,1.00,85
2025-12-25 15:56:39.247033,94,1.00,85
2025-12-25 15:56:40.250257,95,1.00,85
2025-12-25 15:56:41.253042,96,1.00,85
2025-12-25 15:56:42.281375,97,1.00,85
2025-12-25 15:56:43.284041,98,1.00,85
2025-12-25 15:56:43.428257,98,1.00,85
2025-12-25 15:56:44.291555,98,1.00,85
2025-12-25 15:56:45.249419,99,1.00,85
2025-12-25 15:56:46.254064,99,1.00,85
2025-12-25 15:56:47.257640,100,1.00,85
2025-12-25 15:56:48.260359,100,1.00,85
2025-12-25 15:56:49.262650,101,1.00,85
2025-12-25 15:56:50.264915,101,1.00,85
2025-12-25 15:56:51.268177,102,1.00,85
2025-12-25 15:56:52.271541,101,1.00,85
2025-12-25 15:56:53.274222,101,1.00,85
2025-12-25 15:56:54.277405,100,1.00,85
2025-12-25 15:56:55.280764,99,1.00,85
2025-12-25 15:56:56.283984,98,1.00,85
2025-12-25 15:56:57.237777,98,1.00,85
2025-12-25 15:56:58.241675,98,1.00,85
2025-12-25 15:56:59.287097,97,1.00,85
2025-12-25 15:57:00.290168,98,1.00,85
2025-12-25 15:57:00.390007,98,1.00,85
2025-12-25 15:57:01.245533,99,1.00,85
2025-12-25 15:57:02.249898,99,1.00,85
2025-12-25 15:57:03.252912,100,1.00,85
2025-12-25 15:57:04.256129,101,1.00,85
2025-12-25 15:57:05.259049,102,1.00,85
2025-12-25 15:57:06.261882,101,1.00,85
2025-12-25 15:57:07.264959,101,1.00,85
2025-12-25 15:57:08.267576,100,1.00,85
2025-12-25 15:57:09.270688,99,1.00,85
2025-12-25 15:57:10.273182,98,1.00,85
2025-12-25 15:57:11.276452,98,1.00,85
2025-12-25 15:57:12.279812,97,1.00,85
2025-12-25 15:57:13.283106,97,1.00,85
2025-12-25 15:57:14.286033,97,1.00,85
2025-12-25 15:57:15.289008,97,1.00,85
2025-12-25 15:57:16.242004,96,1.00,85
2025-12-25 15:57:17.295540,96,1.00,85
2025-12-25 15:57:18.249579,97,1.00,85
2025-12-25 15:57:19.252463,97,1.00,85
2025-12-25 15:57:20.255158,99,1.00,85
2025-12-25 15:57:21.257892,99,1.00,85
2025-12-25 15:57:22.261139,100,1.00,85
2025-12-25 15:57:23.264356,100,1.00,85
2025-12-25 15:57:24.247924,100,1.00,85
2025-12-25 15:57:25.251346,100,1.00,85
2025-12-25 15:57:26.254723,100,1.00,85
2025-12-25 15:57:27.257876,100,1.00,85
2025-12-25 15:57:27.478744,100,1.00,85
2025-12-25 15:57:28.262676,100,1.00,85
2025-12-25 15:57:29.269285,100,1.00,85
2025-12-25 15:57:30.273129,100,1.00,85
2025-12-25 15:57:31.276092,99,1.00,85
2025-12-25 15:57:32.278584,98,1.00,85
2025-12-25 15:57:33.280834,97,1.00,85
2025-12-25 15:57:34.283285,96,1.00,85
2025-12-25 15:57:35.285758,95,1.00,85
2025-12-25 15:57:36.238507,94,1.00,85
2025-12-25 15:57:37.241252,93,1.00,85
2025-12-25 15:57:38.294036,93,1.00,85
2025-12-25 15:57:39.247025,93,1.00,85
2025-12-25 15:57:40.300235,93,1.00,85
2025-12-25 15:57:41.253666,93,1.00,85
2025-12-25 15:57:43.329308,94,1.00,85
2025-12-25 15:57:43.379572,94,1.00,85
2025-12-25 15:57:44.281349,94,1.00,85
2025-12-25 15:57:45.283393,94,1.00,85
2025-12-25 15:57:46.249814,95,1.00,85
2025-12-25 15:57:47.253148,95,1.00,85
2025-12-25 15:57:48.255153,95,1.00,85
2025-12-25 15:57:49.256993,95,1.00,85
2025-12-25 15:57:50.258831,96,1.00,85
2025-12-25 15:57:51.260648,97,1.00,85
2025-12-25 15:57:52.262333,97,1.00,85
2025-12-25 15:57:53.263919,97,1.00,85
2025-12-25 15:57:54.265991,97,1.00,85
2025-12-25 15:57:55.268103,96,1.00,85
2025-12-25 15:57:56.270158,95,1.00,85
2025-12-25 15:57:57.271896,95,1.00,85
2025-12-25 15:57:58.273925,94,1.00,85
2025-12-25 15:57:59.275674,93,1.00,85
2025-12-25 15:58:00.277958,93,1.00,85
2025-12-25 15:58:01.280539,92,1.00,85
2025-12-25 15:58:02.283392,92,1.00,85
2025-12-25 15:58:03.285854,91,1.00,85
2025-12-25 15:58:04.288701,91,1.00,85
2025-12-25 15:58:05.241133,90,1.00,85
2025-12-25 15:58:06.243412,90,1.00,85
2025-12-25 15:58:07.245644,91,1.00,85
2025-12-25 15:58:08.248446,90,1.00,85
2025-12-25 15:58:09.251190,90,1.00,85
2025-12-25 15:58:10.253212,91,1.00,85
2025-12-25 15:58:11.255685,91,1.00,85
2025-12-25 15:58:12.258640,91,1.00,85
2025-12-25 15:58:13.260546,92,1.00,85
2025-12-25 15:58:14.263417,92,1.00,85
2025-12-25 15:58:15.266063,93,1.00,85
2025-12-25 15:58:16.268329,94,1.00,85
2025-12-25 15:58:17.270008,95,1.00,85
2025-12-25 15:58:18.271876,95,1.00,85
2025-12-25 15:58:19.273599,95,1.00,85
2025-12-25 15:58:20.275272,95,1.00,85
2025-12-25 15:58:21.276939,94,1.00,85
2025-12-25 15:58:22.278679,94,1.00,85
2025-12-25 15:58:23.280513,94,1.00,85
2025-12-25 15:58:24.282537,93,1.00,85
2025-12-25 15:58:25.284557,92,1.00,85
2025-12-25 15:58:26.286559,91,1.00,85
2025-12-25 15:58:27.288521,90,1.00,85
2025-12-25 15:58:28.290552,89,1.00,85
2025-12-25 15:58:29.292444,89,1.00,85
2025-12-25 15:58:30.244411,88,1.00,85
2025-12-25 15:58:31.296963,88,1.00,85
2025-12-25 15:58:32.248741,87,1.00,85
2025-12-25 15:58:33.300968,86,1.00,85
2025-12-25 15:58:34.252751,85,1.00,85
2025-12-25 15:58:35.254950,85,1.00,85
2025-12-25 15:58:36.256923,85,1.00,85
2025-12-25 15:58:37.258843,85,1.00,85
2025-12-25 15:58:38.260636,85,1.00,85
2025-12-25 15:58:39.262224,85,1.00,85
2025-12-25 15:58:40.264810,85,1.00,85
2025-12-25 15:58:41.267463,85,1.00,85
2025-12-25 15:58:42.270018,85,1.00,85
2025-12-25 15:58:43.272798,85,1.00,85
2025-12-25 15:58:44.275583,85,1.00,85
2025-12-25 15:58:45.278113,85,1.00,85
2025-12-25 15:58:46.280805,84,1.00,85
2025-12-25 15:58:47.283574,85,1.00,85
2025-12-25 15:58:48.235979,85,1.00,85
2025-12-25 15:58:49.288699,86,1.00,85
2025-12-25 15:58:50.290818,86,1.00,85
2025-12-25 15:58:51.242625,86,1.00,85
2025-12-25 15:58:52.244609,86,1.00,85
2025-12-25 15:58:53.246505,86,1.00,85
2025-12-25 15:58:54.248207,87,1.00,85
2025-12-25 15:58:55.249985,87,1.00,85
2025-12-25 15:58:56.252010,88,1.00,85
2025-12-25 15:58:57.253759,88,1.00,85
2025-12-25 15:58:58.255756,88,1.00,85
2025-12-25 15:58:59.258112,89,1.00,85
2025-12-25 15:59:00.260814,89,1.00,85
2025-12-25 15:59:01.263102,90,1.00,85
2025-12-25 15:59:02.265671,90,1.00,85
2025-12-25 15:59:03.268458,90,1.00,85
2025-12-25 15:59:04.271386,90,1.00,85
2025-12-25 15:59:05.274282,90,1.00,85
2025-12-25 15:59:06.277099,90,1.00,85
2025-12-25 15:59:07.279635,91,1.00,85
2025-12-25 15:59:08.282232,91,1.00,85
2025-12-25 15:59:09.285144,92,1.00,85
2025-12-25 15:59:10.287603,92,1.00,85
2025-12-25 15:59:11.240290,92,1.00,85
2025-12-25 15:59:12.243166,93,1.00,85
2025-12-25 15:59:13.245805,93,1.00,85
2025-12-25 15:59:14.248238,94,1.00,85
2025-12-25 15:59:15.250747,94,1.00,85
2025-12-25 15:59:16.253102,94,1.00,85
2025-12-25 15:59:17.255228,94,1.00,85
2025-12-25 15:59:18.257720,93,1.00,85
2025-12-25 15:59:19.260499,92,1.00,85
2025-12-25 15:59:20.262300,91,1.00,85
2025-12-25 15:59:21.264776,91,1.00,85
2025-12-25 15:59:22.267419,92,1.00,85
2025-12-25 15:59:23.270001,92,1.00,85
2025-12-25 15:59:24.272582,92,1.00,85
2025-12-25 15:59:25.274670,91,1.00,85
2025-12-25 15:59:26.276649,91,1.00,85
2025-12-25 15:59:27.279311,91,1.00,85
2025-12-25 15:59:28.281524,90,1.00,85
2025-12-25 15:59:29.283956,89,1.00,85
2025-12-25 15:59:30.286605,88,1.00,85
2025-12-25 15:59:31.289143,88,1.00,85
2025-12-25 15:59:32.241758,88,1.00,85
2025-12-25 15:59:33.244618,88,1.00,85
2025-12-25 15:59:34.247497,88,1.00,85
2025-12-25 15:59:35.249919,88,1.00,85
2025-12-25 15:59:36.252656,87,1.00,85
2025-12-25 15:59:37.305221,86,1.00,85
2025-12-25 15:59:38.257847,85,1.00,85
2025-12-25 15:59:39.260687,85,1.00,85
2025-12-25 15:59:40.263420,86,1.00,85
2025-12-25 15:59:41.266064,86,1.00,85
2025-12-25 15:59:42.268643,87,1.00,85
2025-12-25 15:59:43.271355,87,1.00,85
2025-12-25 15:59:44.273893,88,1.00,85
2025-12-25 15:59:45.276807,89,1.00,85
2025-12-25 15:59:46.279390,91,1.00,85
2025-12-25 15:59:47.282133,92,1.00,85
2025-12-25 15:59:48.284255,93,1.00,85
2025-12-25 15:59:49.236782,94,1.00,85
2025-12-25 15:59:50.289267,94,1.00,85
2025-12-25 15:59:51.241261,94,1.00,85
2025-12-25 15:59:52.243142,93,1.00,85
2025-12-25 15:59:53.245006,92,1.00,85
2025-12-25 15:59:54.296955,92,1.00,85
2025-12-25 15:59:55.249703,92,1.00,85
2025-12-25 15:59:56.302426,92,1.00,85
2025-12-25 15:59:57.254897,92,1.00,85
2025-12-25 15:59:58.257289,92,1.00,85
2025-12-25 15:59:59.259996,92,1.00,85
2025-12-25 16:00:00.262682,93,1.00,85
2025-12-25 16:00:01.265347,93,1.00,85
2025-12-25 16:00:02.268134,93,1.00,85
2025-12-25 16:00:03.270579,93,1.00,85
2025-12-25 16:00:04.272844,94,1.00,85
2025-12-25 16:00:05.275671,95,1.00,85
2025-12-25 16:00:06.278971,96,1.00,85
2025-12-25 16:00:07.281775,97,1.00,85
2025-12-25 16:00:08.284386,98,1.00,85
2025-12-25 16:00:09.286757,98,1.00,85
2025-12-25 16:00:10.289323,97,1.00,85
2025-12-25 16:00:11.241563,96,1.00,85
2025-12-25 16:00:12.244034,95,1.00,85
2025-12-25 16:00:13.297021,95,1.00,85
2025-12-25 16:00:14.249638,94,1.00,85
2025-12-25 16:00:15.252363,93,1.00,85
2025-12-25 16:00:16.254964,92,1.00,85
2025-12-25 16:00:17.257036,92,1.00,85
2025-12-25 16:00:18.259178,92,1.00,85
2025-12-25 16:00:19.261333,92,1.00,85
2025-12-25 16:00:20.263434,92,1.00,85
2025-12-25 16:00:21.265545,92,1.00,85
2025-12-25 16:00:22.267906,91,1.00,85
2025-12-25 16:00:23.270691,91,1.00,85
2025-12-25 16:00:24.272722,91,1.00,85
2025-12-25 16:00:25.275040,90,1.00,85
2025-12-25 16:00:26.277478,91,1.00,85
2025-12-25 16:00:27.279934,91,1.00,85
2025-12-25 16:00:28.282376,92,1.00,85
2025-12-25 16:00:29.284364,92,1.00,85
2025-12-25 16:00:30.286330,92,1.00,85
2025-12-25 16:00:31.238495,92,1.00,85
2025-12-25 16:00:32.240295,92,1.00,85
2025-12-25 16:00:33.292263,92,1.00,85
2025-12-25 16:00:34.244240,93,1.00,85
2025-12-25 16:00:35.246912,94,1.00,85
2025-12-25 16:00:36.255702,95,1.00,85
2025-12-25 16:00:37.257909,95,1.00,85
2025-12-25 16:00:38.260304,95,1.00,85
2025-12-25 16:00:39.261977,95,1.00,85
2025-12-25 16:00:40.264090,94,1.00,85
2025-12-25 16:00:41.266376,94,1.00,85
2025-12-25 16:00:42.268459,93,1.00,85
2025-12-25 16:00:43.270593,93,1.00,85
2025-12-25 16:00:44.273045,92,1.00,85
2025-12-25 16:00:45.275948,92,1.00,85
2025-12-25 16:00:46.278844,92,1.00,85
2025-12-25 16:00:47.281847,92,1.00,85
2025-12-25 16:00:48.284661,91,1.00,85
2025-12-25 16:00:49.237339,90,1.00,85
2025-12-25 16:00:50.290285,89,1.00,85
2025-12-25 16:00:51.242935,89,1.00,85
2025-12-25 16:00:52.295978,90,1.00,85
2025-12-25 16:00:53.248151,90,1.00,85
2025-12-25 16:00:54.249833,90,1.00,85
2025-12-25 16:00:55.251689,90,1.00,85
2025-12-25 16:00:56.254454,89,1.00,85
2025-12-25 16:00:57.257073,88,1.00,85
2025-12-25 16:00:58.259432,88,1.00,85
2025-12-25 16:00:59.261679,88,1.00,85
2025-12-25 16:01:00.263895,88,1.00,85
2025-12-25 16:01:01.265819,88,1.00,85
2025-12-25 16:01:02.267430,88,1.00,85
2025-12-25 16:01:03.269101,88,1.00,85
2025-12-25 16:01:04.270748,89,1.00,85
2025-12-25 16:01:05.272251,89,1.00,85
2025-12-25 16:01:06.273805,89,1.00,85
2025-12-25 16:01:07.275401,89,1.00,85
2025-12-25 16:01:08.278022,91,1.00,85
2025-12-25 16:01:09.280631,92,1.00,85
2025-12-25 16:01:10.283448,93,1.00,85
2025-12-25 16:01:11.285989,94,1.00,85
2025-12-25 16:01:12.288703,94,1.00,85
2025-12-25 16:01:13.240937,94,1.00,85
2025-12-25 16:01:14.293978,93,1.00,85
2025-12-25 16:01:15.247068,92,1.00,85
2025-12-25 16:01:16.249461,90,1.00,85
2025-12-25 16:01:17.301885,90,1.00,85
2025-12-25 16:01:18.254316,89,1.00,85
2025-12-25 16:01:19.307108,89,1.00,85
2025-12-25 16:01:20.259772,88,1.00,85
2025-12-25 16:01:21.262499,88,1.00,85
2025-12-25 16:01:22.264725,88,1.00,85
2025-12-25 16:01:23.267324,87,1.00,85
2025-12-25 16:01:24.270047,87,1.00,85
2025-12-25 16:01:25.272275,87,1.00,85
2025-12-25 16:01:25.565146,87,1.00,91
2025-12-25 16:01:26.274844,87,1.00,91
2025-12-25 16:01:27.277413,86,1.00,91
2025-12-25 16:01:28.279870,86,1.00,91
2025-12-25 16:01:29.282218,86,1.00,91
2025-12-25 16:01:30.285454,86,1.00,91
2025-12-25 16:01:31.237611,87,1.00,91
2025-12-25 16:01:32.289551,87,1.00,91
2025-12-25 16:01:33.241507,88,1.00,91
2025-12-25 16:01:34.243726,89,1.00,91
2025-12-25 16:01:35.246294,89,1.00,91
2025-12-25 16:01:36.249190,90,1.00,91
2025-12-25 16:01:37.251805,90,1.00,91
2025-12-25 16:01:38.254662,89,1.00,91
2025-12-25 16:01:39.257292,88,1.00,91
2025-12-25 16:01:40.259840,87,1.00,91
2025-12-25 16:01:41.262482,86,1.00,91
2025-12-25 16:01:42.265253,86,1.00,91
2025-12-25 16:01:43.267804,86,1.00,91
2025-12-25 16:01:44.269820,88,1.00,91
2025-12-25 16:01:45.271680,89,1.00,91
2025-12-25 16:01:46.274242,90,1.00,91
2025-12-25 16:01:47.276658,90,1.00,91
2025-12-25 16:01:48.279442,90,1.00,91
2025-12-25 16:01:49.282144,89,1.00,91
2025-12-25 16:01:50.284995,89,1.00,91
2025-12-25 16:01:51.287071,88,1.00,91
2025-12-25 16:01:52.288987,89,1.00,91
2025-12-25 16:01:53.290804,90,1.00,91
2025-12-25 16:01:54.243078,91,1.00,91
2025-12-25 16:01:55.245722,92,1.00,91
2025-12-25 16:01:56.248265,92,1.00,91
2025-12-25 16:01:57.250819,91,1.00,91
2025-12-25 16:01:58.253284,91,1.00,91
2025-12-25 16:01:59.255552,90,1.00,91
2025-12-25 16:02:00.257652,90,1.00,91
2025-12-25 16:02:01.259575,90,1.00,91
2025-12-25 16:02:02.262245,91,1.00,91
2025-12-25 16:02:03.265067,91,1.00,91
2025-12-25 16:02:04.267211,92,1.00,91
2025-12-25 16:02:05.269556,92,1.00,91
2025-12-25 16:02:06.271702,92,1.00,91
2025-12-25 16:02:07.274403,92,1.00,91
2025-12-25 16:02:08.277254,92,1.00,91
2025-12-25 16:02:09.280058,92,1.00,91
2025-12-25 16:02:10.282441,93,1.00,91
2025-12-25 16:02:11.284104,93,1.00,91
2025-12-25 16:02:12.286711,93,1.00,91
2025-12-25 16:02:13.238977,93,1.00,91
2025-12-25 16:02:14.241457,93,1.00,91
2025-12-25 16:02:15.243971,92,1.00,91
2025-12-25 16:02:16.246513,91,1.00,91
2025-12-25 16:02:17.249005,90,1.00,91
2025-12-25 16:02:18.251196,91,1.00,91
2025-12-25 16:02:19.253795,91,1.00,91
2025-12-25 16:02:20.256714,91,1.00,91
2025-12-25 16:02:21.259228,92,1.00,91
2025-12-25 16:02:22.262065,91,1.00,91
2025-12-25 16:02:23.264770,91,1.00,91
2025-12-25 16:02:24.266813,90,1.00,91
2025-12-25 16:02:25.269036,89,1.00,91
2025-12-25 16:02:26.271138,88,1.00,91
2025-12-25 16:02:27.273709,88,1.00,91
2025-12-25 16:02:28.276189,89,1.00,91
2025-12-25 16:02:29.279044,89,1.00,91
2025-12-25 16:02:30.281274,90,1.00,91
2025-12-25 16:02:31.283554,91,1.00,91
2025-12-25 16:02:32.285920,92,1.00,91
2025-12-25 16:02:33.238598,93,1.00,91
2025-12-25 16:02:34.241561,93,1.00,91
2025-12-25 16:02:35.294545,94,1.00,91
2025-12-25 16:02:36.247972,94,1.00,91
2025-12-25 16:02:37.250398,94,1.00,91
2025-12-25 16:02:38.254439,93,1.00,91
2025-12-25 16:02:39.261692,93,1.00,91
2025-12-25 16:02:40.264479,93,1.00,91
2025-12-25 16:02:41.266825,93,1.00,91
2025-12-25 16:02:42.269535,92,1.00,91
2025-12-25 16:02:43.272234,92,1.00,91
2025-12-25 16:02:44.243267,92,1.00,91
2025-12-25 16:02:45.247764,92,1.00,91
2025-12-25 16:02:46.251584,92,1.00,91
2025-12-25 16:02:47.254392,92,1.00,91
2025-12-25 16:02:48.259320,92,1.00,91
2025-12-25 16:02:49.284102,92,1.00,91
2025-12-25 16:02:50.244118,92,1.00,91
2025-12-25 16:02:51.265713,92,1.00,91
2025-12-25 16:02:52.248932,94,1.00,91
2025-12-25 16:02:53.260838,95,1.00,91
2025-12-25 16:02:54.258361,96,1.00,91
2025-12-25 16:02:55.332463,97,1.00,91
2025-12-25 16:02:56.276880,98,1.00,91
2025-12-25 16:02:57.292231,99,1.00,91
2025-12-25 16:02:58.252755,100,1.00,91
2025-12-25 16:02:59.297489,101,1.00,91
2025-12-25 16:03:00.280133,101,1.00,91
2025-12-25 16:03:01.282379,100,1.00,91
2025-12-25 16:03:02.288634,100,1.00,91
2025-12-25 16:03:03.301569,100,1.00,91
2025-12-25 16:03:04.241116,99,1.00,91
2025-12-25 16:03:05.280454,98,1.00,91
2025-12-25 16:03:06.270496,98,1.00,91
2025-12-25 16:03:07.293293,98,1.00,91
2025-12-25 16:03:08.261935,98,1.00,91
2025-12-25 16:03:09.250875,98,1.00,91
2025-12-25 16:03:10.288398,99,1.00,91
2025-12-25 16:03:11.285842,99,1.00,91
2025-12-25 16:03:12.253098,100,1.00,91
2025-12-25 16:03:13.285505,100,1.00,91
2025-12-25 16:03:14.278327,99,1.00,91
2025-12-25 16:03:15.269912,99,1.00,91
2025-12-25 16:03:16.251527,98,1.00,91
2025-12-25 16:03:17.238907,97,1.00,91
2025-12-25 16:03:18.292935,96,1.00,91
2025-12-25 16:03:19.296652,96,1.00,91
2025-12-25 16:03:20.287173,97,1.00,91
2025-12-25 16:03:21.282006,98,1.00,91
2025-12-25 16:03:22.281156,99,1.00,91
2025-12-25 16:03:23.296910,100,1.00,91
2025-12-25 16:03:24.265364,101,1.00,91
2025-12-25 16:03:25.248955,101,1.00,91
2025-12-25 16:03:26.318319,101,1.00,91
2025-12-25 16:03:27.258185,101,1.00,91
2025-12-25 16:03:28.286294,101,1.00,91
2025-12-25 16:03:29.240228,101,1.00,91
2025-12-25 16:03:30.330684,102,1.00,91
2025-12-25 16:03:31.291233,102,1.00,91
2025-12-25 16:03:32.249961,102,1.00,91
2025-12-25 16:03:33.268299,102,1.00,91
2025-12-25 16:03:34.299073,101,1.00,91
2025-12-25 16:03:35.256242,101,1.00,91
2025-12-25 16:03:36.288227,99,1.00,91
2025-12-25 16:03:37.254160,99,1.00,91
2025-12-25 16:03:38.296857,97,1.00,91
2025-12-25 16:03:39.277988,96,1.00,91
2025-12-25 16:03:40.260003,96,1.00,91
2025-12-25 16:03:41.236105,96,1.00,91
2025-12-25 16:03:42.284067,97,1.00,91
2025-12-25 16:03:43.264131,98,1.00,91
2025-12-25 16:03:44.242459,99,1.00,91
2025-12-25 16:03:45.306465,99,1.00,91
2025-12-25 16:03:46.256739,99,1.00,91
2025-12-25 16:03:47.285810,99,1.00,91
2025-12-25 16:03:48.248411,99,1.00,91
2025-12-25 16:03:49.296886,99,1.00,91
2025-12-25 16:03:50.312182,99,1.00,91
2025-12-25 16:03:51.274875,99,1.00,91
2025-12-25 16:03:52.334532,100,1.00,91
2025-12-25 16:03:53.291135,101,1.00,91
2025-12-25 16:03:54.307205,102,1.00,91
2025-12-25 16:03:55.248717,103,1.00,91
2025-12-25 16:03:56.254782,102,1.00,91
2025-12-25 16:03:57.272946,102,1.00,91
2025-12-25 16:03:58.276180,101,1.00,91
2025-12-25 16:03:59.299547,100,1.00,91
2025-12-25 16:04:00.313714,99,1.00,91
2025-12-25 16:04:01.257566,98,1.00,91
2025-12-25 16:04:02.272843,98,1.00,91
2025-12-25 16:04:03.281682,97,1.00,91
2025-12-25 16:04:04.291378,98,1.00,91
2025-12-25 16:04:05.303680,99,1.00,91
2025-12-25 16:04:06.252594,100,1.00,91
2025-12-25 16:04:07.305015,101,1.00,91
2025-12-25 16:04:08.290658,101,1.00,91
2025-12-25 16:04:09.291764,102,1.00,91
2025-12-25 16:04:10.293490,102,1.00,91
2025-12-25 16:04:11.291197,101,1.00,91
2025-12-25 16:04:12.287138,100,1.00,91
2025-12-25 16:04:13.288557,99,1.00,91
2025-12-25 16:04:14.301748,99,1.00,91
2025-12-25 16:04:15.310982,99,1.00,91
2025-12-25 16:04:16.272248,101,1.00,91
2025-12-25 16:04:17.241483,102,1.00,91
2025-12-25 16:04:18.275746,103,1.00,91
2025-12-25 16:04:19.302175,103,1.00,91
2025-12-25 16:04:20.260742,103,1.00,91
2025-12-25 16:04:21.315810,102,1.00,91
2025-12-25 16:04:22.237722,100,1.00,91
2025-12-25 16:04:23.248978,99,1.00,91
2025-12-25 16:04:24.287867,97,1.00,91
2025-12-25 16:04:25.251928,96,1.00,91
2025-12-25 16:04:26.287053,95,1.00,91
2025-12-25 16:04:27.251553,95,1.00,91
2025-12-25 16:04:28.289475,94,1.00,91
2025-12-25 16:04:29.275361,94,1.00,91
2025-12-25 16:04:30.254468,93,1.00,91
2025-12-25 16:04:31.248366,93,1.00,91
2025-12-25 16:04:32.295166,93,1.00,91
2025-12-25 16:04:33.272712,93,1.00,91
2025-12-25 16:04:34.265535,94,1.00,91
2025-12-25 16:04:35.263144,94,1.00,91
2025-12-25 16:04:36.279263,95,1.00,91
2025-12-25 16:04:37.259339,95,1.00,91
2025-12-25 16:04:38.290486,96,1.00,91
2025-12-25 16:04:39.249898,96,1.00,91
2025-12-25 16:04:40.284341,95,1.00,91
2025-12-25 16:04:41.306395,95,1.00,91
2025-12-25 16:04:42.265683,95,1.00,91
2025-12-25 16:04:43.291000,95,1.00,91
2025-12-25 16:04:44.246620,96,1.00,91
2025-12-25 16:04:45.370371,96,1.00,91
2025-12-25 16:04:46.246390,97,1.00,91
2025-12-25 16:04:47.291995,98,1.00,91
2025-12-25 16:04:48.278202,98,1.00,91
2025-12-25 16:04:49.257138,98,1.00,91
2025-12-25 16:04:50.300665,98,1.00,91
2025-12-25 16:04:51.298738,97,1.00,91
2025-12-25 16:04:52.298202,97,1.00,91
2025-12-25 16:04:53.295562,97,1.00,91
2025-12-25 16:04:54.295316,96,1.00,91
2025-12-25 16:04:55.296787,95,1.00,91
2025-12-25 16:04:56.300668,93,1.00,91
2025-12-25 16:04:57.297703,92,1.00,91
2025-12-25 16:04:58.298907,91,1.00,91
2025-12-25 16:04:59.235486,91,1.00,91
2025-12-25 16:05:00.308485,92,1.00,91
2025-12-25 16:05:01.238148,93,1.00,91
2025-12-25 16:05:02.304552,94,1.00,91
2025-12-25 16:05:03.253096,96,1.00,91
2025-12-25 16:05:04.298255,96,1.00,91
2025-12-25 16:05:05.283488,97,1.00,91
2025-12-25 16:05:06.267915,96,1.00,91
2025-12-25 16:05:07.260178,95,1.00,91
2025-12-25 16:05:08.247237,96,1.00,91
2025-12-25 16:05:09.260073,96,1.00,91
2025-12-25 16:05:10.259392,96,1.00,91
2025-12-25 16:05:11.263952,97,1.00,91
2025-12-25 16:05:12.252842,98,1.00,91
2025-12-25 16:05:13.256173,98,1.00,91
2025-12-25 16:05:14.258941,99,1.00,91
2025-12-25 16:05:15.258445,100,1.00,91
2025-12-25 16:05:16.264225,100,1.00,91
2025-12-25 16:05:17.278850,99,1.00,91
2025-12-25 16:05:18.285238,99,1.00,91
2025-12-25 16:05:19.293442,99,1.00,91
2025-12-25 16:05:20.265386,99,1.00,91
2025-12-25 16:05:21.378451,100,1.00,91
2025-12-25 16:05:22.308458,101,1.00,91
2025-12-25 16:05:23.267542,101,1.00,91
2025-12-25 16:05:24.299891,100,1.00,91
2025-12-25 16:05:25.260522,98,1.00,91
2025-12-25 16:05:26.292980,97,1.00,91
2025-12-25 16:05:27.315849,96,1.00,91
2025-12-25 16:05:28.262773,95,1.00,91
2025-12-25 16:05:29.296890,95,1.00,91
2025-12-25 16:05:30.269608,94,1.00,91
2025-12-25 16:05:31.250067,94,1.00,91
2025-12-25 16:05:32.301614,95,1.00,91
2025-12-25 16:05:33.273948,95,1.00,91
2025-12-25 16:05:34.263664,97,1.00,91
2025-12-25 16:05:35.277818,98,1.00,91
2025-12-25 16:05:36.279852,99,1.00,91
2025-12-25 16:05:37.295807,99,1.00,91
2025-12-25 16:05:38.307344,99,1.00,91
2025-12-25 16:05:39.245658,99,1.00,91
2025-12-25 16:05:40.263581,99,1.00,91
2025-12-25 16:05:41.275980,99,1.00,91
2025-12-25 16:05:42.290503,100,1.00,91
2025-12-25 16:05:43.295555,100,1.00,91
2025-12-25 16:05:44.296469,100,1.00,91
2025-12-25 16:05:45.297869,101,1.00,91
2025-12-25 16:05:46.305257,102,1.00,91
2025-12-25 16:05:47.235064,102,1.00,91
2025-12-25 16:05:48.242336,103,1.00,91
2025-12-25 16:05:49.319142,103,1.00,91
2025-12-25 16:05:50.313264,104,1.00,91
2025-12-25 16:05:51.301912,104,1.00,91
2025-12-25 16:05:52.314601,104,1.00,91
2025-12-25 16:05:53.263529,103,1.00,91
2025-12-25 16:05:54.280362,102,1.00,91
2025-12-25 16:05:55.288520,101,1.00,91
2025-12-25 16:05:56.315313,101,1.00,91
2025-12-25 16:05:57.287190,101,1.00,91
2025-12-25 16:05:58.304390,101,1.00,91
2025-12-25 16:05:59.238435,101,1.00,91
2025-12-25 16:06:00.262125,100,1.00,91
2025-12-25 16:06:01.284489,100,1.00,91
2025-12-25 16:06:02.294053,98,1.00,91
2025-12-25 16:06:03.294083,97,1.00,91
2025-12-25 16:06:04.299826,95,1.00,91
2025-12-25 16:06:05.289948,94,1.00,91
2025-12-25 16:06:06.282481,94,1.00,91
2025-12-25 16:06:07.274326,94,1.00,91
2025-12-25 16:06:08.287354,94,1.00,91
2025-12-25 16:06:09.306471,95,1.00,91
2025-12-25 16:06:10.262574,96,1.00,91
2025-12-25 16:06:11.303889,97,1.00,91
2025-12-25 16:06:12.292416,97,1.00,91
2025-12-25 16:06:13.291980,98,1.00,91
2025-12-25 16:06:14.276069,97,1.00,91
2025-12-25 16:06:15.316493,96,1.00,91
2025-12-25 16:06:16.290445,96,1.00,91
2025-12-25 16:06:17.281355,96,1.00,91
2025-12-25 16:06:18.253972,97,1.00,91
2025-12-25 16:06:19.298352,97,1.00,91
2025-12-25 16:06:20.276763,98,1.00,91
2025-12-25 16:06:21.243459,98,1.00,91
2025-12-25 16:06:22.289832,98,1.00,91
2025-12-25 16:06:23.292171,98,1.00,91
2025-12-25 16:06:24.286649,99,1.00,91
2025-12-25 16:06:25.274722,99,1.00,91
2025-12-25 16:06:26.236582,100,1.00,91
2025-12-25 16:06:27.260406,101,1.00,91
2025-12-25 16:06:28.257697,102,1.00,91
2025-12-25 16:06:29.254369,102,1.00,91
2025-12-25 16:06:30.265974,102,1.00,91
2025-12-25 16:06:31.258097,102,1.00,91
2025-12-25 16:06:32.237087,101,1.00,91
2025-12-25 16:06:33.234873,101,1.00,91
2025-12-25 16:06:34.313069,100,1.00,91
2025-12-25 16:06:35.248165,99,1.00,91
2025-12-25 16:06:36.244521,98,1.00,91
2025-12-25 16:06:37.247941,98,1.00,91
2025-12-25 16:06:38.249345,97,1.00,91
2025-12-25 16:06:39.261000,96,1.00,91
2025-12-25 16:06:40.266783,96,1.00,91
2025-12-25 16:06:41.278888,96,1.00,91
2025-12-25 16:06:42.254632,96,1.00,91
2025-12-25 16:06:43.248918,96,1.00,91
2025-12-25 16:06:44.323721,96,1.00,91
2025-12-25 16:06:45.246654,96,1.00,91
2025-12-25 16:06:46.250947,96,1.00,91
2025-12-25 16:06:47.252321,96,1.00,91
2025-12-25 16:06:48.257646,96,1.00,91
2025-12-25 16:06:49.239763,97,1.00,91
2025-12-25 16:06:50.310621,98,1.00,91
2025-12-25 16:06:51.340536,98,1.00,91
2025-12-25 16:06:52.246961,99,1.00,91
2025-12-25 16:06:53.244440,99,1.00,91
2025-12-25 16:06:54.243767,99,1.00,91
2025-12-25 16:06:55.316806,99,1.00,91
2025-12-25 16:06:56.237145,98,1.00,91
2025-12-25 16:06:57.293841,97,1.00,91
2025-12-25 16:06:58.291269,96,1.00,91
2025-12-25 16:06:59.307605,95,1.00,91
2025-12-25 16:07:00.257957,95,1.00,91
2025-12-25 16:07:01.289435,95,1.00,91
2025-12-25 16:07:02.237874,96,1.00,91
2025-12-25 16:07:03.257437,97,1.00,91
2025-12-25 16:07:04.267431,98,1.00,91
2025-12-25 16:07:05.259679,99,1.00,91
2025-12-25 16:07:06.278361,99,1.00,91
2025-12-25 16:07:07.266493,99,1.00,91
2025-12-25 16:07:08.274150,100,1.00,91
2025-12-25 16:07:09.284660,100,1.00,91
2025-12-25 16:07:10.285781,101,1.00,91
2025-12-25 16:07:11.278228,101,1.00,91
2025-12-25 16:07:12.277500,102,1.00,91
2025-12-25 16:07:13.282079,103,1.00,91
2025-12-25 16:07:14.285974,104,1.00,91
2025-12-25 16:07:15.290661,104,1.00,91
2025-12-25 16:07:16.311497,104,1.00,91
2025-12-25 16:07:17.318424,105,1.00,91
2025-12-25 16:07:18.256531,104,1.00,91
2025-12-25 16:07:19.288744,104,1.00,91
2025-12-25 16:07:20.241016,104,1.00,91
2025-12-25 16:07:21.262559,104,1.00,91
2025-12-25 16:07:22.309026,105,1.00,91
2025-12-25 16:07:23.269519,105,1.00,91
2025-12-25 16:07:24.236662,106,1.00,91
2025-12-25 16:07:25.305534,107,1.00,91
2025-12-25 16:07:26.321391,107,1.00,91
2025-12-25 16:07:27.268556,107,1.00,91
2025-12-25 16:07:28.264881,107,1.00,91
2025-12-25 16:07:29.288130,107,1.00,91
2025-12-25 16:07:30.262401,108,1.00,91
2025-12-25 16:07:31.249125,108,1.00,91
2025-12-25 16:07:32.317756,109,1.00,91
2025-12-25 16:07:33.277464,109,1.00,91
2025-12-25 16:07:34.246873,108,1.00,91
2025-12-25 16:07:35.287899,107,1.00,91
2025-12-25 16:07:36.267318,106,1.00,91
2025-12-25 16:07:37.308581,104,1.00,91
2025-12-25 16:07:38.276042,103,1.00,91
2025-12-25 16:07:39.247789,102,1.00,91
2025-12-25 16:07:40.289655,101,1.00,91
2025-12-25 16:07:41.265917,100,1.00,91
2025-12-25 16:07:42.297911,100,1.00,91
2025-12-25 16:07:43.253651,100,1.00,91
2025-12-25 16:07:44.289850,101,1.00,91
2025-12-25 16:07:45.246397,102,1.00,91
2025-12-25 16:07:46.299307,102,1.00,91
2025-12-25 16:07:47.317697,103,1.00,91
2025-12-25 16:07:48.307928,102,1.00,91
2025-12-25 16:07:49.317199,101,1.00,91
2025-12-25 16:07:50.242214,100,1.00,91
2025-12-25 16:07:51.240171,100,1.00,91
2025-12-25 16:07:52.251329,99,1.00,91
2025-12-25 16:07:53.253072,99,1.00,91
2025-12-25 16:07:54.279865,99,1.00,91
2025-12-25 16:07:55.304447,99,1.00,91
2025-12-25 16:07:56.283070,99,1.00,91
2025-12-25 16:07:57.268416,99,1.00,91
2025-12-25 16:07:58.253623,99,1.00,91
2025-12-25 16:07:59.290913,99,1.00,91
2025-12-25 16:08:00.319207,99,1.00,91
2025-12-25 16:08:01.245869,99,1.00,91
2025-12-25 16:08:02.307235,99,1.00,91
2025-12-25 16:08:03.273236,99,1.00,91
2025-12-25 16:08:04.305242,98,1.00,91
2025-12-25 16:08:05.264463,97,1.00,91
2025-12-25 16:08:06.291104,96,1.00,91
2025-12-25 16:08:07.319634,95,1.00,91
2025-12-25 16:08:08.264753,94,1.00,91
2025-12-25 16:08:09.290039,93,1.00,91
2025-12-25 16:08:10.282312,94,1.00,91
2025-12-25 16:08:11.270600,94,1.00,91
2025-12-25 16:08:12.250454,95,1.00,91
2025-12-25 16:08:13.256717,96,1.00,91
2025-12-25 16:08:14.251855,96,1.00,91
2025-12-25 16:08:15.268959,97,1.00,91
2025-12-25 16:08:16.244262,96,1.00,91
2025-12-25 16:08:17.278722,96,1.00,91
2025-12-25 16:08:18.252879,96,1.00,91
2025-12-25 16:08:19.303531,97,1.00,91
2025-12-25 16:08:20.259047,97,1.00,91
2025-12-25 16:08:21.288666,97,1.00,91
2025-12-25 16:08:22.262936,97,1.00,91
2025-12-25 16:08:23.290822,96,1.00,91
2025-12-25 16:08:24.244296,96,1.00,91
2025-12-25 16:08:25.286173,95,1.00,91
2025-12-25 16:08:26.244699,95,1.00,91
2025-12-25 16:08:27.283058,95,1.00,91
2025-12-25 16:08:28.245761,94,1.00,91
2025-12-25 16:08:29.282730,94,1.00,91
2025-12-25 16:08:30.282862,95,1.00,91
2025-12-25 16:08:31.263807,95,1.00,91
2025-12-25 16:08:32.313838,96,1.00,91
2025-12-25 16:08:33.295919,97,1.00,91
2025-12-25 16:08:34.265667,96,1.00,91
2025-12-25 16:08:35.277632,95,1.00,91
2025-12-25 16:08:36.256944,94,1.00,91
2025-12-25 16:08:37.310758,93,1.00,91
2025-12-25 16:08:38.287450,93,1.00,91
2025-12-25 16:08:39.282493,92,1.00,91
2025-12-25 16:08:40.275030,90,1.00,91
2025-12-25 16:08:41.280950,89,1.00,91
2025-12-25 16:08:42.278024,89,1.00,91
2025-12-25 16:08:43.271305,89,1.00,91
2025-12-25 16:08:44.270496,89,1.00,91
2025-12-25 16:08:45.267459,90,1.00,91
2025-12-25 16:08:46.322782,90,1.00,91
2025-12-25 16:08:47.262838,90,1.00,91
2025-12-25 16:08:48.299992,90,1.00,91
2025-12-25 16:08:49.295317,90,1.00,91
2025-12-25 16:08:50.262968,91,1.00,91
2025-12-25 16:08:51.295887,91,1.00,91
2025-12-25 16:08:52.261789,93,1.00,91
2025-12-25 16:08:53.303438,94,1.00,91
2025-12-25 16:08:54.272067,95,1.00,91
2025-12-25 16:08:55.247081,95,1.00,91
2025-12-25 16:08:56.296257,95,1.00,91
2025-12-25 16:08:57.268297,95,1.00,91
2025-12-25 16:08:58.308326,95,1.00,91
2025-12-25 16:08:59.281792,95,1.00,91
2025-12-25 16:09:00.261385,94,1.00,91
2025-12-25 16:09:01.258325,94,1.00,91
2025-12-25 16:09:02.312286,94,1.00,91
2025-12-25 16:09:03.284322,94,1.00,91
2025-12-25 16:09:04.371578,95,1.00,91
2025-12-25 16:09:05.269250,95,1.00,91
2025-12-25 16:09:06.274659,95,1.00,91
2025-12-25 16:09:07.281330,95,1.00,91
2025-12-25 16:09:08.286563,94,1.00,91
2025-12-25 16:09:09.304260,93,1.00,91
2025-12-25 16:09:10.297479,92,1.00,91
2025-12-25 16:09:11.287749,91,1.00,91
2025-12-25 16:09:12.276297,90,1.00,91
2025-12-25 16:09:13.256691,90,1.00,91
2025-12-25 16:09:14.303013,90,1.00,91
2025-12-25 16:09:15.285234,91,1.00,91
2025-12-25 16:09:16.266175,92,1.00,91
2025-12-25 16:09:17.245812,93,1.00,91
2025-12-25 16:09:18.309997,94,1.00,91
2025-12-25 16:09:19.251263,95,1.00,91
2025-12-25 16:09:20.283991,95,1.00,91
2025-12-25 16:09:21.253661,95,1.00,91
2025-12-25 16:09:22.282836,96,1.00,91
2025-12-25 16:09:23.244830,96,1.00,91
2025-12-25 16:09:24.274744,97,1.00,91
2025-12-25 16:09:25.311069,97,1.00,91
2025-12-25 16:09:26.273723,98,1.00,91
2025-12-25 16:09:27.319082,98,1.00,91
2025-12-25 16:09:28.277296,99,1.00,91
2025-12-25 16:09:29.258557,99,1.00,91
2025-12-25 16:09:30.239113,100,1.00,91
2025-12-25 16:09:31.291197,101,1.00,91
2025-12-25 16:09:32.270050,102,1.00,91
2025-12-25 16:09:33.269201,103,1.00,91
2025-12-25 16:09:34.257214,103,1.00,91
2025-12-25 16:09:35.333169,104,1.00,91
2025-12-25 16:09:36.288536,103,1.00,91
2025-12-25 16:09:37.319067,103,1.00,91
2025-12-25 16:09:38.243007,102,1.00,91
2025-12-25 16:09:39.283432,102,1.00,91
2025-12-25 16:09:40.254802,101,1.00,91
2025-12-25 16:09:41.240517,101,1.00,91
2025-12-25 16:09:42.284369,100,1.00,91
2025-12-25 16:09:43.265582,99,1.00,91
2025-12-25 16:09:44.310982,98,1.00,91
2025-12-25 16:09:45.292084,97,1.00,91
2025-12-25 16:09:55.878208,96,1.00,91
2025-12-25 16:09:55.960161,96,1.00,91
2025-12-25 16:09:56.048293,97,1.00,91
2025-12-25 16:09:56.122582,97,1.00,91
2025-12-25 16:09:56.195394,98,1.00,91
2025-12-25 16:09:56.268387,98,1.00,91
2025-12-25 16:09:56.341043,97,1.00,91
2025-12-25 16:09:56.413839,96,1.00,91
2025-12-25 16:09:56.487024,96,1.00,91
2025-12-25 16:09:56.559752,95,1.00,91
2025-12-25 16:09:56.632978,95,1.00,91
2025-12-25 16:09:57.303371,95,1.00,91
2025-12-25 16:09:58.265206,94,1.00,91
2025-12-25 16:09:59.295449,94,1.00,91
2025-12-25 16:10:00.307013,93,1.00,91
2025-12-25 16:10:01.248662,93,1.00,91
2025-12-25 16:10:02.259422,93,1.00,91
2025-12-25 16:10:03.267800,93,1.00,91
2025-12-25 16:10:04.277982,93,1.00,91
2025-12-25 16:10:05.296823,94,1.00,91
2025-12-25 16:10:06.239488,94,1.00,91
2025-12-25 16:10:07.243945,95,1.00,91
2025-12-25 16:10:08.323400,95,1.00,91
2025-12-25 16:10:09.260180,96,1.00,91
2025-12-25 16:10:10.268620,96,1.00,91
2025-12-25 16:10:11.277548,96,1.00,91
2025-12-25 16:10:12.286517,97,1.00,91
2025-12-25 16:10:13.294553,97,1.00,91
2025-12-25 16:10:14.307383,97,1.00,91
2025-12-25 16:10:15.245497,97,1.00,91
2025-12-25 16:10:16.266966,98,1.00,91
2025-12-25 16:10:17.282462,98,1.00,91
2025-12-25 16:10:18.306946,97,1.00,91
2025-12-25 16:10:19.272715,97,1.00,91
2025-12-25 16:10:20.309897,96,1.00,91
2025-12-25 16:10:21.272171,96,1.00,91
2025-12-25 16:10:22.235400,95,1.00,91
2025-12-25 16:10:23.264855,95,1.00,91
2025-12-25 16:10:24.277962,94,1.00,91
2025-12-25 16:10:25.281847,94,1.00,91
2025-12-25 16:10:26.295922,95,1.00,91
2025-12-25 16:10:27.301477,95,1.00,91
2025-12-25 16:10:28.304810,96,1.00,91
2025-12-25 16:10:29.239058,97,1.00,91
2025-12-25 16:10:30.243242,98,1.00,91
2025-12-25 16:10:31.249540,99,1.00,91
2025-12-25 16:10:32.259122,101,1.00,91
2025-12-25 16:10:33.269930,102,1.00,91
2025-12-25 16:10:34.282740,103,1.00,91
2025-12-25 16:10:35.294515,104,1.00,91
2025-12-25 16:10:36.236531,104,1.00,91
2025-12-25 16:10:37.255357,105,1.00,91
2025-12-25 16:10:38.286470,105,1.00,91
2025-12-25 16:10:39.283967,105,1.00,91
2025-12-25 16:10:40.280717,105,1.00,91
2025-12-25 16:10:41.286310,105,1.00,91
2025-12-25 16:10:42.283109,105,1.00,91
2025-12-25 16:10:43.291543,104,1.00,91
2025-12-25 16:10:44.237642,104,1.00,91
2025-12-25 16:10:45.254187,104,1.00,91
2025-12-25 16:10:46.271703,103,1.00,91
2025-12-25 16:10:47.293108,102,1.00,91
2025-12-25 16:10:48.242281,101,1.00,91
2025-12-25 16:10:49.260366,100,1.00,91
2025-12-25 16:10:50.266390,99,1.00,91
2025-12-25 16:10:51.270230,98,1.00,91
2025-12-25 16:10:52.272152,97,1.00,91
2025-12-25 16:10:53.284277,96,1.00,91
2025-12-25 16:10:54.305632,95,1.00,91
2025-12-25 16:10:55.248900,93,1.00,91
2025-12-25 16:10:56.267046,92,1.00,91
2025-12-25 16:10:57.284116,91,1.00,91
2025-12-25 16:10:58.301704,90,1.00,91
2025-12-25 16:10:59.242234,89,1.00,91
2025-12-25 16:11:00.260191,89,1.00,91
2025-12-25 16:11:01.280864,89,1.00,91
2025-12-25 16:11:02.293670,90,1.00,91
2025-12-25 16:11:03.302807,90,1.00,91
2025-12-25 16:11:04.299786,91,1.00,91
2025-12-25 16:11:05.311466,92,1.00,91
2025-12-25 16:11:06.255205,92,1.00,91
2025-12-25 16:11:07.266780,92,1.00,91
2025-12-25 16:11:08.282219,92,1.00,91
2025-12-25 16:11:09.240187,92,1.00,91
2025-12-25 16:11:10.270969,92,1.00,91
2025-12-25 16:11:11.287322,91,1.00,91
2025-12-25 16:11:12.302760,91,1.00,91
2025-12-25 16:11:13.244474,90,1.00,91
2025-12-25 16:11:14.255568,90,1.00,91
2025-12-25 16:11:15.258398,90,1.00,91
2025-12-25 16:11:16.260423,90,1.00,91
2025-12-25 16:11:17.271975,90,1.00,91
2025-12-25 16:11:18.273189,90,1.00,91
2025-12-25 16:11:19.271727,90,1.00,91
2025-12-25 16:11:20.271035,90,1.00,91
2025-12-25 16:11:21.282465,90,1.00,91
2025-12-25 16:11:22.298473,91,1.00,91
2025-12-25 16:11:23.308070,91,1.00,91
2025-12-25 16:11:24.245999,92,1.00,91
2025-12-25 16:11:25.260780,92,1.00,91
2025-12-25 16:11:26.276365,93,1.00,91
2025-12-25 16:11:27.292023,94,1.00,91
2025-12-25 16:11:28.244389,95,1.00,91
2025-12-25 16:11:29.267555,96,1.00,91
2025-12-25 16:11:30.286294,97,1.00,91
2025-12-25 16:11:31.301189,98,1.00,91
2025-12-25 16:11:32.240459,98,1.00,91
2025-12-25 16:11:33.246070,100,1.00,91
2025-12-25 16:11:34.277358,102,1.00,91
2025-12-25 16:11:35.304463,103,1.00,91
2025-12-25 16:11:36.259695,103,1.00,91
2025-12-25 16:11:37.293772,103,1.00,91
2025-12-25 16:11:38.247430,102,1.00,91
2025-12-25 16:11:39.273239,101,1.00,91
2025-12-25 16:11:40.288052,100,1.00,91
2025-12-25 16:11:41.310061,99,1.00,91
2025-12-25 16:11:42.258386,98,1.00,91
2025-12-25 16:11:43.282003,98,1.00,91
2025-12-25 16:11:44.278358,98,1.00,91
2025-12-25 16:11:45.286497,97,1.00,91
2025-12-25 16:11:46.306577,97,1.00,91
2025-12-25 16:11:47.255588,97,1.00,91
2025-12-25 16:11:48.253834,97,1.00,91
2025-12-25 16:11:49.262887,96,1.00,91
2025-12-25 16:11:50.271412,96,1.00,91
2025-12-25 16:11:51.280354,96,1.00,91
2025-12-25 16:11:52.298544,96,1.00,91
2025-12-25 16:11:53.246599,96,1.00,91
2025-12-25 16:11:54.261595,95,1.00,91
2025-12-25 16:11:55.286389,94,1.00,91
2025-12-25 16:11:56.296767,93,1.00,91
2025-12-25 16:11:57.244856,92,1.00,91
2025-12-25 16:11:58.289527,92,1.00,91
2025-12-25 16:11:59.296800,91,1.00,91
2025-12-25 16:12:00.317054,92,1.00,91
2025-12-25 16:12:01.276191,93,1.00,91
2025-12-25 16:12:02.311795,92,1.00,91
2025-12-25 16:12:03.272619,92,1.00,91
2025-12-25 16:12:04.273221,91,1.00,91
2025-12-25 16:12:05.256325,91,1.00,91
2025-12-25 16:12:06.296748,90,1.00,91
2025-12-25 16:12:07.246429,90,1.00,91
2025-12-25 16:12:08.269386,90,1.00,91
2025-12-25 16:12:09.298949,90,1.00,91
2025-12-25 16:12:10.251146,89,1.00,91
2025-12-25 16:12:11.299096,89,1.00,91
2025-12-25 16:12:12.236649,89,1.00,91
2025-12-25 16:12:13.250319,89,1.00,91
2025-12-25 16:12:14.250190,89,1.00,91
2025-12-25 16:12:15.252569,89,1.00,91
2025-12-25 16:12:16.269623,89,1.00,91
2025-12-25 16:12:17.288765,90,1.00,91
2025-12-25 16:12:18.252321,90,1.00,91
2025-12-25 16:12:19.285450,90,1.00,91
2025-12-25 16:12:20.318232,91,1.00,91
2025-12-25 16:12:21.279870,91,1.00,91
2025-12-25 16:12:22.272115,92,1.00,91
2025-12-25 16:12:23.249626,92,1.00,91
2025-12-25 16:12:24.265273,92,1.00,91
2025-12-25 16:12:25.279898,91,1.00,91
2025-12-25 16:12:26.300287,91,1.00,91
2025-12-25 16:12:27.308499,91,1.00,91
2025-12-25 16:12:28.261807,91,1.00,91
2025-12-25 16:12:29.258457,91,1.00,91
2025-12-25 16:12:30.277696,90,1.00,91
2025-12-25 16:12:31.245290,90,1.00,91
2025-12-25 16:12:32.255933,90,1.00,91
2025-12-25 16:12:33.310538,90,1.00,91
2025-12-25 16:12:34.293534,90,1.00,91
2025-12-25 16:12:35.277991,89,1.00,91
2025-12-25 16:12:36.268321,90,1.00,91
2025-12-25 16:12:37.303666,90,1.00,91
2025-12-25 16:12:38.245531,91,1.00,91
2025-12-25 16:12:39.270638,92,1.00,91
2025-12-25 16:12:40.276002,93,1.00,91
2025-12-25 16:12:41.289636,93,1.00,91
2025-12-25 16:12:42.300016,92,1.00,91
2025-12-25 16:12:43.276653,90,1.00,91
2025-12-25 16:12:44.238218,89,1.00,91
2025-12-25 16:12:45.268545,88,1.00,91
2025-12-25 16:12:46.293443,88,1.00,91
2025-12-25 16:12:47.252791,88,1.00,91
2025-12-25 16:12:48.274627,89,1.00,91
2025-12-25 16:12:49.235909,89,1.00,91
2025-12-25 16:12:50.273124,90,1.00,91
2025-12-25 16:12:51.305412,91,1.00,91
2025-12-25 16:12:52.273672,91,1.00,91
2025-12-25 16:12:53.301979,91,1.00,91
2025-12-25 16:12:54.269861,91,1.00,91
2025-12-25 16:12:55.289418,91,1.00,91
2025-12-25 16:12:56.304870,91,1.00,91
2025-12-25 16:12:57.254983,91,1.00,91
2025-12-25 16:12:58.271637,91,1.00,91
2025-12-25 16:12:59.289062,91,1.00,91
2025-12-25 16:13:00.236192,91,1.00,91
2025-12-25 16:13:01.261123,92,1.00,91
2025-12-25 16:13:02.275827,92,1.00,91
2025-12-25 16:13:03.285758,92,1.00,91
2025-12-25 16:13:04.291813,93,1.00,91
2025-12-25 16:13:05.229560,93,1.00,91
2025-12-25 16:13:06.238164,92,1.00,91
2025-12-25 16:13:07.258480,92,1.00,91
2025-12-25 16:13:08.274434,92,1.00,91
2025-12-25 16:13:09.297495,91,1.00,91
2025-12-25 16:13:10.308085,91,1.00,91
2025-12-25 16:13:11.252485,91,1.00,91
2025-12-25 16:13:12.263637,91,1.00,91
2025-12-25 16:13:13.275210,91,1.00,91
2025-12-25 16:13:14.231844,91,1.00,91
2025-12-25 16:13:15.263109,91,1.00,91
2025-12-25 16:13:16.299204,91,1.00,91
2025-12-25 16:13:17.261034,91,1.00,91
2025-12-25 16:13:18.275861,92,1.00,91
2025-12-25 16:13:19.296944,92,1.00,91
2025-12-25 16:13:20.299911,92,1.00,91
2025-12-25 16:13:21.296641,93,1.00,91
2025-12-25 16:13:22.300687,93,1.00,91
2025-12-25 16:13:23.249217,93,1.00,91
2025-12-25 16:13:24.273530,94,1.00,91
2025-12-25 16:13:25.235425,94,1.00,91
2025-12-25 16:13:26.263487,95,1.00,91
2025-12-25 16:13:27.307578,95,1.00,91
2025-12-25 16:13:28.268242,96,1.00,91
2025-12-25 16:13:29.234305,96,1.00,91
2025-12-25 16:13:30.264151,95,1.00,91
2025-12-25 16:13:31.230971,95,1.00,91
2025-12-25 16:13:32.264056,94,1.00,91
2025-12-25 16:13:33.294538,94,1.00,91
2025-12-25 16:13:34.244660,94,1.00,91
2025-12-25 16:13:35.267836,94,1.00,91
2025-12-25 16:13:36.289459,94,1.00,91
2025-12-25 16:13:37.247147,94,1.00,91
2025-12-25 16:13:38.276251,94,1.00,91
2025-12-25 16:13:39.242031,94,1.00,91
2025-12-25 16:13:40.283087,94,1.00,91
2025-12-25 16:13:41.250423,94,1.00,91
2025-12-25 16:13:42.302216,93,1.00,91
2025-12-25 16:13:43.267751,93,1.00,91
2025-12-25 16:13:44.232744,92,1.00,91
2025-12-25 16:13:45.257517,92,1.00,91
2025-12-25 16:13:46.282445,92,1.00,91
2025-12-25 16:13:47.281508,92,1.00,91
2025-12-25 16:13:48.272979,91,1.00,91
2025-12-25 16:13:49.264502,91,1.00,91
2025-12-25 16:13:50.245775,91,1.00,91
2025-12-25 16:13:51.240616,91,1.00,91
2025-12-25 16:13:52.231862,91,1.00,91
2025-12-25 16:13:53.296466,91,1.00,91
2025-12-25 16:13:54.288801,91,1.00,91
2025-12-25 16:13:55.285288,90,1.00,91
2025-12-25 16:13:56.282987,90,1.00,91
2025-12-25 16:13:57.275225,90,1.00,91
2025-12-25 16:13:58.273329,89,1.00,91
2025-12-25 16:13:59.269772,89,1.00,91
2025-12-25 16:14:00.260541,89,1.00,91
2025-12-25 16:14:01.250045,89,1.00,91
2025-12-25 16:14:02.236901,90,1.00,91
2025-12-25 16:14:03.298249,91,1.00,91
2025-12-25 16:14:04.300908,91,1.00,91
2025-12-25 16:14:05.304939,92,1.00,91
2025-12-25 16:14:06.301823,92,1.00,91
2025-12-25 16:14:07.307132,92,1.00,91
2025-12-25 16:14:08.239337,91,1.00,91
2025-12-25 16:14:09.238300,91,1.00,91
2025-12-25 16:14:10.297565,92,1.00,91
2025-12-25 16:14:11.285008,92,1.00,91
2025-12-25 16:14:12.268311,92,1.00,91
2025-12-25 16:14:13.251623,92,1.00,91
2025-12-25 16:14:14.233123,92,1.00,91
2025-12-25 16:14:15.291890,93,1.00,91
2025-12-25 16:14:16.284756,93,1.00,91
2025-12-25 16:14:17.266471,94,1.00,91
2025-12-25 16:14:18.255769,94,1.00,91
2025-12-25 16:14:19.253248,94,1.00,91
2025-12-25 16:14:20.242397,93,1.00,91
2025-12-25 16:14:21.309146,93,1.00,91
2025-12-25 16:14:22.305537,92,1.00,91
2025-12-25 16:14:23.295552,91,1.00,91
2025-12-25 16:14:24.289465,91,1.00,91
2025-12-25 16:14:25.284743,91,1.00,91
2025-12-25 16:14:26.276348,91,1.00,91
2025-12-25 16:14:27.270432,91,1.00,91
2025-12-25 16:14:28.261204,91,1.00,91
2025-12-25 16:14:29.270224,91,1.00,91
2025-12-25 16:14:30.296617,91,1.00,91
2025-12-25 16:14:31.304649,91,1.00,91
2025-12-25 16:14:32.301932,91,1.00,91
2025-12-25 16:14:33.300160,91,1.00,91
2025-12-25 16:14:34.296761,91,1.00,91
2025-12-25 16:14:35.283220,91,1.00,91
2025-12-25 16:14:36.269696,91,1.00,91
2025-12-25 16:14:37.255532,91,1.00,91
2025-12-25 16:14:38.238774,91,1.00,91
2025-12-25 16:14:39.301903,91,1.00,91
2025-12-25 16:14:40.285898,92,1.00,91
2025-12-25 16:14:41.269935,92,1.00,91
2025-12-25 16:14:42.254435,91,1.00,91
2025-12-25 16:14:43.235911,91,1.00,91
2025-12-25 16:14:44.280028,91,1.00,91
2025-12-25 16:14:45.255089,90,1.00,91
2025-12-25 16:14:46.306142,89,1.00,91
2025-12-25 16:14:47.285220,89,1.00,91
2025-12-25 16:14:48.264632,89,1.00,91
2025-12-25 16:14:49.241593,89,1.00,91
2025-12-25 16:14:50.291147,90,1.00,91
2025-12-25 16:14:51.266596,90,1.00,91
2025-12-25 16:14:52.252534,91,1.00,91
2025-12-25 16:14:53.303148,91,1.00,91
2025-12-25 16:14:54.293704,91,1.00,91
2025-12-25 16:14:55.298188,91,1.00,91
2025-12-25 16:14:56.296949,90,1.00,91
2025-12-25 16:14:57.289284,90,1.00,91
2025-12-25 16:14:58.292773,90,1.00,91
2025-12-25 16:14:59.279448,90,1.00,91
2025-12-25 16:15:00.263699,90,1.00,91
2025-12-25 16:15:01.246379,90,1.00,91
2025-12-25 16:15:02.294736,90,1.00,91
2025-12-25 16:15:03.276515,91,1.00,91
2025-12-25 16:15:04.251820,91,1.00,91
2025-12-25 16:15:05.304807,91,1.00,91
2025-12-25 16:15:06.290878,92,1.00,91
2025-12-25 16:15:07.270743,92,1.00,91
2025-12-25 16:15:08.248259,93,1.00,91
2025-12-25 16:15:09.295324,93,1.00,91
2025-12-25 16:15:10.271313,93,1.00,91
2025-12-25 16:15:11.235296,93,1.00,91
2025-12-25 16:15:12.285371,92,1.00,91
2025-12-25 16:15:13.251206,92,1.00,91
2025-12-25 16:15:14.284506,92,1.00,91
2025-12-25 16:15:15.244938,92,1.00,91
2025-12-25 16:15:16.282472,92,1.00,91
2025-12-25 16:15:17.254862,93,1.00,91
2025-12-25 16:15:18.307039,92,1.00,91
2025-12-25 16:15:19.289459,92,1.00,91
2025-12-25 16:15:20.274761,92,1.00,91
2025-12-25 16:15:21.260128,92,1.00,91
2025-12-25 16:15:22.240968,92,1.00,91
2025-12-25 16:15:23.295338,92,1.00,91
2025-12-25 16:15:24.272672,92,1.00,91
2025-12-25 16:15:25.242333,92,1.00,91
2025-12-25 16:15:26.294537,92,1.00,91
2025-12-25 16:15:27.267058,92,1.00,91
2025-12-25 16:15:28.239032,93,1.00,91
2025-12-25 16:15:29.282569,93,1.00,91
2025-12-25 16:15:30.254644,94,1.00,91
2025-12-25 16:15:31.301823,94,1.00,91
2025-12-25 16:15:32.268650,95,1.00,91
2025-12-25 16:15:33.249120,95,1.00,91
2025-12-25 16:15:34.241545,95,1.00,91
2025-12-25 16:15:35.282885,96,1.00,91
2025-12-25 16:15:36.250989,96,1.00,91
2025-12-25 16:15:37.312813,96,1.00,91
2025-12-25 16:15:38.277321,96,1.00,91
2025-12-25 16:15:39.311060,96,1.00,91
2025-12-25 16:15:40.274872,96,1.00,91
2025-12-25 16:15:41.308397,97,1.00,91
2025-12-25 16:15:42.268371,96,1.00,91
2025-12-25 16:15:43.292798,96,1.00,91
2025-12-25 16:15:44.261332,96,1.00,91
2025-12-25 16:15:45.300416,95,1.00,91
2025-12-25 16:15:46.769537,95,1.00,91
2025-12-25 16:15:47.025830,95,1.00,91
2025-12-25 16:15:47.326122,95,1.00,91
2025-12-25 16:15:48.294108,95,1.00,91
2025-12-25 16:15:49.290046,96,1.00,91
2025-12-25 16:15:50.266858,96,1.00,91
2025-12-25 16:15:51.306500,97,1.00,91
2025-12-25 16:15:52.266916,97,1.00,91
2025-12-25 16:15:53.283151,97,1.00,91
2025-12-25 16:15:54.278236,98,1.00,91
2025-12-25 16:15:55.276530,98,1.00,91
2025-12-25 16:15:56.279902,97,1.00,91
2025-12-25 16:15:56.499027,97,1.00,91
2025-12-25 16:15:57.260085,96,1.00,91
2025-12-25 16:15:58.259168,97,1.00,91
2025-12-25 16:15:59.252446,97,1.00,91
2025-12-25 16:16:00.255681,97,1.00,91
2025-12-25 16:16:01.254827,97,1.00,91
2025-12-25 16:16:02.253471,98,1.00,91
2025-12-25 16:16:03.263197,98,1.00,91
2025-12-25 16:16:04.267823,98,1.00,91
2025-12-25 16:16:05.259773,97,1.00,91
2025-12-25 16:16:06.255980,96,1.00,91
2025-12-25 16:16:07.263048,95,1.00,91
2025-12-25 16:16:08.289213,95,1.00,91
2025-12-25 16:16:09.235070,94,1.00,91
2025-12-25 16:16:09.235189,94,1.00,91
2025-12-25 16:16:10.238504,94,1.00,91
2025-12-25 16:16:11.277072,94,1.00,91
2025-12-25 16:16:12.291025,94,1.00,91
2025-12-25 16:16:13.306291,95,1.00,91
2025-12-25 16:16:14.246370,96,1.00,91
2025-12-25 16:16:15.243355,97,1.00,91
2025-12-25 16:16:16.246060,97,1.00,91
2025-12-25 16:16:17.247484,98,1.00,91
2025-12-25 16:16:18.238250,97,1.00,91
2025-12-25 16:16:19.303867,97,1.00,91
2025-12-25 16:16:20.297080,96,1.00,91
2025-12-25 16:16:21.287589,96,1.00,91
2025-12-25 16:16:22.279518,95,1.00,91
2025-12-25 16:16:23.290861,94,1.00,91
2025-12-25 16:16:24.292294,94,1.00,91
2025-12-25 16:16:25.086629,94,1.00,91
2025-12-25 16:16:25.332492,94,1.00,91
2025-12-25 16:16:26.295895,95,1.00,91
2025-12-25 16:16:27.293291,95,1.00,91
2025-12-25 16:16:28.300613,96,1.00,91
2025-12-25 16:16:29.306282,96,1.00,91
2025-12-25 16:16:30.245118,96,1.00,91
2025-12-25 16:16:31.257993,97,1.00,91
2025-12-25 16:16:32.281108,95,1.00,91
2025-12-25 16:16:33.296576,94,1.00,91
2025-12-25 16:16:34.253982,93,1.00,91
2025-12-25 16:16:35.299296,92,1.00,91
2025-12-25 16:16:36.260664,91,1.00,91
2025-12-25 16:16:37.284575,90,1.00,91
2025-12-25 16:16:38.238034,90,1.00,91
2025-12-25 16:16:39.260003,90,1.00,91
2025-12-25 16:16:40.269017,90,1.00,91
2025-12-25 16:16:41.293096,90,1.00,91
2025-12-25 16:16:42.291937,89,1.00,91
2025-12-25 16:16:43.249730,88,1.00,91
2025-12-25 16:16:44.255877,87,1.00,91
2025-12-25 16:16:44.256003,87,1.00,91
2025-12-25 16:16:45.272107,87,1.00,91
2025-12-25 16:16:46.241932,87,1.00,91
2025-12-25 16:16:47.258760,88,1.00,91
2025-12-25 16:16:48.273180,89,1.00,91
2025-12-25 16:16:49.284691,90,1.00,91
2025-12-25 16:16:50.299298,91,1.00,91
2025-12-25 16:16:51.239736,92,1.00,91
2025-12-25 16:16:52.255981,92,1.00,91
2025-12-25 16:16:53.258095,92,1.00,91
2025-12-25 16:16:54.258528,91,1.00,91
2025-12-25 16:16:55.264217,90,1.00,91
2025-12-25 16:16:56.274013,89,1.00,91
2025-12-25 16:16:57.279607,89,1.00,91
2025-12-25 16:16:58.288498,88,1.00,91
2025-12-25 16:16:59.293748,88,1.00,91
2025-12-25 16:17:00.245739,88,1.00,91
2025-12-25 16:17:00.685358,88,1.00,91
2025-12-25 16:17:01.338762,88,1.00,91
2025-12-25 16:17:02.245752,89,1.00,91
2025-12-25 16:17:03.267108,89,1.00,91
2025-12-25 16:17:04.293384,90,1.00,91
2025-12-25 16:17:05.237000,91,1.00,91
2025-12-25 16:17:06.258555,91,1.00,91
2025-12-25 16:17:07.268961,91,1.00,91
2025-12-25 16:17:08.279775,90,1.00,91
2025-12-25 16:17:09.291688,90,1.00,91
2025-12-25 16:17:10.239532,88,1.00,91
2025-12-25 16:17:11.248285,87,1.00,91
2025-12-25 16:17:12.258933,87,1.00,91
2025-12-25 16:17:13.270554,87,1.00,91
2025-12-25 16:17:14.350783,88,1.00,91
2025-12-25 16:17:15.253789,89,1.00,91
2025-12-25 16:17:16.256641,89,1.00,91
2025-12-25 16:17:16.543360,89,1.00,91
2025-12-25 16:17:17.281086,90,1.00,91
2025-12-25 16:17:18.237438,90,1.00,91
2025-12-25 16:17:19.251746,90,1.00,91
2025-12-25 16:17:20.264098,90,1.00,91
2025-12-25 16:17:21.280255,90,1.00,91
2025-12-25 16:17:22.288449,90,1.00,91
2025-12-25 16:17:23.297310,90,1.00,91
2025-12-25 16:17:24.255423,90,1.00,91
2025-12-25 16:17:25.284766,90,1.00,91
2025-12-25 16:17:26.236654,89,1.00,91
2025-12-25 16:17:27.261820,88,1.00,91
2025-12-25 16:17:28.292571,88,1.00,91
2025-12-25 16:17:29.235570,88,1.00,91
2025-12-25 16:17:30.249597,88,1.00,91
2025-12-25 16:17:31.249407,89,1.00,91
2025-12-25 16:17:32.310510,90,1.00,91
2025-12-25 16:17:33.278829,91,1.00,91
2025-12-25 16:17:33.855494,91,1.00,91
2025-12-25 16:17:34.350415,92,1.00,91
2025-12-25 16:17:35.277412,92,1.00,91
2025-12-25 16:17:36.285269,93,1.00,91
2025-12-25 16:17:37.300160,93,1.00,91
2025-12-25 16:17:38.247303,93,1.00,91
2025-12-25 16:17:39.263952,93,1.00,91
2025-12-25 16:17:40.290850,93,1.00,91
2025-12-25 16:17:41.246569,93,1.00,91
2025-12-25 16:17:42.250407,93,1.00,91
2025-12-25 16:17:43.261320,93,1.00,91
2025-12-25 16:17:44.274876,93,1.00,91
2025-12-25 16:17:45.291118,93,1.00,91
2025-12-25 16:17:46.297347,93,1.00,91
2025-12-25 16:17:47.254780,93,1.00,91
2025-12-25 16:17:48.275543,93,1.00,91
2025-12-25 16:17:49.318732,93,1.00,91
2025-12-25 16:17:50.294620,94,1.00,91
2025-12-25 16:17:51.229596,94,1.00,91
2025-12-25 16:17:52.272039,94,1.00,91
2025-12-25 16:17:53.253540,94,1.00,91
2025-12-25 16:17:54.294821,95,1.00,91
2025-12-25 16:17:55.254957,95,1.00,91
2025-12-25 16:17:56.265980,95,1.00,91
2025-12-25 16:17:57.272403,95,1.00,91
2025-12-25 16:17:58.204925,95,1.00,91
2025-12-25 16:17:58.282761,96,1.00,91
2025-12-25 16:17:59.233171,97,1.00,91
2025-12-25 16:18:00.286101,98,1.00,91
2025-12-25 16:18:01.296576,99,1.00,91
2025-12-25 16:18:02.300196,100,1.00,91
2025-12-25 16:18:03.242657,100,1.00,91
2025-12-25 16:18:04.241135,99,1.00,91
2025-12-25 16:18:05.267154,98,1.00,91
2025-12-25 16:18:06.236765,96,1.00,91
2025-12-25 16:18:07.290485,95,1.00,91
2025-12-25 16:18:08.307091,94,1.00,91
2025-12-25 16:18:09.252192,94,1.00,91
2025-12-25 16:18:10.269357,94,1.00,91
2025-12-25 16:18:11.273930,94,1.00,91
2025-12-25 16:18:12.277235,93,1.00,91
2025-12-25 16:18:13.287727,93,1.00,91
2025-12-25 16:18:14.260300,92,1.00,91
2025-12-25 16:18:15.257042,92,1.00,91
2025-12-25 16:18:16.255669,92,1.00,91
2025-12-25 16:18:17.251289,91,1.00,91
2025-12-25 16:18:18.242965,92,1.00,91
2025-12-25 16:18:19.235750,92,1.00,91
2025-12-25 16:18:20.232099,92,1.00,91
2025-12-25 16:18:21.282781,93,1.00,91
2025-12-25 16:18:22.257528,93,1.00,91
2025-12-25 16:18:23.235899,93,1.00,91
2025-12-25 16:18:24.282946,94,1.00,91
2025-12-25 16:18:25.271579,95,1.00,91
2025-12-25 16:18:26.249680,95,1.00,91
2025-12-25 16:18:27.234238,96,1.00,91
2025-12-25 16:18:28.368258,96,1.00,91
2025-12-25 16:18:29.269570,97,1.00,91
2025-12-25 16:18:30.268029,96,1.00,91
2025-12-25 16:18:30.553112,96,1.00,91
2025-12-25 16:18:31.290669,96,1.00,91
2025-12-25 16:18:32.281122,96,1.00,91
2025-12-25 16:18:33.297643,96,1.00,91
2025-12-25 16:18:34.312099,95,1.00,91
2025-12-25 16:18:35.260911,95,1.00,91
2025-12-25 16:18:36.272262,95,1.00,91
2025-12-25 16:18:37.284737,95,1.00,91
2025-12-25 16:18:38.288021,94,1.00,91
2025-12-25 16:18:39.239610,93,1.00,91
2025-12-25 16:18:40.261422,92,1.00,91
2025-12-25 16:18:41.283321,91,1.00,91
2025-12-25 16:18:42.233593,90,1.00,91
2025-12-25 16:18:43.267747,90,1.00,91
2025-12-25 16:18:44.285505,90,1.00,91
2025-12-25 16:18:45.280378,90,1.00,91
2025-12-25 16:18:46.296279,90,1.00,91
2025-12-25 16:18:47.267557,90,1.00,91
2025-12-25 16:18:48.317420,90,1.00,91
2025-12-25 16:18:49.308515,90,1.00,91
2025-12-25 16:18:50.256448,90,1.00,91
2025-12-25 16:18:50.898054,90,1.00,91
2025-12-25 16:18:51.242328,90,1.00,91
2025-12-25 16:18:52.284936,90,1.00,91
2025-12-25 16:18:53.287658,90,1.00,91
2025-12-25 16:18:54.285541,91,1.00,91
2025-12-25 16:18:55.292570,92,1.00,91
2025-12-25 16:18:56.232819,93,1.00,91
2025-12-25 16:18:57.240312,94,1.00,91
2025-12-25 16:18:58.251966,93,1.00,91
2025-12-25 16:18:59.253666,93,1.00,91
2025-12-25 16:19:00.270494,92,1.00,91
2025-12-25 16:19:01.278058,91,1.00,91
2025-12-25 16:19:02.272973,90,1.00,91
2025-12-25 16:19:03.271861,90,1.00,91
2025-12-25 16:19:04.293992,90,1.00,91
2025-12-25 16:19:05.241961,91,1.00,91
2025-12-25 16:19:06.256559,92,1.00,91
2025-12-25 16:19:07.293081,92,1.00,91
2025-12-25 16:19:08.277398,93,1.00,91
2025-12-25 16:19:09.270396,93,1.00,91
2025-12-25 16:19:10.284878,94,1.00,91
2025-12-25 16:19:11.142589,94,1.00,91
2025-12-25 16:19:11.337833,94,1.00,91
2025-12-25 16:19:12.271288,94,1.00,91
2025-12-25 16:19:13.268872,94,1.00,91
2025-12-25 16:19:14.258495,93,1.00,91
2025-12-25 16:19:15.259719,93,1.00,91
2025-12-25 16:19:16.276421,93,1.00,91
2025-12-25 16:19:17.245151,93,1.00,91
2025-12-25 16:19:18.282188,93,1.00,91
2025-12-25 16:19:19.257020,94,1.00,91
2025-12-25 16:19:20.290310,93,1.00,91
2025-12-25 16:19:21.248580,93,1.00,91
2025-12-25 16:19:22.263602,91,1.00,91
2025-12-25 16:19:23.276878,91,1.00,91
2025-12-25 16:19:24.292669,90,1.00,91
2025-12-25 16:19:25.239032,90,1.00,91
2025-12-25 16:19:26.255483,91,1.00,91
2025-12-25 16:19:27.273373,91,1.00,91
2025-12-25 16:19:28.327391,92,1.00,91
2025-12-25 16:19:29.246475,92,1.00,91
2025-12-25 16:19:30.271311,93,1.00,91
2025-12-25 16:19:30.733886,93,1.00,91
2025-12-25 16:19:31.271151,93,1.00,91
2025-12-25 16:19:32.282550,93,1.00,91
2025-12-25 16:19:33.278738,94,1.00,91
2025-12-25 16:19:34.293336,95,1.00,91
2025-12-25 16:19:35.291036,95,1.00,91
2025-12-25 16:19:36.231177,95,1.00,91
2025-12-25 16:19:37.232843,95,1.00,91
2025-12-25 16:19:38.237392,93,1.00,91
2025-12-25 16:19:39.306798,92,1.00,91
2025-12-25 16:19:40.238524,91,1.00,91
2025-12-25 16:19:41.242644,90,1.00,91
2025-12-25 16:19:42.245200,90,1.00,91
2025-12-25 16:19:43.248161,90,1.00,91
2025-12-25 16:19:44.257097,91,1.00,91
2025-12-25 16:19:45.266788,92,1.00,91
2025-12-25 16:19:46.292468,93,1.00,91
2025-12-25 16:19:47.251318,93,1.00,91
2025-12-25 16:19:48.304631,92,1.00,91
2025-12-25 16:19:49.279378,92,1.00,91
2025-12-25 16:19:50.259788,92,1.00,91
2025-12-25 16:19:51.233029,92,1.00,91
2025-12-25 16:19:52.240617,93,1.00,91
2025-12-25 16:19:52.890006,93,1.00,91
2025-12-25 16:19:53.307595,93,1.00,91
2025-12-25 16:19:54.308254,94,1.00,91
2025-12-25 16:19:55.255893,94,1.00,91
2025-12-25 16:19:56.280226,94,1.00,91
2025-12-25 16:19:57.237071,94,1.00,91
2025-12-25 16:19:58.260475,95,1.00,91
2025-12-25 16:19:59.288218,95,1.00,91
2025-12-25 16:20:00.237296,94,1.00,91
2025-12-25 16:20:01.253001,94,1.00,91
2025-12-25 16:20:02.259921,93,1.00,91
2025-12-25 16:20:03.260702,92,1.00,91
2025-12-25 16:20:04.268211,91,1.00,91
2025-12-25 16:20:05.279216,91,1.00,91
2025-12-25 16:20:06.284488,91,1.00,91
2025-12-25 16:20:07.289340,91,1.00,91
2025-12-25 16:20:08.233329,92,1.00,91
2025-12-25 16:20:09.272326,92,1.00,91
2025-12-25 16:20:10.254709,94,1.00,91
2025-12-25 16:20:11.259845,95,1.00,91
2025-12-25 16:20:12.283489,96,1.00,91
2025-12-25 16:20:13.287141,97,1.00,91
2025-12-25 16:20:13.574536,97,1.00,91
2025-12-25 16:20:14.319752,98,1.00,91
2025-12-25 16:20:15.297260,99,1.00,91
2025-12-25 16:20:16.276355,99,1.00,91
2025-12-25 16:20:17.291676,99,1.00,91
2025-12-25 16:20:18.227869,99,1.00,91
2025-12-25 16:20:19.258623,100,1.00,91
2025-12-25 16:20:20.283045,99,1.00,91
2025-12-25 16:20:21.243958,99,1.00,91
2025-12-25 16:20:22.264186,98,1.00,91
2025-12-25 16:20:23.284561,98,1.00,91
2025-12-25 16:20:24.308237,97,1.00,91
2025-12-25 16:20:25.244827,96,1.00,91
2025-12-25 16:20:26.261886,96,1.00,91
2025-12-25 16:20:27.276088,95,1.00,91
2025-12-25 16:20:28.285824,94,1.00,91
2025-12-25 16:20:29.238729,93,1.00,91
2025-12-25 16:20:30.273098,92,1.00,91
2025-12-25 16:20:31.240838,91,1.00,91
2025-12-25 16:20:32.232684,91,1.00,91
2025-12-25 16:20:33.275943,91,1.00,91
2025-12-25 16:20:34.277640,91,1.00,91
2025-12-25 16:20:34.930724,91,1.00,91
2025-12-25 16:20:35.319105,91,1.00,91
2025-12-25 16:20:36.301723,91,1.00,91
2025-12-25 16:20:37.272437,91,1.00,91
2025-12-25 16:20:38.285564,92,1.00,91
2025-12-25 16:20:39.288050,92,1.00,91
2025-12-25 16:20:40.296590,93,1.00,91
2025-12-25 16:20:41.296331,93,1.00,91
2025-12-25 16:20:42.291024,93,1.00,91
2025-12-25 16:20:43.284035,93,1.00,91
2025-12-25 16:20:44.295223,92,1.00,91
2025-12-25 16:20:45.232876,91,1.00,91
2025-12-25 16:20:46.257800,90,1.00,91
2025-12-25 16:20:47.296916,90,1.00,91
2025-12-25 16:20:48.246953,90,1.00,91
2025-12-25 16:20:49.269302,91,1.00,91
2025-12-25 16:20:50.296471,91,1.00,91
2025-12-25 16:20:51.261433,92,1.00,91
2025-12-25 16:20:52.246168,91,1.00,91
2025-12-25 16:20:53.312406,91,1.00,91
2025-12-25 16:20:54.296507,91,1.00,91
2025-12-25 16:20:55.285018,90,1.00,91
2025-12-25 16:20:56.277648,91,1.00,91
2025-12-25 16:20:57.255665,91,1.00,91
2025-12-25 16:20:58.238811,92,1.00,91
2025-12-25 16:20:59.304278,92,1.00,91
2025-12-25 16:21:00.239388,92,1.00,91
2025-12-25 16:21:01.246102,92,1.00,91
2025-12-25 16:21:02.247568,93,1.00,91
2025-12-25 16:21:02.535193,93,1.00,91
2025-12-25 16:21:03.373241,93,1.00,91
2025-12-25 16:21:04.278312,94,1.00,91
2025-12-25 16:21:05.283525,95,1.00,91
2025-12-25 16:21:06.294279,95,1.00,91
2025-12-25 16:21:07.300300,95,1.00,91
2025-12-25 16:21:08.231876,94,1.00,91
2025-12-25 16:21:09.258721,93,1.00,91
2025-12-25 16:21:10.292919,92,1.00,91
2025-12-25 16:21:11.285629,91,1.00,91
2025-12-25 16:21:12.242623,90,1.00,91
2025-12-25 16:21:13.277283,89,1.00,91
2025-12-25 16:21:14.237223,90,1.00,91
2025-12-25 16:21:15.251842,91,1.00,91
2025-12-25 16:21:16.264334,91,1.00,91
2025-12-25 16:21:17.295167,92,1.00,91
2025-12-25 16:21:18.250195,92,1.00,91
2025-12-25 16:21:19.281635,92,1.00,91
2025-12-25 16:21:20.252122,92,1.00,91
2025-12-25 16:21:21.299452,92,1.00,91
2025-12-25 16:21:22.275632,92,1.00,91
2025-12-25 16:21:23.245659,92,1.00,91
2025-12-25 16:21:24.292776,92,1.00,91
2025-12-25 16:21:25.247889,93,1.00,91
2025-12-25 16:21:26.311106,94,1.00,91
2025-12-25 16:21:27.025100,94,1.00,91
2025-12-25 16:21:27.251043,94,1.00,91
2025-12-25 16:21:28.322859,95,1.00,91
2025-12-25 16:21:29.251335,96,1.00,91
2025-12-25 16:21:30.255209,96,1.00,91
2025-12-25 16:21:31.254988,96,1.00,91
2025-12-25 16:21:32.254848,96,1.00,91
2025-12-25 16:21:33.256095,96,1.00,91
2025-12-25 16:21:34.267316,95,1.00,91
2025-12-25 16:21:35.269524,94,1.00,91
2025-12-25 16:21:36.276040,93,1.00,91
2025-12-25 16:21:37.225876,92,1.00,91
2025-12-25 16:21:38.242536,92,1.00,91
2025-12-25 16:21:39.252476,92,1.00,91
2025-12-25 16:21:40.256190,93,1.00,91
2025-12-25 16:21:41.246906,93,1.00,91
2025-12-25 16:21:42.253018,93,1.00,91
2025-12-25 16:21:43.276199,93,1.00,91
2025-12-25 16:21:44.244425,94,1.00,91
2025-12-25 16:21:45.284539,94,1.00,91
2025-12-25 16:21:46.251432,94,1.00,91
2025-12-25 16:21:47.290620,95,1.00,91
2025-12-25 16:21:48.255376,95,1.00,91
2025-12-25 16:21:49.230154,96,1.00,91
2025-12-25 16:21:50.267446,96,1.00,91
2025-12-25 16:21:51.299189,96,1.00,91
2025-12-25 16:21:52.288604,96,1.00,91
2025-12-25 16:21:53.275950,96,1.00,91
2025-12-25 16:21:53.844863,96,1.00,91
2025-12-25 16:21:54.301011,96,1.00,91
2025-12-25 16:21:55.242009,96,1.00,91
2025-12-25 16:21:56.261194,96,1.00,91
2025-12-25 16:21:57.251874,96,1.00,91
2025-12-25 16:21:58.247812,96,1.00,91
2025-12-25 16:21:59.262657,96,1.00,91
2025-12-25 16:22:00.276391,95,1.00,91
2025-12-25 16:22:01.291559,94,1.00,91
2025-12-25 16:22:02.234754,92,1.00,91
2025-12-25 16:22:03.243147,91,1.00,91
2025-12-25 16:22:04.258391,91,1.00,91
2025-12-25 16:22:05.257525,91,1.00,91
2025-12-25 16:22:06.250235,91,1.00,91
2025-12-25 16:22:07.260134,92,1.00,91
2025-12-25 16:22:08.270196,93,1.00,91
2025-12-25 16:22:09.299618,93,1.00,91
2025-12-25 16:22:10.267396,93,1.00,91
2025-12-25 16:22:11.236616,92,1.00,91
2025-12-25 16:22:12.290417,91,1.00,91
2025-12-25 16:22:13.257022,90,1.00,91
2025-12-25 16:22:14.296500,89,1.00,91
2025-12-25 16:22:15.266503,89,1.00,91
2025-12-25 16:22:16.238101,89,1.00,91
2025-12-25 16:22:17.297679,88,1.00,91
2025-12-25 16:22:18.274301,89,1.00,91
2025-12-25 16:22:19.253005,89,1.00,91
2025-12-25 16:22:20.233855,90,1.00,91
2025-12-25 16:22:21.282750,90,1.00,91
2025-12-25 16:22:22.257509,91,1.00,91
2025-12-25 16:22:23.301849,91,1.00,91
2025-12-25 16:22:24.300587,92,1.00,91
2025-12-25 16:22:25.282240,92,1.00,91
2025-12-25 16:22:26.296765,92,1.00,91
2025-12-25 16:22:27.239256,93,1.00,91
2025-12-25 16:22:27.745133,93,1.00,91
2025-12-25 16:22:28.277955,93,1.00,91
2025-12-25 16:22:29.251343,93,1.00,91
2025-12-25 16:22:30.247623,94,1.00,91
2025-12-25 16:22:31.247511,94,1.00,91
2025-12-25 16:22:32.245988,94,1.00,91
2025-12-25 16:22:33.250586,94,1.00,91
2025-12-25 16:22:34.264153,93,1.00,91
2025-12-25 16:22:35.275795,92,1.00,91
2025-12-25 16:22:36.278166,91,1.00,91
2025-12-25 16:22:37.229732,90,1.00,91
2025-12-25 16:22:38.233974,89,1.00,91
2025-12-25 16:22:39.242086,88,1.00,91
2025-12-25 16:22:40.248715,88,1.00,91
2025-12-25 16:22:41.268256,88,1.00,91
2025-12-25 16:22:42.290688,89,1.00,91
2025-12-25 16:22:43.262033,90,1.00,91
2025-12-25 16:22:44.251750,90,1.00,91
2025-12-25 16:22:45.303445,90,1.00,91
2025-12-25 16:22:46.281131,90,1.00,91
2025-12-25 16:22:47.264691,89,1.00,91
2025-12-25 16:22:48.252606,89,1.00,91
2025-12-25 16:22:49.262942,89,1.00,91
2025-12-25 16:22:50.249564,89,1.00,91
2025-12-25 16:22:51.201078,89,1.00,91
2025-12-25 16:22:51.280975,89,1.00,91
2025-12-25 16:22:52.341293,89,1.00,91
2025-12-25 16:22:53.252584,89,1.00,91
2025-12-25 16:22:54.267336,89,1.00,91
2025-12-25 16:22:55.279311,89,1.00,91
2025-12-25 16:22:56.293663,90,1.00,91
2025-12-25 16:22:57.242489,90,1.00,91
2025-12-25 16:22:58.263574,90,1.00,91
2025-12-25 16:22:59.286131,90,1.00,91
2025-12-25 16:23:00.245325,89,1.00,91
2025-12-25 16:23:01.264732,88,1.00,91
2025-12-25 16:23:02.281866,87,1.00,91
2025-12-25 16:23:03.300807,87,1.00,91
2025-12-25 16:23:04.256261,87,1.00,91
2025-12-25 16:23:05.284567,87,1.00,91
2025-12-25 16:23:06.244049,87,1.00,91
2025-12-25 16:23:07.281352,87,1.00,91
2025-12-25 16:23:08.256738,87,1.00,91
2025-12-25 16:23:09.250680,87,1.00,91
2025-12-25 16:23:10.246428,87,1.00,91
2025-12-25 16:23:11.234270,87,1.00,91
2025-12-25 16:23:12.230924,88,1.00,91
2025-12-25 16:23:13.297476,88,1.00,91
2025-12-25 16:23:14.233450,89,1.00,91
2025-12-25 16:23:15.247189,89,1.00,91
2025-12-25 16:23:16.267438,90,1.00,91
2025-12-25 16:23:17.295125,90,1.00,91
2025-12-25 16:23:18.256891,91,1.00,91
2025-12-25 16:23:29.951527,91,1.00,91
2025-12-25 16:23:30.031342,91,1.00,91
2025-12-25 16:23:30.032120,93,1.00,91
2025-12-25 16:23:30.125123,94,1.00,91
2025-12-25 16:23:30.218501,94,1.00,91
2025-12-25 16:23:30.355949,95,1.00,91
2025-12-25 16:23:30.444900,93,1.00,91
2025-12-25 16:23:30.591953,92,1.00,91
2025-12-25 16:23:30.682007,91,1.00,91
2025-12-25 16:23:30.767866,90,1.00,91
2025-12-25 16:23:30.863991,90,1.00,91
2025-12-25 16:23:30.943191,90,1.00,91
2025-12-25 16:23:31.024361,89,1.00,91
2025-12-25 16:23:31.308254,89,1.00,91
2025-12-25 16:23:32.297545,89,1.00,91
2025-12-25 16:23:33.243191,89,1.00,91
2025-12-25 16:23:34.264192,89,1.00,91
2025-12-25 16:23:35.231398,89,1.00,91
2025-12-25 16:23:36.285610,90,1.00,91
2025-12-25 16:23:37.273667,90,1.00,91
2025-12-25 16:23:38.259693,90,1.00,91
2025-12-25 16:23:39.260795,89,1.00,91
2025-12-25 16:23:40.261361,89,1.00,91
2025-12-25 16:23:41.258272,88,1.00,91
2025-12-25 16:23:42.254551,88,1.00,91
2025-12-25 16:23:43.258593,88,1.00,91
2025-12-25 16:23:44.255340,88,1.00,91
2025-12-25 16:23:45.253010,87,1.00,91
2025-12-25 16:23:46.263499,88,1.00,91
2025-12-25 16:23:47.268820,88,1.00,91
2025-12-25 16:23:48.257727,88,1.00,91
2025-12-25 16:23:49.243351,88,1.00,91
2025-12-25 16:23:50.297405,89,1.00,91
2025-12-25 16:23:51.280119,89,1.00,91
2025-12-25 16:23:52.263899,90,1.00,91
2025-12-25 16:23:53.314733,90,1.00,91
2025-12-25 16:23:54.294457,90,1.00,91
2025-12-25 16:23:55.275791,91,1.00,91
2025-12-25 16:23:56.258849,91,1.00,91
2025-12-25 16:23:57.236054,91,1.00,91
2025-12-25 16:23:58.294723,90,1.00,91
2025-12-25 16:23:59.269006,90,1.00,91
2025-12-25 16:24:00.250394,89,1.00,91
2025-12-25 16:24:01.231526,88,1.00,91
2025-12-25 16:24:02.279180,88,1.00,91
2025-12-25 16:24:03.255058,87,1.00,91
2025-12-25 16:24:04.250218,87,1.00,91
2025-12-25 16:24:05.246085,87,1.00,91
2025-12-25 16:24:06.239954,87,1.00,91
2025-12-25 16:24:07.241428,87,1.00,91
2025-12-25 16:24:08.301368,87,1.00,91
2025-12-25 16:24:09.266881,87,1.00,91
2025-12-25 16:24:10.255143,88,1.00,91
2025-12-25 16:24:11.272581,88,1.00,91
2025-12-25 16:24:12.254837,89,1.00,91
2025-12-25 16:24:13.246160,90,1.00,91
2025-12-25 16:24:14.247210,90,1.00,91
2025-12-25 16:24:15.244245,91,1.00,91
2025-12-25 16:24:16.259072,90,1.00,91
2025-12-25 16:24:17.249556,90,1.00,91
2025-12-25 16:24:18.241459,90,1.00,91
2025-12-25 16:24:19.297556,90,1.00,91
2025-12-25 16:24:20.236930,91,1.00,91
2025-12-25 16:24:21.280699,91,1.00,91
2025-12-25 16:24:22.258438,90,1.00,91
2025-12-25 16:24:23.242362,90,1.00,91
2025-12-25 16:24:24.306023,88,1.00,91
2025-12-25 16:24:25.314092,87,1.00,91
2025-12-25 16:24:26.241739,87,1.00,91
2025-12-25 16:24:27.231797,86,1.00,91
2025-12-25 16:24:28.287390,86,1.00,91
2025-12-25 16:24:29.236697,86,1.00,91
2025-12-25 16:24:30.246397,86,1.00,91
2025-12-25 16:24:31.261251,85,1.00,91
2025-12-25 16:24:32.276379,85,1.00,91
2025-12-25 16:24:33.288023,86,1.00,91
2025-12-25 16:24:34.234687,86,1.00,91
2025-12-25 16:24:35.234296,86,1.00,91
2025-12-25 16:24:36.296250,87,1.00,91
2025-12-25 16:24:37.288522,87,1.00,91
2025-12-25 16:24:38.284165,87,1.00,91
2025-12-25 16:24:39.291885,87,1.00,91
2025-12-25 16:24:40.301607,86,1.00,91
2025-12-25 16:24:41.224069,86,1.00,91
2025-12-25 16:24:42.295681,86,1.00,91
2025-12-25 16:24:43.228782,86,1.00,91
2025-12-25 16:24:44.238332,86,1.00,91
2025-12-25 16:24:45.295975,86,1.00,91
2025-12-25 16:24:46.294257,86,1.00,91
2025-12-25 16:24:47.291362,86,1.00,91
2025-12-25 16:24:48.281153,86,1.00,91
2025-12-25 16:24:49.268858,86,1.00,91
2025-12-25 16:24:50.262158,86,1.00,91
2025-12-25 16:24:51.260788,86,1.00,91
2025-12-25 16:24:52.253003,87,1.00,91
2025-12-25 16:24:53.241904,87,1.00,91
2025-12-25 16:24:54.245962,88,1.00,91
2025-12-25 16:24:55.256139,88,1.00,91
2025-12-25 16:24:56.274814,87,1.00,91
2025-12-25 16:24:57.287218,87,1.00,91
2025-12-25 16:24:58.297688,87,1.00,91
2025-12-25 16:24:59.306295,86,1.00,91
2025-12-25 16:25:00.230544,87,1.00,91
2025-12-25 16:25:01.296464,88,1.00,91
2025-12-25 16:25:02.284433,89,1.00,91
2025-12-25 16:25:03.267830,90,1.00,91
2025-12-25 16:25:04.253537,91,1.00,91
2025-12-25 16:25:05.242384,92,1.00,91
2025-12-25 16:25:06.232934,92,1.00,91
2025-12-25 16:25:07.292298,91,1.00,91
2025-12-25 16:25:08.281459,90,1.00,91
2025-12-25 16:25:09.266381,88,1.00,91
2025-12-25 16:25:10.250705,87,1.00,91
2025-12-25 16:25:11.309472,87,1.00,91
2025-12-25 16:25:12.292539,87,1.00,91
2025-12-25 16:25:13.282419,87,1.00,91
2025-12-25 16:25:14.269904,86,1.00,91
2025-12-25 16:25:15.255237,86,1.00,91
2025-12-25 16:25:16.254385,86,1.00,91
2025-12-25 16:25:17.245429,86,1.00,91
2025-12-25 16:25:18.311425,86,1.00,91
2025-12-25 16:25:19.247637,86,1.00,91
2025-12-25 16:25:20.257402,86,1.00,91
2025-12-25 16:25:21.277860,86,1.00,91
2025-12-25 16:25:22.288257,87,1.00,91
2025-12-25 16:25:23.299694,87,1.00,91
2025-12-25 16:25:24.302902,87,1.00,91
2025-12-25 16:25:25.292895,88,1.00,91
2025-12-25 16:25:26.282843,88,1.00,91
2025-12-25 16:25:27.277701,88,1.00,91
2025-12-25 16:25:28.269305,88,1.00,91
2025-12-25 16:25:29.264064,88,1.00,91
2025-12-25 16:25:30.255131,88,1.00,91
2025-12-25 16:25:31.251994,88,1.00,91
2025-12-25 16:25:32.244948,88,1.00,91
2025-12-25 16:25:33.308999,88,1.00,91
2025-12-25 16:25:34.295276,90,1.00,91
2025-12-25 16:25:35.286923,91,1.00,91
2025-12-25 16:25:36.281645,92,1.00,91
2025-12-25 16:25:37.272475,93,1.00,91
2025-12-25 16:25:38.260296,93,1.00,91
2025-12-25 16:25:39.249122,93,1.00,91
2025-12-25 16:25:40.236108,92,1.00,91
2025-12-25 16:25:41.301597,91,1.00,91
2025-12-25 16:25:42.288376,89,1.00,91
2025-12-25 16:25:43.282785,88,1.00,91
2025-12-25 16:25:44.280616,87,1.00,91
2025-12-25 16:25:45.281810,87,1.00,91
2025-12-25 16:25:46.289218,87,1.00,91
2025-12-25 16:25:47.295549,86,1.00,91
2025-12-25 16:25:48.304722,87,1.00,91
2025-12-25 16:25:49.237088,87,1.00,91
2025-12-25 16:25:50.302768,87,1.00,91
2025-12-25 16:25:51.299759,87,1.00,91
2025-12-25 16:25:52.287652,87,1.00,91
2025-12-25 16:25:53.280408,87,1.00,91
2025-12-25 16:25:54.277998,87,1.00,91
2025-12-25 16:25:55.279792,87,1.00,91
2025-12-25 16:25:56.274909,87,1.00,91
2025-12-25 16:25:57.270966,87,1.00,91
2025-12-25 16:25:58.264614,87,1.00,91
2025-12-25 16:25:59.264935,87,1.00,91
2025-12-25 16:26:00.258671,87,1.00,91
2025-12-25 16:26:01.249386,86,1.00,91
2025-12-25 16:26:02.301126,86,1.00,91
2025-12-25 16:26:03.275991,86,1.00,91
2025-12-25 16:26:04.253944,86,1.00,91
2025-12-25 16:26:05.232969,85,1.00,91
2025-12-25 16:26:06.286032,85,1.00,91
2025-12-25 16:26:07.262394,85,1.00,91
2025-12-25 16:26:08.310552,86,1.00,91
2025-12-25 16:26:09.230197,86,1.00,91
2025-12-25 16:26:10.302635,86,1.00,91
2025-12-25 16:26:11.294352,87,1.00,91
2025-12-25 16:26:12.286006,88,1.00,91
2025-12-25 16:26:13.277021,89,1.00,91
2025-12-25 16:26:14.269743,90,1.00,91
2025-12-25 16:26:15.240757,92,1.00,91
2025-12-25 16:26:16.295843,93,1.00,91
2025-12-25 16:26:17.271505,94,1.00,91
2025-12-25 16:26:18.250779,94,1.00,91
2025-12-25 16:26:19.233010,94,1.00,91
2025-12-25 16:26:20.276471,93,1.00,91
2025-12-25 16:26:21.268804,92,1.00,91
2025-12-25 16:26:22.244369,91,1.00,91
2025-12-25 16:26:23.301111,90,1.00,91
2025-12-25 16:26:24.276765,89,1.00,91
2025-12-25 16:26:25.257980,89,1.00,91
2025-12-25 16:26:26.226409,89,1.00,91
2025-12-25 16:26:27.282529,90,1.00,91
2025-12-25 16:26:28.267377,90,1.00,91
2025-12-25 16:26:29.246967,90,1.00,91
2025-12-25 16:26:30.307237,90,1.00,91
2025-12-25 16:26:31.296488,89,1.00,91
2025-12-25 16:26:32.274975,89,1.00,91
2025-12-25 16:26:33.253621,89,1.00,91
2025-12-25 16:26:34.248916,89,1.00,91
2025-12-25 16:26:35.246311,89,1.00,91
2025-12-25 16:26:36.242488,90,1.00,91
2025-12-25 16:26:37.268742,90,1.00,91
2025-12-25 16:26:38.281062,91,1.00,91
2025-12-25 16:26:39.281464,92,1.00,91
2025-12-25 16:26:40.268607,93,1.00,91
2025-12-25 16:26:41.247301,94,1.00,91
2025-12-25 16:26:42.296692,95,1.00,91
2025-12-25 16:26:43.266643,96,1.00,91
2025-12-25 16:26:44.231483,96,1.00,91
2025-12-25 16:26:45.243052,97,1.00,91
2025-12-25 16:26:46.274038,98,1.00,91
2025-12-25 16:26:47.279378,98,1.00,91
2025-12-25 16:26:48.294533,99,1.00,91
2025-12-25 16:26:49.242989,99,1.00,91
2025-12-25 16:26:50.244280,99,1.00,91
2025-12-25 16:26:51.243630,99,1.00,91
2025-12-25 16:26:52.258516,99,1.00,91
2025-12-25 16:26:53.252991,99,1.00,91
2025-12-25 16:26:54.246896,98,1.00,91
2025-12-25 16:26:55.282618,97,1.00,91
2025-12-25 16:26:56.335287,97,1.00,91
2025-12-25 16:26:57.298793,96,1.00,91
2025-12-25 16:26:58.259972,97,1.00,91
2025-12-25 16:26:59.241966,97,1.00,91
2025-12-25 16:27:00.295782,97,1.00,91
2025-12-25 16:27:01.275122,98,1.00,91
2025-12-25 16:27:02.243679,98,1.00,91
2025-12-25 16:27:03.283183,98,1.00,91
2025-12-25 16:27:04.254444,98,1.00,91
2025-12-25 16:27:05.289306,99,1.00,91
2025-12-25 16:27:06.240701,98,1.00,91
2025-12-25 16:27:07.263104,97,1.00,91
2025-12-25 16:27:08.283934,97,1.00,91
2025-12-25 16:27:09.246554,96,1.00,91
2025-12-25 16:27:10.252489,95,1.00,91
2025-12-25 16:27:11.289502,94,1.00,91
2025-12-25 16:27:12.304780,94,1.00,91
2025-12-25 16:27:13.236024,94,1.00,91
2025-12-25 16:27:14.268227,94,1.00,91
2025-12-25 16:27:15.296786,95,1.00,91
2025-12-25 16:27:16.248063,95,1.00,91
2025-12-25 16:27:17.284919,95,1.00,91
2025-12-25 16:27:18.239607,95,1.00,91
2025-12-25 16:27:19.282484,95,1.00,91
2025-12-25 16:27:20.228281,94,1.00,91
2025-12-25 16:27:21.249334,94,1.00,91
2025-12-25 16:27:22.267638,93,1.00,91
2025-12-25 16:27:23.291808,92,1.00,91
2025-12-25 16:27:24.267921,92,1.00,91
2025-12-25 16:27:25.249445,91,1.00,91
2025-12-25 16:27:26.295022,91,1.00,91
2025-12-25 16:27:27.279028,91,1.00,91
2025-12-25 16:27:28.278910,91,1.00,91
2025-12-25 16:27:29.293507,91,1.00,91
2025-12-25 16:27:30.297944,92,1.00,91
2025-12-25 16:27:31.305225,92,1.00,91
2025-12-25 16:27:32.232495,93,1.00,91
2025-12-25 16:27:33.259233,93,1.00,91
2025-12-25 16:27:34.287062,93,1.00,91
2025-12-25 16:27:35.247233,93,1.00,91
2025-12-25 16:27:36.270395,94,1.00,91
2025-12-25 16:27:37.299666,94,1.00,91
2025-12-25 16:27:38.251199,95,1.00,91
2025-12-25 16:27:39.277735,95,1.00,91
2025-12-25 16:27:40.235822,94,1.00,91
2025-12-25 16:27:41.259144,94,1.00,91
2025-12-25 16:27:42.279359,92,1.00,91
2025-12-25 16:27:43.298526,91,1.00,91
2025-12-25 16:27:44.255877,90,1.00,91
2025-12-25 16:27:45.276176,89,1.00,91
2025-12-25 16:27:46.230705,89,1.00,91
2025-12-25 16:27:47.308356,89,1.00,91
2025-12-25 16:27:48.288357,89,1.00,91
2025-12-25 16:27:49.287035,90,1.00,91
2025-12-25 16:27:50.307778,91,1.00,91
2025-12-25 16:27:51.224227,91,1.00,91
2025-12-25 16:27:52.297549,92,1.00,91
2025-12-25 16:27:53.296891,92,1.00,91
2025-12-25 16:27:54.291952,93,1.00,91
2025-12-25 16:27:55.280686,93,1.00,91
2025-12-25 16:27:56.251400,94,1.00,91
2025-12-25 16:27:57.294152,94,1.00,91
2025-12-25 16:27:58.267681,95,1.00,91
2025-12-25 16:27:59.243585,95,1.00,91
2025-12-25 16:28:00.290309,95,1.00,91
2025-12-25 16:28:01.278106,94,1.00,91
2025-12-25 16:28:02.294583,93,1.00,91
2025-12-25 16:28:03.297152,92,1.00,91
2025-12-25 16:28:04.283839,93,1.00,91
2025-12-25 16:28:05.265724,93,1.00,91
2025-12-25 16:28:06.253162,94,1.00,91
2025-12-25 16:28:07.241836,95,1.00,91
2025-12-25 16:28:08.231152,96,1.00,91
2025-12-25 16:28:09.287394,97,1.00,91
2025-12-25 16:28:10.265358,97,1.00,91
2025-12-25 16:28:11.315218,97,1.00,91
2025-12-25 16:28:12.291254,95,1.00,91
2025-12-25 16:28:13.269933,94,1.00,91
2025-12-25 16:28:14.256767,93,1.00,91
2025-12-25 16:28:15.245571,93,1.00,91
2025-12-25 16:28:16.235816,94,1.00,91
2025-12-25 16:28:17.282734,94,1.00,91
2025-12-25 16:28:18.285909,95,1.00,91
2025-12-25 16:28:19.274259,95,1.00,91
2025-12-25 16:28:20.301649,95,1.00,91
2025-12-25 16:28:21.278940,95,1.00,91
2025-12-25 16:28:22.273335,95,1.00,91
2025-12-25 16:28:23.252549,95,1.00,91
2025-12-25 16:28:24.231260,94,1.00,91
2025-12-25 16:28:25.291074,94,1.00,91
2025-12-25 16:28:26.281938,93,1.00,91
2025-12-25 16:28:27.271039,93,1.00,91
2025-12-25 16:28:28.257314,91,1.00,91
2025-12-25 16:28:29.310984,90,1.00,91
2025-12-25 16:28:30.289146,88,1.00,91
2025-12-25 16:28:31.275671,87,1.00,91
2025-12-25 16:28:32.260371,87,1.00,91
2025-12-25 16:28:33.242890,87,1.00,91
2025-12-25 16:28:34.295629,88,1.00,91
2025-12-25 16:28:35.288234,89,1.00,91
2025-12-25 16:28:36.300542,90,1.00,91
2025-12-25 16:28:37.263241,90,1.00,91
2025-12-25 16:28:38.301911,91,1.00,91
2025-12-25 16:28:39.271041,91,1.00,91
2025-12-25 16:28:40.243179,92,1.00,91
2025-12-25 16:28:41.296746,92,1.00,91
2025-12-25 16:28:42.271075,93,1.00,91
2025-12-25 16:28:43.242342,94,1.00,91
2025-12-25 16:28:44.272193,94,1.00,91
2025-12-25 16:28:45.243972,94,1.00,91
2025-12-25 16:28:46.312961,95,1.00,91
2025-12-25 16:28:47.330620,95,1.00,91
2025-12-25 16:28:48.279254,96,1.00,91
2025-12-25 16:28:49.269758,96,1.00,91
2025-12-25 16:28:50.255381,97,1.00,91
2025-12-25 16:28:51.236997,97,1.00,91
2025-12-25 16:28:52.292840,95,1.00,91
2025-12-25 16:28:53.275388,94,1.00,91
2025-12-25 16:28:54.265781,92,1.00,91
2025-12-25 16:28:55.245311,91,1.00,91
2025-12-25 16:28:56.304989,90,1.00,91
2025-12-25 16:28:57.290026,89,1.00,91
2025-12-25 16:28:58.273449,89,1.00,91
2025-12-25 16:28:59.257299,89,1.00,91
2025-12-25 16:29:00.235796,90,1.00,91
2025-12-25 16:29:01.303382,90,1.00,91
2025-12-25 16:29:02.239543,91,1.00,91
2025-12-25 16:29:03.259607,92,1.00,91
2025-12-25 16:29:04.297918,93,1.00,91
2025-12-25 16:29:05.269782,94,1.00,91
2025-12-25 16:29:06.245266,93,1.00,91
2025-12-25 16:29:07.232844,93,1.00,91
2025-12-25 16:29:08.310832,93,1.00,91
2025-12-25 16:29:09.310523,93,1.00,91
2025-12-25 16:29:10.264142,93,1.00,91
2025-12-25 16:29:11.292236,93,1.00,91
2025-12-25 16:29:12.252015,93,1.00,91
2025-12-25 16:29:13.288604,93,1.00,91
2025-12-25 16:29:14.257195,93,1.00,91
2025-12-25 16:29:15.233028,92,1.00,91
2025-12-25 16:29:16.278366,91,1.00,91
2025-12-25 16:29:17.250017,90,1.00,91
2025-12-25 16:29:18.228427,89,1.00,91
2025-12-25 16:29:19.273915,89,1.00,91
2025-12-25 16:29:20.241647,89,1.00,91
2025-12-25 16:29:21.284377,89,1.00,91
2025-12-25 16:29:22.246478,89,1.00,91
2025-12-25 16:29:23.303287,89,1.00,91
2025-12-25 16:29:24.302562,90,1.00,91
2025-12-25 16:29:25.233173,90,1.00,91
2025-12-25 16:29:26.306727,91,1.00,91
2025-12-25 16:29:27.270162,91,1.00,91
2025-12-25 16:29:28.242026,92,1.00,91
2025-12-25 16:29:29.228453,93,1.00,91
2025-12-25 16:29:30.245016,95,1.00,91
2025-12-25 16:29:31.230813,96,1.00,91
2025-12-25 16:29:32.291267,96,1.00,91
2025-12-25 16:29:33.268899,96,1.00,91
2025-12-25 16:29:34.250128,95,1.00,91
2025-12-25 16:29:35.291292,94,1.00,91
2025-12-25 16:29:36.252810,93,1.00,91
2025-12-25 16:29:37.233950,91,1.00,91
2025-12-25 16:29:38.274816,90,1.00,91
2025-12-25 16:29:39.242110,89,1.00,91
2025-12-25 16:29:40.281935,90,1.00,91
2025-12-25 16:29:41.243652,90,1.00,91
2025-12-25 16:29:42.250693,91,1.00,91
2025-12-25 16:29:43.270324,93,1.00,91
2025-12-25 16:29:44.235580,94,1.00,91
2025-12-25 16:29:45.291020,95,1.00,91
2025-12-25 16:29:46.280251,96,1.00,91
2025-12-25 16:29:47.265857,96,1.00,91
2025-12-25 16:29:48.255897,95,1.00,91
2025-12-25 16:29:49.249603,94,1.00,91
2025-12-25 16:29:50.248701,94,1.00,91
2025-12-25 16:29:51.247283,94,1.00,91
2025-12-25 16:29:52.254856,94,1.00,91
2025-12-25 16:29:53.234005,94,1.00,91
2025-12-25 16:29:54.264646,95,1.00,91
2025-12-25 16:29:55.234848,95,1.00,91
2025-12-25 16:29:56.264389,96,1.00,91
2025-12-25 16:29:57.294821,96,1.00,91
2025-12-25 16:29:58.258493,96,1.00,91
2025-12-25 16:29:59.287565,95,1.00,91
2025-12-25 16:30:00.228720,94,1.00,91
2025-12-25 16:30:01.242258,93,1.00,91
2025-12-25 16:30:02.256292,93,1.00,91
2025-12-25 16:30:03.261722,93,1.00,91
2025-12-25 16:30:04.261904,93,1.00,91
2025-12-25 16:30:05.273891,93,1.00,91
2025-12-25 16:30:06.273201,93,1.00,91
2025-12-25 16:30:07.278011,94,1.00,91
2025-12-25 16:30:08.225951,94,1.00,91
2025-12-25 16:30:09.274692,94,1.00,91
2025-12-25 16:30:10.254252,94,1.00,91
2025-12-25 16:30:11.235963,93,1.00,91
2025-12-25 16:30:12.295491,94,1.00,91
2025-12-25 16:30:13.287144,94,1.00,91
2025-12-25 16:30:14.268006,94,1.00,91
2025-12-25 16:30:15.250294,95,1.00,91
2025-12-25 16:30:16.289862,95,1.00,91
2025-12-25 16:30:17.230691,96,1.00,91
2025-12-25 16:30:18.235476,96,1.00,91
2025-12-25 16:30:19.250346,96,1.00,91
2025-12-25 16:30:20.333867,95,1.00,91
2025-12-25 16:30:21.263863,95,1.00,91
2025-12-25 16:30:22.292887,95,1.00,91
2025-12-25 16:30:23.256295,95,1.00,91
2025-12-25 16:30:24.284974,96,1.00,91
2025-12-25 16:30:25.228752,97,1.00,91
2025-12-25 16:30:26.239727,96,1.00,91
2025-12-25 16:30:27.250678,94,1.00,91
2025-12-25 16:30:28.258999,93,1.00,91
2025-12-25 16:30:29.265047,92,1.00,91
2025-12-25 16:30:30.276325,92,1.00,91
2025-12-25 16:30:31.285769,92,1.00,91
2025-12-25 16:30:32.290907,91,1.00,91
2025-12-25 16:30:33.241924,91,1.00,91
2025-12-25 16:30:34.298202,90,1.00,91
2025-12-25 16:30:35.283751,90,1.00,91
2025-12-25 16:30:36.273560,90,1.00,91
2025-12-25 16:30:37.265973,90,1.00,91
2025-12-25 16:30:38.250679,90,1.00,91
2025-12-25 16:30:39.232503,90,1.00,91
2025-12-25 16:30:40.303828,91,1.00,91
2025-12-25 16:30:41.287519,92,1.00,91
2025-12-25 16:30:42.265944,93,1.00,91
2025-12-25 16:30:43.255603,95,1.00,91
2025-12-25 16:30:44.243729,96,1.00,91
2025-12-25 16:30:45.270005,98,1.00,91
2025-12-25 16:30:46.236338,99,1.00,91
2025-12-25 16:30:47.311838,100,1.00,91
2025-12-25 16:30:48.246522,101,1.00,91
2025-12-25 16:30:49.281233,102,1.00,91
2025-12-25 16:30:50.290158,101,1.00,91
2025-12-25 16:30:51.226459,100,1.00,91
2025-12-25 16:30:52.241409,98,1.00,91
2025-12-25 16:30:53.255212,97,1.00,91
2025-12-25 16:30:54.271798,95,1.00,91
2025-12-25 16:30:55.286202,94,1.00,91
2025-12-25 16:30:56.299397,93,1.00,91
2025-12-25 16:30:57.240657,93,1.00,91
2025-12-25 16:30:58.259326,92,1.00,91
2025-12-25 16:30:59.279217,92,1.00,91
2025-12-25 16:31:00.293392,93,1.00,91
2025-12-25 16:31:01.258373,93,1.00,91
2025-12-25 16:31:02.236449,94,1.00,91
2025-12-25 16:31:03.300364,95,1.00,91
2025-12-25 16:31:04.292489,95,1.00,91
2025-12-25 16:31:05.285345,95,1.00,91
2025-12-25 16:31:06.275468,95,1.00,91
2025-12-25 16:31:07.269898,94,1.00,91
2025-12-25 16:31:08.263260,94,1.00,91
2025-12-25 16:31:09.270948,94,1.00,91
2025-12-25 16:31:10.263787,94,1.00,91
2025-12-25 16:31:11.234222,95,1.00,91
2025-12-25 16:31:12.252407,95,1.00,91
2025-12-25 16:31:13.285181,95,1.00,91
2025-12-25 16:31:14.325194,96,1.00,91
2025-12-25 16:31:15.227688,96,1.00,91
2025-12-25 16:31:16.253935,97,1.00,91
2025-12-25 16:31:17.269362,97,1.00,91
2025-12-25 16:31:18.284223,98,1.00,91
2025-12-25 16:31:19.293021,98,1.00,91
2025-12-25 16:31:20.236187,97,1.00,91
2025-12-25 16:31:21.253181,96,1.00,91
2025-12-25 16:31:22.263439,95,1.00,91
2025-12-25 16:31:23.292935,94,1.00,91
2025-12-25 16:31:24.248830,93,1.00,91
2025-12-25 16:31:25.273838,92,1.00,91
2025-12-25 16:31:26.291803,92,1.00,91
2025-12-25 16:31:27.241694,92,1.00,91
2025-12-25 16:31:28.257659,92,1.00,91
2025-12-25 16:31:29.288307,92,1.00,91
2025-12-25 16:31:30.269905,92,1.00,91
2025-12-25 16:31:31.263865,92,1.00,91
2025-12-25 16:31:32.247382,92,1.00,91
2025-12-25 16:31:33.308093,92,1.00,91
2025-12-25 16:31:34.237941,92,1.00,91
2025-12-25 16:31:35.300972,92,1.00,91
2025-12-25 16:31:36.266406,92,1.00,91
2025-12-25 16:31:37.245468,93,1.00,91
2025-12-25 16:31:38.243958,94,1.00,91
2025-12-25 16:31:39.284304,95,1.00,91
2025-12-25 16:31:40.226827,93,1.00,91
2025-12-25 16:31:41.314575,92,1.00,91
2025-12-25 16:31:42.255946,91,1.00,91
2025-12-25 16:31:43.279241,89,1.00,91
2025-12-25 16:31:44.293679,89,1.00,91
2025-12-25 16:31:45.236188,88,1.00,91
2025-12-25 16:31:46.250987,88,1.00,91
2025-12-25 16:31:47.246979,88,1.00,91
2025-12-25 16:31:48.252793,89,1.00,91
2025-12-25 16:31:49.279999,90,1.00,91
2025-12-25 16:31:50.227717,90,1.00,91
2025-12-25 16:31:51.245254,90,1.00,91
2025-12-25 16:31:52.272753,91,1.00,91
2025-12-25 16:31:53.251022,91,1.00,91
2025-12-25 16:31:54.232751,91,1.00,91
2025-12-25 16:31:55.232461,91,1.00,91
2025-12-25 16:31:56.308247,91,1.00,91
2025-12-25 16:31:57.296356,91,1.00,91
2025-12-25 16:31:58.293552,91,1.00,91
2025-12-25 16:31:59.302816,91,1.00,91
2025-12-25 16:32:00.231917,92,1.00,91
2025-12-25 16:32:01.241610,93,1.00,91
2025-12-25 16:32:02.307789,93,1.00,91
2025-12-25 16:32:03.272067,94,1.00,91
2025-12-25 16:32:04.234822,95,1.00,91
2025-12-25 16:32:05.312036,95,1.00,91
2025-12-25 16:32:06.290790,95,1.00,91
2025-12-25 16:32:07.236996,95,1.00,91
2025-12-25 16:32:08.253281,94,1.00,91
2025-12-25 16:32:09.265596,93,1.00,91
2025-12-25 16:32:10.286181,92,1.00,91
2025-12-25 16:32:11.236912,91,1.00,91
2025-12-25 16:32:12.257905,90,1.00,91
2025-12-25 16:32:13.271083,89,1.00,91
2025-12-25 16:32:14.287514,89,1.00,91
2025-12-25 16:32:15.303883,90,1.00,91
2025-12-25 16:32:16.249453,90,1.00,91
2025-12-25 16:32:17.278072,91,1.00,91
2025-12-25 16:32:18.229225,91,1.00,91
2025-12-25 16:32:19.243226,91,1.00,91
2025-12-25 16:32:20.266347,92,1.00,91
2025-12-25 16:32:21.236682,92,1.00,91
2025-12-25 16:32:22.225272,91,1.00,91
2025-12-25 16:32:23.242334,89,1.00,91
2025-12-25 16:32:24.270649,90,1.00,91
2025-12-25 16:32:25.237352,90,1.00,91
2025-12-25 16:32:26.265960,91,1.00,91
2025-12-25 16:32:27.226136,92,1.00,91
2025-12-25 16:32:28.256913,91,1.00,91
2025-12-25 16:32:29.286356,90,1.00,91
2025-12-25 16:32:30.236435,91,1.00,91
2025-12-25 16:32:31.260615,92,1.00,91
2025-12-25 16:32:32.266399,93,1.00,91
2025-12-25 16:32:33.265973,94,1.00,91
2025-12-25 16:32:34.267246,94,1.00,91
2025-12-25 16:32:35.268613,94,1.00,91
2025-12-25 16:32:36.267962,94,1.00,91
2025-12-25 16:32:37.264122,94,1.00,91
2025-12-25 16:32:38.275645,93,1.00,91
2025-12-25 16:32:39.292233,92,1.00,91
2025-12-25 16:32:40.241916,91,1.00,91
2025-12-25 16:32:41.286986,90,1.00,91
2025-12-25 16:32:42.281350,90,1.00,91
2025-12-25 16:32:43.235851,89,1.00,91
2025-12-25 16:32:44.249474,90,1.00,91
2025-12-25 16:32:45.266966,91,1.00,91
2025-12-25 16:32:46.325246,91,1.00,91
2025-12-25 16:32:47.223689,91,1.00,91
2025-12-25 16:32:48.244534,91,1.00,91
2025-12-25 16:32:49.284028,91,1.00,91
2025-12-25 16:32:50.245854,92,1.00,91
2025-12-25 16:32:51.288817,92,1.00,91
2025-12-25 16:32:52.246199,92,1.00,91
2025-12-25 16:32:53.280842,92,1.00,91
2025-12-25 16:32:54.236712,91,1.00,91
2025-12-25 16:32:55.252437,90,1.00,91
2025-12-25 16:32:56.275915,89,1.00,91
2025-12-25 16:32:57.290246,89,1.00,91
2025-12-25 16:32:58.248235,89,1.00,91
2025-12-25 16:32:59.265259,89,1.00,91
2025-12-25 16:33:00.288227,89,1.00,91
2025-12-25 16:33:01.257209,89,1.00,91
2025-12-25 16:33:02.235338,88,1.00,91
2025-12-25 16:33:03.299131,88,1.00,91
2025-12-25 16:33:04.280977,88,1.00,91
2025-12-25 16:33:05.242624,89,1.00,91
2025-12-25 16:33:06.260400,89,1.00,91
2025-12-25 16:33:07.280142,90,1.00,91
2025-12-25 16:33:08.224481,90,1.00,91
2025-12-25 16:33:09.294212,91,1.00,91
2025-12-25 16:33:10.252055,91,1.00,91
2025-12-25 16:33:11.279758,92,1.00,91
2025-12-25 16:33:12.225143,92,1.00,91
2025-12-25 16:33:13.240955,93,1.00,91
2025-12-25 16:33:14.279945,93,1.00,91
2025-12-25 16:33:15.247957,93,1.00,91
2025-12-25 16:33:16.286351,93,1.00,91
2025-12-25 16:33:17.247987,93,1.00,91
2025-12-25 16:33:18.279910,93,1.00,91
2025-12-25 16:33:19.238573,92,1.00,91
2025-12-25 16:33:20.251748,92,1.00,91
2025-12-25 16:33:21.267520,92,1.00,91
2025-12-25 16:33:22.293882,92,1.00,91
2025-12-25 16:33:23.266427,93,1.00,91
2025-12-25 16:33:24.251758,93,1.00,91
2025-12-25 16:33:25.247228,93,1.00,91
2025-12-25 16:33:26.240168,93,1.00,91
2025-12-25 16:33:27.227116,94,1.00,91
2025-12-25 16:33:28.293119,94,1.00,91
2025-12-25 16:33:29.230515,94,1.00,91
2025-12-25 16:33:30.267705,94,1.00,91
2025-12-25 16:33:31.273056,94,1.00,91
2025-12-25 16:33:32.367317,95,1.00,91
2025-12-25 16:33:33.261952,95,1.00,91
2025-12-25 16:33:34.288157,95,1.00,91
2025-12-25 16:33:35.231002,95,1.00,91
2025-12-25 16:33:36.246261,95,1.00,91
2025-12-25 16:33:37.260197,95,1.00,91
2025-12-25 16:33:38.284232,96,1.00,91
2025-12-25 16:33:39.252865,96,1.00,91
2025-12-25 16:33:40.290044,96,1.00,91
2025-12-25 16:33:41.235204,96,1.00,91
2025-12-25 16:33:42.252153,96,1.00,91
2025-12-25 16:33:43.287910,96,1.00,91
2025-12-25 16:33:44.241359,96,1.00,91
2025-12-25 16:33:45.256870,95,1.00,91
2025-12-25 16:33:46.263506,95,1.00,91
2025-12-25 16:33:47.284093,94,1.00,91
2025-12-25 16:33:48.250281,94,1.00,91
2025-12-25 16:33:49.245885,93,1.00,91
2025-12-25 16:33:50.236996,92,1.00,91
2025-12-25 16:33:51.269872,92,1.00,91
2025-12-25 16:33:52.291546,92,1.00,91
2025-12-25 16:33:53.242221,93,1.00,91
2025-12-25 16:33:54.298164,93,1.00,91
2025-12-25 16:33:55.272652,94,1.00,91
2025-12-25 16:33:56.221172,94,1.00,91
2025-12-25 16:34:08.008658,94,1.00,91
2025-12-25 16:34:08.086934,94,1.00,91
2025-12-25 16:34:08.160075,95,1.00,91
2025-12-25 16:34:08.233557,94,1.00,91
2025-12-25 16:34:08.306807,93,1.00,91
2025-12-25 16:34:08.379376,92,1.00,91
2025-12-25 16:34:08.453061,92,1.00,91
2025-12-25 16:34:08.525351,92,1.00,91
2025-12-25 16:34:08.597966,93,1.00,91
2025-12-25 16:34:08.670780,92,1.00,91
2025-12-25 16:34:08.745067,92,1.00,91
2025-12-25 16:34:08.819454,92,1.00,91
2025-12-25 16:34:09.261866,92,1.00,91
2025-12-25 16:34:10.289119,92,1.00,91
2025-12-25 16:34:11.266634,92,1.00,91
2025-12-25 16:34:12.241333,92,1.00,91
2025-12-25 16:34:13.295121,92,1.00,91
2025-12-25 16:34:14.268016,92,1.00,91
2025-12-25 16:34:15.242725,92,1.00,91
2025-12-25 16:34:16.294951,93,1.00,91
2025-12-25 16:34:17.271327,93,1.00,91
2025-12-25 16:34:18.260551,94,1.00,91
2025-12-25 16:34:19.244651,94,1.00,91
2025-12-25 16:34:20.303187,94,1.00,91
2025-12-25 16:34:21.286031,93,1.00,91
2025-12-25 16:34:22.266480,92,1.00,91
2025-12-25 16:34:23.252647,92,1.00,91
2025-12-25 16:34:24.234077,91,1.00,91
2025-12-25 16:34:25.293470,90,1.00,91
2025-12-25 16:34:26.277357,91,1.00,91
2025-12-25 16:34:27.256751,91,1.00,91
2025-12-25 16:34:28.248794,92,1.00,91
2025-12-25 16:34:29.253896,93,1.00,91
2025-12-25 16:34:30.256165,94,1.00,91
2025-12-25 16:34:31.259959,94,1.00,91
2025-12-25 16:34:32.251473,94,1.00,91
2025-12-25 16:34:33.247176,93,1.00,91
2025-12-25 16:34:34.239049,93,1.00,91
2025-12-25 16:34:35.291961,93,1.00,91
2025-12-25 16:34:36.267774,93,1.00,91
2025-12-25 16:34:37.245364,93,1.00,91
2025-12-25 16:34:38.293010,93,1.00,91
2025-12-25 16:34:39.269331,93,1.00,91
2025-12-25 16:34:40.245830,93,1.00,91
2025-12-25 16:34:41.298768,93,1.00,91
2025-12-25 16:34:42.274535,93,1.00,91
2025-12-25 16:34:43.251550,92,1.00,91
2025-12-25 16:34:44.226967,91,1.00,91
2025-12-25 16:34:45.277228,91,1.00,91
2025-12-25 16:34:46.263526,90,1.00,91
2025-12-25 16:34:47.319711,89,1.00,91
2025-12-25 16:34:48.295408,89,1.00,91
2025-12-25 16:34:49.277835,88,1.00,91
2025-12-25 16:34:50.274842,88,1.00,91
2025-12-25 16:34:51.260198,89,1.00,91
2025-12-25 16:34:52.243514,89,1.00,91
2025-12-25 16:34:53.304501,89,1.00,91
2025-12-25 16:34:54.301514,89,1.00,91
2025-12-25 16:34:55.307055,89,1.00,91
2025-12-25 16:34:56.229981,89,1.00,91
2025-12-25 16:34:57.302421,89,1.00,91
2025-12-25 16:34:58.225050,89,1.00,91
2025-12-25 16:34:59.300470,88,1.00,91
2025-12-25 16:35:00.285860,89,1.00,91
2025-12-25 16:35:01.276361,89,1.00,91
2025-12-25 16:35:02.253496,89,1.00,91
2025-12-25 16:35:03.241973,90,1.00,91
2025-12-25 16:35:04.226089,91,1.00,91
2025-12-25 16:35:05.285590,92,1.00,91
2025-12-25 16:35:06.274929,92,1.00,91
2025-12-25 16:35:07.254796,92,1.00,91
2025-12-25 16:35:08.230768,92,1.00,91
2025-12-25 16:35:09.282327,91,1.00,91
2025-12-25 16:35:10.259892,91,1.00,91
2025-12-25 16:35:11.240886,91,1.00,91
2025-12-25 16:35:12.294824,91,1.00,91
2025-12-25 16:35:13.274895,91,1.00,91
2025-12-25 16:35:14.253194,91,1.00,91
2025-12-25 16:35:15.228586,91,1.00,91
2025-12-25 16:35:16.288066,89,1.00,91
2025-12-25 16:35:17.271411,87,1.00,91
2025-12-25 16:35:18.258886,86,1.00,91
2025-12-25 16:35:19.265949,84,1.00,91
2025-12-25 16:35:20.244646,83,1.00,91
2025-12-25 16:35:21.286406,83,1.00,91
2025-12-25 16:35:22.251320,82,1.00,91
2025-12-25 16:35:23.286785,82,1.00,91
2025-12-25 16:35:24.246001,82,1.00,91
2025-12-25 16:35:25.267214,83,1.00,91
2025-12-25 16:35:26.292988,83,1.00,91
2025-12-25 16:35:27.241072,84,1.00,91
2025-12-25 16:35:28.271266,84,1.00,91
2025-12-25 16:35:29.223044,85,1.00,91
2025-12-25 16:35:30.248682,85,1.00,91
2025-12-25 16:35:31.273187,85,1.00,91
2025-12-25 16:35:32.232362,85,1.00,91
2025-12-25 16:35:33.240460,85,1.00,91
2025-12-25 16:35:34.278754,85,1.00,91
2025-12-25 16:35:35.229354,85,1.00,91
2025-12-25 16:35:36.259111,84,1.00,91
2025-12-25 16:35:37.292544,84,1.00,91
2025-12-25 16:35:38.253820,83,1.00,91
2025-12-25 16:35:39.284839,83,1.00,91
2025-12-25 16:35:40.237927,83,1.00,91
2025-12-25 16:35:41.267242,82,1.00,91
2025-12-25 16:35:42.298883,83,1.00,91
2025-12-25 16:35:43.247442,83,1.00,91
2025-12-25 16:35:44.228603,84,1.00,91
2025-12-25 16:35:45.245882,84,1.00,91
2025-12-25 16:35:46.261998,84,1.00,91
2025-12-25 16:35:47.288716,85,1.00,91
2025-12-25 16:35:48.302189,84,1.00,91
2025-12-25 16:35:49.236732,84,1.00,91
2025-12-25 16:35:50.303972,84,1.00,91
2025-12-25 16:35:51.308259,84,1.00,91
2025-12-25 16:35:52.230567,84,1.00,91
2025-12-25 16:35:53.231790,84,1.00,91
2025-12-25 16:35:54.223996,84,1.00,91
2025-12-25 16:35:55.235710,84,1.00,91
2025-12-25 16:35:56.240077,85,1.00,91
2025-12-25 16:35:57.264614,85,1.00,91
2025-12-25 16:35:58.283177,86,1.00,91
2025-12-25 16:35:59.289389,86,1.00,91
2025-12-25 16:36:00.294943,87,1.00,91
2025-12-25 16:36:01.308587,88,1.00,91
2025-12-25 16:36:02.235391,88,1.00,91
2025-12-25 16:36:03.305520,89,1.00,91
2025-12-25 16:36:04.295184,88,1.00,91
2025-12-25 16:36:05.279079,87,1.00,91
2025-12-25 16:36:06.280917,86,1.00,91
2025-12-25 16:36:07.259803,86,1.00,91
2025-12-25 16:36:08.228449,86,1.00,91
2025-12-25 16:36:09.303649,87,1.00,91
2025-12-25 16:36:10.287104,87,1.00,91
2025-12-25 16:36:11.279171,88,1.00,91
2025-12-25 16:36:12.264535,88,1.00,91
2025-12-25 16:36:13.269036,88,1.00,91
2025-12-25 16:36:14.271417,88,1.00,91
2025-12-25 16:36:15.264775,87,1.00,91
2025-12-25 16:36:16.265200,87,1.00,91
2025-12-25 16:36:17.224887,87,1.00,91
2025-12-25 16:36:18.280158,87,1.00,91
2025-12-25 16:36:19.245087,88,1.00,91
2025-12-25 16:36:20.259339,88,1.00,91
2025-12-25 16:36:21.264906,88,1.00,91
2025-12-25 16:36:22.230053,87,1.00,91
2025-12-25 16:36:23.295705,86,1.00,91
2025-12-25 16:36:24.295301,86,1.00,91
2025-12-25 16:36:25.247584,86,1.00,91
2025-12-25 16:36:26.284147,86,1.00,91
2025-12-25 16:36:27.270513,86,1.00,91
2025-12-25 16:36:28.271420,86,1.00,91
2025-12-25 16:36:29.250896,86,1.00,91
2025-12-25 16:36:30.232487,86,1.00,91
2025-12-25 16:36:31.223838,86,1.00,91
2025-12-25 16:36:32.285368,86,1.00,91
2025-12-25 16:36:33.240286,86,1.00,91
2025-12-25 16:36:34.225765,87,1.00,91
2025-12-25 16:36:35.230053,88,1.00,91
2025-12-25 16:36:36.294875,89,1.00,91
2025-12-25 16:36:37.234233,89,1.00,91
2025-12-25 16:36:38.242348,90,1.00,91
2025-12-25 16:36:39.274086,90,1.00,91
2025-12-25 16:36:40.237158,91,1.00,91
2025-12-25 16:36:41.294929,92,1.00,91
2025-12-25 16:36:42.292293,92,1.00,91
2025-12-25 16:36:43.288674,93,1.00,91
2025-12-25 16:36:44.285757,92,1.00,91
2025-12-25 16:36:45.271489,91,1.00,91
2025-12-25 16:36:46.261462,89,1.00,91
2025-12-25 16:36:47.271894,88,1.00,91
2025-12-25 16:36:48.258183,86,1.00,91
2025-12-25 16:36:49.300255,85,1.00,91
2025-12-25 16:36:50.257133,85,1.00,91
2025-12-25 16:36:51.295696,84,1.00,91
2025-12-25 16:36:52.288453,84,1.00,91
2025-12-25 16:36:53.295810,84,1.00,91
2025-12-25 16:36:54.293590,85,1.00,91
2025-12-25 16:36:55.296857,85,1.00,91
2025-12-25 16:36:56.295434,85,1.00,91
2025-12-25 16:36:57.229838,85,1.00,91
2025-12-25 16:36:58.291273,85,1.00,91
2025-12-25 16:36:59.289447,85,1.00,91
2025-12-25 16:37:00.292536,84,1.00,91
2025-12-25 16:37:01.279791,84,1.00,91
2025-12-25 16:37:02.290605,84,1.00,91
2025-12-25 16:37:03.275117,84,1.00,91
2025-12-25 16:37:04.263831,85,1.00,91
2025-12-25 16:37:05.244530,85,1.00,91
2025-12-25 16:37:06.249958,86,1.00,91
2025-12-25 16:37:07.242867,87,1.00,91
2025-12-25 16:37:08.244412,88,1.00,91
2025-12-25 16:37:09.278235,89,1.00,91
2025-12-25 16:37:10.230484,90,1.00,91
2025-12-25 16:37:11.227311,91,1.00,91
2025-12-25 16:37:12.255856,91,1.00,91
2025-12-25 16:37:13.239537,91,1.00,91
2025-12-25 16:37:14.236439,91,1.00,91
2025-12-25 16:37:15.230939,91,1.00,91
2025-12-25 16:37:16.254637,91,1.00,91
2025-12-25 16:37:17.259498,91,1.00,91
2025-12-25 16:37:18.266254,91,1.00,91
2025-12-25 16:37:19.269286,91,1.00,91
2025-12-25 16:37:20.268407,91,1.00,91
2025-12-25 16:37:21.263597,91,1.00,91
2025-12-25 16:37:22.270190,90,1.00,91
2025-12-25 16:37:23.275240,90,1.00,91
2025-12-25 16:37:24.296299,90,1.00,91
2025-12-25 16:37:25.267085,90,1.00,91
2025-12-25 16:37:26.264968,90,1.00,91
2025-12-25 16:37:27.270812,90,1.00,91
2025-12-25 16:37:28.251882,89,1.00,91
2025-12-25 16:37:29.245042,89,1.00,91
2025-12-25 16:37:30.249152,88,1.00,91
2025-12-25 16:37:31.254487,87,1.00,91
2025-12-25 16:37:32.240518,86,1.00,91
2025-12-25 16:37:33.219050,86,1.00,91
2025-12-25 16:37:34.272002,86,1.00,91
2025-12-25 16:37:35.255990,86,1.00,91
2025-12-25 16:37:36.231575,87,1.00,91
2025-12-25 16:37:37.287954,87,1.00,91
2025-12-25 16:37:38.279527,89,1.00,91
2025-12-25 16:37:39.266282,90,1.00,91
2025-12-25 16:37:40.241554,91,1.00,91
2025-12-25 16:37:41.228006,92,1.00,91
2025-12-25 16:37:42.282436,92,1.00,91
2025-12-25 16:37:43.272504,92,1.00,91
2025-12-25 16:37:44.251206,92,1.00,91
2025-12-25 16:37:45.238944,92,1.00,91
2025-12-25 16:37:46.271416,92,1.00,91
2025-12-25 16:37:47.289696,92,1.00,91
2025-12-25 16:37:48.288437,92,1.00,91
2025-12-25 16:37:49.229390,92,1.00,91
2025-12-25 16:37:50.234798,92,1.00,91
2025-12-25 16:37:51.246919,92,1.00,91
2025-12-25 16:37:52.266753,92,1.00,91
2025-12-25 16:37:53.271311,92,1.00,91
2025-12-25 16:37:54.264354,92,1.00,91
2025-12-25 16:37:55.255995,92,1.00,91
2025-12-25 16:37:56.257221,91,1.00,91
2025-12-25 16:37:57.285074,91,1.00,91
2025-12-25 16:37:58.256408,92,1.00,91
2025-12-25 16:37:59.254430,92,1.00,91
2025-12-25 16:38:00.236421,92,1.00,91
2025-12-25 16:38:01.269910,92,1.00,91
2025-12-25 16:38:02.283710,91,1.00,91
2025-12-25 16:38:03.256008,91,1.00,91
2025-12-25 16:38:04.280642,90,1.00,91
2025-12-25 16:38:05.267376,90,1.00,91
2025-12-25 16:38:06.228988,89,1.00,91
2025-12-25 16:38:07.269399,89,1.00,91
2025-12-25 16:38:08.264702,89,1.00,91
2025-12-25 16:38:09.251373,88,1.00,91
2025-12-25 16:38:10.300988,88,1.00,91
2025-12-25 16:38:11.285313,87,1.00,91
2025-12-25 16:38:12.243126,88,1.00,91
2025-12-25 16:38:13.298834,88,1.00,91
2025-12-25 16:38:14.247826,89,1.00,91
2025-12-25 16:38:15.291300,89,1.00,91
2025-12-25 16:38:16.281784,90,1.00,91
2025-12-25 16:38:17.272271,90,1.00,91
2025-12-25 16:38:18.272085,90,1.00,91
2025-12-25 16:38:19.232850,90,1.00,91
2025-12-25 16:38:20.224230,89,1.00,91
2025-12-25 16:38:21.235215,89,1.00,91
2025-12-25 16:38:22.254721,89,1.00,91
2025-12-25 16:38:23.292234,89,1.00,91
2025-12-25 16:38:24.225448,88,1.00,91
2025-12-25 16:38:25.268457,88,1.00,91
2025-12-25 16:38:26.250349,88,1.00,91
2025-12-25 16:38:27.285348,87,1.00,91
2025-12-25 16:38:28.291653,87,1.00,91
2025-12-25 16:38:29.291797,87,1.00,91
2025-12-25 16:38:30.295579,86,1.00,91
2025-12-25 16:38:31.256744,85,1.00,91
2025-12-25 16:38:32.275404,85,1.00,91
2025-12-25 16:38:33.228915,85,1.00,91
2025-12-25 16:38:34.265672,84,1.00,91
2025-12-25 16:38:35.261072,84,1.00,91
2025-12-25 16:38:36.245059,83,1.00,91
2025-12-25 16:38:37.235760,83,1.00,91
2025-12-25 16:38:38.232554,83,1.00,91
2025-12-25 16:38:39.292458,83,1.00,91
2025-12-25 16:38:40.265244,83,1.00,91
2025-12-25 16:38:41.289737,84,1.00,91
2025-12-25 16:38:42.283792,84,1.00,91
2025-12-25 16:38:43.261437,84,1.00,91
2025-12-25 16:38:44.274067,84,1.00,91
2025-12-25 16:38:45.301993,85,1.00,91
2025-12-25 16:38:46.246097,85,1.00,91
2025-12-25 16:38:47.235368,86,1.00,91
2025-12-25 16:38:48.250716,86,1.00,91
2025-12-25 16:38:49.268026,86,1.00,91
2025-12-25 16:38:50.253453,86,1.00,91
2025-12-25 16:38:51.264020,86,1.00,91
2025-12-25 16:38:52.238939,86,1.00,91
2025-12-25 16:38:53.295675,85,1.00,91
2025-12-25 16:38:54.290029,86,1.00,91
2025-12-25 16:38:55.276463,86,1.00,91
2025-12-25 16:38:56.222834,86,1.00,91
2025-12-25 16:38:57.242037,86,1.00,91
2025-12-25 16:38:58.299418,86,1.00,91
2025-12-25 16:38:59.264081,86,1.00,91
2025-12-25 16:39:00.227866,86,1.00,91
2025-12-25 16:39:01.244954,86,1.00,91
2025-12-25 16:39:02.224782,85,1.00,91
2025-12-25 16:39:03.273295,85,1.00,91
2025-12-25 16:39:04.279026,85,1.00,91
2025-12-25 16:39:05.268057,85,1.00,91
2025-12-25 16:39:06.262119,85,1.00,91
2025-12-25 16:39:07.270888,85,1.00,91
2025-12-25 16:39:08.270680,85,1.00,91
2025-12-25 16:39:09.306833,85,1.00,91
2025-12-25 16:39:10.289646,85,1.00,91
2025-12-25 16:39:11.262298,86,1.00,91
2025-12-25 16:39:12.281839,86,1.00,91
2025-12-25 16:39:13.243070,85,1.00,91
2025-12-25 16:39:14.291752,85,1.00,91
2025-12-25 16:39:15.224365,84,1.00,91
2025-12-25 16:39:16.251575,84,1.00,91
2025-12-25 16:39:17.299047,84,1.00,91
2025-12-25 16:39:18.273323,84,1.00,91
2025-12-25 16:39:19.277181,84,1.00,91
2025-12-25 16:39:20.234920,83,1.00,91
2025-12-25 16:39:21.270198,83,1.00,91
2025-12-25 16:39:22.261762,83,1.00,91
2025-12-25 16:39:23.262928,83,1.00,91
2025-12-25 16:39:24.290516,83,1.00,91
2025-12-25 16:39:25.274518,83,1.00,91
2025-12-25 16:39:26.261683,83,1.00,91
2025-12-25 16:39:27.228688,83,1.00,91
2025-12-25 16:39:28.274247,83,1.00,91
2025-12-25 16:39:29.278192,82,1.00,91
2025-12-25 16:39:30.235120,82,1.00,91
2025-12-25 16:39:31.242815,82,1.00,91
2025-12-25 16:39:32.280477,82,1.00,91
2025-12-25 16:39:33.264031,82,1.00,91
2025-12-25 16:39:34.243161,81,1.00,91
2025-12-25 16:39:35.270272,81,1.00,91
2025-12-25 16:39:36.241992,80,1.00,91
2025-12-25 16:39:37.227541,80,1.00,91
2025-12-25 16:39:38.298850,80,1.00,91
2025-12-25 16:39:39.224798,80,1.00,91
2025-12-25 16:39:40.255164,80,1.00,91
2025-12-25 16:39:41.289153,80,1.00,91
2025-12-25 16:39:42.250654,81,1.00,91
2025-12-25 16:39:43.224028,81,1.00,91
2025-12-25 16:39:44.268162,82,1.00,91
2025-12-25 16:39:45.240765,83,1.00,91
2025-12-25 16:39:46.253157,83,1.00,91
2025-12-25 16:39:47.286710,83,1.00,91
2025-12-25 16:39:48.285643,82,1.00,91
