Timestamp,Device Timestamp (ns),ECG Value (uV)
2025-12-04 01:51:05.745350,599618882749374094,33.00
2025-12-04 01:51:05.745350,599618882749374094,30.00
2025-12-04 01:51:05.745350,599618882749374094,33.00
2025-12-04 01:51:05.745350,599618882749374094,35.00
2025-12-04 01:51:05.745350,599618882749374094,33.00
2025-12-04 01:51:05.745350,599618882749374094,28.00
2025-12-04 01:51:05.745350,599618882749374094,26.00
2025-12-04 01:51:05.745350,599618882749374094,30.00
2025-12-04 01:51:05.745350,599618882749374094,30.00
2025-12-04 01:51:05.745350,599618882749374094,33.00
2025-12-04 01:51:05.745350,599618882749374094,33.00
2025-12-04 01:51:05.745350,599618882749374094,30.00
2025-12-04 01:51:05.745350,599618882749374094,28.00
2025-12-04 01:51:05.745350,599618882749374094,30.00
2025-12-04 01:51:05.745350,599618882749374094,23.00
2025-12-04 01:51:05.745350,599618882749374094,23.00
2025-12-04 01:51:05.745350,599618882749374094,28.00
2025-12-04 01:51:05.745350,599618882749374094,28.00
2025-12-04 01:51:05.745350,599618882749374094,23.00
2025-12-04 01:51:05.745350,599618882749374094,21.00
2025-12-04 01:51:05.745350,599618882749374094,21.00
2025-12-04 01:51:05.745350,599618882749374094,21.00
2025-12-04 01:51:05.745350,599618882749374094,19.00
2025-12-04 01:51:05.745350,599618882749374094,14.00
2025-12-04 01:51:05.745350,599618882749374094,4.00
2025-12-04 01:51:05.745350,599618882749374094,-2.00
2025-12-04 01:51:05.745350,599618882749374094,-7.00
2025-12-04 01:51:05.745350,599618882749374094,-2.00
2025-12-04 01:51:05.745350,599618882749374094,7.00
2025-12-04 01:51:05.745350,599618882749374094,9.00
2025-12-04 01:51:05.745350,599618882749374094,14.00
2025-12-04 01:51:05.745350,599618882749374094,23.00
2025-12-04 01:51:05.745350,599618882749374094,23.00
2025-12-04 01:51:05.745350,599618882749374094,16.00
2025-12-04 01:51:05.745350,599618882749374094,14.00
2025-12-04 01:51:05.745350,599618882749374094,14.00
2025-12-04 01:51:05.745350,599618882749374094,19.00
2025-12-04 01:51:05.745350,599618882749374094,21.00
2025-12-04 01:51:05.745350,599618882749374094,19.00
2025-12-04 01:51:05.745350,599618882749374094,23.00
2025-12-04 01:51:05.745350,599618882749374094,50.00
2025-12-04 01:51:05.745350,599618882749374094,45.00
2025-12-04 01:51:05.745350,599618882749374094,-81.00
2025-12-04 01:51:05.745350,599618882749374094,-329.00
2025-12-04 01:51:05.745350,599618882749374094,-634.00
2025-12-04 01:51:05.745350,599618882749374094,-808.00
2025-12-04 01:51:05.745350,599618882749374094,-565.00
2025-12-04 01:51:05.745350,599618882749374094,-81.00
2025-12-04 01:51:05.745350,599618882749374094,104.00
2025-12-04 01:51:05.745350,599618882749374094,28.00
2025-12-04 01:51:05.745350,599618882749374094,50.00
2025-12-04 01:51:05.745350,599618882749374094,104.00
2025-12-04 01:51:05.745350,599618882749374094,83.00
2025-12-04 01:51:05.745350,599618882749374094,73.00
2025-12-04 01:51:05.745350,599618882749374094,81.00
2025-12-04 01:51:05.745350,599618882749374094,69.00
2025-12-04 01:51:05.745350,599618882749374094,59.00
2025-12-04 01:51:05.745350,599618882749374094,57.00
2025-12-04 01:51:05.745350,599618882749374094,45.00
2025-12-04 01:51:05.745350,599618882749374094,33.00
2025-12-04 01:51:05.745350,599618882749374094,28.00
2025-12-04 01:51:05.745350,599618882749374094,23.00
2025-12-04 01:51:05.745350,599618882749374094,16.00
2025-12-04 01:51:05.745350,599618882749374094,9.00
2025-12-04 01:51:05.745350,599618882749374094,7.00
2025-12-04 01:51:05.745350,599618882749374094,-2.00
2025-12-04 01:51:05.745350,599618882749374094,-21.00
2025-12-04 01:51:05.745350,599618882749374094,-28.00
2025-12-04 01:51:05.745350,599618882749374094,-33.00
2025-12-04 01:51:05.745350,599618882749374094,-47.00
2025-12-04 01:51:05.745350,599618882749374094,-50.00
2025-12-04 01:51:05.745350,599618882749374094,-50.00
2025-12-04 01:51:05.745350,599618882749374094,-61.00
2025-12-04 01:51:05.745883,599618883310121999,-69.00
2025-12-04 01:51:05.745883,599618883310121999,-61.00
2025-12-04 01:51:05.745883,599618883310121999,-54.00
2025-12-04 01:51:05.745883,599618883310121999,-50.00
2025-12-04 01:51:05.745883,599618883310121999,-42.00
2025-12-04 01:51:05.745883,599618883310121999,-28.00
2025-12-04 01:51:05.745883,599618883310121999,-16.00
2025-12-04 01:51:05.745883,599618883310121999,0.00
2025-12-04 01:51:05.745883,599618883310121999,19.00
2025-12-04 01:51:05.745883,599618883310121999,30.00
2025-12-04 01:51:05.745883,599618883310121999,35.00
2025-12-04 01:51:05.745883,599618883310121999,40.00
2025-12-04 01:51:05.745883,599618883310121999,42.00
2025-12-04 01:51:05.745883,599618883310121999,40.00
2025-12-04 01:51:05.745883,599618883310121999,35.00
2025-12-04 01:51:05.745883,599618883310121999,35.00
2025-12-04 01:51:05.745883,599618883310121999,30.00
2025-12-04 01:51:05.745883,599618883310121999,26.00
2025-12-04 01:51:05.745883,599618883310121999,26.00
2025-12-04 01:51:05.745883,599618883310121999,26.00
2025-12-04 01:51:05.745883,599618883310121999,23.00
2025-12-04 01:51:05.745883,599618883310121999,23.00
2025-12-04 01:51:05.745883,599618883310121999,23.00
2025-12-04 01:51:05.745883,599618883310121999,26.00
2025-12-04 01:51:05.745883,599618883310121999,26.00
2025-12-04 01:51:05.745883,599618883310121999,23.00
2025-12-04 01:51:05.745883,599618883310121999,23.00
2025-12-04 01:51:05.745883,599618883310121999,23.00
2025-12-04 01:51:05.745883,599618883310121999,23.00
2025-12-04 01:51:05.745883,599618883310121999,28.00
2025-12-04 01:51:05.745883,599618883310121999,28.00
2025-12-04 01:51:05.745883,599618883310121999,26.00
2025-12-04 01:51:05.745883,599618883310121999,26.00
2025-12-04 01:51:05.745883,599618883310121999,21.00
2025-12-04 01:51:05.745883,599618883310121999,16.00
2025-12-04 01:51:05.745883,599618883310121999,16.00
2025-12-04 01:51:05.745883,599618883310121999,19.00
2025-12-04 01:51:05.745883,599618883310121999,21.00
2025-12-04 01:51:05.745883,599618883310121999,19.00
2025-12-04 01:51:05.745883,599618883310121999,16.00
2025-12-04 01:51:05.745883,599618883310121999,14.00
2025-12-04 01:51:05.745883,599618883310121999,16.00
2025-12-04 01:51:05.745883,599618883310121999,16.00
2025-12-04 01:51:05.745883,599618883310121999,14.00
2025-12-04 01:51:05.745883,599618883310121999,14.00
2025-12-04 01:51:05.745883,599618883310121999,14.00
2025-12-04 01:51:05.745883,599618883310121999,14.00
2025-12-04 01:51:05.745883,599618883310121999,11.00
2025-12-04 01:51:05.745883,599618883310121999,7.00
2025-12-04 01:51:05.745883,599618883310121999,-2.00
2025-12-04 01:51:05.745883,599618883310121999,-7.00
2025-12-04 01:51:05.745883,599618883310121999,-4.00
2025-12-04 01:51:05.745883,599618883310121999,0.00
2025-12-04 01:51:05.745883,599618883310121999,0.00
2025-12-04 01:51:05.745883,599618883310121999,7.00
2025-12-04 01:51:05.745883,599618883310121999,16.00
2025-12-04 01:51:05.745883,599618883310121999,19.00
2025-12-04 01:51:05.745883,599618883310121999,19.00
2025-12-04 01:51:05.745883,599618883310121999,21.00
2025-12-04 01:51:05.745883,599618883310121999,19.00
2025-12-04 01:51:05.745883,599618883310121999,16.00
2025-12-04 01:51:05.745883,599618883310121999,19.00
2025-12-04 01:51:05.745883,599618883310121999,19.00
2025-12-04 01:51:05.745883,599618883310121999,14.00
2025-12-04 01:51:05.745883,599618883310121999,21.00
2025-12-04 01:51:05.745883,599618883310121999,45.00
2025-12-04 01:51:05.745883,599618883310121999,57.00
2025-12-04 01:51:05.745883,599618883310121999,-23.00
2025-12-04 01:51:05.745883,599618883310121999,-228.00
2025-12-04 01:51:05.745883,599618883310121999,-526.00
2025-12-04 01:51:05.745883,599618883310121999,-786.00
2025-12-04 01:51:05.745883,599618883310121999,-710.00
2025-12-04 01:51:05.745883,599618883310121999,-250.00
2025-12-04 01:51:05.746298,599618883870849558,88.00
2025-12-04 01:51:05.746298,599618883870849558,59.00
2025-12-04 01:51:05.746298,599618883870849558,28.00
2025-12-04 01:51:05.746298,599618883870849558,102.00
2025-12-04 01:51:05.746298,599618883870849558,100.00
2025-12-04 01:51:05.746298,599618883870849558,71.00
2025-12-04 01:51:05.746298,599618883870849558,88.00
2025-12-04 01:51:05.746298,599618883870849558,88.00
2025-12-04 01:51:05.746298,599618883870849558,66.00
2025-12-04 01:51:05.746298,599618883870849558,61.00
2025-12-04 01:51:05.746298,599618883870849558,59.00
2025-12-04 01:51:05.746298,599618883870849558,50.00
2025-12-04 01:51:05.746298,599618883870849558,40.00
2025-12-04 01:51:05.746298,599618883870849558,33.00
2025-12-04 01:51:05.746298,599618883870849558,26.00
2025-12-04 01:51:05.746298,599618883870849558,21.00
2025-12-04 01:51:05.746298,599618883870849558,16.00
2025-12-04 01:51:05.746298,599618883870849558,0.00
2025-12-04 01:51:05.746298,599618883870849558,-9.00
2025-12-04 01:51:05.746298,599618883870849558,-11.00
2025-12-04 01:51:05.746298,599618883870849558,-19.00
2025-12-04 01:51:05.746298,599618883870849558,-26.00
2025-12-04 01:51:05.746298,599618883870849558,-30.00
2025-12-04 01:51:05.746298,599618883870849558,-35.00
2025-12-04 01:51:05.746298,599618883870849558,-42.00
2025-12-04 01:51:05.746298,599618883870849558,-45.00
2025-12-04 01:51:05.746298,599618883870849558,-42.00
2025-12-04 01:51:05.746298,599618883870849558,-38.00
2025-12-04 01:51:05.746298,599618883870849558,-38.00
2025-12-04 01:51:05.746298,599618883870849558,-33.00
2025-12-04 01:51:05.746298,599618883870849558,-23.00
2025-12-04 01:51:05.746298,599618883870849558,-7.00
2025-12-04 01:51:05.746298,599618883870849558,14.00
2025-12-04 01:51:05.746298,599618883870849558,30.00
2025-12-04 01:51:05.746298,599618883870849558,40.00
2025-12-04 01:51:05.746298,599618883870849558,47.00
2025-12-04 01:51:05.746298,599618883870849558,50.00
2025-12-04 01:51:05.746298,599618883870849558,54.00
2025-12-04 01:51:05.746298,599618883870849558,54.00
2025-12-04 01:51:05.746298,599618883870849558,50.00
2025-12-04 01:51:05.746298,599618883870849558,45.00
2025-12-04 01:51:05.746298,599618883870849558,45.00
2025-12-04 01:51:05.746298,599618883870849558,40.00
2025-12-04 01:51:05.746298,599618883870849558,35.00
2025-12-04 01:51:05.746298,599618883870849558,35.00
2025-12-04 01:51:05.746298,599618883870849558,38.00
2025-12-04 01:51:05.746298,599618883870849558,35.00
2025-12-04 01:51:05.746298,599618883870849558,33.00
2025-12-04 01:51:05.746298,599618883870849558,33.00
2025-12-04 01:51:05.746298,599618883870849558,33.00
2025-12-04 01:51:05.746298,599618883870849558,30.00
2025-12-04 01:51:05.746298,599618883870849558,30.00
2025-12-04 01:51:05.746298,599618883870849558,30.00
2025-12-04 01:51:05.746298,599618883870849558,33.00
2025-12-04 01:51:05.746298,599618883870849558,30.00
2025-12-04 01:51:05.746298,599618883870849558,28.00
2025-12-04 01:51:05.746298,599618883870849558,28.00
2025-12-04 01:51:05.746298,599618883870849558,28.00
2025-12-04 01:51:05.746298,599618883870849558,26.00
2025-12-04 01:51:05.746298,599618883870849558,28.00
2025-12-04 01:51:05.746298,599618883870849558,28.00
2025-12-04 01:51:05.746298,599618883870849558,26.00
2025-12-04 01:51:05.746298,599618883870849558,23.00
2025-12-04 01:51:05.746298,599618883870849558,23.00
2025-12-04 01:51:05.746298,599618883870849558,26.00
2025-12-04 01:51:05.746298,599618883870849558,26.00
2025-12-04 01:51:05.746298,599618883870849558,26.00
2025-12-04 01:51:05.746298,599618883870849558,21.00
2025-12-04 01:51:05.746298,599618883870849558,21.00
2025-12-04 01:51:05.746298,599618883870849558,21.00
2025-12-04 01:51:05.746298,599618883870849558,19.00
2025-12-04 01:51:05.746298,599618883870849558,19.00
2025-12-04 01:51:05.746298,599618883870849558,23.00
2025-12-04 01:51:06.000833,599618884431577117,23.00
2025-12-04 01:51:06.000833,599618884431577117,16.00
2025-12-04 01:51:06.000833,599618884431577117,16.00
2025-12-04 01:51:06.000833,599618884431577117,11.00
2025-12-04 01:51:06.000833,599618884431577117,-2.00
2025-12-04 01:51:06.000833,599618884431577117,-9.00
2025-12-04 01:51:06.000833,599618884431577117,-4.00
2025-12-04 01:51:06.000833,599618884431577117,0.00
2025-12-04 01:51:06.000833,599618884431577117,4.00
2025-12-04 01:51:06.000833,599618884431577117,19.00
2025-12-04 01:51:06.000833,599618884431577117,21.00
2025-12-04 01:51:06.000833,599618884431577117,19.00
2025-12-04 01:51:06.000833,599618884431577117,26.00
2025-12-04 01:51:06.000833,599618884431577117,28.00
2025-12-04 01:51:06.000833,599618884431577117,28.00
2025-12-04 01:51:06.000833,599618884431577117,30.00
2025-12-04 01:51:06.000833,599618884431577117,30.00
2025-12-04 01:51:06.000833,599618884431577117,23.00
2025-12-04 01:51:06.000833,599618884431577117,21.00
2025-12-04 01:51:06.000833,599618884431577117,30.00
2025-12-04 01:51:06.000833,599618884431577117,57.00
2025-12-04 01:51:06.000833,599618884431577117,42.00
2025-12-04 01:51:06.000833,599618884431577117,-83.00
2025-12-04 01:51:06.000833,599618884431577117,-317.00
2025-12-04 01:51:06.000833,599618884431577117,-612.00
2025-12-04 01:51:06.000833,599618884431577117,-786.00
2025-12-04 01:51:06.000833,599618884431577117,-548.00
2025-12-04 01:51:06.000833,599618884431577117,-76.00
2025-12-04 01:51:06.000833,599618884431577117,104.00
2025-12-04 01:51:06.000833,599618884431577117,40.00
2025-12-04 01:51:06.000833,599618884431577117,64.00
2025-12-04 01:51:06.000833,599618884431577117,116.00
2025-12-04 01:51:06.000833,599618884431577117,95.00
2025-12-04 01:51:06.000833,599618884431577117,83.00
2025-12-04 01:51:06.000833,599618884431577117,92.00
2025-12-04 01:51:06.000833,599618884431577117,78.00
2025-12-04 01:51:06.000833,599618884431577117,66.00
2025-12-04 01:51:06.000833,599618884431577117,66.00
2025-12-04 01:51:06.000833,599618884431577117,59.00
2025-12-04 01:51:06.000833,599618884431577117,50.00
2025-12-04 01:51:06.000833,599618884431577117,45.00
2025-12-04 01:51:06.000833,599618884431577117,30.00
2025-12-04 01:51:06.000833,599618884431577117,16.00
2025-12-04 01:51:06.000833,599618884431577117,14.00
2025-12-04 01:51:06.000833,599618884431577117,11.00
2025-12-04 01:51:06.000833,599618884431577117,4.00
2025-12-04 01:51:06.000833,599618884431577117,-7.00
2025-12-04 01:51:06.000833,599618884431577117,-14.00
2025-12-04 01:51:06.000833,599618884431577117,-21.00
2025-12-04 01:51:06.000833,599618884431577117,-33.00
2025-12-04 01:51:06.000833,599618884431577117,-38.00
2025-12-04 01:51:06.000833,599618884431577117,-38.00
2025-12-04 01:51:06.000833,599618884431577117,-42.00
2025-12-04 01:51:06.000833,599618884431577117,-45.00
2025-12-04 01:51:06.000833,599618884431577117,-40.00
2025-12-04 01:51:06.000833,599618884431577117,-40.00
2025-12-04 01:51:06.000833,599618884431577117,-42.00
2025-12-04 01:51:06.000833,599618884431577117,-35.00
2025-12-04 01:51:06.000833,599618884431577117,-19.00
2025-12-04 01:51:06.000833,599618884431577117,-4.00
2025-12-04 01:51:06.000833,599618884431577117,9.00
2025-12-04 01:51:06.000833,599618884431577117,23.00
2025-12-04 01:51:06.000833,599618884431577117,33.00
2025-12-04 01:51:06.000833,599618884431577117,42.00
2025-12-04 01:51:06.000833,599618884431577117,45.00
2025-12-04 01:51:06.000833,599618884431577117,42.00
2025-12-04 01:51:06.000833,599618884431577117,40.00
2025-12-04 01:51:06.000833,599618884431577117,38.00
2025-12-04 01:51:06.000833,599618884431577117,35.00
2025-12-04 01:51:06.000833,599618884431577117,33.00
2025-12-04 01:51:06.000833,599618884431577117,28.00
2025-12-04 01:51:06.000833,599618884431577117,26.00
2025-12-04 01:51:06.000833,599618884431577117,26.00
2025-12-04 01:51:06.558511,599618884992304676,26.00
2025-12-04 01:51:06.558511,599618884992304676,26.00
2025-12-04 01:51:06.558511,599618884992304676,23.00
2025-12-04 01:51:06.558511,599618884992304676,26.00
2025-12-04 01:51:06.558511,599618884992304676,28.00
2025-12-04 01:51:06.558511,599618884992304676,26.00
2025-12-04 01:51:06.558511,599618884992304676,26.00
2025-12-04 01:51:06.558511,599618884992304676,28.00
2025-12-04 01:51:06.558511,599618884992304676,28.00
2025-12-04 01:51:06.558511,599618884992304676,28.00
2025-12-04 01:51:06.558511,599618884992304676,28.00
2025-12-04 01:51:06.558511,599618884992304676,28.00
2025-12-04 01:51:06.558511,599618884992304676,26.00
2025-12-04 01:51:06.558511,599618884992304676,26.00
2025-12-04 01:51:06.558511,599618884992304676,26.00
2025-12-04 01:51:06.558511,599618884992304676,23.00
2025-12-04 01:51:06.558511,599618884992304676,26.00
2025-12-04 01:51:06.558511,599618884992304676,26.00
2025-12-04 01:51:06.558511,599618884992304676,19.00
2025-12-04 01:51:06.558511,599618884992304676,16.00
2025-12-04 01:51:06.558511,599618884992304676,21.00
2025-12-04 01:51:06.558511,599618884992304676,16.00
2025-12-04 01:51:06.558511,599618884992304676,11.00
2025-12-04 01:51:06.558511,599618884992304676,11.00
2025-12-04 01:51:06.558511,599618884992304676,11.00
2025-12-04 01:51:06.558511,599618884992304676,9.00
2025-12-04 01:51:06.558511,599618884992304676,9.00
2025-12-04 01:51:06.558511,599618884992304676,11.00
2025-12-04 01:51:06.558511,599618884992304676,11.00
2025-12-04 01:51:06.558511,599618884992304676,14.00
2025-12-04 01:51:06.558511,599618884992304676,7.00
2025-12-04 01:51:06.558511,599618884992304676,-2.00
2025-12-04 01:51:06.558511,599618884992304676,-11.00
2025-12-04 01:51:06.558511,599618884992304676,-9.00
2025-12-04 01:51:06.558511,599618884992304676,-4.00
2025-12-04 01:51:06.558511,599618884992304676,-4.00
2025-12-04 01:51:06.558511,599618884992304676,0.00
2025-12-04 01:51:06.558511,599618884992304676,9.00
2025-12-04 01:51:06.558511,599618884992304676,14.00
2025-12-04 01:51:06.558511,599618884992304676,16.00
2025-12-04 01:51:06.558511,599618884992304676,19.00
2025-12-04 01:51:06.558511,599618884992304676,19.00
2025-12-04 01:51:06.558511,599618884992304676,16.00
2025-12-04 01:51:06.558511,599618884992304676,11.00
2025-12-04 01:51:06.558511,599618884992304676,14.00
2025-12-04 01:51:06.558511,599618884992304676,19.00
2025-12-04 01:51:06.558511,599618884992304676,16.00
2025-12-04 01:51:06.558511,599618884992304676,26.00
2025-12-04 01:51:06.558511,599618884992304676,52.00
2025-12-04 01:51:06.558511,599618884992304676,45.00
2025-12-04 01:51:06.558511,599618884992304676,-66.00
2025-12-04 01:51:06.558511,599618884992304676,-286.00
2025-12-04 01:51:06.558511,599618884992304676,-572.00
2025-12-04 01:51:06.558511,599618884992304676,-770.00
2025-12-04 01:51:06.558511,599618884992304676,-596.00
2025-12-04 01:51:06.558511,599618884992304676,-138.00
2025-12-04 01:51:06.558511,599618884992304676,88.00
2025-12-04 01:51:06.558511,599618884992304676,33.00
2025-12-04 01:51:06.558511,599618884992304676,42.00
2025-12-04 01:51:06.558511,599618884992304676,100.00
2025-12-04 01:51:06.558511,599618884992304676,83.00
2025-12-04 01:51:06.558511,599618884992304676,71.00
2025-12-04 01:51:06.558511,599618884992304676,81.00
2025-12-04 01:51:06.558511,599618884992304676,69.00
2025-12-04 01:51:06.558511,599618884992304676,57.00
2025-12-04 01:51:06.558511,599618884992304676,59.00
2025-12-04 01:51:06.558511,599618884992304676,52.00
2025-12-04 01:51:06.558511,599618884992304676,42.00
2025-12-04 01:51:06.558511,599618884992304676,38.00
2025-12-04 01:51:06.558511,599618884992304676,30.00
2025-12-04 01:51:06.558511,599618884992304676,19.00
2025-12-04 01:51:06.558511,599618884992304676,11.00
2025-12-04 01:51:06.558511,599618884992304676,7.00
2025-12-04 01:51:07.169766,599618885553032237,0.00
2025-12-04 01:51:07.169766,599618885553032237,-9.00
2025-12-04 01:51:07.169766,599618885553032237,-16.00
2025-12-04 01:51:07.169766,599618885553032237,-23.00
2025-12-04 01:51:07.169766,599618885553032237,-26.00
2025-12-04 01:51:07.169766,599618885553032237,-35.00
2025-12-04 01:51:07.169766,599618885553032237,-40.00
2025-12-04 01:51:07.169766,599618885553032237,-42.00
2025-12-04 01:51:07.169766,599618885553032237,-40.00
2025-12-04 01:51:07.169766,599618885553032237,-40.00
2025-12-04 01:51:07.169766,599618885553032237,-40.00
2025-12-04 01:51:07.169766,599618885553032237,-40.00
2025-12-04 01:51:07.169766,599618885553032237,-33.00
2025-12-04 01:51:07.169766,599618885553032237,-21.00
2025-12-04 01:51:07.169766,599618885553032237,-11.00
2025-12-04 01:51:07.169766,599618885553032237,2.00
2025-12-04 01:51:07.169766,599618885553032237,21.00
2025-12-04 01:51:07.169766,599618885553032237,35.00
2025-12-04 01:51:07.169766,599618885553032237,42.00
2025-12-04 01:51:07.169766,599618885553032237,42.00
2025-12-04 01:51:07.169766,599618885553032237,40.00
2025-12-04 01:51:07.169766,599618885553032237,40.00
2025-12-04 01:51:07.169766,599618885553032237,35.00
2025-12-04 01:51:07.169766,599618885553032237,30.00
2025-12-04 01:51:07.169766,599618885553032237,33.00
2025-12-04 01:51:07.169766,599618885553032237,30.00
2025-12-04 01:51:07.169766,599618885553032237,26.00
2025-12-04 01:51:07.169766,599618885553032237,28.00
2025-12-04 01:51:07.169766,599618885553032237,35.00
2025-12-04 01:51:07.169766,599618885553032237,28.00
2025-12-04 01:51:07.169766,599618885553032237,19.00
2025-12-04 01:51:07.169766,599618885553032237,23.00
2025-12-04 01:51:07.169766,599618885553032237,26.00
2025-12-04 01:51:07.169766,599618885553032237,26.00
2025-12-04 01:51:07.169766,599618885553032237,33.00
2025-12-04 01:51:07.169766,599618885553032237,35.00
2025-12-04 01:51:07.169766,599618885553032237,35.00
2025-12-04 01:51:07.169766,599618885553032237,40.00
2025-12-04 01:51:07.169766,599618885553032237,35.00
2025-12-04 01:51:07.169766,599618885553032237,28.00
2025-12-04 01:51:07.169766,599618885553032237,33.00
2025-12-04 01:51:07.169766,599618885553032237,33.00
2025-12-04 01:51:07.169766,599618885553032237,28.00
2025-12-04 01:51:07.169766,599618885553032237,30.00
2025-12-04 01:51:07.169766,599618885553032237,30.00
2025-12-04 01:51:07.169766,599618885553032237,30.00
2025-12-04 01:51:07.169766,599618885553032237,33.00
2025-12-04 01:51:07.169766,599618885553032237,33.00
2025-12-04 01:51:07.169766,599618885553032237,28.00
2025-12-04 01:51:07.169766,599618885553032237,30.00
2025-12-04 01:51:07.169766,599618885553032237,35.00
2025-12-04 01:51:07.169766,599618885553032237,30.00
2025-12-04 01:51:07.169766,599618885553032237,26.00
2025-12-04 01:51:07.169766,599618885553032237,23.00
2025-12-04 01:51:07.169766,599618885553032237,28.00
2025-12-04 01:51:07.169766,599618885553032237,30.00
2025-12-04 01:51:07.169766,599618885553032237,21.00
2025-12-04 01:51:07.169766,599618885553032237,21.00
2025-12-04 01:51:07.169766,599618885553032237,26.00
2025-12-04 01:51:07.169766,599618885553032237,28.00
2025-12-04 01:51:07.169766,599618885553032237,28.00
2025-12-04 01:51:07.169766,599618885553032237,26.00
2025-12-04 01:51:07.169766,599618885553032237,19.00
2025-12-04 01:51:07.169766,599618885553032237,9.00
2025-12-04 01:51:07.169766,599618885553032237,9.00
2025-12-04 01:51:07.169766,599618885553032237,14.00
2025-12-04 01:51:07.169766,599618885553032237,14.00
2025-12-04 01:51:07.169766,599618885553032237,21.00
2025-12-04 01:51:07.169766,599618885553032237,33.00
2025-12-04 01:51:07.169766,599618885553032237,40.00
2025-12-04 01:51:07.169766,599618885553032237,40.00
2025-12-04 01:51:07.169766,599618885553032237,35.00
2025-12-04 01:51:07.169766,599618885553032237,30.00
2025-12-04 01:51:07.728112,599618886113759796,30.00
2025-12-04 01:51:07.728112,599618886113759796,28.00
2025-12-04 01:51:07.728112,599618886113759796,28.00
2025-12-04 01:51:07.728112,599618886113759796,30.00
2025-12-04 01:51:07.728112,599618886113759796,33.00
2025-12-04 01:51:07.728112,599618886113759796,42.00
2025-12-04 01:51:07.728112,599618886113759796,64.00
2025-12-04 01:51:07.728112,599618886113759796,64.00
2025-12-04 01:51:07.728112,599618886113759796,-38.00
2025-12-04 01:51:07.728112,599618886113759796,-264.00
2025-12-04 01:51:07.728112,599618886113759796,-562.00
2025-12-04 01:51:07.728112,599618886113759796,-765.00
2025-12-04 01:51:07.728112,599618886113759796,-579.00
2025-12-04 01:51:07.728112,599618886113759796,-116.00
2025-12-04 01:51:07.728112,599618886113759796,104.00
2025-12-04 01:51:07.728112,599618886113759796,45.00
2025-12-04 01:51:07.728112,599618886113759796,54.00
2025-12-04 01:51:07.728112,599618886113759796,116.00
2025-12-04 01:51:07.728112,599618886113759796,97.00
2025-12-04 01:51:07.728112,599618886113759796,81.00
2025-12-04 01:51:07.728112,599618886113759796,90.00
2025-12-04 01:51:07.728112,599618886113759796,81.00
2025-12-04 01:51:07.728112,599618886113759796,61.00
2025-12-04 01:51:07.728112,599618886113759796,61.00
2025-12-04 01:51:07.728112,599618886113759796,57.00
2025-12-04 01:51:07.728112,599618886113759796,45.00
2025-12-04 01:51:07.728112,599618886113759796,33.00
2025-12-04 01:51:07.728112,599618886113759796,26.00
2025-12-04 01:51:07.728112,599618886113759796,23.00
2025-12-04 01:51:07.728112,599618886113759796,16.00
2025-12-04 01:51:07.728112,599618886113759796,4.00
2025-12-04 01:51:07.728112,599618886113759796,0.00
2025-12-04 01:51:07.728112,599618886113759796,-7.00
2025-12-04 01:51:07.728112,599618886113759796,-19.00
2025-12-04 01:51:07.728112,599618886113759796,-28.00
2025-12-04 01:51:07.728112,599618886113759796,-35.00
2025-12-04 01:51:07.728112,599618886113759796,-45.00
2025-12-04 01:51:07.728112,599618886113759796,-50.00
2025-12-04 01:51:07.728112,599618886113759796,-50.00
2025-12-04 01:51:07.728112,599618886113759796,-52.00
2025-12-04 01:51:07.728112,599618886113759796,-54.00
2025-12-04 01:51:07.728112,599618886113759796,-52.00
2025-12-04 01:51:07.728112,599618886113759796,-50.00
2025-12-04 01:51:07.728112,599618886113759796,-47.00
2025-12-04 01:51:07.728112,599618886113759796,-33.00
2025-12-04 01:51:07.728112,599618886113759796,-14.00
2025-12-04 01:51:07.728112,599618886113759796,4.00
2025-12-04 01:51:07.728112,599618886113759796,19.00
2025-12-04 01:51:07.728112,599618886113759796,28.00
2025-12-04 01:51:07.728112,599618886113759796,38.00
2025-12-04 01:51:07.728112,599618886113759796,42.00
2025-12-04 01:51:07.728112,599618886113759796,40.00
2025-12-04 01:51:07.728112,599618886113759796,40.00
2025-12-04 01:51:07.728112,599618886113759796,38.00
2025-12-04 01:51:07.728112,599618886113759796,33.00
2025-12-04 01:51:07.728112,599618886113759796,30.00
2025-12-04 01:51:07.728112,599618886113759796,30.00
2025-12-04 01:51:07.728112,599618886113759796,28.00
2025-12-04 01:51:07.728112,599618886113759796,26.00
2025-12-04 01:51:07.728112,599618886113759796,23.00
2025-12-04 01:51:07.728112,599618886113759796,23.00
2025-12-04 01:51:07.728112,599618886113759796,28.00
2025-12-04 01:51:07.728112,599618886113759796,28.00
2025-12-04 01:51:07.728112,599618886113759796,26.00
2025-12-04 01:51:07.728112,599618886113759796,21.00
2025-12-04 01:51:07.728112,599618886113759796,21.00
2025-12-04 01:51:07.728112,599618886113759796,26.00
2025-12-04 01:51:07.728112,599618886113759796,26.00
2025-12-04 01:51:07.728112,599618886113759796,23.00
2025-12-04 01:51:07.728112,599618886113759796,28.00
2025-12-04 01:51:07.728112,599618886113759796,28.00
2025-12-04 01:51:07.728112,599618886113759796,23.00
2025-12-04 01:51:07.728112,599618886113759796,21.00
2025-12-04 01:51:08.289086,599618886674487355,26.00
2025-12-04 01:51:08.289086,599618886674487355,28.00
2025-12-04 01:51:08.289086,599618886674487355,28.00
2025-12-04 01:51:08.289086,599618886674487355,30.00
2025-12-04 01:51:08.289086,599618886674487355,28.00
2025-12-04 01:51:08.289086,599618886674487355,16.00
2025-12-04 01:51:08.289086,599618886674487355,16.00
2025-12-04 01:51:08.289086,599618886674487355,26.00
2025-12-04 01:51:08.289086,599618886674487355,21.00
2025-12-04 01:51:08.289086,599618886674487355,19.00
2025-12-04 01:51:08.289086,599618886674487355,23.00
2025-12-04 01:51:08.289086,599618886674487355,21.00
2025-12-04 01:51:08.289086,599618886674487355,14.00
2025-12-04 01:51:08.289086,599618886674487355,19.00
2025-12-04 01:51:08.289086,599618886674487355,30.00
2025-12-04 01:51:08.289086,599618886674487355,19.00
2025-12-04 01:51:08.289086,599618886674487355,0.00
2025-12-04 01:51:08.289086,599618886674487355,-4.00
2025-12-04 01:51:08.289086,599618886674487355,-4.00
2025-12-04 01:51:08.289086,599618886674487355,-2.00
2025-12-04 01:51:08.289086,599618886674487355,4.00
2025-12-04 01:51:08.289086,599618886674487355,11.00
2025-12-04 01:51:08.289086,599618886674487355,19.00
2025-12-04 01:51:08.289086,599618886674487355,21.00
2025-12-04 01:51:08.289086,599618886674487355,19.00
2025-12-04 01:51:08.289086,599618886674487355,19.00
2025-12-04 01:51:08.289086,599618886674487355,16.00
2025-12-04 01:51:08.289086,599618886674487355,11.00
2025-12-04 01:51:08.289086,599618886674487355,11.00
2025-12-04 01:51:08.289086,599618886674487355,19.00
2025-12-04 01:51:08.289086,599618886674487355,21.00
2025-12-04 01:51:08.289086,599618886674487355,19.00
2025-12-04 01:51:08.289086,599618886674487355,33.00
2025-12-04 01:51:08.289086,599618886674487355,64.00
2025-12-04 01:51:08.289086,599618886674487355,38.00
2025-12-04 01:51:08.289086,599618886674487355,-131.00
2025-12-04 01:51:08.289086,599618886674487355,-417.00
2025-12-04 01:51:08.289086,599618886674487355,-736.00
2025-12-04 01:51:08.289086,599618886674487355,-846.00
2025-12-04 01:51:08.289086,599618886674487355,-495.00
2025-12-04 01:51:08.289086,599618886674487355,-14.00
2025-12-04 01:51:08.289086,599618886674487355,92.00
2025-12-04 01:51:08.289086,599618886674487355,26.00
2025-12-04 01:51:08.289086,599618886674487355,83.00
2025-12-04 01:51:08.289086,599618886674487355,121.00
2025-12-04 01:51:08.289086,599618886674487355,85.00
2025-12-04 01:51:08.289086,599618886674487355,85.00
2025-12-04 01:51:08.289086,599618886674487355,92.00
2025-12-04 01:51:08.289086,599618886674487355,73.00
2025-12-04 01:51:08.289086,599618886674487355,66.00
2025-12-04 01:51:08.289086,599618886674487355,66.00
2025-12-04 01:51:08.289086,599618886674487355,57.00
2025-12-04 01:51:08.289086,599618886674487355,47.00
2025-12-04 01:51:08.289086,599618886674487355,38.00
2025-12-04 01:51:08.289086,599618886674487355,28.00
2025-12-04 01:51:08.289086,599618886674487355,21.00
2025-12-04 01:51:08.289086,599618886674487355,16.00
2025-12-04 01:51:08.289086,599618886674487355,14.00
2025-12-04 01:51:08.289086,599618886674487355,2.00
2025-12-04 01:51:08.289086,599618886674487355,-19.00
2025-12-04 01:51:08.289086,599618886674487355,-35.00
2025-12-04 01:51:08.289086,599618886674487355,-38.00
2025-12-04 01:51:08.289086,599618886674487355,-38.00
2025-12-04 01:51:08.289086,599618886674487355,-42.00
2025-12-04 01:51:08.289086,599618886674487355,-47.00
2025-12-04 01:51:08.289086,599618886674487355,-50.00
2025-12-04 01:51:08.289086,599618886674487355,-52.00
2025-12-04 01:51:08.289086,599618886674487355,-54.00
2025-12-04 01:51:08.289086,599618886674487355,-54.00
2025-12-04 01:51:08.289086,599618886674487355,-42.00
2025-12-04 01:51:08.289086,599618886674487355,-28.00
2025-12-04 01:51:08.289086,599618886674487355,-16.00
2025-12-04 01:51:08.289086,599618886674487355,-2.00
2025-12-04 01:51:08.865633,599618887235214914,14.00
2025-12-04 01:51:08.865633,599618887235214914,23.00
2025-12-04 01:51:08.865633,599618887235214914,33.00
2025-12-04 01:51:08.865633,599618887235214914,35.00
2025-12-04 01:51:08.865633,599618887235214914,35.00
2025-12-04 01:51:08.865633,599618887235214914,40.00
2025-12-04 01:51:08.865633,599618887235214914,42.00
2025-12-04 01:51:08.865633,599618887235214914,38.00
2025-12-04 01:51:08.865633,599618887235214914,35.00
2025-12-04 01:51:08.865633,599618887235214914,33.00
2025-12-04 01:51:08.865633,599618887235214914,30.00
2025-12-04 01:51:08.865633,599618887235214914,23.00
2025-12-04 01:51:08.865633,599618887235214914,21.00
2025-12-04 01:51:08.865633,599618887235214914,23.00
2025-12-04 01:51:08.865633,599618887235214914,26.00
2025-12-04 01:51:08.865633,599618887235214914,21.00
2025-12-04 01:51:08.865633,599618887235214914,16.00
2025-12-04 01:51:08.865633,599618887235214914,23.00
2025-12-04 01:51:08.865633,599618887235214914,28.00
2025-12-04 01:51:08.865633,599618887235214914,26.00
2025-12-04 01:51:08.865633,599618887235214914,23.00
2025-12-04 01:51:08.865633,599618887235214914,28.00
2025-12-04 01:51:08.865633,599618887235214914,28.00
2025-12-04 01:51:08.865633,599618887235214914,26.00
2025-12-04 01:51:08.865633,599618887235214914,23.00
2025-12-04 01:51:08.865633,599618887235214914,23.00
2025-12-04 01:51:08.865633,599618887235214914,23.00
2025-12-04 01:51:08.865633,599618887235214914,23.00
2025-12-04 01:51:08.865633,599618887235214914,21.00
2025-12-04 01:51:08.865633,599618887235214914,19.00
2025-12-04 01:51:08.865633,599618887235214914,21.00
2025-12-04 01:51:08.865633,599618887235214914,21.00
2025-12-04 01:51:08.865633,599618887235214914,21.00
2025-12-04 01:51:08.865633,599618887235214914,21.00
2025-12-04 01:51:08.865633,599618887235214914,19.00
2025-12-04 01:51:08.865633,599618887235214914,14.00
2025-12-04 01:51:08.865633,599618887235214914,9.00
2025-12-04 01:51:08.865633,599618887235214914,11.00
2025-12-04 01:51:08.865633,599618887235214914,21.00
2025-12-04 01:51:08.865633,599618887235214914,23.00
2025-12-04 01:51:08.865633,599618887235214914,19.00
2025-12-04 01:51:08.865633,599618887235214914,14.00
2025-12-04 01:51:08.865633,599618887235214914,23.00
2025-12-04 01:51:08.865633,599618887235214914,26.00
2025-12-04 01:51:08.865633,599618887235214914,16.00
2025-12-04 01:51:08.865633,599618887235214914,4.00
2025-12-04 01:51:08.865633,599618887235214914,-7.00
2025-12-04 01:51:08.865633,599618887235214914,-9.00
2025-12-04 01:51:08.865633,599618887235214914,-2.00
2025-12-04 01:51:08.865633,599618887235214914,4.00
2025-12-04 01:51:08.865633,599618887235214914,7.00
2025-12-04 01:51:08.865633,599618887235214914,14.00
2025-12-04 01:51:08.865633,599618887235214914,23.00
2025-12-04 01:51:08.865633,599618887235214914,26.00
2025-12-04 01:51:08.865633,599618887235214914,23.00
2025-12-04 01:51:08.865633,599618887235214914,19.00
2025-12-04 01:51:08.865633,599618887235214914,19.00
2025-12-04 01:51:08.865633,599618887235214914,23.00
2025-12-04 01:51:08.865633,599618887235214914,23.00
2025-12-04 01:51:08.865633,599618887235214914,23.00
2025-12-04 01:51:08.865633,599618887235214914,23.00
2025-12-04 01:51:08.865633,599618887235214914,38.00
2025-12-04 01:51:08.865633,599618887235214914,64.00
2025-12-04 01:51:08.865633,599618887235214914,33.00
2025-12-04 01:51:08.865633,599618887235214914,-138.00
2025-12-04 01:51:08.865633,599618887235214914,-417.00
2025-12-04 01:51:08.865633,599618887235214914,-720.00
2025-12-04 01:51:08.865633,599618887235214914,-815.00
2025-12-04 01:51:08.865633,599618887235214914,-462.00
2025-12-04 01:51:08.865633,599618887235214914,2.00
2025-12-04 01:51:08.865633,599618887235214914,92.00
2025-12-04 01:51:08.865633,599618887235214914,21.00
2025-12-04 01:51:08.865633,599618887235214914,81.00
2025-12-04 01:51:09.372130,599618887795942473,121.00
2025-12-04 01:51:09.372130,599618887795942473,88.00
2025-12-04 01:51:09.372130,599618887795942473,83.00
2025-12-04 01:51:09.372130,599618887795942473,92.00
2025-12-04 01:51:09.372130,599618887795942473,81.00
2025-12-04 01:51:09.372130,599618887795942473,66.00
2025-12-04 01:51:09.372130,599618887795942473,59.00
2025-12-04 01:51:09.372130,599618887795942473,52.00
2025-12-04 01:51:09.372130,599618887795942473,50.00
2025-12-04 01:51:09.372130,599618887795942473,45.00
2025-12-04 01:51:09.372130,599618887795942473,30.00
2025-12-04 01:51:09.372130,599618887795942473,21.00
2025-12-04 01:51:09.372130,599618887795942473,21.00
2025-12-04 01:51:09.372130,599618887795942473,14.00
2025-12-04 01:51:09.372130,599618887795942473,2.00
2025-12-04 01:51:09.372130,599618887795942473,-4.00
2025-12-04 01:51:09.372130,599618887795942473,-11.00
2025-12-04 01:51:09.372130,599618887795942473,-28.00
2025-12-04 01:51:09.372130,599618887795942473,-35.00
2025-12-04 01:51:09.372130,599618887795942473,-38.00
2025-12-04 01:51:09.372130,599618887795942473,-40.00
2025-12-04 01:51:09.372130,599618887795942473,-42.00
2025-12-04 01:51:09.372130,599618887795942473,-50.00
2025-12-04 01:51:09.372130,599618887795942473,-52.00
2025-12-04 01:51:09.372130,599618887795942473,-47.00
2025-12-04 01:51:09.372130,599618887795942473,-42.00
2025-12-04 01:51:09.372130,599618887795942473,-38.00
2025-12-04 01:51:09.372130,599618887795942473,-21.00
2025-12-04 01:51:09.372130,599618887795942473,-2.00
2025-12-04 01:51:09.372130,599618887795942473,14.00
2025-12-04 01:51:09.372130,599618887795942473,28.00
2025-12-04 01:51:09.372130,599618887795942473,40.00
2025-12-04 01:51:09.372130,599618887795942473,47.00
2025-12-04 01:51:09.372130,599618887795942473,50.00
2025-12-04 01:51:09.372130,599618887795942473,50.00
2025-12-04 01:51:09.372130,599618887795942473,50.00
2025-12-04 01:51:09.372130,599618887795942473,45.00
2025-12-04 01:51:09.372130,599618887795942473,33.00
2025-12-04 01:51:09.372130,599618887795942473,33.00
2025-12-04 01:51:09.372130,599618887795942473,38.00
2025-12-04 01:51:09.372130,599618887795942473,33.00
2025-12-04 01:51:09.372130,599618887795942473,33.00
2025-12-04 01:51:09.372130,599618887795942473,35.00
2025-12-04 01:51:09.372130,599618887795942473,30.00
2025-12-04 01:51:09.372130,599618887795942473,26.00
2025-12-04 01:51:09.372130,599618887795942473,33.00
2025-12-04 01:51:09.372130,599618887795942473,38.00
2025-12-04 01:51:09.372130,599618887795942473,33.00
2025-12-04 01:51:09.372130,599618887795942473,30.00
2025-12-04 01:51:09.372130,599618887795942473,30.00
2025-12-04 01:51:09.372130,599618887795942473,28.00
2025-12-04 01:51:09.372130,599618887795942473,28.00
2025-12-04 01:51:09.372130,599618887795942473,30.00
2025-12-04 01:51:09.372130,599618887795942473,30.00
2025-12-04 01:51:09.372130,599618887795942473,28.00
2025-12-04 01:51:09.372130,599618887795942473,33.00
2025-12-04 01:51:09.372130,599618887795942473,35.00
2025-12-04 01:51:09.372130,599618887795942473,26.00
2025-12-04 01:51:09.372130,599618887795942473,23.00
2025-12-04 01:51:09.372130,599618887795942473,33.00
2025-12-04 01:51:09.372130,599618887795942473,30.00
2025-12-04 01:51:09.372130,599618887795942473,23.00
2025-12-04 01:51:09.372130,599618887795942473,23.00
2025-12-04 01:51:09.372130,599618887795942473,26.00
2025-12-04 01:51:09.372130,599618887795942473,26.00
2025-12-04 01:51:09.372130,599618887795942473,28.00
2025-12-04 01:51:09.372130,599618887795942473,26.00
2025-12-04 01:51:09.372130,599618887795942473,26.00
2025-12-04 01:51:09.372130,599618887795942473,28.00
2025-12-04 01:51:09.372130,599618887795942473,26.00
2025-12-04 01:51:09.372130,599618887795942473,19.00
2025-12-04 01:51:09.372130,599618887795942473,16.00
2025-12-04 01:51:09.372130,599618887795942473,21.00
2025-12-04 01:51:09.928925,599618888356670032,19.00
2025-12-04 01:51:09.928925,599618888356670032,19.00
2025-12-04 01:51:09.928925,599618888356670032,26.00
2025-12-04 01:51:09.928925,599618888356670032,26.00
2025-12-04 01:51:09.928925,599618888356670032,14.00
2025-12-04 01:51:09.928925,599618888356670032,2.00
2025-12-04 01:51:09.928925,599618888356670032,0.00
2025-12-04 01:51:09.928925,599618888356670032,4.00
2025-12-04 01:51:09.928925,599618888356670032,7.00
2025-12-04 01:51:09.928925,599618888356670032,7.00
2025-12-04 01:51:09.928925,599618888356670032,19.00
2025-12-04 01:51:09.928925,599618888356670032,33.00
2025-12-04 01:51:09.928925,599618888356670032,30.00
2025-12-04 01:51:09.928925,599618888356670032,23.00
2025-12-04 01:51:09.928925,599618888356670032,23.00
2025-12-04 01:51:09.928925,599618888356670032,28.00
2025-12-04 01:51:09.928925,599618888356670032,30.00
2025-12-04 01:51:09.928925,599618888356670032,30.00
2025-12-04 01:51:09.928925,599618888356670032,26.00
2025-12-04 01:51:09.928925,599618888356670032,21.00
2025-12-04 01:51:09.928925,599618888356670032,35.00
2025-12-04 01:51:09.928925,599618888356670032,69.00
2025-12-04 01:51:09.928925,599618888356670032,64.00
2025-12-04 01:51:09.928925,599618888356670032,-61.00
2025-12-04 01:51:09.928925,599618888356670032,-317.00
2025-12-04 01:51:09.928925,599618888356670032,-658.00
2025-12-04 01:51:09.928925,599618888356670032,-896.00
2025-12-04 01:51:09.928925,599618888356670032,-691.00
2025-12-04 01:51:09.928925,599618888356670032,-152.00
2025-12-04 01:51:09.928925,599618888356670032,119.00
2025-12-04 01:51:09.928925,599618888356670032,52.00
2025-12-04 01:51:09.928925,599618888356670032,57.00
2025-12-04 01:51:09.928925,599618888356670032,128.00
2025-12-04 01:51:09.928925,599618888356670032,112.00
2025-12-04 01:51:09.928925,599618888356670032,88.00
2025-12-04 01:51:09.928925,599618888356670032,97.00
2025-12-04 01:51:09.928925,599618888356670032,90.00
2025-12-04 01:51:09.928925,599618888356670032,76.00
2025-12-04 01:51:09.928925,599618888356670032,73.00
2025-12-04 01:51:09.928925,599618888356670032,66.00
2025-12-04 01:51:09.928925,599618888356670032,57.00
2025-12-04 01:51:09.928925,599618888356670032,50.00
2025-12-04 01:51:09.928925,599618888356670032,38.00
2025-12-04 01:51:09.928925,599618888356670032,26.00
2025-12-04 01:51:09.928925,599618888356670032,21.00
2025-12-04 01:51:09.928925,599618888356670032,14.00
2025-12-04 01:51:09.928925,599618888356670032,2.00
2025-12-04 01:51:09.928925,599618888356670032,-7.00
2025-12-04 01:51:09.928925,599618888356670032,-16.00
2025-12-04 01:51:09.928925,599618888356670032,-26.00
2025-12-04 01:51:09.928925,599618888356670032,-38.00
2025-12-04 01:51:09.928925,599618888356670032,-47.00
2025-12-04 01:51:09.928925,599618888356670032,-52.00
2025-12-04 01:51:09.928925,599618888356670032,-50.00
2025-12-04 01:51:09.928925,599618888356670032,-50.00
2025-12-04 01:51:09.928925,599618888356670032,-50.00
2025-12-04 01:51:09.928925,599618888356670032,-50.00
2025-12-04 01:51:09.928925,599618888356670032,-50.00
2025-12-04 01:51:09.928925,599618888356670032,-42.00
2025-12-04 01:51:09.928925,599618888356670032,-30.00
2025-12-04 01:51:09.928925,599618888356670032,-19.00
2025-12-04 01:51:09.928925,599618888356670032,-9.00
2025-12-04 01:51:09.928925,599618888356670032,4.00
2025-12-04 01:51:09.928925,599618888356670032,21.00
2025-12-04 01:51:09.928925,599618888356670032,30.00
2025-12-04 01:51:09.928925,599618888356670032,33.00
2025-12-04 01:51:09.928925,599618888356670032,28.00
2025-12-04 01:51:09.928925,599618888356670032,26.00
2025-12-04 01:51:09.928925,599618888356670032,26.00
2025-12-04 01:51:09.928925,599618888356670032,23.00
2025-12-04 01:51:09.928925,599618888356670032,16.00
2025-12-04 01:51:09.928925,599618888356670032,11.00
2025-12-04 01:51:09.928925,599618888356670032,11.00
2025-12-04 01:51:10.565371,599618888917402679,9.00
2025-12-04 01:51:10.565371,599618888917402679,4.00
2025-12-04 01:51:10.565371,599618888917402679,7.00
2025-12-04 01:51:10.565371,599618888917402679,9.00
2025-12-04 01:51:10.565371,599618888917402679,11.00
2025-12-04 01:51:10.565371,599618888917402679,11.00
2025-12-04 01:51:10.565371,599618888917402679,11.00
2025-12-04 01:51:10.565371,599618888917402679,14.00
2025-12-04 01:51:10.565371,599618888917402679,14.00
2025-12-04 01:51:10.565371,599618888917402679,16.00
2025-12-04 01:51:10.565371,599618888917402679,16.00
2025-12-04 01:51:10.565371,599618888917402679,16.00
2025-12-04 01:51:10.565371,599618888917402679,16.00
2025-12-04 01:51:10.565371,599618888917402679,19.00
2025-12-04 01:51:10.565371,599618888917402679,19.00
2025-12-04 01:51:10.565371,599618888917402679,21.00
2025-12-04 01:51:10.565371,599618888917402679,26.00
2025-12-04 01:51:10.565371,599618888917402679,23.00
2025-12-04 01:51:10.565371,599618888917402679,16.00
2025-12-04 01:51:10.565371,599618888917402679,19.00
2025-12-04 01:51:10.565371,599618888917402679,19.00
2025-12-04 01:51:10.565371,599618888917402679,16.00
2025-12-04 01:51:10.565371,599618888917402679,19.00
2025-12-04 01:51:10.565371,599618888917402679,21.00
2025-12-04 01:51:10.565371,599618888917402679,19.00
2025-12-04 01:51:10.565371,599618888917402679,11.00
2025-12-04 01:51:10.565371,599618888917402679,14.00
2025-12-04 01:51:10.565371,599618888917402679,16.00
2025-12-04 01:51:10.565371,599618888917402679,11.00
2025-12-04 01:51:10.565371,599618888917402679,7.00
2025-12-04 01:51:10.565371,599618888917402679,9.00
2025-12-04 01:51:10.565371,599618888917402679,11.00
2025-12-04 01:51:10.565371,599618888917402679,11.00
2025-12-04 01:51:10.565371,599618888917402679,9.00
2025-12-04 01:51:10.565371,599618888917402679,4.00
2025-12-04 01:51:10.565371,599618888917402679,2.00
2025-12-04 01:51:10.565371,599618888917402679,2.00
2025-12-04 01:51:10.565371,599618888917402679,4.00
2025-12-04 01:51:10.565371,599618888917402679,4.00
2025-12-04 01:51:10.565371,599618888917402679,4.00
2025-12-04 01:51:10.565371,599618888917402679,0.00
2025-12-04 01:51:10.565371,599618888917402679,-9.00
2025-12-04 01:51:10.565371,599618888917402679,-14.00
2025-12-04 01:51:10.565371,599618888917402679,-9.00
2025-12-04 01:51:10.565371,599618888917402679,-4.00
2025-12-04 01:51:10.565371,599618888917402679,-2.00
2025-12-04 01:51:10.565371,599618888917402679,7.00
2025-12-04 01:51:10.565371,599618888917402679,16.00
2025-12-04 01:51:10.565371,599618888917402679,16.00
2025-12-04 01:51:10.565371,599618888917402679,16.00
2025-12-04 01:51:10.565371,599618888917402679,19.00
2025-12-04 01:51:10.565371,599618888917402679,16.00
2025-12-04 01:51:10.565371,599618888917402679,14.00
2025-12-04 01:51:10.565371,599618888917402679,14.00
2025-12-04 01:51:10.565371,599618888917402679,19.00
2025-12-04 01:51:10.565371,599618888917402679,19.00
2025-12-04 01:51:10.565371,599618888917402679,28.00
2025-12-04 01:51:10.565371,599618888917402679,54.00
2025-12-04 01:51:10.565371,599618888917402679,45.00
2025-12-04 01:51:10.565371,599618888917402679,-90.00
2025-12-04 01:51:10.565371,599618888917402679,-355.00
2025-12-04 01:51:10.565371,599618888917402679,-698.00
2025-12-04 01:51:10.565371,599618888917402679,-920.00
2025-12-04 01:51:10.565371,599618888917402679,-677.00
2025-12-04 01:51:10.565371,599618888917402679,-138.00
2025-12-04 01:51:10.565371,599618888917402679,104.00
2025-12-04 01:51:10.565371,599618888917402679,40.00
2025-12-04 01:51:10.565371,599618888917402679,61.00
2025-12-04 01:51:10.565371,599618888917402679,131.00
2025-12-04 01:51:10.565371,599618888917402679,107.00
2025-12-04 01:51:10.565371,599618888917402679,85.00
2025-12-04 01:51:10.565371,599618888917402679,97.00
2025-12-04 01:51:10.565371,599618888917402679,83.00
2025-12-04 01:51:11.073072,599618889478135324,71.00
2025-12-04 01:51:11.073072,599618889478135324,76.00
2025-12-04 01:51:11.073072,599618889478135324,69.00
2025-12-04 01:51:11.073072,599618889478135324,54.00
2025-12-04 01:51:11.073072,599618889478135324,45.00
2025-12-04 01:51:11.073072,599618889478135324,38.00
2025-12-04 01:51:11.073072,599618889478135324,33.00
2025-12-04 01:51:11.073072,599618889478135324,26.00
2025-12-04 01:51:11.073072,599618889478135324,19.00
2025-12-04 01:51:11.073072,599618889478135324,11.00
2025-12-04 01:51:11.073072,599618889478135324,4.00
2025-12-04 01:51:11.073072,599618889478135324,-2.00
2025-12-04 01:51:11.073072,599618889478135324,-9.00
2025-12-04 01:51:11.073072,599618889478135324,-19.00
2025-12-04 01:51:11.073072,599618889478135324,-26.00
2025-12-04 01:51:11.073072,599618889478135324,-33.00
2025-12-04 01:51:11.073072,599618889478135324,-35.00
2025-12-04 01:51:11.073072,599618889478135324,-35.00
2025-12-04 01:51:11.073072,599618889478135324,-33.00
2025-12-04 01:51:11.073072,599618889478135324,-33.00
2025-12-04 01:51:11.073072,599618889478135324,-28.00
2025-12-04 01:51:11.073072,599618889478135324,-26.00
2025-12-04 01:51:11.073072,599618889478135324,-23.00
2025-12-04 01:51:11.073072,599618889478135324,-9.00
2025-12-04 01:51:11.073072,599618889478135324,9.00
2025-12-04 01:51:11.073072,599618889478135324,19.00
2025-12-04 01:51:11.073072,599618889478135324,28.00
2025-12-04 01:51:11.073072,599618889478135324,40.00
2025-12-04 01:51:11.073072,599618889478135324,42.00
2025-12-04 01:51:11.073072,599618889478135324,38.00
2025-12-04 01:51:11.073072,599618889478135324,35.00
2025-12-04 01:51:11.073072,599618889478135324,38.00
2025-12-04 01:51:11.073072,599618889478135324,30.00
2025-12-04 01:51:11.073072,599618889478135324,26.00
2025-12-04 01:51:11.073072,599618889478135324,26.00
2025-12-04 01:51:11.073072,599618889478135324,26.00
2025-12-04 01:51:11.073072,599618889478135324,21.00
2025-12-04 01:51:11.073072,599618889478135324,21.00
2025-12-04 01:51:11.073072,599618889478135324,21.00
2025-12-04 01:51:11.073072,599618889478135324,21.00
2025-12-04 01:51:11.073072,599618889478135324,21.00
2025-12-04 01:51:11.073072,599618889478135324,23.00
2025-12-04 01:51:11.073072,599618889478135324,23.00
2025-12-04 01:51:11.073072,599618889478135324,23.00
2025-12-04 01:51:11.073072,599618889478135324,23.00
2025-12-04 01:51:11.073072,599618889478135324,26.00
2025-12-04 01:51:11.073072,599618889478135324,26.00
2025-12-04 01:51:11.073072,599618889478135324,26.00
2025-12-04 01:51:11.073072,599618889478135324,23.00
2025-12-04 01:51:11.073072,599618889478135324,19.00
2025-12-04 01:51:11.073072,599618889478135324,23.00
2025-12-04 01:51:11.073072,599618889478135324,23.00
2025-12-04 01:51:11.073072,599618889478135324,19.00
2025-12-04 01:51:11.073072,599618889478135324,19.00
2025-12-04 01:51:11.073072,599618889478135324,19.00
2025-12-04 01:51:11.073072,599618889478135324,19.00
2025-12-04 01:51:11.073072,599618889478135324,21.00
2025-12-04 01:51:11.073072,599618889478135324,19.00
2025-12-04 01:51:11.073072,599618889478135324,14.00
2025-12-04 01:51:11.073072,599618889478135324,11.00
2025-12-04 01:51:11.073072,599618889478135324,14.00
2025-12-04 01:51:11.073072,599618889478135324,16.00
2025-12-04 01:51:11.073072,599618889478135324,14.00
2025-12-04 01:51:11.073072,599618889478135324,11.00
2025-12-04 01:51:11.073072,599618889478135324,11.00
2025-12-04 01:51:11.073072,599618889478135324,11.00
2025-12-04 01:51:11.073072,599618889478135324,9.00
2025-12-04 01:51:11.073072,599618889478135324,7.00
2025-12-04 01:51:11.073072,599618889478135324,9.00
2025-12-04 01:51:11.073072,599618889478135324,9.00
2025-12-04 01:51:11.073072,599618889478135324,7.00
2025-12-04 01:51:11.073072,599618889478135324,7.00
2025-12-04 01:51:11.073072,599618889478135324,9.00
2025-12-04 01:51:11.631604,599618890038883229,7.00
2025-12-04 01:51:11.631604,599618890038883229,9.00
2025-12-04 01:51:11.631604,599618890038883229,11.00
2025-12-04 01:51:11.631604,599618890038883229,0.00
2025-12-04 01:51:11.631604,599618890038883229,-11.00
2025-12-04 01:51:11.631604,599618890038883229,-9.00
2025-12-04 01:51:11.631604,599618890038883229,-9.00
2025-12-04 01:51:11.631604,599618890038883229,-11.00
2025-12-04 01:51:11.631604,599618890038883229,-7.00
2025-12-04 01:51:11.631604,599618890038883229,4.00
2025-12-04 01:51:11.631604,599618890038883229,14.00
2025-12-04 01:51:11.631604,599618890038883229,16.00
2025-12-04 01:51:11.631604,599618890038883229,14.00
2025-12-04 01:51:11.631604,599618890038883229,11.00
2025-12-04 01:51:11.631604,599618890038883229,11.00
2025-12-04 01:51:11.631604,599618890038883229,14.00
2025-12-04 01:51:11.631604,599618890038883229,14.00
2025-12-04 01:51:11.631604,599618890038883229,9.00
2025-12-04 01:51:11.631604,599618890038883229,7.00
2025-12-04 01:51:11.631604,599618890038883229,21.00
2025-12-04 01:51:11.631604,599618890038883229,45.00
2025-12-04 01:51:11.631604,599618890038883229,52.00
2025-12-04 01:51:11.631604,599618890038883229,-45.00
2025-12-04 01:51:11.631604,599618890038883229,-271.00
2025-12-04 01:51:11.631604,599618890038883229,-591.00
2025-12-04 01:51:11.631604,599618890038883229,-867.00
2025-12-04 01:51:11.631604,599618890038883229,-765.00
2025-12-04 01:51:11.631604,599618890038883229,-267.00
2025-12-04 01:51:11.631604,599618890038883229,78.00
2025-12-04 01:51:11.631604,599618890038883229,50.00
2025-12-04 01:51:11.631604,599618890038883229,30.00
2025-12-04 01:51:11.631604,599618890038883229,112.00
2025-12-04 01:51:11.631604,599618890038883229,112.00
2025-12-04 01:51:11.631604,599618890038883229,83.00
2025-12-04 01:51:11.631604,599618890038883229,92.00
2025-12-04 01:51:11.631604,599618890038883229,83.00
2025-12-04 01:51:11.631604,599618890038883229,61.00
2025-12-04 01:51:11.631604,599618890038883229,61.00
2025-12-04 01:51:11.631604,599618890038883229,59.00
2025-12-04 01:51:11.631604,599618890038883229,47.00
2025-12-04 01:51:11.631604,599618890038883229,40.00
2025-12-04 01:51:11.631604,599618890038883229,35.00
2025-12-04 01:51:11.631604,599618890038883229,28.00
2025-12-04 01:51:11.631604,599618890038883229,16.00
2025-12-04 01:51:11.631604,599618890038883229,7.00
2025-12-04 01:51:11.631604,599618890038883229,2.00
2025-12-04 01:51:11.631604,599618890038883229,0.00
2025-12-04 01:51:11.631604,599618890038883229,-7.00
2025-12-04 01:51:11.631604,599618890038883229,-16.00
2025-12-04 01:51:11.631604,599618890038883229,-28.00
2025-12-04 01:51:11.631604,599618890038883229,-35.00
2025-12-04 01:51:11.631604,599618890038883229,-40.00
2025-12-04 01:51:11.631604,599618890038883229,-47.00
2025-12-04 01:51:11.631604,599618890038883229,-50.00
2025-12-04 01:51:11.631604,599618890038883229,-47.00
2025-12-04 01:51:11.631604,599618890038883229,-40.00
2025-12-04 01:51:11.631604,599618890038883229,-35.00
2025-12-04 01:51:11.631604,599618890038883229,-38.00
2025-12-04 01:51:11.631604,599618890038883229,-38.00
2025-12-04 01:51:11.631604,599618890038883229,-23.00
2025-12-04 01:51:11.631604,599618890038883229,-7.00
2025-12-04 01:51:11.631604,599618890038883229,2.00
2025-12-04 01:51:11.631604,599618890038883229,14.00
2025-12-04 01:51:11.631604,599618890038883229,26.00
2025-12-04 01:51:11.631604,599618890038883229,30.00
2025-12-04 01:51:11.631604,599618890038883229,30.00
2025-12-04 01:51:11.631604,599618890038883229,30.00
2025-12-04 01:51:11.631604,599618890038883229,33.00
2025-12-04 01:51:11.631604,599618890038883229,30.00
2025-12-04 01:51:11.631604,599618890038883229,26.00
2025-12-04 01:51:11.631604,599618890038883229,21.00
2025-12-04 01:51:11.631604,599618890038883229,21.00
2025-12-04 01:51:11.631604,599618890038883229,21.00
2025-12-04 01:51:12.189876,599618890599610788,21.00
2025-12-04 01:51:12.189876,599618890599610788,14.00
2025-12-04 01:51:12.189876,599618890599610788,11.00
2025-12-04 01:51:12.189876,599618890599610788,14.00
2025-12-04 01:51:12.189876,599618890599610788,14.00
2025-12-04 01:51:12.189876,599618890599610788,14.00
2025-12-04 01:51:12.189876,599618890599610788,19.00
2025-12-04 01:51:12.189876,599618890599610788,23.00
2025-12-04 01:51:12.189876,599618890599610788,26.00
2025-12-04 01:51:12.189876,599618890599610788,26.00
2025-12-04 01:51:12.189876,599618890599610788,21.00
2025-12-04 01:51:12.189876,599618890599610788,21.00
2025-12-04 01:51:12.189876,599618890599610788,23.00
2025-12-04 01:51:12.189876,599618890599610788,23.00
2025-12-04 01:51:12.189876,599618890599610788,21.00
2025-12-04 01:51:12.189876,599618890599610788,19.00
2025-12-04 01:51:12.189876,599618890599610788,16.00
2025-12-04 01:51:12.189876,599618890599610788,14.00
2025-12-04 01:51:12.189876,599618890599610788,14.00
2025-12-04 01:51:12.189876,599618890599610788,14.00
2025-12-04 01:51:12.189876,599618890599610788,14.00
2025-12-04 01:51:12.189876,599618890599610788,11.00
2025-12-04 01:51:12.189876,599618890599610788,14.00
2025-12-04 01:51:12.189876,599618890599610788,19.00
2025-12-04 01:51:12.189876,599618890599610788,19.00
2025-12-04 01:51:12.189876,599618890599610788,14.00
2025-12-04 01:51:12.189876,599618890599610788,11.00
2025-12-04 01:51:12.189876,599618890599610788,14.00
2025-12-04 01:51:12.189876,599618890599610788,9.00
2025-12-04 01:51:12.189876,599618890599610788,9.00
2025-12-04 01:51:12.189876,599618890599610788,14.00
2025-12-04 01:51:12.189876,599618890599610788,11.00
2025-12-04 01:51:12.189876,599618890599610788,9.00
2025-12-04 01:51:12.189876,599618890599610788,11.00
2025-12-04 01:51:12.189876,599618890599610788,14.00
2025-12-04 01:51:12.189876,599618890599610788,11.00
2025-12-04 01:51:12.189876,599618890599610788,4.00
2025-12-04 01:51:12.189876,599618890599610788,7.00
2025-12-04 01:51:12.189876,599618890599610788,7.00
2025-12-04 01:51:12.189876,599618890599610788,4.00
2025-12-04 01:51:12.189876,599618890599610788,-4.00
2025-12-04 01:51:12.189876,599618890599610788,-14.00
2025-12-04 01:51:12.189876,599618890599610788,-19.00
2025-12-04 01:51:12.189876,599618890599610788,-14.00
2025-12-04 01:51:12.189876,599618890599610788,-7.00
2025-12-04 01:51:12.189876,599618890599610788,-7.00
2025-12-04 01:51:12.189876,599618890599610788,-4.00
2025-12-04 01:51:12.189876,599618890599610788,4.00
2025-12-04 01:51:12.189876,599618890599610788,9.00
2025-12-04 01:51:12.189876,599618890599610788,9.00
2025-12-04 01:51:12.189876,599618890599610788,9.00
2025-12-04 01:51:12.189876,599618890599610788,9.00
2025-12-04 01:51:12.189876,599618890599610788,9.00
2025-12-04 01:51:12.189876,599618890599610788,9.00
2025-12-04 01:51:12.189876,599618890599610788,9.00
2025-12-04 01:51:12.189876,599618890599610788,7.00
2025-12-04 01:51:12.189876,599618890599610788,14.00
2025-12-04 01:51:12.189876,599618890599610788,42.00
2025-12-04 01:51:12.189876,599618890599610788,42.00
2025-12-04 01:51:12.189876,599618890599610788,-64.00
2025-12-04 01:51:12.189876,599618890599610788,-286.00
2025-12-04 01:51:12.189876,599618890599610788,-591.00
2025-12-04 01:51:12.189876,599618890599610788,-836.00
2025-12-04 01:51:12.189876,599618890599610788,-698.00
2025-12-04 01:51:12.189876,599618890599610788,-207.00
2025-12-04 01:51:12.189876,599618890599610788,90.00
2025-12-04 01:51:12.189876,599618890599610788,47.00
2025-12-04 01:51:12.189876,599618890599610788,35.00
2025-12-04 01:51:12.189876,599618890599610788,104.00
2025-12-04 01:51:12.189876,599618890599610788,95.00
2025-12-04 01:51:12.189876,599618890599610788,71.00
2025-12-04 01:51:12.189876,599618890599610788,85.00
2025-12-04 01:51:12.189876,599618890599610788,81.00
2025-12-04 01:51:12.752755,599618891160338347,59.00
2025-12-04 01:51:12.752755,599618891160338347,54.00
2025-12-04 01:51:12.752755,599618891160338347,52.00
2025-12-04 01:51:12.752755,599618891160338347,47.00
2025-12-04 01:51:12.752755,599618891160338347,40.00
2025-12-04 01:51:12.752755,599618891160338347,28.00
2025-12-04 01:51:12.752755,599618891160338347,21.00
2025-12-04 01:51:12.752755,599618891160338347,19.00
2025-12-04 01:51:12.752755,599618891160338347,9.00
2025-12-04 01:51:12.752755,599618891160338347,-2.00
2025-12-04 01:51:12.752755,599618891160338347,-7.00
2025-12-04 01:51:12.752755,599618891160338347,-11.00
2025-12-04 01:51:12.752755,599618891160338347,-16.00
2025-12-04 01:51:12.752755,599618891160338347,-26.00
2025-12-04 01:51:12.752755,599618891160338347,-30.00
2025-12-04 01:51:12.752755,599618891160338347,-35.00
2025-12-04 01:51:12.752755,599618891160338347,-45.00
2025-12-04 01:51:12.752755,599618891160338347,-52.00
2025-12-04 01:51:12.752755,599618891160338347,-52.00
2025-12-04 01:51:12.752755,599618891160338347,-50.00
2025-12-04 01:51:12.752755,599618891160338347,-45.00
2025-12-04 01:51:12.752755,599618891160338347,-45.00
2025-12-04 01:51:12.752755,599618891160338347,-40.00
2025-12-04 01:51:12.752755,599618891160338347,-23.00
2025-12-04 01:51:12.752755,599618891160338347,-7.00
2025-12-04 01:51:12.752755,599618891160338347,9.00
2025-12-04 01:51:12.752755,599618891160338347,21.00
2025-12-04 01:51:12.752755,599618891160338347,26.00
2025-12-04 01:51:12.752755,599618891160338347,30.00
2025-12-04 01:51:12.752755,599618891160338347,30.00
2025-12-04 01:51:12.752755,599618891160338347,30.00
2025-12-04 01:51:12.752755,599618891160338347,33.00
2025-12-04 01:51:12.752755,599618891160338347,33.00
2025-12-04 01:51:12.752755,599618891160338347,30.00
2025-12-04 01:51:12.752755,599618891160338347,28.00
2025-12-04 01:51:12.752755,599618891160338347,28.00
2025-12-04 01:51:12.752755,599618891160338347,26.00
2025-12-04 01:51:12.752755,599618891160338347,23.00
2025-12-04 01:51:12.752755,599618891160338347,28.00
2025-12-04 01:51:12.752755,599618891160338347,30.00
2025-12-04 01:51:12.752755,599618891160338347,23.00
2025-12-04 01:51:12.752755,599618891160338347,21.00
2025-12-04 01:51:12.752755,599618891160338347,26.00
2025-12-04 01:51:12.752755,599618891160338347,28.00
2025-12-04 01:51:12.752755,599618891160338347,28.00
2025-12-04 01:51:12.752755,599618891160338347,28.00
2025-12-04 01:51:12.752755,599618891160338347,26.00
2025-12-04 01:51:12.752755,599618891160338347,26.00
2025-12-04 01:51:12.752755,599618891160338347,28.00
2025-12-04 01:51:12.752755,599618891160338347,26.00
2025-12-04 01:51:12.752755,599618891160338347,26.00
2025-12-04 01:51:12.752755,599618891160338347,23.00
2025-12-04 01:51:12.752755,599618891160338347,23.00
2025-12-04 01:51:12.752755,599618891160338347,28.00
2025-12-04 01:51:12.752755,599618891160338347,33.00
2025-12-04 01:51:12.752755,599618891160338347,28.00
2025-12-04 01:51:12.752755,599618891160338347,26.00
2025-12-04 01:51:12.752755,599618891160338347,30.00
2025-12-04 01:51:12.752755,599618891160338347,30.00
2025-12-04 01:51:12.752755,599618891160338347,28.00
2025-12-04 01:51:12.752755,599618891160338347,23.00
2025-12-04 01:51:12.752755,599618891160338347,26.00
2025-12-04 01:51:12.752755,599618891160338347,26.00
2025-12-04 01:51:12.752755,599618891160338347,23.00
2025-12-04 01:51:12.752755,599618891160338347,23.00
2025-12-04 01:51:12.752755,599618891160338347,21.00
2025-12-04 01:51:12.752755,599618891160338347,21.00
2025-12-04 01:51:12.752755,599618891160338347,19.00
2025-12-04 01:51:12.752755,599618891160338347,16.00
2025-12-04 01:51:12.752755,599618891160338347,16.00
2025-12-04 01:51:12.752755,599618891160338347,16.00
2025-12-04 01:51:12.752755,599618891160338347,14.00
2025-12-04 01:51:12.752755,599618891160338347,14.00
2025-12-04 01:51:13.308816,599618891721065906,14.00
2025-12-04 01:51:13.308816,599618891721065906,14.00
2025-12-04 01:51:13.308816,599618891721065906,11.00
2025-12-04 01:51:13.308816,599618891721065906,11.00
2025-12-04 01:51:13.308816,599618891721065906,14.00
2025-12-04 01:51:13.308816,599618891721065906,9.00
2025-12-04 01:51:13.308816,599618891721065906,-2.00
2025-12-04 01:51:13.308816,599618891721065906,-7.00
2025-12-04 01:51:13.308816,599618891721065906,2.00
2025-12-04 01:51:13.308816,599618891721065906,7.00
2025-12-04 01:51:13.308816,599618891721065906,11.00
2025-12-04 01:51:13.308816,599618891721065906,21.00
2025-12-04 01:51:13.308816,599618891721065906,23.00
2025-12-04 01:51:13.308816,599618891721065906,23.00
2025-12-04 01:51:13.308816,599618891721065906,21.00
2025-12-04 01:51:13.308816,599618891721065906,19.00
2025-12-04 01:51:13.308816,599618891721065906,21.00
2025-12-04 01:51:13.308816,599618891721065906,21.00
2025-12-04 01:51:13.308816,599618891721065906,19.00
2025-12-04 01:51:13.308816,599618891721065906,16.00
2025-12-04 01:51:13.308816,599618891721065906,21.00
2025-12-04 01:51:13.308816,599618891721065906,42.00
2025-12-04 01:51:13.308816,599618891721065906,59.00
2025-12-04 01:51:13.308816,599618891721065906,-7.00
2025-12-04 01:51:13.308816,599618891721065906,-193.00
2025-12-04 01:51:13.308816,599618891721065906,-467.00
2025-12-04 01:51:13.308816,599618891721065906,-727.00
2025-12-04 01:51:13.308816,599618891721065906,-701.00
2025-12-04 01:51:13.308816,599618891721065906,-286.00
2025-12-04 01:51:13.308816,599618891721065906,59.00
2025-12-04 01:51:13.308816,599618891721065906,57.00
2025-12-04 01:51:13.308816,599618891721065906,28.00
2025-12-04 01:51:13.308816,599618891721065906,100.00
2025-12-04 01:51:13.308816,599618891721065906,100.00
2025-12-04 01:51:13.308816,599618891721065906,69.00
2025-12-04 01:51:13.308816,599618891721065906,78.00
2025-12-04 01:51:13.308816,599618891721065906,85.00
2025-12-04 01:51:13.308816,599618891721065906,71.00
2025-12-04 01:51:13.308816,599618891721065906,61.00
2025-12-04 01:51:13.308816,599618891721065906,57.00
2025-12-04 01:51:13.308816,599618891721065906,47.00
2025-12-04 01:51:13.308816,599618891721065906,42.00
2025-12-04 01:51:13.308816,599618891721065906,42.00
2025-12-04 01:51:13.308816,599618891721065906,33.00
2025-12-04 01:51:13.308816,599618891721065906,23.00
2025-12-04 01:51:13.308816,599618891721065906,16.00
2025-12-04 01:51:13.308816,599618891721065906,9.00
2025-12-04 01:51:13.308816,599618891721065906,7.00
2025-12-04 01:51:13.308816,599618891721065906,0.00
2025-12-04 01:51:13.308816,599618891721065906,-9.00
2025-12-04 01:51:13.308816,599618891721065906,-19.00
2025-12-04 01:51:13.308816,599618891721065906,-26.00
2025-12-04 01:51:13.308816,599618891721065906,-33.00
2025-12-04 01:51:13.308816,599618891721065906,-38.00
2025-12-04 01:51:13.308816,599618891721065906,-38.00
2025-12-04 01:51:13.308816,599618891721065906,-35.00
2025-12-04 01:51:13.308816,599618891721065906,-38.00
2025-12-04 01:51:13.308816,599618891721065906,-42.00
2025-12-04 01:51:13.308816,599618891721065906,-40.00
2025-12-04 01:51:13.308816,599618891721065906,-33.00
2025-12-04 01:51:13.308816,599618891721065906,-21.00
2025-12-04 01:51:13.308816,599618891721065906,-9.00
2025-12-04 01:51:13.308816,599618891721065906,7.00
2025-12-04 01:51:13.308816,599618891721065906,19.00
2025-12-04 01:51:13.308816,599618891721065906,26.00
2025-12-04 01:51:13.308816,599618891721065906,33.00
2025-12-04 01:51:13.308816,599618891721065906,35.00
2025-12-04 01:51:13.308816,599618891721065906,38.00
2025-12-04 01:51:13.308816,599618891721065906,40.00
2025-12-04 01:51:13.308816,599618891721065906,38.00
2025-12-04 01:51:13.308816,599618891721065906,33.00
2025-12-04 01:51:13.308816,599618891721065906,28.00
2025-12-04 01:51:13.308816,599618891721065906,26.00
2025-12-04 01:51:13.919004,599618892281798553,26.00
2025-12-04 01:51:13.919004,599618892281798553,28.00
2025-12-04 01:51:13.919004,599618892281798553,28.00
2025-12-04 01:51:13.919004,599618892281798553,26.00
2025-12-04 01:51:13.919004,599618892281798553,26.00
2025-12-04 01:51:13.919004,599618892281798553,26.00
2025-12-04 01:51:13.919004,599618892281798553,26.00
2025-12-04 01:51:13.919004,599618892281798553,23.00
2025-12-04 01:51:13.919004,599618892281798553,26.00
2025-12-04 01:51:13.919004,599618892281798553,28.00
2025-12-04 01:51:13.919004,599618892281798553,28.00
2025-12-04 01:51:13.919004,599618892281798553,26.00
2025-12-04 01:51:13.919004,599618892281798553,23.00
2025-12-04 01:51:13.919004,599618892281798553,23.00
2025-12-04 01:51:13.919004,599618892281798553,26.00
2025-12-04 01:51:13.919004,599618892281798553,26.00
2025-12-04 01:51:13.919004,599618892281798553,26.00
2025-12-04 01:51:13.919004,599618892281798553,26.00
2025-12-04 01:51:13.919004,599618892281798553,23.00
2025-12-04 01:51:13.919004,599618892281798553,16.00
2025-12-04 01:51:13.919004,599618892281798553,14.00
2025-12-04 01:51:13.919004,599618892281798553,16.00
2025-12-04 01:51:13.919004,599618892281798553,19.00
2025-12-04 01:51:13.919004,599618892281798553,19.00
2025-12-04 01:51:13.919004,599618892281798553,19.00
2025-12-04 01:51:13.919004,599618892281798553,14.00
2025-12-04 01:51:13.919004,599618892281798553,9.00
2025-12-04 01:51:13.919004,599618892281798553,14.00
2025-12-04 01:51:13.919004,599618892281798553,14.00
2025-12-04 01:51:13.919004,599618892281798553,11.00
2025-12-04 01:51:13.919004,599618892281798553,9.00
2025-12-04 01:51:13.919004,599618892281798553,9.00
2025-12-04 01:51:13.919004,599618892281798553,4.00
2025-12-04 01:51:13.919004,599618892281798553,2.00
2025-12-04 01:51:13.919004,599618892281798553,4.00
2025-12-04 01:51:13.919004,599618892281798553,4.00
2025-12-04 01:51:13.919004,599618892281798553,2.00
2025-12-04 01:51:13.919004,599618892281798553,0.00
2025-12-04 01:51:13.919004,599618892281798553,-4.00
2025-12-04 01:51:13.919004,599618892281798553,-4.00
2025-12-04 01:51:13.919004,599618892281798553,-4.00
2025-12-04 01:51:13.919004,599618892281798553,-11.00
2025-12-04 01:51:13.919004,599618892281798553,-21.00
2025-12-04 01:51:13.919004,599618892281798553,-19.00
2025-12-04 01:51:13.919004,599618892281798553,-14.00
2025-12-04 01:51:13.919004,599618892281798553,-14.00
2025-12-04 01:51:13.919004,599618892281798553,-9.00
2025-12-04 01:51:13.919004,599618892281798553,2.00
2025-12-04 01:51:13.919004,599618892281798553,7.00
2025-12-04 01:51:13.919004,599618892281798553,9.00
2025-12-04 01:51:13.919004,599618892281798553,2.00
2025-12-04 01:51:13.919004,599618892281798553,-4.00
2025-12-04 01:51:13.919004,599618892281798553,-2.00
2025-12-04 01:51:13.919004,599618892281798553,4.00
2025-12-04 01:51:13.919004,599618892281798553,0.00
2025-12-04 01:51:13.919004,599618892281798553,-2.00
2025-12-04 01:51:13.919004,599618892281798553,9.00
2025-12-04 01:51:13.919004,599618892281798553,33.00
2025-12-04 01:51:13.919004,599618892281798553,35.00
2025-12-04 01:51:13.919004,599618892281798553,-61.00
2025-12-04 01:51:13.919004,599618892281798553,-283.00
2025-12-04 01:51:13.919004,599618892281798553,-581.00
2025-12-04 01:51:13.919004,599618892281798553,-791.00
2025-12-04 01:51:13.919004,599618892281798553,-612.00
2025-12-04 01:51:13.919004,599618892281798553,-147.00
2025-12-04 01:51:13.919004,599618892281798553,78.00
2025-12-04 01:51:13.919004,599618892281798553,16.00
2025-12-04 01:51:13.919004,599618892281798553,28.00
2025-12-04 01:51:13.919004,599618892281798553,95.00
2025-12-04 01:51:13.919004,599618892281798553,76.00
2025-12-04 01:51:13.919004,599618892281798553,57.00
2025-12-04 01:51:13.919004,599618892281798553,73.00
2025-12-04 01:51:13.919004,599618892281798553,69.00
2025-12-04 01:51:14.479389,599618892842551544,47.00
2025-12-04 01:51:14.479389,599618892842551544,42.00
2025-12-04 01:51:14.479389,599618892842551544,40.00
2025-12-04 01:51:14.479389,599618892842551544,30.00
2025-12-04 01:51:14.479389,599618892842551544,21.00
2025-12-04 01:51:14.479389,599618892842551544,16.00
2025-12-04 01:51:14.479389,599618892842551544,14.00
2025-12-04 01:51:14.479389,599618892842551544,7.00
2025-12-04 01:51:14.479389,599618892842551544,-4.00
2025-12-04 01:51:14.479389,599618892842551544,-14.00
2025-12-04 01:51:14.479389,599618892842551544,-19.00
2025-12-04 01:51:14.479389,599618892842551544,-26.00
2025-12-04 01:51:14.479389,599618892842551544,-33.00
2025-12-04 01:51:14.479389,599618892842551544,-42.00
2025-12-04 01:51:14.479389,599618892842551544,-50.00
2025-12-04 01:51:14.479389,599618892842551544,-57.00
2025-12-04 01:51:14.479389,599618892842551544,-61.00
2025-12-04 01:51:14.479389,599618892842551544,-64.00
2025-12-04 01:51:14.479389,599618892842551544,-61.00
2025-12-04 01:51:14.479389,599618892842551544,-59.00
2025-12-04 01:51:14.479389,599618892842551544,-57.00
2025-12-04 01:51:14.479389,599618892842551544,-54.00
2025-12-04 01:51:14.479389,599618892842551544,-47.00
2025-12-04 01:51:14.479389,599618892842551544,-33.00
2025-12-04 01:51:14.479389,599618892842551544,-11.00
2025-12-04 01:51:14.479389,599618892842551544,4.00
2025-12-04 01:51:14.479389,599618892842551544,14.00
2025-12-04 01:51:14.479389,599618892842551544,19.00
2025-12-04 01:51:14.479389,599618892842551544,26.00
2025-12-04 01:51:14.479389,599618892842551544,28.00
2025-12-04 01:51:14.479389,599618892842551544,30.00
2025-12-04 01:51:14.479389,599618892842551544,33.00
2025-12-04 01:51:14.479389,599618892842551544,33.00
2025-12-04 01:51:14.479389,599618892842551544,28.00
2025-12-04 01:51:14.479389,599618892842551544,26.00
2025-12-04 01:51:14.479389,599618892842551544,23.00
2025-12-04 01:51:14.479389,599618892842551544,21.00
2025-12-04 01:51:14.479389,599618892842551544,21.00
2025-12-04 01:51:14.479389,599618892842551544,26.00
2025-12-04 01:51:14.479389,599618892842551544,28.00
2025-12-04 01:51:14.479389,599618892842551544,21.00
2025-12-04 01:51:14.479389,599618892842551544,16.00
2025-12-04 01:51:14.479389,599618892842551544,19.00
2025-12-04 01:51:14.479389,599618892842551544,21.00
2025-12-04 01:51:14.479389,599618892842551544,21.00
2025-12-04 01:51:14.479389,599618892842551544,19.00
2025-12-04 01:51:14.479389,599618892842551544,19.00
2025-12-04 01:51:14.479389,599618892842551544,19.00
2025-12-04 01:51:14.479389,599618892842551544,21.00
2025-12-04 01:51:14.479389,599618892842551544,21.00
2025-12-04 01:51:14.479389,599618892842551544,21.00
2025-12-04 01:51:14.479389,599618892842551544,23.00
2025-12-04 01:51:14.479389,599618892842551544,23.00
2025-12-04 01:51:14.479389,599618892842551544,19.00
2025-12-04 01:51:14.479389,599618892842551544,16.00
2025-12-04 01:51:14.479389,599618892842551544,14.00
2025-12-04 01:51:14.479389,599618892842551544,11.00
2025-12-04 01:51:14.479389,599618892842551544,11.00
2025-12-04 01:51:14.479389,599618892842551544,11.00
2025-12-04 01:51:14.479389,599618892842551544,11.00
2025-12-04 01:51:14.479389,599618892842551544,9.00
2025-12-04 01:51:14.479389,599618892842551544,7.00
2025-12-04 01:51:14.479389,599618892842551544,9.00
2025-12-04 01:51:14.479389,599618892842551544,7.00
2025-12-04 01:51:14.479389,599618892842551544,4.00
2025-12-04 01:51:14.479389,599618892842551544,7.00
2025-12-04 01:51:14.479389,599618892842551544,11.00
2025-12-04 01:51:14.479389,599618892842551544,9.00
2025-12-04 01:51:14.479389,599618892842551544,7.00
2025-12-04 01:51:14.479389,599618892842551544,9.00
2025-12-04 01:51:14.479389,599618892842551544,9.00
2025-12-04 01:51:14.479389,599618892842551544,2.00
2025-12-04 01:51:14.479389,599618892842551544,-7.00
2025-12-04 01:51:15.040647,599618893403279103,-11.00
2025-12-04 01:51:15.040647,599618893403279103,-11.00
2025-12-04 01:51:15.040647,599618893403279103,-11.00
2025-12-04 01:51:15.040647,599618893403279103,-14.00
2025-12-04 01:51:15.040647,599618893403279103,-4.00
2025-12-04 01:51:15.040647,599618893403279103,9.00
2025-12-04 01:51:15.040647,599618893403279103,9.00
2025-12-04 01:51:15.040647,599618893403279103,2.00
2025-12-04 01:51:15.040647,599618893403279103,4.00
2025-12-04 01:51:15.040647,599618893403279103,9.00
2025-12-04 01:51:15.040647,599618893403279103,9.00
2025-12-04 01:51:15.040647,599618893403279103,7.00
2025-12-04 01:51:15.040647,599618893403279103,14.00
2025-12-04 01:51:15.040647,599618893403279103,14.00
2025-12-04 01:51:15.040647,599618893403279103,16.00
2025-12-04 01:51:15.040647,599618893403279103,40.00
2025-12-04 01:51:15.040647,599618893403279103,42.00
2025-12-04 01:51:15.040647,599618893403279103,-59.00
2025-12-04 01:51:15.040647,599618893403279103,-295.00
2025-12-04 01:51:15.040647,599618893403279103,-605.00
2025-12-04 01:51:15.040647,599618893403279103,-810.00
2025-12-04 01:51:15.040647,599618893403279103,-615.00
2025-12-04 01:51:15.040647,599618893403279103,-135.00
2025-12-04 01:51:15.040647,599618893403279103,92.00
2025-12-04 01:51:15.040647,599618893403279103,30.00
2025-12-04 01:51:15.040647,599618893403279103,42.00
2025-12-04 01:51:15.040647,599618893403279103,104.00
2025-12-04 01:51:15.040647,599618893403279103,81.00
2025-12-04 01:51:15.040647,599618893403279103,69.00
2025-12-04 01:51:15.040647,599618893403279103,83.00
2025-12-04 01:51:15.040647,599618893403279103,69.00
2025-12-04 01:51:15.040647,599618893403279103,52.00
2025-12-04 01:51:15.040647,599618893403279103,52.00
2025-12-04 01:51:15.040647,599618893403279103,47.00
2025-12-04 01:51:15.040647,599618893403279103,40.00
2025-12-04 01:51:15.040647,599618893403279103,33.00
2025-12-04 01:51:15.040647,599618893403279103,23.00
2025-12-04 01:51:15.040647,599618893403279103,14.00
2025-12-04 01:51:15.040647,599618893403279103,9.00
2025-12-04 01:51:15.040647,599618893403279103,4.00
2025-12-04 01:51:15.040647,599618893403279103,-4.00
2025-12-04 01:51:15.040647,599618893403279103,-14.00
2025-12-04 01:51:15.040647,599618893403279103,-19.00
2025-12-04 01:51:15.040647,599618893403279103,-23.00
2025-12-04 01:51:15.040647,599618893403279103,-30.00
2025-12-04 01:51:15.040647,599618893403279103,-40.00
2025-12-04 01:51:15.040647,599618893403279103,-47.00
2025-12-04 01:51:15.040647,599618893403279103,-47.00
2025-12-04 01:51:15.040647,599618893403279103,-50.00
2025-12-04 01:51:15.040647,599618893403279103,-54.00
2025-12-04 01:51:15.040647,599618893403279103,-54.00
2025-12-04 01:51:15.040647,599618893403279103,-52.00
2025-12-04 01:51:15.040647,599618893403279103,-45.00
2025-12-04 01:51:15.040647,599618893403279103,-38.00
2025-12-04 01:51:15.040647,599618893403279103,-23.00
2025-12-04 01:51:15.040647,599618893403279103,-4.00
2025-12-04 01:51:15.040647,599618893403279103,9.00
2025-12-04 01:51:15.040647,599618893403279103,21.00
2025-12-04 01:51:15.040647,599618893403279103,35.00
2025-12-04 01:51:15.040647,599618893403279103,40.00
2025-12-04 01:51:15.040647,599618893403279103,35.00
2025-12-04 01:51:15.040647,599618893403279103,35.00
2025-12-04 01:51:15.040647,599618893403279103,33.00
2025-12-04 01:51:15.040647,599618893403279103,30.00
2025-12-04 01:51:15.040647,599618893403279103,28.00
2025-12-04 01:51:15.040647,599618893403279103,28.00
2025-12-04 01:51:15.040647,599618893403279103,30.00
2025-12-04 01:51:15.040647,599618893403279103,28.00
2025-12-04 01:51:15.040647,599618893403279103,26.00
2025-12-04 01:51:15.040647,599618893403279103,21.00
2025-12-04 01:51:15.040647,599618893403279103,23.00
2025-12-04 01:51:15.040647,599618893403279103,23.00
2025-12-04 01:51:15.040647,599618893403279103,21.00
2025-12-04 01:51:15.552525,599618893964027006,28.00
2025-12-04 01:51:15.552525,599618893964027006,33.00
2025-12-04 01:51:15.552525,599618893964027006,30.00
2025-12-04 01:51:15.552525,599618893964027006,28.00
2025-12-04 01:51:15.552525,599618893964027006,26.00
2025-12-04 01:51:15.552525,599618893964027006,26.00
2025-12-04 01:51:15.552525,599618893964027006,28.00
2025-12-04 01:51:15.552525,599618893964027006,26.00
2025-12-04 01:51:15.552525,599618893964027006,21.00
2025-12-04 01:51:15.552525,599618893964027006,23.00
2025-12-04 01:51:15.552525,599618893964027006,28.00
2025-12-04 01:51:15.552525,599618893964027006,26.00
2025-12-04 01:51:15.552525,599618893964027006,26.00
2025-12-04 01:51:15.552525,599618893964027006,30.00
2025-12-04 01:51:15.552525,599618893964027006,28.00
2025-12-04 01:51:15.552525,599618893964027006,23.00
2025-12-04 01:51:15.552525,599618893964027006,26.00
2025-12-04 01:51:15.552525,599618893964027006,28.00
2025-12-04 01:51:15.552525,599618893964027006,26.00
2025-12-04 01:51:15.552525,599618893964027006,21.00
2025-12-04 01:51:15.552525,599618893964027006,21.00
2025-12-04 01:51:15.552525,599618893964027006,21.00
2025-12-04 01:51:15.552525,599618893964027006,21.00
2025-12-04 01:51:15.552525,599618893964027006,19.00
2025-12-04 01:51:15.552525,599618893964027006,19.00
2025-12-04 01:51:15.552525,599618893964027006,19.00
2025-12-04 01:51:15.552525,599618893964027006,21.00
2025-12-04 01:51:15.552525,599618893964027006,21.00
2025-12-04 01:51:15.552525,599618893964027006,14.00
2025-12-04 01:51:15.552525,599618893964027006,4.00
2025-12-04 01:51:15.552525,599618893964027006,-2.00
2025-12-04 01:51:15.552525,599618893964027006,-7.00
2025-12-04 01:51:15.552525,599618893964027006,-4.00
2025-12-04 01:51:15.552525,599618893964027006,2.00
2025-12-04 01:51:15.552525,599618893964027006,2.00
2025-12-04 01:51:15.552525,599618893964027006,9.00
2025-12-04 01:51:15.552525,599618893964027006,26.00
2025-12-04 01:51:15.552525,599618893964027006,28.00
2025-12-04 01:51:15.552525,599618893964027006,19.00
2025-12-04 01:51:15.552525,599618893964027006,16.00
2025-12-04 01:51:15.552525,599618893964027006,19.00
2025-12-04 01:51:15.552525,599618893964027006,21.00
2025-12-04 01:51:15.552525,599618893964027006,19.00
2025-12-04 01:51:15.552525,599618893964027006,14.00
2025-12-04 01:51:15.552525,599618893964027006,16.00
2025-12-04 01:51:15.552525,599618893964027006,30.00
2025-12-04 01:51:15.552525,599618893964027006,52.00
2025-12-04 01:51:15.552525,599618893964027006,26.00
2025-12-04 01:51:15.552525,599618893964027006,-114.00
2025-12-04 01:51:15.552525,599618893964027006,-374.00
2025-12-04 01:51:15.552525,599618893964027006,-681.00
2025-12-04 01:51:15.552525,599618893964027006,-798.00
2025-12-04 01:51:15.552525,599618893964027006,-484.00
2025-12-04 01:51:15.552525,599618893964027006,-28.00
2025-12-04 01:51:15.552525,599618893964027006,90.00
2025-12-04 01:51:15.552525,599618893964027006,28.00
2025-12-04 01:51:15.552525,599618893964027006,76.00
2025-12-04 01:51:15.552525,599618893964027006,112.00
2025-12-04 01:51:15.552525,599618893964027006,81.00
2025-12-04 01:51:15.552525,599618893964027006,81.00
2025-12-04 01:51:15.552525,599618893964027006,90.00
2025-12-04 01:51:15.552525,599618893964027006,71.00
2025-12-04 01:51:15.552525,599618893964027006,59.00
2025-12-04 01:51:15.552525,599618893964027006,59.00
2025-12-04 01:51:15.552525,599618893964027006,52.00
2025-12-04 01:51:15.552525,599618893964027006,45.00
2025-12-04 01:51:15.552525,599618893964027006,38.00
2025-12-04 01:51:15.552525,599618893964027006,28.00
2025-12-04 01:51:15.552525,599618893964027006,26.00
2025-12-04 01:51:15.552525,599618893964027006,19.00
2025-12-04 01:51:15.552525,599618893964027006,9.00
2025-12-04 01:51:15.552525,599618893964027006,2.00
2025-12-04 01:51:15.552525,599618893964027006,-4.00
2025-12-04 01:51:16.113625,599618894524764739,-14.00
2025-12-04 01:51:16.113625,599618894524764739,-21.00
2025-12-04 01:51:16.113625,599618894524764739,-26.00
2025-12-04 01:51:16.113625,599618894524764739,-30.00
2025-12-04 01:51:16.113625,599618894524764739,-35.00
2025-12-04 01:51:16.113625,599618894524764739,-38.00
2025-12-04 01:51:16.113625,599618894524764739,-35.00
2025-12-04 01:51:16.113625,599618894524764739,-38.00
2025-12-04 01:51:16.113625,599618894524764739,-38.00
2025-12-04 01:51:16.113625,599618894524764739,-35.00
2025-12-04 01:51:16.113625,599618894524764739,-26.00
2025-12-04 01:51:16.113625,599618894524764739,-19.00
2025-12-04 01:51:16.113625,599618894524764739,-7.00
2025-12-04 01:51:16.113625,599618894524764739,9.00
2025-12-04 01:51:16.113625,599618894524764739,26.00
2025-12-04 01:51:16.113625,599618894524764739,38.00
2025-12-04 01:51:16.113625,599618894524764739,42.00
2025-12-04 01:51:16.113625,599618894524764739,45.00
2025-12-04 01:51:16.113625,599618894524764739,47.00
2025-12-04 01:51:16.113625,599618894524764739,45.00
2025-12-04 01:51:16.113625,599618894524764739,40.00
2025-12-04 01:51:16.113625,599618894524764739,38.00
2025-12-04 01:51:16.113625,599618894524764739,38.00
2025-12-04 01:51:16.113625,599618894524764739,38.00
2025-12-04 01:51:16.113625,599618894524764739,35.00
2025-12-04 01:51:16.113625,599618894524764739,38.00
2025-12-04 01:51:16.113625,599618894524764739,35.00
2025-12-04 01:51:16.113625,599618894524764739,33.00
2025-12-04 01:51:16.113625,599618894524764739,33.00
2025-12-04 01:51:16.113625,599618894524764739,30.00
2025-12-04 01:51:16.113625,599618894524764739,33.00
2025-12-04 01:51:16.113625,599618894524764739,35.00
2025-12-04 01:51:16.113625,599618894524764739,35.00
2025-12-04 01:51:16.113625,599618894524764739,33.00
2025-12-04 01:51:16.113625,599618894524764739,33.00
2025-12-04 01:51:16.113625,599618894524764739,30.00
2025-12-04 01:51:16.113625,599618894524764739,30.00
2025-12-04 01:51:16.113625,599618894524764739,33.00
2025-12-04 01:51:16.113625,599618894524764739,33.00
2025-12-04 01:51:16.113625,599618894524764739,30.00
2025-12-04 01:51:16.113625,599618894524764739,28.00
2025-12-04 01:51:16.113625,599618894524764739,28.00
2025-12-04 01:51:16.113625,599618894524764739,28.00
2025-12-04 01:51:16.113625,599618894524764739,26.00
2025-12-04 01:51:16.113625,599618894524764739,26.00
2025-12-04 01:51:16.113625,599618894524764739,26.00
2025-12-04 01:51:16.113625,599618894524764739,26.00
2025-12-04 01:51:16.113625,599618894524764739,23.00
2025-12-04 01:51:16.113625,599618894524764739,26.00
2025-12-04 01:51:16.113625,599618894524764739,28.00
2025-12-04 01:51:16.113625,599618894524764739,28.00
2025-12-04 01:51:16.113625,599618894524764739,28.00
2025-12-04 01:51:16.113625,599618894524764739,26.00
2025-12-04 01:51:16.113625,599618894524764739,21.00
2025-12-04 01:51:16.113625,599618894524764739,23.00
2025-12-04 01:51:16.113625,599618894524764739,26.00
2025-12-04 01:51:16.113625,599618894524764739,26.00
2025-12-04 01:51:16.113625,599618894524764739,19.00
2025-12-04 01:51:16.113625,599618894524764739,19.00
2025-12-04 01:51:16.113625,599618894524764739,19.00
2025-12-04 01:51:16.113625,599618894524764739,11.00
2025-12-04 01:51:16.113625,599618894524764739,2.00
2025-12-04 01:51:16.113625,599618894524764739,0.00
2025-12-04 01:51:16.113625,599618894524764739,2.00
2025-12-04 01:51:16.113625,599618894524764739,7.00
2025-12-04 01:51:16.113625,599618894524764739,7.00
2025-12-04 01:51:16.113625,599618894524764739,16.00
2025-12-04 01:51:16.113625,599618894524764739,26.00
2025-12-04 01:51:16.113625,599618894524764739,26.00
2025-12-04 01:51:16.113625,599618894524764739,23.00
2025-12-04 01:51:16.113625,599618894524764739,26.00
2025-12-04 01:51:16.113625,599618894524764739,28.00
2025-12-04 01:51:16.113625,599618894524764739,26.00
2025-12-04 01:51:16.725405,599618895085522814,26.00
2025-12-04 01:51:16.725405,599618895085522814,23.00
2025-12-04 01:51:16.725405,599618895085522814,28.00
2025-12-04 01:51:16.725405,599618895085522814,35.00
2025-12-04 01:51:16.725405,599618895085522814,57.00
2025-12-04 01:51:16.725405,599618895085522814,66.00
2025-12-04 01:51:16.725405,599618895085522814,-14.00
2025-12-04 01:51:16.725405,599618895085522814,-226.00
2025-12-04 01:51:16.725405,599618895085522814,-524.00
2025-12-04 01:51:16.725405,599618895085522814,-767.00
2025-12-04 01:51:16.725405,599618895085522814,-667.00
2025-12-04 01:51:16.725405,599618895085522814,-212.00
2025-12-04 01:51:16.725405,599618895085522814,92.00
2025-12-04 01:51:16.725405,599618895085522814,61.00
2025-12-04 01:51:16.725405,599618895085522814,47.00
2025-12-04 01:51:16.725405,599618895085522814,123.00
2025-12-04 01:51:16.725405,599618895085522814,119.00
2025-12-04 01:51:16.725405,599618895085522814,90.00
2025-12-04 01:51:16.725405,599618895085522814,97.00
2025-12-04 01:51:16.725405,599618895085522814,95.00
2025-12-04 01:51:16.725405,599618895085522814,76.00
2025-12-04 01:51:16.725405,599618895085522814,76.00
2025-12-04 01:51:16.725405,599618895085522814,76.00
2025-12-04 01:51:16.725405,599618895085522814,61.00
2025-12-04 01:51:16.725405,599618895085522814,50.00
2025-12-04 01:51:16.725405,599618895085522814,45.00
2025-12-04 01:51:16.725405,599618895085522814,38.00
2025-12-04 01:51:16.725405,599618895085522814,28.00
2025-12-04 01:51:16.725405,599618895085522814,23.00
2025-12-04 01:51:16.725405,599618895085522814,16.00
2025-12-04 01:51:16.725405,599618895085522814,9.00
2025-12-04 01:51:16.725405,599618895085522814,0.00
2025-12-04 01:51:16.725405,599618895085522814,-7.00
2025-12-04 01:51:16.725405,599618895085522814,-16.00
2025-12-04 01:51:16.725405,599618895085522814,-21.00
2025-12-04 01:51:16.725405,599618895085522814,-28.00
2025-12-04 01:51:16.725405,599618895085522814,-30.00
2025-12-04 01:51:16.725405,599618895085522814,-30.00
2025-12-04 01:51:16.725405,599618895085522814,-33.00
2025-12-04 01:51:16.725405,599618895085522814,-30.00
2025-12-04 01:51:16.725405,599618895085522814,-26.00
2025-12-04 01:51:16.725405,599618895085522814,-28.00
2025-12-04 01:51:16.725405,599618895085522814,-23.00
2025-12-04 01:51:16.725405,599618895085522814,-14.00
2025-12-04 01:51:16.725405,599618895085522814,2.00
2025-12-04 01:51:16.725405,599618895085522814,21.00
2025-12-04 01:51:16.725405,599618895085522814,38.00
2025-12-04 01:51:16.725405,599618895085522814,45.00
2025-12-04 01:51:16.725405,599618895085522814,45.00
2025-12-04 01:51:16.725405,599618895085522814,47.00
2025-12-04 01:51:16.725405,599618895085522814,47.00
2025-12-04 01:51:16.725405,599618895085522814,45.00
2025-12-04 01:51:16.725405,599618895085522814,45.00
2025-12-04 01:51:16.725405,599618895085522814,42.00
2025-12-04 01:51:16.725405,599618895085522814,33.00
2025-12-04 01:51:16.725405,599618895085522814,33.00
2025-12-04 01:51:16.725405,599618895085522814,35.00
2025-12-04 01:51:16.725405,599618895085522814,33.00
2025-12-04 01:51:16.725405,599618895085522814,33.00
2025-12-04 01:51:16.725405,599618895085522814,33.00
2025-12-04 01:51:16.725405,599618895085522814,30.00
2025-12-04 01:51:16.725405,599618895085522814,28.00
2025-12-04 01:51:16.725405,599618895085522814,30.00
2025-12-04 01:51:16.725405,599618895085522814,30.00
2025-12-04 01:51:16.725405,599618895085522814,28.00
2025-12-04 01:51:16.725405,599618895085522814,28.00
2025-12-04 01:51:16.725405,599618895085522814,30.00
2025-12-04 01:51:16.725405,599618895085522814,33.00
2025-12-04 01:51:16.725405,599618895085522814,33.00
2025-12-04 01:51:16.725405,599618895085522814,33.00
2025-12-04 01:51:16.725405,599618895085522814,33.00
2025-12-04 01:51:16.725405,599618895085522814,35.00
2025-12-04 01:51:16.725405,599618895085522814,33.00
2025-12-04 01:51:17.297265,599618895646250377,28.00
2025-12-04 01:51:17.297265,599618895646250377,28.00
2025-12-04 01:51:17.297265,599618895646250377,28.00
2025-12-04 01:51:17.297265,599618895646250377,28.00
2025-12-04 01:51:17.297265,599618895646250377,28.00
2025-12-04 01:51:17.297265,599618895646250377,30.00
2025-12-04 01:51:17.297265,599618895646250377,26.00
2025-12-04 01:51:17.297265,599618895646250377,23.00
2025-12-04 01:51:17.297265,599618895646250377,26.00
2025-12-04 01:51:17.297265,599618895646250377,28.00
2025-12-04 01:51:17.297265,599618895646250377,26.00
2025-12-04 01:51:17.297265,599618895646250377,26.00
2025-12-04 01:51:17.297265,599618895646250377,26.00
2025-12-04 01:51:17.297265,599618895646250377,26.00
2025-12-04 01:51:17.297265,599618895646250377,23.00
2025-12-04 01:51:17.297265,599618895646250377,19.00
2025-12-04 01:51:17.297265,599618895646250377,14.00
2025-12-04 01:51:17.297265,599618895646250377,9.00
2025-12-04 01:51:17.297265,599618895646250377,0.00
2025-12-04 01:51:17.297265,599618895646250377,-7.00
2025-12-04 01:51:17.297265,599618895646250377,0.00
2025-12-04 01:51:17.297265,599618895646250377,7.00
2025-12-04 01:51:17.297265,599618895646250377,9.00
2025-12-04 01:51:17.297265,599618895646250377,16.00
2025-12-04 01:51:17.297265,599618895646250377,26.00
2025-12-04 01:51:17.297265,599618895646250377,30.00
2025-12-04 01:51:17.297265,599618895646250377,26.00
2025-12-04 01:51:17.297265,599618895646250377,23.00
2025-12-04 01:51:17.297265,599618895646250377,23.00
2025-12-04 01:51:17.297265,599618895646250377,23.00
2025-12-04 01:51:17.297265,599618895646250377,23.00
2025-12-04 01:51:17.297265,599618895646250377,21.00
2025-12-04 01:51:17.297265,599618895646250377,21.00
2025-12-04 01:51:17.297265,599618895646250377,30.00
2025-12-04 01:51:17.297265,599618895646250377,52.00
2025-12-04 01:51:17.297265,599618895646250377,52.00
2025-12-04 01:51:17.297265,599618895646250377,-40.00
2025-12-04 01:51:17.297265,599618895646250377,-257.00
2025-12-04 01:51:17.297265,599618895646250377,-548.00
2025-12-04 01:51:17.297265,599618895646250377,-770.00
2025-12-04 01:51:17.297265,599618895646250377,-634.00
2025-12-04 01:51:17.297265,599618895646250377,-183.00
2025-12-04 01:51:17.297265,599618895646250377,83.00
2025-12-04 01:51:17.297265,599618895646250377,47.00
2025-12-04 01:51:17.297265,599618895646250377,45.00
2025-12-04 01:51:17.297265,599618895646250377,107.00
2025-12-04 01:51:17.297265,599618895646250377,92.00
2025-12-04 01:51:17.297265,599618895646250377,73.00
2025-12-04 01:51:17.297265,599618895646250377,88.00
2025-12-04 01:51:17.297265,599618895646250377,78.00
2025-12-04 01:51:17.297265,599618895646250377,66.00
2025-12-04 01:51:17.297265,599618895646250377,64.00
2025-12-04 01:51:17.297265,599618895646250377,57.00
2025-12-04 01:51:17.297265,599618895646250377,45.00
2025-12-04 01:51:17.297265,599618895646250377,38.00
2025-12-04 01:51:17.297265,599618895646250377,30.00
2025-12-04 01:51:17.297265,599618895646250377,26.00
2025-12-04 01:51:17.297265,599618895646250377,19.00
2025-12-04 01:51:17.297265,599618895646250377,7.00
2025-12-04 01:51:17.297265,599618895646250377,0.00
2025-12-04 01:51:17.297265,599618895646250377,-7.00
2025-12-04 01:51:17.297265,599618895646250377,-11.00
2025-12-04 01:51:17.297265,599618895646250377,-19.00
2025-12-04 01:51:17.297265,599618895646250377,-23.00
2025-12-04 01:51:17.297265,599618895646250377,-30.00
2025-12-04 01:51:17.297265,599618895646250377,-42.00
2025-12-04 01:51:17.297265,599618895646250377,-47.00
2025-12-04 01:51:17.297265,599618895646250377,-47.00
2025-12-04 01:51:17.297265,599618895646250377,-45.00
2025-12-04 01:51:17.297265,599618895646250377,-45.00
2025-12-04 01:51:17.297265,599618895646250377,-42.00
2025-12-04 01:51:17.297265,599618895646250377,-35.00
2025-12-04 01:51:17.297265,599618895646250377,-28.00
2025-12-04 01:51:17.805865,599618896207008454,-16.00
2025-12-04 01:51:17.805865,599618896207008454,-2.00
2025-12-04 01:51:17.805865,599618896207008454,14.00
2025-12-04 01:51:17.805865,599618896207008454,26.00
2025-12-04 01:51:17.805865,599618896207008454,28.00
2025-12-04 01:51:17.805865,599618896207008454,28.00
2025-12-04 01:51:17.805865,599618896207008454,33.00
2025-12-04 01:51:17.805865,599618896207008454,33.00
2025-12-04 01:51:17.805865,599618896207008454,30.00
2025-12-04 01:51:17.805865,599618896207008454,28.00
2025-12-04 01:51:17.805865,599618896207008454,28.00
2025-12-04 01:51:17.805865,599618896207008454,23.00
2025-12-04 01:51:17.805865,599618896207008454,23.00
2025-12-04 01:51:17.805865,599618896207008454,23.00
2025-12-04 01:51:17.805865,599618896207008454,23.00
2025-12-04 01:51:17.805865,599618896207008454,21.00
2025-12-04 01:51:17.805865,599618896207008454,19.00
2025-12-04 01:51:17.805865,599618896207008454,16.00
2025-12-04 01:51:17.805865,599618896207008454,16.00
2025-12-04 01:51:17.805865,599618896207008454,14.00
2025-12-04 01:51:17.805865,599618896207008454,14.00
2025-12-04 01:51:17.805865,599618896207008454,16.00
2025-12-04 01:51:17.805865,599618896207008454,19.00
2025-12-04 01:51:17.805865,599618896207008454,19.00
2025-12-04 01:51:17.805865,599618896207008454,16.00
2025-12-04 01:51:17.805865,599618896207008454,16.00
2025-12-04 01:51:17.805865,599618896207008454,19.00
2025-12-04 01:51:17.805865,599618896207008454,14.00
2025-12-04 01:51:17.805865,599618896207008454,11.00
2025-12-04 01:51:17.805865,599618896207008454,14.00
2025-12-04 01:51:17.805865,599618896207008454,19.00
2025-12-04 01:51:17.805865,599618896207008454,19.00
2025-12-04 01:51:17.805865,599618896207008454,14.00
2025-12-04 01:51:17.805865,599618896207008454,9.00
2025-12-04 01:51:17.805865,599618896207008454,9.00
2025-12-04 01:51:17.805865,599618896207008454,7.00
2025-12-04 01:51:17.805865,599618896207008454,7.00
2025-12-04 01:51:17.805865,599618896207008454,9.00
2025-12-04 01:51:17.805865,599618896207008454,11.00
2025-12-04 01:51:17.805865,599618896207008454,7.00
2025-12-04 01:51:17.805865,599618896207008454,4.00
2025-12-04 01:51:17.805865,599618896207008454,7.00
2025-12-04 01:51:17.805865,599618896207008454,4.00
2025-12-04 01:51:17.805865,599618896207008454,2.00
2025-12-04 01:51:17.805865,599618896207008454,2.00
2025-12-04 01:51:17.805865,599618896207008454,2.00
2025-12-04 01:51:17.805865,599618896207008454,4.00
2025-12-04 01:51:17.805865,599618896207008454,2.00
2025-12-04 01:51:17.805865,599618896207008454,-9.00
2025-12-04 01:51:17.805865,599618896207008454,-21.00
2025-12-04 01:51:17.805865,599618896207008454,-14.00
2025-12-04 01:51:17.805865,599618896207008454,-4.00
2025-12-04 01:51:17.805865,599618896207008454,-7.00
2025-12-04 01:51:17.805865,599618896207008454,-7.00
2025-12-04 01:51:17.805865,599618896207008454,11.00
2025-12-04 01:51:17.805865,599618896207008454,21.00
2025-12-04 01:51:17.805865,599618896207008454,16.00
2025-12-04 01:51:17.805865,599618896207008454,11.00
2025-12-04 01:51:17.805865,599618896207008454,14.00
2025-12-04 01:51:17.805865,599618896207008454,14.00
2025-12-04 01:51:17.805865,599618896207008454,9.00
2025-12-04 01:51:17.805865,599618896207008454,11.00
2025-12-04 01:51:17.805865,599618896207008454,16.00
2025-12-04 01:51:17.805865,599618896207008454,11.00
2025-12-04 01:51:17.805865,599618896207008454,19.00
2025-12-04 01:51:17.805865,599618896207008454,47.00
2025-12-04 01:51:17.805865,599618896207008454,38.00
2025-12-04 01:51:17.805865,599618896207008454,-90.00
2025-12-04 01:51:17.805865,599618896207008454,-333.00
2025-12-04 01:51:17.805865,599618896207008454,-627.00
2025-12-04 01:51:17.805865,599618896207008454,-791.00
2025-12-04 01:51:17.805865,599618896207008454,-546.00
2025-12-04 01:51:17.805865,599618896207008454,-85.00
2025-12-04 01:51:18.363445,599618896767736013,81.00
2025-12-04 01:51:18.363445,599618896767736013,16.00
2025-12-04 01:51:18.363445,599618896767736013,50.00
2025-12-04 01:51:18.363445,599618896767736013,102.00
2025-12-04 01:51:18.363445,599618896767736013,78.00
2025-12-04 01:51:18.363445,599618896767736013,69.00
2025-12-04 01:51:18.363445,599618896767736013,81.00
2025-12-04 01:51:18.363445,599618896767736013,69.00
2025-12-04 01:51:18.363445,599618896767736013,59.00
2025-12-04 01:51:18.363445,599618896767736013,59.00
2025-12-04 01:51:18.363445,599618896767736013,45.00
2025-12-04 01:51:18.363445,599618896767736013,35.00
2025-12-04 01:51:18.363445,599618896767736013,33.00
2025-12-04 01:51:18.363445,599618896767736013,26.00
2025-12-04 01:51:18.363445,599618896767736013,16.00
2025-12-04 01:51:18.363445,599618896767736013,9.00
2025-12-04 01:51:18.363445,599618896767736013,4.00
2025-12-04 01:51:18.363445,599618896767736013,0.00
2025-12-04 01:51:18.363445,599618896767736013,-11.00
2025-12-04 01:51:18.363445,599618896767736013,-21.00
2025-12-04 01:51:18.363445,599618896767736013,-30.00
2025-12-04 01:51:18.363445,599618896767736013,-40.00
2025-12-04 01:51:18.363445,599618896767736013,-47.00
2025-12-04 01:51:18.363445,599618896767736013,-50.00
2025-12-04 01:51:18.363445,599618896767736013,-50.00
2025-12-04 01:51:18.363445,599618896767736013,-50.00
2025-12-04 01:51:18.363445,599618896767736013,-54.00
2025-12-04 01:51:18.363445,599618896767736013,-64.00
2025-12-04 01:51:18.363445,599618896767736013,-54.00
2025-12-04 01:51:18.363445,599618896767736013,-42.00
2025-12-04 01:51:18.363445,599618896767736013,-38.00
2025-12-04 01:51:18.363445,599618896767736013,-21.00
2025-12-04 01:51:18.363445,599618896767736013,0.00
2025-12-04 01:51:18.363445,599618896767736013,11.00
2025-12-04 01:51:18.363445,599618896767736013,19.00
2025-12-04 01:51:18.363445,599618896767736013,26.00
2025-12-04 01:51:18.363445,599618896767736013,28.00
2025-12-04 01:51:18.363445,599618896767736013,30.00
2025-12-04 01:51:18.363445,599618896767736013,38.00
2025-12-04 01:51:18.363445,599618896767736013,33.00
2025-12-04 01:51:18.363445,599618896767736013,21.00
2025-12-04 01:51:18.363445,599618896767736013,23.00
2025-12-04 01:51:18.363445,599618896767736013,23.00
2025-12-04 01:51:18.363445,599618896767736013,19.00
2025-12-04 01:51:18.363445,599618896767736013,19.00
2025-12-04 01:51:18.363445,599618896767736013,19.00
2025-12-04 01:51:18.363445,599618896767736013,19.00
2025-12-04 01:51:18.363445,599618896767736013,21.00
2025-12-04 01:51:18.363445,599618896767736013,23.00
2025-12-04 01:51:18.363445,599618896767736013,23.00
2025-12-04 01:51:18.363445,599618896767736013,21.00
2025-12-04 01:51:18.363445,599618896767736013,21.00
2025-12-04 01:51:18.363445,599618896767736013,21.00
2025-12-04 01:51:18.363445,599618896767736013,16.00
2025-12-04 01:51:18.363445,599618896767736013,16.00
2025-12-04 01:51:18.363445,599618896767736013,21.00
2025-12-04 01:51:18.363445,599618896767736013,14.00
2025-12-04 01:51:18.363445,599618896767736013,9.00
2025-12-04 01:51:18.363445,599618896767736013,19.00
2025-12-04 01:51:18.363445,599618896767736013,19.00
2025-12-04 01:51:18.363445,599618896767736013,11.00
2025-12-04 01:51:18.363445,599618896767736013,11.00
2025-12-04 01:51:18.363445,599618896767736013,11.00
2025-12-04 01:51:18.363445,599618896767736013,11.00
2025-12-04 01:51:18.363445,599618896767736013,14.00
2025-12-04 01:51:18.363445,599618896767736013,11.00
2025-12-04 01:51:18.363445,599618896767736013,4.00
2025-12-04 01:51:18.363445,599618896767736013,7.00
2025-12-04 01:51:18.363445,599618896767736013,7.00
2025-12-04 01:51:18.363445,599618896767736013,4.00
2025-12-04 01:51:18.363445,599618896767736013,7.00
2025-12-04 01:51:18.363445,599618896767736013,7.00
2025-12-04 01:51:18.363445,599618896767736013,2.00
2025-12-04 01:51:18.926481,599618897328463572,0.00
2025-12-04 01:51:18.926481,599618897328463572,2.00
2025-12-04 01:51:18.926481,599618897328463572,-4.00
2025-12-04 01:51:18.926481,599618897328463572,-14.00
2025-12-04 01:51:18.926481,599618897328463572,-19.00
2025-12-04 01:51:18.926481,599618897328463572,-14.00
2025-12-04 01:51:18.926481,599618897328463572,-9.00
2025-12-04 01:51:18.926481,599618897328463572,-11.00
2025-12-04 01:51:18.926481,599618897328463572,-4.00
2025-12-04 01:51:18.926481,599618897328463572,14.00
2025-12-04 01:51:18.926481,599618897328463572,19.00
2025-12-04 01:51:18.926481,599618897328463572,11.00
2025-12-04 01:51:18.926481,599618897328463572,9.00
2025-12-04 01:51:18.926481,599618897328463572,7.00
2025-12-04 01:51:18.926481,599618897328463572,9.00
2025-12-04 01:51:18.926481,599618897328463572,9.00
2025-12-04 01:51:18.926481,599618897328463572,9.00
2025-12-04 01:51:18.926481,599618897328463572,9.00
2025-12-04 01:51:18.926481,599618897328463572,16.00
2025-12-04 01:51:18.926481,599618897328463572,35.00
2025-12-04 01:51:18.926481,599618897328463572,52.00
2025-12-04 01:51:18.926481,599618897328463572,-9.00
2025-12-04 01:51:18.926481,599618897328463572,-216.00
2025-12-04 01:51:18.926481,599618897328463572,-524.00
2025-12-04 01:51:18.926481,599618897328463572,-805.00
2025-12-04 01:51:18.926481,599618897328463572,-767.00
2025-12-04 01:51:18.926481,599618897328463572,-314.00
2025-12-04 01:51:18.926481,599618897328463572,64.00
2025-12-04 01:51:18.926481,599618897328463572,54.00
2025-12-04 01:51:18.926481,599618897328463572,16.00
2025-12-04 01:51:18.926481,599618897328463572,92.00
2025-12-04 01:51:18.926481,599618897328463572,97.00
2025-12-04 01:51:18.926481,599618897328463572,66.00
2025-12-04 01:51:18.926481,599618897328463572,76.00
2025-12-04 01:51:18.926481,599618897328463572,73.00
2025-12-04 01:51:18.926481,599618897328463572,50.00
2025-12-04 01:51:18.926481,599618897328463572,50.00
2025-12-04 01:51:18.926481,599618897328463572,50.00
2025-12-04 01:51:18.926481,599618897328463572,35.00
2025-12-04 01:51:18.926481,599618897328463572,30.00
2025-12-04 01:51:18.926481,599618897328463572,28.00
2025-12-04 01:51:18.926481,599618897328463572,14.00
2025-12-04 01:51:18.926481,599618897328463572,4.00
2025-12-04 01:51:18.926481,599618897328463572,2.00
2025-12-04 01:51:18.926481,599618897328463572,-2.00
2025-12-04 01:51:18.926481,599618897328463572,-14.00
2025-12-04 01:51:18.926481,599618897328463572,-23.00
2025-12-04 01:51:18.926481,599618897328463572,-33.00
2025-12-04 01:51:18.926481,599618897328463572,-45.00
2025-12-04 01:51:18.926481,599618897328463572,-52.00
2025-12-04 01:51:18.926481,599618897328463572,-54.00
2025-12-04 01:51:18.926481,599618897328463572,-59.00
2025-12-04 01:51:18.926481,599618897328463572,-66.00
2025-12-04 01:51:18.926481,599618897328463572,-66.00
2025-12-04 01:51:18.926481,599618897328463572,-64.00
2025-12-04 01:51:18.926481,599618897328463572,-59.00
2025-12-04 01:51:18.926481,599618897328463572,-52.00
2025-12-04 01:51:18.926481,599618897328463572,-42.00
2025-12-04 01:51:18.926481,599618897328463572,-28.00
2025-12-04 01:51:18.926481,599618897328463572,-9.00
2025-12-04 01:51:18.926481,599618897328463572,4.00
2025-12-04 01:51:18.926481,599618897328463572,14.00
2025-12-04 01:51:18.926481,599618897328463572,21.00
2025-12-04 01:51:18.926481,599618897328463572,26.00
2025-12-04 01:51:18.926481,599618897328463572,26.00
2025-12-04 01:51:18.926481,599618897328463572,23.00
2025-12-04 01:51:18.926481,599618897328463572,21.00
2025-12-04 01:51:18.926481,599618897328463572,26.00
2025-12-04 01:51:18.926481,599618897328463572,21.00
2025-12-04 01:51:18.926481,599618897328463572,16.00
2025-12-04 01:51:18.926481,599618897328463572,16.00
2025-12-04 01:51:18.926481,599618897328463572,14.00
2025-12-04 01:51:18.926481,599618897328463572,7.00
2025-12-04 01:51:19.484989,599618897889191131,4.00
2025-12-04 01:51:19.484989,599618897889191131,9.00
2025-12-04 01:51:19.484989,599618897889191131,14.00
2025-12-04 01:51:19.484989,599618897889191131,16.00
2025-12-04 01:51:19.484989,599618897889191131,16.00
2025-12-04 01:51:19.484989,599618897889191131,19.00
2025-12-04 01:51:19.484989,599618897889191131,23.00
2025-12-04 01:51:19.484989,599618897889191131,21.00
2025-12-04 01:51:19.484989,599618897889191131,19.00
2025-12-04 01:51:19.484989,599618897889191131,16.00
2025-12-04 01:51:19.484989,599618897889191131,19.00
2025-12-04 01:51:19.484989,599618897889191131,21.00
2025-12-04 01:51:19.484989,599618897889191131,16.00
2025-12-04 01:51:19.484989,599618897889191131,16.00
2025-12-04 01:51:19.484989,599618897889191131,19.00
2025-12-04 01:51:19.484989,599618897889191131,16.00
2025-12-04 01:51:19.484989,599618897889191131,14.00
2025-12-04 01:51:19.484989,599618897889191131,11.00
2025-12-04 01:51:19.484989,599618897889191131,9.00
2025-12-04 01:51:19.484989,599618897889191131,9.00
2025-12-04 01:51:19.484989,599618897889191131,9.00
2025-12-04 01:51:19.484989,599618897889191131,9.00
2025-12-04 01:51:19.484989,599618897889191131,4.00
2025-12-04 01:51:19.484989,599618897889191131,4.00
2025-12-04 01:51:19.484989,599618897889191131,7.00
2025-12-04 01:51:19.484989,599618897889191131,7.00
2025-12-04 01:51:19.484989,599618897889191131,4.00
2025-12-04 01:51:19.484989,599618897889191131,2.00
2025-12-04 01:51:19.484989,599618897889191131,2.00
2025-12-04 01:51:19.484989,599618897889191131,7.00
2025-12-04 01:51:19.484989,599618897889191131,4.00
2025-12-04 01:51:19.484989,599618897889191131,-7.00
2025-12-04 01:51:19.484989,599618897889191131,-16.00
2025-12-04 01:51:19.484989,599618897889191131,-21.00
2025-12-04 01:51:19.484989,599618897889191131,-19.00
2025-12-04 01:51:19.484989,599618897889191131,-11.00
2025-12-04 01:51:19.484989,599618897889191131,-4.00
2025-12-04 01:51:19.484989,599618897889191131,0.00
2025-12-04 01:51:19.484989,599618897889191131,7.00
2025-12-04 01:51:19.484989,599618897889191131,11.00
2025-12-04 01:51:19.484989,599618897889191131,11.00
2025-12-04 01:51:19.484989,599618897889191131,9.00
2025-12-04 01:51:19.484989,599618897889191131,9.00
2025-12-04 01:51:19.484989,599618897889191131,11.00
2025-12-04 01:51:19.484989,599618897889191131,9.00
2025-12-04 01:51:19.484989,599618897889191131,9.00
2025-12-04 01:51:19.484989,599618897889191131,11.00
2025-12-04 01:51:19.484989,599618897889191131,16.00
2025-12-04 01:51:19.484989,599618897889191131,33.00
2025-12-04 01:51:19.484989,599618897889191131,54.00
2025-12-04 01:51:19.484989,599618897889191131,0.00
2025-12-04 01:51:19.484989,599618897889191131,-181.00
2025-12-04 01:51:19.484989,599618897889191131,-467.00
2025-12-04 01:51:19.484989,599618897889191131,-758.00
2025-12-04 01:51:19.484989,599618897889191131,-784.00
2025-12-04 01:51:19.484989,599618897889191131,-379.00
2025-12-04 01:51:19.484989,599618897889191131,33.00
2025-12-04 01:51:19.484989,599618897889191131,64.00
2025-12-04 01:51:19.484989,599618897889191131,16.00
2025-12-04 01:51:19.484989,599618897889191131,90.00
2025-12-04 01:51:19.484989,599618897889191131,104.00
2025-12-04 01:51:19.484989,599618897889191131,71.00
2025-12-04 01:51:19.484989,599618897889191131,81.00
2025-12-04 01:51:19.484989,599618897889191131,81.00
2025-12-04 01:51:19.484989,599618897889191131,59.00
2025-12-04 01:51:19.484989,599618897889191131,57.00
2025-12-04 01:51:19.484989,599618897889191131,59.00
2025-12-04 01:51:19.484989,599618897889191131,45.00
2025-12-04 01:51:19.484989,599618897889191131,35.00
2025-12-04 01:51:19.484989,599618897889191131,33.00
2025-12-04 01:51:19.484989,599618897889191131,26.00
2025-12-04 01:51:19.484989,599618897889191131,14.00
2025-12-04 01:51:19.484989,599618897889191131,9.00
2025-12-04 01:51:20.046983,599618898449949206,4.00
2025-12-04 01:51:20.046983,599618898449949206,-7.00
2025-12-04 01:51:20.046983,599618898449949206,-19.00
2025-12-04 01:51:20.046983,599618898449949206,-19.00
2025-12-04 01:51:20.046983,599618898449949206,-23.00
2025-12-04 01:51:20.046983,599618898449949206,-35.00
2025-12-04 01:51:20.046983,599618898449949206,-45.00
2025-12-04 01:51:20.046983,599618898449949206,-45.00
2025-12-04 01:51:20.046983,599618898449949206,-47.00
2025-12-04 01:51:20.046983,599618898449949206,-50.00
2025-12-04 01:51:20.046983,599618898449949206,-50.00
2025-12-04 01:51:20.046983,599618898449949206,-45.00
2025-12-04 01:51:20.046983,599618898449949206,-45.00
2025-12-04 01:51:20.046983,599618898449949206,-42.00
2025-12-04 01:51:20.046983,599618898449949206,-28.00
2025-12-04 01:51:20.046983,599618898449949206,-9.00
2025-12-04 01:51:20.046983,599618898449949206,7.00
2025-12-04 01:51:20.046983,599618898449949206,19.00
2025-12-04 01:51:20.046983,599618898449949206,28.00
2025-12-04 01:51:20.046983,599618898449949206,33.00
2025-12-04 01:51:20.046983,599618898449949206,30.00
2025-12-04 01:51:20.046983,599618898449949206,33.00
2025-12-04 01:51:20.046983,599618898449949206,38.00
2025-12-04 01:51:20.046983,599618898449949206,35.00
2025-12-04 01:51:20.046983,599618898449949206,28.00
2025-12-04 01:51:20.046983,599618898449949206,28.00
2025-12-04 01:51:20.046983,599618898449949206,26.00
2025-12-04 01:51:20.046983,599618898449949206,23.00
2025-12-04 01:51:20.046983,599618898449949206,23.00
2025-12-04 01:51:20.046983,599618898449949206,19.00
2025-12-04 01:51:20.046983,599618898449949206,19.00
2025-12-04 01:51:20.046983,599618898449949206,23.00
2025-12-04 01:51:20.046983,599618898449949206,23.00
2025-12-04 01:51:20.046983,599618898449949206,19.00
2025-12-04 01:51:20.046983,599618898449949206,19.00
2025-12-04 01:51:20.046983,599618898449949206,23.00
2025-12-04 01:51:20.046983,599618898449949206,21.00
2025-12-04 01:51:20.046983,599618898449949206,19.00
2025-12-04 01:51:20.046983,599618898449949206,21.00
2025-12-04 01:51:20.046983,599618898449949206,23.00
2025-12-04 01:51:20.046983,599618898449949206,19.00
2025-12-04 01:51:20.046983,599618898449949206,16.00
2025-12-04 01:51:20.046983,599618898449949206,14.00
2025-12-04 01:51:20.046983,599618898449949206,14.00
2025-12-04 01:51:20.046983,599618898449949206,14.00
2025-12-04 01:51:20.046983,599618898449949206,11.00
2025-12-04 01:51:20.046983,599618898449949206,11.00
2025-12-04 01:51:20.046983,599618898449949206,14.00
2025-12-04 01:51:20.046983,599618898449949206,9.00
2025-12-04 01:51:20.046983,599618898449949206,7.00
2025-12-04 01:51:20.046983,599618898449949206,9.00
2025-12-04 01:51:20.046983,599618898449949206,9.00
2025-12-04 01:51:20.046983,599618898449949206,7.00
2025-12-04 01:51:20.046983,599618898449949206,7.00
2025-12-04 01:51:20.046983,599618898449949206,7.00
2025-12-04 01:51:20.046983,599618898449949206,4.00
2025-12-04 01:51:20.046983,599618898449949206,4.00
2025-12-04 01:51:20.046983,599618898449949206,7.00
2025-12-04 01:51:20.046983,599618898449949206,4.00
2025-12-04 01:51:20.046983,599618898449949206,2.00
2025-12-04 01:51:20.046983,599618898449949206,0.00
2025-12-04 01:51:20.046983,599618898449949206,4.00
2025-12-04 01:51:20.046983,599618898449949206,2.00
2025-12-04 01:51:20.046983,599618898449949206,-4.00
2025-12-04 01:51:20.046983,599618898449949206,-11.00
2025-12-04 01:51:20.046983,599618898449949206,-16.00
2025-12-04 01:51:20.046983,599618898449949206,-19.00
2025-12-04 01:51:20.046983,599618898449949206,-14.00
2025-12-04 01:51:20.046983,599618898449949206,-9.00
2025-12-04 01:51:20.046983,599618898449949206,-7.00
2025-12-04 01:51:20.046983,599618898449949206,2.00
2025-12-04 01:51:20.046983,599618898449949206,11.00
2025-12-04 01:51:20.046983,599618898449949206,9.00
2025-12-04 01:51:20.658721,599618899010676769,4.00
2025-12-04 01:51:20.658721,599618899010676769,7.00
2025-12-04 01:51:20.658721,599618899010676769,9.00
2025-12-04 01:51:20.658721,599618899010676769,9.00
2025-12-04 01:51:20.658721,599618899010676769,9.00
2025-12-04 01:51:20.658721,599618899010676769,9.00
2025-12-04 01:51:20.658721,599618899010676769,9.00
2025-12-04 01:51:20.658721,599618899010676769,19.00
2025-12-04 01:51:20.658721,599618899010676769,47.00
2025-12-04 01:51:20.658721,599618899010676769,38.00
2025-12-04 01:51:20.658721,599618899010676769,-85.00
2025-12-04 01:51:20.658721,599618899010676769,-324.00
2025-12-04 01:51:20.658721,599618899010676769,-627.00
2025-12-04 01:51:20.658721,599618899010676769,-813.00
2025-12-04 01:51:20.658721,599618899010676769,-593.00
2025-12-04 01:51:20.658721,599618899010676769,-123.00
2025-12-04 01:51:20.658721,599618899010676769,81.00
2025-12-04 01:51:20.658721,599618899010676769,26.00
2025-12-04 01:51:20.658721,599618899010676769,52.00
2025-12-04 01:51:20.658721,599618899010676769,107.00
2025-12-04 01:51:20.658721,599618899010676769,83.00
2025-12-04 01:51:20.658721,599618899010676769,73.00
2025-12-04 01:51:20.658721,599618899010676769,85.00
2025-12-04 01:51:20.658721,599618899010676769,73.00
2025-12-04 01:51:20.658721,599618899010676769,57.00
2025-12-04 01:51:20.658721,599618899010676769,57.00
2025-12-04 01:51:20.658721,599618899010676769,47.00
2025-12-04 01:51:20.658721,599618899010676769,33.00
2025-12-04 01:51:20.658721,599618899010676769,26.00
2025-12-04 01:51:20.658721,599618899010676769,19.00
2025-12-04 01:51:20.658721,599618899010676769,9.00
2025-12-04 01:51:20.658721,599618899010676769,4.00
2025-12-04 01:51:20.658721,599618899010676769,0.00
2025-12-04 01:51:20.658721,599618899010676769,-4.00
2025-12-04 01:51:20.658721,599618899010676769,-14.00
2025-12-04 01:51:20.658721,599618899010676769,-26.00
2025-12-04 01:51:20.658721,599618899010676769,-35.00
2025-12-04 01:51:20.658721,599618899010676769,-40.00
2025-12-04 01:51:20.658721,599618899010676769,-47.00
2025-12-04 01:51:20.658721,599618899010676769,-52.00
2025-12-04 01:51:20.658721,599618899010676769,-54.00
2025-12-04 01:51:20.658721,599618899010676769,-57.00
2025-12-04 01:51:20.658721,599618899010676769,-57.00
2025-12-04 01:51:20.658721,599618899010676769,-52.00
2025-12-04 01:51:20.658721,599618899010676769,-47.00
2025-12-04 01:51:20.658721,599618899010676769,-50.00
2025-12-04 01:51:20.658721,599618899010676769,-42.00
2025-12-04 01:51:20.658721,599618899010676769,-26.00
2025-12-04 01:51:20.658721,599618899010676769,-9.00
2025-12-04 01:51:20.658721,599618899010676769,4.00
2025-12-04 01:51:20.658721,599618899010676769,19.00
2025-12-04 01:51:20.658721,599618899010676769,26.00
2025-12-04 01:51:20.658721,599618899010676769,30.00
2025-12-04 01:51:20.658721,599618899010676769,30.00
2025-12-04 01:51:20.658721,599618899010676769,30.00
2025-12-04 01:51:20.658721,599618899010676769,28.00
2025-12-04 01:51:20.658721,599618899010676769,26.00
2025-12-04 01:51:20.658721,599618899010676769,21.00
2025-12-04 01:51:20.658721,599618899010676769,19.00
2025-12-04 01:51:20.658721,599618899010676769,16.00
2025-12-04 01:51:20.658721,599618899010676769,16.00
2025-12-04 01:51:20.658721,599618899010676769,11.00
2025-12-04 01:51:20.658721,599618899010676769,9.00
2025-12-04 01:51:20.658721,599618899010676769,14.00
2025-12-04 01:51:20.658721,599618899010676769,16.00
2025-12-04 01:51:20.658721,599618899010676769,11.00
2025-12-04 01:51:20.658721,599618899010676769,11.00
2025-12-04 01:51:20.658721,599618899010676769,16.00
2025-12-04 01:51:20.658721,599618899010676769,11.00
2025-12-04 01:51:20.658721,599618899010676769,11.00
2025-12-04 01:51:20.658721,599618899010676769,16.00
2025-12-04 01:51:20.658721,599618899010676769,14.00
2025-12-04 01:51:20.658721,599618899010676769,7.00
2025-12-04 01:51:21.170004,599618899571404328,9.00
2025-12-04 01:51:21.170004,599618899571404328,14.00
2025-12-04 01:51:21.170004,599618899571404328,11.00
2025-12-04 01:51:21.170004,599618899571404328,7.00
2025-12-04 01:51:21.170004,599618899571404328,4.00
2025-12-04 01:51:21.170004,599618899571404328,4.00
2025-12-04 01:51:21.170004,599618899571404328,7.00
2025-12-04 01:51:21.170004,599618899571404328,9.00
2025-12-04 01:51:21.170004,599618899571404328,14.00
2025-12-04 01:51:21.170004,599618899571404328,11.00
2025-12-04 01:51:21.170004,599618899571404328,11.00
2025-12-04 01:51:21.170004,599618899571404328,11.00
2025-12-04 01:51:21.170004,599618899571404328,11.00
2025-12-04 01:51:21.170004,599618899571404328,9.00
2025-12-04 01:51:21.170004,599618899571404328,9.00
2025-12-04 01:51:21.170004,599618899571404328,7.00
2025-12-04 01:51:21.170004,599618899571404328,2.00
2025-12-04 01:51:21.170004,599618899571404328,7.00
2025-12-04 01:51:21.170004,599618899571404328,7.00
2025-12-04 01:51:21.170004,599618899571404328,2.00
2025-12-04 01:51:21.170004,599618899571404328,0.00
2025-12-04 01:51:21.170004,599618899571404328,0.00
2025-12-04 01:51:21.170004,599618899571404328,-4.00
2025-12-04 01:51:21.170004,599618899571404328,-14.00
2025-12-04 01:51:21.170004,599618899571404328,-21.00
2025-12-04 01:51:21.170004,599618899571404328,-21.00
2025-12-04 01:51:21.170004,599618899571404328,-14.00
2025-12-04 01:51:21.170004,599618899571404328,-9.00
2025-12-04 01:51:21.170004,599618899571404328,-4.00
2025-12-04 01:51:21.170004,599618899571404328,2.00
2025-12-04 01:51:21.170004,599618899571404328,7.00
2025-12-04 01:51:21.170004,599618899571404328,7.00
2025-12-04 01:51:21.170004,599618899571404328,9.00
2025-12-04 01:51:21.170004,599618899571404328,9.00
2025-12-04 01:51:21.170004,599618899571404328,2.00
2025-12-04 01:51:21.170004,599618899571404328,0.00
2025-12-04 01:51:21.170004,599618899571404328,2.00
2025-12-04 01:51:21.170004,599618899571404328,4.00
2025-12-04 01:51:21.170004,599618899571404328,7.00
2025-12-04 01:51:21.170004,599618899571404328,19.00
2025-12-04 01:51:21.170004,599618899571404328,42.00
2025-12-04 01:51:21.170004,599618899571404328,19.00
2025-12-04 01:51:21.170004,599618899571404328,-121.00
2025-12-04 01:51:21.170004,599618899571404328,-369.00
2025-12-04 01:51:21.170004,599618899571404328,-658.00
2025-12-04 01:51:21.170004,599618899571404328,-784.00
2025-12-04 01:51:21.170004,599618899571404328,-498.00
2025-12-04 01:51:21.170004,599618899571404328,-52.00
2025-12-04 01:51:21.170004,599618899571404328,71.00
2025-12-04 01:51:21.170004,599618899571404328,7.00
2025-12-04 01:51:21.170004,599618899571404328,57.00
2025-12-04 01:51:21.170004,599618899571404328,100.00
2025-12-04 01:51:21.170004,599618899571404328,69.00
2025-12-04 01:51:21.170004,599618899571404328,64.00
2025-12-04 01:51:21.170004,599618899571404328,73.00
2025-12-04 01:51:21.170004,599618899571404328,59.00
2025-12-04 01:51:21.170004,599618899571404328,50.00
2025-12-04 01:51:21.170004,599618899571404328,50.00
2025-12-04 01:51:21.170004,599618899571404328,40.00
2025-12-04 01:51:21.170004,599618899571404328,28.00
2025-12-04 01:51:21.170004,599618899571404328,23.00
2025-12-04 01:51:21.170004,599618899571404328,16.00
2025-12-04 01:51:21.170004,599618899571404328,7.00
2025-12-04 01:51:21.170004,599618899571404328,0.00
2025-12-04 01:51:21.170004,599618899571404328,-7.00
2025-12-04 01:51:21.170004,599618899571404328,-11.00
2025-12-04 01:51:21.170004,599618899571404328,-19.00
2025-12-04 01:51:21.170004,599618899571404328,-30.00
2025-12-04 01:51:21.170004,599618899571404328,-40.00
2025-12-04 01:51:21.170004,599618899571404328,-47.00
2025-12-04 01:51:21.170004,599618899571404328,-50.00
2025-12-04 01:51:21.170004,599618899571404328,-54.00
2025-12-04 01:51:21.170004,599618899571404328,-59.00
2025-12-04 01:51:21.730953,599618900132162405,-57.00
2025-12-04 01:51:21.730953,599618900132162405,-52.00
2025-12-04 01:51:21.730953,599618900132162405,-52.00
2025-12-04 01:51:21.730953,599618900132162405,-52.00
2025-12-04 01:51:21.730953,599618900132162405,-47.00
2025-12-04 01:51:21.730953,599618900132162405,-33.00
2025-12-04 01:51:21.730953,599618900132162405,-14.00
2025-12-04 01:51:21.730953,599618900132162405,4.00
2025-12-04 01:51:21.730953,599618900132162405,16.00
2025-12-04 01:51:21.730953,599618900132162405,23.00
2025-12-04 01:51:21.730953,599618900132162405,30.00
2025-12-04 01:51:21.730953,599618900132162405,35.00
2025-12-04 01:51:21.730953,599618900132162405,30.00
2025-12-04 01:51:21.730953,599618900132162405,26.00
2025-12-04 01:51:21.730953,599618900132162405,30.00
2025-12-04 01:51:21.730953,599618900132162405,30.00
2025-12-04 01:51:21.730953,599618900132162405,26.00
2025-12-04 01:51:21.730953,599618900132162405,21.00
2025-12-04 01:51:21.730953,599618900132162405,23.00
2025-12-04 01:51:21.730953,599618900132162405,21.00
2025-12-04 01:51:21.730953,599618900132162405,16.00
2025-12-04 01:51:21.730953,599618900132162405,19.00
2025-12-04 01:51:21.730953,599618900132162405,21.00
2025-12-04 01:51:21.730953,599618900132162405,14.00
2025-12-04 01:51:21.730953,599618900132162405,11.00
2025-12-04 01:51:21.730953,599618900132162405,14.00
2025-12-04 01:51:21.730953,599618900132162405,11.00
2025-12-04 01:51:21.730953,599618900132162405,11.00
2025-12-04 01:51:21.730953,599618900132162405,16.00
2025-12-04 01:51:21.730953,599618900132162405,14.00
2025-12-04 01:51:21.730953,599618900132162405,14.00
2025-12-04 01:51:21.730953,599618900132162405,14.00
2025-12-04 01:51:21.730953,599618900132162405,11.00
2025-12-04 01:51:21.730953,599618900132162405,9.00
2025-12-04 01:51:21.730953,599618900132162405,11.00
2025-12-04 01:51:21.730953,599618900132162405,14.00
2025-12-04 01:51:21.730953,599618900132162405,7.00
2025-12-04 01:51:21.730953,599618900132162405,4.00
2025-12-04 01:51:21.730953,599618900132162405,11.00
2025-12-04 01:51:21.730953,599618900132162405,11.00
2025-12-04 01:51:21.730953,599618900132162405,7.00
2025-12-04 01:51:21.730953,599618900132162405,4.00
2025-12-04 01:51:21.730953,599618900132162405,4.00
2025-12-04 01:51:21.730953,599618900132162405,7.00
2025-12-04 01:51:21.730953,599618900132162405,4.00
2025-12-04 01:51:21.730953,599618900132162405,0.00
2025-12-04 01:51:21.730953,599618900132162405,0.00
2025-12-04 01:51:21.730953,599618900132162405,2.00
2025-12-04 01:51:21.730953,599618900132162405,4.00
2025-12-04 01:51:21.730953,599618900132162405,2.00
2025-12-04 01:51:21.730953,599618900132162405,0.00
2025-12-04 01:51:21.730953,599618900132162405,-4.00
2025-12-04 01:51:21.730953,599618900132162405,-7.00
2025-12-04 01:51:21.730953,599618900132162405,-2.00
2025-12-04 01:51:21.730953,599618900132162405,-4.00
2025-12-04 01:51:21.730953,599618900132162405,-16.00
2025-12-04 01:51:21.730953,599618900132162405,-21.00
2025-12-04 01:51:21.730953,599618900132162405,-21.00
2025-12-04 01:51:21.730953,599618900132162405,-16.00
2025-12-04 01:51:21.730953,599618900132162405,-11.00
2025-12-04 01:51:21.730953,599618900132162405,-7.00
2025-12-04 01:51:21.730953,599618900132162405,4.00
2025-12-04 01:51:21.730953,599618900132162405,9.00
2025-12-04 01:51:21.730953,599618900132162405,7.00
2025-12-04 01:51:21.730953,599618900132162405,4.00
2025-12-04 01:51:21.730953,599618900132162405,4.00
2025-12-04 01:51:21.730953,599618900132162405,4.00
2025-12-04 01:51:21.730953,599618900132162405,4.00
2025-12-04 01:51:21.730953,599618900132162405,7.00
2025-12-04 01:51:21.730953,599618900132162405,4.00
2025-12-04 01:51:21.730953,599618900132162405,4.00
2025-12-04 01:51:21.730953,599618900132162405,19.00
2025-12-04 01:51:21.730953,599618900132162405,47.00
