Timestamp,Device Timestamp (ns),ECG Value (uV)
2025-12-04 01:51:41.136200,599618918075749483,21.00
2025-12-04 01:51:41.136200,599618918075749483,19.00
2025-12-04 01:51:41.136200,599618918075749483,19.00
2025-12-04 01:51:41.136200,599618918075749483,19.00
2025-12-04 01:51:41.136200,599618918075749483,19.00
2025-12-04 01:51:41.136200,599618918075749483,19.00
2025-12-04 01:51:41.136200,599618918075749483,16.00
2025-12-04 01:51:41.136200,599618918075749483,14.00
2025-12-04 01:51:41.136200,599618918075749483,9.00
2025-12-04 01:51:41.136200,599618918075749483,9.00
2025-12-04 01:51:41.136200,599618918075749483,11.00
2025-12-04 01:51:41.136200,599618918075749483,11.00
2025-12-04 01:51:41.136200,599618918075749483,11.00
2025-12-04 01:51:41.136200,599618918075749483,9.00
2025-12-04 01:51:41.136200,599618918075749483,9.00
2025-12-04 01:51:41.136200,599618918075749483,7.00
2025-12-04 01:51:41.136200,599618918075749483,4.00
2025-12-04 01:51:41.136200,599618918075749483,4.00
2025-12-04 01:51:41.136200,599618918075749483,4.00
2025-12-04 01:51:41.136200,599618918075749483,7.00
2025-12-04 01:51:41.136200,599618918075749483,4.00
2025-12-04 01:51:41.136200,599618918075749483,-2.00
2025-12-04 01:51:41.136200,599618918075749483,-16.00
2025-12-04 01:51:41.136200,599618918075749483,-21.00
2025-12-04 01:51:41.136200,599618918075749483,-21.00
2025-12-04 01:51:41.136200,599618918075749483,-14.00
2025-12-04 01:51:41.136200,599618918075749483,-2.00
2025-12-04 01:51:41.136200,599618918075749483,9.00
2025-12-04 01:51:41.136200,599618918075749483,7.00
2025-12-04 01:51:41.136200,599618918075749483,2.00
2025-12-04 01:51:41.136200,599618918075749483,4.00
2025-12-04 01:51:41.136200,599618918075749483,4.00
2025-12-04 01:51:41.136200,599618918075749483,7.00
2025-12-04 01:51:41.136200,599618918075749483,7.00
2025-12-04 01:51:41.136200,599618918075749483,4.00
2025-12-04 01:51:41.136200,599618918075749483,-2.00
2025-12-04 01:51:41.136200,599618918075749483,7.00
2025-12-04 01:51:41.136200,599618918075749483,30.00
2025-12-04 01:51:41.136200,599618918075749483,45.00
2025-12-04 01:51:41.136200,599618918075749483,-30.00
2025-12-04 01:51:41.136200,599618918075749483,-224.00
2025-12-04 01:51:41.136200,599618918075749483,-500.00
2025-12-04 01:51:41.136200,599618918075749483,-758.00
2025-12-04 01:51:41.136200,599618918075749483,-720.00
2025-12-04 01:51:41.136200,599618918075749483,-295.00
2025-12-04 01:51:41.136200,599618918075749483,47.00
2025-12-04 01:51:41.136200,599618918075749483,38.00
2025-12-04 01:51:41.136200,599618918075749483,9.00
2025-12-04 01:51:41.136200,599618918075749483,83.00
2025-12-04 01:51:41.136200,599618918075749483,90.00
2025-12-04 01:51:41.136200,599618918075749483,59.00
2025-12-04 01:51:41.136200,599618918075749483,64.00
2025-12-04 01:51:41.136200,599618918075749483,61.00
2025-12-04 01:51:41.136200,599618918075749483,47.00
2025-12-04 01:51:41.136200,599618918075749483,45.00
2025-12-04 01:51:41.136200,599618918075749483,38.00
2025-12-04 01:51:41.136200,599618918075749483,26.00
2025-12-04 01:51:41.136200,599618918075749483,21.00
2025-12-04 01:51:41.136200,599618918075749483,16.00
2025-12-04 01:51:41.136200,599618918075749483,9.00
2025-12-04 01:51:41.136200,599618918075749483,0.00
2025-12-04 01:51:41.136200,599618918075749483,-7.00
2025-12-04 01:51:41.136200,599618918075749483,-14.00
2025-12-04 01:51:41.136200,599618918075749483,-23.00
2025-12-04 01:51:41.136200,599618918075749483,-28.00
2025-12-04 01:51:41.136200,599618918075749483,-33.00
2025-12-04 01:51:41.136200,599618918075749483,-40.00
2025-12-04 01:51:41.136200,599618918075749483,-42.00
2025-12-04 01:51:41.136200,599618918075749483,-47.00
2025-12-04 01:51:41.136200,599618918075749483,-50.00
2025-12-04 01:51:41.136200,599618918075749483,-52.00
2025-12-04 01:51:41.136200,599618918075749483,-47.00
2025-12-04 01:51:41.136200,599618918075749483,-47.00
2025-12-04 01:51:41.136661,599618918636477042,-47.00
2025-12-04 01:51:41.136661,599618918636477042,-42.00
2025-12-04 01:51:41.136661,599618918636477042,-33.00
2025-12-04 01:51:41.136661,599618918636477042,-23.00
2025-12-04 01:51:41.136661,599618918636477042,-7.00
2025-12-04 01:51:41.136661,599618918636477042,9.00
2025-12-04 01:51:41.136661,599618918636477042,16.00
2025-12-04 01:51:41.136661,599618918636477042,23.00
2025-12-04 01:51:41.136661,599618918636477042,30.00
2025-12-04 01:51:41.136661,599618918636477042,35.00
2025-12-04 01:51:41.136661,599618918636477042,30.00
2025-12-04 01:51:41.136661,599618918636477042,26.00
2025-12-04 01:51:41.136661,599618918636477042,26.00
2025-12-04 01:51:41.136661,599618918636477042,23.00
2025-12-04 01:51:41.136661,599618918636477042,23.00
2025-12-04 01:51:41.136661,599618918636477042,26.00
2025-12-04 01:51:41.136661,599618918636477042,21.00
2025-12-04 01:51:41.136661,599618918636477042,16.00
2025-12-04 01:51:41.136661,599618918636477042,19.00
2025-12-04 01:51:41.136661,599618918636477042,21.00
2025-12-04 01:51:41.136661,599618918636477042,21.00
2025-12-04 01:51:41.136661,599618918636477042,21.00
2025-12-04 01:51:41.136661,599618918636477042,23.00
2025-12-04 01:51:41.136661,599618918636477042,23.00
2025-12-04 01:51:41.136661,599618918636477042,19.00
2025-12-04 01:51:41.136661,599618918636477042,16.00
2025-12-04 01:51:41.136661,599618918636477042,19.00
2025-12-04 01:51:41.136661,599618918636477042,21.00
2025-12-04 01:51:41.136661,599618918636477042,21.00
2025-12-04 01:51:41.136661,599618918636477042,14.00
2025-12-04 01:51:41.136661,599618918636477042,11.00
2025-12-04 01:51:41.136661,599618918636477042,11.00
2025-12-04 01:51:41.136661,599618918636477042,14.00
2025-12-04 01:51:41.136661,599618918636477042,14.00
2025-12-04 01:51:41.136661,599618918636477042,14.00
2025-12-04 01:51:41.136661,599618918636477042,11.00
2025-12-04 01:51:41.136661,599618918636477042,7.00
2025-12-04 01:51:41.136661,599618918636477042,7.00
2025-12-04 01:51:41.136661,599618918636477042,7.00
2025-12-04 01:51:41.136661,599618918636477042,4.00
2025-12-04 01:51:41.136661,599618918636477042,2.00
2025-12-04 01:51:41.136661,599618918636477042,2.00
2025-12-04 01:51:41.136661,599618918636477042,2.00
2025-12-04 01:51:41.136661,599618918636477042,4.00
2025-12-04 01:51:41.136661,599618918636477042,2.00
2025-12-04 01:51:41.136661,599618918636477042,-2.00
2025-12-04 01:51:41.136661,599618918636477042,-2.00
2025-12-04 01:51:41.136661,599618918636477042,0.00
2025-12-04 01:51:41.136661,599618918636477042,0.00
2025-12-04 01:51:41.136661,599618918636477042,-4.00
2025-12-04 01:51:41.136661,599618918636477042,-16.00
2025-12-04 01:51:41.136661,599618918636477042,-23.00
2025-12-04 01:51:41.136661,599618918636477042,-23.00
2025-12-04 01:51:41.136661,599618918636477042,-21.00
2025-12-04 01:51:41.136661,599618918636477042,-11.00
2025-12-04 01:51:41.136661,599618918636477042,-4.00
2025-12-04 01:51:41.136661,599618918636477042,0.00
2025-12-04 01:51:41.136661,599618918636477042,2.00
2025-12-04 01:51:41.136661,599618918636477042,4.00
2025-12-04 01:51:41.136661,599618918636477042,2.00
2025-12-04 01:51:41.136661,599618918636477042,0.00
2025-12-04 01:51:41.136661,599618918636477042,2.00
2025-12-04 01:51:41.136661,599618918636477042,0.00
2025-12-04 01:51:41.136661,599618918636477042,-2.00
2025-12-04 01:51:41.136661,599618918636477042,2.00
2025-12-04 01:51:41.136661,599618918636477042,21.00
2025-12-04 01:51:41.136661,599618918636477042,42.00
2025-12-04 01:51:41.136661,599618918636477042,-11.00
2025-12-04 01:51:41.136661,599618918636477042,-188.00
2025-12-04 01:51:41.136661,599618918636477042,-457.00
2025-12-04 01:51:41.136661,599618918636477042,-724.00
2025-12-04 01:51:41.136661,599618918636477042,-732.00
2025-12-04 01:51:41.136661,599618918636477042,-345.00
2025-12-04 01:51:41.137064,599618919197235121,26.00
2025-12-04 01:51:41.137064,599618919197235121,50.00
2025-12-04 01:51:41.137064,599618919197235121,9.00
2025-12-04 01:51:41.137064,599618919197235121,76.00
2025-12-04 01:51:41.137064,599618919197235121,95.00
2025-12-04 01:51:41.137064,599618919197235121,69.00
2025-12-04 01:51:41.137064,599618919197235121,73.00
2025-12-04 01:51:41.137064,599618919197235121,76.00
2025-12-04 01:51:41.137064,599618919197235121,59.00
2025-12-04 01:51:41.137064,599618919197235121,54.00
2025-12-04 01:51:41.137064,599618919197235121,47.00
2025-12-04 01:51:41.137064,599618919197235121,35.00
2025-12-04 01:51:41.137064,599618919197235121,33.00
2025-12-04 01:51:41.137064,599618919197235121,28.00
2025-12-04 01:51:41.137064,599618919197235121,19.00
2025-12-04 01:51:41.137064,599618919197235121,11.00
2025-12-04 01:51:41.137064,599618919197235121,4.00
2025-12-04 01:51:41.137064,599618919197235121,-2.00
2025-12-04 01:51:41.137064,599618919197235121,-9.00
2025-12-04 01:51:41.137064,599618919197235121,-19.00
2025-12-04 01:51:41.137064,599618919197235121,-28.00
2025-12-04 01:51:41.137064,599618919197235121,-30.00
2025-12-04 01:51:41.137064,599618919197235121,-35.00
2025-12-04 01:51:41.137064,599618919197235121,-40.00
2025-12-04 01:51:41.137064,599618919197235121,-45.00
2025-12-04 01:51:41.137064,599618919197235121,-42.00
2025-12-04 01:51:41.137064,599618919197235121,-40.00
2025-12-04 01:51:41.137064,599618919197235121,-42.00
2025-12-04 01:51:41.137064,599618919197235121,-42.00
2025-12-04 01:51:41.137064,599618919197235121,-35.00
2025-12-04 01:51:41.137064,599618919197235121,-28.00
2025-12-04 01:51:41.137064,599618919197235121,-21.00
2025-12-04 01:51:41.137064,599618919197235121,-7.00
2025-12-04 01:51:41.137064,599618919197235121,9.00
2025-12-04 01:51:41.137064,599618919197235121,19.00
2025-12-04 01:51:41.137064,599618919197235121,26.00
2025-12-04 01:51:41.137064,599618919197235121,30.00
2025-12-04 01:51:41.137064,599618919197235121,35.00
2025-12-04 01:51:41.137064,599618919197235121,38.00
2025-12-04 01:51:41.137064,599618919197235121,30.00
2025-12-04 01:51:41.137064,599618919197235121,23.00
2025-12-04 01:51:41.137064,599618919197235121,23.00
2025-12-04 01:51:41.137064,599618919197235121,26.00
2025-12-04 01:51:41.137064,599618919197235121,21.00
2025-12-04 01:51:41.137064,599618919197235121,19.00
2025-12-04 01:51:41.137064,599618919197235121,19.00
2025-12-04 01:51:41.137064,599618919197235121,19.00
2025-12-04 01:51:41.137064,599618919197235121,16.00
2025-12-04 01:51:41.137064,599618919197235121,16.00
2025-12-04 01:51:41.137064,599618919197235121,19.00
2025-12-04 01:51:41.137064,599618919197235121,19.00
2025-12-04 01:51:41.137064,599618919197235121,19.00
2025-12-04 01:51:41.137064,599618919197235121,19.00
2025-12-04 01:51:41.137064,599618919197235121,19.00
2025-12-04 01:51:41.137064,599618919197235121,14.00
2025-12-04 01:51:41.137064,599618919197235121,14.00
2025-12-04 01:51:41.137064,599618919197235121,16.00
2025-12-04 01:51:41.137064,599618919197235121,16.00
2025-12-04 01:51:41.137064,599618919197235121,14.00
2025-12-04 01:51:41.137064,599618919197235121,14.00
2025-12-04 01:51:41.137064,599618919197235121,14.00
2025-12-04 01:51:41.137064,599618919197235121,11.00
2025-12-04 01:51:41.137064,599618919197235121,11.00
2025-12-04 01:51:41.137064,599618919197235121,14.00
2025-12-04 01:51:41.137064,599618919197235121,11.00
2025-12-04 01:51:41.137064,599618919197235121,4.00
2025-12-04 01:51:41.137064,599618919197235121,4.00
2025-12-04 01:51:41.137064,599618919197235121,4.00
2025-12-04 01:51:41.137064,599618919197235121,2.00
2025-12-04 01:51:41.137064,599618919197235121,-2.00
2025-12-04 01:51:41.137064,599618919197235121,-2.00
2025-12-04 01:51:41.137064,599618919197235121,0.00
2025-12-04 01:51:41.137064,599618919197235121,2.00
2025-12-04 01:51:41.389401,599618919757962680,0.00
2025-12-04 01:51:41.389401,599618919757962680,-2.00
2025-12-04 01:51:41.389401,599618919757962680,-2.00
2025-12-04 01:51:41.389401,599618919757962680,-2.00
2025-12-04 01:51:41.389401,599618919757962680,0.00
2025-12-04 01:51:41.389401,599618919757962680,2.00
2025-12-04 01:51:41.389401,599618919757962680,-2.00
2025-12-04 01:51:41.389401,599618919757962680,-14.00
2025-12-04 01:51:41.389401,599618919757962680,-21.00
2025-12-04 01:51:41.389401,599618919757962680,-19.00
2025-12-04 01:51:41.389401,599618919757962680,-14.00
2025-12-04 01:51:41.389401,599618919757962680,-9.00
2025-12-04 01:51:41.389401,599618919757962680,-2.00
2025-12-04 01:51:41.389401,599618919757962680,0.00
2025-12-04 01:51:41.389401,599618919757962680,2.00
2025-12-04 01:51:41.389401,599618919757962680,4.00
2025-12-04 01:51:41.389401,599618919757962680,2.00
2025-12-04 01:51:41.389401,599618919757962680,0.00
2025-12-04 01:51:41.389401,599618919757962680,2.00
2025-12-04 01:51:41.389401,599618919757962680,2.00
2025-12-04 01:51:41.389401,599618919757962680,0.00
2025-12-04 01:51:41.389401,599618919757962680,0.00
2025-12-04 01:51:41.389401,599618919757962680,19.00
2025-12-04 01:51:41.389401,599618919757962680,47.00
2025-12-04 01:51:41.389401,599618919757962680,7.00
2025-12-04 01:51:41.389401,599618919757962680,-162.00
2025-12-04 01:51:41.389401,599618919757962680,-433.00
2025-12-04 01:51:41.389401,599618919757962680,-729.00
2025-12-04 01:51:41.389401,599618919757962680,-796.00
2025-12-04 01:51:41.389401,599618919757962680,-419.00
2025-12-04 01:51:41.389401,599618919757962680,16.00
2025-12-04 01:51:41.389401,599618919757962680,69.00
2025-12-04 01:51:41.389401,599618919757962680,4.00
2025-12-04 01:51:41.389401,599618919757962680,73.00
2025-12-04 01:51:41.389401,599618919757962680,102.00
2025-12-04 01:51:41.389401,599618919757962680,66.00
2025-12-04 01:51:41.389401,599618919757962680,69.00
2025-12-04 01:51:41.389401,599618919757962680,73.00
2025-12-04 01:51:41.389401,599618919757962680,54.00
2025-12-04 01:51:41.389401,599618919757962680,50.00
2025-12-04 01:51:41.389401,599618919757962680,50.00
2025-12-04 01:51:41.389401,599618919757962680,40.00
2025-12-04 01:51:41.389401,599618919757962680,28.00
2025-12-04 01:51:41.389401,599618919757962680,26.00
2025-12-04 01:51:41.389401,599618919757962680,21.00
2025-12-04 01:51:41.389401,599618919757962680,11.00
2025-12-04 01:51:41.389401,599618919757962680,4.00
2025-12-04 01:51:41.389401,599618919757962680,0.00
2025-12-04 01:51:41.389401,599618919757962680,-11.00
2025-12-04 01:51:41.389401,599618919757962680,-21.00
2025-12-04 01:51:41.389401,599618919757962680,-23.00
2025-12-04 01:51:41.389401,599618919757962680,-28.00
2025-12-04 01:51:41.389401,599618919757962680,-40.00
2025-12-04 01:51:41.389401,599618919757962680,-45.00
2025-12-04 01:51:41.389401,599618919757962680,-47.00
2025-12-04 01:51:41.389401,599618919757962680,-47.00
2025-12-04 01:51:41.389401,599618919757962680,-50.00
2025-12-04 01:51:41.389401,599618919757962680,-52.00
2025-12-04 01:51:41.389401,599618919757962680,-50.00
2025-12-04 01:51:41.389401,599618919757962680,-45.00
2025-12-04 01:51:41.389401,599618919757962680,-40.00
2025-12-04 01:51:41.389401,599618919757962680,-28.00
2025-12-04 01:51:41.389401,599618919757962680,-11.00
2025-12-04 01:51:41.389401,599618919757962680,7.00
2025-12-04 01:51:41.389401,599618919757962680,19.00
2025-12-04 01:51:41.389401,599618919757962680,26.00
2025-12-04 01:51:41.389401,599618919757962680,28.00
2025-12-04 01:51:41.389401,599618919757962680,28.00
2025-12-04 01:51:41.389401,599618919757962680,26.00
2025-12-04 01:51:41.389401,599618919757962680,28.00
2025-12-04 01:51:41.389401,599618919757962680,28.00
2025-12-04 01:51:41.389401,599618919757962680,26.00
2025-12-04 01:51:41.389401,599618919757962680,23.00
2025-12-04 01:51:41.915831,599618920318705497,23.00
2025-12-04 01:51:41.915831,599618920318705497,23.00
2025-12-04 01:51:41.915831,599618920318705497,21.00
2025-12-04 01:51:41.915831,599618920318705497,21.00
2025-12-04 01:51:41.915831,599618920318705497,19.00
2025-12-04 01:51:41.915831,599618920318705497,16.00
2025-12-04 01:51:41.915831,599618920318705497,16.00
2025-12-04 01:51:41.915831,599618920318705497,16.00
2025-12-04 01:51:41.915831,599618920318705497,21.00
2025-12-04 01:51:41.915831,599618920318705497,23.00
2025-12-04 01:51:41.915831,599618920318705497,21.00
2025-12-04 01:51:41.915831,599618920318705497,19.00
2025-12-04 01:51:41.915831,599618920318705497,19.00
2025-12-04 01:51:41.915831,599618920318705497,23.00
2025-12-04 01:51:41.915831,599618920318705497,23.00
2025-12-04 01:51:41.915831,599618920318705497,14.00
2025-12-04 01:51:41.915831,599618920318705497,9.00
2025-12-04 01:51:41.915831,599618920318705497,11.00
2025-12-04 01:51:41.915831,599618920318705497,11.00
2025-12-04 01:51:41.915831,599618920318705497,11.00
2025-12-04 01:51:41.915831,599618920318705497,14.00
2025-12-04 01:51:41.915831,599618920318705497,9.00
2025-12-04 01:51:41.915831,599618920318705497,4.00
2025-12-04 01:51:41.915831,599618920318705497,7.00
2025-12-04 01:51:41.915831,599618920318705497,14.00
2025-12-04 01:51:41.915831,599618920318705497,9.00
2025-12-04 01:51:41.915831,599618920318705497,0.00
2025-12-04 01:51:41.915831,599618920318705497,0.00
2025-12-04 01:51:41.915831,599618920318705497,4.00
2025-12-04 01:51:41.915831,599618920318705497,2.00
2025-12-04 01:51:41.915831,599618920318705497,0.00
2025-12-04 01:51:41.915831,599618920318705497,2.00
2025-12-04 01:51:41.915831,599618920318705497,4.00
2025-12-04 01:51:41.915831,599618920318705497,4.00
2025-12-04 01:51:41.915831,599618920318705497,-2.00
2025-12-04 01:51:41.915831,599618920318705497,-2.00
2025-12-04 01:51:41.915831,599618920318705497,4.00
2025-12-04 01:51:41.915831,599618920318705497,7.00
2025-12-04 01:51:41.915831,599618920318705497,-2.00
2025-12-04 01:51:41.915831,599618920318705497,-9.00
2025-12-04 01:51:41.915831,599618920318705497,-14.00
2025-12-04 01:51:41.915831,599618920318705497,-19.00
2025-12-04 01:51:41.915831,599618920318705497,-19.00
2025-12-04 01:51:41.915831,599618920318705497,-14.00
2025-12-04 01:51:41.915831,599618920318705497,-4.00
2025-12-04 01:51:41.915831,599618920318705497,4.00
2025-12-04 01:51:41.915831,599618920318705497,4.00
2025-12-04 01:51:41.915831,599618920318705497,4.00
2025-12-04 01:51:41.915831,599618920318705497,4.00
2025-12-04 01:51:41.915831,599618920318705497,0.00
2025-12-04 01:51:41.915831,599618920318705497,0.00
2025-12-04 01:51:41.915831,599618920318705497,4.00
2025-12-04 01:51:41.915831,599618920318705497,2.00
2025-12-04 01:51:41.915831,599618920318705497,-2.00
2025-12-04 01:51:41.915831,599618920318705497,7.00
2025-12-04 01:51:41.915831,599618920318705497,35.00
2025-12-04 01:51:41.915831,599618920318705497,38.00
2025-12-04 01:51:41.915831,599618920318705497,-59.00
2025-12-04 01:51:41.915831,599618920318705497,-276.00
2025-12-04 01:51:41.915831,599618920318705497,-577.00
2025-12-04 01:51:41.915831,599618920318705497,-813.00
2025-12-04 01:51:41.915831,599618920318705497,-670.00
2025-12-04 01:51:41.915831,599618920318705497,-195.00
2025-12-04 01:51:41.915831,599618920318705497,81.00
2025-12-04 01:51:41.915831,599618920318705497,35.00
2025-12-04 01:51:41.915831,599618920318705497,35.00
2025-12-04 01:51:41.915831,599618920318705497,104.00
2025-12-04 01:51:41.915831,599618920318705497,88.00
2025-12-04 01:51:41.915831,599618920318705497,69.00
2025-12-04 01:51:41.915831,599618920318705497,85.00
2025-12-04 01:51:41.915831,599618920318705497,76.00
2025-12-04 01:51:41.915831,599618920318705497,57.00
2025-12-04 01:51:41.915831,599618920318705497,50.00
2025-12-04 01:51:42.479462,599618920879448316,47.00
2025-12-04 01:51:42.479462,599618920879448316,40.00
2025-12-04 01:51:42.479462,599618920879448316,35.00
2025-12-04 01:51:42.479462,599618920879448316,28.00
2025-12-04 01:51:42.479462,599618920879448316,16.00
2025-12-04 01:51:42.479462,599618920879448316,9.00
2025-12-04 01:51:42.479462,599618920879448316,4.00
2025-12-04 01:51:42.479462,599618920879448316,-4.00
2025-12-04 01:51:42.479462,599618920879448316,-14.00
2025-12-04 01:51:42.479462,599618920879448316,-14.00
2025-12-04 01:51:42.479462,599618920879448316,-19.00
2025-12-04 01:51:42.479462,599618920879448316,-30.00
2025-12-04 01:51:42.479462,599618920879448316,-40.00
2025-12-04 01:51:42.479462,599618920879448316,-40.00
2025-12-04 01:51:42.479462,599618920879448316,-42.00
2025-12-04 01:51:42.479462,599618920879448316,-47.00
2025-12-04 01:51:42.479462,599618920879448316,-50.00
2025-12-04 01:51:42.479462,599618920879448316,-45.00
2025-12-04 01:51:42.479462,599618920879448316,-42.00
2025-12-04 01:51:42.479462,599618920879448316,-42.00
2025-12-04 01:51:42.479462,599618920879448316,-33.00
2025-12-04 01:51:42.479462,599618920879448316,-19.00
2025-12-04 01:51:42.479462,599618920879448316,-4.00
2025-12-04 01:51:42.479462,599618920879448316,9.00
2025-12-04 01:51:42.479462,599618920879448316,23.00
2025-12-04 01:51:42.479462,599618920879448316,28.00
2025-12-04 01:51:42.479462,599618920879448316,28.00
2025-12-04 01:51:42.479462,599618920879448316,30.00
2025-12-04 01:51:42.479462,599618920879448316,30.00
2025-12-04 01:51:42.479462,599618920879448316,28.00
2025-12-04 01:51:42.479462,599618920879448316,28.00
2025-12-04 01:51:42.479462,599618920879448316,26.00
2025-12-04 01:51:42.479462,599618920879448316,21.00
2025-12-04 01:51:42.479462,599618920879448316,21.00
2025-12-04 01:51:42.479462,599618920879448316,21.00
2025-12-04 01:51:42.479462,599618920879448316,19.00
2025-12-04 01:51:42.479462,599618920879448316,16.00
2025-12-04 01:51:42.479462,599618920879448316,16.00
2025-12-04 01:51:42.479462,599618920879448316,16.00
2025-12-04 01:51:42.479462,599618920879448316,19.00
2025-12-04 01:51:42.479462,599618920879448316,19.00
2025-12-04 01:51:42.479462,599618920879448316,21.00
2025-12-04 01:51:42.479462,599618920879448316,19.00
2025-12-04 01:51:42.479462,599618920879448316,19.00
2025-12-04 01:51:42.479462,599618920879448316,21.00
2025-12-04 01:51:42.479462,599618920879448316,21.00
2025-12-04 01:51:42.479462,599618920879448316,16.00
2025-12-04 01:51:42.479462,599618920879448316,14.00
2025-12-04 01:51:42.479462,599618920879448316,19.00
2025-12-04 01:51:42.479462,599618920879448316,19.00
2025-12-04 01:51:42.479462,599618920879448316,14.00
2025-12-04 01:51:42.479462,599618920879448316,14.00
2025-12-04 01:51:42.479462,599618920879448316,14.00
2025-12-04 01:51:42.479462,599618920879448316,14.00
2025-12-04 01:51:42.479462,599618920879448316,11.00
2025-12-04 01:51:42.479462,599618920879448316,14.00
2025-12-04 01:51:42.479462,599618920879448316,14.00
2025-12-04 01:51:42.479462,599618920879448316,14.00
2025-12-04 01:51:42.479462,599618920879448316,11.00
2025-12-04 01:51:42.479462,599618920879448316,14.00
2025-12-04 01:51:42.479462,599618920879448316,19.00
2025-12-04 01:51:42.479462,599618920879448316,16.00
2025-12-04 01:51:42.479462,599618920879448316,14.00
2025-12-04 01:51:42.479462,599618920879448316,11.00
2025-12-04 01:51:42.479462,599618920879448316,14.00
2025-12-04 01:51:42.479462,599618920879448316,14.00
2025-12-04 01:51:42.479462,599618920879448316,11.00
2025-12-04 01:51:42.479462,599618920879448316,7.00
2025-12-04 01:51:42.479462,599618920879448316,7.00
2025-12-04 01:51:42.479462,599618920879448316,7.00
2025-12-04 01:51:42.479462,599618920879448316,4.00
2025-12-04 01:51:42.479462,599618920879448316,4.00
2025-12-04 01:51:42.479462,599618920879448316,7.00
2025-12-04 01:51:43.038847,599618921440175875,4.00
2025-12-04 01:51:43.038847,599618921440175875,4.00
2025-12-04 01:51:43.038847,599618921440175875,7.00
2025-12-04 01:51:43.038847,599618921440175875,7.00
2025-12-04 01:51:43.038847,599618921440175875,4.00
2025-12-04 01:51:43.038847,599618921440175875,7.00
2025-12-04 01:51:43.038847,599618921440175875,14.00
2025-12-04 01:51:43.038847,599618921440175875,7.00
2025-12-04 01:51:43.038847,599618921440175875,-9.00
2025-12-04 01:51:43.038847,599618921440175875,-16.00
2025-12-04 01:51:43.038847,599618921440175875,-9.00
2025-12-04 01:51:43.038847,599618921440175875,-7.00
2025-12-04 01:51:43.038847,599618921440175875,-4.00
2025-12-04 01:51:43.038847,599618921440175875,7.00
2025-12-04 01:51:43.038847,599618921440175875,14.00
2025-12-04 01:51:43.038847,599618921440175875,14.00
2025-12-04 01:51:43.038847,599618921440175875,9.00
2025-12-04 01:51:43.038847,599618921440175875,9.00
2025-12-04 01:51:43.038847,599618921440175875,14.00
2025-12-04 01:51:43.038847,599618921440175875,14.00
2025-12-04 01:51:43.038847,599618921440175875,11.00
2025-12-04 01:51:43.038847,599618921440175875,9.00
2025-12-04 01:51:43.038847,599618921440175875,14.00
2025-12-04 01:51:43.038847,599618921440175875,30.00
2025-12-04 01:51:43.038847,599618921440175875,47.00
2025-12-04 01:51:43.038847,599618921440175875,4.00
2025-12-04 01:51:43.038847,599618921440175875,-154.00
2025-12-04 01:51:43.038847,599618921440175875,-419.00
2025-12-04 01:51:43.038847,599618921440175875,-705.00
2025-12-04 01:51:43.038847,599618921440175875,-767.00
2025-12-04 01:51:43.038847,599618921440175875,-407.00
2025-12-04 01:51:43.038847,599618921440175875,4.00
2025-12-04 01:51:43.038847,599618921440175875,64.00
2025-12-04 01:51:43.038847,599618921440175875,16.00
2025-12-04 01:51:43.038847,599618921440175875,81.00
2025-12-04 01:51:43.038847,599618921440175875,102.00
2025-12-04 01:51:43.038847,599618921440175875,71.00
2025-12-04 01:51:43.038847,599618921440175875,76.00
2025-12-04 01:51:43.038847,599618921440175875,83.00
2025-12-04 01:51:43.038847,599618921440175875,66.00
2025-12-04 01:51:43.038847,599618921440175875,54.00
2025-12-04 01:51:43.038847,599618921440175875,50.00
2025-12-04 01:51:43.038847,599618921440175875,45.00
2025-12-04 01:51:43.038847,599618921440175875,38.00
2025-12-04 01:51:43.038847,599618921440175875,28.00
2025-12-04 01:51:43.038847,599618921440175875,19.00
2025-12-04 01:51:43.038847,599618921440175875,11.00
2025-12-04 01:51:43.038847,599618921440175875,4.00
2025-12-04 01:51:43.038847,599618921440175875,0.00
2025-12-04 01:51:43.038847,599618921440175875,-4.00
2025-12-04 01:51:43.038847,599618921440175875,-9.00
2025-12-04 01:51:43.038847,599618921440175875,-16.00
2025-12-04 01:51:43.038847,599618921440175875,-23.00
2025-12-04 01:51:43.038847,599618921440175875,-30.00
2025-12-04 01:51:43.038847,599618921440175875,-35.00
2025-12-04 01:51:43.038847,599618921440175875,-40.00
2025-12-04 01:51:43.038847,599618921440175875,-42.00
2025-12-04 01:51:43.038847,599618921440175875,-45.00
2025-12-04 01:51:43.038847,599618921440175875,-45.00
2025-12-04 01:51:43.038847,599618921440175875,-42.00
2025-12-04 01:51:43.038847,599618921440175875,-40.00
2025-12-04 01:51:43.038847,599618921440175875,-38.00
2025-12-04 01:51:43.038847,599618921440175875,-30.00
2025-12-04 01:51:43.038847,599618921440175875,-19.00
2025-12-04 01:51:43.038847,599618921440175875,-4.00
2025-12-04 01:51:43.038847,599618921440175875,9.00
2025-12-04 01:51:43.038847,599618921440175875,21.00
2025-12-04 01:51:43.038847,599618921440175875,26.00
2025-12-04 01:51:43.038847,599618921440175875,23.00
2025-12-04 01:51:43.038847,599618921440175875,26.00
2025-12-04 01:51:43.038847,599618921440175875,30.00
2025-12-04 01:51:43.038847,599618921440175875,26.00
2025-12-04 01:51:43.038847,599618921440175875,23.00
2025-12-04 01:51:43.561605,599618922000903434,23.00
2025-12-04 01:51:43.561605,599618922000903434,21.00
2025-12-04 01:51:43.561605,599618922000903434,16.00
2025-12-04 01:51:43.561605,599618922000903434,19.00
2025-12-04 01:51:43.561605,599618922000903434,21.00
2025-12-04 01:51:43.561605,599618922000903434,23.00
2025-12-04 01:51:43.561605,599618922000903434,26.00
2025-12-04 01:51:43.561605,599618922000903434,23.00
2025-12-04 01:51:43.561605,599618922000903434,19.00
2025-12-04 01:51:43.561605,599618922000903434,19.00
2025-12-04 01:51:43.561605,599618922000903434,23.00
2025-12-04 01:51:43.561605,599618922000903434,26.00
2025-12-04 01:51:43.561605,599618922000903434,23.00
2025-12-04 01:51:43.561605,599618922000903434,21.00
2025-12-04 01:51:43.561605,599618922000903434,21.00
2025-12-04 01:51:43.561605,599618922000903434,21.00
2025-12-04 01:51:43.561605,599618922000903434,23.00
2025-12-04 01:51:43.561605,599618922000903434,23.00
2025-12-04 01:51:43.561605,599618922000903434,21.00
2025-12-04 01:51:43.561605,599618922000903434,21.00
2025-12-04 01:51:43.561605,599618922000903434,21.00
2025-12-04 01:51:43.561605,599618922000903434,14.00
2025-12-04 01:51:43.561605,599618922000903434,9.00
2025-12-04 01:51:43.561605,599618922000903434,11.00
2025-12-04 01:51:43.561605,599618922000903434,9.00
2025-12-04 01:51:43.561605,599618922000903434,7.00
2025-12-04 01:51:43.561605,599618922000903434,9.00
2025-12-04 01:51:43.561605,599618922000903434,11.00
2025-12-04 01:51:43.561605,599618922000903434,11.00
2025-12-04 01:51:43.561605,599618922000903434,14.00
2025-12-04 01:51:43.561605,599618922000903434,21.00
2025-12-04 01:51:43.561605,599618922000903434,21.00
2025-12-04 01:51:43.561605,599618922000903434,7.00
2025-12-04 01:51:43.561605,599618922000903434,0.00
2025-12-04 01:51:43.561605,599618922000903434,7.00
2025-12-04 01:51:43.561605,599618922000903434,11.00
2025-12-04 01:51:43.561605,599618922000903434,9.00
2025-12-04 01:51:43.561605,599618922000903434,16.00
2025-12-04 01:51:43.561605,599618922000903434,23.00
2025-12-04 01:51:43.561605,599618922000903434,16.00
2025-12-04 01:51:43.561605,599618922000903434,11.00
2025-12-04 01:51:43.561605,599618922000903434,16.00
2025-12-04 01:51:43.561605,599618922000903434,19.00
2025-12-04 01:51:43.561605,599618922000903434,14.00
2025-12-04 01:51:43.561605,599618922000903434,9.00
2025-12-04 01:51:43.561605,599618922000903434,2.00
2025-12-04 01:51:43.561605,599618922000903434,-4.00
2025-12-04 01:51:43.561605,599618922000903434,-4.00
2025-12-04 01:51:43.561605,599618922000903434,-2.00
2025-12-04 01:51:43.561605,599618922000903434,9.00
2025-12-04 01:51:43.561605,599618922000903434,23.00
2025-12-04 01:51:43.561605,599618922000903434,33.00
2025-12-04 01:51:43.561605,599618922000903434,33.00
2025-12-04 01:51:43.561605,599618922000903434,30.00
2025-12-04 01:51:43.561605,599618922000903434,35.00
2025-12-04 01:51:43.561605,599618922000903434,35.00
2025-12-04 01:51:43.561605,599618922000903434,28.00
2025-12-04 01:51:43.561605,599618922000903434,28.00
2025-12-04 01:51:43.561605,599618922000903434,38.00
2025-12-04 01:51:43.561605,599618922000903434,38.00
2025-12-04 01:51:43.561605,599618922000903434,40.00
2025-12-04 01:51:43.561605,599618922000903434,61.00
2025-12-04 01:51:43.561605,599618922000903434,69.00
2025-12-04 01:51:43.561605,599618922000903434,-19.00
2025-12-04 01:51:43.561605,599618922000903434,-221.00
2025-12-04 01:51:43.561605,599618922000903434,-500.00
2025-12-04 01:51:43.561605,599618922000903434,-722.00
2025-12-04 01:51:43.561605,599618922000903434,-600.00
2025-12-04 01:51:43.561605,599618922000903434,-157.00
2025-12-04 01:51:43.561605,599618922000903434,109.00
2025-12-04 01:51:43.561605,599618922000903434,66.00
2025-12-04 01:51:43.561605,599618922000903434,59.00
2025-12-04 01:51:43.561605,599618922000903434,123.00
2025-12-04 01:51:44.172703,599618922561636081,114.00
2025-12-04 01:51:44.172703,599618922561636081,100.00
2025-12-04 01:51:44.172703,599618922561636081,116.00
2025-12-04 01:51:44.172703,599618922561636081,109.00
2025-12-04 01:51:44.172703,599618922561636081,100.00
2025-12-04 01:51:44.172703,599618922561636081,107.00
2025-12-04 01:51:44.172703,599618922561636081,100.00
2025-12-04 01:51:44.172703,599618922561636081,85.00
2025-12-04 01:51:44.172703,599618922561636081,83.00
2025-12-04 01:51:44.172703,599618922561636081,76.00
2025-12-04 01:51:44.172703,599618922561636081,64.00
2025-12-04 01:51:44.172703,599618922561636081,64.00
2025-12-04 01:51:44.172703,599618922561636081,64.00
2025-12-04 01:51:44.172703,599618922561636081,50.00
2025-12-04 01:51:44.172703,599618922561636081,35.00
2025-12-04 01:51:44.172703,599618922561636081,33.00
2025-12-04 01:51:44.172703,599618922561636081,26.00
2025-12-04 01:51:44.172703,599618922561636081,16.00
2025-12-04 01:51:44.172703,599618922561636081,14.00
2025-12-04 01:51:44.172703,599618922561636081,11.00
2025-12-04 01:51:44.172703,599618922561636081,2.00
2025-12-04 01:51:44.172703,599618922561636081,-4.00
2025-12-04 01:51:44.172703,599618922561636081,-4.00
2025-12-04 01:51:44.172703,599618922561636081,0.00
2025-12-04 01:51:44.172703,599618922561636081,2.00
2025-12-04 01:51:44.172703,599618922561636081,0.00
2025-12-04 01:51:44.172703,599618922561636081,7.00
2025-12-04 01:51:44.172703,599618922561636081,26.00
2025-12-04 01:51:44.172703,599618922561636081,50.00
2025-12-04 01:51:44.172703,599618922561636081,78.00
2025-12-04 01:51:44.172703,599618922561636081,107.00
2025-12-04 01:51:44.172703,599618922561636081,116.00
2025-12-04 01:51:44.172703,599618922561636081,107.00
2025-12-04 01:51:44.172703,599618922561636081,97.00
2025-12-04 01:51:44.172703,599618922561636081,95.00
2025-12-04 01:51:44.172703,599618922561636081,88.00
2025-12-04 01:51:44.172703,599618922561636081,81.00
2025-12-04 01:51:44.172703,599618922561636081,81.00
2025-12-04 01:51:44.172703,599618922561636081,78.00
2025-12-04 01:51:44.172703,599618922561636081,66.00
2025-12-04 01:51:44.172703,599618922561636081,54.00
2025-12-04 01:51:44.172703,599618922561636081,57.00
2025-12-04 01:51:44.172703,599618922561636081,57.00
2025-12-04 01:51:44.172703,599618922561636081,47.00
2025-12-04 01:51:44.172703,599618922561636081,47.00
2025-12-04 01:51:44.172703,599618922561636081,52.00
2025-12-04 01:51:44.172703,599618922561636081,42.00
2025-12-04 01:51:44.172703,599618922561636081,40.00
2025-12-04 01:51:44.172703,599618922561636081,42.00
2025-12-04 01:51:44.172703,599618922561636081,38.00
2025-12-04 01:51:44.172703,599618922561636081,35.00
2025-12-04 01:51:44.172703,599618922561636081,42.00
2025-12-04 01:51:44.172703,599618922561636081,47.00
2025-12-04 01:51:44.172703,599618922561636081,45.00
2025-12-04 01:51:44.172703,599618922561636081,40.00
2025-12-04 01:51:44.172703,599618922561636081,40.00
2025-12-04 01:51:44.172703,599618922561636081,42.00
2025-12-04 01:51:44.172703,599618922561636081,40.00
2025-12-04 01:51:44.172703,599618922561636081,38.00
2025-12-04 01:51:44.172703,599618922561636081,45.00
2025-12-04 01:51:44.172703,599618922561636081,47.00
2025-12-04 01:51:44.172703,599618922561636081,38.00
2025-12-04 01:51:44.172703,599618922561636081,28.00
2025-12-04 01:51:44.172703,599618922561636081,26.00
2025-12-04 01:51:44.172703,599618922561636081,30.00
2025-12-04 01:51:44.172703,599618922561636081,30.00
2025-12-04 01:51:44.172703,599618922561636081,21.00
2025-12-04 01:51:44.172703,599618922561636081,19.00
2025-12-04 01:51:44.172703,599618922561636081,28.00
2025-12-04 01:51:44.172703,599618922561636081,30.00
2025-12-04 01:51:44.172703,599618922561636081,21.00
2025-12-04 01:51:44.172703,599618922561636081,9.00
2025-12-04 01:51:44.172703,599618922561636081,2.00
2025-12-04 01:51:44.732830,599618923122389072,0.00
2025-12-04 01:51:44.732830,599618923122389072,7.00
2025-12-04 01:51:44.732830,599618923122389072,11.00
2025-12-04 01:51:44.732830,599618923122389072,11.00
2025-12-04 01:51:44.732830,599618923122389072,19.00
2025-12-04 01:51:44.732830,599618923122389072,26.00
2025-12-04 01:51:44.732830,599618923122389072,23.00
2025-12-04 01:51:44.732830,599618923122389072,23.00
2025-12-04 01:51:44.732830,599618923122389072,30.00
2025-12-04 01:51:44.732830,599618923122389072,28.00
2025-12-04 01:51:44.732830,599618923122389072,19.00
2025-12-04 01:51:44.732830,599618923122389072,19.00
2025-12-04 01:51:44.732830,599618923122389072,21.00
2025-12-04 01:51:44.732830,599618923122389072,26.00
2025-12-04 01:51:44.732830,599618923122389072,47.00
2025-12-04 01:51:44.732830,599618923122389072,59.00
2025-12-04 01:51:44.732830,599618923122389072,-30.00
2025-12-04 01:51:44.732830,599618923122389072,-262.00
2025-12-04 01:51:44.732830,599618923122389072,-584.00
2025-12-04 01:51:44.732830,599618923122389072,-822.00
2025-12-04 01:51:44.732830,599618923122389072,-667.00
2025-12-04 01:51:44.732830,599618923122389072,-176.00
2025-12-04 01:51:44.732830,599618923122389072,100.00
2025-12-04 01:51:44.732830,599618923122389072,42.00
2025-12-04 01:51:44.732830,599618923122389072,38.00
2025-12-04 01:51:44.732830,599618923122389072,109.00
2025-12-04 01:51:44.732830,599618923122389072,97.00
2025-12-04 01:51:44.732830,599618923122389072,76.00
2025-12-04 01:51:44.732830,599618923122389072,88.00
2025-12-04 01:51:44.732830,599618923122389072,83.00
2025-12-04 01:51:44.732830,599618923122389072,64.00
2025-12-04 01:51:44.732830,599618923122389072,61.00
2025-12-04 01:51:44.732830,599618923122389072,54.00
2025-12-04 01:51:44.732830,599618923122389072,40.00
2025-12-04 01:51:44.732830,599618923122389072,33.00
2025-12-04 01:51:44.732830,599618923122389072,30.00
2025-12-04 01:51:44.732830,599618923122389072,19.00
2025-12-04 01:51:44.732830,599618923122389072,9.00
2025-12-04 01:51:44.732830,599618923122389072,9.00
2025-12-04 01:51:44.732830,599618923122389072,-4.00
2025-12-04 01:51:44.732830,599618923122389072,-23.00
2025-12-04 01:51:44.732830,599618923122389072,-28.00
2025-12-04 01:51:44.732830,599618923122389072,-33.00
2025-12-04 01:51:44.732830,599618923122389072,-42.00
2025-12-04 01:51:44.732830,599618923122389072,-47.00
2025-12-04 01:51:44.732830,599618923122389072,-59.00
2025-12-04 01:51:44.732830,599618923122389072,-71.00
2025-12-04 01:51:44.732830,599618923122389072,-69.00
2025-12-04 01:51:44.732830,599618923122389072,-61.00
2025-12-04 01:51:44.732830,599618923122389072,-61.00
2025-12-04 01:51:44.732830,599618923122389072,-54.00
2025-12-04 01:51:44.732830,599618923122389072,-45.00
2025-12-04 01:51:44.732830,599618923122389072,-35.00
2025-12-04 01:51:44.732830,599618923122389072,-23.00
2025-12-04 01:51:44.732830,599618923122389072,-9.00
2025-12-04 01:51:44.732830,599618923122389072,7.00
2025-12-04 01:51:44.732830,599618923122389072,19.00
2025-12-04 01:51:44.732830,599618923122389072,23.00
2025-12-04 01:51:44.732830,599618923122389072,23.00
2025-12-04 01:51:44.732830,599618923122389072,26.00
2025-12-04 01:51:44.732830,599618923122389072,28.00
2025-12-04 01:51:44.732830,599618923122389072,26.00
2025-12-04 01:51:44.732830,599618923122389072,21.00
2025-12-04 01:51:44.732830,599618923122389072,19.00
2025-12-04 01:51:44.732830,599618923122389072,14.00
2025-12-04 01:51:44.732830,599618923122389072,11.00
2025-12-04 01:51:44.732830,599618923122389072,9.00
2025-12-04 01:51:44.732830,599618923122389072,4.00
2025-12-04 01:51:44.732830,599618923122389072,4.00
2025-12-04 01:51:44.732830,599618923122389072,2.00
2025-12-04 01:51:44.732830,599618923122389072,-7.00
2025-12-04 01:51:44.732830,599618923122389072,-4.00
2025-12-04 01:51:44.732830,599618923122389072,4.00
2025-12-04 01:51:45.293955,599618923683116631,7.00
2025-12-04 01:51:45.293955,599618923683116631,7.00
2025-12-04 01:51:45.293955,599618923683116631,0.00
2025-12-04 01:51:45.293955,599618923683116631,-4.00
2025-12-04 01:51:45.293955,599618923683116631,2.00
2025-12-04 01:51:45.293955,599618923683116631,7.00
2025-12-04 01:51:45.293955,599618923683116631,0.00
2025-12-04 01:51:45.293955,599618923683116631,-4.00
2025-12-04 01:51:45.293955,599618923683116631,0.00
2025-12-04 01:51:45.293955,599618923683116631,0.00
2025-12-04 01:51:45.293955,599618923683116631,-4.00
2025-12-04 01:51:45.293955,599618923683116631,-4.00
2025-12-04 01:51:45.293955,599618923683116631,0.00
2025-12-04 01:51:45.293955,599618923683116631,2.00
2025-12-04 01:51:45.293955,599618923683116631,0.00
2025-12-04 01:51:45.293955,599618923683116631,-2.00
2025-12-04 01:51:45.293955,599618923683116631,2.00
2025-12-04 01:51:45.293955,599618923683116631,4.00
2025-12-04 01:51:45.293955,599618923683116631,-4.00
2025-12-04 01:51:45.293955,599618923683116631,-11.00
2025-12-04 01:51:45.293955,599618923683116631,-14.00
2025-12-04 01:51:45.293955,599618923683116631,-14.00
2025-12-04 01:51:45.293955,599618923683116631,-14.00
2025-12-04 01:51:45.293955,599618923683116631,-19.00
2025-12-04 01:51:45.293955,599618923683116631,-19.00
2025-12-04 01:51:45.293955,599618923683116631,-9.00
2025-12-04 01:51:45.293955,599618923683116631,4.00
2025-12-04 01:51:45.293955,599618923683116631,0.00
2025-12-04 01:51:45.293955,599618923683116631,-19.00
2025-12-04 01:51:45.293955,599618923683116631,-9.00
2025-12-04 01:51:45.293955,599618923683116631,2.00
2025-12-04 01:51:45.293955,599618923683116631,-9.00
2025-12-04 01:51:45.293955,599618923683116631,-16.00
2025-12-04 01:51:45.293955,599618923683116631,-2.00
2025-12-04 01:51:45.293955,599618923683116631,9.00
2025-12-04 01:51:45.293955,599618923683116631,28.00
2025-12-04 01:51:45.293955,599618923683116631,19.00
2025-12-04 01:51:45.293955,599618923683116631,-100.00
2025-12-04 01:51:45.293955,599618923683116631,-343.00
2025-12-04 01:51:45.293955,599618923683116631,-672.00
2025-12-04 01:51:45.293955,599618923683116631,-906.00
2025-12-04 01:51:45.293955,599618923683116631,-698.00
2025-12-04 01:51:45.293955,599618923683116631,-176.00
2025-12-04 01:51:45.293955,599618923683116631,78.00
2025-12-04 01:51:45.293955,599618923683116631,7.00
2025-12-04 01:51:45.293955,599618923683116631,4.00
2025-12-04 01:51:45.293955,599618923683116631,78.00
2025-12-04 01:51:45.293955,599618923683116631,69.00
2025-12-04 01:51:45.293955,599618923683116631,45.00
2025-12-04 01:51:45.293955,599618923683116631,52.00
2025-12-04 01:51:45.293955,599618923683116631,40.00
2025-12-04 01:51:45.293955,599618923683116631,21.00
2025-12-04 01:51:45.293955,599618923683116631,16.00
2025-12-04 01:51:45.293955,599618923683116631,7.00
2025-12-04 01:51:45.293955,599618923683116631,-2.00
2025-12-04 01:51:45.293955,599618923683116631,-4.00
2025-12-04 01:51:45.293955,599618923683116631,-14.00
2025-12-04 01:51:45.293955,599618923683116631,-28.00
2025-12-04 01:51:45.293955,599618923683116631,-33.00
2025-12-04 01:51:45.293955,599618923683116631,-35.00
2025-12-04 01:51:45.293955,599618923683116631,-45.00
2025-12-04 01:51:45.293955,599618923683116631,-59.00
2025-12-04 01:51:45.293955,599618923683116631,-69.00
2025-12-04 01:51:45.293955,599618923683116631,-78.00
2025-12-04 01:51:45.293955,599618923683116631,-92.00
2025-12-04 01:51:45.293955,599618923683116631,-97.00
2025-12-04 01:51:45.293955,599618923683116631,-97.00
2025-12-04 01:51:45.293955,599618923683116631,-100.00
2025-12-04 01:51:45.293955,599618923683116631,-107.00
2025-12-04 01:51:45.293955,599618923683116631,-104.00
2025-12-04 01:51:45.293955,599618923683116631,-102.00
2025-12-04 01:51:45.293955,599618923683116631,-100.00
2025-12-04 01:51:45.293955,599618923683116631,-92.00
2025-12-04 01:51:45.854574,599618924243844190,-76.00
2025-12-04 01:51:45.854574,599618924243844190,-61.00
2025-12-04 01:51:45.854574,599618924243844190,-52.00
2025-12-04 01:51:45.854574,599618924243844190,-40.00
2025-12-04 01:51:45.854574,599618924243844190,-33.00
2025-12-04 01:51:45.854574,599618924243844190,-28.00
2025-12-04 01:51:45.854574,599618924243844190,-26.00
2025-12-04 01:51:45.854574,599618924243844190,-26.00
2025-12-04 01:51:45.854574,599618924243844190,-26.00
2025-12-04 01:51:45.854574,599618924243844190,-26.00
2025-12-04 01:51:45.854574,599618924243844190,-26.00
2025-12-04 01:51:45.854574,599618924243844190,-28.00
2025-12-04 01:51:45.854574,599618924243844190,-26.00
2025-12-04 01:51:45.854574,599618924243844190,-26.00
2025-12-04 01:51:45.854574,599618924243844190,-33.00
2025-12-04 01:51:45.854574,599618924243844190,-33.00
2025-12-04 01:51:45.854574,599618924243844190,-28.00
2025-12-04 01:51:45.854574,599618924243844190,-30.00
2025-12-04 01:51:45.854574,599618924243844190,-33.00
2025-12-04 01:51:45.854574,599618924243844190,-33.00
2025-12-04 01:51:45.854574,599618924243844190,-33.00
2025-12-04 01:51:45.854574,599618924243844190,-38.00
2025-12-04 01:51:45.854574,599618924243844190,-42.00
2025-12-04 01:51:45.854574,599618924243844190,-40.00
2025-12-04 01:51:45.854574,599618924243844190,-38.00
2025-12-04 01:51:45.854574,599618924243844190,-38.00
2025-12-04 01:51:45.854574,599618924243844190,-40.00
2025-12-04 01:51:45.854574,599618924243844190,-42.00
2025-12-04 01:51:45.854574,599618924243844190,-38.00
2025-12-04 01:51:45.854574,599618924243844190,-38.00
2025-12-04 01:51:45.854574,599618924243844190,-42.00
2025-12-04 01:51:45.854574,599618924243844190,-40.00
2025-12-04 01:51:45.854574,599618924243844190,-38.00
2025-12-04 01:51:45.854574,599618924243844190,-40.00
2025-12-04 01:51:45.854574,599618924243844190,-38.00
2025-12-04 01:51:45.854574,599618924243844190,-38.00
2025-12-04 01:51:45.854574,599618924243844190,-42.00
2025-12-04 01:51:45.854574,599618924243844190,-50.00
2025-12-04 01:51:45.854574,599618924243844190,-61.00
2025-12-04 01:51:45.854574,599618924243844190,-66.00
2025-12-04 01:51:45.854574,599618924243844190,-59.00
2025-12-04 01:51:45.854574,599618924243844190,-59.00
2025-12-04 01:51:45.854574,599618924243844190,-54.00
2025-12-04 01:51:45.854574,599618924243844190,-38.00
2025-12-04 01:51:45.854574,599618924243844190,-28.00
2025-12-04 01:51:45.854574,599618924243844190,-30.00
2025-12-04 01:51:45.854574,599618924243844190,-30.00
2025-12-04 01:51:45.854574,599618924243844190,-28.00
2025-12-04 01:51:45.854574,599618924243844190,-26.00
2025-12-04 01:51:45.854574,599618924243844190,-26.00
2025-12-04 01:51:45.854574,599618924243844190,-26.00
2025-12-04 01:51:45.854574,599618924243844190,-26.00
2025-12-04 01:51:45.854574,599618924243844190,-16.00
2025-12-04 01:51:45.854574,599618924243844190,7.00
2025-12-04 01:51:45.854574,599618924243844190,4.00
2025-12-04 01:51:45.854574,599618924243844190,-107.00
2025-12-04 01:51:45.854574,599618924243844190,-350.00
2025-12-04 01:51:45.854574,599618924243844190,-681.00
2025-12-04 01:51:45.854574,599618924243844190,-922.00
2025-12-04 01:51:45.854574,599618924243844190,-732.00
2025-12-04 01:51:45.854574,599618924243844190,-207.00
2025-12-04 01:51:45.854574,599618924243844190,66.00
2025-12-04 01:51:45.854574,599618924243844190,9.00
2025-12-04 01:51:45.854574,599618924243844190,21.00
2025-12-04 01:51:45.854574,599618924243844190,92.00
2025-12-04 01:51:45.854574,599618924243844190,76.00
2025-12-04 01:51:45.854574,599618924243844190,59.00
2025-12-04 01:51:45.854574,599618924243844190,73.00
2025-12-04 01:51:45.854574,599618924243844190,64.00
2025-12-04 01:51:45.854574,599618924243844190,47.00
2025-12-04 01:51:45.854574,599618924243844190,45.00
2025-12-04 01:51:45.854574,599618924243844190,38.00
2025-12-04 01:51:45.854574,599618924243844190,30.00
2025-12-04 01:51:46.414784,599618924804571749,23.00
2025-12-04 01:51:46.414784,599618924804571749,11.00
2025-12-04 01:51:46.414784,599618924804571749,7.00
2025-12-04 01:51:46.414784,599618924804571749,4.00
2025-12-04 01:51:46.414784,599618924804571749,-2.00
2025-12-04 01:51:46.414784,599618924804571749,-9.00
2025-12-04 01:51:46.414784,599618924804571749,-14.00
2025-12-04 01:51:46.414784,599618924804571749,-19.00
2025-12-04 01:51:46.414784,599618924804571749,-28.00
2025-12-04 01:51:46.414784,599618924804571749,-35.00
2025-12-04 01:51:46.414784,599618924804571749,-35.00
2025-12-04 01:51:46.414784,599618924804571749,-38.00
2025-12-04 01:51:46.414784,599618924804571749,-47.00
2025-12-04 01:51:46.414784,599618924804571749,-47.00
2025-12-04 01:51:46.414784,599618924804571749,-40.00
2025-12-04 01:51:46.414784,599618924804571749,-38.00
2025-12-04 01:51:46.414784,599618924804571749,-40.00
2025-12-04 01:51:46.414784,599618924804571749,-38.00
2025-12-04 01:51:46.414784,599618924804571749,-26.00
2025-12-04 01:51:46.414784,599618924804571749,-11.00
2025-12-04 01:51:46.414784,599618924804571749,0.00
2025-12-04 01:51:46.414784,599618924804571749,11.00
2025-12-04 01:51:46.414784,599618924804571749,21.00
2025-12-04 01:51:46.414784,599618924804571749,26.00
2025-12-04 01:51:46.414784,599618924804571749,28.00
2025-12-04 01:51:46.414784,599618924804571749,30.00
2025-12-04 01:51:46.414784,599618924804571749,30.00
2025-12-04 01:51:46.414784,599618924804571749,23.00
2025-12-04 01:51:46.414784,599618924804571749,19.00
2025-12-04 01:51:46.414784,599618924804571749,16.00
2025-12-04 01:51:46.414784,599618924804571749,19.00
2025-12-04 01:51:46.414784,599618924804571749,16.00
2025-12-04 01:51:46.414784,599618924804571749,9.00
2025-12-04 01:51:46.414784,599618924804571749,9.00
2025-12-04 01:51:46.414784,599618924804571749,11.00
2025-12-04 01:51:46.414784,599618924804571749,9.00
2025-12-04 01:51:46.414784,599618924804571749,7.00
2025-12-04 01:51:46.414784,599618924804571749,9.00
2025-12-04 01:51:46.414784,599618924804571749,9.00
2025-12-04 01:51:46.414784,599618924804571749,9.00
2025-12-04 01:51:46.414784,599618924804571749,7.00
2025-12-04 01:51:46.414784,599618924804571749,7.00
2025-12-04 01:51:46.414784,599618924804571749,9.00
2025-12-04 01:51:46.414784,599618924804571749,9.00
2025-12-04 01:51:46.414784,599618924804571749,9.00
2025-12-04 01:51:46.414784,599618924804571749,7.00
2025-12-04 01:51:46.414784,599618924804571749,4.00
2025-12-04 01:51:46.414784,599618924804571749,7.00
2025-12-04 01:51:46.414784,599618924804571749,4.00
2025-12-04 01:51:46.414784,599618924804571749,2.00
2025-12-04 01:51:46.414784,599618924804571749,2.00
2025-12-04 01:51:46.414784,599618924804571749,2.00
2025-12-04 01:51:46.414784,599618924804571749,4.00
2025-12-04 01:51:46.414784,599618924804571749,4.00
2025-12-04 01:51:46.414784,599618924804571749,-2.00
2025-12-04 01:51:46.414784,599618924804571749,-9.00
2025-12-04 01:51:46.414784,599618924804571749,-19.00
2025-12-04 01:51:46.414784,599618924804571749,-19.00
2025-12-04 01:51:46.414784,599618924804571749,-14.00
2025-12-04 01:51:46.414784,599618924804571749,-9.00
2025-12-04 01:51:46.414784,599618924804571749,-7.00
2025-12-04 01:51:46.414784,599618924804571749,0.00
2025-12-04 01:51:46.414784,599618924804571749,4.00
2025-12-04 01:51:46.414784,599618924804571749,7.00
2025-12-04 01:51:46.414784,599618924804571749,11.00
2025-12-04 01:51:46.414784,599618924804571749,11.00
2025-12-04 01:51:46.414784,599618924804571749,7.00
2025-12-04 01:51:46.414784,599618924804571749,4.00
2025-12-04 01:51:46.414784,599618924804571749,7.00
2025-12-04 01:51:46.414784,599618924804571749,9.00
2025-12-04 01:51:46.414784,599618924804571749,14.00
2025-12-04 01:51:46.414784,599618924804571749,38.00
2025-12-04 01:51:46.414784,599618924804571749,52.00
2025-12-04 01:51:46.924126,599618925365329826,-28.00
2025-12-04 01:51:46.924126,599618925365329826,-240.00
2025-12-04 01:51:46.924126,599618925365329826,-548.00
2025-12-04 01:51:46.924126,599618925365329826,-827.00
2025-12-04 01:51:46.924126,599618925365329826,-765.00
2025-12-04 01:51:46.924126,599618925365329826,-295.00
2025-12-04 01:51:46.924126,599618925365329826,66.00
2025-12-04 01:51:46.924126,599618925365329826,57.00
2025-12-04 01:51:46.924126,599618925365329826,33.00
2025-12-04 01:51:46.924126,599618925365329826,112.00
2025-12-04 01:51:46.924126,599618925365329826,109.00
2025-12-04 01:51:46.924126,599618925365329826,78.00
2025-12-04 01:51:46.924126,599618925365329826,92.00
2025-12-04 01:51:46.924126,599618925365329826,92.00
2025-12-04 01:51:46.924126,599618925365329826,71.00
2025-12-04 01:51:46.924126,599618925365329826,66.00
2025-12-04 01:51:46.924126,599618925365329826,64.00
2025-12-04 01:51:46.924126,599618925365329826,54.00
2025-12-04 01:51:46.924126,599618925365329826,45.00
2025-12-04 01:51:46.924126,599618925365329826,40.00
2025-12-04 01:51:46.924126,599618925365329826,30.00
2025-12-04 01:51:46.924126,599618925365329826,26.00
2025-12-04 01:51:46.924126,599618925365329826,16.00
2025-12-04 01:51:46.924126,599618925365329826,7.00
2025-12-04 01:51:46.924126,599618925365329826,2.00
2025-12-04 01:51:46.924126,599618925365329826,-4.00
2025-12-04 01:51:46.924126,599618925365329826,-14.00
2025-12-04 01:51:46.924126,599618925365329826,-19.00
2025-12-04 01:51:46.924126,599618925365329826,-21.00
2025-12-04 01:51:46.924126,599618925365329826,-28.00
2025-12-04 01:51:46.924126,599618925365329826,-33.00
2025-12-04 01:51:46.924126,599618925365329826,-26.00
2025-12-04 01:51:46.924126,599618925365329826,-28.00
2025-12-04 01:51:46.924126,599618925365329826,-33.00
2025-12-04 01:51:46.924126,599618925365329826,-26.00
2025-12-04 01:51:46.924126,599618925365329826,-19.00
2025-12-04 01:51:46.924126,599618925365329826,-16.00
2025-12-04 01:51:46.924126,599618925365329826,-4.00
2025-12-04 01:51:46.924126,599618925365329826,11.00
2025-12-04 01:51:46.924126,599618925365329826,26.00
2025-12-04 01:51:46.924126,599618925365329826,33.00
2025-12-04 01:51:46.924126,599618925365329826,38.00
2025-12-04 01:51:46.924126,599618925365329826,38.00
2025-12-04 01:51:46.924126,599618925365329826,40.00
2025-12-04 01:51:46.924126,599618925365329826,38.00
2025-12-04 01:51:46.924126,599618925365329826,35.00
2025-12-04 01:51:46.924126,599618925365329826,33.00
2025-12-04 01:51:46.924126,599618925365329826,30.00
2025-12-04 01:51:46.924126,599618925365329826,28.00
2025-12-04 01:51:46.924126,599618925365329826,26.00
2025-12-04 01:51:46.924126,599618925365329826,28.00
2025-12-04 01:51:46.924126,599618925365329826,26.00
2025-12-04 01:51:46.924126,599618925365329826,26.00
2025-12-04 01:51:46.924126,599618925365329826,26.00
2025-12-04 01:51:46.924126,599618925365329826,26.00
2025-12-04 01:51:46.924126,599618925365329826,28.00
2025-12-04 01:51:46.924126,599618925365329826,23.00
2025-12-04 01:51:46.924126,599618925365329826,21.00
2025-12-04 01:51:46.924126,599618925365329826,23.00
2025-12-04 01:51:46.924126,599618925365329826,26.00
2025-12-04 01:51:46.924126,599618925365329826,23.00
2025-12-04 01:51:46.924126,599618925365329826,23.00
2025-12-04 01:51:46.924126,599618925365329826,26.00
2025-12-04 01:51:46.924126,599618925365329826,26.00
2025-12-04 01:51:46.924126,599618925365329826,26.00
2025-12-04 01:51:46.924126,599618925365329826,26.00
2025-12-04 01:51:46.924126,599618925365329826,26.00
2025-12-04 01:51:46.924126,599618925365329826,21.00
2025-12-04 01:51:46.924126,599618925365329826,19.00
2025-12-04 01:51:46.924126,599618925365329826,19.00
2025-12-04 01:51:46.924126,599618925365329826,14.00
2025-12-04 01:51:46.924126,599618925365329826,11.00
2025-12-04 01:51:46.924126,599618925365329826,11.00
2025-12-04 01:51:47.534720,599618925926057387,7.00
2025-12-04 01:51:47.534720,599618925926057387,4.00
2025-12-04 01:51:47.534720,599618925926057387,2.00
2025-12-04 01:51:47.534720,599618925926057387,-4.00
2025-12-04 01:51:47.534720,599618925926057387,-11.00
2025-12-04 01:51:47.534720,599618925926057387,-9.00
2025-12-04 01:51:47.534720,599618925926057387,-2.00
2025-12-04 01:51:47.534720,599618925926057387,-2.00
2025-12-04 01:51:47.534720,599618925926057387,4.00
2025-12-04 01:51:47.534720,599618925926057387,16.00
2025-12-04 01:51:47.534720,599618925926057387,16.00
2025-12-04 01:51:47.534720,599618925926057387,14.00
2025-12-04 01:51:47.534720,599618925926057387,16.00
2025-12-04 01:51:47.534720,599618925926057387,14.00
2025-12-04 01:51:47.534720,599618925926057387,9.00
2025-12-04 01:51:47.534720,599618925926057387,11.00
2025-12-04 01:51:47.534720,599618925926057387,14.00
2025-12-04 01:51:47.534720,599618925926057387,11.00
2025-12-04 01:51:47.534720,599618925926057387,16.00
2025-12-04 01:51:47.534720,599618925926057387,40.00
2025-12-04 01:51:47.534720,599618925926057387,47.00
2025-12-04 01:51:47.534720,599618925926057387,-40.00
2025-12-04 01:51:47.534720,599618925926057387,-252.00
2025-12-04 01:51:47.534720,599618925926057387,-550.00
2025-12-04 01:51:47.534720,599618925926057387,-796.00
2025-12-04 01:51:47.534720,599618925926057387,-691.00
2025-12-04 01:51:47.534720,599618925926057387,-231.00
2025-12-04 01:51:47.534720,599618925926057387,73.00
2025-12-04 01:51:47.534720,599618925926057387,42.00
2025-12-04 01:51:47.534720,599618925926057387,26.00
2025-12-04 01:51:47.534720,599618925926057387,100.00
2025-12-04 01:51:47.534720,599618925926057387,95.00
2025-12-04 01:51:47.534720,599618925926057387,69.00
2025-12-04 01:51:47.534720,599618925926057387,83.00
2025-12-04 01:51:47.534720,599618925926057387,78.00
2025-12-04 01:51:47.534720,599618925926057387,59.00
2025-12-04 01:51:47.534720,599618925926057387,52.00
2025-12-04 01:51:47.534720,599618925926057387,52.00
2025-12-04 01:51:47.534720,599618925926057387,40.00
2025-12-04 01:51:47.534720,599618925926057387,38.00
2025-12-04 01:51:47.534720,599618925926057387,35.00
2025-12-04 01:51:47.534720,599618925926057387,23.00
2025-12-04 01:51:47.534720,599618925926057387,9.00
2025-12-04 01:51:47.534720,599618925926057387,4.00
2025-12-04 01:51:47.534720,599618925926057387,0.00
2025-12-04 01:51:47.534720,599618925926057387,-11.00
2025-12-04 01:51:47.534720,599618925926057387,-19.00
2025-12-04 01:51:47.534720,599618925926057387,-26.00
2025-12-04 01:51:47.534720,599618925926057387,-30.00
2025-12-04 01:51:47.534720,599618925926057387,-35.00
2025-12-04 01:51:47.534720,599618925926057387,-38.00
2025-12-04 01:51:47.534720,599618925926057387,-40.00
2025-12-04 01:51:47.534720,599618925926057387,-40.00
2025-12-04 01:51:47.534720,599618925926057387,-38.00
2025-12-04 01:51:47.534720,599618925926057387,-40.00
2025-12-04 01:51:47.534720,599618925926057387,-40.00
2025-12-04 01:51:47.534720,599618925926057387,-30.00
2025-12-04 01:51:47.534720,599618925926057387,-19.00
2025-12-04 01:51:47.534720,599618925926057387,-11.00
2025-12-04 01:51:47.534720,599618925926057387,2.00
2025-12-04 01:51:47.534720,599618925926057387,21.00
2025-12-04 01:51:47.534720,599618925926057387,30.00
2025-12-04 01:51:47.534720,599618925926057387,30.00
2025-12-04 01:51:47.534720,599618925926057387,33.00
2025-12-04 01:51:47.534720,599618925926057387,40.00
2025-12-04 01:51:47.534720,599618925926057387,35.00
2025-12-04 01:51:47.534720,599618925926057387,26.00
2025-12-04 01:51:47.534720,599618925926057387,28.00
2025-12-04 01:51:47.534720,599618925926057387,28.00
2025-12-04 01:51:47.534720,599618925926057387,23.00
2025-12-04 01:51:47.534720,599618925926057387,21.00
2025-12-04 01:51:47.534720,599618925926057387,23.00
2025-12-04 01:51:47.534720,599618925926057387,21.00
2025-12-04 01:51:48.162345,599618926486784946,16.00
2025-12-04 01:51:48.162345,599618926486784946,19.00
2025-12-04 01:51:48.162345,599618926486784946,19.00
2025-12-04 01:51:48.162345,599618926486784946,14.00
2025-12-04 01:51:48.162345,599618926486784946,11.00
2025-12-04 01:51:48.162345,599618926486784946,14.00
2025-12-04 01:51:48.162345,599618926486784946,14.00
2025-12-04 01:51:48.162345,599618926486784946,14.00
2025-12-04 01:51:48.162345,599618926486784946,16.00
2025-12-04 01:51:48.162345,599618926486784946,21.00
2025-12-04 01:51:48.162345,599618926486784946,21.00
2025-12-04 01:51:48.162345,599618926486784946,16.00
2025-12-04 01:51:48.162345,599618926486784946,16.00
2025-12-04 01:51:48.162345,599618926486784946,19.00
2025-12-04 01:51:48.162345,599618926486784946,14.00
2025-12-04 01:51:48.162345,599618926486784946,9.00
2025-12-04 01:51:48.162345,599618926486784946,9.00
2025-12-04 01:51:48.162345,599618926486784946,9.00
2025-12-04 01:51:48.162345,599618926486784946,7.00
2025-12-04 01:51:48.162345,599618926486784946,7.00
2025-12-04 01:51:48.162345,599618926486784946,9.00
2025-12-04 01:51:48.162345,599618926486784946,4.00
2025-12-04 01:51:48.162345,599618926486784946,0.00
2025-12-04 01:51:48.162345,599618926486784946,-9.00
2025-12-04 01:51:48.162345,599618926486784946,-16.00
2025-12-04 01:51:48.162345,599618926486784946,-19.00
2025-12-04 01:51:48.162345,599618926486784946,-14.00
2025-12-04 01:51:48.162345,599618926486784946,-11.00
2025-12-04 01:51:48.162345,599618926486784946,-7.00
2025-12-04 01:51:48.162345,599618926486784946,2.00
2025-12-04 01:51:48.162345,599618926486784946,7.00
2025-12-04 01:51:48.162345,599618926486784946,4.00
2025-12-04 01:51:48.162345,599618926486784946,7.00
2025-12-04 01:51:48.162345,599618926486784946,7.00
2025-12-04 01:51:48.162345,599618926486784946,7.00
2025-12-04 01:51:48.162345,599618926486784946,7.00
2025-12-04 01:51:48.162345,599618926486784946,4.00
2025-12-04 01:51:48.162345,599618926486784946,2.00
2025-12-04 01:51:48.162345,599618926486784946,2.00
2025-12-04 01:51:48.162345,599618926486784946,14.00
2025-12-04 01:51:48.162345,599618926486784946,40.00
2025-12-04 01:51:48.162345,599618926486784946,26.00
2025-12-04 01:51:48.162345,599618926486784946,-100.00
2025-12-04 01:51:48.162345,599618926486784946,-338.00
2025-12-04 01:51:48.162345,599618926486784946,-624.00
2025-12-04 01:51:48.162345,599618926486784946,-767.00
2025-12-04 01:51:48.162345,599618926486784946,-517.00
2025-12-04 01:51:48.162345,599618926486784946,-83.00
2025-12-04 01:51:48.162345,599618926486784946,69.00
2025-12-04 01:51:48.162345,599618926486784946,16.00
2025-12-04 01:51:48.162345,599618926486784946,54.00
2025-12-04 01:51:48.162345,599618926486784946,97.00
2025-12-04 01:51:48.162345,599618926486784946,73.00
2025-12-04 01:51:48.162345,599618926486784946,71.00
2025-12-04 01:51:48.162345,599618926486784946,78.00
2025-12-04 01:51:48.162345,599618926486784946,61.00
2025-12-04 01:51:48.162345,599618926486784946,50.00
2025-12-04 01:51:48.162345,599618926486784946,52.00
2025-12-04 01:51:48.162345,599618926486784946,42.00
2025-12-04 01:51:48.162345,599618926486784946,33.00
2025-12-04 01:51:48.162345,599618926486784946,28.00
2025-12-04 01:51:48.162345,599618926486784946,23.00
2025-12-04 01:51:48.162345,599618926486784946,11.00
2025-12-04 01:51:48.162345,599618926486784946,7.00
2025-12-04 01:51:48.162345,599618926486784946,2.00
2025-12-04 01:51:48.162345,599618926486784946,-7.00
2025-12-04 01:51:48.162345,599618926486784946,-14.00
2025-12-04 01:51:48.162345,599618926486784946,-23.00
2025-12-04 01:51:48.162345,599618926486784946,-30.00
2025-12-04 01:51:48.162345,599618926486784946,-35.00
2025-12-04 01:51:48.162345,599618926486784946,-42.00
2025-12-04 01:51:48.162345,599618926486784946,-45.00
2025-12-04 01:51:48.162345,599618926486784946,-45.00
2025-12-04 01:51:48.672268,599618927047527763,-45.00
2025-12-04 01:51:48.672268,599618927047527763,-47.00
2025-12-04 01:51:48.672268,599618927047527763,-45.00
2025-12-04 01:51:48.672268,599618927047527763,-40.00
2025-12-04 01:51:48.672268,599618927047527763,-33.00
2025-12-04 01:51:48.672268,599618927047527763,-23.00
2025-12-04 01:51:48.672268,599618927047527763,-9.00
2025-12-04 01:51:48.672268,599618927047527763,9.00
2025-12-04 01:51:48.672268,599618927047527763,21.00
2025-12-04 01:51:48.672268,599618927047527763,28.00
2025-12-04 01:51:48.672268,599618927047527763,35.00
2025-12-04 01:51:48.672268,599618927047527763,35.00
2025-12-04 01:51:48.672268,599618927047527763,33.00
2025-12-04 01:51:48.672268,599618927047527763,28.00
2025-12-04 01:51:48.672268,599618927047527763,30.00
2025-12-04 01:51:48.672268,599618927047527763,30.00
2025-12-04 01:51:48.672268,599618927047527763,28.00
2025-12-04 01:51:48.672268,599618927047527763,23.00
2025-12-04 01:51:48.672268,599618927047527763,23.00
2025-12-04 01:51:48.672268,599618927047527763,26.00
2025-12-04 01:51:48.672268,599618927047527763,26.00
2025-12-04 01:51:48.672268,599618927047527763,26.00
2025-12-04 01:51:48.672268,599618927047527763,28.00
2025-12-04 01:51:48.672268,599618927047527763,26.00
2025-12-04 01:51:48.672268,599618927047527763,21.00
2025-12-04 01:51:48.672268,599618927047527763,23.00
2025-12-04 01:51:48.672268,599618927047527763,28.00
2025-12-04 01:51:48.672268,599618927047527763,26.00
2025-12-04 01:51:48.672268,599618927047527763,21.00
2025-12-04 01:51:48.672268,599618927047527763,23.00
2025-12-04 01:51:48.672268,599618927047527763,23.00
2025-12-04 01:51:48.672268,599618927047527763,23.00
2025-12-04 01:51:48.672268,599618927047527763,26.00
2025-12-04 01:51:48.672268,599618927047527763,26.00
2025-12-04 01:51:48.672268,599618927047527763,21.00
2025-12-04 01:51:48.672268,599618927047527763,19.00
2025-12-04 01:51:48.672268,599618927047527763,16.00
2025-12-04 01:51:48.672268,599618927047527763,19.00
2025-12-04 01:51:48.672268,599618927047527763,21.00
2025-12-04 01:51:48.672268,599618927047527763,19.00
2025-12-04 01:51:48.672268,599618927047527763,16.00
2025-12-04 01:51:48.672268,599618927047527763,14.00
2025-12-04 01:51:48.672268,599618927047527763,14.00
2025-12-04 01:51:48.672268,599618927047527763,14.00
2025-12-04 01:51:48.672268,599618927047527763,14.00
2025-12-04 01:51:48.672268,599618927047527763,11.00
2025-12-04 01:51:48.672268,599618927047527763,4.00
2025-12-04 01:51:48.672268,599618927047527763,-7.00
2025-12-04 01:51:48.672268,599618927047527763,-14.00
2025-12-04 01:51:48.672268,599618927047527763,-11.00
2025-12-04 01:51:48.672268,599618927047527763,-7.00
2025-12-04 01:51:48.672268,599618927047527763,-4.00
2025-12-04 01:51:48.672268,599618927047527763,2.00
2025-12-04 01:51:48.672268,599618927047527763,14.00
2025-12-04 01:51:48.672268,599618927047527763,21.00
2025-12-04 01:51:48.672268,599618927047527763,14.00
2025-12-04 01:51:48.672268,599618927047527763,7.00
2025-12-04 01:51:48.672268,599618927047527763,11.00
2025-12-04 01:51:48.672268,599618927047527763,16.00
2025-12-04 01:51:48.672268,599618927047527763,11.00
2025-12-04 01:51:48.672268,599618927047527763,7.00
2025-12-04 01:51:48.672268,599618927047527763,11.00
2025-12-04 01:51:48.672268,599618927047527763,21.00
2025-12-04 01:51:48.672268,599618927047527763,40.00
2025-12-04 01:51:48.672268,599618927047527763,40.00
2025-12-04 01:51:48.672268,599618927047527763,-64.00
2025-12-04 01:51:48.672268,599618927047527763,-302.00
2025-12-04 01:51:48.672268,599618927047527763,-608.00
2025-12-04 01:51:48.672268,599618927047527763,-798.00
2025-12-04 01:51:48.672268,599618927047527763,-591.00
2025-12-04 01:51:48.672268,599618927047527763,-121.00
2025-12-04 01:51:48.672268,599618927047527763,85.00
2025-12-04 01:51:48.672268,599618927047527763,19.00
2025-12-04 01:51:49.184341,599618927608270582,38.00
2025-12-04 01:51:49.184341,599618927608270582,102.00
2025-12-04 01:51:49.184341,599618927608270582,83.00
2025-12-04 01:51:49.184341,599618927608270582,64.00
2025-12-04 01:51:49.184341,599618927608270582,78.00
2025-12-04 01:51:49.184341,599618927608270582,71.00
2025-12-04 01:51:49.184341,599618927608270582,57.00
2025-12-04 01:51:49.184341,599618927608270582,54.00
2025-12-04 01:51:49.184341,599618927608270582,50.00
2025-12-04 01:51:49.184341,599618927608270582,38.00
2025-12-04 01:51:49.184341,599618927608270582,30.00
2025-12-04 01:51:49.184341,599618927608270582,23.00
2025-12-04 01:51:49.184341,599618927608270582,16.00
2025-12-04 01:51:49.184341,599618927608270582,11.00
2025-12-04 01:51:49.184341,599618927608270582,7.00
2025-12-04 01:51:49.184341,599618927608270582,0.00
2025-12-04 01:51:49.184341,599618927608270582,-7.00
2025-12-04 01:51:49.184341,599618927608270582,-16.00
2025-12-04 01:51:49.184341,599618927608270582,-30.00
2025-12-04 01:51:49.184341,599618927608270582,-35.00
2025-12-04 01:51:49.184341,599618927608270582,-40.00
2025-12-04 01:51:49.184341,599618927608270582,-47.00
2025-12-04 01:51:49.184341,599618927608270582,-50.00
2025-12-04 01:51:49.184341,599618927608270582,-47.00
2025-12-04 01:51:49.184341,599618927608270582,-50.00
2025-12-04 01:51:49.184341,599618927608270582,-50.00
2025-12-04 01:51:49.184341,599618927608270582,-45.00
2025-12-04 01:51:49.184341,599618927608270582,-35.00
2025-12-04 01:51:49.184341,599618927608270582,-23.00
2025-12-04 01:51:49.184341,599618927608270582,-9.00
2025-12-04 01:51:49.184341,599618927608270582,9.00
2025-12-04 01:51:49.184341,599618927608270582,23.00
2025-12-04 01:51:49.184341,599618927608270582,33.00
2025-12-04 01:51:49.184341,599618927608270582,38.00
2025-12-04 01:51:49.184341,599618927608270582,42.00
2025-12-04 01:51:49.184341,599618927608270582,40.00
2025-12-04 01:51:49.184341,599618927608270582,38.00
2025-12-04 01:51:49.184341,599618927608270582,38.00
2025-12-04 01:51:49.184341,599618927608270582,35.00
2025-12-04 01:51:49.184341,599618927608270582,30.00
2025-12-04 01:51:49.184341,599618927608270582,33.00
2025-12-04 01:51:49.184341,599618927608270582,30.00
2025-12-04 01:51:49.184341,599618927608270582,26.00
2025-12-04 01:51:49.184341,599618927608270582,26.00
2025-12-04 01:51:49.184341,599618927608270582,26.00
2025-12-04 01:51:49.184341,599618927608270582,28.00
2025-12-04 01:51:49.184341,599618927608270582,28.00
2025-12-04 01:51:49.184341,599618927608270582,26.00
2025-12-04 01:51:49.184341,599618927608270582,28.00
2025-12-04 01:51:49.184341,599618927608270582,26.00
2025-12-04 01:51:49.184341,599618927608270582,23.00
2025-12-04 01:51:49.184341,599618927608270582,23.00
2025-12-04 01:51:49.184341,599618927608270582,23.00
2025-12-04 01:51:49.184341,599618927608270582,21.00
2025-12-04 01:51:49.184341,599618927608270582,19.00
2025-12-04 01:51:49.184341,599618927608270582,19.00
2025-12-04 01:51:49.184341,599618927608270582,16.00
2025-12-04 01:51:49.184341,599618927608270582,14.00
2025-12-04 01:51:49.184341,599618927608270582,14.00
2025-12-04 01:51:49.184341,599618927608270582,11.00
2025-12-04 01:51:49.184341,599618927608270582,11.00
2025-12-04 01:51:49.184341,599618927608270582,11.00
2025-12-04 01:51:49.184341,599618927608270582,11.00
2025-12-04 01:51:49.184341,599618927608270582,7.00
2025-12-04 01:51:49.184341,599618927608270582,7.00
2025-12-04 01:51:49.184341,599618927608270582,7.00
2025-12-04 01:51:49.184341,599618927608270582,4.00
2025-12-04 01:51:49.184341,599618927608270582,2.00
2025-12-04 01:51:49.184341,599618927608270582,4.00
2025-12-04 01:51:49.184341,599618927608270582,7.00
2025-12-04 01:51:49.184341,599618927608270582,4.00
2025-12-04 01:51:49.184341,599618927608270582,-9.00
2025-12-04 01:51:49.184341,599618927608270582,-23.00
2025-12-04 01:51:49.745039,599618928168998141,-21.00
2025-12-04 01:51:49.745039,599618928168998141,-21.00
2025-12-04 01:51:49.745039,599618928168998141,-19.00
2025-12-04 01:51:49.745039,599618928168998141,-4.00
2025-12-04 01:51:49.745039,599618928168998141,2.00
2025-12-04 01:51:49.745039,599618928168998141,4.00
2025-12-04 01:51:49.745039,599618928168998141,4.00
2025-12-04 01:51:49.745039,599618928168998141,4.00
2025-12-04 01:51:49.745039,599618928168998141,2.00
2025-12-04 01:51:49.745039,599618928168998141,2.00
2025-12-04 01:51:49.745039,599618928168998141,2.00
2025-12-04 01:51:49.745039,599618928168998141,-4.00
2025-12-04 01:51:49.745039,599618928168998141,-4.00
2025-12-04 01:51:49.745039,599618928168998141,7.00
2025-12-04 01:51:49.745039,599618928168998141,35.00
2025-12-04 01:51:49.745039,599618928168998141,23.00
2025-12-04 01:51:49.745039,599618928168998141,-100.00
2025-12-04 01:51:49.745039,599618928168998141,-352.00
2025-12-04 01:51:49.745039,599618928168998141,-667.00
2025-12-04 01:51:49.745039,599618928168998141,-846.00
2025-12-04 01:51:49.745039,599618928168998141,-593.00
2025-12-04 01:51:49.745039,599618928168998141,-107.00
2025-12-04 01:51:49.745039,599618928168998141,71.00
2025-12-04 01:51:49.745039,599618928168998141,7.00
2025-12-04 01:51:49.745039,599618928168998141,42.00
2025-12-04 01:51:49.745039,599618928168998141,97.00
2025-12-04 01:51:49.745039,599618928168998141,69.00
2025-12-04 01:51:49.745039,599618928168998141,64.00
2025-12-04 01:51:49.745039,599618928168998141,76.00
2025-12-04 01:51:49.745039,599618928168998141,61.00
2025-12-04 01:51:49.745039,599618928168998141,50.00
2025-12-04 01:51:49.745039,599618928168998141,50.00
2025-12-04 01:51:49.745039,599618928168998141,42.00
2025-12-04 01:51:49.745039,599618928168998141,33.00
2025-12-04 01:51:49.745039,599618928168998141,23.00
2025-12-04 01:51:49.745039,599618928168998141,16.00
2025-12-04 01:51:49.745039,599618928168998141,14.00
2025-12-04 01:51:49.745039,599618928168998141,7.00
2025-12-04 01:51:49.745039,599618928168998141,-2.00
2025-12-04 01:51:49.745039,599618928168998141,-14.00
2025-12-04 01:51:49.745039,599618928168998141,-19.00
2025-12-04 01:51:49.745039,599618928168998141,-23.00
2025-12-04 01:51:49.745039,599618928168998141,-33.00
2025-12-04 01:51:49.745039,599618928168998141,-42.00
2025-12-04 01:51:49.745039,599618928168998141,-42.00
2025-12-04 01:51:49.745039,599618928168998141,-45.00
2025-12-04 01:51:49.745039,599618928168998141,-47.00
2025-12-04 01:51:49.745039,599618928168998141,-45.00
2025-12-04 01:51:49.745039,599618928168998141,-47.00
2025-12-04 01:51:49.745039,599618928168998141,-52.00
2025-12-04 01:51:49.745039,599618928168998141,-47.00
2025-12-04 01:51:49.745039,599618928168998141,-35.00
2025-12-04 01:51:49.745039,599618928168998141,-26.00
2025-12-04 01:51:49.745039,599618928168998141,-11.00
2025-12-04 01:51:49.745039,599618928168998141,2.00
2025-12-04 01:51:49.745039,599618928168998141,14.00
2025-12-04 01:51:49.745039,599618928168998141,23.00
2025-12-04 01:51:49.745039,599618928168998141,28.00
2025-12-04 01:51:49.745039,599618928168998141,28.00
2025-12-04 01:51:49.745039,599618928168998141,30.00
2025-12-04 01:51:49.745039,599618928168998141,30.00
2025-12-04 01:51:49.745039,599618928168998141,28.00
2025-12-04 01:51:49.745039,599618928168998141,23.00
2025-12-04 01:51:49.745039,599618928168998141,19.00
2025-12-04 01:51:49.745039,599618928168998141,19.00
2025-12-04 01:51:49.745039,599618928168998141,19.00
2025-12-04 01:51:49.745039,599618928168998141,16.00
2025-12-04 01:51:49.745039,599618928168998141,16.00
2025-12-04 01:51:49.745039,599618928168998141,16.00
2025-12-04 01:51:49.745039,599618928168998141,14.00
2025-12-04 01:51:49.745039,599618928168998141,14.00
2025-12-04 01:51:49.745039,599618928168998141,16.00
2025-12-04 01:51:49.745039,599618928168998141,19.00
2025-12-04 01:51:50.305630,599618928729725700,16.00
2025-12-04 01:51:50.305630,599618928729725700,16.00
2025-12-04 01:51:50.305630,599618928729725700,16.00
2025-12-04 01:51:50.305630,599618928729725700,14.00
2025-12-04 01:51:50.305630,599618928729725700,14.00
2025-12-04 01:51:50.305630,599618928729725700,16.00
2025-12-04 01:51:50.305630,599618928729725700,19.00
2025-12-04 01:51:50.305630,599618928729725700,14.00
2025-12-04 01:51:50.305630,599618928729725700,11.00
2025-12-04 01:51:50.305630,599618928729725700,11.00
2025-12-04 01:51:50.305630,599618928729725700,14.00
2025-12-04 01:51:50.305630,599618928729725700,14.00
2025-12-04 01:51:50.305630,599618928729725700,11.00
2025-12-04 01:51:50.305630,599618928729725700,9.00
2025-12-04 01:51:50.305630,599618928729725700,11.00
2025-12-04 01:51:50.305630,599618928729725700,9.00
2025-12-04 01:51:50.305630,599618928729725700,7.00
2025-12-04 01:51:50.305630,599618928729725700,7.00
2025-12-04 01:51:50.305630,599618928729725700,7.00
2025-12-04 01:51:50.305630,599618928729725700,2.00
2025-12-04 01:51:50.305630,599618928729725700,2.00
2025-12-04 01:51:50.305630,599618928729725700,4.00
2025-12-04 01:51:50.305630,599618928729725700,4.00
2025-12-04 01:51:50.305630,599618928729725700,2.00
2025-12-04 01:51:50.305630,599618928729725700,2.00
2025-12-04 01:51:50.305630,599618928729725700,2.00
2025-12-04 01:51:50.305630,599618928729725700,0.00
2025-12-04 01:51:50.305630,599618928729725700,2.00
2025-12-04 01:51:50.305630,599618928729725700,0.00
2025-12-04 01:51:50.305630,599618928729725700,-2.00
2025-12-04 01:51:50.305630,599618928729725700,0.00
2025-12-04 01:51:50.305630,599618928729725700,0.00
2025-12-04 01:51:50.305630,599618928729725700,-7.00
2025-12-04 01:51:50.305630,599618928729725700,-19.00
2025-12-04 01:51:50.305630,599618928729725700,-23.00
2025-12-04 01:51:50.305630,599618928729725700,-23.00
2025-12-04 01:51:50.305630,599618928729725700,-26.00
2025-12-04 01:51:50.305630,599618928729725700,-19.00
2025-12-04 01:51:50.305630,599618928729725700,-7.00
2025-12-04 01:51:50.305630,599618928729725700,0.00
2025-12-04 01:51:50.305630,599618928729725700,0.00
2025-12-04 01:51:50.305630,599618928729725700,0.00
2025-12-04 01:51:50.305630,599618928729725700,0.00
2025-12-04 01:51:50.305630,599618928729725700,-4.00
2025-12-04 01:51:50.305630,599618928729725700,-7.00
2025-12-04 01:51:50.305630,599618928729725700,-2.00
2025-12-04 01:51:50.305630,599618928729725700,-4.00
2025-12-04 01:51:50.305630,599618928729725700,-4.00
2025-12-04 01:51:50.305630,599618928729725700,11.00
2025-12-04 01:51:50.305630,599618928729725700,38.00
2025-12-04 01:51:50.305630,599618928729725700,14.00
2025-12-04 01:51:50.305630,599618928729725700,-131.00
2025-12-04 01:51:50.305630,599618928729725700,-391.00
2025-12-04 01:51:50.305630,599618928729725700,-703.00
2025-12-04 01:51:50.305630,599618928729725700,-841.00
2025-12-04 01:51:50.305630,599618928729725700,-536.00
2025-12-04 01:51:50.305630,599618928729725700,-69.00
2025-12-04 01:51:50.305630,599618928729725700,61.00
2025-12-04 01:51:50.305630,599618928729725700,7.00
2025-12-04 01:51:50.305630,599618928729725700,61.00
2025-12-04 01:51:50.305630,599618928729725700,107.00
2025-12-04 01:51:50.305630,599618928729725700,73.00
2025-12-04 01:51:50.305630,599618928729725700,69.00
2025-12-04 01:51:50.305630,599618928729725700,81.00
2025-12-04 01:51:50.305630,599618928729725700,64.00
2025-12-04 01:51:50.305630,599618928729725700,52.00
2025-12-04 01:51:50.305630,599618928729725700,52.00
2025-12-04 01:51:50.305630,599618928729725700,42.00
2025-12-04 01:51:50.305630,599618928729725700,30.00
2025-12-04 01:51:50.305630,599618928729725700,26.00
2025-12-04 01:51:50.305630,599618928729725700,19.00
2025-12-04 01:51:50.305630,599618928729725700,9.00
2025-12-04 01:51:50.305630,599618928729725700,4.00
2025-12-04 01:51:50.918561,599618929290483779,-2.00
2025-12-04 01:51:50.918561,599618929290483779,-11.00
2025-12-04 01:51:50.918561,599618929290483779,-19.00
2025-12-04 01:51:50.918561,599618929290483779,-26.00
2025-12-04 01:51:50.918561,599618929290483779,-30.00
2025-12-04 01:51:50.918561,599618929290483779,-35.00
2025-12-04 01:51:50.918561,599618929290483779,-45.00
2025-12-04 01:51:50.918561,599618929290483779,-47.00
2025-12-04 01:51:50.918561,599618929290483779,-50.00
2025-12-04 01:51:50.918561,599618929290483779,-54.00
2025-12-04 01:51:50.918561,599618929290483779,-54.00
2025-12-04 01:51:50.918561,599618929290483779,-54.00
2025-12-04 01:51:50.918561,599618929290483779,-54.00
2025-12-04 01:51:50.918561,599618929290483779,-47.00
2025-12-04 01:51:50.918561,599618929290483779,-38.00
2025-12-04 01:51:50.918561,599618929290483779,-26.00
2025-12-04 01:51:50.918561,599618929290483779,-11.00
2025-12-04 01:51:50.918561,599618929290483779,2.00
2025-12-04 01:51:50.918561,599618929290483779,14.00
2025-12-04 01:51:50.918561,599618929290483779,21.00
2025-12-04 01:51:50.918561,599618929290483779,21.00
2025-12-04 01:51:50.918561,599618929290483779,23.00
2025-12-04 01:51:50.918561,599618929290483779,23.00
2025-12-04 01:51:50.918561,599618929290483779,19.00
2025-12-04 01:51:50.918561,599618929290483779,14.00
2025-12-04 01:51:50.918561,599618929290483779,14.00
2025-12-04 01:51:50.918561,599618929290483779,16.00
2025-12-04 01:51:50.918561,599618929290483779,14.00
2025-12-04 01:51:50.918561,599618929290483779,14.00
2025-12-04 01:51:50.918561,599618929290483779,11.00
2025-12-04 01:51:50.918561,599618929290483779,11.00
2025-12-04 01:51:50.918561,599618929290483779,11.00
2025-12-04 01:51:50.918561,599618929290483779,11.00
2025-12-04 01:51:50.918561,599618929290483779,11.00
2025-12-04 01:51:50.918561,599618929290483779,9.00
2025-12-04 01:51:50.918561,599618929290483779,9.00
2025-12-04 01:51:50.918561,599618929290483779,11.00
2025-12-04 01:51:50.918561,599618929290483779,9.00
2025-12-04 01:51:50.918561,599618929290483779,9.00
2025-12-04 01:51:50.918561,599618929290483779,11.00
2025-12-04 01:51:50.918561,599618929290483779,9.00
2025-12-04 01:51:50.918561,599618929290483779,7.00
2025-12-04 01:51:50.918561,599618929290483779,7.00
2025-12-04 01:51:50.918561,599618929290483779,4.00
2025-12-04 01:51:50.918561,599618929290483779,0.00
2025-12-04 01:51:50.918561,599618929290483779,0.00
2025-12-04 01:51:50.918561,599618929290483779,0.00
2025-12-04 01:51:50.918561,599618929290483779,-2.00
2025-12-04 01:51:50.918561,599618929290483779,-4.00
2025-12-04 01:51:50.918561,599618929290483779,-4.00
2025-12-04 01:51:50.918561,599618929290483779,-2.00
2025-12-04 01:51:50.918561,599618929290483779,-2.00
2025-12-04 01:51:50.918561,599618929290483779,-2.00
2025-12-04 01:51:50.918561,599618929290483779,-4.00
2025-12-04 01:51:50.918561,599618929290483779,-7.00
2025-12-04 01:51:50.918561,599618929290483779,-11.00
2025-12-04 01:51:50.918561,599618929290483779,-9.00
2025-12-04 01:51:50.918561,599618929290483779,-9.00
2025-12-04 01:51:50.918561,599618929290483779,-14.00
2025-12-04 01:51:50.918561,599618929290483779,-11.00
2025-12-04 01:51:50.918561,599618929290483779,-11.00
2025-12-04 01:51:50.918561,599618929290483779,-14.00
2025-12-04 01:51:50.918561,599618929290483779,-11.00
2025-12-04 01:51:50.918561,599618929290483779,-11.00
2025-12-04 01:51:50.918561,599618929290483779,-14.00
2025-12-04 01:51:50.918561,599618929290483779,-16.00
2025-12-04 01:51:50.918561,599618929290483779,-11.00
2025-12-04 01:51:50.918561,599618929290483779,-9.00
2025-12-04 01:51:50.918561,599618929290483779,-11.00
2025-12-04 01:51:50.918561,599618929290483779,-14.00
2025-12-04 01:51:50.918561,599618929290483779,-14.00
2025-12-04 01:51:50.918561,599618929290483779,-11.00
2025-12-04 01:51:50.918561,599618929290483779,-11.00
2025-12-04 01:51:51.484078,599618929851211338,-16.00
2025-12-04 01:51:51.484078,599618929851211338,-19.00
2025-12-04 01:51:51.484078,599618929851211338,-16.00
2025-12-04 01:51:51.484078,599618929851211338,-19.00
2025-12-04 01:51:51.484078,599618929851211338,-16.00
2025-12-04 01:51:51.484078,599618929851211338,-11.00
2025-12-04 01:51:51.484078,599618929851211338,-16.00
2025-12-04 01:51:51.484078,599618929851211338,-28.00
2025-12-04 01:51:51.484078,599618929851211338,-30.00
2025-12-04 01:51:51.484078,599618929851211338,-23.00
2025-12-04 01:51:51.484078,599618929851211338,-21.00
2025-12-04 01:51:51.484078,599618929851211338,-19.00
2025-12-04 01:51:51.484078,599618929851211338,-7.00
2025-12-04 01:51:51.484078,599618929851211338,2.00
2025-12-04 01:51:51.484078,599618929851211338,4.00
2025-12-04 01:51:51.484078,599618929851211338,2.00
2025-12-04 01:51:51.484078,599618929851211338,4.00
2025-12-04 01:51:51.484078,599618929851211338,7.00
2025-12-04 01:51:51.484078,599618929851211338,4.00
2025-12-04 01:51:51.484078,599618929851211338,0.00
2025-12-04 01:51:51.484078,599618929851211338,0.00
2025-12-04 01:51:51.484078,599618929851211338,2.00
2025-12-04 01:51:51.484078,599618929851211338,7.00
2025-12-04 01:51:51.484078,599618929851211338,26.00
2025-12-04 01:51:51.484078,599618929851211338,42.00
2025-12-04 01:51:51.484078,599618929851211338,-30.00
2025-12-04 01:51:51.484078,599618929851211338,-231.00
2025-12-04 01:51:51.484078,599618929851211338,-524.00
2025-12-04 01:51:51.484078,599618929851211338,-791.00
2025-12-04 01:51:51.484078,599618929851211338,-736.00
2025-12-04 01:51:51.484078,599618929851211338,-300.00
2025-12-04 01:51:51.484078,599618929851211338,45.00
2025-12-04 01:51:51.484078,599618929851211338,45.00
2025-12-04 01:51:51.484078,599618929851211338,26.00
2025-12-04 01:51:51.484078,599618929851211338,95.00
2025-12-04 01:51:51.484078,599618929851211338,95.00
2025-12-04 01:51:51.484078,599618929851211338,71.00
2025-12-04 01:51:51.484078,599618929851211338,81.00
2025-12-04 01:51:51.484078,599618929851211338,76.00
2025-12-04 01:51:51.484078,599618929851211338,59.00
2025-12-04 01:51:51.484078,599618929851211338,57.00
2025-12-04 01:51:51.484078,599618929851211338,57.00
2025-12-04 01:51:51.484078,599618929851211338,42.00
2025-12-04 01:51:51.484078,599618929851211338,35.00
2025-12-04 01:51:51.484078,599618929851211338,33.00
2025-12-04 01:51:51.484078,599618929851211338,26.00
2025-12-04 01:51:51.484078,599618929851211338,14.00
2025-12-04 01:51:51.484078,599618929851211338,7.00
2025-12-04 01:51:51.484078,599618929851211338,2.00
2025-12-04 01:51:51.484078,599618929851211338,-4.00
2025-12-04 01:51:51.484078,599618929851211338,-11.00
2025-12-04 01:51:51.484078,599618929851211338,-19.00
2025-12-04 01:51:51.484078,599618929851211338,-26.00
2025-12-04 01:51:51.484078,599618929851211338,-33.00
2025-12-04 01:51:51.484078,599618929851211338,-35.00
2025-12-04 01:51:51.484078,599618929851211338,-38.00
2025-12-04 01:51:51.484078,599618929851211338,-42.00
2025-12-04 01:51:51.484078,599618929851211338,-42.00
2025-12-04 01:51:51.484078,599618929851211338,-42.00
2025-12-04 01:51:51.484078,599618929851211338,-45.00
2025-12-04 01:51:51.484078,599618929851211338,-45.00
2025-12-04 01:51:51.484078,599618929851211338,-38.00
2025-12-04 01:51:51.484078,599618929851211338,-28.00
2025-12-04 01:51:51.484078,599618929851211338,-19.00
2025-12-04 01:51:51.484078,599618929851211338,-4.00
2025-12-04 01:51:51.484078,599618929851211338,9.00
2025-12-04 01:51:51.484078,599618929851211338,16.00
2025-12-04 01:51:51.484078,599618929851211338,19.00
2025-12-04 01:51:51.484078,599618929851211338,23.00
2025-12-04 01:51:51.484078,599618929851211338,23.00
2025-12-04 01:51:51.484078,599618929851211338,21.00
2025-12-04 01:51:51.484078,599618929851211338,26.00
2025-12-04 01:51:51.484078,599618929851211338,28.00
2025-12-04 01:51:52.044050,599618930411938897,26.00
2025-12-04 01:51:52.044050,599618930411938897,23.00
2025-12-04 01:51:52.044050,599618930411938897,21.00
2025-12-04 01:51:52.044050,599618930411938897,21.00
2025-12-04 01:51:52.044050,599618930411938897,21.00
2025-12-04 01:51:52.044050,599618930411938897,16.00
2025-12-04 01:51:52.044050,599618930411938897,11.00
2025-12-04 01:51:52.044050,599618930411938897,16.00
2025-12-04 01:51:52.044050,599618930411938897,19.00
2025-12-04 01:51:52.044050,599618930411938897,19.00
2025-12-04 01:51:52.044050,599618930411938897,21.00
2025-12-04 01:51:52.044050,599618930411938897,21.00
2025-12-04 01:51:52.044050,599618930411938897,21.00
2025-12-04 01:51:52.044050,599618930411938897,21.00
2025-12-04 01:51:52.044050,599618930411938897,21.00
2025-12-04 01:51:52.044050,599618930411938897,21.00
2025-12-04 01:51:52.044050,599618930411938897,19.00
2025-12-04 01:51:52.044050,599618930411938897,16.00
2025-12-04 01:51:52.044050,599618930411938897,16.00
2025-12-04 01:51:52.044050,599618930411938897,19.00
2025-12-04 01:51:52.044050,599618930411938897,16.00
2025-12-04 01:51:52.044050,599618930411938897,11.00
2025-12-04 01:51:52.044050,599618930411938897,9.00
2025-12-04 01:51:52.044050,599618930411938897,9.00
2025-12-04 01:51:52.044050,599618930411938897,7.00
2025-12-04 01:51:52.044050,599618930411938897,7.00
2025-12-04 01:51:52.044050,599618930411938897,9.00
2025-12-04 01:51:52.044050,599618930411938897,9.00
2025-12-04 01:51:52.044050,599618930411938897,7.00
2025-12-04 01:51:52.044050,599618930411938897,4.00
2025-12-04 01:51:52.044050,599618930411938897,7.00
2025-12-04 01:51:52.044050,599618930411938897,9.00
2025-12-04 01:51:52.044050,599618930411938897,7.00
2025-12-04 01:51:52.044050,599618930411938897,9.00
2025-12-04 01:51:52.044050,599618930411938897,9.00
2025-12-04 01:51:52.044050,599618930411938897,7.00
2025-12-04 01:51:52.044050,599618930411938897,2.00
2025-12-04 01:51:52.044050,599618930411938897,4.00
2025-12-04 01:51:52.044050,599618930411938897,4.00
2025-12-04 01:51:52.044050,599618930411938897,4.00
2025-12-04 01:51:52.044050,599618930411938897,4.00
2025-12-04 01:51:52.044050,599618930411938897,4.00
2025-12-04 01:51:52.044050,599618930411938897,2.00
2025-12-04 01:51:52.044050,599618930411938897,4.00
2025-12-04 01:51:52.044050,599618930411938897,4.00
2025-12-04 01:51:52.044050,599618930411938897,0.00
2025-12-04 01:51:52.044050,599618930411938897,-2.00
2025-12-04 01:51:52.044050,599618930411938897,-2.00
2025-12-04 01:51:52.044050,599618930411938897,2.00
2025-12-04 01:51:52.044050,599618930411938897,2.00
2025-12-04 01:51:52.044050,599618930411938897,0.00
2025-12-04 01:51:52.044050,599618930411938897,-9.00
2025-12-04 01:51:52.044050,599618930411938897,-19.00
2025-12-04 01:51:52.044050,599618930411938897,-23.00
2025-12-04 01:51:52.044050,599618930411938897,-19.00
2025-12-04 01:51:52.044050,599618930411938897,-14.00
2025-12-04 01:51:52.044050,599618930411938897,-11.00
2025-12-04 01:51:52.044050,599618930411938897,-2.00
2025-12-04 01:51:52.044050,599618930411938897,2.00
2025-12-04 01:51:52.044050,599618930411938897,2.00
2025-12-04 01:51:52.044050,599618930411938897,2.00
2025-12-04 01:51:52.044050,599618930411938897,2.00
2025-12-04 01:51:52.044050,599618930411938897,2.00
2025-12-04 01:51:52.044050,599618930411938897,2.00
2025-12-04 01:51:52.044050,599618930411938897,2.00
2025-12-04 01:51:52.044050,599618930411938897,7.00
2025-12-04 01:51:52.044050,599618930411938897,9.00
2025-12-04 01:51:52.044050,599618930411938897,16.00
2025-12-04 01:51:52.044050,599618930411938897,40.00
2025-12-04 01:51:52.044050,599618930411938897,33.00
2025-12-04 01:51:52.044050,599618930411938897,-92.00
2025-12-04 01:51:52.044050,599618930411938897,-345.00
2025-12-04 01:51:52.044050,599618930411938897,-650.00
2025-12-04 01:51:52.659322,599618930972696974,-813.00
2025-12-04 01:51:52.659322,599618930972696974,-562.00
2025-12-04 01:51:52.659322,599618930972696974,-97.00
2025-12-04 01:51:52.659322,599618930972696974,73.00
2025-12-04 01:51:52.659322,599618930972696974,16.00
2025-12-04 01:51:52.659322,599618930972696974,54.00
2025-12-04 01:51:52.659322,599618930972696974,107.00
2025-12-04 01:51:52.659322,599618930972696974,81.00
2025-12-04 01:51:52.659322,599618930972696974,71.00
2025-12-04 01:51:52.659322,599618930972696974,83.00
2025-12-04 01:51:52.659322,599618930972696974,71.00
2025-12-04 01:51:52.659322,599618930972696974,61.00
2025-12-04 01:51:52.659322,599618930972696974,59.00
2025-12-04 01:51:52.659322,599618930972696974,50.00
2025-12-04 01:51:52.659322,599618930972696974,35.00
2025-12-04 01:51:52.659322,599618930972696974,30.00
2025-12-04 01:51:52.659322,599618930972696974,26.00
2025-12-04 01:51:52.659322,599618930972696974,16.00
2025-12-04 01:51:52.659322,599618930972696974,9.00
2025-12-04 01:51:52.659322,599618930972696974,7.00
2025-12-04 01:51:52.659322,599618930972696974,-2.00
2025-12-04 01:51:52.659322,599618930972696974,-14.00
2025-12-04 01:51:52.659322,599618930972696974,-23.00
2025-12-04 01:51:52.659322,599618930972696974,-23.00
2025-12-04 01:51:52.659322,599618930972696974,-26.00
2025-12-04 01:51:52.659322,599618930972696974,-38.00
2025-12-04 01:51:52.659322,599618930972696974,-45.00
2025-12-04 01:51:52.659322,599618930972696974,-47.00
2025-12-04 01:51:52.659322,599618930972696974,-50.00
2025-12-04 01:51:52.659322,599618930972696974,-52.00
2025-12-04 01:51:52.659322,599618930972696974,-50.00
2025-12-04 01:51:52.659322,599618930972696974,-45.00
2025-12-04 01:51:52.659322,599618930972696974,-42.00
2025-12-04 01:51:52.659322,599618930972696974,-40.00
2025-12-04 01:51:52.659322,599618930972696974,-23.00
2025-12-04 01:51:52.659322,599618930972696974,2.00
2025-12-04 01:51:52.659322,599618930972696974,14.00
2025-12-04 01:51:52.659322,599618930972696974,16.00
2025-12-04 01:51:52.659322,599618930972696974,30.00
2025-12-04 01:51:52.659322,599618930972696974,40.00
2025-12-04 01:51:52.659322,599618930972696974,35.00
2025-12-04 01:51:52.659322,599618930972696974,33.00
2025-12-04 01:51:52.659322,599618930972696974,33.00
2025-12-04 01:51:52.659322,599618930972696974,30.00
2025-12-04 01:51:52.659322,599618930972696974,28.00
2025-12-04 01:51:52.659322,599618930972696974,28.00
2025-12-04 01:51:52.659322,599618930972696974,28.00
2025-12-04 01:51:52.659322,599618930972696974,23.00
2025-12-04 01:51:52.659322,599618930972696974,21.00
2025-12-04 01:51:52.659322,599618930972696974,21.00
2025-12-04 01:51:52.659322,599618930972696974,16.00
2025-12-04 01:51:52.659322,599618930972696974,16.00
2025-12-04 01:51:52.659322,599618930972696974,21.00
2025-12-04 01:51:52.659322,599618930972696974,23.00
2025-12-04 01:51:52.659322,599618930972696974,21.00
2025-12-04 01:51:52.659322,599618930972696974,26.00
2025-12-04 01:51:52.659322,599618930972696974,28.00
2025-12-04 01:51:52.659322,599618930972696974,19.00
2025-12-04 01:51:52.659322,599618930972696974,19.00
2025-12-04 01:51:52.659322,599618930972696974,23.00
2025-12-04 01:51:52.659322,599618930972696974,26.00
2025-12-04 01:51:52.659322,599618930972696974,19.00
2025-12-04 01:51:52.659322,599618930972696974,14.00
2025-12-04 01:51:52.659322,599618930972696974,16.00
2025-12-04 01:51:52.659322,599618930972696974,14.00
2025-12-04 01:51:52.659322,599618930972696974,11.00
2025-12-04 01:51:52.659322,599618930972696974,16.00
2025-12-04 01:51:52.659322,599618930972696974,16.00
2025-12-04 01:51:52.659322,599618930972696974,9.00
2025-12-04 01:51:52.659322,599618930972696974,9.00
2025-12-04 01:51:52.659322,599618930972696974,11.00
2025-12-04 01:51:52.659322,599618930972696974,11.00
2025-12-04 01:51:52.659322,599618930972696974,7.00
2025-12-04 01:51:53.116856,599618931533424533,7.00
2025-12-04 01:51:53.116856,599618931533424533,4.00
2025-12-04 01:51:53.116856,599618931533424533,4.00
2025-12-04 01:51:53.116856,599618931533424533,4.00
2025-12-04 01:51:53.116856,599618931533424533,4.00
2025-12-04 01:51:53.116856,599618931533424533,4.00
2025-12-04 01:51:53.116856,599618931533424533,2.00
2025-12-04 01:51:53.116856,599618931533424533,2.00
2025-12-04 01:51:53.116856,599618931533424533,2.00
2025-12-04 01:51:53.116856,599618931533424533,-2.00
2025-12-04 01:51:53.116856,599618931533424533,0.00
2025-12-04 01:51:53.116856,599618931533424533,2.00
2025-12-04 01:51:53.116856,599618931533424533,0.00
2025-12-04 01:51:53.116856,599618931533424533,2.00
2025-12-04 01:51:53.116856,599618931533424533,2.00
2025-12-04 01:51:53.116856,599618931533424533,-4.00
2025-12-04 01:51:53.116856,599618931533424533,-4.00
2025-12-04 01:51:53.116856,599618931533424533,2.00
2025-12-04 01:51:53.116856,599618931533424533,9.00
2025-12-04 01:51:53.116856,599618931533424533,0.00
2025-12-04 01:51:53.116856,599618931533424533,-14.00
2025-12-04 01:51:53.116856,599618931533424533,-21.00
2025-12-04 01:51:53.116856,599618931533424533,-19.00
2025-12-04 01:51:53.116856,599618931533424533,-19.00
2025-12-04 01:51:53.116856,599618931533424533,-16.00
2025-12-04 01:51:53.116856,599618931533424533,-9.00
2025-12-04 01:51:53.116856,599618931533424533,0.00
2025-12-04 01:51:53.116856,599618931533424533,4.00
2025-12-04 01:51:53.116856,599618931533424533,4.00
2025-12-04 01:51:53.116856,599618931533424533,4.00
2025-12-04 01:51:53.116856,599618931533424533,4.00
2025-12-04 01:51:53.116856,599618931533424533,4.00
2025-12-04 01:51:53.116856,599618931533424533,2.00
2025-12-04 01:51:53.116856,599618931533424533,0.00
2025-12-04 01:51:53.116856,599618931533424533,0.00
2025-12-04 01:51:53.116856,599618931533424533,7.00
2025-12-04 01:51:53.116856,599618931533424533,28.00
2025-12-04 01:51:53.116856,599618931533424533,45.00
2025-12-04 01:51:53.116856,599618931533424533,-14.00
2025-12-04 01:51:53.116856,599618931533424533,-205.00
2025-12-04 01:51:53.116856,599618931533424533,-505.00
2025-12-04 01:51:53.116856,599618931533424533,-798.00
2025-12-04 01:51:53.116856,599618931533424533,-786.00
2025-12-04 01:51:53.116856,599618931533424533,-338.00
2025-12-04 01:51:53.116856,599618931533424533,52.00
2025-12-04 01:51:53.116856,599618931533424533,50.00
2025-12-04 01:51:53.116856,599618931533424533,11.00
2025-12-04 01:51:53.116856,599618931533424533,95.00
2025-12-04 01:51:53.116856,599618931533424533,104.00
2025-12-04 01:51:53.116856,599618931533424533,71.00
2025-12-04 01:51:53.116856,599618931533424533,85.00
2025-12-04 01:51:53.116856,599618931533424533,88.00
2025-12-04 01:51:53.116856,599618931533424533,64.00
2025-12-04 01:51:53.116856,599618931533424533,57.00
2025-12-04 01:51:53.116856,599618931533424533,54.00
2025-12-04 01:51:53.116856,599618931533424533,42.00
2025-12-04 01:51:53.116856,599618931533424533,35.00
2025-12-04 01:51:53.116856,599618931533424533,30.00
2025-12-04 01:51:53.116856,599618931533424533,21.00
2025-12-04 01:51:53.116856,599618931533424533,16.00
2025-12-04 01:51:53.116856,599618931533424533,9.00
2025-12-04 01:51:53.116856,599618931533424533,0.00
2025-12-04 01:51:53.116856,599618931533424533,-9.00
2025-12-04 01:51:53.116856,599618931533424533,-16.00
2025-12-04 01:51:53.116856,599618931533424533,-21.00
2025-12-04 01:51:53.116856,599618931533424533,-28.00
2025-12-04 01:51:53.116856,599618931533424533,-38.00
2025-12-04 01:51:53.116856,599618931533424533,-45.00
2025-12-04 01:51:53.116856,599618931533424533,-50.00
2025-12-04 01:51:53.116856,599618931533424533,-54.00
2025-12-04 01:51:53.116856,599618931533424533,-54.00
2025-12-04 01:51:53.116856,599618931533424533,-50.00
2025-12-04 01:51:53.116856,599618931533424533,-50.00
2025-12-04 01:51:53.687267,599618932094182610,-47.00
2025-12-04 01:51:53.687267,599618932094182610,-40.00
2025-12-04 01:51:53.687267,599618932094182610,-28.00
2025-12-04 01:51:53.687267,599618932094182610,-9.00
2025-12-04 01:51:53.687267,599618932094182610,4.00
2025-12-04 01:51:53.687267,599618932094182610,19.00
2025-12-04 01:51:53.687267,599618932094182610,35.00
2025-12-04 01:51:53.687267,599618932094182610,45.00
2025-12-04 01:51:53.687267,599618932094182610,47.00
2025-12-04 01:51:53.687267,599618932094182610,47.00
2025-12-04 01:51:53.687267,599618932094182610,45.00
2025-12-04 01:51:53.687267,599618932094182610,42.00
2025-12-04 01:51:53.687267,599618932094182610,38.00
2025-12-04 01:51:53.687267,599618932094182610,35.00
2025-12-04 01:51:53.687267,599618932094182610,35.00
2025-12-04 01:51:53.687267,599618932094182610,35.00
2025-12-04 01:51:53.687267,599618932094182610,33.00
2025-12-04 01:51:53.687267,599618932094182610,28.00
2025-12-04 01:51:53.687267,599618932094182610,28.00
2025-12-04 01:51:53.687267,599618932094182610,30.00
2025-12-04 01:51:53.687267,599618932094182610,28.00
2025-12-04 01:51:53.687267,599618932094182610,26.00
2025-12-04 01:51:53.687267,599618932094182610,26.00
2025-12-04 01:51:53.687267,599618932094182610,28.00
2025-12-04 01:51:53.687267,599618932094182610,26.00
2025-12-04 01:51:53.687267,599618932094182610,23.00
2025-12-04 01:51:53.687267,599618932094182610,23.00
2025-12-04 01:51:53.687267,599618932094182610,21.00
2025-12-04 01:51:53.687267,599618932094182610,21.00
2025-12-04 01:51:53.687267,599618932094182610,21.00
2025-12-04 01:51:53.687267,599618932094182610,23.00
2025-12-04 01:51:53.687267,599618932094182610,21.00
2025-12-04 01:51:53.687267,599618932094182610,19.00
2025-12-04 01:51:53.687267,599618932094182610,16.00
2025-12-04 01:51:53.687267,599618932094182610,16.00
2025-12-04 01:51:53.687267,599618932094182610,19.00
2025-12-04 01:51:53.687267,599618932094182610,16.00
2025-12-04 01:51:53.687267,599618932094182610,11.00
2025-12-04 01:51:53.687267,599618932094182610,11.00
2025-12-04 01:51:53.687267,599618932094182610,14.00
2025-12-04 01:51:53.687267,599618932094182610,11.00
2025-12-04 01:51:53.687267,599618932094182610,11.00
2025-12-04 01:51:53.687267,599618932094182610,11.00
2025-12-04 01:51:53.687267,599618932094182610,11.00
2025-12-04 01:51:53.687267,599618932094182610,11.00
2025-12-04 01:51:53.687267,599618932094182610,9.00
2025-12-04 01:51:53.687267,599618932094182610,11.00
2025-12-04 01:51:53.687267,599618932094182610,11.00
2025-12-04 01:51:53.687267,599618932094182610,7.00
2025-12-04 01:51:53.687267,599618932094182610,4.00
2025-12-04 01:51:53.687267,599618932094182610,7.00
2025-12-04 01:51:53.687267,599618932094182610,7.00
2025-12-04 01:51:53.687267,599618932094182610,4.00
2025-12-04 01:51:53.687267,599618932094182610,2.00
2025-12-04 01:51:53.687267,599618932094182610,0.00
2025-12-04 01:51:53.687267,599618932094182610,-2.00
2025-12-04 01:51:53.687267,599618932094182610,-11.00
2025-12-04 01:51:53.687267,599618932094182610,-19.00
2025-12-04 01:51:53.687267,599618932094182610,-19.00
2025-12-04 01:51:53.687267,599618932094182610,-14.00
2025-12-04 01:51:53.687267,599618932094182610,-11.00
2025-12-04 01:51:53.687267,599618932094182610,-9.00
2025-12-04 01:51:53.687267,599618932094182610,-2.00
2025-12-04 01:51:53.687267,599618932094182610,2.00
2025-12-04 01:51:53.687267,599618932094182610,4.00
2025-12-04 01:51:53.687267,599618932094182610,4.00
2025-12-04 01:51:53.687267,599618932094182610,4.00
2025-12-04 01:51:53.687267,599618932094182610,2.00
2025-12-04 01:51:53.687267,599618932094182610,2.00
2025-12-04 01:51:53.687267,599618932094182610,2.00
2025-12-04 01:51:53.687267,599618932094182610,4.00
2025-12-04 01:51:53.687267,599618932094182610,11.00
2025-12-04 01:51:53.687267,599618932094182610,33.00
2025-12-04 01:51:54.246539,599618932654910171,45.00
2025-12-04 01:51:54.246539,599618932654910171,-50.00
2025-12-04 01:51:54.246539,599618932654910171,-271.00
2025-12-04 01:51:54.246539,599618932654910171,-581.00
2025-12-04 01:51:54.246539,599618932654910171,-827.00
2025-12-04 01:51:54.246539,599618932654910171,-698.00
2025-12-04 01:51:54.246539,599618932654910171,-224.00
2025-12-04 01:51:54.246539,599618932654910171,69.00
2025-12-04 01:51:54.246539,599618932654910171,35.00
2025-12-04 01:51:54.246539,599618932654910171,35.00
2025-12-04 01:51:54.246539,599618932654910171,107.00
2025-12-04 01:51:54.246539,599618932654910171,97.00
2025-12-04 01:51:54.246539,599618932654910171,73.00
2025-12-04 01:51:54.246539,599618932654910171,83.00
2025-12-04 01:51:54.246539,599618932654910171,73.00
2025-12-04 01:51:54.246539,599618932654910171,54.00
2025-12-04 01:51:54.246539,599618932654910171,54.00
2025-12-04 01:51:54.246539,599618932654910171,47.00
2025-12-04 01:51:54.246539,599618932654910171,40.00
2025-12-04 01:51:54.246539,599618932654910171,38.00
2025-12-04 01:51:54.246539,599618932654910171,28.00
2025-12-04 01:51:54.246539,599618932654910171,14.00
2025-12-04 01:51:54.246539,599618932654910171,14.00
2025-12-04 01:51:54.246539,599618932654910171,9.00
2025-12-04 01:51:54.246539,599618932654910171,-4.00
2025-12-04 01:51:54.246539,599618932654910171,-14.00
2025-12-04 01:51:54.246539,599618932654910171,-21.00
2025-12-04 01:51:54.246539,599618932654910171,-28.00
2025-12-04 01:51:54.246539,599618932654910171,-35.00
2025-12-04 01:51:54.246539,599618932654910171,-40.00
2025-12-04 01:51:54.246539,599618932654910171,-40.00
2025-12-04 01:51:54.246539,599618932654910171,-47.00
2025-12-04 01:51:54.246539,599618932654910171,-54.00
2025-12-04 01:51:54.246539,599618932654910171,-50.00
2025-12-04 01:51:54.246539,599618932654910171,-47.00
2025-12-04 01:51:54.246539,599618932654910171,-47.00
2025-12-04 01:51:54.246539,599618932654910171,-42.00
2025-12-04 01:51:54.246539,599618932654910171,-35.00
2025-12-04 01:51:54.246539,599618932654910171,-26.00
2025-12-04 01:51:54.246539,599618932654910171,-7.00
2025-12-04 01:51:54.246539,599618932654910171,11.00
2025-12-04 01:51:54.246539,599618932654910171,26.00
2025-12-04 01:51:54.246539,599618932654910171,35.00
2025-12-04 01:51:54.246539,599618932654910171,40.00
2025-12-04 01:51:54.246539,599618932654910171,35.00
2025-12-04 01:51:54.246539,599618932654910171,35.00
2025-12-04 01:51:54.246539,599618932654910171,35.00
2025-12-04 01:51:54.246539,599618932654910171,33.00
2025-12-04 01:51:54.246539,599618932654910171,30.00
2025-12-04 01:51:54.246539,599618932654910171,26.00
2025-12-04 01:51:54.246539,599618932654910171,28.00
2025-12-04 01:51:54.246539,599618932654910171,23.00
2025-12-04 01:51:54.246539,599618932654910171,19.00
2025-12-04 01:51:54.246539,599618932654910171,16.00
2025-12-04 01:51:54.246539,599618932654910171,19.00
2025-12-04 01:51:54.246539,599618932654910171,19.00
2025-12-04 01:51:54.246539,599618932654910171,16.00
2025-12-04 01:51:54.246539,599618932654910171,19.00
2025-12-04 01:51:54.246539,599618932654910171,19.00
2025-12-04 01:51:54.246539,599618932654910171,16.00
2025-12-04 01:51:54.246539,599618932654910171,16.00
2025-12-04 01:51:54.246539,599618932654910171,16.00
2025-12-04 01:51:54.246539,599618932654910171,16.00
2025-12-04 01:51:54.246539,599618932654910171,16.00
2025-12-04 01:51:54.246539,599618932654910171,16.00
2025-12-04 01:51:54.246539,599618932654910171,16.00
2025-12-04 01:51:54.246539,599618932654910171,16.00
2025-12-04 01:51:54.246539,599618932654910171,14.00
2025-12-04 01:51:54.246539,599618932654910171,11.00
2025-12-04 01:51:54.246539,599618932654910171,14.00
2025-12-04 01:51:54.246539,599618932654910171,11.00
2025-12-04 01:51:54.246539,599618932654910171,11.00
2025-12-04 01:51:54.246539,599618932654910171,9.00
2025-12-04 01:51:54.853909,599618933215668248,4.00
2025-12-04 01:51:54.853909,599618933215668248,2.00
2025-12-04 01:51:54.853909,599618933215668248,4.00
2025-12-04 01:51:54.853909,599618933215668248,2.00
2025-12-04 01:51:54.853909,599618933215668248,2.00
2025-12-04 01:51:54.853909,599618933215668248,7.00
2025-12-04 01:51:54.853909,599618933215668248,4.00
2025-12-04 01:51:54.853909,599618933215668248,0.00
2025-12-04 01:51:54.853909,599618933215668248,0.00
2025-12-04 01:51:54.853909,599618933215668248,2.00
2025-12-04 01:51:54.853909,599618933215668248,0.00
2025-12-04 01:51:54.853909,599618933215668248,-2.00
2025-12-04 01:51:54.853909,599618933215668248,-4.00
2025-12-04 01:51:54.853909,599618933215668248,-4.00
2025-12-04 01:51:54.853909,599618933215668248,-4.00
2025-12-04 01:51:54.853909,599618933215668248,-11.00
2025-12-04 01:51:54.853909,599618933215668248,-19.00
2025-12-04 01:51:54.853909,599618933215668248,-26.00
2025-12-04 01:51:54.853909,599618933215668248,-21.00
2025-12-04 01:51:54.853909,599618933215668248,-14.00
2025-12-04 01:51:54.853909,599618933215668248,-14.00
2025-12-04 01:51:54.853909,599618933215668248,-7.00
2025-12-04 01:51:54.853909,599618933215668248,0.00
2025-12-04 01:51:54.853909,599618933215668248,2.00
2025-12-04 01:51:54.853909,599618933215668248,0.00
2025-12-04 01:51:54.853909,599618933215668248,2.00
2025-12-04 01:51:54.853909,599618933215668248,2.00
2025-12-04 01:51:54.853909,599618933215668248,2.00
2025-12-04 01:51:54.853909,599618933215668248,2.00
2025-12-04 01:51:54.853909,599618933215668248,7.00
2025-12-04 01:51:54.853909,599618933215668248,9.00
2025-12-04 01:51:54.853909,599618933215668248,19.00
2025-12-04 01:51:54.853909,599618933215668248,40.00
2025-12-04 01:51:54.853909,599618933215668248,19.00
2025-12-04 01:51:54.853909,599618933215668248,-121.00
2025-12-04 01:51:54.853909,599618933215668248,-374.00
2025-12-04 01:51:54.853909,599618933215668248,-679.00
2025-12-04 01:51:54.853909,599618933215668248,-822.00
2025-12-04 01:51:54.853909,599618933215668248,-538.00
2025-12-04 01:51:54.853909,599618933215668248,-76.00
2025-12-04 01:51:54.853909,599618933215668248,69.00
2025-12-04 01:51:54.853909,599618933215668248,14.00
2025-12-04 01:51:54.853909,599618933215668248,64.00
2025-12-04 01:51:54.853909,599618933215668248,107.00
2025-12-04 01:51:54.853909,599618933215668248,73.00
2025-12-04 01:51:54.853909,599618933215668248,71.00
2025-12-04 01:51:54.853909,599618933215668248,81.00
2025-12-04 01:51:54.853909,599618933215668248,61.00
2025-12-04 01:51:54.853909,599618933215668248,50.00
2025-12-04 01:51:54.853909,599618933215668248,50.00
2025-12-04 01:51:54.853909,599618933215668248,40.00
2025-12-04 01:51:54.853909,599618933215668248,33.00
2025-12-04 01:51:54.853909,599618933215668248,28.00
2025-12-04 01:51:54.853909,599618933215668248,21.00
2025-12-04 01:51:54.853909,599618933215668248,9.00
2025-12-04 01:51:54.853909,599618933215668248,2.00
2025-12-04 01:51:54.853909,599618933215668248,-2.00
2025-12-04 01:51:54.853909,599618933215668248,-9.00
2025-12-04 01:51:54.853909,599618933215668248,-16.00
2025-12-04 01:51:54.853909,599618933215668248,-21.00
2025-12-04 01:51:54.853909,599618933215668248,-33.00
2025-12-04 01:51:54.853909,599618933215668248,-42.00
2025-12-04 01:51:54.853909,599618933215668248,-47.00
2025-12-04 01:51:54.853909,599618933215668248,-50.00
2025-12-04 01:51:54.853909,599618933215668248,-54.00
2025-12-04 01:51:54.853909,599618933215668248,-54.00
2025-12-04 01:51:54.853909,599618933215668248,-54.00
2025-12-04 01:51:54.853909,599618933215668248,-54.00
2025-12-04 01:51:54.853909,599618933215668248,-52.00
2025-12-04 01:51:54.853909,599618933215668248,-45.00
2025-12-04 01:51:54.853909,599618933215668248,-30.00
2025-12-04 01:51:54.853909,599618933215668248,-16.00
2025-12-04 01:51:54.853909,599618933215668248,0.00
2025-12-04 01:51:55.361746,599618933776395807,16.00
2025-12-04 01:51:55.361746,599618933776395807,26.00
2025-12-04 01:51:55.361746,599618933776395807,30.00
2025-12-04 01:51:55.361746,599618933776395807,35.00
2025-12-04 01:51:55.361746,599618933776395807,38.00
2025-12-04 01:51:55.361746,599618933776395807,40.00
2025-12-04 01:51:55.361746,599618933776395807,38.00
2025-12-04 01:51:55.361746,599618933776395807,33.00
2025-12-04 01:51:55.361746,599618933776395807,33.00
2025-12-04 01:51:55.361746,599618933776395807,33.00
2025-12-04 01:51:55.361746,599618933776395807,30.00
2025-12-04 01:51:55.361746,599618933776395807,30.00
2025-12-04 01:51:55.361746,599618933776395807,28.00
2025-12-04 01:51:55.361746,599618933776395807,28.00
2025-12-04 01:51:55.361746,599618933776395807,33.00
2025-12-04 01:51:55.361746,599618933776395807,35.00
2025-12-04 01:51:55.361746,599618933776395807,33.00
2025-12-04 01:51:55.361746,599618933776395807,33.00
2025-12-04 01:51:55.361746,599618933776395807,30.00
2025-12-04 01:51:55.361746,599618933776395807,33.00
2025-12-04 01:51:55.361746,599618933776395807,33.00
2025-12-04 01:51:55.361746,599618933776395807,38.00
2025-12-04 01:51:55.361746,599618933776395807,38.00
2025-12-04 01:51:55.361746,599618933776395807,35.00
2025-12-04 01:51:55.361746,599618933776395807,33.00
2025-12-04 01:51:55.361746,599618933776395807,35.00
2025-12-04 01:51:55.361746,599618933776395807,35.00
2025-12-04 01:51:55.361746,599618933776395807,33.00
2025-12-04 01:51:55.361746,599618933776395807,28.00
2025-12-04 01:51:55.361746,599618933776395807,28.00
2025-12-04 01:51:55.361746,599618933776395807,28.00
2025-12-04 01:51:55.361746,599618933776395807,26.00
2025-12-04 01:51:55.361746,599618933776395807,23.00
2025-12-04 01:51:55.361746,599618933776395807,23.00
2025-12-04 01:51:55.361746,599618933776395807,23.00
2025-12-04 01:51:55.361746,599618933776395807,19.00
2025-12-04 01:51:55.361746,599618933776395807,19.00
2025-12-04 01:51:55.361746,599618933776395807,19.00
2025-12-04 01:51:55.361746,599618933776395807,16.00
2025-12-04 01:51:55.361746,599618933776395807,14.00
2025-12-04 01:51:55.361746,599618933776395807,14.00
2025-12-04 01:51:55.361746,599618933776395807,14.00
2025-12-04 01:51:55.361746,599618933776395807,14.00
2025-12-04 01:51:55.361746,599618933776395807,14.00
2025-12-04 01:51:55.361746,599618933776395807,9.00
2025-12-04 01:51:55.361746,599618933776395807,-4.00
2025-12-04 01:51:55.361746,599618933776395807,-14.00
2025-12-04 01:51:55.361746,599618933776395807,-9.00
2025-12-04 01:51:55.361746,599618933776395807,-2.00
2025-12-04 01:51:55.361746,599618933776395807,-2.00
2025-12-04 01:51:55.361746,599618933776395807,0.00
2025-12-04 01:51:55.361746,599618933776395807,7.00
2025-12-04 01:51:55.361746,599618933776395807,11.00
2025-12-04 01:51:55.361746,599618933776395807,11.00
2025-12-04 01:51:55.361746,599618933776395807,9.00
2025-12-04 01:51:55.361746,599618933776395807,7.00
2025-12-04 01:51:55.361746,599618933776395807,11.00
2025-12-04 01:51:55.361746,599618933776395807,9.00
2025-12-04 01:51:55.361746,599618933776395807,7.00
2025-12-04 01:51:55.361746,599618933776395807,4.00
2025-12-04 01:51:55.361746,599618933776395807,14.00
2025-12-04 01:51:55.361746,599618933776395807,42.00
2025-12-04 01:51:55.361746,599618933776395807,45.00
2025-12-04 01:51:55.361746,599618933776395807,-57.00
2025-12-04 01:51:55.361746,599618933776395807,-278.00
2025-12-04 01:51:55.361746,599618933776395807,-581.00
2025-12-04 01:51:55.361746,599618933776395807,-817.00
2025-12-04 01:51:55.361746,599618933776395807,-672.00
2025-12-04 01:51:55.361746,599618933776395807,-200.00
2025-12-04 01:51:55.361746,599618933776395807,66.00
2025-12-04 01:51:55.361746,599618933776395807,23.00
2025-12-04 01:51:55.361746,599618933776395807,30.00
2025-12-04 01:51:55.361746,599618933776395807,100.00
2025-12-04 01:51:55.969802,599618934337123366,83.00
2025-12-04 01:51:55.969802,599618934337123366,59.00
2025-12-04 01:51:55.969802,599618934337123366,71.00
2025-12-04 01:51:55.969802,599618934337123366,69.00
2025-12-04 01:51:55.969802,599618934337123366,54.00
2025-12-04 01:51:55.969802,599618934337123366,45.00
2025-12-04 01:51:55.969802,599618934337123366,38.00
2025-12-04 01:51:55.969802,599618934337123366,35.00
2025-12-04 01:51:55.969802,599618934337123366,28.00
2025-12-04 01:51:55.969802,599618934337123366,19.00
2025-12-04 01:51:55.969802,599618934337123366,9.00
2025-12-04 01:51:55.969802,599618934337123366,2.00
2025-12-04 01:51:55.969802,599618934337123366,-2.00
2025-12-04 01:51:55.969802,599618934337123366,-9.00
2025-12-04 01:51:55.969802,599618934337123366,-16.00
2025-12-04 01:51:55.969802,599618934337123366,-23.00
2025-12-04 01:51:55.969802,599618934337123366,-28.00
2025-12-04 01:51:55.969802,599618934337123366,-40.00
2025-12-04 01:51:55.969802,599618934337123366,-54.00
2025-12-04 01:51:55.969802,599618934337123366,-59.00
2025-12-04 01:51:55.969802,599618934337123366,-59.00
2025-12-04 01:51:55.969802,599618934337123366,-64.00
2025-12-04 01:51:55.969802,599618934337123366,-66.00
2025-12-04 01:51:55.969802,599618934337123366,-61.00
2025-12-04 01:51:55.969802,599618934337123366,-57.00
2025-12-04 01:51:55.969802,599618934337123366,-52.00
2025-12-04 01:51:55.969802,599618934337123366,-42.00
2025-12-04 01:51:55.969802,599618934337123366,-26.00
2025-12-04 01:51:55.969802,599618934337123366,-7.00
2025-12-04 01:51:55.969802,599618934337123366,11.00
2025-12-04 01:51:55.969802,599618934337123366,26.00
2025-12-04 01:51:55.969802,599618934337123366,33.00
2025-12-04 01:51:55.969802,599618934337123366,38.00
2025-12-04 01:51:55.969802,599618934337123366,40.00
2025-12-04 01:51:55.969802,599618934337123366,40.00
2025-12-04 01:51:55.969802,599618934337123366,40.00
2025-12-04 01:51:55.969802,599618934337123366,33.00
2025-12-04 01:51:55.969802,599618934337123366,26.00
2025-12-04 01:51:55.969802,599618934337123366,26.00
2025-12-04 01:51:55.969802,599618934337123366,26.00
2025-12-04 01:51:55.969802,599618934337123366,21.00
2025-12-04 01:51:55.969802,599618934337123366,21.00
2025-12-04 01:51:55.969802,599618934337123366,26.00
2025-12-04 01:51:55.969802,599618934337123366,23.00
2025-12-04 01:51:55.969802,599618934337123366,19.00
2025-12-04 01:51:55.969802,599618934337123366,19.00
2025-12-04 01:51:55.969802,599618934337123366,19.00
2025-12-04 01:51:55.969802,599618934337123366,19.00
2025-12-04 01:51:55.969802,599618934337123366,16.00
2025-12-04 01:51:55.969802,599618934337123366,21.00
2025-12-04 01:51:55.969802,599618934337123366,23.00
2025-12-04 01:51:55.969802,599618934337123366,21.00
2025-12-04 01:51:55.969802,599618934337123366,16.00
2025-12-04 01:51:55.969802,599618934337123366,16.00
2025-12-04 01:51:55.969802,599618934337123366,19.00
2025-12-04 01:51:55.969802,599618934337123366,16.00
2025-12-04 01:51:55.969802,599618934337123366,11.00
2025-12-04 01:51:55.969802,599618934337123366,16.00
2025-12-04 01:51:55.969802,599618934337123366,14.00
2025-12-04 01:51:55.969802,599618934337123366,14.00
2025-12-04 01:51:55.969802,599618934337123366,14.00
2025-12-04 01:51:55.969802,599618934337123366,9.00
2025-12-04 01:51:55.969802,599618934337123366,7.00
2025-12-04 01:51:55.969802,599618934337123366,7.00
2025-12-04 01:51:55.969802,599618934337123366,7.00
2025-12-04 01:51:55.969802,599618934337123366,9.00
2025-12-04 01:51:55.969802,599618934337123366,9.00
2025-12-04 01:51:55.969802,599618934337123366,4.00
2025-12-04 01:51:55.969802,599618934337123366,2.00
2025-12-04 01:51:55.969802,599618934337123366,2.00
2025-12-04 01:51:55.969802,599618934337123366,-9.00
2025-12-04 01:51:55.969802,599618934337123366,-19.00
2025-12-04 01:51:55.969802,599618934337123366,-19.00
2025-12-04 01:51:56.485415,599618934897876355,-11.00
2025-12-04 01:51:56.485415,599618934897876355,-9.00
2025-12-04 01:51:56.485415,599618934897876355,-7.00
2025-12-04 01:51:56.485415,599618934897876355,0.00
2025-12-04 01:51:56.485415,599618934897876355,7.00
2025-12-04 01:51:56.485415,599618934897876355,7.00
2025-12-04 01:51:56.485415,599618934897876355,4.00
2025-12-04 01:51:56.485415,599618934897876355,7.00
2025-12-04 01:51:56.485415,599618934897876355,9.00
2025-12-04 01:51:56.485415,599618934897876355,9.00
2025-12-04 01:51:56.485415,599618934897876355,4.00
2025-12-04 01:51:56.485415,599618934897876355,4.00
2025-12-04 01:51:56.485415,599618934897876355,11.00
2025-12-04 01:51:56.485415,599618934897876355,30.00
2025-12-04 01:51:56.485415,599618934897876355,52.00
2025-12-04 01:51:56.485415,599618934897876355,-4.00
2025-12-04 01:51:56.485415,599618934897876355,-197.00
2025-12-04 01:51:56.485415,599618934897876355,-505.00
2025-12-04 01:51:56.485415,599618934897876355,-813.00
2025-12-04 01:51:56.485415,599618934897876355,-815.00
2025-12-04 01:51:56.485415,599618934897876355,-369.00
2025-12-04 01:51:56.485415,599618934897876355,42.00
2025-12-04 01:51:56.485415,599618934897876355,57.00
2025-12-04 01:51:56.485415,599618934897876355,9.00
2025-12-04 01:51:56.485415,599618934897876355,90.00
2025-12-04 01:51:56.485415,599618934897876355,102.00
2025-12-04 01:51:56.485415,599618934897876355,64.00
2025-12-04 01:51:56.485415,599618934897876355,71.00
2025-12-04 01:51:56.485415,599618934897876355,76.00
2025-12-04 01:51:56.485415,599618934897876355,54.00
2025-12-04 01:51:56.485415,599618934897876355,45.00
2025-12-04 01:51:56.485415,599618934897876355,45.00
2025-12-04 01:51:56.485415,599618934897876355,38.00
2025-12-04 01:51:56.485415,599618934897876355,26.00
2025-12-04 01:51:56.485415,599618934897876355,16.00
2025-12-04 01:51:56.485415,599618934897876355,7.00
2025-12-04 01:51:56.485415,599618934897876355,4.00
2025-12-04 01:51:56.485415,599618934897876355,-2.00
2025-12-04 01:51:56.485415,599618934897876355,-14.00
2025-12-04 01:51:56.485415,599618934897876355,-23.00
2025-12-04 01:51:56.485415,599618934897876355,-30.00
2025-12-04 01:51:56.485415,599618934897876355,-42.00
2025-12-04 01:51:56.485415,599618934897876355,-50.00
2025-12-04 01:51:56.485415,599618934897876355,-59.00
2025-12-04 01:51:56.485415,599618934897876355,-69.00
2025-12-04 01:51:56.485415,599618934897876355,-73.00
2025-12-04 01:51:56.485415,599618934897876355,-73.00
2025-12-04 01:51:56.485415,599618934897876355,-73.00
2025-12-04 01:51:56.485415,599618934897876355,-73.00
2025-12-04 01:51:56.485415,599618934897876355,-69.00
2025-12-04 01:51:56.485415,599618934897876355,-64.00
2025-12-04 01:51:56.485415,599618934897876355,-50.00
2025-12-04 01:51:56.485415,599618934897876355,-30.00
2025-12-04 01:51:56.485415,599618934897876355,-14.00
2025-12-04 01:51:56.485415,599618934897876355,4.00
2025-12-04 01:51:56.485415,599618934897876355,19.00
2025-12-04 01:51:56.485415,599618934897876355,28.00
2025-12-04 01:51:56.485415,599618934897876355,33.00
2025-12-04 01:51:56.485415,599618934897876355,33.00
2025-12-04 01:51:56.485415,599618934897876355,30.00
2025-12-04 01:51:56.485415,599618934897876355,30.00
2025-12-04 01:51:56.485415,599618934897876355,26.00
2025-12-04 01:51:56.485415,599618934897876355,23.00
2025-12-04 01:51:56.485415,599618934897876355,16.00
2025-12-04 01:51:56.485415,599618934897876355,16.00
2025-12-04 01:51:56.485415,599618934897876355,19.00
2025-12-04 01:51:56.485415,599618934897876355,19.00
2025-12-04 01:51:56.485415,599618934897876355,16.00
2025-12-04 01:51:56.485415,599618934897876355,14.00
2025-12-04 01:51:56.485415,599618934897876355,14.00
2025-12-04 01:51:56.485415,599618934897876355,11.00
2025-12-04 01:51:56.485415,599618934897876355,11.00
2025-12-04 01:51:56.485415,599618934897876355,16.00
2025-12-04 01:51:57.198926,599618935458609002,19.00
2025-12-04 01:51:57.198926,599618935458609002,21.00
2025-12-04 01:51:57.198926,599618935458609002,19.00
2025-12-04 01:51:57.198926,599618935458609002,16.00
2025-12-04 01:51:57.198926,599618935458609002,19.00
2025-12-04 01:51:57.198926,599618935458609002,23.00
2025-12-04 01:51:57.198926,599618935458609002,26.00
2025-12-04 01:51:57.198926,599618935458609002,23.00
2025-12-04 01:51:57.198926,599618935458609002,21.00
2025-12-04 01:51:57.198926,599618935458609002,21.00
2025-12-04 01:51:57.198926,599618935458609002,19.00
2025-12-04 01:51:57.198926,599618935458609002,16.00
2025-12-04 01:51:57.198926,599618935458609002,16.00
2025-12-04 01:51:57.198926,599618935458609002,19.00
2025-12-04 01:51:57.198926,599618935458609002,16.00
2025-12-04 01:51:57.198926,599618935458609002,16.00
2025-12-04 01:51:57.198926,599618935458609002,16.00
2025-12-04 01:51:57.198926,599618935458609002,16.00
2025-12-04 01:51:57.198926,599618935458609002,16.00
2025-12-04 01:51:57.198926,599618935458609002,16.00
2025-12-04 01:51:57.198926,599618935458609002,11.00
2025-12-04 01:51:57.198926,599618935458609002,11.00
2025-12-04 01:51:57.198926,599618935458609002,14.00
2025-12-04 01:51:57.198926,599618935458609002,9.00
2025-12-04 01:51:57.198926,599618935458609002,0.00
2025-12-04 01:51:57.198926,599618935458609002,-9.00
2025-12-04 01:51:57.198926,599618935458609002,-11.00
2025-12-04 01:51:57.198926,599618935458609002,-7.00
2025-12-04 01:51:57.198926,599618935458609002,0.00
2025-12-04 01:51:57.198926,599618935458609002,2.00
2025-12-04 01:51:57.198926,599618935458609002,7.00
2025-12-04 01:51:57.198926,599618935458609002,16.00
2025-12-04 01:51:57.198926,599618935458609002,19.00
2025-12-04 01:51:57.198926,599618935458609002,19.00
2025-12-04 01:51:57.198926,599618935458609002,21.00
2025-12-04 01:51:57.198926,599618935458609002,21.00
2025-12-04 01:51:57.198926,599618935458609002,14.00
2025-12-04 01:51:57.198926,599618935458609002,11.00
2025-12-04 01:51:57.198926,599618935458609002,11.00
2025-12-04 01:51:57.198926,599618935458609002,16.00
2025-12-04 01:51:57.198926,599618935458609002,23.00
2025-12-04 01:51:57.198926,599618935458609002,45.00
2025-12-04 01:51:57.198926,599618935458609002,59.00
2025-12-04 01:51:57.198926,599618935458609002,-9.00
2025-12-04 01:51:57.198926,599618935458609002,-216.00
2025-12-04 01:51:57.198926,599618935458609002,-524.00
2025-12-04 01:51:57.198926,599618935458609002,-808.00
2025-12-04 01:51:57.198926,599618935458609002,-763.00
2025-12-04 01:51:57.198926,599618935458609002,-312.00
2025-12-04 01:51:57.198926,599618935458609002,57.00
2025-12-04 01:51:57.198926,599618935458609002,57.00
2025-12-04 01:51:57.198926,599618935458609002,30.00
2025-12-04 01:51:57.198926,599618935458609002,107.00
2025-12-04 01:51:57.198926,599618935458609002,109.00
2025-12-04 01:51:57.198926,599618935458609002,78.00
2025-12-04 01:51:57.198926,599618935458609002,88.00
2025-12-04 01:51:57.198926,599618935458609002,88.00
2025-12-04 01:51:57.198926,599618935458609002,66.00
2025-12-04 01:51:57.198926,599618935458609002,61.00
2025-12-04 01:51:57.198926,599618935458609002,59.00
2025-12-04 01:51:57.198926,599618935458609002,47.00
2025-12-04 01:51:57.198926,599618935458609002,38.00
2025-12-04 01:51:57.198926,599618935458609002,28.00
2025-12-04 01:51:57.198926,599618935458609002,23.00
2025-12-04 01:51:57.198926,599618935458609002,16.00
2025-12-04 01:51:57.198926,599618935458609002,9.00
2025-12-04 01:51:57.198926,599618935458609002,2.00
2025-12-04 01:51:57.198926,599618935458609002,-4.00
2025-12-04 01:51:57.198926,599618935458609002,-14.00
2025-12-04 01:51:57.198926,599618935458609002,-21.00
2025-12-04 01:51:57.198926,599618935458609002,-30.00
2025-12-04 01:51:57.198926,599618935458609002,-40.00
2025-12-04 01:51:57.198926,599618935458609002,-50.00
2025-12-04 01:51:57.658115,599618936019341649,-54.00
2025-12-04 01:51:57.658115,599618936019341649,-52.00
2025-12-04 01:51:57.658115,599618936019341649,-52.00
2025-12-04 01:51:57.658115,599618936019341649,-54.00
2025-12-04 01:51:57.658115,599618936019341649,-54.00
2025-12-04 01:51:57.658115,599618936019341649,-47.00
2025-12-04 01:51:57.658115,599618936019341649,-35.00
2025-12-04 01:51:57.658115,599618936019341649,-21.00
2025-12-04 01:51:57.658115,599618936019341649,-2.00
2025-12-04 01:51:57.658115,599618936019341649,14.00
2025-12-04 01:51:57.658115,599618936019341649,28.00
2025-12-04 01:51:57.658115,599618936019341649,35.00
2025-12-04 01:51:57.658115,599618936019341649,40.00
2025-12-04 01:51:57.658115,599618936019341649,40.00
2025-12-04 01:51:57.658115,599618936019341649,38.00
2025-12-04 01:51:57.658115,599618936019341649,35.00
2025-12-04 01:51:57.658115,599618936019341649,33.00
2025-12-04 01:51:57.658115,599618936019341649,28.00
2025-12-04 01:51:57.658115,599618936019341649,26.00
2025-12-04 01:51:57.658115,599618936019341649,23.00
2025-12-04 01:51:57.658115,599618936019341649,23.00
2025-12-04 01:51:57.658115,599618936019341649,23.00
2025-12-04 01:51:57.658115,599618936019341649,26.00
2025-12-04 01:51:57.658115,599618936019341649,28.00
2025-12-04 01:51:57.658115,599618936019341649,26.00
2025-12-04 01:51:57.658115,599618936019341649,23.00
2025-12-04 01:51:57.658115,599618936019341649,26.00
2025-12-04 01:51:57.658115,599618936019341649,23.00
2025-12-04 01:51:57.658115,599618936019341649,23.00
2025-12-04 01:51:57.658115,599618936019341649,28.00
2025-12-04 01:51:57.658115,599618936019341649,30.00
2025-12-04 01:51:57.658115,599618936019341649,28.00
2025-12-04 01:51:57.658115,599618936019341649,26.00
2025-12-04 01:51:57.658115,599618936019341649,26.00
2025-12-04 01:51:57.658115,599618936019341649,23.00
2025-12-04 01:51:57.658115,599618936019341649,21.00
2025-12-04 01:51:57.658115,599618936019341649,21.00
2025-12-04 01:51:57.658115,599618936019341649,19.00
2025-12-04 01:51:57.658115,599618936019341649,19.00
2025-12-04 01:51:57.658115,599618936019341649,21.00
2025-12-04 01:51:57.658115,599618936019341649,21.00
2025-12-04 01:51:57.658115,599618936019341649,19.00
2025-12-04 01:51:57.658115,599618936019341649,19.00
2025-12-04 01:51:57.658115,599618936019341649,16.00
2025-12-04 01:51:57.658115,599618936019341649,16.00
2025-12-04 01:51:57.658115,599618936019341649,16.00
2025-12-04 01:51:57.658115,599618936019341649,19.00
2025-12-04 01:51:57.658115,599618936019341649,16.00
2025-12-04 01:51:57.658115,599618936019341649,11.00
2025-12-04 01:51:57.658115,599618936019341649,11.00
2025-12-04 01:51:57.658115,599618936019341649,14.00
2025-12-04 01:51:57.658115,599618936019341649,11.00
2025-12-04 01:51:57.658115,599618936019341649,9.00
2025-12-04 01:51:57.658115,599618936019341649,9.00
2025-12-04 01:51:57.658115,599618936019341649,7.00
2025-12-04 01:51:57.658115,599618936019341649,7.00
2025-12-04 01:51:57.658115,599618936019341649,9.00
2025-12-04 01:51:57.658115,599618936019341649,9.00
2025-12-04 01:51:57.658115,599618936019341649,0.00
2025-12-04 01:51:57.658115,599618936019341649,-7.00
2025-12-04 01:51:57.658115,599618936019341649,-9.00
2025-12-04 01:51:57.658115,599618936019341649,-4.00
2025-12-04 01:51:57.658115,599618936019341649,0.00
2025-12-04 01:51:57.658115,599618936019341649,0.00
2025-12-04 01:51:57.658115,599618936019341649,4.00
2025-12-04 01:51:57.658115,599618936019341649,16.00
2025-12-04 01:51:57.658115,599618936019341649,19.00
2025-12-04 01:51:57.658115,599618936019341649,16.00
2025-12-04 01:51:57.658115,599618936019341649,16.00
2025-12-04 01:51:57.658115,599618936019341649,19.00
2025-12-04 01:51:57.658115,599618936019341649,16.00
2025-12-04 01:51:57.658115,599618936019341649,14.00
2025-12-04 01:51:57.658115,599618936019341649,16.00
2025-12-04 01:51:58.219880,599618936580094640,16.00
2025-12-04 01:51:58.219880,599618936580094640,19.00
2025-12-04 01:51:58.219880,599618936580094640,42.00
2025-12-04 01:51:58.219880,599618936580094640,64.00
2025-12-04 01:51:58.219880,599618936580094640,-4.00
2025-12-04 01:51:58.219880,599618936580094640,-205.00
2025-12-04 01:51:58.219880,599618936580094640,-495.00
2025-12-04 01:51:58.219880,599618936580094640,-782.00
2025-12-04 01:51:58.219880,599618936580094640,-772.00
2025-12-04 01:51:58.219880,599618936580094640,-345.00
2025-12-04 01:51:58.219880,599618936580094640,38.00
2025-12-04 01:51:58.219880,599618936580094640,57.00
2025-12-04 01:51:58.219880,599618936580094640,28.00
2025-12-04 01:51:58.219880,599618936580094640,109.00
2025-12-04 01:51:58.219880,599618936580094640,119.00
2025-12-04 01:51:58.219880,599618936580094640,85.00
2025-12-04 01:51:58.219880,599618936580094640,92.00
2025-12-04 01:51:58.219880,599618936580094640,92.00
2025-12-04 01:51:58.219880,599618936580094640,76.00
2025-12-04 01:51:58.219880,599618936580094640,69.00
2025-12-04 01:51:58.219880,599618936580094640,64.00
2025-12-04 01:51:58.219880,599618936580094640,54.00
2025-12-04 01:51:58.219880,599618936580094640,45.00
2025-12-04 01:51:58.219880,599618936580094640,40.00
2025-12-04 01:51:58.219880,599618936580094640,30.00
2025-12-04 01:51:58.219880,599618936580094640,23.00
2025-12-04 01:51:58.219880,599618936580094640,16.00
2025-12-04 01:51:58.219880,599618936580094640,4.00
2025-12-04 01:51:58.219880,599618936580094640,-2.00
2025-12-04 01:51:58.219880,599618936580094640,-7.00
2025-12-04 01:51:58.219880,599618936580094640,-16.00
2025-12-04 01:51:58.219880,599618936580094640,-26.00
2025-12-04 01:51:58.219880,599618936580094640,-30.00
2025-12-04 01:51:58.219880,599618936580094640,-35.00
2025-12-04 01:51:58.219880,599618936580094640,-45.00
2025-12-04 01:51:58.219880,599618936580094640,-50.00
2025-12-04 01:51:58.219880,599618936580094640,-47.00
2025-12-04 01:51:58.219880,599618936580094640,-47.00
2025-12-04 01:51:58.219880,599618936580094640,-47.00
2025-12-04 01:51:58.219880,599618936580094640,-42.00
2025-12-04 01:51:58.219880,599618936580094640,-33.00
2025-12-04 01:51:58.219880,599618936580094640,-16.00
2025-12-04 01:51:58.219880,599618936580094640,0.00
2025-12-04 01:51:58.219880,599618936580094640,14.00
2025-12-04 01:51:58.219880,599618936580094640,26.00
2025-12-04 01:51:58.219880,599618936580094640,38.00
2025-12-04 01:51:58.219880,599618936580094640,42.00
2025-12-04 01:51:58.219880,599618936580094640,42.00
2025-12-04 01:51:58.219880,599618936580094640,42.00
2025-12-04 01:51:58.219880,599618936580094640,42.00
2025-12-04 01:51:58.219880,599618936580094640,38.00
2025-12-04 01:51:58.219880,599618936580094640,35.00
2025-12-04 01:51:58.219880,599618936580094640,35.00
2025-12-04 01:51:58.219880,599618936580094640,35.00
2025-12-04 01:51:58.219880,599618936580094640,30.00
2025-12-04 01:51:58.219880,599618936580094640,28.00
2025-12-04 01:51:58.219880,599618936580094640,26.00
2025-12-04 01:51:58.219880,599618936580094640,26.00
2025-12-04 01:51:58.219880,599618936580094640,26.00
2025-12-04 01:51:58.219880,599618936580094640,26.00
2025-12-04 01:51:58.219880,599618936580094640,26.00
2025-12-04 01:51:58.219880,599618936580094640,26.00
2025-12-04 01:51:58.219880,599618936580094640,23.00
2025-12-04 01:51:58.219880,599618936580094640,26.00
2025-12-04 01:51:58.219880,599618936580094640,26.00
2025-12-04 01:51:58.219880,599618936580094640,23.00
2025-12-04 01:51:58.219880,599618936580094640,21.00
2025-12-04 01:51:58.219880,599618936580094640,21.00
2025-12-04 01:51:58.219880,599618936580094640,19.00
2025-12-04 01:51:58.219880,599618936580094640,19.00
2025-12-04 01:51:58.219880,599618936580094640,21.00
2025-12-04 01:51:58.219880,599618936580094640,19.00
2025-12-04 01:51:58.219880,599618936580094640,14.00
2025-12-04 01:51:58.729501,599618937140822199,16.00
2025-12-04 01:51:58.729501,599618937140822199,16.00
2025-12-04 01:51:58.729501,599618937140822199,14.00
2025-12-04 01:51:58.729501,599618937140822199,11.00
2025-12-04 01:51:58.729501,599618937140822199,16.00
2025-12-04 01:51:58.729501,599618937140822199,23.00
2025-12-04 01:51:58.729501,599618937140822199,19.00
2025-12-04 01:51:58.729501,599618937140822199,16.00
2025-12-04 01:51:58.729501,599618937140822199,21.00
2025-12-04 01:51:58.729501,599618937140822199,21.00
2025-12-04 01:51:58.729501,599618937140822199,19.00
2025-12-04 01:51:58.729501,599618937140822199,19.00
2025-12-04 01:51:58.729501,599618937140822199,16.00
2025-12-04 01:51:58.729501,599618937140822199,16.00
2025-12-04 01:51:58.729501,599618937140822199,14.00
2025-12-04 01:51:58.729501,599618937140822199,16.00
2025-12-04 01:51:58.729501,599618937140822199,14.00
2025-12-04 01:51:58.729501,599618937140822199,11.00
2025-12-04 01:51:58.729501,599618937140822199,11.00
2025-12-04 01:51:58.729501,599618937140822199,11.00
2025-12-04 01:51:58.729501,599618937140822199,11.00
2025-12-04 01:51:58.729501,599618937140822199,11.00
2025-12-04 01:51:58.729501,599618937140822199,14.00
2025-12-04 01:51:58.729501,599618937140822199,14.00
2025-12-04 01:51:58.729501,599618937140822199,14.00
2025-12-04 01:51:58.729501,599618937140822199,16.00
2025-12-04 01:51:58.729501,599618937140822199,11.00
2025-12-04 01:51:58.729501,599618937140822199,2.00
2025-12-04 01:51:58.729501,599618937140822199,-2.00
2025-12-04 01:51:58.729501,599618937140822199,-9.00
2025-12-04 01:51:58.729501,599618937140822199,-7.00
2025-12-04 01:51:58.729501,599618937140822199,-2.00
2025-12-04 01:51:58.729501,599618937140822199,0.00
2025-12-04 01:51:58.729501,599618937140822199,9.00
2025-12-04 01:51:58.729501,599618937140822199,16.00
2025-12-04 01:51:58.729501,599618937140822199,14.00
2025-12-04 01:51:58.729501,599618937140822199,11.00
2025-12-04 01:51:58.729501,599618937140822199,14.00
2025-12-04 01:51:58.729501,599618937140822199,11.00
2025-12-04 01:51:58.729501,599618937140822199,9.00
2025-12-04 01:51:58.729501,599618937140822199,7.00
2025-12-04 01:51:58.729501,599618937140822199,11.00
2025-12-04 01:51:58.729501,599618937140822199,14.00
2025-12-04 01:51:58.729501,599618937140822199,11.00
2025-12-04 01:51:58.729501,599618937140822199,26.00
2025-12-04 01:51:58.729501,599618937140822199,57.00
2025-12-04 01:51:58.729501,599618937140822199,33.00
2025-12-04 01:51:58.729501,599618937140822199,-123.00
2025-12-04 01:51:58.729501,599618937140822199,-398.00
2025-12-04 01:51:58.729501,599618937140822199,-712.00
2025-12-04 01:51:58.729501,599618937140822199,-825.00
2025-12-04 01:51:58.729501,599618937140822199,-493.00
2025-12-04 01:51:58.729501,599618937140822199,-33.00
2025-12-04 01:51:58.729501,599618937140822199,78.00
2025-12-04 01:51:58.729501,599618937140822199,23.00
2025-12-04 01:51:58.729501,599618937140822199,81.00
2025-12-04 01:51:58.729501,599618937140822199,114.00
2025-12-04 01:51:58.729501,599618937140822199,78.00
2025-12-04 01:51:58.729501,599618937140822199,78.00
2025-12-04 01:51:58.729501,599618937140822199,92.00
2025-12-04 01:51:58.729501,599618937140822199,73.00
2025-12-04 01:51:58.729501,599618937140822199,61.00
2025-12-04 01:51:58.729501,599618937140822199,57.00
2025-12-04 01:51:58.729501,599618937140822199,47.00
2025-12-04 01:51:58.729501,599618937140822199,38.00
2025-12-04 01:51:58.729501,599618937140822199,33.00
2025-12-04 01:51:58.729501,599618937140822199,26.00
2025-12-04 01:51:58.729501,599618937140822199,14.00
2025-12-04 01:51:58.729501,599618937140822199,2.00
2025-12-04 01:51:58.729501,599618937140822199,-4.00
2025-12-04 01:51:58.729501,599618937140822199,-11.00
2025-12-04 01:51:58.729501,599618937140822199,-19.00
2025-12-04 01:51:58.729501,599618937140822199,-26.00
2025-12-04 01:51:59.327005,599618937701549758,-38.00
2025-12-04 01:51:59.327005,599618937701549758,-50.00
2025-12-04 01:51:59.327005,599618937701549758,-59.00
2025-12-04 01:51:59.327005,599618937701549758,-64.00
2025-12-04 01:51:59.327005,599618937701549758,-66.00
2025-12-04 01:51:59.327005,599618937701549758,-71.00
2025-12-04 01:51:59.327005,599618937701549758,-73.00
2025-12-04 01:51:59.327005,599618937701549758,-69.00
2025-12-04 01:51:59.327005,599618937701549758,-64.00
2025-12-04 01:51:59.327005,599618937701549758,-57.00
2025-12-04 01:51:59.327005,599618937701549758,-40.00
2025-12-04 01:51:59.327005,599618937701549758,-21.00
2025-12-04 01:51:59.327005,599618937701549758,-11.00
2025-12-04 01:51:59.327005,599618937701549758,4.00
2025-12-04 01:51:59.327005,599618937701549758,28.00
2025-12-04 01:51:59.327005,599618937701549758,35.00
2025-12-04 01:51:59.327005,599618937701549758,30.00
2025-12-04 01:51:59.327005,599618937701549758,35.00
2025-12-04 01:51:59.327005,599618937701549758,38.00
2025-12-04 01:51:59.327005,599618937701549758,28.00
2025-12-04 01:51:59.327005,599618937701549758,23.00
2025-12-04 01:51:59.327005,599618937701549758,23.00
2025-12-04 01:51:59.327005,599618937701549758,21.00
2025-12-04 01:51:59.327005,599618937701549758,19.00
2025-12-04 01:51:59.327005,599618937701549758,19.00
2025-12-04 01:51:59.327005,599618937701549758,16.00
2025-12-04 01:51:59.327005,599618937701549758,11.00
2025-12-04 01:51:59.327005,599618937701549758,9.00
2025-12-04 01:51:59.327005,599618937701549758,7.00
2025-12-04 01:51:59.327005,599618937701549758,7.00
2025-12-04 01:51:59.327005,599618937701549758,7.00
2025-12-04 01:51:59.327005,599618937701549758,7.00
2025-12-04 01:51:59.327005,599618937701549758,7.00
2025-12-04 01:51:59.327005,599618937701549758,7.00
2025-12-04 01:51:59.327005,599618937701549758,4.00
2025-12-04 01:51:59.327005,599618937701549758,4.00
2025-12-04 01:51:59.327005,599618937701549758,9.00
2025-12-04 01:51:59.327005,599618937701549758,7.00
2025-12-04 01:51:59.327005,599618937701549758,2.00
2025-12-04 01:51:59.327005,599618937701549758,2.00
2025-12-04 01:51:59.327005,599618937701549758,4.00
2025-12-04 01:51:59.327005,599618937701549758,2.00
2025-12-04 01:51:59.327005,599618937701549758,0.00
2025-12-04 01:51:59.327005,599618937701549758,0.00
2025-12-04 01:51:59.327005,599618937701549758,2.00
2025-12-04 01:51:59.327005,599618937701549758,0.00
2025-12-04 01:51:59.327005,599618937701549758,-7.00
2025-12-04 01:51:59.327005,599618937701549758,-7.00
2025-12-04 01:51:59.327005,599618937701549758,-4.00
2025-12-04 01:51:59.327005,599618937701549758,-7.00
2025-12-04 01:51:59.327005,599618937701549758,-9.00
2025-12-04 01:51:59.327005,599618937701549758,-4.00
2025-12-04 01:51:59.327005,599618937701549758,-4.00
2025-12-04 01:51:59.327005,599618937701549758,-7.00
2025-12-04 01:51:59.327005,599618937701549758,-7.00
2025-12-04 01:51:59.327005,599618937701549758,-7.00
2025-12-04 01:51:59.327005,599618937701549758,-9.00
2025-12-04 01:51:59.327005,599618937701549758,-9.00
2025-12-04 01:51:59.327005,599618937701549758,-9.00
2025-12-04 01:51:59.327005,599618937701549758,-11.00
2025-12-04 01:51:59.327005,599618937701549758,-14.00
2025-12-04 01:51:59.327005,599618937701549758,-11.00
2025-12-04 01:51:59.327005,599618937701549758,-11.00
2025-12-04 01:51:59.327005,599618937701549758,-16.00
2025-12-04 01:51:59.327005,599618937701549758,-14.00
2025-12-04 01:51:59.327005,599618937701549758,-11.00
2025-12-04 01:51:59.327005,599618937701549758,-11.00
2025-12-04 01:51:59.327005,599618937701549758,-14.00
2025-12-04 01:51:59.327005,599618937701549758,-16.00
2025-12-04 01:51:59.327005,599618937701549758,-26.00
2025-12-04 01:51:59.327005,599618937701549758,-35.00
2025-12-04 01:51:59.327005,599618937701549758,-40.00
2025-12-04 01:51:59.327005,599618937701549758,-38.00
