Timestamp,Device Timestamp (ns),ECG Value (uV)
2025-11-18 15:12:40.776744,599617489128810935,-89.00
2025-11-18 15:12:40.776744,599617489128810935,-89.00
2025-11-18 15:12:40.776744,599617489128810935,-86.00
2025-11-18 15:12:40.776744,599617489128810935,-77.00
2025-11-18 15:12:40.776744,599617489128810935,-74.00
2025-11-18 15:12:40.776744,599617489128810935,-69.00
2025-11-18 15:12:40.776744,599617489128810935,-62.00
2025-11-18 15:12:40.776744,599617489128810935,-60.00
2025-11-18 15:12:40.776744,599617489128810935,-60.00
2025-11-18 15:12:40.776744,599617489128810935,-57.00
2025-11-18 15:12:40.776744,599617489128810935,-55.00
2025-11-18 15:12:40.776744,599617489128810935,-52.00
2025-11-18 15:12:40.776744,599617489128810935,-55.00
2025-11-18 15:12:40.776744,599617489128810935,-52.00
2025-11-18 15:12:40.776744,599617489128810935,-52.00
2025-11-18 15:12:40.776744,599617489128810935,-55.00
2025-11-18 15:12:40.776744,599617489128810935,-50.00
2025-11-18 15:12:40.776744,599617489128810935,-50.00
2025-11-18 15:12:40.776744,599617489128810935,-57.00
2025-11-18 15:12:40.776744,599617489128810935,-60.00
2025-11-18 15:12:40.776744,599617489128810935,-57.00
2025-11-18 15:12:40.776744,599617489128810935,-57.00
2025-11-18 15:12:40.776744,599617489128810935,-55.00
2025-11-18 15:12:40.776744,599617489128810935,-55.00
2025-11-18 15:12:40.776744,599617489128810935,-55.00
2025-11-18 15:12:40.776744,599617489128810935,-52.00
2025-11-18 15:12:40.776744,599617489128810935,-52.00
2025-11-18 15:12:40.776744,599617489128810935,-50.00
2025-11-18 15:12:40.776744,599617489128810935,-50.00
2025-11-18 15:12:40.776744,599617489128810935,-48.00
2025-11-18 15:12:40.776744,599617489128810935,-45.00
2025-11-18 15:12:40.776744,599617489128810935,-45.00
2025-11-18 15:12:40.776744,599617489128810935,-50.00
2025-11-18 15:12:40.776744,599617489128810935,-48.00
2025-11-18 15:12:40.776744,599617489128810935,-45.00
2025-11-18 15:12:40.776744,599617489128810935,-45.00
2025-11-18 15:12:40.776744,599617489128810935,-50.00
2025-11-18 15:12:40.776744,599617489128810935,-50.00
2025-11-18 15:12:40.776744,599617489128810935,-48.00
2025-11-18 15:12:40.776744,599617489128810935,-48.00
2025-11-18 15:12:40.776744,599617489128810935,-48.00
2025-11-18 15:12:40.776744,599617489128810935,-45.00
2025-11-18 15:12:40.776744,599617489128810935,-45.00
2025-11-18 15:12:40.776744,599617489128810935,-48.00
2025-11-18 15:12:40.776744,599617489128810935,-48.00
2025-11-18 15:12:40.776744,599617489128810935,-45.00
2025-11-18 15:12:40.776744,599617489128810935,-40.00
2025-11-18 15:12:40.776744,599617489128810935,-31.00
2025-11-18 15:12:40.776744,599617489128810935,-26.00
2025-11-18 15:12:40.776744,599617489128810935,-19.00
2025-11-18 15:12:40.776744,599617489128810935,-4.00
2025-11-18 15:12:40.776744,599617489128810935,-4.00
2025-11-18 15:12:40.776744,599617489128810935,-19.00
2025-11-18 15:12:40.776744,599617489128810935,-31.00
2025-11-18 15:12:40.776744,599617489128810935,-31.00
2025-11-18 15:12:40.776744,599617489128810935,-31.00
2025-11-18 15:12:40.776744,599617489128810935,-38.00
2025-11-18 15:12:40.776744,599617489128810935,-40.00
2025-11-18 15:12:40.776744,599617489128810935,-40.00
2025-11-18 15:12:40.776744,599617489128810935,-40.00
2025-11-18 15:12:40.776744,599617489128810935,-43.00
2025-11-18 15:12:40.776744,599617489128810935,-45.00
2025-11-18 15:12:40.776744,599617489128810935,-45.00
2025-11-18 15:12:40.776744,599617489128810935,-48.00
2025-11-18 15:12:40.776744,599617489128810935,-50.00
2025-11-18 15:12:40.776744,599617489128810935,-65.00
2025-11-18 15:12:40.776744,599617489128810935,-77.00
2025-11-18 15:12:40.776744,599617489128810935,-14.00
2025-11-18 15:12:40.776744,599617489128810935,190.00
2025-11-18 15:12:40.776744,599617489128810935,464.00
2025-11-18 15:12:40.776744,599617489128810935,566.00
2025-11-18 15:12:40.776744,599617489128810935,274.00
2025-11-18 15:12:40.776744,599617489128810935,-156.00
2025-11-18 15:12:41.345278,599617489689477458,-269.00
2025-11-18 15:12:41.345278,599617489689477458,-171.00
2025-11-18 15:12:41.345278,599617489689477458,-134.00
2025-11-18 15:12:41.345278,599617489689477458,-105.00
2025-11-18 15:12:41.345278,599617489689477458,-52.00
2025-11-18 15:12:41.345278,599617489689477458,-45.00
2025-11-18 15:12:41.345278,599617489689477458,-60.00
2025-11-18 15:12:41.345278,599617489689477458,-45.00
2025-11-18 15:12:41.345278,599617489689477458,-36.00
2025-11-18 15:12:41.345278,599617489689477458,-33.00
2025-11-18 15:12:41.345278,599617489689477458,-26.00
2025-11-18 15:12:41.345278,599617489689477458,-19.00
2025-11-18 15:12:41.345278,599617489689477458,-16.00
2025-11-18 15:12:41.345278,599617489689477458,-12.00
2025-11-18 15:12:41.345278,599617489689477458,-9.00
2025-11-18 15:12:41.345278,599617489689477458,-2.00
2025-11-18 15:12:41.345278,599617489689477458,2.00
2025-11-18 15:12:41.345278,599617489689477458,9.00
2025-11-18 15:12:41.345278,599617489689477458,16.00
2025-11-18 15:12:41.345278,599617489689477458,26.00
2025-11-18 15:12:41.345278,599617489689477458,33.00
2025-11-18 15:12:41.345278,599617489689477458,40.00
2025-11-18 15:12:41.345278,599617489689477458,50.00
2025-11-18 15:12:41.345278,599617489689477458,60.00
2025-11-18 15:12:41.345278,599617489689477458,69.00
2025-11-18 15:12:41.345278,599617489689477458,81.00
2025-11-18 15:12:41.345278,599617489689477458,93.00
2025-11-18 15:12:41.345278,599617489689477458,103.00
2025-11-18 15:12:41.345278,599617489689477458,113.00
2025-11-18 15:12:41.345278,599617489689477458,118.00
2025-11-18 15:12:41.345278,599617489689477458,118.00
2025-11-18 15:12:41.345278,599617489689477458,110.00
2025-11-18 15:12:41.345278,599617489689477458,93.00
2025-11-18 15:12:41.345278,599617489689477458,69.00
2025-11-18 15:12:41.345278,599617489689477458,40.00
2025-11-18 15:12:41.345278,599617489689477458,7.00
2025-11-18 15:12:41.345278,599617489689477458,-31.00
2025-11-18 15:12:41.345278,599617489689477458,-67.00
2025-11-18 15:12:41.345278,599617489689477458,-89.00
2025-11-18 15:12:41.345278,599617489689477458,-105.00
2025-11-18 15:12:41.345278,599617489689477458,-118.00
2025-11-18 15:12:41.345278,599617489689477458,-127.00
2025-11-18 15:12:41.345278,599617489689477458,-130.00
2025-11-18 15:12:41.345278,599617489689477458,-132.00
2025-11-18 15:12:41.345278,599617489689477458,-130.00
2025-11-18 15:12:41.345278,599617489689477458,-122.00
2025-11-18 15:12:41.345278,599617489689477458,-122.00
2025-11-18 15:12:41.345278,599617489689477458,-120.00
2025-11-18 15:12:41.345278,599617489689477458,-120.00
2025-11-18 15:12:41.345278,599617489689477458,-115.00
2025-11-18 15:12:41.345278,599617489689477458,-105.00
2025-11-18 15:12:41.345278,599617489689477458,-96.00
2025-11-18 15:12:41.345278,599617489689477458,-93.00
2025-11-18 15:12:41.345278,599617489689477458,-93.00
2025-11-18 15:12:41.345278,599617489689477458,-89.00
2025-11-18 15:12:41.345278,599617489689477458,-86.00
2025-11-18 15:12:41.345278,599617489689477458,-89.00
2025-11-18 15:12:41.345278,599617489689477458,-86.00
2025-11-18 15:12:41.345278,599617489689477458,-84.00
2025-11-18 15:12:41.345278,599617489689477458,-81.00
2025-11-18 15:12:41.345278,599617489689477458,-86.00
2025-11-18 15:12:41.345278,599617489689477458,-89.00
2025-11-18 15:12:41.345278,599617489689477458,-89.00
2025-11-18 15:12:41.345278,599617489689477458,-89.00
2025-11-18 15:12:41.345278,599617489689477458,-86.00
2025-11-18 15:12:41.345278,599617489689477458,-86.00
2025-11-18 15:12:41.345278,599617489689477458,-84.00
2025-11-18 15:12:41.345278,599617489689477458,-79.00
2025-11-18 15:12:41.345278,599617489689477458,-81.00
2025-11-18 15:12:41.345278,599617489689477458,-89.00
2025-11-18 15:12:41.345278,599617489689477458,-86.00
2025-11-18 15:12:41.345278,599617489689477458,-79.00
2025-11-18 15:12:41.345278,599617489689477458,-81.00
2025-11-18 15:12:41.945738,599617490250174501,-86.00
2025-11-18 15:12:41.945738,599617490250174501,-81.00
2025-11-18 15:12:41.945738,599617490250174501,-79.00
2025-11-18 15:12:41.945738,599617490250174501,-84.00
2025-11-18 15:12:41.945738,599617490250174501,-81.00
2025-11-18 15:12:41.945738,599617490250174501,-74.00
2025-11-18 15:12:41.945738,599617490250174501,-74.00
2025-11-18 15:12:41.945738,599617490250174501,-77.00
2025-11-18 15:12:41.945738,599617490250174501,-77.00
2025-11-18 15:12:41.945738,599617490250174501,-77.00
2025-11-18 15:12:41.945738,599617490250174501,-74.00
2025-11-18 15:12:41.945738,599617490250174501,-69.00
2025-11-18 15:12:41.945738,599617490250174501,-69.00
2025-11-18 15:12:41.945738,599617490250174501,-69.00
2025-11-18 15:12:41.945738,599617490250174501,-67.00
2025-11-18 15:12:41.945738,599617490250174501,-65.00
2025-11-18 15:12:41.945738,599617490250174501,-67.00
2025-11-18 15:12:41.945738,599617490250174501,-69.00
2025-11-18 15:12:41.945738,599617490250174501,-69.00
2025-11-18 15:12:41.945738,599617490250174501,-67.00
2025-11-18 15:12:41.945738,599617490250174501,-60.00
2025-11-18 15:12:41.945738,599617490250174501,-57.00
2025-11-18 15:12:41.945738,599617490250174501,-67.00
2025-11-18 15:12:41.945738,599617490250174501,-69.00
2025-11-18 15:12:41.945738,599617490250174501,-57.00
2025-11-18 15:12:41.945738,599617490250174501,-52.00
2025-11-18 15:12:41.945738,599617490250174501,-55.00
2025-11-18 15:12:41.945738,599617490250174501,-43.00
2025-11-18 15:12:41.945738,599617490250174501,-24.00
2025-11-18 15:12:41.945738,599617490250174501,-19.00
2025-11-18 15:12:41.945738,599617490250174501,-26.00
2025-11-18 15:12:41.945738,599617490250174501,-38.00
2025-11-18 15:12:41.945738,599617490250174501,-48.00
2025-11-18 15:12:41.945738,599617490250174501,-50.00
2025-11-18 15:12:41.945738,599617490250174501,-57.00
2025-11-18 15:12:41.945738,599617490250174501,-57.00
2025-11-18 15:12:41.945738,599617490250174501,-50.00
2025-11-18 15:12:41.945738,599617490250174501,-52.00
2025-11-18 15:12:41.945738,599617490250174501,-65.00
2025-11-18 15:12:41.945738,599617490250174501,-62.00
2025-11-18 15:12:41.945738,599617490250174501,-57.00
2025-11-18 15:12:41.945738,599617490250174501,-60.00
2025-11-18 15:12:41.945738,599617490250174501,-62.00
2025-11-18 15:12:41.945738,599617490250174501,-67.00
2025-11-18 15:12:41.945738,599617490250174501,-89.00
2025-11-18 15:12:41.945738,599617490250174501,-65.00
2025-11-18 15:12:41.945738,599617490250174501,98.00
2025-11-18 15:12:41.945738,599617490250174501,368.00
2025-11-18 15:12:41.945738,599617490250174501,541.00
2025-11-18 15:12:41.945738,599617490250174501,346.00
2025-11-18 15:12:41.945738,599617490250174501,-122.00
2025-11-18 15:12:41.945738,599617490250174501,-346.00
2025-11-18 15:12:41.945738,599617490250174501,-248.00
2025-11-18 15:12:41.945738,599617490250174501,-161.00
2025-11-18 15:12:41.945738,599617490250174501,-132.00
2025-11-18 15:12:41.945738,599617490250174501,-77.00
2025-11-18 15:12:41.945738,599617490250174501,-55.00
2025-11-18 15:12:41.945738,599617490250174501,-65.00
2025-11-18 15:12:41.945738,599617490250174501,-50.00
2025-11-18 15:12:41.945738,599617490250174501,-36.00
2025-11-18 15:12:41.945738,599617490250174501,-38.00
2025-11-18 15:12:41.945738,599617490250174501,-33.00
2025-11-18 15:12:41.945738,599617490250174501,-21.00
2025-11-18 15:12:41.945738,599617490250174501,-16.00
2025-11-18 15:12:41.945738,599617490250174501,-19.00
2025-11-18 15:12:41.945738,599617490250174501,-14.00
2025-11-18 15:12:41.945738,599617490250174501,-4.00
2025-11-18 15:12:41.945738,599617490250174501,0.00
2025-11-18 15:12:41.945738,599617490250174501,2.00
2025-11-18 15:12:41.945738,599617490250174501,12.00
2025-11-18 15:12:41.945738,599617490250174501,19.00
2025-11-18 15:12:41.945738,599617490250174501,24.00
2025-11-18 15:12:41.945738,599617490250174501,28.00
2025-11-18 15:12:42.486890,599617490810871542,43.00
2025-11-18 15:12:42.486890,599617490810871542,55.00
2025-11-18 15:12:42.486890,599617490810871542,60.00
2025-11-18 15:12:42.486890,599617490810871542,72.00
2025-11-18 15:12:42.486890,599617490810871542,84.00
2025-11-18 15:12:42.486890,599617490810871542,96.00
2025-11-18 15:12:42.486890,599617490810871542,105.00
2025-11-18 15:12:42.486890,599617490810871542,108.00
2025-11-18 15:12:42.486890,599617490810871542,108.00
2025-11-18 15:12:42.486890,599617490810871542,105.00
2025-11-18 15:12:42.486890,599617490810871542,93.00
2025-11-18 15:12:42.486890,599617490810871542,77.00
2025-11-18 15:12:42.486890,599617490810871542,48.00
2025-11-18 15:12:42.486890,599617490810871542,14.00
2025-11-18 15:12:42.486890,599617490810871542,-21.00
2025-11-18 15:12:42.486890,599617490810871542,-50.00
2025-11-18 15:12:42.486890,599617490810871542,-77.00
2025-11-18 15:12:42.486890,599617490810871542,-96.00
2025-11-18 15:12:42.486890,599617490810871542,-108.00
2025-11-18 15:12:42.486890,599617490810871542,-115.00
2025-11-18 15:12:42.486890,599617490810871542,-122.00
2025-11-18 15:12:42.486890,599617490810871542,-125.00
2025-11-18 15:12:42.486890,599617490810871542,-125.00
2025-11-18 15:12:42.486890,599617490810871542,-120.00
2025-11-18 15:12:42.486890,599617490810871542,-118.00
2025-11-18 15:12:42.486890,599617490810871542,-113.00
2025-11-18 15:12:42.486890,599617490810871542,-101.00
2025-11-18 15:12:42.486890,599617490810871542,-91.00
2025-11-18 15:12:42.486890,599617490810871542,-91.00
2025-11-18 15:12:42.486890,599617490810871542,-91.00
2025-11-18 15:12:42.486890,599617490810871542,-86.00
2025-11-18 15:12:42.486890,599617490810871542,-84.00
2025-11-18 15:12:42.486890,599617490810871542,-81.00
2025-11-18 15:12:42.486890,599617490810871542,-77.00
2025-11-18 15:12:42.486890,599617490810871542,-77.00
2025-11-18 15:12:42.486890,599617490810871542,-79.00
2025-11-18 15:12:42.486890,599617490810871542,-79.00
2025-11-18 15:12:42.486890,599617490810871542,-79.00
2025-11-18 15:12:42.486890,599617490810871542,-77.00
2025-11-18 15:12:42.486890,599617490810871542,-74.00
2025-11-18 15:12:42.486890,599617490810871542,-69.00
2025-11-18 15:12:42.486890,599617490810871542,-69.00
2025-11-18 15:12:42.486890,599617490810871542,-74.00
2025-11-18 15:12:42.486890,599617490810871542,-72.00
2025-11-18 15:12:42.486890,599617490810871542,-69.00
2025-11-18 15:12:42.486890,599617490810871542,-69.00
2025-11-18 15:12:42.486890,599617490810871542,-74.00
2025-11-18 15:12:42.486890,599617490810871542,-74.00
2025-11-18 15:12:42.486890,599617490810871542,-72.00
2025-11-18 15:12:42.486890,599617490810871542,-67.00
2025-11-18 15:12:42.486890,599617490810871542,-65.00
2025-11-18 15:12:42.486890,599617490810871542,-65.00
2025-11-18 15:12:42.486890,599617490810871542,-65.00
2025-11-18 15:12:42.486890,599617490810871542,-62.00
2025-11-18 15:12:42.486890,599617490810871542,-57.00
2025-11-18 15:12:42.486890,599617490810871542,-55.00
2025-11-18 15:12:42.486890,599617490810871542,-57.00
2025-11-18 15:12:42.486890,599617490810871542,-57.00
2025-11-18 15:12:42.486890,599617490810871542,-57.00
2025-11-18 15:12:42.486890,599617490810871542,-55.00
2025-11-18 15:12:42.486890,599617490810871542,-55.00
2025-11-18 15:12:42.486890,599617490810871542,-52.00
2025-11-18 15:12:42.486890,599617490810871542,-48.00
2025-11-18 15:12:42.486890,599617490810871542,-48.00
2025-11-18 15:12:42.486890,599617490810871542,-45.00
2025-11-18 15:12:42.486890,599617490810871542,-43.00
2025-11-18 15:12:42.486890,599617490810871542,-43.00
2025-11-18 15:12:42.486890,599617490810871542,-43.00
2025-11-18 15:12:42.486890,599617490810871542,-40.00
2025-11-18 15:12:42.486890,599617490810871542,-40.00
2025-11-18 15:12:42.486890,599617490810871542,-40.00
2025-11-18 15:12:42.486890,599617490810871542,-38.00
2025-11-18 15:12:42.486890,599617490810871542,-31.00
2025-11-18 15:12:43.056101,599617491371553323,-21.00
2025-11-18 15:12:43.056101,599617491371553323,-9.00
2025-11-18 15:12:43.056101,599617491371553323,4.00
2025-11-18 15:12:43.056101,599617491371553323,2.00
2025-11-18 15:12:43.056101,599617491371553323,-12.00
2025-11-18 15:12:43.056101,599617491371553323,-24.00
2025-11-18 15:12:43.056101,599617491371553323,-24.00
2025-11-18 15:12:43.056101,599617491371553323,-26.00
2025-11-18 15:12:43.056101,599617491371553323,-31.00
2025-11-18 15:12:43.056101,599617491371553323,-31.00
2025-11-18 15:12:43.056101,599617491371553323,-31.00
2025-11-18 15:12:43.056101,599617491371553323,-33.00
2025-11-18 15:12:43.056101,599617491371553323,-33.00
2025-11-18 15:12:43.056101,599617491371553323,-31.00
2025-11-18 15:12:43.056101,599617491371553323,-33.00
2025-11-18 15:12:43.056101,599617491371553323,-36.00
2025-11-18 15:12:43.056101,599617491371553323,-38.00
2025-11-18 15:12:43.056101,599617491371553323,-52.00
2025-11-18 15:12:43.056101,599617491371553323,-57.00
2025-11-18 15:12:43.056101,599617491371553323,36.00
2025-11-18 15:12:43.056101,599617491371553323,272.00
2025-11-18 15:12:43.056101,599617491371553323,527.00
2025-11-18 15:12:43.056101,599617491371553323,525.00
2025-11-18 15:12:43.056101,599617491371553323,137.00
2025-11-18 15:12:43.056101,599617491371553323,-238.00
2025-11-18 15:12:43.056101,599617491371553323,-250.00
2025-11-18 15:12:43.056101,599617491371553323,-142.00
2025-11-18 15:12:43.056101,599617491371553323,-113.00
2025-11-18 15:12:43.056101,599617491371553323,-72.00
2025-11-18 15:12:43.056101,599617491371553323,-31.00
2025-11-18 15:12:43.056101,599617491371553323,-38.00
2025-11-18 15:12:43.056101,599617491371553323,-40.00
2025-11-18 15:12:43.056101,599617491371553323,-16.00
2025-11-18 15:12:43.056101,599617491371553323,-14.00
2025-11-18 15:12:43.056101,599617491371553323,-19.00
2025-11-18 15:12:43.056101,599617491371553323,-12.00
2025-11-18 15:12:43.056101,599617491371553323,-2.00
2025-11-18 15:12:43.056101,599617491371553323,0.00
2025-11-18 15:12:43.056101,599617491371553323,4.00
2025-11-18 15:12:43.056101,599617491371553323,9.00
2025-11-18 15:12:43.056101,599617491371553323,14.00
2025-11-18 15:12:43.056101,599617491371553323,21.00
2025-11-18 15:12:43.056101,599617491371553323,28.00
2025-11-18 15:12:43.056101,599617491371553323,33.00
2025-11-18 15:12:43.056101,599617491371553323,38.00
2025-11-18 15:12:43.056101,599617491371553323,48.00
2025-11-18 15:12:43.056101,599617491371553323,52.00
2025-11-18 15:12:43.056101,599617491371553323,65.00
2025-11-18 15:12:43.056101,599617491371553323,77.00
2025-11-18 15:12:43.056101,599617491371553323,86.00
2025-11-18 15:12:43.056101,599617491371553323,98.00
2025-11-18 15:12:43.056101,599617491371553323,108.00
2025-11-18 15:12:43.056101,599617491371553323,120.00
2025-11-18 15:12:43.056101,599617491371553323,127.00
2025-11-18 15:12:43.056101,599617491371553323,130.00
2025-11-18 15:12:43.056101,599617491371553323,122.00
2025-11-18 15:12:43.056101,599617491371553323,110.00
2025-11-18 15:12:43.056101,599617491371553323,96.00
2025-11-18 15:12:43.056101,599617491371553323,72.00
2025-11-18 15:12:43.056101,599617491371553323,36.00
2025-11-18 15:12:43.056101,599617491371553323,0.00
2025-11-18 15:12:43.056101,599617491371553323,-31.00
2025-11-18 15:12:43.056101,599617491371553323,-60.00
2025-11-18 15:12:43.056101,599617491371553323,-81.00
2025-11-18 15:12:43.056101,599617491371553323,-98.00
2025-11-18 15:12:43.056101,599617491371553323,-108.00
2025-11-18 15:12:43.056101,599617491371553323,-113.00
2025-11-18 15:12:43.056101,599617491371553323,-115.00
2025-11-18 15:12:43.056101,599617491371553323,-118.00
2025-11-18 15:12:43.056101,599617491371553323,-118.00
2025-11-18 15:12:43.056101,599617491371553323,-110.00
2025-11-18 15:12:43.056101,599617491371553323,-103.00
2025-11-18 15:12:43.056101,599617491371553323,-98.00
2025-11-18 15:12:43.597451,599617491932235106,-93.00
2025-11-18 15:12:43.597451,599617491932235106,-91.00
2025-11-18 15:12:43.597451,599617491932235106,-84.00
2025-11-18 15:12:43.597451,599617491932235106,-79.00
2025-11-18 15:12:43.597451,599617491932235106,-74.00
2025-11-18 15:12:43.597451,599617491932235106,-72.00
2025-11-18 15:12:43.597451,599617491932235106,-69.00
2025-11-18 15:12:43.597451,599617491932235106,-67.00
2025-11-18 15:12:43.597451,599617491932235106,-69.00
2025-11-18 15:12:43.597451,599617491932235106,-67.00
2025-11-18 15:12:43.597451,599617491932235106,-65.00
2025-11-18 15:12:43.597451,599617491932235106,-65.00
2025-11-18 15:12:43.597451,599617491932235106,-65.00
2025-11-18 15:12:43.597451,599617491932235106,-69.00
2025-11-18 15:12:43.597451,599617491932235106,-72.00
2025-11-18 15:12:43.597451,599617491932235106,-69.00
2025-11-18 15:12:43.597451,599617491932235106,-67.00
2025-11-18 15:12:43.597451,599617491932235106,-67.00
2025-11-18 15:12:43.597451,599617491932235106,-69.00
2025-11-18 15:12:43.597451,599617491932235106,-69.00
2025-11-18 15:12:43.597451,599617491932235106,-72.00
2025-11-18 15:12:43.597451,599617491932235106,-69.00
2025-11-18 15:12:43.597451,599617491932235106,-67.00
2025-11-18 15:12:43.597451,599617491932235106,-67.00
2025-11-18 15:12:43.597451,599617491932235106,-65.00
2025-11-18 15:12:43.597451,599617491932235106,-62.00
2025-11-18 15:12:43.597451,599617491932235106,-62.00
2025-11-18 15:12:43.597451,599617491932235106,-65.00
2025-11-18 15:12:43.597451,599617491932235106,-62.00
2025-11-18 15:12:43.597451,599617491932235106,-62.00
2025-11-18 15:12:43.597451,599617491932235106,-60.00
2025-11-18 15:12:43.597451,599617491932235106,-57.00
2025-11-18 15:12:43.597451,599617491932235106,-57.00
2025-11-18 15:12:43.597451,599617491932235106,-57.00
2025-11-18 15:12:43.597451,599617491932235106,-60.00
2025-11-18 15:12:43.597451,599617491932235106,-57.00
2025-11-18 15:12:43.597451,599617491932235106,-57.00
2025-11-18 15:12:43.597451,599617491932235106,-57.00
2025-11-18 15:12:43.597451,599617491932235106,-57.00
2025-11-18 15:12:43.597451,599617491932235106,-55.00
2025-11-18 15:12:43.597451,599617491932235106,-55.00
2025-11-18 15:12:43.597451,599617491932235106,-55.00
2025-11-18 15:12:43.597451,599617491932235106,-55.00
2025-11-18 15:12:43.597451,599617491932235106,-52.00
2025-11-18 15:12:43.597451,599617491932235106,-50.00
2025-11-18 15:12:43.597451,599617491932235106,-50.00
2025-11-18 15:12:43.597451,599617491932235106,-52.00
2025-11-18 15:12:43.597451,599617491932235106,-52.00
2025-11-18 15:12:43.597451,599617491932235106,-48.00
2025-11-18 15:12:43.597451,599617491932235106,-48.00
2025-11-18 15:12:43.597451,599617491932235106,-48.00
2025-11-18 15:12:43.597451,599617491932235106,-48.00
2025-11-18 15:12:43.597451,599617491932235106,-45.00
2025-11-18 15:12:43.597451,599617491932235106,-45.00
2025-11-18 15:12:43.597451,599617491932235106,-45.00
2025-11-18 15:12:43.597451,599617491932235106,-45.00
2025-11-18 15:12:43.597451,599617491932235106,-40.00
2025-11-18 15:12:43.597451,599617491932235106,-43.00
2025-11-18 15:12:43.597451,599617491932235106,-48.00
2025-11-18 15:12:43.597451,599617491932235106,-36.00
2025-11-18 15:12:43.597451,599617491932235106,-16.00
2025-11-18 15:12:43.597451,599617491932235106,-9.00
2025-11-18 15:12:43.597451,599617491932235106,-14.00
2025-11-18 15:12:43.597451,599617491932235106,-21.00
2025-11-18 15:12:43.597451,599617491932235106,-28.00
2025-11-18 15:12:43.597451,599617491932235106,-36.00
2025-11-18 15:12:43.597451,599617491932235106,-38.00
2025-11-18 15:12:43.597451,599617491932235106,-40.00
2025-11-18 15:12:43.597451,599617491932235106,-43.00
2025-11-18 15:12:43.597451,599617491932235106,-40.00
2025-11-18 15:12:43.597451,599617491932235106,-43.00
2025-11-18 15:12:43.597451,599617491932235106,-45.00
2025-11-18 15:12:43.597451,599617491932235106,-45.00
2025-11-18 15:12:44.166582,599617492492932147,-48.00
2025-11-18 15:12:44.166582,599617492492932147,-48.00
2025-11-18 15:12:44.166582,599617492492932147,-50.00
2025-11-18 15:12:44.166582,599617492492932147,-67.00
2025-11-18 15:12:44.166582,599617492492932147,-74.00
2025-11-18 15:12:44.166582,599617492492932147,21.00
2025-11-18 15:12:44.166582,599617492492932147,257.00
2025-11-18 15:12:44.166582,599617492492932147,513.00
2025-11-18 15:12:44.166582,599617492492932147,525.00
2025-11-18 15:12:44.166582,599617492492932147,161.00
2025-11-18 15:12:44.166582,599617492492932147,-209.00
2025-11-18 15:12:44.166582,599617492492932147,-243.00
2025-11-18 15:12:44.166582,599617492492932147,-151.00
2025-11-18 15:12:44.166582,599617492492932147,-127.00
2025-11-18 15:12:44.166582,599617492492932147,-89.00
2025-11-18 15:12:44.166582,599617492492932147,-48.00
2025-11-18 15:12:44.166582,599617492492932147,-57.00
2025-11-18 15:12:44.166582,599617492492932147,-62.00
2025-11-18 15:12:44.166582,599617492492932147,-38.00
2025-11-18 15:12:44.166582,599617492492932147,-31.00
2025-11-18 15:12:44.166582,599617492492932147,-31.00
2025-11-18 15:12:44.166582,599617492492932147,-26.00
2025-11-18 15:12:44.166582,599617492492932147,-19.00
2025-11-18 15:12:44.166582,599617492492932147,-16.00
2025-11-18 15:12:44.166582,599617492492932147,-12.00
2025-11-18 15:12:44.166582,599617492492932147,-7.00
2025-11-18 15:12:44.166582,599617492492932147,-2.00
2025-11-18 15:12:44.166582,599617492492932147,4.00
2025-11-18 15:12:44.166582,599617492492932147,9.00
2025-11-18 15:12:44.166582,599617492492932147,16.00
2025-11-18 15:12:44.166582,599617492492932147,26.00
2025-11-18 15:12:44.166582,599617492492932147,31.00
2025-11-18 15:12:44.166582,599617492492932147,38.00
2025-11-18 15:12:44.166582,599617492492932147,48.00
2025-11-18 15:12:44.166582,599617492492932147,57.00
2025-11-18 15:12:44.166582,599617492492932147,72.00
2025-11-18 15:12:44.166582,599617492492932147,86.00
2025-11-18 15:12:44.166582,599617492492932147,98.00
2025-11-18 15:12:44.166582,599617492492932147,105.00
2025-11-18 15:12:44.166582,599617492492932147,113.00
2025-11-18 15:12:44.166582,599617492492932147,118.00
2025-11-18 15:12:44.166582,599617492492932147,120.00
2025-11-18 15:12:44.166582,599617492492932147,113.00
2025-11-18 15:12:44.166582,599617492492932147,98.00
2025-11-18 15:12:44.166582,599617492492932147,72.00
2025-11-18 15:12:44.166582,599617492492932147,40.00
2025-11-18 15:12:44.166582,599617492492932147,4.00
2025-11-18 15:12:44.166582,599617492492932147,-28.00
2025-11-18 15:12:44.166582,599617492492932147,-60.00
2025-11-18 15:12:44.166582,599617492492932147,-86.00
2025-11-18 15:12:44.166582,599617492492932147,-103.00
2025-11-18 15:12:44.166582,599617492492932147,-113.00
2025-11-18 15:12:44.166582,599617492492932147,-122.00
2025-11-18 15:12:44.166582,599617492492932147,-127.00
2025-11-18 15:12:44.166582,599617492492932147,-125.00
2025-11-18 15:12:44.166582,599617492492932147,-120.00
2025-11-18 15:12:44.166582,599617492492932147,-118.00
2025-11-18 15:12:44.166582,599617492492932147,-113.00
2025-11-18 15:12:44.166582,599617492492932147,-110.00
2025-11-18 15:12:44.166582,599617492492932147,-105.00
2025-11-18 15:12:44.166582,599617492492932147,-98.00
2025-11-18 15:12:44.166582,599617492492932147,-96.00
2025-11-18 15:12:44.166582,599617492492932147,-89.00
2025-11-18 15:12:44.166582,599617492492932147,-84.00
2025-11-18 15:12:44.166582,599617492492932147,-81.00
2025-11-18 15:12:44.166582,599617492492932147,-77.00
2025-11-18 15:12:44.166582,599617492492932147,-72.00
2025-11-18 15:12:44.166582,599617492492932147,-74.00
2025-11-18 15:12:44.166582,599617492492932147,-74.00
2025-11-18 15:12:44.166582,599617492492932147,-69.00
2025-11-18 15:12:44.166582,599617492492932147,-67.00
2025-11-18 15:12:44.166582,599617492492932147,-67.00
2025-11-18 15:12:44.166582,599617492492932147,-69.00
2025-11-18 15:12:44.737969,599617493053598670,-72.00
2025-11-18 15:12:44.737969,599617493053598670,-72.00
2025-11-18 15:12:44.737969,599617493053598670,-67.00
2025-11-18 15:12:44.737969,599617493053598670,-65.00
2025-11-18 15:12:44.737969,599617493053598670,-69.00
2025-11-18 15:12:44.737969,599617493053598670,-74.00
2025-11-18 15:12:44.737969,599617493053598670,-72.00
2025-11-18 15:12:44.737969,599617493053598670,-69.00
2025-11-18 15:12:44.737969,599617493053598670,-62.00
2025-11-18 15:12:44.737969,599617493053598670,-60.00
2025-11-18 15:12:44.737969,599617493053598670,-62.00
2025-11-18 15:12:44.737969,599617493053598670,-65.00
2025-11-18 15:12:44.737969,599617493053598670,-62.00
2025-11-18 15:12:44.737969,599617493053598670,-60.00
2025-11-18 15:12:44.737969,599617493053598670,-60.00
2025-11-18 15:12:44.737969,599617493053598670,-57.00
2025-11-18 15:12:44.737969,599617493053598670,-57.00
2025-11-18 15:12:44.737969,599617493053598670,-60.00
2025-11-18 15:12:44.737969,599617493053598670,-60.00
2025-11-18 15:12:44.737969,599617493053598670,-60.00
2025-11-18 15:12:44.737969,599617493053598670,-57.00
2025-11-18 15:12:44.737969,599617493053598670,-55.00
2025-11-18 15:12:44.737969,599617493053598670,-52.00
2025-11-18 15:12:44.737969,599617493053598670,-50.00
2025-11-18 15:12:44.737969,599617493053598670,-52.00
2025-11-18 15:12:44.737969,599617493053598670,-60.00
2025-11-18 15:12:44.737969,599617493053598670,-57.00
2025-11-18 15:12:44.737969,599617493053598670,-50.00
2025-11-18 15:12:44.737969,599617493053598670,-45.00
2025-11-18 15:12:44.737969,599617493053598670,-48.00
2025-11-18 15:12:44.737969,599617493053598670,-55.00
2025-11-18 15:12:44.737969,599617493053598670,-55.00
2025-11-18 15:12:44.737969,599617493053598670,-50.00
2025-11-18 15:12:44.737969,599617493053598670,-50.00
2025-11-18 15:12:44.737969,599617493053598670,-50.00
2025-11-18 15:12:44.737969,599617493053598670,-48.00
2025-11-18 15:12:44.737969,599617493053598670,-50.00
2025-11-18 15:12:44.737969,599617493053598670,-50.00
2025-11-18 15:12:44.737969,599617493053598670,-48.00
2025-11-18 15:12:44.737969,599617493053598670,-48.00
2025-11-18 15:12:44.737969,599617493053598670,-50.00
2025-11-18 15:12:44.737969,599617493053598670,-50.00
2025-11-18 15:12:44.737969,599617493053598670,-50.00
2025-11-18 15:12:44.737969,599617493053598670,-48.00
2025-11-18 15:12:44.737969,599617493053598670,-45.00
2025-11-18 15:12:44.737969,599617493053598670,-50.00
2025-11-18 15:12:44.737969,599617493053598670,-52.00
2025-11-18 15:12:44.737969,599617493053598670,-48.00
2025-11-18 15:12:44.737969,599617493053598670,-48.00
2025-11-18 15:12:44.737969,599617493053598670,-50.00
2025-11-18 15:12:44.737969,599617493053598670,-48.00
2025-11-18 15:12:44.737969,599617493053598670,-36.00
2025-11-18 15:12:44.737969,599617493053598670,-21.00
2025-11-18 15:12:44.737969,599617493053598670,-9.00
2025-11-18 15:12:44.737969,599617493053598670,-9.00
2025-11-18 15:12:44.737969,599617493053598670,-19.00
2025-11-18 15:12:44.737969,599617493053598670,-28.00
2025-11-18 15:12:44.737969,599617493053598670,-38.00
2025-11-18 15:12:44.737969,599617493053598670,-43.00
2025-11-18 15:12:44.737969,599617493053598670,-48.00
2025-11-18 15:12:44.737969,599617493053598670,-48.00
2025-11-18 15:12:44.737969,599617493053598670,-45.00
2025-11-18 15:12:44.737969,599617493053598670,-45.00
2025-11-18 15:12:44.737969,599617493053598670,-50.00
2025-11-18 15:12:44.737969,599617493053598670,-48.00
2025-11-18 15:12:44.737969,599617493053598670,-48.00
2025-11-18 15:12:44.737969,599617493053598670,-52.00
2025-11-18 15:12:44.737969,599617493053598670,-60.00
2025-11-18 15:12:44.737969,599617493053598670,-72.00
2025-11-18 15:12:44.737969,599617493053598670,-79.00
2025-11-18 15:12:44.737969,599617493053598670,0.00
2025-11-18 15:12:44.737969,599617493053598670,219.00
2025-11-18 15:12:44.737969,599617493053598670,467.00
2025-11-18 15:12:45.309258,599617493614295713,501.00
2025-11-18 15:12:45.309258,599617493614295713,156.00
2025-11-18 15:12:45.309258,599617493614295713,-245.00
2025-11-18 15:12:45.309258,599617493614295713,-301.00
2025-11-18 15:12:45.309258,599617493614295713,-183.00
2025-11-18 15:12:45.309258,599617493614295713,-144.00
2025-11-18 15:12:45.309258,599617493614295713,-110.00
2025-11-18 15:12:45.309258,599617493614295713,-57.00
2025-11-18 15:12:45.309258,599617493614295713,-57.00
2025-11-18 15:12:45.309258,599617493614295713,-65.00
2025-11-18 15:12:45.309258,599617493614295713,-43.00
2025-11-18 15:12:45.309258,599617493614295713,-33.00
2025-11-18 15:12:45.309258,599617493614295713,-38.00
2025-11-18 15:12:45.309258,599617493614295713,-31.00
2025-11-18 15:12:45.309258,599617493614295713,-19.00
2025-11-18 15:12:45.309258,599617493614295713,-16.00
2025-11-18 15:12:45.309258,599617493614295713,-16.00
2025-11-18 15:12:45.309258,599617493614295713,-12.00
2025-11-18 15:12:45.309258,599617493614295713,-7.00
2025-11-18 15:12:45.309258,599617493614295713,-2.00
2025-11-18 15:12:45.309258,599617493614295713,2.00
2025-11-18 15:12:45.309258,599617493614295713,12.00
2025-11-18 15:12:45.309258,599617493614295713,21.00
2025-11-18 15:12:45.309258,599617493614295713,26.00
2025-11-18 15:12:45.309258,599617493614295713,38.00
2025-11-18 15:12:45.309258,599617493614295713,48.00
2025-11-18 15:12:45.309258,599617493614295713,57.00
2025-11-18 15:12:45.309258,599617493614295713,67.00
2025-11-18 15:12:45.309258,599617493614295713,81.00
2025-11-18 15:12:45.309258,599617493614295713,93.00
2025-11-18 15:12:45.309258,599617493614295713,103.00
2025-11-18 15:12:45.309258,599617493614295713,110.00
2025-11-18 15:12:45.309258,599617493614295713,115.00
2025-11-18 15:12:45.309258,599617493614295713,120.00
2025-11-18 15:12:45.309258,599617493614295713,118.00
2025-11-18 15:12:45.309258,599617493614295713,105.00
2025-11-18 15:12:45.309258,599617493614295713,79.00
2025-11-18 15:12:45.309258,599617493614295713,43.00
2025-11-18 15:12:45.309258,599617493614295713,9.00
2025-11-18 15:12:45.309258,599617493614295713,-28.00
2025-11-18 15:12:45.309258,599617493614295713,-62.00
2025-11-18 15:12:45.309258,599617493614295713,-84.00
2025-11-18 15:12:45.309258,599617493614295713,-101.00
2025-11-18 15:12:45.309258,599617493614295713,-118.00
2025-11-18 15:12:45.309258,599617493614295713,-125.00
2025-11-18 15:12:45.309258,599617493614295713,-130.00
2025-11-18 15:12:45.309258,599617493614295713,-132.00
2025-11-18 15:12:45.309258,599617493614295713,-132.00
2025-11-18 15:12:45.309258,599617493614295713,-130.00
2025-11-18 15:12:45.309258,599617493614295713,-120.00
2025-11-18 15:12:45.309258,599617493614295713,-115.00
2025-11-18 15:12:45.309258,599617493614295713,-113.00
2025-11-18 15:12:45.309258,599617493614295713,-108.00
2025-11-18 15:12:45.309258,599617493614295713,-98.00
2025-11-18 15:12:45.309258,599617493614295713,-91.00
2025-11-18 15:12:45.309258,599617493614295713,-89.00
2025-11-18 15:12:45.309258,599617493614295713,-84.00
2025-11-18 15:12:45.309258,599617493614295713,-81.00
2025-11-18 15:12:45.309258,599617493614295713,-81.00
2025-11-18 15:12:45.309258,599617493614295713,-74.00
2025-11-18 15:12:45.309258,599617493614295713,-69.00
2025-11-18 15:12:45.309258,599617493614295713,-74.00
2025-11-18 15:12:45.309258,599617493614295713,-77.00
2025-11-18 15:12:45.309258,599617493614295713,-72.00
2025-11-18 15:12:45.309258,599617493614295713,-69.00
2025-11-18 15:12:45.309258,599617493614295713,-72.00
2025-11-18 15:12:45.309258,599617493614295713,-72.00
2025-11-18 15:12:45.309258,599617493614295713,-69.00
2025-11-18 15:12:45.309258,599617493614295713,-72.00
2025-11-18 15:12:45.309258,599617493614295713,-69.00
2025-11-18 15:12:45.309258,599617493614295713,-62.00
2025-11-18 15:12:45.309258,599617493614295713,-62.00
2025-11-18 15:12:45.309258,599617493614295713,-67.00
2025-11-18 15:12:45.847917,599617494174992754,-69.00
2025-11-18 15:12:45.847917,599617494174992754,-67.00
2025-11-18 15:12:45.847917,599617494174992754,-60.00
2025-11-18 15:12:45.847917,599617494174992754,-55.00
2025-11-18 15:12:45.847917,599617494174992754,-55.00
2025-11-18 15:12:45.847917,599617494174992754,-60.00
2025-11-18 15:12:45.847917,599617494174992754,-62.00
2025-11-18 15:12:45.847917,599617494174992754,-57.00
2025-11-18 15:12:45.847917,599617494174992754,-50.00
2025-11-18 15:12:45.847917,599617494174992754,-55.00
2025-11-18 15:12:45.847917,599617494174992754,-57.00
2025-11-18 15:12:45.847917,599617494174992754,-55.00
2025-11-18 15:12:45.847917,599617494174992754,-50.00
2025-11-18 15:12:45.847917,599617494174992754,-50.00
2025-11-18 15:12:45.847917,599617494174992754,-50.00
2025-11-18 15:12:45.847917,599617494174992754,-45.00
2025-11-18 15:12:45.847917,599617494174992754,-45.00
2025-11-18 15:12:45.847917,599617494174992754,-48.00
2025-11-18 15:12:45.847917,599617494174992754,-48.00
2025-11-18 15:12:45.847917,599617494174992754,-48.00
2025-11-18 15:12:45.847917,599617494174992754,-48.00
2025-11-18 15:12:45.847917,599617494174992754,-50.00
2025-11-18 15:12:45.847917,599617494174992754,-50.00
2025-11-18 15:12:45.847917,599617494174992754,-48.00
2025-11-18 15:12:45.847917,599617494174992754,-43.00
2025-11-18 15:12:45.847917,599617494174992754,-40.00
2025-11-18 15:12:45.847917,599617494174992754,-43.00
2025-11-18 15:12:45.847917,599617494174992754,-43.00
2025-11-18 15:12:45.847917,599617494174992754,-38.00
2025-11-18 15:12:45.847917,599617494174992754,-38.00
2025-11-18 15:12:45.847917,599617494174992754,-40.00
2025-11-18 15:12:45.847917,599617494174992754,-38.00
2025-11-18 15:12:45.847917,599617494174992754,-36.00
2025-11-18 15:12:45.847917,599617494174992754,-33.00
2025-11-18 15:12:45.847917,599617494174992754,-33.00
2025-11-18 15:12:45.847917,599617494174992754,-31.00
2025-11-18 15:12:45.847917,599617494174992754,-21.00
2025-11-18 15:12:45.847917,599617494174992754,-9.00
2025-11-18 15:12:45.847917,599617494174992754,2.00
2025-11-18 15:12:45.847917,599617494174992754,0.00
2025-11-18 15:12:45.847917,599617494174992754,-7.00
2025-11-18 15:12:45.847917,599617494174992754,-12.00
2025-11-18 15:12:45.847917,599617494174992754,-21.00
2025-11-18 15:12:45.847917,599617494174992754,-26.00
2025-11-18 15:12:45.847917,599617494174992754,-24.00
2025-11-18 15:12:45.847917,599617494174992754,-24.00
2025-11-18 15:12:45.847917,599617494174992754,-26.00
2025-11-18 15:12:45.847917,599617494174992754,-26.00
2025-11-18 15:12:45.847917,599617494174992754,-28.00
2025-11-18 15:12:45.847917,599617494174992754,-33.00
2025-11-18 15:12:45.847917,599617494174992754,-31.00
2025-11-18 15:12:45.847917,599617494174992754,-28.00
2025-11-18 15:12:45.847917,599617494174992754,-33.00
2025-11-18 15:12:45.847917,599617494174992754,-52.00
2025-11-18 15:12:45.847917,599617494174992754,-65.00
2025-11-18 15:12:45.847917,599617494174992754,19.00
2025-11-18 15:12:45.847917,599617494174992754,245.00
2025-11-18 15:12:45.847917,599617494174992754,503.00
2025-11-18 15:12:45.847917,599617494174992754,525.00
2025-11-18 15:12:45.847917,599617494174992754,158.00
2025-11-18 15:12:45.847917,599617494174992754,-245.00
2025-11-18 15:12:45.847917,599617494174992754,-281.00
2025-11-18 15:12:45.847917,599617494174992754,-156.00
2025-11-18 15:12:45.847917,599617494174992754,-118.00
2025-11-18 15:12:45.847917,599617494174992754,-79.00
2025-11-18 15:12:45.847917,599617494174992754,-31.00
2025-11-18 15:12:45.847917,599617494174992754,-31.00
2025-11-18 15:12:45.847917,599617494174992754,-40.00
2025-11-18 15:12:45.847917,599617494174992754,-24.00
2025-11-18 15:12:45.847917,599617494174992754,-16.00
2025-11-18 15:12:45.847917,599617494174992754,-19.00
2025-11-18 15:12:45.847917,599617494174992754,-9.00
2025-11-18 15:12:45.847917,599617494174992754,2.00
2025-11-18 15:12:46.416961,599617494735689795,4.00
2025-11-18 15:12:46.416961,599617494735689795,2.00
2025-11-18 15:12:46.416961,599617494735689795,4.00
2025-11-18 15:12:46.416961,599617494735689795,14.00
2025-11-18 15:12:46.416961,599617494735689795,24.00
2025-11-18 15:12:46.416961,599617494735689795,21.00
2025-11-18 15:12:46.416961,599617494735689795,26.00
2025-11-18 15:12:46.416961,599617494735689795,38.00
2025-11-18 15:12:46.416961,599617494735689795,48.00
2025-11-18 15:12:46.416961,599617494735689795,55.00
2025-11-18 15:12:46.416961,599617494735689795,67.00
2025-11-18 15:12:46.416961,599617494735689795,81.00
2025-11-18 15:12:46.416961,599617494735689795,93.00
2025-11-18 15:12:46.416961,599617494735689795,103.00
2025-11-18 15:12:46.416961,599617494735689795,113.00
2025-11-18 15:12:46.416961,599617494735689795,125.00
2025-11-18 15:12:46.416961,599617494735689795,137.00
2025-11-18 15:12:46.416961,599617494735689795,142.00
2025-11-18 15:12:46.416961,599617494735689795,134.00
2025-11-18 15:12:46.416961,599617494735689795,127.00
2025-11-18 15:12:46.416961,599617494735689795,118.00
2025-11-18 15:12:46.416961,599617494735689795,93.00
2025-11-18 15:12:46.416961,599617494735689795,55.00
2025-11-18 15:12:46.416961,599617494735689795,16.00
2025-11-18 15:12:46.416961,599617494735689795,-16.00
2025-11-18 15:12:46.416961,599617494735689795,-50.00
2025-11-18 15:12:46.416961,599617494735689795,-77.00
2025-11-18 15:12:46.416961,599617494735689795,-96.00
2025-11-18 15:12:46.416961,599617494735689795,-103.00
2025-11-18 15:12:46.416961,599617494735689795,-108.00
2025-11-18 15:12:46.416961,599617494735689795,-113.00
2025-11-18 15:12:46.416961,599617494735689795,-120.00
2025-11-18 15:12:46.416961,599617494735689795,-120.00
2025-11-18 15:12:46.416961,599617494735689795,-113.00
2025-11-18 15:12:46.416961,599617494735689795,-105.00
2025-11-18 15:12:46.416961,599617494735689795,-103.00
2025-11-18 15:12:46.416961,599617494735689795,-101.00
2025-11-18 15:12:46.416961,599617494735689795,-89.00
2025-11-18 15:12:46.416961,599617494735689795,-79.00
2025-11-18 15:12:46.416961,599617494735689795,-84.00
2025-11-18 15:12:46.416961,599617494735689795,-84.00
2025-11-18 15:12:46.416961,599617494735689795,-74.00
2025-11-18 15:12:46.416961,599617494735689795,-67.00
2025-11-18 15:12:46.416961,599617494735689795,-67.00
2025-11-18 15:12:46.416961,599617494735689795,-65.00
2025-11-18 15:12:46.416961,599617494735689795,-62.00
2025-11-18 15:12:46.416961,599617494735689795,-62.00
2025-11-18 15:12:46.416961,599617494735689795,-62.00
2025-11-18 15:12:46.416961,599617494735689795,-62.00
2025-11-18 15:12:46.416961,599617494735689795,-60.00
2025-11-18 15:12:46.416961,599617494735689795,-67.00
2025-11-18 15:12:46.416961,599617494735689795,-72.00
2025-11-18 15:12:46.416961,599617494735689795,-72.00
2025-11-18 15:12:46.416961,599617494735689795,-67.00
2025-11-18 15:12:46.416961,599617494735689795,-65.00
2025-11-18 15:12:46.416961,599617494735689795,-69.00
2025-11-18 15:12:46.416961,599617494735689795,-69.00
2025-11-18 15:12:46.416961,599617494735689795,-65.00
2025-11-18 15:12:46.416961,599617494735689795,-57.00
2025-11-18 15:12:46.416961,599617494735689795,-67.00
2025-11-18 15:12:46.416961,599617494735689795,-77.00
2025-11-18 15:12:46.416961,599617494735689795,-72.00
2025-11-18 15:12:46.416961,599617494735689795,-72.00
2025-11-18 15:12:46.416961,599617494735689795,-74.00
2025-11-18 15:12:46.416961,599617494735689795,-74.00
2025-11-18 15:12:46.416961,599617494735689795,-72.00
2025-11-18 15:12:46.416961,599617494735689795,-74.00
2025-11-18 15:12:46.416961,599617494735689795,-77.00
2025-11-18 15:12:46.416961,599617494735689795,-72.00
2025-11-18 15:12:46.416961,599617494735689795,-72.00
2025-11-18 15:12:46.416961,599617494735689795,-77.00
2025-11-18 15:12:46.416961,599617494735689795,-74.00
2025-11-18 15:12:46.416961,599617494735689795,-77.00
2025-11-18 15:12:46.957072,599617495296356318,-81.00
2025-11-18 15:12:46.957072,599617495296356318,-79.00
2025-11-18 15:12:46.957072,599617495296356318,-74.00
2025-11-18 15:12:46.957072,599617495296356318,-74.00
2025-11-18 15:12:46.957072,599617495296356318,-74.00
2025-11-18 15:12:46.957072,599617495296356318,-74.00
2025-11-18 15:12:46.957072,599617495296356318,-77.00
2025-11-18 15:12:46.957072,599617495296356318,-77.00
2025-11-18 15:12:46.957072,599617495296356318,-72.00
2025-11-18 15:12:46.957072,599617495296356318,-72.00
2025-11-18 15:12:46.957072,599617495296356318,-79.00
2025-11-18 15:12:46.957072,599617495296356318,-77.00
2025-11-18 15:12:46.957072,599617495296356318,-69.00
2025-11-18 15:12:46.957072,599617495296356318,-67.00
2025-11-18 15:12:46.957072,599617495296356318,-72.00
2025-11-18 15:12:46.957072,599617495296356318,-74.00
2025-11-18 15:12:46.957072,599617495296356318,-72.00
2025-11-18 15:12:46.957072,599617495296356318,-69.00
2025-11-18 15:12:46.957072,599617495296356318,-67.00
2025-11-18 15:12:46.957072,599617495296356318,-65.00
2025-11-18 15:12:46.957072,599617495296356318,-65.00
2025-11-18 15:12:46.957072,599617495296356318,-57.00
2025-11-18 15:12:46.957072,599617495296356318,-38.00
2025-11-18 15:12:46.957072,599617495296356318,-24.00
2025-11-18 15:12:46.957072,599617495296356318,-31.00
2025-11-18 15:12:46.957072,599617495296356318,-40.00
2025-11-18 15:12:46.957072,599617495296356318,-45.00
2025-11-18 15:12:46.957072,599617495296356318,-52.00
2025-11-18 15:12:46.957072,599617495296356318,-57.00
2025-11-18 15:12:46.957072,599617495296356318,-52.00
2025-11-18 15:12:46.957072,599617495296356318,-55.00
2025-11-18 15:12:46.957072,599617495296356318,-60.00
2025-11-18 15:12:46.957072,599617495296356318,-52.00
2025-11-18 15:12:46.957072,599617495296356318,-48.00
2025-11-18 15:12:46.957072,599617495296356318,-55.00
2025-11-18 15:12:46.957072,599617495296356318,-52.00
2025-11-18 15:12:46.957072,599617495296356318,-50.00
2025-11-18 15:12:46.957072,599617495296356318,-52.00
2025-11-18 15:12:46.957072,599617495296356318,-65.00
2025-11-18 15:12:46.957072,599617495296356318,-72.00
2025-11-18 15:12:46.957072,599617495296356318,19.00
2025-11-18 15:12:46.957072,599617495296356318,267.00
2025-11-18 15:12:46.957072,599617495296356318,546.00
2025-11-18 15:12:46.957072,599617495296356318,558.00
2025-11-18 15:12:46.957072,599617495296356318,154.00
2025-11-18 15:12:46.957072,599617495296356318,-255.00
2025-11-18 15:12:46.957072,599617495296356318,-269.00
2025-11-18 15:12:46.957072,599617495296356318,-146.00
2025-11-18 15:12:46.957072,599617495296356318,-120.00
2025-11-18 15:12:46.957072,599617495296356318,-79.00
2025-11-18 15:12:46.957072,599617495296356318,-28.00
2025-11-18 15:12:46.957072,599617495296356318,-38.00
2025-11-18 15:12:46.957072,599617495296356318,-40.00
2025-11-18 15:12:46.957072,599617495296356318,-16.00
2025-11-18 15:12:46.957072,599617495296356318,-7.00
2025-11-18 15:12:46.957072,599617495296356318,-12.00
2025-11-18 15:12:46.957072,599617495296356318,-12.00
2025-11-18 15:12:46.957072,599617495296356318,-7.00
2025-11-18 15:12:46.957072,599617495296356318,0.00
2025-11-18 15:12:46.957072,599617495296356318,4.00
2025-11-18 15:12:46.957072,599617495296356318,7.00
2025-11-18 15:12:46.957072,599617495296356318,14.00
2025-11-18 15:12:46.957072,599617495296356318,24.00
2025-11-18 15:12:46.957072,599617495296356318,31.00
2025-11-18 15:12:46.957072,599617495296356318,36.00
2025-11-18 15:12:46.957072,599617495296356318,40.00
2025-11-18 15:12:46.957072,599617495296356318,48.00
2025-11-18 15:12:46.957072,599617495296356318,57.00
2025-11-18 15:12:46.957072,599617495296356318,65.00
2025-11-18 15:12:46.957072,599617495296356318,77.00
2025-11-18 15:12:46.957072,599617495296356318,89.00
2025-11-18 15:12:46.957072,599617495296356318,103.00
2025-11-18 15:12:46.957072,599617495296356318,118.00
2025-11-18 15:12:47.525694,599617495857053359,130.00
2025-11-18 15:12:47.525694,599617495857053359,137.00
2025-11-18 15:12:47.525694,599617495857053359,142.00
2025-11-18 15:12:47.525694,599617495857053359,142.00
2025-11-18 15:12:47.525694,599617495857053359,132.00
2025-11-18 15:12:47.525694,599617495857053359,113.00
2025-11-18 15:12:47.525694,599617495857053359,89.00
2025-11-18 15:12:47.525694,599617495857053359,55.00
2025-11-18 15:12:47.525694,599617495857053359,16.00
2025-11-18 15:12:47.525694,599617495857053359,-19.00
2025-11-18 15:12:47.525694,599617495857053359,-48.00
2025-11-18 15:12:47.525694,599617495857053359,-79.00
2025-11-18 15:12:47.525694,599617495857053359,-98.00
2025-11-18 15:12:47.525694,599617495857053359,-105.00
2025-11-18 15:12:47.525694,599617495857053359,-113.00
2025-11-18 15:12:47.525694,599617495857053359,-120.00
2025-11-18 15:12:47.525694,599617495857053359,-120.00
2025-11-18 15:12:47.525694,599617495857053359,-118.00
2025-11-18 15:12:47.525694,599617495857053359,-118.00
2025-11-18 15:12:47.525694,599617495857053359,-113.00
2025-11-18 15:12:47.525694,599617495857053359,-108.00
2025-11-18 15:12:47.525694,599617495857053359,-103.00
2025-11-18 15:12:47.525694,599617495857053359,-96.00
2025-11-18 15:12:47.525694,599617495857053359,-89.00
2025-11-18 15:12:47.525694,599617495857053359,-81.00
2025-11-18 15:12:47.525694,599617495857053359,-74.00
2025-11-18 15:12:47.525694,599617495857053359,-72.00
2025-11-18 15:12:47.525694,599617495857053359,-74.00
2025-11-18 15:12:47.525694,599617495857053359,-69.00
2025-11-18 15:12:47.525694,599617495857053359,-65.00
2025-11-18 15:12:47.525694,599617495857053359,-67.00
2025-11-18 15:12:47.525694,599617495857053359,-65.00
2025-11-18 15:12:47.525694,599617495857053359,-62.00
2025-11-18 15:12:47.525694,599617495857053359,-62.00
2025-11-18 15:12:47.525694,599617495857053359,-60.00
2025-11-18 15:12:47.525694,599617495857053359,-57.00
2025-11-18 15:12:47.525694,599617495857053359,-62.00
2025-11-18 15:12:47.525694,599617495857053359,-62.00
2025-11-18 15:12:47.525694,599617495857053359,-60.00
2025-11-18 15:12:47.525694,599617495857053359,-60.00
2025-11-18 15:12:47.525694,599617495857053359,-62.00
2025-11-18 15:12:47.525694,599617495857053359,-65.00
2025-11-18 15:12:47.525694,599617495857053359,-62.00
2025-11-18 15:12:47.525694,599617495857053359,-60.00
2025-11-18 15:12:47.525694,599617495857053359,-60.00
2025-11-18 15:12:47.525694,599617495857053359,-60.00
2025-11-18 15:12:47.525694,599617495857053359,-57.00
2025-11-18 15:12:47.525694,599617495857053359,-55.00
2025-11-18 15:12:47.525694,599617495857053359,-52.00
2025-11-18 15:12:47.525694,599617495857053359,-52.00
2025-11-18 15:12:47.525694,599617495857053359,-55.00
2025-11-18 15:12:47.525694,599617495857053359,-57.00
2025-11-18 15:12:47.525694,599617495857053359,-52.00
2025-11-18 15:12:47.525694,599617495857053359,-48.00
2025-11-18 15:12:47.525694,599617495857053359,-48.00
2025-11-18 15:12:47.525694,599617495857053359,-48.00
2025-11-18 15:12:47.525694,599617495857053359,-48.00
2025-11-18 15:12:47.525694,599617495857053359,-50.00
2025-11-18 15:12:47.525694,599617495857053359,-48.00
2025-11-18 15:12:47.525694,599617495857053359,-43.00
2025-11-18 15:12:47.525694,599617495857053359,-43.00
2025-11-18 15:12:47.525694,599617495857053359,-45.00
2025-11-18 15:12:47.525694,599617495857053359,-45.00
2025-11-18 15:12:47.525694,599617495857053359,-50.00
2025-11-18 15:12:47.525694,599617495857053359,-52.00
2025-11-18 15:12:47.525694,599617495857053359,-43.00
2025-11-18 15:12:47.525694,599617495857053359,-40.00
2025-11-18 15:12:47.525694,599617495857053359,-43.00
2025-11-18 15:12:47.525694,599617495857053359,-48.00
2025-11-18 15:12:47.525694,599617495857053359,-43.00
2025-11-18 15:12:47.525694,599617495857053359,-38.00
2025-11-18 15:12:47.525694,599617495857053359,-38.00
2025-11-18 15:12:47.525694,599617495857053359,-40.00
2025-11-18 15:12:48.067222,599617496417750400,-45.00
2025-11-18 15:12:48.067222,599617496417750400,-48.00
2025-11-18 15:12:48.067222,599617496417750400,-45.00
2025-11-18 15:12:48.067222,599617496417750400,-45.00
2025-11-18 15:12:48.067222,599617496417750400,-45.00
2025-11-18 15:12:48.067222,599617496417750400,-43.00
2025-11-18 15:12:48.067222,599617496417750400,-43.00
2025-11-18 15:12:48.067222,599617496417750400,-43.00
2025-11-18 15:12:48.067222,599617496417750400,-38.00
2025-11-18 15:12:48.067222,599617496417750400,-36.00
2025-11-18 15:12:48.067222,599617496417750400,-28.00
2025-11-18 15:12:48.067222,599617496417750400,-16.00
2025-11-18 15:12:48.067222,599617496417750400,-4.00
2025-11-18 15:12:48.067222,599617496417750400,-2.00
2025-11-18 15:12:48.067222,599617496417750400,-7.00
2025-11-18 15:12:48.067222,599617496417750400,-12.00
2025-11-18 15:12:48.067222,599617496417750400,-16.00
2025-11-18 15:12:48.067222,599617496417750400,-26.00
2025-11-18 15:12:48.067222,599617496417750400,-38.00
2025-11-18 15:12:48.067222,599617496417750400,-40.00
2025-11-18 15:12:48.067222,599617496417750400,-36.00
2025-11-18 15:12:48.067222,599617496417750400,-36.00
2025-11-18 15:12:48.067222,599617496417750400,-40.00
2025-11-18 15:12:48.067222,599617496417750400,-38.00
2025-11-18 15:12:48.067222,599617496417750400,-33.00
2025-11-18 15:12:48.067222,599617496417750400,-36.00
2025-11-18 15:12:48.067222,599617496417750400,-40.00
2025-11-18 15:12:48.067222,599617496417750400,-55.00
2025-11-18 15:12:48.067222,599617496417750400,-65.00
2025-11-18 15:12:48.067222,599617496417750400,-9.00
2025-11-18 15:12:48.067222,599617496417750400,195.00
2025-11-18 15:12:48.067222,599617496417750400,508.00
2025-11-18 15:12:48.067222,599617496417750400,664.00
2025-11-18 15:12:48.067222,599617496417750400,378.00
2025-11-18 15:12:48.067222,599617496417750400,-115.00
2025-11-18 15:12:48.067222,599617496417750400,-281.00
2025-11-18 15:12:48.067222,599617496417750400,-175.00
2025-11-18 15:12:48.067222,599617496417750400,-130.00
2025-11-18 15:12:48.067222,599617496417750400,-113.00
2025-11-18 15:12:48.067222,599617496417750400,-65.00
2025-11-18 15:12:48.067222,599617496417750400,-60.00
2025-11-18 15:12:48.067222,599617496417750400,-69.00
2025-11-18 15:12:48.067222,599617496417750400,-50.00
2025-11-18 15:12:48.067222,599617496417750400,-38.00
2025-11-18 15:12:48.067222,599617496417750400,-43.00
2025-11-18 15:12:48.067222,599617496417750400,-38.00
2025-11-18 15:12:48.067222,599617496417750400,-28.00
2025-11-18 15:12:48.067222,599617496417750400,-26.00
2025-11-18 15:12:48.067222,599617496417750400,-24.00
2025-11-18 15:12:48.067222,599617496417750400,-19.00
2025-11-18 15:12:48.067222,599617496417750400,-14.00
2025-11-18 15:12:48.067222,599617496417750400,-9.00
2025-11-18 15:12:48.067222,599617496417750400,-2.00
2025-11-18 15:12:48.067222,599617496417750400,4.00
2025-11-18 15:12:48.067222,599617496417750400,12.00
2025-11-18 15:12:48.067222,599617496417750400,24.00
2025-11-18 15:12:48.067222,599617496417750400,38.00
2025-11-18 15:12:48.067222,599617496417750400,43.00
2025-11-18 15:12:48.067222,599617496417750400,48.00
2025-11-18 15:12:48.067222,599617496417750400,60.00
2025-11-18 15:12:48.067222,599617496417750400,72.00
2025-11-18 15:12:48.067222,599617496417750400,84.00
2025-11-18 15:12:48.067222,599617496417750400,103.00
2025-11-18 15:12:48.067222,599617496417750400,122.00
2025-11-18 15:12:48.067222,599617496417750400,125.00
2025-11-18 15:12:48.067222,599617496417750400,125.00
2025-11-18 15:12:48.067222,599617496417750400,125.00
2025-11-18 15:12:48.067222,599617496417750400,110.00
2025-11-18 15:12:48.067222,599617496417750400,93.00
2025-11-18 15:12:48.067222,599617496417750400,72.00
2025-11-18 15:12:48.067222,599617496417750400,26.00
2025-11-18 15:12:48.067222,599617496417750400,-24.00
2025-11-18 15:12:48.067222,599617496417750400,-55.00
2025-11-18 15:12:48.667794,599617496978447443,-79.00
2025-11-18 15:12:48.667794,599617496978447443,-101.00
2025-11-18 15:12:48.667794,599617496978447443,-118.00
2025-11-18 15:12:48.667794,599617496978447443,-125.00
2025-11-18 15:12:48.667794,599617496978447443,-120.00
2025-11-18 15:12:48.667794,599617496978447443,-120.00
2025-11-18 15:12:48.667794,599617496978447443,-130.00
2025-11-18 15:12:48.667794,599617496978447443,-137.00
2025-11-18 15:12:48.667794,599617496978447443,-132.00
2025-11-18 15:12:48.667794,599617496978447443,-122.00
2025-11-18 15:12:48.667794,599617496978447443,-115.00
2025-11-18 15:12:48.667794,599617496978447443,-113.00
2025-11-18 15:12:48.667794,599617496978447443,-113.00
2025-11-18 15:12:48.667794,599617496978447443,-108.00
2025-11-18 15:12:48.667794,599617496978447443,-98.00
2025-11-18 15:12:48.667794,599617496978447443,-93.00
2025-11-18 15:12:48.667794,599617496978447443,-89.00
2025-11-18 15:12:48.667794,599617496978447443,-81.00
2025-11-18 15:12:48.667794,599617496978447443,-77.00
2025-11-18 15:12:48.667794,599617496978447443,-72.00
2025-11-18 15:12:48.667794,599617496978447443,-72.00
2025-11-18 15:12:48.667794,599617496978447443,-67.00
2025-11-18 15:12:48.667794,599617496978447443,-62.00
2025-11-18 15:12:48.667794,599617496978447443,-60.00
2025-11-18 15:12:48.667794,599617496978447443,-60.00
2025-11-18 15:12:48.667794,599617496978447443,-65.00
2025-11-18 15:12:48.667794,599617496978447443,-69.00
2025-11-18 15:12:48.667794,599617496978447443,-62.00
2025-11-18 15:12:48.667794,599617496978447443,-57.00
2025-11-18 15:12:48.667794,599617496978447443,-67.00
2025-11-18 15:12:48.667794,599617496978447443,-67.00
2025-11-18 15:12:48.667794,599617496978447443,-60.00
2025-11-18 15:12:48.667794,599617496978447443,-60.00
2025-11-18 15:12:48.667794,599617496978447443,-50.00
2025-11-18 15:12:48.667794,599617496978447443,-48.00
2025-11-18 15:12:48.667794,599617496978447443,-55.00
2025-11-18 15:12:48.667794,599617496978447443,-50.00
2025-11-18 15:12:48.667794,599617496978447443,-48.00
2025-11-18 15:12:48.667794,599617496978447443,-55.00
2025-11-18 15:12:48.667794,599617496978447443,-55.00
2025-11-18 15:12:48.667794,599617496978447443,-48.00
2025-11-18 15:12:48.667794,599617496978447443,-40.00
2025-11-18 15:12:48.667794,599617496978447443,-40.00
2025-11-18 15:12:48.667794,599617496978447443,-40.00
2025-11-18 15:12:48.667794,599617496978447443,-38.00
2025-11-18 15:12:48.667794,599617496978447443,-38.00
2025-11-18 15:12:48.667794,599617496978447443,-36.00
2025-11-18 15:12:48.667794,599617496978447443,-28.00
2025-11-18 15:12:48.667794,599617496978447443,-31.00
2025-11-18 15:12:48.667794,599617496978447443,-28.00
2025-11-18 15:12:48.667794,599617496978447443,-26.00
2025-11-18 15:12:48.667794,599617496978447443,-31.00
2025-11-18 15:12:48.667794,599617496978447443,-33.00
2025-11-18 15:12:48.667794,599617496978447443,-31.00
2025-11-18 15:12:48.667794,599617496978447443,-31.00
2025-11-18 15:12:48.667794,599617496978447443,-24.00
2025-11-18 15:12:48.667794,599617496978447443,-16.00
2025-11-18 15:12:48.667794,599617496978447443,-24.00
2025-11-18 15:12:48.667794,599617496978447443,-26.00
2025-11-18 15:12:48.667794,599617496978447443,-14.00
2025-11-18 15:12:48.667794,599617496978447443,-12.00
2025-11-18 15:12:48.667794,599617496978447443,-14.00
2025-11-18 15:12:48.667794,599617496978447443,-16.00
2025-11-18 15:12:48.667794,599617496978447443,-16.00
2025-11-18 15:12:48.667794,599617496978447443,-14.00
2025-11-18 15:12:48.667794,599617496978447443,-7.00
2025-11-18 15:12:48.667794,599617496978447443,-9.00
2025-11-18 15:12:48.667794,599617496978447443,-12.00
2025-11-18 15:12:48.667794,599617496978447443,-9.00
2025-11-18 15:12:48.667794,599617496978447443,-9.00
2025-11-18 15:12:48.667794,599617496978447443,-12.00
2025-11-18 15:12:48.667794,599617496978447443,-9.00
2025-11-18 15:12:48.667794,599617496978447443,-7.00
2025-11-18 15:12:49.235625,599617497539154656,-9.00
2025-11-18 15:12:49.235625,599617497539154656,-2.00
2025-11-18 15:12:49.235625,599617497539154656,16.00
2025-11-18 15:12:49.235625,599617497539154656,28.00
2025-11-18 15:12:49.235625,599617497539154656,26.00
2025-11-18 15:12:49.235625,599617497539154656,24.00
2025-11-18 15:12:49.235625,599617497539154656,19.00
2025-11-18 15:12:49.235625,599617497539154656,4.00
2025-11-18 15:12:49.235625,599617497539154656,-7.00
2025-11-18 15:12:49.235625,599617497539154656,-7.00
2025-11-18 15:12:49.235625,599617497539154656,-9.00
2025-11-18 15:12:49.235625,599617497539154656,-7.00
2025-11-18 15:12:49.235625,599617497539154656,-2.00
2025-11-18 15:12:49.235625,599617497539154656,-9.00
2025-11-18 15:12:49.235625,599617497539154656,-21.00
2025-11-18 15:12:49.235625,599617497539154656,-16.00
2025-11-18 15:12:49.235625,599617497539154656,-16.00
2025-11-18 15:12:49.235625,599617497539154656,-26.00
2025-11-18 15:12:49.235625,599617497539154656,-33.00
2025-11-18 15:12:49.235625,599617497539154656,-52.00
2025-11-18 15:12:49.235625,599617497539154656,-48.00
2025-11-18 15:12:49.235625,599617497539154656,84.00
2025-11-18 15:12:49.235625,599617497539154656,334.00
2025-11-18 15:12:49.235625,599617497539154656,541.00
2025-11-18 15:12:49.235625,599617497539154656,448.00
2025-11-18 15:12:49.235625,599617497539154656,40.00
2025-11-18 15:12:49.235625,599617497539154656,-250.00
2025-11-18 15:12:49.235625,599617497539154656,-221.00
2025-11-18 15:12:49.235625,599617497539154656,-132.00
2025-11-18 15:12:49.235625,599617497539154656,-101.00
2025-11-18 15:12:49.235625,599617497539154656,-65.00
2025-11-18 15:12:49.235625,599617497539154656,-40.00
2025-11-18 15:12:49.235625,599617497539154656,-45.00
2025-11-18 15:12:49.235625,599617497539154656,-36.00
2025-11-18 15:12:49.235625,599617497539154656,-24.00
2025-11-18 15:12:49.235625,599617497539154656,-24.00
2025-11-18 15:12:49.235625,599617497539154656,-24.00
2025-11-18 15:12:49.235625,599617497539154656,-16.00
2025-11-18 15:12:49.235625,599617497539154656,-9.00
2025-11-18 15:12:49.235625,599617497539154656,-9.00
2025-11-18 15:12:49.235625,599617497539154656,-12.00
2025-11-18 15:12:49.235625,599617497539154656,0.00
2025-11-18 15:12:49.235625,599617497539154656,12.00
2025-11-18 15:12:49.235625,599617497539154656,9.00
2025-11-18 15:12:49.235625,599617497539154656,12.00
2025-11-18 15:12:49.235625,599617497539154656,21.00
2025-11-18 15:12:49.235625,599617497539154656,31.00
2025-11-18 15:12:49.235625,599617497539154656,38.00
2025-11-18 15:12:49.235625,599617497539154656,55.00
2025-11-18 15:12:49.235625,599617497539154656,65.00
2025-11-18 15:12:49.235625,599617497539154656,72.00
2025-11-18 15:12:49.235625,599617497539154656,89.00
2025-11-18 15:12:49.235625,599617497539154656,110.00
2025-11-18 15:12:49.235625,599617497539154656,125.00
2025-11-18 15:12:49.235625,599617497539154656,130.00
2025-11-18 15:12:49.235625,599617497539154656,139.00
2025-11-18 15:12:49.235625,599617497539154656,154.00
2025-11-18 15:12:49.235625,599617497539154656,154.00
2025-11-18 15:12:49.235625,599617497539154656,139.00
2025-11-18 15:12:49.235625,599617497539154656,122.00
2025-11-18 15:12:49.235625,599617497539154656,93.00
2025-11-18 15:12:49.235625,599617497539154656,55.00
2025-11-18 15:12:49.235625,599617497539154656,14.00
2025-11-18 15:12:49.235625,599617497539154656,-28.00
2025-11-18 15:12:49.235625,599617497539154656,-72.00
2025-11-18 15:12:49.235625,599617497539154656,-96.00
2025-11-18 15:12:49.235625,599617497539154656,-105.00
2025-11-18 15:12:49.235625,599617497539154656,-113.00
2025-11-18 15:12:49.235625,599617497539154656,-122.00
2025-11-18 15:12:49.235625,599617497539154656,-132.00
2025-11-18 15:12:49.235625,599617497539154656,-137.00
2025-11-18 15:12:49.235625,599617497539154656,-134.00
2025-11-18 15:12:49.235625,599617497539154656,-132.00
2025-11-18 15:12:49.775952,599617498099841525,-130.00
2025-11-18 15:12:49.775952,599617498099841525,-118.00
2025-11-18 15:12:49.775952,599617498099841525,-113.00
2025-11-18 15:12:49.775952,599617498099841525,-115.00
2025-11-18 15:12:49.775952,599617498099841525,-105.00
2025-11-18 15:12:49.775952,599617498099841525,-98.00
2025-11-18 15:12:49.775952,599617498099841525,-101.00
2025-11-18 15:12:49.775952,599617498099841525,-96.00
2025-11-18 15:12:49.775952,599617498099841525,-86.00
2025-11-18 15:12:49.775952,599617498099841525,-89.00
2025-11-18 15:12:49.775952,599617498099841525,-89.00
2025-11-18 15:12:49.775952,599617498099841525,-81.00
2025-11-18 15:12:49.775952,599617498099841525,-81.00
2025-11-18 15:12:49.775952,599617498099841525,-84.00
2025-11-18 15:12:49.775952,599617498099841525,-89.00
2025-11-18 15:12:49.775952,599617498099841525,-96.00
2025-11-18 15:12:49.775952,599617498099841525,-98.00
2025-11-18 15:12:49.775952,599617498099841525,-93.00
2025-11-18 15:12:49.775952,599617498099841525,-103.00
2025-11-18 15:12:49.775952,599617498099841525,-110.00
2025-11-18 15:12:49.775952,599617498099841525,-108.00
2025-11-18 15:12:49.775952,599617498099841525,-103.00
2025-11-18 15:12:49.775952,599617498099841525,-105.00
2025-11-18 15:12:49.775952,599617498099841525,-108.00
2025-11-18 15:12:49.775952,599617498099841525,-110.00
2025-11-18 15:12:49.775952,599617498099841525,-108.00
2025-11-18 15:12:49.775952,599617498099841525,-105.00
2025-11-18 15:12:49.775952,599617498099841525,-118.00
2025-11-18 15:12:49.775952,599617498099841525,-120.00
2025-11-18 15:12:49.775952,599617498099841525,-115.00
2025-11-18 15:12:49.775952,599617498099841525,-120.00
2025-11-18 15:12:49.775952,599617498099841525,-122.00
2025-11-18 15:12:49.775952,599617498099841525,-122.00
2025-11-18 15:12:49.775952,599617498099841525,-130.00
2025-11-18 15:12:49.775952,599617498099841525,-125.00
2025-11-18 15:12:49.775952,599617498099841525,-120.00
2025-11-18 15:12:49.775952,599617498099841525,-127.00
2025-11-18 15:12:49.775952,599617498099841525,-130.00
2025-11-18 15:12:49.775952,599617498099841525,-125.00
2025-11-18 15:12:49.775952,599617498099841525,-127.00
2025-11-18 15:12:49.775952,599617498099841525,-132.00
2025-11-18 15:12:49.775952,599617498099841525,-137.00
2025-11-18 15:12:49.775952,599617498099841525,-142.00
2025-11-18 15:12:49.775952,599617498099841525,-134.00
2025-11-18 15:12:49.775952,599617498099841525,-125.00
2025-11-18 15:12:49.775952,599617498099841525,-115.00
2025-11-18 15:12:49.775952,599617498099841525,-103.00
2025-11-18 15:12:49.775952,599617498099841525,-105.00
2025-11-18 15:12:49.775952,599617498099841525,-115.00
2025-11-18 15:12:49.775952,599617498099841525,-103.00
2025-11-18 15:12:49.775952,599617498099841525,-101.00
2025-11-18 15:12:49.775952,599617498099841525,-118.00
2025-11-18 15:12:49.775952,599617498099841525,-127.00
2025-11-18 15:12:49.775952,599617498099841525,-125.00
2025-11-18 15:12:49.775952,599617498099841525,-132.00
2025-11-18 15:12:49.775952,599617498099841525,-144.00
2025-11-18 15:12:49.775952,599617498099841525,-142.00
2025-11-18 15:12:49.775952,599617498099841525,-139.00
2025-11-18 15:12:49.775952,599617498099841525,-146.00
2025-11-18 15:12:49.775952,599617498099841525,-154.00
2025-11-18 15:12:49.775952,599617498099841525,-146.00
2025-11-18 15:12:49.775952,599617498099841525,-139.00
2025-11-18 15:12:49.775952,599617498099841525,-146.00
2025-11-18 15:12:49.775952,599617498099841525,-156.00
2025-11-18 15:12:49.775952,599617498099841525,-168.00
2025-11-18 15:12:49.775952,599617498099841525,-183.00
2025-11-18 15:12:49.775952,599617498099841525,-101.00
2025-11-18 15:12:49.775952,599617498099841525,154.00
2025-11-18 15:12:49.775952,599617498099841525,462.00
2025-11-18 15:12:49.775952,599617498099841525,501.00
2025-11-18 15:12:49.775952,599617498099841525,84.00
2025-11-18 15:12:49.775952,599617498099841525,-366.00
2025-11-18 15:12:49.775952,599617498099841525,-402.00
2025-11-18 15:12:50.315142,599617498660528392,-277.00
2025-11-18 15:12:50.315142,599617498660528392,-252.00
2025-11-18 15:12:50.315142,599617498660528392,-214.00
2025-11-18 15:12:50.315142,599617498660528392,-154.00
2025-11-18 15:12:50.315142,599617498660528392,-156.00
2025-11-18 15:12:50.315142,599617498660528392,-171.00
2025-11-18 15:12:50.315142,599617498660528392,-149.00
2025-11-18 15:12:50.315142,599617498660528392,-130.00
2025-11-18 15:12:50.315142,599617498660528392,-134.00
2025-11-18 15:12:50.315142,599617498660528392,-137.00
2025-11-18 15:12:50.315142,599617498660528392,-130.00
2025-11-18 15:12:50.315142,599617498660528392,-118.00
2025-11-18 15:12:50.315142,599617498660528392,-108.00
2025-11-18 15:12:50.315142,599617498660528392,-93.00
2025-11-18 15:12:50.315142,599617498660528392,-86.00
2025-11-18 15:12:50.315142,599617498660528392,-93.00
2025-11-18 15:12:50.315142,599617498660528392,-93.00
2025-11-18 15:12:50.315142,599617498660528392,-77.00
2025-11-18 15:12:50.315142,599617498660528392,-60.00
2025-11-18 15:12:50.315142,599617498660528392,-55.00
2025-11-18 15:12:50.315142,599617498660528392,-50.00
2025-11-18 15:12:50.315142,599617498660528392,-38.00
2025-11-18 15:12:50.315142,599617498660528392,-21.00
2025-11-18 15:12:50.315142,599617498660528392,4.00
2025-11-18 15:12:50.315142,599617498660528392,26.00
2025-11-18 15:12:50.315142,599617498660528392,36.00
2025-11-18 15:12:50.315142,599617498660528392,50.00
2025-11-18 15:12:50.315142,599617498660528392,67.00
2025-11-18 15:12:50.315142,599617498660528392,72.00
2025-11-18 15:12:50.315142,599617498660528392,69.00
2025-11-18 15:12:50.315142,599617498660528392,62.00
2025-11-18 15:12:50.315142,599617498660528392,48.00
2025-11-18 15:12:50.315142,599617498660528392,12.00
2025-11-18 15:12:50.315142,599617498660528392,-33.00
2025-11-18 15:12:50.315142,599617498660528392,-69.00
2025-11-18 15:12:50.315142,599617498660528392,-108.00
2025-11-18 15:12:50.315142,599617498660528392,-142.00
2025-11-18 15:12:50.315142,599617498660528392,-158.00
2025-11-18 15:12:50.315142,599617498660528392,-173.00
2025-11-18 15:12:50.315142,599617498660528392,-183.00
2025-11-18 15:12:50.315142,599617498660528392,-180.00
2025-11-18 15:12:50.315142,599617498660528392,-178.00
2025-11-18 15:12:50.315142,599617498660528392,-175.00
2025-11-18 15:12:50.315142,599617498660528392,-163.00
2025-11-18 15:12:50.315142,599617498660528392,-166.00
2025-11-18 15:12:50.315142,599617498660528392,-175.00
2025-11-18 15:12:50.315142,599617498660528392,-166.00
2025-11-18 15:12:50.315142,599617498660528392,-156.00
2025-11-18 15:12:50.315142,599617498660528392,-156.00
2025-11-18 15:12:50.315142,599617498660528392,-142.00
2025-11-18 15:12:50.315142,599617498660528392,-132.00
2025-11-18 15:12:50.315142,599617498660528392,-127.00
2025-11-18 15:12:50.315142,599617498660528392,-113.00
2025-11-18 15:12:50.315142,599617498660528392,-98.00
2025-11-18 15:12:50.315142,599617498660528392,-96.00
2025-11-18 15:12:50.315142,599617498660528392,-96.00
2025-11-18 15:12:50.315142,599617498660528392,-91.00
2025-11-18 15:12:50.315142,599617498660528392,-98.00
2025-11-18 15:12:50.315142,599617498660528392,-101.00
2025-11-18 15:12:50.315142,599617498660528392,-84.00
2025-11-18 15:12:50.315142,599617498660528392,-79.00
2025-11-18 15:12:50.315142,599617498660528392,-86.00
2025-11-18 15:12:50.315142,599617498660528392,-84.00
2025-11-18 15:12:50.315142,599617498660528392,-89.00
2025-11-18 15:12:50.315142,599617498660528392,-105.00
2025-11-18 15:12:50.315142,599617498660528392,-103.00
2025-11-18 15:12:50.315142,599617498660528392,-81.00
2025-11-18 15:12:50.315142,599617498660528392,-79.00
2025-11-18 15:12:50.315142,599617498660528392,-74.00
2025-11-18 15:12:50.315142,599617498660528392,-62.00
2025-11-18 15:12:50.315142,599617498660528392,-62.00
2025-11-18 15:12:50.315142,599617498660528392,-74.00
2025-11-18 15:12:50.315142,599617498660528392,-65.00
2025-11-18 15:12:50.885288,599617499221205089,-50.00
2025-11-18 15:12:50.885288,599617499221205089,-57.00
2025-11-18 15:12:50.885288,599617499221205089,-57.00
2025-11-18 15:12:50.885288,599617499221205089,-50.00
2025-11-18 15:12:50.885288,599617499221205089,-55.00
2025-11-18 15:12:50.885288,599617499221205089,-50.00
2025-11-18 15:12:50.885288,599617499221205089,-45.00
2025-11-18 15:12:50.885288,599617499221205089,-52.00
2025-11-18 15:12:50.885288,599617499221205089,-48.00
2025-11-18 15:12:50.885288,599617499221205089,-45.00
2025-11-18 15:12:50.885288,599617499221205089,-48.00
2025-11-18 15:12:50.885288,599617499221205089,-38.00
2025-11-18 15:12:50.885288,599617499221205089,-33.00
2025-11-18 15:12:50.885288,599617499221205089,-38.00
2025-11-18 15:12:50.885288,599617499221205089,-38.00
2025-11-18 15:12:50.885288,599617499221205089,-36.00
2025-11-18 15:12:50.885288,599617499221205089,-33.00
2025-11-18 15:12:50.885288,599617499221205089,-31.00
2025-11-18 15:12:50.885288,599617499221205089,-26.00
2025-11-18 15:12:50.885288,599617499221205089,-21.00
2025-11-18 15:12:50.885288,599617499221205089,-21.00
2025-11-18 15:12:50.885288,599617499221205089,-26.00
2025-11-18 15:12:50.885288,599617499221205089,-14.00
2025-11-18 15:12:50.885288,599617499221205089,12.00
2025-11-18 15:12:50.885288,599617499221205089,4.00
2025-11-18 15:12:50.885288,599617499221205089,-9.00
2025-11-18 15:12:50.885288,599617499221205089,9.00
2025-11-18 15:12:50.885288,599617499221205089,14.00
2025-11-18 15:12:50.885288,599617499221205089,-2.00
2025-11-18 15:12:50.885288,599617499221205089,-14.00
2025-11-18 15:12:50.885288,599617499221205089,-28.00
2025-11-18 15:12:50.885288,599617499221205089,-24.00
2025-11-18 15:12:50.885288,599617499221205089,-7.00
2025-11-18 15:12:50.885288,599617499221205089,-24.00
2025-11-18 15:12:50.885288,599617499221205089,-52.00
2025-11-18 15:12:50.885288,599617499221205089,-26.00
2025-11-18 15:12:50.885288,599617499221205089,12.00
2025-11-18 15:12:50.885288,599617499221205089,-4.00
2025-11-18 15:12:50.885288,599617499221205089,-26.00
2025-11-18 15:12:50.885288,599617499221205089,-33.00
2025-11-18 15:12:50.885288,599617499221205089,-38.00
2025-11-18 15:12:50.885288,599617499221205089,67.00
2025-11-18 15:12:50.885288,599617499221205089,320.00
2025-11-18 15:12:50.885288,599617499221205089,566.00
2025-11-18 15:12:50.885288,599617499221205089,537.00
2025-11-18 15:12:50.885288,599617499221205089,130.00
2025-11-18 15:12:50.885288,599617499221205089,-248.00
2025-11-18 15:12:50.885288,599617499221205089,-240.00
2025-11-18 15:12:50.885288,599617499221205089,-122.00
2025-11-18 15:12:50.885288,599617499221205089,-110.00
2025-11-18 15:12:50.885288,599617499221205089,-62.00
2025-11-18 15:12:50.885288,599617499221205089,-2.00
2025-11-18 15:12:50.885288,599617499221205089,-28.00
2025-11-18 15:12:50.885288,599617499221205089,-40.00
2025-11-18 15:12:50.885288,599617499221205089,-12.00
2025-11-18 15:12:50.885288,599617499221205089,-9.00
2025-11-18 15:12:50.885288,599617499221205089,-2.00
2025-11-18 15:12:50.885288,599617499221205089,21.00
2025-11-18 15:12:50.885288,599617499221205089,16.00
2025-11-18 15:12:50.885288,599617499221205089,7.00
2025-11-18 15:12:50.885288,599617499221205089,19.00
2025-11-18 15:12:50.885288,599617499221205089,24.00
2025-11-18 15:12:50.885288,599617499221205089,26.00
2025-11-18 15:12:50.885288,599617499221205089,38.00
2025-11-18 15:12:50.885288,599617499221205089,31.00
2025-11-18 15:12:50.885288,599617499221205089,38.00
2025-11-18 15:12:50.885288,599617499221205089,74.00
2025-11-18 15:12:50.885288,599617499221205089,84.00
2025-11-18 15:12:50.885288,599617499221205089,77.00
2025-11-18 15:12:50.885288,599617499221205089,86.00
2025-11-18 15:12:50.885288,599617499221205089,101.00
2025-11-18 15:12:50.885288,599617499221205089,122.00
2025-11-18 15:12:50.885288,599617499221205089,144.00
2025-11-18 15:12:51.455335,599617499781902130,149.00
2025-11-18 15:12:51.455335,599617499781902130,130.00
2025-11-18 15:12:51.455335,599617499781902130,137.00
2025-11-18 15:12:51.455335,599617499781902130,204.00
2025-11-18 15:12:51.455335,599617499781902130,219.00
2025-11-18 15:12:51.455335,599617499781902130,161.00
2025-11-18 15:12:51.455335,599617499781902130,146.00
2025-11-18 15:12:51.455335,599617499781902130,146.00
2025-11-18 15:12:51.455335,599617499781902130,96.00
2025-11-18 15:12:51.455335,599617499781902130,38.00
2025-11-18 15:12:51.455335,599617499781902130,0.00
2025-11-18 15:12:51.455335,599617499781902130,-28.00
2025-11-18 15:12:51.455335,599617499781902130,-40.00
2025-11-18 15:12:51.455335,599617499781902130,-57.00
2025-11-18 15:12:51.455335,599617499781902130,-103.00
2025-11-18 15:12:51.455335,599617499781902130,-108.00
2025-11-18 15:12:51.455335,599617499781902130,-52.00
2025-11-18 15:12:51.455335,599617499781902130,-52.00
2025-11-18 15:12:51.455335,599617499781902130,-86.00
2025-11-18 15:12:51.455335,599617499781902130,-77.00
2025-11-18 15:12:51.455335,599617499781902130,-65.00
2025-11-18 15:12:51.455335,599617499781902130,-77.00
2025-11-18 15:12:51.455335,599617499781902130,-79.00
2025-11-18 15:12:51.455335,599617499781902130,-67.00
2025-11-18 15:12:51.455335,599617499781902130,-45.00
2025-11-18 15:12:51.455335,599617499781902130,-28.00
2025-11-18 15:12:51.455335,599617499781902130,-38.00
2025-11-18 15:12:51.455335,599617499781902130,-40.00
2025-11-18 15:12:51.455335,599617499781902130,-31.00
2025-11-18 15:12:51.455335,599617499781902130,-28.00
2025-11-18 15:12:51.455335,599617499781902130,-19.00
2025-11-18 15:12:51.455335,599617499781902130,-9.00
2025-11-18 15:12:51.455335,599617499781902130,-14.00
2025-11-18 15:12:51.455335,599617499781902130,-16.00
2025-11-18 15:12:51.455335,599617499781902130,-16.00
2025-11-18 15:12:51.455335,599617499781902130,-26.00
2025-11-18 15:12:51.455335,599617499781902130,-24.00
2025-11-18 15:12:51.455335,599617499781902130,-19.00
2025-11-18 15:12:51.455335,599617499781902130,-26.00
2025-11-18 15:12:51.455335,599617499781902130,-26.00
2025-11-18 15:12:51.455335,599617499781902130,-26.00
2025-11-18 15:12:51.455335,599617499781902130,-26.00
2025-11-18 15:12:51.455335,599617499781902130,-9.00
2025-11-18 15:12:51.455335,599617499781902130,-2.00
2025-11-18 15:12:51.455335,599617499781902130,-12.00
2025-11-18 15:12:51.455335,599617499781902130,-9.00
2025-11-18 15:12:51.455335,599617499781902130,-4.00
2025-11-18 15:12:51.455335,599617499781902130,-9.00
2025-11-18 15:12:51.455335,599617499781902130,-14.00
2025-11-18 15:12:51.455335,599617499781902130,-16.00
2025-11-18 15:12:51.455335,599617499781902130,-16.00
2025-11-18 15:12:51.455335,599617499781902130,-9.00
2025-11-18 15:12:51.455335,599617499781902130,-7.00
2025-11-18 15:12:51.455335,599617499781902130,-12.00
2025-11-18 15:12:51.455335,599617499781902130,-9.00
2025-11-18 15:12:51.455335,599617499781902130,0.00
2025-11-18 15:12:51.455335,599617499781902130,12.00
2025-11-18 15:12:51.455335,599617499781902130,7.00
2025-11-18 15:12:51.455335,599617499781902130,7.00
2025-11-18 15:12:51.455335,599617499781902130,12.00
2025-11-18 15:12:51.455335,599617499781902130,9.00
2025-11-18 15:12:51.455335,599617499781902130,2.00
2025-11-18 15:12:51.455335,599617499781902130,2.00
2025-11-18 15:12:51.455335,599617499781902130,7.00
2025-11-18 15:12:51.455335,599617499781902130,2.00
2025-11-18 15:12:51.455335,599617499781902130,-7.00
2025-11-18 15:12:51.455335,599617499781902130,2.00
2025-11-18 15:12:51.455335,599617499781902130,9.00
2025-11-18 15:12:51.455335,599617499781902130,7.00
2025-11-18 15:12:51.455335,599617499781902130,9.00
2025-11-18 15:12:51.455335,599617499781902130,16.00
2025-11-18 15:12:51.455335,599617499781902130,26.00
2025-11-18 15:12:51.455335,599617499781902130,40.00
2025-11-18 15:12:52.055881,599617500342599173,45.00
2025-11-18 15:12:52.055881,599617500342599173,40.00
2025-11-18 15:12:52.055881,599617500342599173,31.00
2025-11-18 15:12:52.055881,599617500342599173,16.00
2025-11-18 15:12:52.055881,599617500342599173,9.00
2025-11-18 15:12:52.055881,599617500342599173,19.00
2025-11-18 15:12:52.055881,599617500342599173,14.00
2025-11-18 15:12:52.055881,599617500342599173,-4.00
2025-11-18 15:12:52.055881,599617500342599173,-9.00
2025-11-18 15:12:52.055881,599617500342599173,2.00
2025-11-18 15:12:52.055881,599617500342599173,2.00
2025-11-18 15:12:52.055881,599617500342599173,0.00
2025-11-18 15:12:52.055881,599617500342599173,7.00
2025-11-18 15:12:52.055881,599617500342599173,7.00
2025-11-18 15:12:52.055881,599617500342599173,0.00
2025-11-18 15:12:52.055881,599617500342599173,-9.00
2025-11-18 15:12:52.055881,599617500342599173,-24.00
2025-11-18 15:12:52.055881,599617500342599173,4.00
2025-11-18 15:12:52.055881,599617500342599173,173.00
2025-11-18 15:12:52.055881,599617500342599173,436.00
2025-11-18 15:12:52.055881,599617500342599173,578.00
2025-11-18 15:12:52.055881,599617500342599173,363.00
2025-11-18 15:12:52.055881,599617500342599173,-62.00
2025-11-18 15:12:52.055881,599617500342599173,-231.00
2025-11-18 15:12:52.055881,599617500342599173,-137.00
2025-11-18 15:12:52.055881,599617500342599173,-84.00
2025-11-18 15:12:52.055881,599617500342599173,-67.00
2025-11-18 15:12:52.055881,599617500342599173,-19.00
2025-11-18 15:12:52.055881,599617500342599173,-2.00
2025-11-18 15:12:52.055881,599617500342599173,-14.00
2025-11-18 15:12:52.055881,599617500342599173,-2.00
2025-11-18 15:12:52.055881,599617500342599173,14.00
2025-11-18 15:12:52.055881,599617500342599173,9.00
2025-11-18 15:12:52.055881,599617500342599173,19.00
2025-11-18 15:12:52.055881,599617500342599173,26.00
2025-11-18 15:12:52.055881,599617500342599173,24.00
2025-11-18 15:12:52.055881,599617500342599173,31.00
2025-11-18 15:12:52.055881,599617500342599173,43.00
2025-11-18 15:12:52.055881,599617500342599173,48.00
2025-11-18 15:12:52.055881,599617500342599173,40.00
2025-11-18 15:12:52.055881,599617500342599173,33.00
2025-11-18 15:12:52.055881,599617500342599173,33.00
2025-11-18 15:12:52.055881,599617500342599173,43.00
2025-11-18 15:12:52.055881,599617500342599173,57.00
2025-11-18 15:12:52.055881,599617500342599173,69.00
2025-11-18 15:12:52.055881,599617500342599173,77.00
2025-11-18 15:12:52.055881,599617500342599173,86.00
2025-11-18 15:12:52.055881,599617500342599173,98.00
2025-11-18 15:12:52.055881,599617500342599173,113.00
2025-11-18 15:12:52.055881,599617500342599173,130.00
2025-11-18 15:12:52.055881,599617500342599173,144.00
2025-11-18 15:12:52.055881,599617500342599173,154.00
2025-11-18 15:12:52.055881,599617500342599173,156.00
2025-11-18 15:12:52.055881,599617500342599173,151.00
2025-11-18 15:12:52.055881,599617500342599173,146.00
2025-11-18 15:12:52.055881,599617500342599173,134.00
2025-11-18 15:12:52.055881,599617500342599173,110.00
2025-11-18 15:12:52.055881,599617500342599173,74.00
2025-11-18 15:12:52.055881,599617500342599173,31.00
2025-11-18 15:12:52.055881,599617500342599173,-4.00
2025-11-18 15:12:52.055881,599617500342599173,-33.00
2025-11-18 15:12:52.055881,599617500342599173,-65.00
2025-11-18 15:12:52.055881,599617500342599173,-96.00
2025-11-18 15:12:52.055881,599617500342599173,-110.00
2025-11-18 15:12:52.055881,599617500342599173,-110.00
2025-11-18 15:12:52.055881,599617500342599173,-115.00
2025-11-18 15:12:52.055881,599617500342599173,-122.00
2025-11-18 15:12:52.055881,599617500342599173,-122.00
2025-11-18 15:12:52.055881,599617500342599173,-120.00
2025-11-18 15:12:52.055881,599617500342599173,-118.00
2025-11-18 15:12:52.055881,599617500342599173,-118.00
2025-11-18 15:12:52.055881,599617500342599173,-110.00
2025-11-18 15:12:52.055881,599617500342599173,-108.00
2025-11-18 15:12:52.625996,599617500903296214,-103.00
2025-11-18 15:12:52.625996,599617500903296214,-96.00
2025-11-18 15:12:52.625996,599617500903296214,-89.00
2025-11-18 15:12:52.625996,599617500903296214,-84.00
2025-11-18 15:12:52.625996,599617500903296214,-81.00
2025-11-18 15:12:52.625996,599617500903296214,-79.00
2025-11-18 15:12:52.625996,599617500903296214,-77.00
2025-11-18 15:12:52.625996,599617500903296214,-77.00
2025-11-18 15:12:52.625996,599617500903296214,-74.00
2025-11-18 15:12:52.625996,599617500903296214,-74.00
2025-11-18 15:12:52.625996,599617500903296214,-77.00
2025-11-18 15:12:52.625996,599617500903296214,-74.00
2025-11-18 15:12:52.625996,599617500903296214,-69.00
2025-11-18 15:12:52.625996,599617500903296214,-67.00
2025-11-18 15:12:52.625996,599617500903296214,-69.00
2025-11-18 15:12:52.625996,599617500903296214,-69.00
2025-11-18 15:12:52.625996,599617500903296214,-69.00
2025-11-18 15:12:52.625996,599617500903296214,-74.00
2025-11-18 15:12:52.625996,599617500903296214,-79.00
2025-11-18 15:12:52.625996,599617500903296214,-74.00
2025-11-18 15:12:52.625996,599617500903296214,-67.00
2025-11-18 15:12:52.625996,599617500903296214,-67.00
2025-11-18 15:12:52.625996,599617500903296214,-69.00
2025-11-18 15:12:52.625996,599617500903296214,-65.00
2025-11-18 15:12:52.625996,599617500903296214,-65.00
2025-11-18 15:12:52.625996,599617500903296214,-72.00
2025-11-18 15:12:52.625996,599617500903296214,-74.00
2025-11-18 15:12:52.625996,599617500903296214,-69.00
2025-11-18 15:12:52.625996,599617500903296214,-67.00
2025-11-18 15:12:52.625996,599617500903296214,-65.00
2025-11-18 15:12:52.625996,599617500903296214,-60.00
2025-11-18 15:12:52.625996,599617500903296214,-62.00
2025-11-18 15:12:52.625996,599617500903296214,-65.00
2025-11-18 15:12:52.625996,599617500903296214,-65.00
2025-11-18 15:12:52.625996,599617500903296214,-60.00
2025-11-18 15:12:52.625996,599617500903296214,-57.00
2025-11-18 15:12:52.625996,599617500903296214,-62.00
2025-11-18 15:12:52.625996,599617500903296214,-67.00
2025-11-18 15:12:52.625996,599617500903296214,-62.00
2025-11-18 15:12:52.625996,599617500903296214,-55.00
2025-11-18 15:12:52.625996,599617500903296214,-57.00
2025-11-18 15:12:52.625996,599617500903296214,-65.00
2025-11-18 15:12:52.625996,599617500903296214,-57.00
2025-11-18 15:12:52.625996,599617500903296214,-45.00
2025-11-18 15:12:52.625996,599617500903296214,-36.00
2025-11-18 15:12:52.625996,599617500903296214,-26.00
2025-11-18 15:12:52.625996,599617500903296214,-21.00
2025-11-18 15:12:52.625996,599617500903296214,-28.00
2025-11-18 15:12:52.625996,599617500903296214,-36.00
2025-11-18 15:12:52.625996,599617500903296214,-50.00
2025-11-18 15:12:52.625996,599617500903296214,-60.00
2025-11-18 15:12:52.625996,599617500903296214,-62.00
2025-11-18 15:12:52.625996,599617500903296214,-62.00
2025-11-18 15:12:52.625996,599617500903296214,-62.00
2025-11-18 15:12:52.625996,599617500903296214,-62.00
2025-11-18 15:12:52.625996,599617500903296214,-62.00
2025-11-18 15:12:52.625996,599617500903296214,-62.00
2025-11-18 15:12:52.625996,599617500903296214,-62.00
2025-11-18 15:12:52.625996,599617500903296214,-65.00
2025-11-18 15:12:52.625996,599617500903296214,-67.00
2025-11-18 15:12:52.625996,599617500903296214,-74.00
2025-11-18 15:12:52.625996,599617500903296214,-91.00
2025-11-18 15:12:52.625996,599617500903296214,-86.00
2025-11-18 15:12:52.625996,599617500903296214,31.00
2025-11-18 15:12:52.625996,599617500903296214,269.00
2025-11-18 15:12:52.625996,599617500903296214,481.00
2025-11-18 15:12:52.625996,599617500903296214,390.00
2025-11-18 15:12:52.625996,599617500903296214,-45.00
2025-11-18 15:12:52.625996,599617500903296214,-356.00
2025-11-18 15:12:52.625996,599617500903296214,-298.00
2025-11-18 15:12:52.625996,599617500903296214,-190.00
2025-11-18 15:12:52.625996,599617500903296214,-158.00
2025-11-18 15:12:52.625996,599617500903296214,-98.00
2025-11-18 15:12:53.136761,599617501463993255,-60.00
2025-11-18 15:12:53.136761,599617501463993255,-79.00
2025-11-18 15:12:53.136761,599617501463993255,-74.00
2025-11-18 15:12:53.136761,599617501463993255,-52.00
2025-11-18 15:12:53.136761,599617501463993255,-52.00
2025-11-18 15:12:53.136761,599617501463993255,-52.00
2025-11-18 15:12:53.136761,599617501463993255,-40.00
2025-11-18 15:12:53.136761,599617501463993255,-31.00
2025-11-18 15:12:53.136761,599617501463993255,-31.00
2025-11-18 15:12:53.136761,599617501463993255,-28.00
2025-11-18 15:12:53.136761,599617501463993255,-26.00
2025-11-18 15:12:53.136761,599617501463993255,-24.00
2025-11-18 15:12:53.136761,599617501463993255,-24.00
2025-11-18 15:12:53.136761,599617501463993255,-19.00
2025-11-18 15:12:53.136761,599617501463993255,-9.00
2025-11-18 15:12:53.136761,599617501463993255,2.00
2025-11-18 15:12:53.136761,599617501463993255,9.00
2025-11-18 15:12:53.136761,599617501463993255,19.00
2025-11-18 15:12:53.136761,599617501463993255,31.00
2025-11-18 15:12:53.136761,599617501463993255,43.00
2025-11-18 15:12:53.136761,599617501463993255,57.00
2025-11-18 15:12:53.136761,599617501463993255,72.00
2025-11-18 15:12:53.136761,599617501463993255,86.00
2025-11-18 15:12:53.136761,599617501463993255,93.00
2025-11-18 15:12:53.136761,599617501463993255,96.00
2025-11-18 15:12:53.136761,599617501463993255,93.00
2025-11-18 15:12:53.136761,599617501463993255,93.00
2025-11-18 15:12:53.136761,599617501463993255,89.00
2025-11-18 15:12:53.136761,599617501463993255,69.00
2025-11-18 15:12:53.136761,599617501463993255,40.00
2025-11-18 15:12:53.136761,599617501463993255,9.00
2025-11-18 15:12:53.136761,599617501463993255,-31.00
2025-11-18 15:12:53.136761,599617501463993255,-72.00
2025-11-18 15:12:53.136761,599617501463993255,-105.00
2025-11-18 15:12:53.136761,599617501463993255,-130.00
2025-11-18 15:12:53.136761,599617501463993255,-142.00
2025-11-18 15:12:53.136761,599617501463993255,-154.00
2025-11-18 15:12:53.136761,599617501463993255,-163.00
2025-11-18 15:12:53.136761,599617501463993255,-166.00
2025-11-18 15:12:53.136761,599617501463993255,-166.00
2025-11-18 15:12:53.136761,599617501463993255,-163.00
2025-11-18 15:12:53.136761,599617501463993255,-158.00
2025-11-18 15:12:53.136761,599617501463993255,-151.00
2025-11-18 15:12:53.136761,599617501463993255,-149.00
2025-11-18 15:12:53.136761,599617501463993255,-149.00
2025-11-18 15:12:53.136761,599617501463993255,-146.00
2025-11-18 15:12:53.136761,599617501463993255,-139.00
2025-11-18 15:12:53.136761,599617501463993255,-137.00
2025-11-18 15:12:53.136761,599617501463993255,-132.00
2025-11-18 15:12:53.136761,599617501463993255,-130.00
2025-11-18 15:12:53.136761,599617501463993255,-127.00
2025-11-18 15:12:53.136761,599617501463993255,-122.00
2025-11-18 15:12:53.136761,599617501463993255,-120.00
2025-11-18 15:12:53.136761,599617501463993255,-120.00
2025-11-18 15:12:53.136761,599617501463993255,-122.00
2025-11-18 15:12:53.136761,599617501463993255,-120.00
2025-11-18 15:12:53.136761,599617501463993255,-118.00
2025-11-18 15:12:53.136761,599617501463993255,-118.00
2025-11-18 15:12:53.136761,599617501463993255,-120.00
2025-11-18 15:12:53.136761,599617501463993255,-122.00
2025-11-18 15:12:53.136761,599617501463993255,-122.00
2025-11-18 15:12:53.136761,599617501463993255,-115.00
2025-11-18 15:12:53.136761,599617501463993255,-113.00
2025-11-18 15:12:53.136761,599617501463993255,-118.00
2025-11-18 15:12:53.136761,599617501463993255,-120.00
2025-11-18 15:12:53.136761,599617501463993255,-118.00
2025-11-18 15:12:53.136761,599617501463993255,-115.00
2025-11-18 15:12:53.136761,599617501463993255,-108.00
2025-11-18 15:12:53.136761,599617501463993255,-108.00
2025-11-18 15:12:53.136761,599617501463993255,-110.00
2025-11-18 15:12:53.136761,599617501463993255,-110.00
2025-11-18 15:12:53.136761,599617501463993255,-105.00
2025-11-18 15:12:53.136761,599617501463993255,-103.00
2025-11-18 15:12:53.708495,599617502024669952,-105.00
2025-11-18 15:12:53.708495,599617502024669952,-105.00
2025-11-18 15:12:53.708495,599617502024669952,-101.00
2025-11-18 15:12:53.708495,599617502024669952,-103.00
2025-11-18 15:12:53.708495,599617502024669952,-101.00
2025-11-18 15:12:53.708495,599617502024669952,-101.00
2025-11-18 15:12:53.708495,599617502024669952,-101.00
2025-11-18 15:12:53.708495,599617502024669952,-96.00
2025-11-18 15:12:53.708495,599617502024669952,-96.00
2025-11-18 15:12:53.708495,599617502024669952,-96.00
2025-11-18 15:12:53.708495,599617502024669952,-93.00
2025-11-18 15:12:53.708495,599617502024669952,-91.00
2025-11-18 15:12:53.708495,599617502024669952,-81.00
2025-11-18 15:12:53.708495,599617502024669952,-67.00
2025-11-18 15:12:53.708495,599617502024669952,-55.00
2025-11-18 15:12:53.708495,599617502024669952,-50.00
2025-11-18 15:12:53.708495,599617502024669952,-57.00
2025-11-18 15:12:53.708495,599617502024669952,-67.00
2025-11-18 15:12:53.708495,599617502024669952,-74.00
2025-11-18 15:12:53.708495,599617502024669952,-77.00
2025-11-18 15:12:53.708495,599617502024669952,-74.00
2025-11-18 15:12:53.708495,599617502024669952,-81.00
2025-11-18 15:12:53.708495,599617502024669952,-86.00
2025-11-18 15:12:53.708495,599617502024669952,-86.00
2025-11-18 15:12:53.708495,599617502024669952,-86.00
2025-11-18 15:12:53.708495,599617502024669952,-84.00
2025-11-18 15:12:53.708495,599617502024669952,-81.00
2025-11-18 15:12:53.708495,599617502024669952,-81.00
2025-11-18 15:12:53.708495,599617502024669952,-84.00
2025-11-18 15:12:53.708495,599617502024669952,-89.00
2025-11-18 15:12:53.708495,599617502024669952,-105.00
2025-11-18 15:12:53.708495,599617502024669952,-103.00
2025-11-18 15:12:53.708495,599617502024669952,7.00
2025-11-18 15:12:53.708495,599617502024669952,245.00
2025-11-18 15:12:53.708495,599617502024669952,486.00
2025-11-18 15:12:53.708495,599617502024669952,460.00
2025-11-18 15:12:53.708495,599617502024669952,74.00
2025-11-18 15:12:53.708495,599617502024669952,-269.00
2025-11-18 15:12:53.708495,599617502024669952,-274.00
2025-11-18 15:12:53.708495,599617502024669952,-178.00
2025-11-18 15:12:53.708495,599617502024669952,-149.00
2025-11-18 15:12:53.708495,599617502024669952,-110.00
2025-11-18 15:12:53.708495,599617502024669952,-77.00
2025-11-18 15:12:53.708495,599617502024669952,-86.00
2025-11-18 15:12:53.708495,599617502024669952,-79.00
2025-11-18 15:12:53.708495,599617502024669952,-57.00
2025-11-18 15:12:53.708495,599617502024669952,-52.00
2025-11-18 15:12:53.708495,599617502024669952,-55.00
2025-11-18 15:12:53.708495,599617502024669952,-45.00
2025-11-18 15:12:53.708495,599617502024669952,-40.00
2025-11-18 15:12:53.708495,599617502024669952,-36.00
2025-11-18 15:12:53.708495,599617502024669952,-28.00
2025-11-18 15:12:53.708495,599617502024669952,-26.00
2025-11-18 15:12:53.708495,599617502024669952,-26.00
2025-11-18 15:12:53.708495,599617502024669952,-16.00
2025-11-18 15:12:53.708495,599617502024669952,-7.00
2025-11-18 15:12:53.708495,599617502024669952,0.00
2025-11-18 15:12:53.708495,599617502024669952,7.00
2025-11-18 15:12:53.708495,599617502024669952,16.00
2025-11-18 15:12:53.708495,599617502024669952,28.00
2025-11-18 15:12:53.708495,599617502024669952,43.00
2025-11-18 15:12:53.708495,599617502024669952,57.00
2025-11-18 15:12:53.708495,599617502024669952,67.00
2025-11-18 15:12:53.708495,599617502024669952,79.00
2025-11-18 15:12:53.708495,599617502024669952,98.00
2025-11-18 15:12:53.708495,599617502024669952,115.00
2025-11-18 15:12:53.708495,599617502024669952,122.00
2025-11-18 15:12:53.708495,599617502024669952,122.00
2025-11-18 15:12:53.708495,599617502024669952,122.00
2025-11-18 15:12:53.708495,599617502024669952,118.00
2025-11-18 15:12:53.708495,599617502024669952,98.00
2025-11-18 15:12:53.708495,599617502024669952,69.00
2025-11-18 15:12:53.708495,599617502024669952,36.00
2025-11-18 15:12:54.247758,599617502585356819,0.00
2025-11-18 15:12:54.247758,599617502585356819,-40.00
2025-11-18 15:12:54.247758,599617502585356819,-72.00
2025-11-18 15:12:54.247758,599617502585356819,-101.00
2025-11-18 15:12:54.247758,599617502585356819,-122.00
2025-11-18 15:12:54.247758,599617502585356819,-132.00
2025-11-18 15:12:54.247758,599617502585356819,-139.00
2025-11-18 15:12:54.247758,599617502585356819,-144.00
2025-11-18 15:12:54.247758,599617502585356819,-142.00
2025-11-18 15:12:54.247758,599617502585356819,-137.00
2025-11-18 15:12:54.247758,599617502585356819,-134.00
2025-11-18 15:12:54.247758,599617502585356819,-132.00
2025-11-18 15:12:54.247758,599617502585356819,-127.00
2025-11-18 15:12:54.247758,599617502585356819,-120.00
2025-11-18 15:12:54.247758,599617502585356819,-118.00
2025-11-18 15:12:54.247758,599617502585356819,-118.00
2025-11-18 15:12:54.247758,599617502585356819,-110.00
2025-11-18 15:12:54.247758,599617502585356819,-105.00
2025-11-18 15:12:54.247758,599617502585356819,-105.00
2025-11-18 15:12:54.247758,599617502585356819,-103.00
2025-11-18 15:12:54.247758,599617502585356819,-98.00
2025-11-18 15:12:54.247758,599617502585356819,-91.00
2025-11-18 15:12:54.247758,599617502585356819,-89.00
2025-11-18 15:12:54.247758,599617502585356819,-86.00
2025-11-18 15:12:54.247758,599617502585356819,-81.00
2025-11-18 15:12:54.247758,599617502585356819,-84.00
2025-11-18 15:12:54.247758,599617502585356819,-86.00
2025-11-18 15:12:54.247758,599617502585356819,-84.00
2025-11-18 15:12:54.247758,599617502585356819,-79.00
2025-11-18 15:12:54.247758,599617502585356819,-81.00
2025-11-18 15:12:54.247758,599617502585356819,-84.00
2025-11-18 15:12:54.247758,599617502585356819,-89.00
2025-11-18 15:12:54.247758,599617502585356819,-86.00
2025-11-18 15:12:54.247758,599617502585356819,-79.00
2025-11-18 15:12:54.247758,599617502585356819,-77.00
2025-11-18 15:12:54.247758,599617502585356819,-79.00
2025-11-18 15:12:54.247758,599617502585356819,-79.00
2025-11-18 15:12:54.247758,599617502585356819,-74.00
2025-11-18 15:12:54.247758,599617502585356819,-77.00
2025-11-18 15:12:54.247758,599617502585356819,-84.00
2025-11-18 15:12:54.247758,599617502585356819,-79.00
2025-11-18 15:12:54.247758,599617502585356819,-72.00
2025-11-18 15:12:54.247758,599617502585356819,-72.00
2025-11-18 15:12:54.247758,599617502585356819,-77.00
2025-11-18 15:12:54.247758,599617502585356819,-77.00
2025-11-18 15:12:54.247758,599617502585356819,-72.00
2025-11-18 15:12:54.247758,599617502585356819,-69.00
2025-11-18 15:12:54.247758,599617502585356819,-69.00
2025-11-18 15:12:54.247758,599617502585356819,-69.00
2025-11-18 15:12:54.247758,599617502585356819,-67.00
2025-11-18 15:12:54.247758,599617502585356819,-67.00
2025-11-18 15:12:54.247758,599617502585356819,-65.00
2025-11-18 15:12:54.247758,599617502585356819,-60.00
2025-11-18 15:12:54.247758,599617502585356819,-60.00
2025-11-18 15:12:54.247758,599617502585356819,-57.00
2025-11-18 15:12:54.247758,599617502585356819,-52.00
2025-11-18 15:12:54.247758,599617502585356819,-52.00
2025-11-18 15:12:54.247758,599617502585356819,-57.00
2025-11-18 15:12:54.247758,599617502585356819,-60.00
2025-11-18 15:12:54.247758,599617502585356819,-55.00
2025-11-18 15:12:54.247758,599617502585356819,-52.00
2025-11-18 15:12:54.247758,599617502585356819,-52.00
2025-11-18 15:12:54.247758,599617502585356819,-45.00
2025-11-18 15:12:54.247758,599617502585356819,-36.00
2025-11-18 15:12:54.247758,599617502585356819,-28.00
2025-11-18 15:12:54.247758,599617502585356819,-19.00
2025-11-18 15:12:54.247758,599617502585356819,-12.00
2025-11-18 15:12:54.247758,599617502585356819,-16.00
2025-11-18 15:12:54.247758,599617502585356819,-26.00
2025-11-18 15:12:54.247758,599617502585356819,-33.00
2025-11-18 15:12:54.247758,599617502585356819,-38.00
2025-11-18 15:12:54.247758,599617502585356819,-38.00
2025-11-18 15:12:54.247758,599617502585356819,-43.00
2025-11-18 15:12:54.788521,599617503146053860,-55.00
2025-11-18 15:12:54.788521,599617503146053860,-60.00
2025-11-18 15:12:54.788521,599617503146053860,-55.00
2025-11-18 15:12:54.788521,599617503146053860,-50.00
2025-11-18 15:12:54.788521,599617503146053860,-48.00
2025-11-18 15:12:54.788521,599617503146053860,-45.00
2025-11-18 15:12:54.788521,599617503146053860,-50.00
2025-11-18 15:12:54.788521,599617503146053860,-57.00
2025-11-18 15:12:54.788521,599617503146053860,-74.00
2025-11-18 15:12:54.788521,599617503146053860,-62.00
2025-11-18 15:12:54.788521,599617503146053860,67.00
2025-11-18 15:12:54.788521,599617503146053860,305.00
2025-11-18 15:12:54.788521,599617503146053860,501.00
2025-11-18 15:12:54.788521,599617503146053860,409.00
2025-11-18 15:12:54.788521,599617503146053860,4.00
2025-11-18 15:12:54.788521,599617503146053860,-277.00
2025-11-18 15:12:54.788521,599617503146053860,-233.00
2025-11-18 15:12:54.788521,599617503146053860,-149.00
2025-11-18 15:12:54.788521,599617503146053860,-127.00
2025-11-18 15:12:54.788521,599617503146053860,-79.00
2025-11-18 15:12:54.788521,599617503146053860,-55.00
2025-11-18 15:12:54.788521,599617503146053860,-72.00
2025-11-18 15:12:54.788521,599617503146053860,-62.00
2025-11-18 15:12:54.788521,599617503146053860,-45.00
2025-11-18 15:12:54.788521,599617503146053860,-48.00
2025-11-18 15:12:54.788521,599617503146053860,-45.00
2025-11-18 15:12:54.788521,599617503146053860,-36.00
2025-11-18 15:12:54.788521,599617503146053860,-36.00
2025-11-18 15:12:54.788521,599617503146053860,-28.00
2025-11-18 15:12:54.788521,599617503146053860,-19.00
2025-11-18 15:12:54.788521,599617503146053860,-19.00
2025-11-18 15:12:54.788521,599617503146053860,-16.00
2025-11-18 15:12:54.788521,599617503146053860,-4.00
2025-11-18 15:12:54.788521,599617503146053860,2.00
2025-11-18 15:12:54.788521,599617503146053860,9.00
2025-11-18 15:12:54.788521,599617503146053860,24.00
2025-11-18 15:12:54.788521,599617503146053860,33.00
2025-11-18 15:12:54.788521,599617503146053860,40.00
2025-11-18 15:12:54.788521,599617503146053860,48.00
2025-11-18 15:12:54.788521,599617503146053860,57.00
2025-11-18 15:12:54.788521,599617503146053860,65.00
2025-11-18 15:12:54.788521,599617503146053860,72.00
2025-11-18 15:12:54.788521,599617503146053860,89.00
2025-11-18 15:12:54.788521,599617503146053860,110.00
2025-11-18 15:12:54.788521,599617503146053860,120.00
2025-11-18 15:12:54.788521,599617503146053860,125.00
2025-11-18 15:12:54.788521,599617503146053860,127.00
2025-11-18 15:12:54.788521,599617503146053860,122.00
2025-11-18 15:12:54.788521,599617503146053860,108.00
2025-11-18 15:12:54.788521,599617503146053860,84.00
2025-11-18 15:12:54.788521,599617503146053860,50.00
2025-11-18 15:12:54.788521,599617503146053860,7.00
2025-11-18 15:12:54.788521,599617503146053860,-36.00
2025-11-18 15:12:54.788521,599617503146053860,-65.00
2025-11-18 15:12:54.788521,599617503146053860,-91.00
2025-11-18 15:12:54.788521,599617503146053860,-113.00
2025-11-18 15:12:54.788521,599617503146053860,-120.00
2025-11-18 15:12:54.788521,599617503146053860,-125.00
2025-11-18 15:12:54.788521,599617503146053860,-127.00
2025-11-18 15:12:54.788521,599617503146053860,-127.00
2025-11-18 15:12:54.788521,599617503146053860,-122.00
2025-11-18 15:12:54.788521,599617503146053860,-122.00
2025-11-18 15:12:54.788521,599617503146053860,-122.00
2025-11-18 15:12:54.788521,599617503146053860,-110.00
2025-11-18 15:12:54.788521,599617503146053860,-103.00
2025-11-18 15:12:54.788521,599617503146053860,-101.00
2025-11-18 15:12:54.788521,599617503146053860,-96.00
2025-11-18 15:12:54.788521,599617503146053860,-96.00
2025-11-18 15:12:54.788521,599617503146053860,-98.00
2025-11-18 15:12:54.788521,599617503146053860,-91.00
2025-11-18 15:12:54.788521,599617503146053860,-81.00
2025-11-18 15:12:54.788521,599617503146053860,-79.00
2025-11-18 15:12:54.788521,599617503146053860,-79.00
2025-11-18 15:12:55.386390,599617503706750903,-74.00
2025-11-18 15:12:55.386390,599617503706750903,-69.00
2025-11-18 15:12:55.386390,599617503706750903,-69.00
2025-11-18 15:12:55.386390,599617503706750903,-74.00
2025-11-18 15:12:55.386390,599617503706750903,-67.00
2025-11-18 15:12:55.386390,599617503706750903,-65.00
2025-11-18 15:12:55.386390,599617503706750903,-65.00
2025-11-18 15:12:55.386390,599617503706750903,-67.00
2025-11-18 15:12:55.386390,599617503706750903,-69.00
2025-11-18 15:12:55.386390,599617503706750903,-69.00
2025-11-18 15:12:55.386390,599617503706750903,-67.00
2025-11-18 15:12:55.386390,599617503706750903,-62.00
2025-11-18 15:12:55.386390,599617503706750903,-62.00
2025-11-18 15:12:55.386390,599617503706750903,-62.00
2025-11-18 15:12:55.386390,599617503706750903,-62.00
2025-11-18 15:12:55.386390,599617503706750903,-57.00
2025-11-18 15:12:55.386390,599617503706750903,-55.00
2025-11-18 15:12:55.386390,599617503706750903,-52.00
2025-11-18 15:12:55.386390,599617503706750903,-52.00
2025-11-18 15:12:55.386390,599617503706750903,-52.00
2025-11-18 15:12:55.386390,599617503706750903,-55.00
2025-11-18 15:12:55.386390,599617503706750903,-57.00
2025-11-18 15:12:55.386390,599617503706750903,-57.00
2025-11-18 15:12:55.386390,599617503706750903,-52.00
2025-11-18 15:12:55.386390,599617503706750903,-52.00
2025-11-18 15:12:55.386390,599617503706750903,-55.00
2025-11-18 15:12:55.386390,599617503706750903,-45.00
2025-11-18 15:12:55.386390,599617503706750903,-40.00
2025-11-18 15:12:55.386390,599617503706750903,-43.00
2025-11-18 15:12:55.386390,599617503706750903,-43.00
2025-11-18 15:12:55.386390,599617503706750903,-43.00
2025-11-18 15:12:55.386390,599617503706750903,-40.00
2025-11-18 15:12:55.386390,599617503706750903,-36.00
2025-11-18 15:12:55.386390,599617503706750903,-33.00
2025-11-18 15:12:55.386390,599617503706750903,-40.00
2025-11-18 15:12:55.386390,599617503706750903,-43.00
2025-11-18 15:12:55.386390,599617503706750903,-38.00
2025-11-18 15:12:55.386390,599617503706750903,-36.00
2025-11-18 15:12:55.386390,599617503706750903,-38.00
2025-11-18 15:12:55.386390,599617503706750903,-31.00
2025-11-18 15:12:55.386390,599617503706750903,-26.00
2025-11-18 15:12:55.386390,599617503706750903,-26.00
2025-11-18 15:12:55.386390,599617503706750903,-12.00
2025-11-18 15:12:55.386390,599617503706750903,7.00
2025-11-18 15:12:55.386390,599617503706750903,4.00
2025-11-18 15:12:55.386390,599617503706750903,-4.00
2025-11-18 15:12:55.386390,599617503706750903,-7.00
2025-11-18 15:12:55.386390,599617503706750903,-7.00
2025-11-18 15:12:55.386390,599617503706750903,-16.00
2025-11-18 15:12:55.386390,599617503706750903,-28.00
2025-11-18 15:12:55.386390,599617503706750903,-33.00
2025-11-18 15:12:55.386390,599617503706750903,-26.00
2025-11-18 15:12:55.386390,599617503706750903,-21.00
2025-11-18 15:12:55.386390,599617503706750903,-31.00
2025-11-18 15:12:55.386390,599617503706750903,-36.00
2025-11-18 15:12:55.386390,599617503706750903,-31.00
2025-11-18 15:12:55.386390,599617503706750903,-26.00
2025-11-18 15:12:55.386390,599617503706750903,-31.00
2025-11-18 15:12:55.386390,599617503706750903,-45.00
2025-11-18 15:12:55.386390,599617503706750903,-60.00
2025-11-18 15:12:55.386390,599617503706750903,-12.00
2025-11-18 15:12:55.386390,599617503706750903,166.00
2025-11-18 15:12:55.386390,599617503706750903,423.00
2025-11-18 15:12:55.386390,599617503706750903,566.00
2025-11-18 15:12:55.386390,599617503706750903,351.00
2025-11-18 15:12:55.386390,599617503706750903,-79.00
2025-11-18 15:12:55.386390,599617503706750903,-252.00
2025-11-18 15:12:55.386390,599617503706750903,-166.00
2025-11-18 15:12:55.386390,599617503706750903,-110.00
2025-11-18 15:12:55.386390,599617503706750903,-86.00
2025-11-18 15:12:55.386390,599617503706750903,-45.00
2025-11-18 15:12:55.386390,599617503706750903,-36.00
2025-11-18 15:12:55.386390,599617503706750903,-45.00
2025-11-18 15:12:55.955217,599617504267417426,-24.00
2025-11-18 15:12:55.955217,599617504267417426,-12.00
2025-11-18 15:12:55.955217,599617504267417426,-21.00
2025-11-18 15:12:55.955217,599617504267417426,-19.00
2025-11-18 15:12:55.955217,599617504267417426,-7.00
2025-11-18 15:12:55.955217,599617504267417426,-9.00
2025-11-18 15:12:55.955217,599617504267417426,-9.00
2025-11-18 15:12:55.955217,599617504267417426,0.00
2025-11-18 15:12:55.955217,599617504267417426,12.00
2025-11-18 15:12:55.955217,599617504267417426,16.00
2025-11-18 15:12:55.955217,599617504267417426,19.00
2025-11-18 15:12:55.955217,599617504267417426,24.00
2025-11-18 15:12:55.955217,599617504267417426,36.00
2025-11-18 15:12:55.955217,599617504267417426,48.00
2025-11-18 15:12:55.955217,599617504267417426,60.00
2025-11-18 15:12:55.955217,599617504267417426,72.00
2025-11-18 15:12:55.955217,599617504267417426,81.00
2025-11-18 15:12:55.955217,599617504267417426,89.00
2025-11-18 15:12:55.955217,599617504267417426,101.00
2025-11-18 15:12:55.955217,599617504267417426,122.00
2025-11-18 15:12:55.955217,599617504267417426,132.00
2025-11-18 15:12:55.955217,599617504267417426,134.00
2025-11-18 15:12:55.955217,599617504267417426,139.00
2025-11-18 15:12:55.955217,599617504267417426,144.00
2025-11-18 15:12:55.955217,599617504267417426,144.00
2025-11-18 15:12:55.955217,599617504267417426,139.00
2025-11-18 15:12:55.955217,599617504267417426,125.00
2025-11-18 15:12:55.955217,599617504267417426,98.00
2025-11-18 15:12:55.955217,599617504267417426,60.00
2025-11-18 15:12:55.955217,599617504267417426,21.00
2025-11-18 15:12:55.955217,599617504267417426,-14.00
2025-11-18 15:12:55.955217,599617504267417426,-45.00
2025-11-18 15:12:55.955217,599617504267417426,-65.00
2025-11-18 15:12:55.955217,599617504267417426,-77.00
2025-11-18 15:12:55.955217,599617504267417426,-89.00
2025-11-18 15:12:55.955217,599617504267417426,-96.00
2025-11-18 15:12:55.955217,599617504267417426,-93.00
2025-11-18 15:12:55.955217,599617504267417426,-93.00
2025-11-18 15:12:55.955217,599617504267417426,-96.00
2025-11-18 15:12:55.955217,599617504267417426,-89.00
2025-11-18 15:12:55.955217,599617504267417426,-84.00
2025-11-18 15:12:55.955217,599617504267417426,-86.00
2025-11-18 15:12:55.955217,599617504267417426,-81.00
2025-11-18 15:12:55.955217,599617504267417426,-74.00
2025-11-18 15:12:55.955217,599617504267417426,-74.00
2025-11-18 15:12:55.955217,599617504267417426,-72.00
2025-11-18 15:12:55.955217,599617504267417426,-65.00
2025-11-18 15:12:55.955217,599617504267417426,-62.00
2025-11-18 15:12:55.955217,599617504267417426,-62.00
2025-11-18 15:12:55.955217,599617504267417426,-60.00
2025-11-18 15:12:55.955217,599617504267417426,-55.00
2025-11-18 15:12:55.955217,599617504267417426,-55.00
2025-11-18 15:12:55.955217,599617504267417426,-52.00
2025-11-18 15:12:55.955217,599617504267417426,-50.00
2025-11-18 15:12:55.955217,599617504267417426,-52.00
2025-11-18 15:12:55.955217,599617504267417426,-50.00
2025-11-18 15:12:55.955217,599617504267417426,-45.00
2025-11-18 15:12:55.955217,599617504267417426,-43.00
2025-11-18 15:12:55.955217,599617504267417426,-45.00
2025-11-18 15:12:55.955217,599617504267417426,-45.00
2025-11-18 15:12:55.955217,599617504267417426,-43.00
2025-11-18 15:12:55.955217,599617504267417426,-45.00
2025-11-18 15:12:55.955217,599617504267417426,-52.00
2025-11-18 15:12:55.955217,599617504267417426,-50.00
2025-11-18 15:12:55.955217,599617504267417426,-43.00
2025-11-18 15:12:55.955217,599617504267417426,-45.00
2025-11-18 15:12:55.955217,599617504267417426,-48.00
2025-11-18 15:12:55.955217,599617504267417426,-43.00
2025-11-18 15:12:55.955217,599617504267417426,-43.00
2025-11-18 15:12:55.955217,599617504267417426,-40.00
2025-11-18 15:12:55.955217,599617504267417426,-40.00
2025-11-18 15:12:55.955217,599617504267417426,-43.00
2025-11-18 15:12:55.955217,599617504267417426,-45.00
2025-11-18 15:12:56.495203,599617504828114467,-43.00
2025-11-18 15:12:56.495203,599617504828114467,-40.00
2025-11-18 15:12:56.495203,599617504828114467,-40.00
2025-11-18 15:12:56.495203,599617504828114467,-40.00
2025-11-18 15:12:56.495203,599617504828114467,-40.00
2025-11-18 15:12:56.495203,599617504828114467,-43.00
2025-11-18 15:12:56.495203,599617504828114467,-43.00
2025-11-18 15:12:56.495203,599617504828114467,-33.00
2025-11-18 15:12:56.495203,599617504828114467,-31.00
2025-11-18 15:12:56.495203,599617504828114467,-33.00
2025-11-18 15:12:56.495203,599617504828114467,-33.00
2025-11-18 15:12:56.495203,599617504828114467,-33.00
2025-11-18 15:12:56.495203,599617504828114467,-38.00
2025-11-18 15:12:56.495203,599617504828114467,-36.00
2025-11-18 15:12:56.495203,599617504828114467,-33.00
2025-11-18 15:12:56.495203,599617504828114467,-33.00
2025-11-18 15:12:56.495203,599617504828114467,-36.00
2025-11-18 15:12:56.495203,599617504828114467,-31.00
2025-11-18 15:12:56.495203,599617504828114467,-28.00
2025-11-18 15:12:56.495203,599617504828114467,-28.00
2025-11-18 15:12:56.495203,599617504828114467,-31.00
2025-11-18 15:12:56.495203,599617504828114467,-31.00
2025-11-18 15:12:56.495203,599617504828114467,-28.00
2025-11-18 15:12:56.495203,599617504828114467,-26.00
2025-11-18 15:12:56.495203,599617504828114467,-24.00
2025-11-18 15:12:56.495203,599617504828114467,-16.00
2025-11-18 15:12:56.495203,599617504828114467,-7.00
2025-11-18 15:12:56.495203,599617504828114467,0.00
2025-11-18 15:12:56.495203,599617504828114467,7.00
2025-11-18 15:12:56.495203,599617504828114467,12.00
2025-11-18 15:12:56.495203,599617504828114467,7.00
2025-11-18 15:12:56.495203,599617504828114467,-2.00
2025-11-18 15:12:56.495203,599617504828114467,-9.00
2025-11-18 15:12:56.495203,599617504828114467,-16.00
2025-11-18 15:12:56.495203,599617504828114467,-21.00
2025-11-18 15:12:56.495203,599617504828114467,-24.00
2025-11-18 15:12:56.495203,599617504828114467,-28.00
2025-11-18 15:12:56.495203,599617504828114467,-28.00
2025-11-18 15:12:56.495203,599617504828114467,-26.00
2025-11-18 15:12:56.495203,599617504828114467,-31.00
2025-11-18 15:12:56.495203,599617504828114467,-36.00
2025-11-18 15:12:56.495203,599617504828114467,-36.00
2025-11-18 15:12:56.495203,599617504828114467,-36.00
2025-11-18 15:12:56.495203,599617504828114467,-36.00
2025-11-18 15:12:56.495203,599617504828114467,-50.00
2025-11-18 15:12:56.495203,599617504828114467,-60.00
2025-11-18 15:12:56.495203,599617504828114467,21.00
2025-11-18 15:12:56.495203,599617504828114467,238.00
2025-11-18 15:12:56.495203,599617504828114467,481.00
2025-11-18 15:12:56.495203,599617504828114467,493.00
2025-11-18 15:12:56.495203,599617504828114467,149.00
2025-11-18 15:12:56.495203,599617504828114467,-204.00
2025-11-18 15:12:56.495203,599617504828114467,-240.00
2025-11-18 15:12:56.495203,599617504828114467,-144.00
2025-11-18 15:12:56.495203,599617504828114467,-108.00
2025-11-18 15:12:56.495203,599617504828114467,-74.00
2025-11-18 15:12:56.495203,599617504828114467,-43.00
2025-11-18 15:12:56.495203,599617504828114467,-45.00
2025-11-18 15:12:56.495203,599617504828114467,-40.00
2025-11-18 15:12:56.495203,599617504828114467,-26.00
2025-11-18 15:12:56.495203,599617504828114467,-26.00
2025-11-18 15:12:56.495203,599617504828114467,-24.00
2025-11-18 15:12:56.495203,599617504828114467,-16.00
2025-11-18 15:12:56.495203,599617504828114467,-12.00
2025-11-18 15:12:56.495203,599617504828114467,-9.00
2025-11-18 15:12:56.495203,599617504828114467,0.00
2025-11-18 15:12:56.495203,599617504828114467,4.00
2025-11-18 15:12:56.495203,599617504828114467,0.00
2025-11-18 15:12:56.495203,599617504828114467,-2.00
2025-11-18 15:12:56.495203,599617504828114467,7.00
2025-11-18 15:12:56.495203,599617504828114467,16.00
2025-11-18 15:12:56.495203,599617504828114467,28.00
2025-11-18 15:12:56.495203,599617504828114467,36.00
2025-11-18 15:12:57.070860,599617505388811508,40.00
2025-11-18 15:12:57.070860,599617505388811508,43.00
2025-11-18 15:12:57.070860,599617505388811508,50.00
2025-11-18 15:12:57.070860,599617505388811508,65.00
2025-11-18 15:12:57.070860,599617505388811508,81.00
2025-11-18 15:12:57.070860,599617505388811508,98.00
2025-11-18 15:12:57.070860,599617505388811508,113.00
2025-11-18 15:12:57.070860,599617505388811508,115.00
2025-11-18 15:12:57.070860,599617505388811508,110.00
2025-11-18 15:12:57.070860,599617505388811508,113.00
2025-11-18 15:12:57.070860,599617505388811508,115.00
2025-11-18 15:12:57.070860,599617505388811508,98.00
2025-11-18 15:12:57.070860,599617505388811508,77.00
2025-11-18 15:12:57.070860,599617505388811508,52.00
2025-11-18 15:12:57.070860,599617505388811508,21.00
2025-11-18 15:12:57.070860,599617505388811508,-16.00
2025-11-18 15:12:57.070860,599617505388811508,-48.00
2025-11-18 15:12:57.070860,599617505388811508,-69.00
2025-11-18 15:12:57.070860,599617505388811508,-89.00
2025-11-18 15:12:57.070860,599617505388811508,-108.00
2025-11-18 15:12:57.070860,599617505388811508,-118.00
2025-11-18 15:12:57.070860,599617505388811508,-120.00
2025-11-18 15:12:57.070860,599617505388811508,-122.00
2025-11-18 15:12:57.070860,599617505388811508,-127.00
2025-11-18 15:12:57.070860,599617505388811508,-125.00
2025-11-18 15:12:57.070860,599617505388811508,-122.00
2025-11-18 15:12:57.070860,599617505388811508,-120.00
2025-11-18 15:12:57.070860,599617505388811508,-115.00
2025-11-18 15:12:57.070860,599617505388811508,-108.00
2025-11-18 15:12:57.070860,599617505388811508,-105.00
2025-11-18 15:12:57.070860,599617505388811508,-105.00
2025-11-18 15:12:57.070860,599617505388811508,-103.00
2025-11-18 15:12:57.070860,599617505388811508,-93.00
2025-11-18 15:12:57.070860,599617505388811508,-91.00
2025-11-18 15:12:57.070860,599617505388811508,-96.00
2025-11-18 15:12:57.070860,599617505388811508,-98.00
2025-11-18 15:12:57.070860,599617505388811508,-93.00
2025-11-18 15:12:57.070860,599617505388811508,-96.00
2025-11-18 15:12:57.070860,599617505388811508,-101.00
2025-11-18 15:12:57.070860,599617505388811508,-98.00
2025-11-18 15:12:57.070860,599617505388811508,-96.00
2025-11-18 15:12:57.070860,599617505388811508,-93.00
2025-11-18 15:12:57.070860,599617505388811508,-96.00
2025-11-18 15:12:57.070860,599617505388811508,-96.00
2025-11-18 15:12:57.070860,599617505388811508,-96.00
2025-11-18 15:12:57.070860,599617505388811508,-96.00
2025-11-18 15:12:57.070860,599617505388811508,-91.00
2025-11-18 15:12:57.070860,599617505388811508,-91.00
2025-11-18 15:12:57.070860,599617505388811508,-96.00
2025-11-18 15:12:57.070860,599617505388811508,-93.00
2025-11-18 15:12:57.070860,599617505388811508,-91.00
2025-11-18 15:12:57.070860,599617505388811508,-93.00
2025-11-18 15:12:57.070860,599617505388811508,-91.00
2025-11-18 15:12:57.070860,599617505388811508,-91.00
2025-11-18 15:12:57.070860,599617505388811508,-89.00
2025-11-18 15:12:57.070860,599617505388811508,-89.00
2025-11-18 15:12:57.070860,599617505388811508,-96.00
2025-11-18 15:12:57.070860,599617505388811508,-93.00
2025-11-18 15:12:57.070860,599617505388811508,-86.00
2025-11-18 15:12:57.070860,599617505388811508,-84.00
2025-11-18 15:12:57.070860,599617505388811508,-84.00
2025-11-18 15:12:57.070860,599617505388811508,-86.00
2025-11-18 15:12:57.070860,599617505388811508,-84.00
2025-11-18 15:12:57.070860,599617505388811508,-81.00
2025-11-18 15:12:57.070860,599617505388811508,-81.00
2025-11-18 15:12:57.070860,599617505388811508,-81.00
2025-11-18 15:12:57.070860,599617505388811508,-81.00
2025-11-18 15:12:57.070860,599617505388811508,-81.00
2025-11-18 15:12:57.070860,599617505388811508,-81.00
2025-11-18 15:12:57.070860,599617505388811508,-81.00
2025-11-18 15:12:57.070860,599617505388811508,-74.00
2025-11-18 15:12:57.070860,599617505388811508,-74.00
2025-11-18 15:12:57.070860,599617505388811508,-81.00
2025-11-18 15:12:57.607563,599617505949508549,-84.00
2025-11-18 15:12:57.607563,599617505949508549,-79.00
2025-11-18 15:12:57.607563,599617505949508549,-74.00
2025-11-18 15:12:57.607563,599617505949508549,-74.00
2025-11-18 15:12:57.607563,599617505949508549,-77.00
2025-11-18 15:12:57.607563,599617505949508549,-79.00
2025-11-18 15:12:57.607563,599617505949508549,-74.00
2025-11-18 15:12:57.607563,599617505949508549,-65.00
2025-11-18 15:12:57.607563,599617505949508549,-60.00
2025-11-18 15:12:57.607563,599617505949508549,-50.00
2025-11-18 15:12:57.607563,599617505949508549,-33.00
2025-11-18 15:12:57.607563,599617505949508549,-28.00
2025-11-18 15:12:57.607563,599617505949508549,-38.00
2025-11-18 15:12:57.607563,599617505949508549,-45.00
2025-11-18 15:12:57.607563,599617505949508549,-48.00
2025-11-18 15:12:57.607563,599617505949508549,-52.00
2025-11-18 15:12:57.607563,599617505949508549,-60.00
2025-11-18 15:12:57.607563,599617505949508549,-62.00
2025-11-18 15:12:57.607563,599617505949508549,-57.00
2025-11-18 15:12:57.607563,599617505949508549,-57.00
2025-11-18 15:12:57.607563,599617505949508549,-62.00
2025-11-18 15:12:57.607563,599617505949508549,-67.00
2025-11-18 15:12:57.607563,599617505949508549,-62.00
2025-11-18 15:12:57.607563,599617505949508549,-57.00
2025-11-18 15:12:57.607563,599617505949508549,-62.00
2025-11-18 15:12:57.607563,599617505949508549,-67.00
2025-11-18 15:12:57.607563,599617505949508549,-77.00
2025-11-18 15:12:57.607563,599617505949508549,-86.00
2025-11-18 15:12:57.607563,599617505949508549,-19.00
2025-11-18 15:12:57.607563,599617505949508549,187.00
2025-11-18 15:12:57.607563,599617505949508549,440.00
2025-11-18 15:12:57.607563,599617505949508549,491.00
2025-11-18 15:12:57.607563,599617505949508549,173.00
2025-11-18 15:12:57.607563,599617505949508549,-224.00
2025-11-18 15:12:57.607563,599617505949508549,-298.00
2025-11-18 15:12:57.607563,599617505949508549,-190.00
2025-11-18 15:12:57.607563,599617505949508549,-146.00
2025-11-18 15:12:57.607563,599617505949508549,-103.00
2025-11-18 15:12:57.607563,599617505949508549,-52.00
2025-11-18 15:12:57.607563,599617505949508549,-52.00
2025-11-18 15:12:57.607563,599617505949508549,-60.00
2025-11-18 15:12:57.607563,599617505949508549,-43.00
2025-11-18 15:12:57.607563,599617505949508549,-36.00
2025-11-18 15:12:57.607563,599617505949508549,-33.00
2025-11-18 15:12:57.607563,599617505949508549,-26.00
2025-11-18 15:12:57.607563,599617505949508549,-21.00
2025-11-18 15:12:57.607563,599617505949508549,-21.00
2025-11-18 15:12:57.607563,599617505949508549,-12.00
2025-11-18 15:12:57.607563,599617505949508549,0.00
2025-11-18 15:12:57.607563,599617505949508549,4.00
2025-11-18 15:12:57.607563,599617505949508549,9.00
2025-11-18 15:12:57.607563,599617505949508549,16.00
2025-11-18 15:12:57.607563,599617505949508549,21.00
2025-11-18 15:12:57.607563,599617505949508549,26.00
2025-11-18 15:12:57.607563,599617505949508549,36.00
2025-11-18 15:12:57.607563,599617505949508549,50.00
2025-11-18 15:12:57.607563,599617505949508549,57.00
2025-11-18 15:12:57.607563,599617505949508549,62.00
2025-11-18 15:12:57.607563,599617505949508549,72.00
2025-11-18 15:12:57.607563,599617505949508549,86.00
2025-11-18 15:12:57.607563,599617505949508549,98.00
2025-11-18 15:12:57.607563,599617505949508549,113.00
2025-11-18 15:12:57.607563,599617505949508549,122.00
2025-11-18 15:12:57.607563,599617505949508549,127.00
2025-11-18 15:12:57.607563,599617505949508549,130.00
2025-11-18 15:12:57.607563,599617505949508549,122.00
2025-11-18 15:12:57.607563,599617505949508549,115.00
2025-11-18 15:12:57.607563,599617505949508549,98.00
2025-11-18 15:12:57.607563,599617505949508549,65.00
2025-11-18 15:12:57.607563,599617505949508549,31.00
2025-11-18 15:12:57.607563,599617505949508549,4.00
2025-11-18 15:12:57.607563,599617505949508549,-26.00
2025-11-18 15:12:57.607563,599617505949508549,-57.00
2025-11-18 15:12:58.176259,599617506510205590,-74.00
2025-11-18 15:12:58.176259,599617506510205590,-84.00
2025-11-18 15:12:58.176259,599617506510205590,-96.00
2025-11-18 15:12:58.176259,599617506510205590,-103.00
2025-11-18 15:12:58.176259,599617506510205590,-103.00
2025-11-18 15:12:58.176259,599617506510205590,-101.00
2025-11-18 15:12:58.176259,599617506510205590,-96.00
2025-11-18 15:12:58.176259,599617506510205590,-93.00
2025-11-18 15:12:58.176259,599617506510205590,-91.00
2025-11-18 15:12:58.176259,599617506510205590,-84.00
2025-11-18 15:12:58.176259,599617506510205590,-77.00
2025-11-18 15:12:58.176259,599617506510205590,-77.00
2025-11-18 15:12:58.176259,599617506510205590,-74.00
2025-11-18 15:12:58.176259,599617506510205590,-69.00
2025-11-18 15:12:58.176259,599617506510205590,-62.00
2025-11-18 15:12:58.176259,599617506510205590,-60.00
2025-11-18 15:12:58.176259,599617506510205590,-57.00
2025-11-18 15:12:58.176259,599617506510205590,-55.00
2025-11-18 15:12:58.176259,599617506510205590,-57.00
2025-11-18 15:12:58.176259,599617506510205590,-65.00
2025-11-18 15:12:58.176259,599617506510205590,-67.00
2025-11-18 15:12:58.176259,599617506510205590,-57.00
2025-11-18 15:12:58.176259,599617506510205590,-52.00
2025-11-18 15:12:58.176259,599617506510205590,-55.00
2025-11-18 15:12:58.176259,599617506510205590,-57.00
2025-11-18 15:12:58.176259,599617506510205590,-55.00
2025-11-18 15:12:58.176259,599617506510205590,-55.00
2025-11-18 15:12:58.176259,599617506510205590,-52.00
2025-11-18 15:12:58.176259,599617506510205590,-45.00
2025-11-18 15:12:58.176259,599617506510205590,-40.00
2025-11-18 15:12:58.176259,599617506510205590,-45.00
2025-11-18 15:12:58.176259,599617506510205590,-52.00
2025-11-18 15:12:58.176259,599617506510205590,-50.00
2025-11-18 15:12:58.176259,599617506510205590,-45.00
2025-11-18 15:12:58.176259,599617506510205590,-48.00
2025-11-18 15:12:58.176259,599617506510205590,-45.00
2025-11-18 15:12:58.176259,599617506510205590,-36.00
2025-11-18 15:12:58.176259,599617506510205590,-36.00
2025-11-18 15:12:58.176259,599617506510205590,-38.00
2025-11-18 15:12:58.176259,599617506510205590,-36.00
2025-11-18 15:12:58.176259,599617506510205590,-36.00
2025-11-18 15:12:58.176259,599617506510205590,-38.00
2025-11-18 15:12:58.176259,599617506510205590,-36.00
2025-11-18 15:12:58.176259,599617506510205590,-31.00
2025-11-18 15:12:58.176259,599617506510205590,-31.00
2025-11-18 15:12:58.176259,599617506510205590,-28.00
2025-11-18 15:12:58.176259,599617506510205590,-28.00
2025-11-18 15:12:58.176259,599617506510205590,-33.00
2025-11-18 15:12:58.176259,599617506510205590,-33.00
2025-11-18 15:12:58.176259,599617506510205590,-28.00
2025-11-18 15:12:58.176259,599617506510205590,-28.00
2025-11-18 15:12:58.176259,599617506510205590,-28.00
2025-11-18 15:12:58.176259,599617506510205590,-24.00
2025-11-18 15:12:58.176259,599617506510205590,-24.00
2025-11-18 15:12:58.176259,599617506510205590,-24.00
2025-11-18 15:12:58.176259,599617506510205590,-21.00
2025-11-18 15:12:58.176259,599617506510205590,-19.00
2025-11-18 15:12:58.176259,599617506510205590,-21.00
2025-11-18 15:12:58.176259,599617506510205590,-19.00
2025-11-18 15:12:58.176259,599617506510205590,-21.00
2025-11-18 15:12:58.176259,599617506510205590,-26.00
2025-11-18 15:12:58.176259,599617506510205590,-24.00
2025-11-18 15:12:58.176259,599617506510205590,-19.00
2025-11-18 15:12:58.176259,599617506510205590,-19.00
2025-11-18 15:12:58.176259,599617506510205590,-19.00
2025-11-18 15:12:58.176259,599617506510205590,-14.00
2025-11-18 15:12:58.176259,599617506510205590,-12.00
2025-11-18 15:12:58.176259,599617506510205590,-14.00
2025-11-18 15:12:58.176259,599617506510205590,-16.00
2025-11-18 15:12:58.176259,599617506510205590,-14.00
2025-11-18 15:12:58.176259,599617506510205590,-9.00
2025-11-18 15:12:58.176259,599617506510205590,-2.00
2025-11-18 15:12:58.176259,599617506510205590,4.00
2025-11-18 15:12:58.777573,599617507070902633,14.00
2025-11-18 15:12:58.777573,599617507070902633,24.00
2025-11-18 15:12:58.777573,599617507070902633,24.00
2025-11-18 15:12:58.777573,599617507070902633,16.00
2025-11-18 15:12:58.777573,599617507070902633,7.00
2025-11-18 15:12:58.777573,599617507070902633,-2.00
2025-11-18 15:12:58.777573,599617507070902633,-2.00
2025-11-18 15:12:58.777573,599617507070902633,-7.00
2025-11-18 15:12:58.777573,599617507070902633,-9.00
2025-11-18 15:12:58.777573,599617507070902633,-9.00
2025-11-18 15:12:58.777573,599617507070902633,-12.00
2025-11-18 15:12:58.777573,599617507070902633,-12.00
2025-11-18 15:12:58.777573,599617507070902633,-9.00
2025-11-18 15:12:58.777573,599617507070902633,-12.00
2025-11-18 15:12:58.777573,599617507070902633,-14.00
2025-11-18 15:12:58.777573,599617507070902633,-12.00
2025-11-18 15:12:58.777573,599617507070902633,-19.00
2025-11-18 15:12:58.777573,599617507070902633,-43.00
2025-11-18 15:12:58.777573,599617507070902633,-38.00
2025-11-18 15:12:58.777573,599617507070902633,81.00
2025-11-18 15:12:58.777573,599617507070902633,322.00
2025-11-18 15:12:58.777573,599617507070902633,541.00
2025-11-18 15:12:58.777573,599617507070902633,486.00
2025-11-18 15:12:58.777573,599617507070902633,96.00
2025-11-18 15:12:58.777573,599617507070902633,-209.00
2025-11-18 15:12:58.777573,599617507070902633,-187.00
2025-11-18 15:12:58.777573,599617507070902633,-105.00
2025-11-18 15:12:58.777573,599617507070902633,-89.00
2025-11-18 15:12:58.777573,599617507070902633,-48.00
2025-11-18 15:12:58.777573,599617507070902633,-14.00
2025-11-18 15:12:58.777573,599617507070902633,-21.00
2025-11-18 15:12:58.777573,599617507070902633,-19.00
2025-11-18 15:12:58.777573,599617507070902633,0.00
2025-11-18 15:12:58.777573,599617507070902633,7.00
2025-11-18 15:12:58.777573,599617507070902633,4.00
2025-11-18 15:12:58.777573,599617507070902633,4.00
2025-11-18 15:12:58.777573,599617507070902633,7.00
2025-11-18 15:12:58.777573,599617507070902633,9.00
2025-11-18 15:12:58.777573,599617507070902633,19.00
2025-11-18 15:12:58.777573,599617507070902633,31.00
2025-11-18 15:12:58.777573,599617507070902633,38.00
2025-11-18 15:12:58.777573,599617507070902633,43.00
2025-11-18 15:12:58.777573,599617507070902633,50.00
2025-11-18 15:12:58.777573,599617507070902633,52.00
2025-11-18 15:12:58.777573,599617507070902633,52.00
2025-11-18 15:12:58.777573,599617507070902633,60.00
2025-11-18 15:12:58.777573,599617507070902633,69.00
2025-11-18 15:12:58.777573,599617507070902633,81.00
2025-11-18 15:12:58.777573,599617507070902633,96.00
2025-11-18 15:12:58.777573,599617507070902633,110.00
2025-11-18 15:12:58.777573,599617507070902633,118.00
2025-11-18 15:12:58.777573,599617507070902633,127.00
2025-11-18 15:12:58.777573,599617507070902633,144.00
2025-11-18 15:12:58.777573,599617507070902633,151.00
2025-11-18 15:12:58.777573,599617507070902633,144.00
2025-11-18 15:12:58.777573,599617507070902633,139.00
2025-11-18 15:12:58.777573,599617507070902633,139.00
2025-11-18 15:12:58.777573,599617507070902633,134.00
2025-11-18 15:12:58.777573,599617507070902633,118.00
2025-11-18 15:12:58.777573,599617507070902633,91.00
2025-11-18 15:12:58.777573,599617507070902633,57.00
2025-11-18 15:12:58.777573,599617507070902633,24.00
2025-11-18 15:12:58.777573,599617507070902633,-9.00
2025-11-18 15:12:58.777573,599617507070902633,-40.00
2025-11-18 15:12:58.777573,599617507070902633,-60.00
2025-11-18 15:12:58.777573,599617507070902633,-72.00
2025-11-18 15:12:58.777573,599617507070902633,-79.00
2025-11-18 15:12:58.777573,599617507070902633,-84.00
2025-11-18 15:12:58.777573,599617507070902633,-89.00
2025-11-18 15:12:58.777573,599617507070902633,-91.00
2025-11-18 15:12:58.777573,599617507070902633,-91.00
2025-11-18 15:12:58.777573,599617507070902633,-86.00
2025-11-18 15:12:58.777573,599617507070902633,-79.00
2025-11-18 15:12:59.316827,599617507631599674,-77.00
2025-11-18 15:12:59.316827,599617507631599674,-72.00
2025-11-18 15:12:59.316827,599617507631599674,-67.00
2025-11-18 15:12:59.316827,599617507631599674,-62.00
2025-11-18 15:12:59.316827,599617507631599674,-62.00
2025-11-18 15:12:59.316827,599617507631599674,-62.00
2025-11-18 15:12:59.316827,599617507631599674,-55.00
2025-11-18 15:12:59.316827,599617507631599674,-50.00
2025-11-18 15:12:59.316827,599617507631599674,-55.00
2025-11-18 15:12:59.316827,599617507631599674,-55.00
2025-11-18 15:12:59.316827,599617507631599674,-52.00
2025-11-18 15:12:59.316827,599617507631599674,-45.00
2025-11-18 15:12:59.316827,599617507631599674,-38.00
2025-11-18 15:12:59.316827,599617507631599674,-38.00
2025-11-18 15:12:59.316827,599617507631599674,-43.00
2025-11-18 15:12:59.316827,599617507631599674,-43.00
2025-11-18 15:12:59.316827,599617507631599674,-43.00
2025-11-18 15:12:59.316827,599617507631599674,-45.00
2025-11-18 15:12:59.316827,599617507631599674,-50.00
2025-11-18 15:12:59.316827,599617507631599674,-50.00
2025-11-18 15:12:59.316827,599617507631599674,-48.00
2025-11-18 15:12:59.316827,599617507631599674,-50.00
2025-11-18 15:12:59.316827,599617507631599674,-50.00
2025-11-18 15:12:59.316827,599617507631599674,-48.00
2025-11-18 15:12:59.316827,599617507631599674,-48.00
2025-11-18 15:12:59.316827,599617507631599674,-45.00
2025-11-18 15:12:59.316827,599617507631599674,-45.00
2025-11-18 15:12:59.316827,599617507631599674,-45.00
2025-11-18 15:12:59.316827,599617507631599674,-48.00
2025-11-18 15:12:59.316827,599617507631599674,-48.00
2025-11-18 15:12:59.316827,599617507631599674,-50.00
2025-11-18 15:12:59.316827,599617507631599674,-50.00
2025-11-18 15:12:59.316827,599617507631599674,-43.00
2025-11-18 15:12:59.316827,599617507631599674,-43.00
2025-11-18 15:12:59.316827,599617507631599674,-48.00
2025-11-18 15:12:59.316827,599617507631599674,-45.00
2025-11-18 15:12:59.316827,599617507631599674,-38.00
2025-11-18 15:12:59.316827,599617507631599674,-40.00
2025-11-18 15:12:59.316827,599617507631599674,-45.00
2025-11-18 15:12:59.316827,599617507631599674,-48.00
2025-11-18 15:12:59.316827,599617507631599674,-43.00
2025-11-18 15:12:59.316827,599617507631599674,-38.00
2025-11-18 15:12:59.316827,599617507631599674,-40.00
2025-11-18 15:12:59.316827,599617507631599674,-43.00
2025-11-18 15:12:59.316827,599617507631599674,-40.00
2025-11-18 15:12:59.316827,599617507631599674,-36.00
2025-11-18 15:12:59.316827,599617507631599674,-36.00
2025-11-18 15:12:59.316827,599617507631599674,-43.00
2025-11-18 15:12:59.316827,599617507631599674,-43.00
2025-11-18 15:12:59.316827,599617507631599674,-43.00
2025-11-18 15:12:59.316827,599617507631599674,-43.00
2025-11-18 15:12:59.316827,599617507631599674,-40.00
2025-11-18 15:12:59.316827,599617507631599674,-40.00
2025-11-18 15:12:59.316827,599617507631599674,-40.00
2025-11-18 15:12:59.316827,599617507631599674,-38.00
2025-11-18 15:12:59.316827,599617507631599674,-36.00
2025-11-18 15:12:59.316827,599617507631599674,-33.00
2025-11-18 15:12:59.316827,599617507631599674,-28.00
2025-11-18 15:12:59.316827,599617507631599674,-19.00
2025-11-18 15:12:59.316827,599617507631599674,-2.00
2025-11-18 15:12:59.316827,599617507631599674,0.00
2025-11-18 15:12:59.316827,599617507631599674,-12.00
2025-11-18 15:12:59.316827,599617507631599674,-26.00
2025-11-18 15:12:59.316827,599617507631599674,-38.00
2025-11-18 15:12:59.316827,599617507631599674,-40.00
2025-11-18 15:12:59.316827,599617507631599674,-40.00
2025-11-18 15:12:59.316827,599617507631599674,-45.00
2025-11-18 15:12:59.316827,599617507631599674,-50.00
2025-11-18 15:12:59.316827,599617507631599674,-50.00
2025-11-18 15:12:59.316827,599617507631599674,-40.00
2025-11-18 15:12:59.316827,599617507631599674,-40.00
2025-11-18 15:12:59.316827,599617507631599674,-52.00
2025-11-18 15:12:59.316827,599617507631599674,-52.00
2025-11-18 15:12:59.857228,599617508192296715,-45.00
2025-11-18 15:12:59.857228,599617508192296715,-52.00
2025-11-18 15:12:59.857228,599617508192296715,-72.00
2025-11-18 15:12:59.857228,599617508192296715,-55.00
2025-11-18 15:12:59.857228,599617508192296715,74.00
2025-11-18 15:12:59.857228,599617508192296715,317.00
2025-11-18 15:12:59.857228,599617508192296715,522.00
2025-11-18 15:12:59.857228,599617508192296715,409.00
2025-11-18 15:12:59.857228,599617508192296715,-38.00
2025-11-18 15:12:59.857228,599617508192296715,-327.00
2025-11-18 15:12:59.857228,599617508192296715,-257.00
2025-11-18 15:12:59.857228,599617508192296715,-156.00
2025-11-18 15:12:59.857228,599617508192296715,-132.00
2025-11-18 15:12:59.857228,599617508192296715,-81.00
2025-11-18 15:12:59.857228,599617508192296715,-45.00
2025-11-18 15:12:59.857228,599617508192296715,-52.00
2025-11-18 15:12:59.857228,599617508192296715,-45.00
2025-11-18 15:12:59.857228,599617508192296715,-28.00
2025-11-18 15:12:59.857228,599617508192296715,-31.00
2025-11-18 15:12:59.857228,599617508192296715,-28.00
2025-11-18 15:12:59.857228,599617508192296715,-19.00
2025-11-18 15:12:59.857228,599617508192296715,-14.00
2025-11-18 15:12:59.857228,599617508192296715,-9.00
2025-11-18 15:12:59.857228,599617508192296715,-4.00
2025-11-18 15:12:59.857228,599617508192296715,-2.00
2025-11-18 15:12:59.857228,599617508192296715,0.00
2025-11-18 15:12:59.857228,599617508192296715,7.00
2025-11-18 15:12:59.857228,599617508192296715,12.00
2025-11-18 15:12:59.857228,599617508192296715,21.00
2025-11-18 15:12:59.857228,599617508192296715,33.00
2025-11-18 15:12:59.857228,599617508192296715,36.00
2025-11-18 15:12:59.857228,599617508192296715,40.00
2025-11-18 15:12:59.857228,599617508192296715,55.00
2025-11-18 15:12:59.857228,599617508192296715,65.00
2025-11-18 15:12:59.857228,599617508192296715,74.00
2025-11-18 15:12:59.857228,599617508192296715,89.00
2025-11-18 15:12:59.857228,599617508192296715,105.00
2025-11-18 15:12:59.857228,599617508192296715,115.00
2025-11-18 15:12:59.857228,599617508192296715,120.00
2025-11-18 15:12:59.857228,599617508192296715,120.00
2025-11-18 15:12:59.857228,599617508192296715,120.00
2025-11-18 15:12:59.857228,599617508192296715,113.00
2025-11-18 15:12:59.857228,599617508192296715,101.00
2025-11-18 15:12:59.857228,599617508192296715,79.00
2025-11-18 15:12:59.857228,599617508192296715,45.00
2025-11-18 15:12:59.857228,599617508192296715,7.00
2025-11-18 15:12:59.857228,599617508192296715,-24.00
2025-11-18 15:12:59.857228,599617508192296715,-52.00
2025-11-18 15:12:59.857228,599617508192296715,-79.00
2025-11-18 15:12:59.857228,599617508192296715,-98.00
2025-11-18 15:12:59.857228,599617508192296715,-108.00
2025-11-18 15:12:59.857228,599617508192296715,-115.00
2025-11-18 15:12:59.857228,599617508192296715,-118.00
2025-11-18 15:12:59.857228,599617508192296715,-118.00
2025-11-18 15:12:59.857228,599617508192296715,-118.00
2025-11-18 15:12:59.857228,599617508192296715,-115.00
2025-11-18 15:12:59.857228,599617508192296715,-108.00
2025-11-18 15:12:59.857228,599617508192296715,-98.00
2025-11-18 15:12:59.857228,599617508192296715,-91.00
2025-11-18 15:12:59.857228,599617508192296715,-91.00
2025-11-18 15:12:59.857228,599617508192296715,-84.00
2025-11-18 15:12:59.857228,599617508192296715,-72.00
2025-11-18 15:12:59.857228,599617508192296715,-72.00
2025-11-18 15:12:59.857228,599617508192296715,-77.00
2025-11-18 15:12:59.857228,599617508192296715,-69.00
2025-11-18 15:12:59.857228,599617508192296715,-62.00
2025-11-18 15:12:59.857228,599617508192296715,-67.00
2025-11-18 15:12:59.857228,599617508192296715,-69.00
2025-11-18 15:12:59.857228,599617508192296715,-67.00
2025-11-18 15:12:59.857228,599617508192296715,-65.00
2025-11-18 15:12:59.857228,599617508192296715,-62.00
2025-11-18 15:12:59.857228,599617508192296715,-60.00
2025-11-18 15:12:59.857228,599617508192296715,-60.00
2025-11-18 15:13:00.427281,599617508752963238,-57.00
2025-11-18 15:13:00.427281,599617508752963238,-60.00
2025-11-18 15:13:00.427281,599617508752963238,-62.00
2025-11-18 15:13:00.427281,599617508752963238,-62.00
2025-11-18 15:13:00.427281,599617508752963238,-60.00
2025-11-18 15:13:00.427281,599617508752963238,-57.00
2025-11-18 15:13:00.427281,599617508752963238,-57.00
2025-11-18 15:13:00.427281,599617508752963238,-57.00
2025-11-18 15:13:00.427281,599617508752963238,-57.00
2025-11-18 15:13:00.427281,599617508752963238,-55.00
2025-11-18 15:13:00.427281,599617508752963238,-50.00
2025-11-18 15:13:00.427281,599617508752963238,-48.00
2025-11-18 15:13:00.427281,599617508752963238,-45.00
2025-11-18 15:13:00.427281,599617508752963238,-45.00
2025-11-18 15:13:00.427281,599617508752963238,-48.00
2025-11-18 15:13:00.427281,599617508752963238,-48.00
2025-11-18 15:13:00.427281,599617508752963238,-40.00
2025-11-18 15:13:00.427281,599617508752963238,-38.00
2025-11-18 15:13:00.427281,599617508752963238,-43.00
2025-11-18 15:13:00.427281,599617508752963238,-45.00
2025-11-18 15:13:00.427281,599617508752963238,-40.00
2025-11-18 15:13:00.427281,599617508752963238,-43.00
2025-11-18 15:13:00.427281,599617508752963238,-45.00
2025-11-18 15:13:00.427281,599617508752963238,-40.00
2025-11-18 15:13:00.427281,599617508752963238,-38.00
2025-11-18 15:13:00.427281,599617508752963238,-38.00
2025-11-18 15:13:00.427281,599617508752963238,-38.00
2025-11-18 15:13:00.427281,599617508752963238,-36.00
2025-11-18 15:13:00.427281,599617508752963238,-36.00
2025-11-18 15:13:00.427281,599617508752963238,-36.00
2025-11-18 15:13:00.427281,599617508752963238,-36.00
2025-11-18 15:13:00.427281,599617508752963238,-33.00
2025-11-18 15:13:00.427281,599617508752963238,-33.00
2025-11-18 15:13:00.427281,599617508752963238,-40.00
2025-11-18 15:13:00.427281,599617508752963238,-43.00
2025-11-18 15:13:00.427281,599617508752963238,-36.00
2025-11-18 15:13:00.427281,599617508752963238,-24.00
2025-11-18 15:13:00.427281,599617508752963238,-16.00
2025-11-18 15:13:00.427281,599617508752963238,-7.00
2025-11-18 15:13:00.427281,599617508752963238,7.00
2025-11-18 15:13:00.427281,599617508752963238,7.00
2025-11-18 15:13:00.427281,599617508752963238,-7.00
2025-11-18 15:13:00.427281,599617508752963238,-19.00
2025-11-18 15:13:00.427281,599617508752963238,-24.00
2025-11-18 15:13:00.427281,599617508752963238,-31.00
2025-11-18 15:13:00.427281,599617508752963238,-36.00
2025-11-18 15:13:00.427281,599617508752963238,-33.00
2025-11-18 15:13:00.427281,599617508752963238,-31.00
2025-11-18 15:13:00.427281,599617508752963238,-33.00
2025-11-18 15:13:00.427281,599617508752963238,-36.00
2025-11-18 15:13:00.427281,599617508752963238,-38.00
2025-11-18 15:13:00.427281,599617508752963238,-40.00
2025-11-18 15:13:00.427281,599617508752963238,-43.00
2025-11-18 15:13:00.427281,599617508752963238,-43.00
2025-11-18 15:13:00.427281,599617508752963238,-50.00
2025-11-18 15:13:00.427281,599617508752963238,-74.00
2025-11-18 15:13:00.427281,599617508752963238,-48.00
2025-11-18 15:13:00.427281,599617508752963238,118.00
2025-11-18 15:13:00.427281,599617508752963238,378.00
2025-11-18 15:13:00.427281,599617508752963238,554.00
2025-11-18 15:13:00.427281,599617508752963238,390.00
2025-11-18 15:13:00.427281,599617508752963238,-43.00
2025-11-18 15:13:00.427281,599617508752963238,-262.00
2025-11-18 15:13:00.427281,599617508752963238,-185.00
2025-11-18 15:13:00.427281,599617508752963238,-125.00
2025-11-18 15:13:00.427281,599617508752963238,-108.00
2025-11-18 15:13:00.427281,599617508752963238,-65.00
2025-11-18 15:13:00.427281,599617508752963238,-48.00
2025-11-18 15:13:00.427281,599617508752963238,-62.00
2025-11-18 15:13:00.427281,599617508752963238,-50.00
2025-11-18 15:13:00.427281,599617508752963238,-28.00
2025-11-18 15:13:00.427281,599617508752963238,-28.00
2025-11-18 15:13:00.427281,599617508752963238,-26.00
2025-11-18 15:13:00.995274,599617509313660279,-16.00
2025-11-18 15:13:00.995274,599617509313660279,-16.00
2025-11-18 15:13:00.995274,599617509313660279,-16.00
2025-11-18 15:13:00.995274,599617509313660279,-12.00
2025-11-18 15:13:00.995274,599617509313660279,-9.00
2025-11-18 15:13:00.995274,599617509313660279,-2.00
2025-11-18 15:13:00.995274,599617509313660279,9.00
2025-11-18 15:13:00.995274,599617509313660279,16.00
2025-11-18 15:13:00.995274,599617509313660279,24.00
2025-11-18 15:13:00.995274,599617509313660279,31.00
2025-11-18 15:13:00.995274,599617509313660279,38.00
2025-11-18 15:13:00.995274,599617509313660279,45.00
2025-11-18 15:13:00.995274,599617509313660279,57.00
2025-11-18 15:13:00.995274,599617509313660279,67.00
2025-11-18 15:13:00.995274,599617509313660279,77.00
2025-11-18 15:13:00.995274,599617509313660279,93.00
2025-11-18 15:13:00.995274,599617509313660279,108.00
2025-11-18 15:13:00.995274,599617509313660279,118.00
2025-11-18 15:13:00.995274,599617509313660279,127.00
2025-11-18 15:13:00.995274,599617509313660279,130.00
2025-11-18 15:13:00.995274,599617509313660279,125.00
2025-11-18 15:13:00.995274,599617509313660279,115.00
2025-11-18 15:13:00.995274,599617509313660279,101.00
2025-11-18 15:13:00.995274,599617509313660279,77.00
2025-11-18 15:13:00.995274,599617509313660279,40.00
2025-11-18 15:13:00.995274,599617509313660279,0.00
2025-11-18 15:13:00.995274,599617509313660279,-36.00
2025-11-18 15:13:00.995274,599617509313660279,-65.00
2025-11-18 15:13:00.995274,599617509313660279,-89.00
2025-11-18 15:13:00.995274,599617509313660279,-105.00
2025-11-18 15:13:00.995274,599617509313660279,-118.00
2025-11-18 15:13:00.995274,599617509313660279,-122.00
2025-11-18 15:13:00.995274,599617509313660279,-125.00
2025-11-18 15:13:00.995274,599617509313660279,-122.00
2025-11-18 15:13:00.995274,599617509313660279,-120.00
2025-11-18 15:13:00.995274,599617509313660279,-120.00
2025-11-18 15:13:00.995274,599617509313660279,-118.00
2025-11-18 15:13:00.995274,599617509313660279,-115.00
2025-11-18 15:13:00.995274,599617509313660279,-113.00
2025-11-18 15:13:00.995274,599617509313660279,-108.00
2025-11-18 15:13:00.995274,599617509313660279,-98.00
2025-11-18 15:13:00.995274,599617509313660279,-93.00
2025-11-18 15:13:00.995274,599617509313660279,-86.00
2025-11-18 15:13:00.995274,599617509313660279,-81.00
2025-11-18 15:13:00.995274,599617509313660279,-79.00
2025-11-18 15:13:00.995274,599617509313660279,-77.00
2025-11-18 15:13:00.995274,599617509313660279,-69.00
2025-11-18 15:13:00.995274,599617509313660279,-67.00
2025-11-18 15:13:00.995274,599617509313660279,-67.00
2025-11-18 15:13:00.995274,599617509313660279,-67.00
2025-11-18 15:13:00.995274,599617509313660279,-69.00
2025-11-18 15:13:00.995274,599617509313660279,-67.00
2025-11-18 15:13:00.995274,599617509313660279,-69.00
2025-11-18 15:13:00.995274,599617509313660279,-67.00
2025-11-18 15:13:00.995274,599617509313660279,-62.00
2025-11-18 15:13:00.995274,599617509313660279,-65.00
2025-11-18 15:13:00.995274,599617509313660279,-72.00
2025-11-18 15:13:00.995274,599617509313660279,-69.00
2025-11-18 15:13:00.995274,599617509313660279,-62.00
2025-11-18 15:13:00.995274,599617509313660279,-60.00
2025-11-18 15:13:00.995274,599617509313660279,-62.00
2025-11-18 15:13:00.995274,599617509313660279,-65.00
2025-11-18 15:13:00.995274,599617509313660279,-65.00
2025-11-18 15:13:00.995274,599617509313660279,-60.00
2025-11-18 15:13:00.995274,599617509313660279,-60.00
2025-11-18 15:13:00.995274,599617509313660279,-60.00
2025-11-18 15:13:00.995274,599617509313660279,-57.00
2025-11-18 15:13:00.995274,599617509313660279,-57.00
2025-11-18 15:13:00.995274,599617509313660279,-55.00
2025-11-18 15:13:00.995274,599617509313660279,-57.00
2025-11-18 15:13:00.995274,599617509313660279,-57.00
2025-11-18 15:13:00.995274,599617509313660279,-55.00
2025-11-18 15:13:00.995274,599617509313660279,-55.00
2025-11-18 15:13:01.535424,599617509874357320,-57.00
2025-11-18 15:13:01.535424,599617509874357320,-57.00
2025-11-18 15:13:01.535424,599617509874357320,-55.00
2025-11-18 15:13:01.535424,599617509874357320,-55.00
2025-11-18 15:13:01.535424,599617509874357320,-52.00
2025-11-18 15:13:01.535424,599617509874357320,-50.00
2025-11-18 15:13:01.535424,599617509874357320,-52.00
2025-11-18 15:13:01.535424,599617509874357320,-55.00
2025-11-18 15:13:01.535424,599617509874357320,-52.00
2025-11-18 15:13:01.535424,599617509874357320,-50.00
2025-11-18 15:13:01.535424,599617509874357320,-48.00
2025-11-18 15:13:01.535424,599617509874357320,-48.00
2025-11-18 15:13:01.535424,599617509874357320,-48.00
2025-11-18 15:13:01.535424,599617509874357320,-45.00
2025-11-18 15:13:01.535424,599617509874357320,-50.00
2025-11-18 15:13:01.535424,599617509874357320,-48.00
2025-11-18 15:13:01.535424,599617509874357320,-45.00
2025-11-18 15:13:01.535424,599617509874357320,-43.00
2025-11-18 15:13:01.535424,599617509874357320,-45.00
2025-11-18 15:13:01.535424,599617509874357320,-45.00
2025-11-18 15:13:01.535424,599617509874357320,-45.00
2025-11-18 15:13:01.535424,599617509874357320,-43.00
2025-11-18 15:13:01.535424,599617509874357320,-38.00
2025-11-18 15:13:01.535424,599617509874357320,-38.00
2025-11-18 15:13:01.535424,599617509874357320,-40.00
2025-11-18 15:13:01.535424,599617509874357320,-38.00
2025-11-18 15:13:01.535424,599617509874357320,-36.00
2025-11-18 15:13:01.535424,599617509874357320,-28.00
2025-11-18 15:13:01.535424,599617509874357320,-19.00
2025-11-18 15:13:01.535424,599617509874357320,-9.00
2025-11-18 15:13:01.535424,599617509874357320,0.00
2025-11-18 15:13:01.535424,599617509874357320,-2.00
2025-11-18 15:13:01.535424,599617509874357320,-14.00
2025-11-18 15:13:01.535424,599617509874357320,-21.00
2025-11-18 15:13:01.535424,599617509874357320,-26.00
2025-11-18 15:13:01.535424,599617509874357320,-33.00
2025-11-18 15:13:01.535424,599617509874357320,-40.00
2025-11-18 15:13:01.535424,599617509874357320,-40.00
2025-11-18 15:13:01.535424,599617509874357320,-43.00
2025-11-18 15:13:01.535424,599617509874357320,-43.00
2025-11-18 15:13:01.535424,599617509874357320,-38.00
2025-11-18 15:13:01.535424,599617509874357320,-38.00
2025-11-18 15:13:01.535424,599617509874357320,-40.00
2025-11-18 15:13:01.535424,599617509874357320,-43.00
2025-11-18 15:13:01.535424,599617509874357320,-45.00
2025-11-18 15:13:01.535424,599617509874357320,-57.00
2025-11-18 15:13:01.535424,599617509874357320,-77.00
2025-11-18 15:13:01.535424,599617509874357320,-40.00
2025-11-18 15:13:01.535424,599617509874357320,120.00
2025-11-18 15:13:01.535424,599617509874357320,368.00
2025-11-18 15:13:01.535424,599617509874357320,537.00
2025-11-18 15:13:01.535424,599617509874357320,368.00
2025-11-18 15:13:01.535424,599617509874357320,-62.00
2025-11-18 15:13:01.535424,599617509874357320,-272.00
2025-11-18 15:13:01.535424,599617509874357320,-190.00
2025-11-18 15:13:01.535424,599617509874357320,-125.00
2025-11-18 15:13:01.535424,599617509874357320,-103.00
2025-11-18 15:13:01.535424,599617509874357320,-60.00
2025-11-18 15:13:01.535424,599617509874357320,-50.00
2025-11-18 15:13:01.535424,599617509874357320,-65.00
2025-11-18 15:13:01.535424,599617509874357320,-50.00
2025-11-18 15:13:01.535424,599617509874357320,-38.00
2025-11-18 15:13:01.535424,599617509874357320,-38.00
2025-11-18 15:13:01.535424,599617509874357320,-33.00
2025-11-18 15:13:01.535424,599617509874357320,-28.00
2025-11-18 15:13:01.535424,599617509874357320,-28.00
2025-11-18 15:13:01.535424,599617509874357320,-21.00
2025-11-18 15:13:01.535424,599617509874357320,-12.00
2025-11-18 15:13:01.535424,599617509874357320,-12.00
2025-11-18 15:13:01.535424,599617509874357320,-9.00
2025-11-18 15:13:01.535424,599617509874357320,0.00
2025-11-18 15:13:01.535424,599617509874357320,12.00
2025-11-18 15:13:01.535424,599617509874357320,14.00
2025-11-18 15:13:02.137418,599617510435054363,16.00
2025-11-18 15:13:02.137418,599617510435054363,24.00
2025-11-18 15:13:02.137418,599617510435054363,33.00
2025-11-18 15:13:02.137418,599617510435054363,40.00
2025-11-18 15:13:02.137418,599617510435054363,52.00
2025-11-18 15:13:02.137418,599617510435054363,67.00
2025-11-18 15:13:02.137418,599617510435054363,77.00
2025-11-18 15:13:02.137418,599617510435054363,93.00
2025-11-18 15:13:02.137418,599617510435054363,105.00
2025-11-18 15:13:02.137418,599617510435054363,113.00
2025-11-18 15:13:02.137418,599617510435054363,115.00
2025-11-18 15:13:02.137418,599617510435054363,113.00
2025-11-18 15:13:02.137418,599617510435054363,103.00
2025-11-18 15:13:02.137418,599617510435054363,89.00
2025-11-18 15:13:02.137418,599617510435054363,72.00
2025-11-18 15:13:02.137418,599617510435054363,40.00
2025-11-18 15:13:02.137418,599617510435054363,2.00
2025-11-18 15:13:02.137418,599617510435054363,-31.00
2025-11-18 15:13:02.137418,599617510435054363,-65.00
2025-11-18 15:13:02.137418,599617510435054363,-96.00
2025-11-18 15:13:02.137418,599617510435054363,-113.00
2025-11-18 15:13:02.137418,599617510435054363,-122.00
2025-11-18 15:13:02.137418,599617510435054363,-137.00
2025-11-18 15:13:02.137418,599617510435054363,-142.00
2025-11-18 15:13:02.137418,599617510435054363,-137.00
2025-11-18 15:13:02.137418,599617510435054363,-130.00
2025-11-18 15:13:02.137418,599617510435054363,-130.00
2025-11-18 15:13:02.137418,599617510435054363,-134.00
2025-11-18 15:13:02.137418,599617510435054363,-130.00
2025-11-18 15:13:02.137418,599617510435054363,-120.00
2025-11-18 15:13:02.137418,599617510435054363,-115.00
2025-11-18 15:13:02.137418,599617510435054363,-110.00
2025-11-18 15:13:02.137418,599617510435054363,-105.00
2025-11-18 15:13:02.137418,599617510435054363,-105.00
2025-11-18 15:13:02.137418,599617510435054363,-103.00
2025-11-18 15:13:02.137418,599617510435054363,-96.00
2025-11-18 15:13:02.137418,599617510435054363,-93.00
2025-11-18 15:13:02.137418,599617510435054363,-93.00
2025-11-18 15:13:02.137418,599617510435054363,-86.00
2025-11-18 15:13:02.137418,599617510435054363,-77.00
2025-11-18 15:13:02.137418,599617510435054363,-79.00
2025-11-18 15:13:02.137418,599617510435054363,-89.00
2025-11-18 15:13:02.137418,599617510435054363,-84.00
2025-11-18 15:13:02.137418,599617510435054363,-77.00
2025-11-18 15:13:02.137418,599617510435054363,-79.00
2025-11-18 15:13:02.137418,599617510435054363,-84.00
2025-11-18 15:13:02.137418,599617510435054363,-86.00
2025-11-18 15:13:02.137418,599617510435054363,-84.00
2025-11-18 15:13:02.137418,599617510435054363,-84.00
2025-11-18 15:13:02.137418,599617510435054363,-91.00
2025-11-18 15:13:02.137418,599617510435054363,-89.00
2025-11-18 15:13:02.137418,599617510435054363,-84.00
2025-11-18 15:13:02.137418,599617510435054363,-86.00
2025-11-18 15:13:02.137418,599617510435054363,-84.00
2025-11-18 15:13:02.137418,599617510435054363,-77.00
2025-11-18 15:13:02.137418,599617510435054363,-81.00
2025-11-18 15:13:02.137418,599617510435054363,-89.00
2025-11-18 15:13:02.137418,599617510435054363,-84.00
2025-11-18 15:13:02.137418,599617510435054363,-79.00
2025-11-18 15:13:02.137418,599617510435054363,-79.00
2025-11-18 15:13:02.137418,599617510435054363,-79.00
2025-11-18 15:13:02.137418,599617510435054363,-72.00
2025-11-18 15:13:02.137418,599617510435054363,-69.00
2025-11-18 15:13:02.137418,599617510435054363,-74.00
2025-11-18 15:13:02.137418,599617510435054363,-77.00
2025-11-18 15:13:02.137418,599617510435054363,-74.00
2025-11-18 15:13:02.137418,599617510435054363,-72.00
2025-11-18 15:13:02.137418,599617510435054363,-69.00
2025-11-18 15:13:02.137418,599617510435054363,-69.00
2025-11-18 15:13:02.137418,599617510435054363,-69.00
2025-11-18 15:13:02.137418,599617510435054363,-65.00
2025-11-18 15:13:02.137418,599617510435054363,-57.00
2025-11-18 15:13:02.137418,599617510435054363,-57.00
2025-11-18 15:13:02.675934,599617510995751404,-69.00
2025-11-18 15:13:02.675934,599617510995751404,-69.00
2025-11-18 15:13:02.675934,599617510995751404,-60.00
2025-11-18 15:13:02.675934,599617510995751404,-57.00
2025-11-18 15:13:02.675934,599617510995751404,-57.00
2025-11-18 15:13:02.675934,599617510995751404,-52.00
2025-11-18 15:13:02.675934,599617510995751404,-55.00
2025-11-18 15:13:02.675934,599617510995751404,-67.00
2025-11-18 15:13:02.675934,599617510995751404,-67.00
2025-11-18 15:13:02.675934,599617510995751404,-62.00
2025-11-18 15:13:02.675934,599617510995751404,-62.00
2025-11-18 15:13:02.675934,599617510995751404,-52.00
2025-11-18 15:13:02.675934,599617510995751404,-43.00
2025-11-18 15:13:02.675934,599617510995751404,-50.00
2025-11-18 15:13:02.675934,599617510995751404,-57.00
2025-11-18 15:13:02.675934,599617510995751404,-55.00
2025-11-18 15:13:02.675934,599617510995751404,-52.00
2025-11-18 15:13:02.675934,599617510995751404,-50.00
2025-11-18 15:13:02.675934,599617510995751404,-50.00
2025-11-18 15:13:02.675934,599617510995751404,-52.00
2025-11-18 15:13:02.675934,599617510995751404,-50.00
2025-11-18 15:13:02.675934,599617510995751404,-48.00
2025-11-18 15:13:02.675934,599617510995751404,-45.00
2025-11-18 15:13:02.675934,599617510995751404,-38.00
2025-11-18 15:13:02.675934,599617510995751404,-28.00
2025-11-18 15:13:02.675934,599617510995751404,-16.00
2025-11-18 15:13:02.675934,599617510995751404,-14.00
2025-11-18 15:13:02.675934,599617510995751404,-24.00
2025-11-18 15:13:02.675934,599617510995751404,-33.00
2025-11-18 15:13:02.675934,599617510995751404,-38.00
2025-11-18 15:13:02.675934,599617510995751404,-43.00
2025-11-18 15:13:02.675934,599617510995751404,-48.00
2025-11-18 15:13:02.675934,599617510995751404,-48.00
2025-11-18 15:13:02.675934,599617510995751404,-48.00
2025-11-18 15:13:02.675934,599617510995751404,-48.00
2025-11-18 15:13:02.675934,599617510995751404,-50.00
2025-11-18 15:13:02.675934,599617510995751404,-45.00
2025-11-18 15:13:02.675934,599617510995751404,-45.00
2025-11-18 15:13:02.675934,599617510995751404,-52.00
2025-11-18 15:13:02.675934,599617510995751404,-52.00
2025-11-18 15:13:02.675934,599617510995751404,-55.00
2025-11-18 15:13:02.675934,599617510995751404,-77.00
2025-11-18 15:13:02.675934,599617510995751404,-60.00
2025-11-18 15:13:02.675934,599617510995751404,77.00
2025-11-18 15:13:02.675934,599617510995751404,322.00
2025-11-18 15:13:02.675934,599617510995751404,517.00
2025-11-18 15:13:02.675934,599617510995751404,380.00
2025-11-18 15:13:02.675934,599617510995751404,-67.00
2025-11-18 15:13:02.675934,599617510995751404,-330.00
2025-11-18 15:13:02.675934,599617510995751404,-245.00
2025-11-18 15:13:02.675934,599617510995751404,-154.00
2025-11-18 15:13:02.675934,599617510995751404,-127.00
2025-11-18 15:13:02.675934,599617510995751404,-72.00
2025-11-18 15:13:02.675934,599617510995751404,-43.00
2025-11-18 15:13:02.675934,599617510995751404,-60.00
2025-11-18 15:13:02.675934,599617510995751404,-52.00
2025-11-18 15:13:02.675934,599617510995751404,-31.00
2025-11-18 15:13:02.675934,599617510995751404,-28.00
2025-11-18 15:13:02.675934,599617510995751404,-24.00
2025-11-18 15:13:02.675934,599617510995751404,-12.00
2025-11-18 15:13:02.675934,599617510995751404,-9.00
2025-11-18 15:13:02.675934,599617510995751404,-12.00
2025-11-18 15:13:02.675934,599617510995751404,-7.00
2025-11-18 15:13:02.675934,599617510995751404,-2.00
2025-11-18 15:13:02.675934,599617510995751404,2.00
2025-11-18 15:13:02.675934,599617510995751404,12.00
2025-11-18 15:13:02.675934,599617510995751404,21.00
2025-11-18 15:13:02.675934,599617510995751404,24.00
2025-11-18 15:13:02.675934,599617510995751404,28.00
2025-11-18 15:13:02.675934,599617510995751404,43.00
2025-11-18 15:13:02.675934,599617510995751404,52.00
2025-11-18 15:13:02.675934,599617510995751404,60.00
2025-11-18 15:13:02.675934,599617510995751404,67.00
2025-11-18 15:13:03.246559,599617511556448445,81.00
2025-11-18 15:13:03.246559,599617511556448445,93.00
2025-11-18 15:13:03.246559,599617511556448445,108.00
2025-11-18 15:13:03.246559,599617511556448445,120.00
2025-11-18 15:13:03.246559,599617511556448445,125.00
2025-11-18 15:13:03.246559,599617511556448445,125.00
2025-11-18 15:13:03.246559,599617511556448445,130.00
2025-11-18 15:13:03.246559,599617511556448445,130.00
2025-11-18 15:13:03.246559,599617511556448445,118.00
2025-11-18 15:13:03.246559,599617511556448445,96.00
2025-11-18 15:13:03.246559,599617511556448445,69.00
2025-11-18 15:13:03.246559,599617511556448445,33.00
2025-11-18 15:13:03.246559,599617511556448445,-7.00
2025-11-18 15:13:03.246559,599617511556448445,-38.00
2025-11-18 15:13:03.246559,599617511556448445,-60.00
2025-11-18 15:13:03.246559,599617511556448445,-81.00
2025-11-18 15:13:03.246559,599617511556448445,-96.00
2025-11-18 15:13:03.246559,599617511556448445,-105.00
2025-11-18 15:13:03.246559,599617511556448445,-110.00
2025-11-18 15:13:03.246559,599617511556448445,-110.00
2025-11-18 15:13:03.246559,599617511556448445,-108.00
2025-11-18 15:13:03.246559,599617511556448445,-101.00
2025-11-18 15:13:03.246559,599617511556448445,-93.00
2025-11-18 15:13:03.246559,599617511556448445,-96.00
2025-11-18 15:13:03.246559,599617511556448445,-96.00
2025-11-18 15:13:03.246559,599617511556448445,-86.00
2025-11-18 15:13:03.246559,599617511556448445,-81.00
2025-11-18 15:13:03.246559,599617511556448445,-79.00
2025-11-18 15:13:03.246559,599617511556448445,-74.00
2025-11-18 15:13:03.246559,599617511556448445,-69.00
2025-11-18 15:13:03.246559,599617511556448445,-69.00
2025-11-18 15:13:03.246559,599617511556448445,-72.00
2025-11-18 15:13:03.246559,599617511556448445,-62.00
2025-11-18 15:13:03.246559,599617511556448445,-55.00
2025-11-18 15:13:03.246559,599617511556448445,-57.00
2025-11-18 15:13:03.246559,599617511556448445,-60.00
2025-11-18 15:13:03.246559,599617511556448445,-55.00
2025-11-18 15:13:03.246559,599617511556448445,-52.00
2025-11-18 15:13:03.246559,599617511556448445,-55.00
2025-11-18 15:13:03.246559,599617511556448445,-57.00
2025-11-18 15:13:03.246559,599617511556448445,-55.00
2025-11-18 15:13:03.246559,599617511556448445,-52.00
2025-11-18 15:13:03.246559,599617511556448445,-52.00
2025-11-18 15:13:03.246559,599617511556448445,-50.00
2025-11-18 15:13:03.246559,599617511556448445,-50.00
2025-11-18 15:13:03.246559,599617511556448445,-55.00
2025-11-18 15:13:03.246559,599617511556448445,-55.00
2025-11-18 15:13:03.246559,599617511556448445,-52.00
2025-11-18 15:13:03.246559,599617511556448445,-48.00
2025-11-18 15:13:03.246559,599617511556448445,-45.00
2025-11-18 15:13:03.246559,599617511556448445,-50.00
2025-11-18 15:13:03.246559,599617511556448445,-52.00
2025-11-18 15:13:03.246559,599617511556448445,-45.00
2025-11-18 15:13:03.246559,599617511556448445,-40.00
2025-11-18 15:13:03.246559,599617511556448445,-43.00
2025-11-18 15:13:03.246559,599617511556448445,-40.00
2025-11-18 15:13:03.246559,599617511556448445,-40.00
2025-11-18 15:13:03.246559,599617511556448445,-43.00
2025-11-18 15:13:03.246559,599617511556448445,-40.00
2025-11-18 15:13:03.246559,599617511556448445,-38.00
2025-11-18 15:13:03.246559,599617511556448445,-40.00
2025-11-18 15:13:03.246559,599617511556448445,-40.00
2025-11-18 15:13:03.246559,599617511556448445,-36.00
2025-11-18 15:13:03.246559,599617511556448445,-33.00
2025-11-18 15:13:03.246559,599617511556448445,-36.00
2025-11-18 15:13:03.246559,599617511556448445,-36.00
2025-11-18 15:13:03.246559,599617511556448445,-36.00
2025-11-18 15:13:03.246559,599617511556448445,-36.00
2025-11-18 15:13:03.246559,599617511556448445,-31.00
2025-11-18 15:13:03.246559,599617511556448445,-28.00
2025-11-18 15:13:03.246559,599617511556448445,-31.00
2025-11-18 15:13:03.246559,599617511556448445,-31.00
2025-11-18 15:13:03.246559,599617511556448445,-28.00
2025-11-18 15:13:03.787538,599617512117145486,-26.00
2025-11-18 15:13:03.787538,599617512117145486,-24.00
2025-11-18 15:13:03.787538,599617512117145486,-26.00
2025-11-18 15:13:03.787538,599617512117145486,-24.00
2025-11-18 15:13:03.787538,599617512117145486,-24.00
2025-11-18 15:13:03.787538,599617512117145486,-21.00
2025-11-18 15:13:03.787538,599617512117145486,-21.00
2025-11-18 15:13:03.787538,599617512117145486,-24.00
2025-11-18 15:13:03.787538,599617512117145486,-21.00
2025-11-18 15:13:03.787538,599617512117145486,-24.00
2025-11-18 15:13:03.787538,599617512117145486,-24.00
2025-11-18 15:13:03.787538,599617512117145486,-19.00
2025-11-18 15:13:03.787538,599617512117145486,-19.00
2025-11-18 15:13:03.787538,599617512117145486,-24.00
2025-11-18 15:13:03.787538,599617512117145486,-24.00
2025-11-18 15:13:03.787538,599617512117145486,-16.00
2025-11-18 15:13:03.787538,599617512117145486,-7.00
2025-11-18 15:13:03.787538,599617512117145486,4.00
2025-11-18 15:13:03.787538,599617512117145486,16.00
2025-11-18 15:13:03.787538,599617512117145486,19.00
2025-11-18 15:13:03.787538,599617512117145486,12.00
2025-11-18 15:13:03.787538,599617512117145486,-2.00
2025-11-18 15:13:03.787538,599617512117145486,-9.00
2025-11-18 15:13:03.787538,599617512117145486,-9.00
2025-11-18 15:13:03.787538,599617512117145486,-14.00
2025-11-18 15:13:03.787538,599617512117145486,-21.00
2025-11-18 15:13:03.787538,599617512117145486,-21.00
2025-11-18 15:13:03.787538,599617512117145486,-24.00
2025-11-18 15:13:03.787538,599617512117145486,-26.00
2025-11-18 15:13:03.787538,599617512117145486,-26.00
2025-11-18 15:13:03.787538,599617512117145486,-24.00
2025-11-18 15:13:03.787538,599617512117145486,-24.00
2025-11-18 15:13:03.787538,599617512117145486,-26.00
2025-11-18 15:13:03.787538,599617512117145486,-31.00
2025-11-18 15:13:03.787538,599617512117145486,-48.00
2025-11-18 15:13:03.787538,599617512117145486,-50.00
2025-11-18 15:13:03.787538,599617512117145486,50.00
2025-11-18 15:13:03.787538,599617512117145486,279.00
2025-11-18 15:13:03.787538,599617512117145486,513.00
2025-11-18 15:13:03.787538,599617512117145486,498.00
2025-11-18 15:13:03.787538,599617512117145486,137.00
2025-11-18 15:13:03.787538,599617512117145486,-202.00
2025-11-18 15:13:03.787538,599617512117145486,-216.00
2025-11-18 15:13:03.787538,599617512117145486,-125.00
2025-11-18 15:13:03.787538,599617512117145486,-101.00
2025-11-18 15:13:03.787538,599617512117145486,-67.00
2025-11-18 15:13:03.787538,599617512117145486,-36.00
2025-11-18 15:13:03.787538,599617512117145486,-48.00
2025-11-18 15:13:03.787538,599617512117145486,-45.00
2025-11-18 15:13:03.787538,599617512117145486,-24.00
2025-11-18 15:13:03.787538,599617512117145486,-24.00
2025-11-18 15:13:03.787538,599617512117145486,-24.00
2025-11-18 15:13:03.787538,599617512117145486,-12.00
2025-11-18 15:13:03.787538,599617512117145486,-7.00
2025-11-18 15:13:03.787538,599617512117145486,-7.00
2025-11-18 15:13:03.787538,599617512117145486,-2.00
2025-11-18 15:13:03.787538,599617512117145486,4.00
2025-11-18 15:13:03.787538,599617512117145486,9.00
2025-11-18 15:13:03.787538,599617512117145486,14.00
2025-11-18 15:13:03.787538,599617512117145486,19.00
2025-11-18 15:13:03.787538,599617512117145486,26.00
2025-11-18 15:13:03.787538,599617512117145486,33.00
2025-11-18 15:13:03.787538,599617512117145486,40.00
2025-11-18 15:13:03.787538,599617512117145486,48.00
2025-11-18 15:13:03.787538,599617512117145486,62.00
2025-11-18 15:13:03.787538,599617512117145486,74.00
2025-11-18 15:13:03.787538,599617512117145486,81.00
2025-11-18 15:13:03.787538,599617512117145486,93.00
2025-11-18 15:13:03.787538,599617512117145486,110.00
2025-11-18 15:13:03.787538,599617512117145486,127.00
2025-11-18 15:13:03.787538,599617512117145486,137.00
2025-11-18 15:13:03.787538,599617512117145486,142.00
2025-11-18 15:13:03.787538,599617512117145486,144.00
2025-11-18 15:13:04.328699,599617512677842527,142.00
2025-11-18 15:13:04.328699,599617512677842527,130.00
2025-11-18 15:13:04.328699,599617512677842527,115.00
2025-11-18 15:13:04.328699,599617512677842527,89.00
2025-11-18 15:13:04.328699,599617512677842527,50.00
2025-11-18 15:13:04.328699,599617512677842527,9.00
2025-11-18 15:13:04.328699,599617512677842527,-24.00
2025-11-18 15:13:04.328699,599617512677842527,-50.00
2025-11-18 15:13:04.328699,599617512677842527,-72.00
2025-11-18 15:13:04.328699,599617512677842527,-91.00
2025-11-18 15:13:04.328699,599617512677842527,-103.00
2025-11-18 15:13:04.328699,599617512677842527,-105.00
2025-11-18 15:13:04.328699,599617512677842527,-105.00
2025-11-18 15:13:04.328699,599617512677842527,-105.00
2025-11-18 15:13:04.328699,599617512677842527,-105.00
2025-11-18 15:13:04.328699,599617512677842527,-103.00
2025-11-18 15:13:04.328699,599617512677842527,-101.00
2025-11-18 15:13:04.328699,599617512677842527,-91.00
2025-11-18 15:13:04.328699,599617512677842527,-86.00
2025-11-18 15:13:04.328699,599617512677842527,-89.00
2025-11-18 15:13:04.328699,599617512677842527,-86.00
2025-11-18 15:13:04.328699,599617512677842527,-81.00
2025-11-18 15:13:04.328699,599617512677842527,-77.00
2025-11-18 15:13:04.328699,599617512677842527,-72.00
2025-11-18 15:13:04.328699,599617512677842527,-62.00
2025-11-18 15:13:04.328699,599617512677842527,-60.00
2025-11-18 15:13:04.328699,599617512677842527,-60.00
2025-11-18 15:13:04.328699,599617512677842527,-52.00
2025-11-18 15:13:04.328699,599617512677842527,-50.00
2025-11-18 15:13:04.328699,599617512677842527,-52.00
2025-11-18 15:13:04.328699,599617512677842527,-52.00
2025-11-18 15:13:04.328699,599617512677842527,-48.00
2025-11-18 15:13:04.328699,599617512677842527,-50.00
2025-11-18 15:13:04.328699,599617512677842527,-55.00
2025-11-18 15:13:04.328699,599617512677842527,-55.00
2025-11-18 15:13:04.328699,599617512677842527,-50.00
2025-11-18 15:13:04.328699,599617512677842527,-50.00
2025-11-18 15:13:04.328699,599617512677842527,-52.00
2025-11-18 15:13:04.328699,599617512677842527,-52.00
2025-11-18 15:13:04.328699,599617512677842527,-50.00
2025-11-18 15:13:04.328699,599617512677842527,-48.00
2025-11-18 15:13:04.328699,599617512677842527,-45.00
2025-11-18 15:13:04.328699,599617512677842527,-45.00
2025-11-18 15:13:04.328699,599617512677842527,-45.00
2025-11-18 15:13:04.328699,599617512677842527,-48.00
2025-11-18 15:13:04.328699,599617512677842527,-48.00
2025-11-18 15:13:04.328699,599617512677842527,-45.00
2025-11-18 15:13:04.328699,599617512677842527,-43.00
2025-11-18 15:13:04.328699,599617512677842527,-43.00
2025-11-18 15:13:04.328699,599617512677842527,-40.00
2025-11-18 15:13:04.328699,599617512677842527,-38.00
2025-11-18 15:13:04.328699,599617512677842527,-38.00
2025-11-18 15:13:04.328699,599617512677842527,-38.00
2025-11-18 15:13:04.328699,599617512677842527,-36.00
2025-11-18 15:13:04.328699,599617512677842527,-31.00
2025-11-18 15:13:04.328699,599617512677842527,-33.00
2025-11-18 15:13:04.328699,599617512677842527,-33.00
2025-11-18 15:13:04.328699,599617512677842527,-31.00
2025-11-18 15:13:04.328699,599617512677842527,-36.00
2025-11-18 15:13:04.328699,599617512677842527,-36.00
2025-11-18 15:13:04.328699,599617512677842527,-31.00
2025-11-18 15:13:04.328699,599617512677842527,-31.00
2025-11-18 15:13:04.328699,599617512677842527,-33.00
2025-11-18 15:13:04.328699,599617512677842527,-36.00
2025-11-18 15:13:04.328699,599617512677842527,-33.00
2025-11-18 15:13:04.328699,599617512677842527,-31.00
2025-11-18 15:13:04.328699,599617512677842527,-31.00
2025-11-18 15:13:04.328699,599617512677842527,-28.00
2025-11-18 15:13:04.328699,599617512677842527,-26.00
2025-11-18 15:13:04.328699,599617512677842527,-26.00
2025-11-18 15:13:04.328699,599617512677842527,-26.00
2025-11-18 15:13:04.328699,599617512677842527,-26.00
2025-11-18 15:13:04.328699,599617512677842527,-26.00
2025-11-18 15:13:04.895521,599617513238539568,-26.00
2025-11-18 15:13:04.895521,599617513238539568,-24.00
2025-11-18 15:13:04.895521,599617513238539568,-24.00
2025-11-18 15:13:04.895521,599617513238539568,-28.00
2025-11-18 15:13:04.895521,599617513238539568,-31.00
2025-11-18 15:13:04.895521,599617513238539568,-28.00
2025-11-18 15:13:04.895521,599617513238539568,-31.00
2025-11-18 15:13:04.895521,599617513238539568,-28.00
2025-11-18 15:13:04.895521,599617513238539568,-24.00
2025-11-18 15:13:04.895521,599617513238539568,-24.00
2025-11-18 15:13:04.895521,599617513238539568,-26.00
2025-11-18 15:13:04.895521,599617513238539568,-24.00
2025-11-18 15:13:04.895521,599617513238539568,-19.00
2025-11-18 15:13:04.895521,599617513238539568,-19.00
2025-11-18 15:13:04.895521,599617513238539568,-24.00
2025-11-18 15:13:04.895521,599617513238539568,-28.00
2025-11-18 15:13:04.895521,599617513238539568,-28.00
2025-11-18 15:13:04.895521,599617513238539568,-24.00
2025-11-18 15:13:04.895521,599617513238539568,-19.00
2025-11-18 15:13:04.895521,599617513238539568,-14.00
2025-11-18 15:13:04.895521,599617513238539568,-7.00
2025-11-18 15:13:04.895521,599617513238539568,7.00
2025-11-18 15:13:04.895521,599617513238539568,16.00
2025-11-18 15:13:04.895521,599617513238539568,4.00
2025-11-18 15:13:04.895521,599617513238539568,-7.00
2025-11-18 15:13:04.895521,599617513238539568,-16.00
2025-11-18 15:13:04.895521,599617513238539568,-19.00
2025-11-18 15:13:04.895521,599617513238539568,-21.00
2025-11-18 15:13:04.895521,599617513238539568,-26.00
2025-11-18 15:13:04.895521,599617513238539568,-33.00
2025-11-18 15:13:04.895521,599617513238539568,-33.00
2025-11-18 15:13:04.895521,599617513238539568,-33.00
2025-11-18 15:13:04.895521,599617513238539568,-38.00
2025-11-18 15:13:04.895521,599617513238539568,-38.00
2025-11-18 15:13:04.895521,599617513238539568,-36.00
2025-11-18 15:13:04.895521,599617513238539568,-40.00
2025-11-18 15:13:04.895521,599617513238539568,-40.00
2025-11-18 15:13:04.895521,599617513238539568,-50.00
2025-11-18 15:13:04.895521,599617513238539568,-72.00
2025-11-18 15:13:04.895521,599617513238539568,-33.00
2025-11-18 15:13:04.895521,599617513238539568,139.00
2025-11-18 15:13:04.895521,599617513238539568,385.00
2025-11-18 15:13:04.895521,599617513238539568,515.00
2025-11-18 15:13:04.895521,599617513238539568,310.00
2025-11-18 15:13:04.895521,599617513238539568,-110.00
2025-11-18 15:13:04.895521,599617513238539568,-289.00
2025-11-18 15:13:04.895521,599617513238539568,-195.00
2025-11-18 15:13:04.895521,599617513238539568,-125.00
2025-11-18 15:13:04.895521,599617513238539568,-96.00
2025-11-18 15:13:04.895521,599617513238539568,-55.00
2025-11-18 15:13:04.895521,599617513238539568,-50.00
2025-11-18 15:13:04.895521,599617513238539568,-62.00
2025-11-18 15:13:04.895521,599617513238539568,-50.00
2025-11-18 15:13:04.895521,599617513238539568,-36.00
2025-11-18 15:13:04.895521,599617513238539568,-33.00
2025-11-18 15:13:04.895521,599617513238539568,-26.00
2025-11-18 15:13:04.895521,599617513238539568,-16.00
2025-11-18 15:13:04.895521,599617513238539568,-21.00
2025-11-18 15:13:04.895521,599617513238539568,-26.00
2025-11-18 15:13:04.895521,599617513238539568,-19.00
2025-11-18 15:13:04.895521,599617513238539568,-14.00
2025-11-18 15:13:04.895521,599617513238539568,-7.00
2025-11-18 15:13:04.895521,599617513238539568,2.00
2025-11-18 15:13:04.895521,599617513238539568,7.00
2025-11-18 15:13:04.895521,599617513238539568,9.00
2025-11-18 15:13:04.895521,599617513238539568,16.00
2025-11-18 15:13:04.895521,599617513238539568,21.00
2025-11-18 15:13:04.895521,599617513238539568,31.00
2025-11-18 15:13:04.895521,599617513238539568,45.00
2025-11-18 15:13:04.895521,599617513238539568,50.00
2025-11-18 15:13:04.895521,599617513238539568,60.00
2025-11-18 15:13:04.895521,599617513238539568,81.00
2025-11-18 15:13:04.895521,599617513238539568,98.00
2025-11-18 15:13:05.496096,599617513799236611,105.00
2025-11-18 15:13:05.496096,599617513799236611,118.00
2025-11-18 15:13:05.496096,599617513799236611,130.00
2025-11-18 15:13:05.496096,599617513799236611,125.00
2025-11-18 15:13:05.496096,599617513799236611,118.00
2025-11-18 15:13:05.496096,599617513799236611,110.00
2025-11-18 15:13:05.496096,599617513799236611,86.00
2025-11-18 15:13:05.496096,599617513799236611,48.00
2025-11-18 15:13:05.496096,599617513799236611,14.00
2025-11-18 15:13:05.496096,599617513799236611,-19.00
2025-11-18 15:13:05.496096,599617513799236611,-55.00
2025-11-18 15:13:05.496096,599617513799236611,-84.00
2025-11-18 15:13:05.496096,599617513799236611,-103.00
2025-11-18 15:13:05.496096,599617513799236611,-122.00
2025-11-18 15:13:05.496096,599617513799236611,-130.00
2025-11-18 15:13:05.496096,599617513799236611,-130.00
2025-11-18 15:13:05.496096,599617513799236611,-137.00
2025-11-18 15:13:05.496096,599617513799236611,-137.00
2025-11-18 15:13:05.496096,599617513799236611,-132.00
2025-11-18 15:13:05.496096,599617513799236611,-127.00
2025-11-18 15:13:05.496096,599617513799236611,-120.00
2025-11-18 15:13:05.496096,599617513799236611,-113.00
2025-11-18 15:13:05.496096,599617513799236611,-113.00
2025-11-18 15:13:05.496096,599617513799236611,-113.00
2025-11-18 15:13:05.496096,599617513799236611,-108.00
2025-11-18 15:13:05.496096,599617513799236611,-98.00
2025-11-18 15:13:05.496096,599617513799236611,-93.00
2025-11-18 15:13:05.496096,599617513799236611,-93.00
2025-11-18 15:13:05.496096,599617513799236611,-89.00
2025-11-18 15:13:05.496096,599617513799236611,-84.00
2025-11-18 15:13:05.496096,599617513799236611,-84.00
2025-11-18 15:13:05.496096,599617513799236611,-81.00
2025-11-18 15:13:05.496096,599617513799236611,-77.00
2025-11-18 15:13:05.496096,599617513799236611,-74.00
2025-11-18 15:13:05.496096,599617513799236611,-79.00
2025-11-18 15:13:05.496096,599617513799236611,-84.00
2025-11-18 15:13:05.496096,599617513799236611,-84.00
2025-11-18 15:13:05.496096,599617513799236611,-79.00
2025-11-18 15:13:05.496096,599617513799236611,-74.00
2025-11-18 15:13:05.496096,599617513799236611,-81.00
2025-11-18 15:13:05.496096,599617513799236611,-86.00
2025-11-18 15:13:05.496096,599617513799236611,-84.00
2025-11-18 15:13:05.496096,599617513799236611,-79.00
2025-11-18 15:13:05.496096,599617513799236611,-79.00
2025-11-18 15:13:05.496096,599617513799236611,-77.00
2025-11-18 15:13:05.496096,599617513799236611,-77.00
2025-11-18 15:13:05.496096,599617513799236611,-74.00
2025-11-18 15:13:05.496096,599617513799236611,-72.00
2025-11-18 15:13:05.496096,599617513799236611,-79.00
2025-11-18 15:13:05.496096,599617513799236611,-84.00
2025-11-18 15:13:05.496096,599617513799236611,-77.00
2025-11-18 15:13:05.496096,599617513799236611,-74.00
2025-11-18 15:13:05.496096,599617513799236611,-74.00
2025-11-18 15:13:05.496096,599617513799236611,-69.00
2025-11-18 15:13:05.496096,599617513799236611,-69.00
2025-11-18 15:13:05.496096,599617513799236611,-69.00
2025-11-18 15:13:05.496096,599617513799236611,-67.00
2025-11-18 15:13:05.496096,599617513799236611,-67.00
2025-11-18 15:13:05.496096,599617513799236611,-67.00
2025-11-18 15:13:05.496096,599617513799236611,-62.00
2025-11-18 15:13:05.496096,599617513799236611,-60.00
2025-11-18 15:13:05.496096,599617513799236611,-60.00
2025-11-18 15:13:05.496096,599617513799236611,-62.00
2025-11-18 15:13:05.496096,599617513799236611,-60.00
2025-11-18 15:13:05.496096,599617513799236611,-60.00
2025-11-18 15:13:05.496096,599617513799236611,-65.00
2025-11-18 15:13:05.496096,599617513799236611,-65.00
2025-11-18 15:13:05.496096,599617513799236611,-60.00
2025-11-18 15:13:05.496096,599617513799236611,-52.00
2025-11-18 15:13:05.496096,599617513799236611,-52.00
2025-11-18 15:13:05.496096,599617513799236611,-52.00
2025-11-18 15:13:05.496096,599617513799236611,-55.00
2025-11-18 15:13:05.496096,599617513799236611,-52.00
2025-11-18 15:13:06.036597,599617514359933652,-50.00
2025-11-18 15:13:06.036597,599617514359933652,-45.00
2025-11-18 15:13:06.036597,599617514359933652,-43.00
2025-11-18 15:13:06.036597,599617514359933652,-48.00
2025-11-18 15:13:06.036597,599617514359933652,-52.00
2025-11-18 15:13:06.036597,599617514359933652,-50.00
2025-11-18 15:13:06.036597,599617514359933652,-43.00
2025-11-18 15:13:06.036597,599617514359933652,-43.00
2025-11-18 15:13:06.036597,599617514359933652,-40.00
2025-11-18 15:13:06.036597,599617514359933652,-38.00
2025-11-18 15:13:06.036597,599617514359933652,-38.00
2025-11-18 15:13:06.036597,599617514359933652,-40.00
2025-11-18 15:13:06.036597,599617514359933652,-38.00
2025-11-18 15:13:06.036597,599617514359933652,-33.00
2025-11-18 15:13:06.036597,599617514359933652,-26.00
2025-11-18 15:13:06.036597,599617514359933652,-24.00
2025-11-18 15:13:06.036597,599617514359933652,-21.00
2025-11-18 15:13:06.036597,599617514359933652,-4.00
2025-11-18 15:13:06.036597,599617514359933652,4.00
2025-11-18 15:13:06.036597,599617514359933652,-7.00
2025-11-18 15:13:06.036597,599617514359933652,-21.00
2025-11-18 15:13:06.036597,599617514359933652,-26.00
2025-11-18 15:13:06.036597,599617514359933652,-28.00
2025-11-18 15:13:06.036597,599617514359933652,-33.00
2025-11-18 15:13:06.036597,599617514359933652,-33.00
2025-11-18 15:13:06.036597,599617514359933652,-33.00
2025-11-18 15:13:06.036597,599617514359933652,-36.00
2025-11-18 15:13:06.036597,599617514359933652,-36.00
2025-11-18 15:13:06.036597,599617514359933652,-33.00
2025-11-18 15:13:06.036597,599617514359933652,-33.00
2025-11-18 15:13:06.036597,599617514359933652,-33.00
2025-11-18 15:13:06.036597,599617514359933652,-28.00
2025-11-18 15:13:06.036597,599617514359933652,-31.00
2025-11-18 15:13:06.036597,599617514359933652,-55.00
2025-11-18 15:13:06.036597,599617514359933652,-60.00
2025-11-18 15:13:06.036597,599617514359933652,52.00
2025-11-18 15:13:06.036597,599617514359933652,296.00
2025-11-18 15:13:06.036597,599617514359933652,510.00
2025-11-18 15:13:06.036597,599617514359933652,450.00
2025-11-18 15:13:06.036597,599617514359933652,50.00
2025-11-18 15:13:06.036597,599617514359933652,-274.00
2025-11-18 15:13:06.036597,599617514359933652,-245.00
2025-11-18 15:13:06.036597,599617514359933652,-142.00
2025-11-18 15:13:06.036597,599617514359933652,-115.00
2025-11-18 15:13:06.036597,599617514359933652,-69.00
2025-11-18 15:13:06.036597,599617514359933652,-31.00
2025-11-18 15:13:06.036597,599617514359933652,-38.00
2025-11-18 15:13:06.036597,599617514359933652,-36.00
2025-11-18 15:13:06.036597,599617514359933652,-19.00
2025-11-18 15:13:06.036597,599617514359933652,-19.00
2025-11-18 15:13:06.036597,599617514359933652,-14.00
2025-11-18 15:13:06.036597,599617514359933652,0.00
2025-11-18 15:13:06.036597,599617514359933652,4.00
2025-11-18 15:13:06.036597,599617514359933652,9.00
2025-11-18 15:13:06.036597,599617514359933652,12.00
2025-11-18 15:13:06.036597,599617514359933652,14.00
2025-11-18 15:13:06.036597,599617514359933652,19.00
2025-11-18 15:13:06.036597,599617514359933652,28.00
2025-11-18 15:13:06.036597,599617514359933652,36.00
2025-11-18 15:13:06.036597,599617514359933652,40.00
2025-11-18 15:13:06.036597,599617514359933652,48.00
2025-11-18 15:13:06.036597,599617514359933652,57.00
2025-11-18 15:13:06.036597,599617514359933652,65.00
2025-11-18 15:13:06.036597,599617514359933652,72.00
2025-11-18 15:13:06.036597,599617514359933652,86.00
2025-11-18 15:13:06.036597,599617514359933652,98.00
2025-11-18 15:13:06.036597,599617514359933652,108.00
2025-11-18 15:13:06.036597,599617514359933652,120.00
2025-11-18 15:13:06.036597,599617514359933652,137.00
2025-11-18 15:13:06.036597,599617514359933652,149.00
2025-11-18 15:13:06.036597,599617514359933652,154.00
2025-11-18 15:13:06.036597,599617514359933652,154.00
2025-11-18 15:13:06.036597,599617514359933652,151.00
2025-11-18 15:13:06.608044,599617514920630693,139.00
2025-11-18 15:13:06.608044,599617514920630693,118.00
2025-11-18 15:13:06.608044,599617514920630693,91.00
2025-11-18 15:13:06.608044,599617514920630693,57.00
2025-11-18 15:13:06.608044,599617514920630693,19.00
2025-11-18 15:13:06.608044,599617514920630693,-14.00
2025-11-18 15:13:06.608044,599617514920630693,-43.00
2025-11-18 15:13:06.608044,599617514920630693,-65.00
2025-11-18 15:13:06.608044,599617514920630693,-79.00
2025-11-18 15:13:06.608044,599617514920630693,-91.00
2025-11-18 15:13:06.608044,599617514920630693,-98.00
2025-11-18 15:13:06.608044,599617514920630693,-101.00
2025-11-18 15:13:06.608044,599617514920630693,-98.00
2025-11-18 15:13:06.608044,599617514920630693,-93.00
2025-11-18 15:13:06.608044,599617514920630693,-93.00
2025-11-18 15:13:06.608044,599617514920630693,-96.00
2025-11-18 15:13:06.608044,599617514920630693,-89.00
2025-11-18 15:13:06.608044,599617514920630693,-79.00
2025-11-18 15:13:06.608044,599617514920630693,-77.00
2025-11-18 15:13:06.608044,599617514920630693,-72.00
2025-11-18 15:13:06.608044,599617514920630693,-65.00
2025-11-18 15:13:06.608044,599617514920630693,-60.00
2025-11-18 15:13:06.608044,599617514920630693,-60.00
2025-11-18 15:13:06.608044,599617514920630693,-57.00
2025-11-18 15:13:06.608044,599617514920630693,-50.00
2025-11-18 15:13:06.608044,599617514920630693,-43.00
2025-11-18 15:13:06.608044,599617514920630693,-43.00
2025-11-18 15:13:06.608044,599617514920630693,-45.00
2025-11-18 15:13:06.608044,599617514920630693,-52.00
2025-11-18 15:13:06.608044,599617514920630693,-52.00
2025-11-18 15:13:06.608044,599617514920630693,-48.00
2025-11-18 15:13:06.608044,599617514920630693,-45.00
2025-11-18 15:13:06.608044,599617514920630693,-45.00
2025-11-18 15:13:06.608044,599617514920630693,-48.00
2025-11-18 15:13:06.608044,599617514920630693,-48.00
2025-11-18 15:13:06.608044,599617514920630693,-50.00
2025-11-18 15:13:06.608044,599617514920630693,-48.00
2025-11-18 15:13:06.608044,599617514920630693,-45.00
2025-11-18 15:13:06.608044,599617514920630693,-48.00
2025-11-18 15:13:06.608044,599617514920630693,-45.00
2025-11-18 15:13:06.608044,599617514920630693,-45.00
2025-11-18 15:13:06.608044,599617514920630693,-50.00
2025-11-18 15:13:06.608044,599617514920630693,-50.00
2025-11-18 15:13:06.608044,599617514920630693,-43.00
2025-11-18 15:13:06.608044,599617514920630693,-43.00
2025-11-18 15:13:06.608044,599617514920630693,-48.00
2025-11-18 15:13:06.608044,599617514920630693,-45.00
2025-11-18 15:13:06.608044,599617514920630693,-40.00
2025-11-18 15:13:06.608044,599617514920630693,-43.00
2025-11-18 15:13:06.608044,599617514920630693,-40.00
2025-11-18 15:13:06.608044,599617514920630693,-33.00
2025-11-18 15:13:06.608044,599617514920630693,-31.00
2025-11-18 15:13:06.608044,599617514920630693,-36.00
2025-11-18 15:13:06.608044,599617514920630693,-40.00
2025-11-18 15:13:06.608044,599617514920630693,-38.00
2025-11-18 15:13:06.608044,599617514920630693,-36.00
2025-11-18 15:13:06.608044,599617514920630693,-33.00
2025-11-18 15:13:06.608044,599617514920630693,-31.00
2025-11-18 15:13:06.608044,599617514920630693,-33.00
2025-11-18 15:13:06.608044,599617514920630693,-33.00
2025-11-18 15:13:06.608044,599617514920630693,-33.00
2025-11-18 15:13:06.608044,599617514920630693,-28.00
2025-11-18 15:13:06.608044,599617514920630693,-26.00
2025-11-18 15:13:06.608044,599617514920630693,-28.00
2025-11-18 15:13:06.608044,599617514920630693,-28.00
2025-11-18 15:13:06.608044,599617514920630693,-28.00
2025-11-18 15:13:06.608044,599617514920630693,-28.00
2025-11-18 15:13:06.608044,599617514920630693,-31.00
2025-11-18 15:13:06.608044,599617514920630693,-33.00
2025-11-18 15:13:06.608044,599617514920630693,-28.00
2025-11-18 15:13:06.608044,599617514920630693,-24.00
2025-11-18 15:13:06.608044,599617514920630693,-26.00
2025-11-18 15:13:06.608044,599617514920630693,-28.00
2025-11-18 15:13:07.148212,599617515481307390,-26.00
2025-11-18 15:13:07.148212,599617515481307390,-24.00
2025-11-18 15:13:07.148212,599617515481307390,-21.00
2025-11-18 15:13:07.148212,599617515481307390,-24.00
2025-11-18 15:13:07.148212,599617515481307390,-26.00
2025-11-18 15:13:07.148212,599617515481307390,-28.00
2025-11-18 15:13:07.148212,599617515481307390,-28.00
2025-11-18 15:13:07.148212,599617515481307390,-31.00
2025-11-18 15:13:07.148212,599617515481307390,-31.00
2025-11-18 15:13:07.148212,599617515481307390,-26.00
2025-11-18 15:13:07.148212,599617515481307390,-26.00
2025-11-18 15:13:07.148212,599617515481307390,-31.00
2025-11-18 15:13:07.148212,599617515481307390,-24.00
2025-11-18 15:13:07.148212,599617515481307390,-16.00
2025-11-18 15:13:07.148212,599617515481307390,-19.00
2025-11-18 15:13:07.148212,599617515481307390,-26.00
2025-11-18 15:13:07.148212,599617515481307390,-21.00
2025-11-18 15:13:07.148212,599617515481307390,-19.00
2025-11-18 15:13:07.148212,599617515481307390,-24.00
2025-11-18 15:13:07.148212,599617515481307390,-21.00
2025-11-18 15:13:07.148212,599617515481307390,-7.00
2025-11-18 15:13:07.148212,599617515481307390,4.00
2025-11-18 15:13:07.148212,599617515481307390,14.00
2025-11-18 15:13:07.148212,599617515481307390,19.00
2025-11-18 15:13:07.148212,599617515481307390,7.00
2025-11-18 15:13:07.148212,599617515481307390,-4.00
2025-11-18 15:13:07.148212,599617515481307390,-12.00
2025-11-18 15:13:07.148212,599617515481307390,-14.00
2025-11-18 15:13:07.148212,599617515481307390,-19.00
2025-11-18 15:13:07.148212,599617515481307390,-24.00
2025-11-18 15:13:07.148212,599617515481307390,-24.00
2025-11-18 15:13:07.148212,599617515481307390,-26.00
2025-11-18 15:13:07.148212,599617515481307390,-28.00
2025-11-18 15:13:07.148212,599617515481307390,-26.00
2025-11-18 15:13:07.148212,599617515481307390,-26.00
2025-11-18 15:13:07.148212,599617515481307390,-33.00
2025-11-18 15:13:07.148212,599617515481307390,-36.00
2025-11-18 15:13:07.148212,599617515481307390,-40.00
2025-11-18 15:13:07.148212,599617515481307390,-60.00
2025-11-18 15:13:07.148212,599617515481307390,-60.00
2025-11-18 15:13:07.148212,599617515481307390,45.00
2025-11-18 15:13:07.148212,599617515481307390,272.00
2025-11-18 15:13:07.148212,599617515481307390,508.00
2025-11-18 15:13:07.148212,599617515481307390,493.00
2025-11-18 15:13:07.148212,599617515481307390,118.00
2025-11-18 15:13:07.148212,599617515481307390,-221.00
2025-11-18 15:13:07.148212,599617515481307390,-221.00
2025-11-18 15:13:07.148212,599617515481307390,-127.00
2025-11-18 15:13:07.148212,599617515481307390,-110.00
2025-11-18 15:13:07.148212,599617515481307390,-79.00
2025-11-18 15:13:07.148212,599617515481307390,-45.00
2025-11-18 15:13:07.148212,599617515481307390,-55.00
2025-11-18 15:13:07.148212,599617515481307390,-52.00
2025-11-18 15:13:07.148212,599617515481307390,-33.00
2025-11-18 15:13:07.148212,599617515481307390,-31.00
2025-11-18 15:13:07.148212,599617515481307390,-31.00
2025-11-18 15:13:07.148212,599617515481307390,-21.00
2025-11-18 15:13:07.148212,599617515481307390,-14.00
2025-11-18 15:13:07.148212,599617515481307390,-12.00
2025-11-18 15:13:07.148212,599617515481307390,-7.00
2025-11-18 15:13:07.148212,599617515481307390,-2.00
2025-11-18 15:13:07.148212,599617515481307390,0.00
2025-11-18 15:13:07.148212,599617515481307390,7.00
2025-11-18 15:13:07.148212,599617515481307390,14.00
2025-11-18 15:13:07.148212,599617515481307390,21.00
2025-11-18 15:13:07.148212,599617515481307390,28.00
2025-11-18 15:13:07.148212,599617515481307390,36.00
2025-11-18 15:13:07.148212,599617515481307390,43.00
2025-11-18 15:13:07.148212,599617515481307390,52.00
2025-11-18 15:13:07.148212,599617515481307390,62.00
2025-11-18 15:13:07.148212,599617515481307390,74.00
2025-11-18 15:13:07.148212,599617515481307390,89.00
2025-11-18 15:13:07.148212,599617515481307390,103.00
2025-11-18 15:13:07.715913,599617516041994257,118.00
2025-11-18 15:13:07.715913,599617516041994257,127.00
2025-11-18 15:13:07.715913,599617516041994257,137.00
2025-11-18 15:13:07.715913,599617516041994257,142.00
2025-11-18 15:13:07.715913,599617516041994257,137.00
2025-11-18 15:13:07.715913,599617516041994257,130.00
2025-11-18 15:13:07.715913,599617516041994257,120.00
2025-11-18 15:13:07.715913,599617516041994257,98.00
2025-11-18 15:13:07.715913,599617516041994257,60.00
2025-11-18 15:13:07.715913,599617516041994257,19.00
2025-11-18 15:13:07.715913,599617516041994257,-12.00
2025-11-18 15:13:07.715913,599617516041994257,-40.00
2025-11-18 15:13:07.715913,599617516041994257,-69.00
2025-11-18 15:13:07.715913,599617516041994257,-89.00
2025-11-18 15:13:07.715913,599617516041994257,-98.00
2025-11-18 15:13:07.715913,599617516041994257,-101.00
2025-11-18 15:13:07.715913,599617516041994257,-108.00
2025-11-18 15:13:07.715913,599617516041994257,-118.00
2025-11-18 15:13:07.715913,599617516041994257,-115.00
2025-11-18 15:13:07.715913,599617516041994257,-108.00
2025-11-18 15:13:07.715913,599617516041994257,-103.00
2025-11-18 15:13:07.715913,599617516041994257,-101.00
2025-11-18 15:13:07.715913,599617516041994257,-101.00
2025-11-18 15:13:07.715913,599617516041994257,-93.00
2025-11-18 15:13:07.715913,599617516041994257,-89.00
2025-11-18 15:13:07.715913,599617516041994257,-89.00
2025-11-18 15:13:07.715913,599617516041994257,-86.00
2025-11-18 15:13:07.715913,599617516041994257,-77.00
2025-11-18 15:13:07.715913,599617516041994257,-72.00
2025-11-18 15:13:07.715913,599617516041994257,-72.00
2025-11-18 15:13:07.715913,599617516041994257,-69.00
2025-11-18 15:13:07.715913,599617516041994257,-62.00
2025-11-18 15:13:07.715913,599617516041994257,-65.00
2025-11-18 15:13:07.715913,599617516041994257,-67.00
2025-11-18 15:13:07.715913,599617516041994257,-65.00
2025-11-18 15:13:07.715913,599617516041994257,-65.00
2025-11-18 15:13:07.715913,599617516041994257,-65.00
2025-11-18 15:13:07.715913,599617516041994257,-67.00
2025-11-18 15:13:07.715913,599617516041994257,-69.00
2025-11-18 15:13:07.715913,599617516041994257,-69.00
2025-11-18 15:13:07.715913,599617516041994257,-67.00
2025-11-18 15:13:07.715913,599617516041994257,-65.00
2025-11-18 15:13:07.715913,599617516041994257,-67.00
2025-11-18 15:13:07.715913,599617516041994257,-72.00
2025-11-18 15:13:07.715913,599617516041994257,-74.00
2025-11-18 15:13:07.715913,599617516041994257,-69.00
2025-11-18 15:13:07.715913,599617516041994257,-72.00
2025-11-18 15:13:07.715913,599617516041994257,-74.00
2025-11-18 15:13:07.715913,599617516041994257,-72.00
2025-11-18 15:13:07.715913,599617516041994257,-67.00
2025-11-18 15:13:07.715913,599617516041994257,-69.00
2025-11-18 15:13:07.715913,599617516041994257,-74.00
2025-11-18 15:13:07.715913,599617516041994257,-74.00
2025-11-18 15:13:07.715913,599617516041994257,-67.00
2025-11-18 15:13:07.715913,599617516041994257,-62.00
2025-11-18 15:13:07.715913,599617516041994257,-62.00
2025-11-18 15:13:07.715913,599617516041994257,-65.00
2025-11-18 15:13:07.715913,599617516041994257,-62.00
2025-11-18 15:13:07.715913,599617516041994257,-57.00
2025-11-18 15:13:07.715913,599617516041994257,-57.00
2025-11-18 15:13:07.715913,599617516041994257,-62.00
2025-11-18 15:13:07.715913,599617516041994257,-65.00
2025-11-18 15:13:07.715913,599617516041994257,-62.00
2025-11-18 15:13:07.715913,599617516041994257,-65.00
2025-11-18 15:13:07.715913,599617516041994257,-65.00
2025-11-18 15:13:07.715913,599617516041994257,-67.00
2025-11-18 15:13:07.715913,599617516041994257,-67.00
2025-11-18 15:13:07.715913,599617516041994257,-62.00
2025-11-18 15:13:07.715913,599617516041994257,-57.00
2025-11-18 15:13:07.715913,599617516041994257,-57.00
2025-11-18 15:13:07.715913,599617516041994257,-60.00
2025-11-18 15:13:07.715913,599617516041994257,-57.00
2025-11-18 15:13:07.715913,599617516041994257,-55.00
2025-11-18 15:13:08.256391,599617516602691298,-55.00
2025-11-18 15:13:08.256391,599617516602691298,-50.00
2025-11-18 15:13:08.256391,599617516602691298,-48.00
2025-11-18 15:13:08.256391,599617516602691298,-57.00
2025-11-18 15:13:08.256391,599617516602691298,-65.00
2025-11-18 15:13:08.256391,599617516602691298,-60.00
2025-11-18 15:13:08.256391,599617516602691298,-55.00
2025-11-18 15:13:08.256391,599617516602691298,-52.00
2025-11-18 15:13:08.256391,599617516602691298,-50.00
2025-11-18 15:13:08.256391,599617516602691298,-50.00
2025-11-18 15:13:08.256391,599617516602691298,-50.00
2025-11-18 15:13:08.256391,599617516602691298,-52.00
2025-11-18 15:13:08.256391,599617516602691298,-52.00
2025-11-18 15:13:08.256391,599617516602691298,-45.00
2025-11-18 15:13:08.256391,599617516602691298,-45.00
2025-11-18 15:13:08.256391,599617516602691298,-50.00
2025-11-18 15:13:08.256391,599617516602691298,-48.00
2025-11-18 15:13:08.256391,599617516602691298,-48.00
2025-11-18 15:13:08.256391,599617516602691298,-50.00
2025-11-18 15:13:08.256391,599617516602691298,-50.00
2025-11-18 15:13:08.256391,599617516602691298,-50.00
2025-11-18 15:13:08.256391,599617516602691298,-50.00
2025-11-18 15:13:08.256391,599617516602691298,-45.00
2025-11-18 15:13:08.256391,599617516602691298,-40.00
2025-11-18 15:13:08.256391,599617516602691298,-43.00
2025-11-18 15:13:08.256391,599617516602691298,-40.00
2025-11-18 15:13:08.256391,599617516602691298,-28.00
2025-11-18 15:13:08.256391,599617516602691298,-14.00
2025-11-18 15:13:08.256391,599617516602691298,-9.00
2025-11-18 15:13:08.256391,599617516602691298,-12.00
2025-11-18 15:13:08.256391,599617516602691298,-19.00
2025-11-18 15:13:08.256391,599617516602691298,-31.00
2025-11-18 15:13:08.256391,599617516602691298,-43.00
2025-11-18 15:13:08.256391,599617516602691298,-50.00
2025-11-18 15:13:08.256391,599617516602691298,-52.00
2025-11-18 15:13:08.256391,599617516602691298,-48.00
2025-11-18 15:13:08.256391,599617516602691298,-48.00
2025-11-18 15:13:08.256391,599617516602691298,-48.00
2025-11-18 15:13:08.256391,599617516602691298,-48.00
2025-11-18 15:13:08.256391,599617516602691298,-48.00
2025-11-18 15:13:08.256391,599617516602691298,-45.00
2025-11-18 15:13:08.256391,599617516602691298,-48.00
2025-11-18 15:13:08.256391,599617516602691298,-52.00
2025-11-18 15:13:08.256391,599617516602691298,-67.00
2025-11-18 15:13:08.256391,599617516602691298,-72.00
2025-11-18 15:13:08.256391,599617516602691298,24.00
2025-11-18 15:13:08.256391,599617516602691298,260.00
2025-11-18 15:13:08.256391,599617516602691298,491.00
2025-11-18 15:13:08.256391,599617516602691298,452.00
2025-11-18 15:13:08.256391,599617516602691298,50.00
2025-11-18 15:13:08.256391,599617516602691298,-305.00
2025-11-18 15:13:08.256391,599617516602691298,-301.00
2025-11-18 15:13:08.256391,599617516602691298,-173.00
2025-11-18 15:13:08.256391,599617516602691298,-98.00
2025-11-18 15:13:08.256391,599617516602691298,-43.00
2025-11-18 15:13:08.256391,599617516602691298,-50.00
2025-11-18 15:13:08.256391,599617516602691298,-79.00
2025-11-18 15:13:08.256391,599617516602691298,-67.00
2025-11-18 15:13:08.256391,599617516602691298,-52.00
2025-11-18 15:13:08.256391,599617516602691298,-45.00
2025-11-18 15:13:08.256391,599617516602691298,-26.00
2025-11-18 15:13:08.256391,599617516602691298,-14.00
2025-11-18 15:13:08.256391,599617516602691298,-21.00
2025-11-18 15:13:08.256391,599617516602691298,-9.00
2025-11-18 15:13:08.256391,599617516602691298,2.00
2025-11-18 15:13:08.256391,599617516602691298,0.00
2025-11-18 15:13:08.256391,599617516602691298,9.00
2025-11-18 15:13:08.256391,599617516602691298,26.00
2025-11-18 15:13:08.256391,599617516602691298,28.00
2025-11-18 15:13:08.256391,599617516602691298,26.00
2025-11-18 15:13:08.256391,599617516602691298,28.00
2025-11-18 15:13:08.256391,599617516602691298,36.00
2025-11-18 15:13:08.256391,599617516602691298,43.00
2025-11-18 15:13:08.857233,599617517163388341,52.00
2025-11-18 15:13:08.857233,599617517163388341,67.00
2025-11-18 15:13:08.857233,599617517163388341,77.00
2025-11-18 15:13:08.857233,599617517163388341,86.00
2025-11-18 15:13:08.857233,599617517163388341,108.00
2025-11-18 15:13:08.857233,599617517163388341,127.00
2025-11-18 15:13:08.857233,599617517163388341,146.00
2025-11-18 15:13:08.857233,599617517163388341,166.00
2025-11-18 15:13:08.857233,599617517163388341,168.00
2025-11-18 15:13:08.857233,599617517163388341,166.00
2025-11-18 15:13:08.857233,599617517163388341,144.00
2025-11-18 15:13:08.857233,599617517163388341,110.00
2025-11-18 15:13:08.857233,599617517163388341,105.00
2025-11-18 15:13:08.857233,599617517163388341,91.00
2025-11-18 15:13:08.857233,599617517163388341,43.00
2025-11-18 15:13:08.857233,599617517163388341,0.00
2025-11-18 15:13:08.857233,599617517163388341,-21.00
2025-11-18 15:13:08.857233,599617517163388341,-31.00
2025-11-18 15:13:08.857233,599617517163388341,-43.00
2025-11-18 15:13:08.857233,599617517163388341,-57.00
2025-11-18 15:13:08.857233,599617517163388341,-67.00
2025-11-18 15:13:08.857233,599617517163388341,-72.00
2025-11-18 15:13:08.857233,599617517163388341,-67.00
2025-11-18 15:13:08.857233,599617517163388341,-62.00
2025-11-18 15:13:08.857233,599617517163388341,-62.00
2025-11-18 15:13:08.857233,599617517163388341,-55.00
2025-11-18 15:13:08.857233,599617517163388341,-36.00
2025-11-18 15:13:08.857233,599617517163388341,-43.00
2025-11-18 15:13:08.857233,599617517163388341,-69.00
2025-11-18 15:13:08.857233,599617517163388341,-40.00
2025-11-18 15:13:08.857233,599617517163388341,-4.00
2025-11-18 15:13:08.857233,599617517163388341,-31.00
2025-11-18 15:13:08.857233,599617517163388341,-57.00
2025-11-18 15:13:08.857233,599617517163388341,-43.00
2025-11-18 15:13:08.857233,599617517163388341,-31.00
2025-11-18 15:13:08.857233,599617517163388341,-31.00
2025-11-18 15:13:08.857233,599617517163388341,-14.00
2025-11-18 15:13:08.857233,599617517163388341,2.00
2025-11-18 15:13:08.857233,599617517163388341,-12.00
2025-11-18 15:13:08.857233,599617517163388341,-19.00
2025-11-18 15:13:08.857233,599617517163388341,-12.00
2025-11-18 15:13:08.857233,599617517163388341,-12.00
2025-11-18 15:13:08.857233,599617517163388341,-14.00
2025-11-18 15:13:08.857233,599617517163388341,-12.00
2025-11-18 15:13:08.857233,599617517163388341,-9.00
2025-11-18 15:13:08.857233,599617517163388341,-12.00
2025-11-18 15:13:08.857233,599617517163388341,-16.00
2025-11-18 15:13:08.857233,599617517163388341,-14.00
2025-11-18 15:13:08.857233,599617517163388341,-9.00
2025-11-18 15:13:08.857233,599617517163388341,-12.00
2025-11-18 15:13:08.857233,599617517163388341,-9.00
2025-11-18 15:13:08.857233,599617517163388341,2.00
2025-11-18 15:13:08.857233,599617517163388341,14.00
2025-11-18 15:13:08.857233,599617517163388341,-12.00
2025-11-18 15:13:08.857233,599617517163388341,-50.00
2025-11-18 15:13:08.857233,599617517163388341,-33.00
2025-11-18 15:13:08.857233,599617517163388341,-7.00
2025-11-18 15:13:08.857233,599617517163388341,-9.00
2025-11-18 15:13:08.857233,599617517163388341,-7.00
2025-11-18 15:13:08.857233,599617517163388341,-2.00
2025-11-18 15:13:08.857233,599617517163388341,-2.00
2025-11-18 15:13:08.857233,599617517163388341,-4.00
2025-11-18 15:13:08.857233,599617517163388341,-2.00
2025-11-18 15:13:08.857233,599617517163388341,-2.00
2025-11-18 15:13:08.857233,599617517163388341,-4.00
2025-11-18 15:13:08.857233,599617517163388341,-4.00
2025-11-18 15:13:08.857233,599617517163388341,-4.00
2025-11-18 15:13:08.857233,599617517163388341,-4.00
2025-11-18 15:13:08.857233,599617517163388341,-4.00
2025-11-18 15:13:08.857233,599617517163388341,-2.00
2025-11-18 15:13:08.857233,599617517163388341,-2.00
2025-11-18 15:13:08.857233,599617517163388341,-2.00
2025-11-18 15:13:08.857233,599617517163388341,-4.00
2025-11-18 15:13:09.396586,599617517724085382,-4.00
2025-11-18 15:13:09.396586,599617517724085382,4.00
2025-11-18 15:13:09.396586,599617517724085382,16.00
2025-11-18 15:13:09.396586,599617517724085382,19.00
2025-11-18 15:13:09.396586,599617517724085382,0.00
2025-11-18 15:13:09.396586,599617517724085382,-38.00
2025-11-18 15:13:09.396586,599617517724085382,-33.00
2025-11-18 15:13:09.396586,599617517724085382,12.00
2025-11-18 15:13:09.396586,599617517724085382,21.00
2025-11-18 15:13:09.396586,599617517724085382,16.00
2025-11-18 15:13:09.396586,599617517724085382,36.00
2025-11-18 15:13:09.396586,599617517724085382,52.00
2025-11-18 15:13:09.396586,599617517724085382,48.00
2025-11-18 15:13:09.396586,599617517724085382,33.00
2025-11-18 15:13:09.396586,599617517724085382,26.00
2025-11-18 15:13:09.396586,599617517724085382,19.00
2025-11-18 15:13:09.396586,599617517724085382,12.00
2025-11-18 15:13:09.396586,599617517724085382,9.00
2025-11-18 15:13:09.396586,599617517724085382,4.00
2025-11-18 15:13:09.396586,599617517724085382,0.00
2025-11-18 15:13:09.396586,599617517724085382,0.00
2025-11-18 15:13:09.396586,599617517724085382,-2.00
2025-11-18 15:13:09.396586,599617517724085382,0.00
2025-11-18 15:13:09.396586,599617517724085382,0.00
2025-11-18 15:13:09.396586,599617517724085382,-9.00
2025-11-18 15:13:09.396586,599617517724085382,-16.00
2025-11-18 15:13:09.396586,599617517724085382,-19.00
2025-11-18 15:13:09.396586,599617517724085382,-33.00
2025-11-18 15:13:09.396586,599617517724085382,-19.00
2025-11-18 15:13:09.396586,599617517724085382,93.00
2025-11-18 15:13:09.396586,599617517724085382,272.00
2025-11-18 15:13:09.396586,599617517724085382,409.00
2025-11-18 15:13:09.396586,599617517724085382,344.00
2025-11-18 15:13:09.396586,599617517724085382,24.00
2025-11-18 15:13:09.396586,599617517724085382,-224.00
2025-11-18 15:13:09.396586,599617517724085382,-199.00
2025-11-18 15:13:09.396586,599617517724085382,-108.00
2025-11-18 15:13:09.396586,599617517724085382,-69.00
2025-11-18 15:13:09.396586,599617517724085382,-24.00
2025-11-18 15:13:09.396586,599617517724085382,-4.00
2025-11-18 15:13:09.396586,599617517724085382,-28.00
2025-11-18 15:13:09.396586,599617517724085382,-31.00
2025-11-18 15:13:09.396586,599617517724085382,-4.00
2025-11-18 15:13:09.396586,599617517724085382,-2.00
2025-11-18 15:13:09.396586,599617517724085382,-12.00
2025-11-18 15:13:09.396586,599617517724085382,-4.00
2025-11-18 15:13:09.396586,599617517724085382,4.00
2025-11-18 15:13:09.396586,599617517724085382,9.00
2025-11-18 15:13:09.396586,599617517724085382,2.00
2025-11-18 15:13:09.396586,599617517724085382,-2.00
2025-11-18 15:13:09.396586,599617517724085382,12.00
2025-11-18 15:13:09.396586,599617517724085382,24.00
2025-11-18 15:13:09.396586,599617517724085382,19.00
2025-11-18 15:13:09.396586,599617517724085382,21.00
2025-11-18 15:13:09.396586,599617517724085382,36.00
2025-11-18 15:13:09.396586,599617517724085382,45.00
2025-11-18 15:13:09.396586,599617517724085382,43.00
2025-11-18 15:13:09.396586,599617517724085382,40.00
2025-11-18 15:13:09.396586,599617517724085382,57.00
2025-11-18 15:13:09.396586,599617517724085382,79.00
2025-11-18 15:13:09.396586,599617517724085382,77.00
2025-11-18 15:13:09.396586,599617517724085382,65.00
2025-11-18 15:13:09.396586,599617517724085382,86.00
2025-11-18 15:13:09.396586,599617517724085382,110.00
2025-11-18 15:13:09.396586,599617517724085382,110.00
2025-11-18 15:13:09.396586,599617517724085382,108.00
2025-11-18 15:13:09.396586,599617517724085382,108.00
2025-11-18 15:13:09.396586,599617517724085382,101.00
2025-11-18 15:13:09.396586,599617517724085382,81.00
2025-11-18 15:13:09.396586,599617517724085382,57.00
2025-11-18 15:13:09.396586,599617517724085382,16.00
2025-11-18 15:13:09.396586,599617517724085382,-33.00
2025-11-18 15:13:09.396586,599617517724085382,-67.00
2025-11-18 15:13:09.997604,599617518284782423,-81.00
2025-11-18 15:13:09.997604,599617518284782423,-103.00
2025-11-18 15:13:09.997604,599617518284782423,-125.00
2025-11-18 15:13:09.997604,599617518284782423,-132.00
2025-11-18 15:13:09.997604,599617518284782423,-134.00
2025-11-18 15:13:09.997604,599617518284782423,-137.00
2025-11-18 15:13:09.997604,599617518284782423,-132.00
2025-11-18 15:13:09.997604,599617518284782423,-134.00
2025-11-18 15:13:09.997604,599617518284782423,-132.00
2025-11-18 15:13:09.997604,599617518284782423,-127.00
2025-11-18 15:13:09.997604,599617518284782423,-125.00
2025-11-18 15:13:09.997604,599617518284782423,-125.00
2025-11-18 15:13:09.997604,599617518284782423,-122.00
2025-11-18 15:13:09.997604,599617518284782423,-122.00
2025-11-18 15:13:09.997604,599617518284782423,-120.00
2025-11-18 15:13:09.997604,599617518284782423,-115.00
2025-11-18 15:13:09.997604,599617518284782423,-113.00
2025-11-18 15:13:09.997604,599617518284782423,-115.00
2025-11-18 15:13:09.997604,599617518284782423,-118.00
2025-11-18 15:13:09.997604,599617518284782423,-118.00
2025-11-18 15:13:09.997604,599617518284782423,-115.00
2025-11-18 15:13:09.997604,599617518284782423,-118.00
2025-11-18 15:13:09.997604,599617518284782423,-120.00
2025-11-18 15:13:09.997604,599617518284782423,-122.00
2025-11-18 15:13:09.997604,599617518284782423,-122.00
2025-11-18 15:13:09.997604,599617518284782423,-125.00
2025-11-18 15:13:09.997604,599617518284782423,-132.00
2025-11-18 15:13:09.997604,599617518284782423,-130.00
2025-11-18 15:13:09.997604,599617518284782423,-122.00
2025-11-18 15:13:09.997604,599617518284782423,-134.00
2025-11-18 15:13:09.997604,599617518284782423,-146.00
2025-11-18 15:13:09.997604,599617518284782423,-139.00
2025-11-18 15:13:09.997604,599617518284782423,-132.00
2025-11-18 15:13:09.997604,599617518284782423,-137.00
2025-11-18 15:13:09.997604,599617518284782423,-139.00
2025-11-18 15:13:09.997604,599617518284782423,-134.00
2025-11-18 15:13:09.997604,599617518284782423,-134.00
2025-11-18 15:13:09.997604,599617518284782423,-137.00
2025-11-18 15:13:09.997604,599617518284782423,-134.00
2025-11-18 15:13:09.997604,599617518284782423,-130.00
2025-11-18 15:13:09.997604,599617518284782423,-132.00
2025-11-18 15:13:09.997604,599617518284782423,-137.00
2025-11-18 15:13:09.997604,599617518284782423,-139.00
2025-11-18 15:13:09.997604,599617518284782423,-142.00
2025-11-18 15:13:09.997604,599617518284782423,-142.00
2025-11-18 15:13:09.997604,599617518284782423,-137.00
2025-11-18 15:13:09.997604,599617518284782423,-137.00
2025-11-18 15:13:09.997604,599617518284782423,-132.00
2025-11-18 15:13:09.997604,599617518284782423,-127.00
2025-11-18 15:13:09.997604,599617518284782423,-132.00
2025-11-18 15:13:09.997604,599617518284782423,-139.00
2025-11-18 15:13:09.997604,599617518284782423,-134.00
2025-11-18 15:13:09.997604,599617518284782423,-125.00
2025-11-18 15:13:09.997604,599617518284782423,-127.00
2025-11-18 15:13:09.997604,599617518284782423,-137.00
2025-11-18 15:13:09.997604,599617518284782423,-142.00
2025-11-18 15:13:09.997604,599617518284782423,-134.00
2025-11-18 15:13:09.997604,599617518284782423,-127.00
2025-11-18 15:13:09.997604,599617518284782423,-118.00
2025-11-18 15:13:09.997604,599617518284782423,-110.00
2025-11-18 15:13:09.997604,599617518284782423,-98.00
2025-11-18 15:13:09.997604,599617518284782423,-96.00
2025-11-18 15:13:09.997604,599617518284782423,-103.00
2025-11-18 15:13:09.997604,599617518284782423,-115.00
2025-11-18 15:13:09.997604,599617518284782423,-120.00
2025-11-18 15:13:09.997604,599617518284782423,-118.00
2025-11-18 15:13:09.997604,599617518284782423,-122.00
2025-11-18 15:13:09.997604,599617518284782423,-130.00
2025-11-18 15:13:09.997604,599617518284782423,-132.00
2025-11-18 15:13:09.997604,599617518284782423,-132.00
2025-11-18 15:13:09.997604,599617518284782423,-134.00
2025-11-18 15:13:09.997604,599617518284782423,-132.00
2025-11-18 15:13:09.997604,599617518284782423,-127.00
2025-11-18 15:13:10.508408,599617518845479464,-132.00
2025-11-18 15:13:10.508408,599617518845479464,-137.00
2025-11-18 15:13:10.508408,599617518845479464,-137.00
2025-11-18 15:13:10.508408,599617518845479464,-149.00
2025-11-18 15:13:10.508408,599617518845479464,-139.00
2025-11-18 15:13:10.508408,599617518845479464,-14.00
2025-11-18 15:13:10.508408,599617518845479464,231.00
2025-11-18 15:13:10.508408,599617518845479464,436.00
2025-11-18 15:13:10.508408,599617518845479464,320.00
2025-11-18 15:13:10.508408,599617518845479464,-115.00
2025-11-18 15:13:10.508408,599617518845479464,-395.00
2025-11-18 15:13:10.508408,599617518845479464,-330.00
2025-11-18 15:13:10.508408,599617518845479464,-228.00
2025-11-18 15:13:10.508408,599617518845479464,-195.00
2025-11-18 15:13:10.508408,599617518845479464,-146.00
2025-11-18 15:13:10.508408,599617518845479464,-110.00
2025-11-18 15:13:10.508408,599617518845479464,-113.00
2025-11-18 15:13:10.508408,599617518845479464,-108.00
2025-11-18 15:13:10.508408,599617518845479464,-101.00
2025-11-18 15:13:10.508408,599617518845479464,-98.00
2025-11-18 15:13:10.508408,599617518845479464,-89.00
2025-11-18 15:13:10.508408,599617518845479464,-79.00
2025-11-18 15:13:10.508408,599617518845479464,-72.00
2025-11-18 15:13:10.508408,599617518845479464,-65.00
2025-11-18 15:13:10.508408,599617518845479464,-60.00
2025-11-18 15:13:10.508408,599617518845479464,-57.00
2025-11-18 15:13:10.508408,599617518845479464,-48.00
2025-11-18 15:13:10.508408,599617518845479464,-38.00
2025-11-18 15:13:10.508408,599617518845479464,-36.00
2025-11-18 15:13:10.508408,599617518845479464,-28.00
2025-11-18 15:13:10.508408,599617518845479464,-16.00
2025-11-18 15:13:10.508408,599617518845479464,-7.00
2025-11-18 15:13:10.508408,599617518845479464,2.00
2025-11-18 15:13:10.508408,599617518845479464,14.00
2025-11-18 15:13:10.508408,599617518845479464,28.00
2025-11-18 15:13:10.508408,599617518845479464,43.00
2025-11-18 15:13:10.508408,599617518845479464,60.00
2025-11-18 15:13:10.508408,599617518845479464,77.00
2025-11-18 15:13:10.508408,599617518845479464,93.00
2025-11-18 15:13:10.508408,599617518845479464,108.00
2025-11-18 15:13:10.508408,599617518845479464,113.00
2025-11-18 15:13:10.508408,599617518845479464,110.00
2025-11-18 15:13:10.508408,599617518845479464,108.00
2025-11-18 15:13:10.508408,599617518845479464,96.00
2025-11-18 15:13:10.508408,599617518845479464,72.00
2025-11-18 15:13:10.508408,599617518845479464,43.00
2025-11-18 15:13:10.508408,599617518845479464,7.00
2025-11-18 15:13:10.508408,599617518845479464,-33.00
2025-11-18 15:13:10.508408,599617518845479464,-72.00
2025-11-18 15:13:10.508408,599617518845479464,-101.00
2025-11-18 15:13:10.508408,599617518845479464,-118.00
2025-11-18 15:13:10.508408,599617518845479464,-132.00
2025-11-18 15:13:10.508408,599617518845479464,-144.00
2025-11-18 15:13:10.508408,599617518845479464,-149.00
2025-11-18 15:13:10.508408,599617518845479464,-149.00
2025-11-18 15:13:10.508408,599617518845479464,-149.00
2025-11-18 15:13:10.508408,599617518845479464,-144.00
2025-11-18 15:13:10.508408,599617518845479464,-137.00
2025-11-18 15:13:10.508408,599617518845479464,-130.00
2025-11-18 15:13:10.508408,599617518845479464,-125.00
2025-11-18 15:13:10.508408,599617518845479464,-122.00
2025-11-18 15:13:10.508408,599617518845479464,-120.00
2025-11-18 15:13:10.508408,599617518845479464,-108.00
2025-11-18 15:13:10.508408,599617518845479464,-96.00
2025-11-18 15:13:10.508408,599617518845479464,-93.00
2025-11-18 15:13:10.508408,599617518845479464,-91.00
2025-11-18 15:13:10.508408,599617518845479464,-86.00
2025-11-18 15:13:10.508408,599617518845479464,-81.00
2025-11-18 15:13:10.508408,599617518845479464,-77.00
2025-11-18 15:13:10.508408,599617518845479464,-74.00
2025-11-18 15:13:10.508408,599617518845479464,-72.00
2025-11-18 15:13:10.508408,599617518845479464,-72.00
2025-11-18 15:13:10.508408,599617518845479464,-72.00
2025-11-18 15:13:11.079785,599617519406176505,-69.00
2025-11-18 15:13:11.079785,599617519406176505,-60.00
2025-11-18 15:13:11.079785,599617519406176505,-55.00
2025-11-18 15:13:11.079785,599617519406176505,-65.00
2025-11-18 15:13:11.079785,599617519406176505,-74.00
2025-11-18 15:13:11.079785,599617519406176505,-67.00
2025-11-18 15:13:11.079785,599617519406176505,-60.00
2025-11-18 15:13:11.079785,599617519406176505,-57.00
2025-11-18 15:13:11.079785,599617519406176505,-57.00
2025-11-18 15:13:11.079785,599617519406176505,-60.00
2025-11-18 15:13:11.079785,599617519406176505,-60.00
2025-11-18 15:13:11.079785,599617519406176505,-52.00
2025-11-18 15:13:11.079785,599617519406176505,-52.00
2025-11-18 15:13:11.079785,599617519406176505,-57.00
2025-11-18 15:13:11.079785,599617519406176505,-57.00
2025-11-18 15:13:11.079785,599617519406176505,-55.00
2025-11-18 15:13:11.079785,599617519406176505,-50.00
2025-11-18 15:13:11.079785,599617519406176505,-50.00
2025-11-18 15:13:11.079785,599617519406176505,-52.00
2025-11-18 15:13:11.079785,599617519406176505,-55.00
2025-11-18 15:13:11.079785,599617519406176505,-55.00
2025-11-18 15:13:11.079785,599617519406176505,-52.00
2025-11-18 15:13:11.079785,599617519406176505,-48.00
2025-11-18 15:13:11.079785,599617519406176505,-50.00
2025-11-18 15:13:11.079785,599617519406176505,-57.00
2025-11-18 15:13:11.079785,599617519406176505,-67.00
2025-11-18 15:13:11.079785,599617519406176505,-60.00
2025-11-18 15:13:11.079785,599617519406176505,-48.00
2025-11-18 15:13:11.079785,599617519406176505,-48.00
2025-11-18 15:13:11.079785,599617519406176505,-50.00
2025-11-18 15:13:11.079785,599617519406176505,-43.00
2025-11-18 15:13:11.079785,599617519406176505,-24.00
2025-11-18 15:13:11.079785,599617519406176505,-19.00
2025-11-18 15:13:11.079785,599617519406176505,-33.00
2025-11-18 15:13:11.079785,599617519406176505,-52.00
2025-11-18 15:13:11.079785,599617519406176505,-57.00
2025-11-18 15:13:11.079785,599617519406176505,-60.00
2025-11-18 15:13:11.079785,599617519406176505,-65.00
2025-11-18 15:13:11.079785,599617519406176505,-65.00
2025-11-18 15:13:11.079785,599617519406176505,-62.00
2025-11-18 15:13:11.079785,599617519406176505,-69.00
2025-11-18 15:13:11.079785,599617519406176505,-79.00
2025-11-18 15:13:11.079785,599617519406176505,-77.00
2025-11-18 15:13:11.079785,599617519406176505,-74.00
2025-11-18 15:13:11.079785,599617519406176505,-79.00
2025-11-18 15:13:11.079785,599617519406176505,-84.00
2025-11-18 15:13:11.079785,599617519406176505,-89.00
2025-11-18 15:13:11.079785,599617519406176505,-101.00
2025-11-18 15:13:11.079785,599617519406176505,-81.00
2025-11-18 15:13:11.079785,599617519406176505,60.00
2025-11-18 15:13:11.079785,599617519406176505,310.00
2025-11-18 15:13:11.079785,599617519406176505,491.00
2025-11-18 15:13:11.079785,599617519406176505,330.00
2025-11-18 15:13:11.079785,599617519406176505,-120.00
2025-11-18 15:13:11.079785,599617519406176505,-361.00
2025-11-18 15:13:11.079785,599617519406176505,-267.00
2025-11-18 15:13:11.079785,599617519406176505,-175.00
2025-11-18 15:13:11.079785,599617519406176505,-149.00
2025-11-18 15:13:11.079785,599617519406176505,-96.00
2025-11-18 15:13:11.079785,599617519406176505,-69.00
2025-11-18 15:13:11.079785,599617519406176505,-84.00
2025-11-18 15:13:11.079785,599617519406176505,-72.00
2025-11-18 15:13:11.079785,599617519406176505,-50.00
2025-11-18 15:13:11.079785,599617519406176505,-50.00
2025-11-18 15:13:11.079785,599617519406176505,-50.00
2025-11-18 15:13:11.079785,599617519406176505,-38.00
2025-11-18 15:13:11.079785,599617519406176505,-38.00
2025-11-18 15:13:11.079785,599617519406176505,-38.00
2025-11-18 15:13:11.079785,599617519406176505,-26.00
2025-11-18 15:13:11.079785,599617519406176505,-16.00
2025-11-18 15:13:11.079785,599617519406176505,-14.00
2025-11-18 15:13:11.079785,599617519406176505,-12.00
2025-11-18 15:13:11.079785,599617519406176505,-4.00
2025-11-18 15:13:11.616828,599617519966873546,2.00
2025-11-18 15:13:11.616828,599617519966873546,9.00
2025-11-18 15:13:11.616828,599617519966873546,19.00
2025-11-18 15:13:11.616828,599617519966873546,36.00
2025-11-18 15:13:11.616828,599617519966873546,48.00
2025-11-18 15:13:11.616828,599617519966873546,55.00
2025-11-18 15:13:11.616828,599617519966873546,67.00
2025-11-18 15:13:11.616828,599617519966873546,86.00
2025-11-18 15:13:11.616828,599617519966873546,103.00
2025-11-18 15:13:11.616828,599617519966873546,118.00
2025-11-18 15:13:11.616828,599617519966873546,127.00
2025-11-18 15:13:11.616828,599617519966873546,130.00
2025-11-18 15:13:11.616828,599617519966873546,134.00
2025-11-18 15:13:11.616828,599617519966873546,127.00
2025-11-18 15:13:11.616828,599617519966873546,110.00
2025-11-18 15:13:11.616828,599617519966873546,86.00
2025-11-18 15:13:11.616828,599617519966873546,52.00
2025-11-18 15:13:11.616828,599617519966873546,9.00
2025-11-18 15:13:11.616828,599617519966873546,-31.00
2025-11-18 15:13:11.616828,599617519966873546,-62.00
2025-11-18 15:13:11.616828,599617519966873546,-89.00
2025-11-18 15:13:11.616828,599617519966873546,-115.00
2025-11-18 15:13:11.616828,599617519966873546,-127.00
2025-11-18 15:13:11.616828,599617519966873546,-132.00
2025-11-18 15:13:11.616828,599617519966873546,-134.00
2025-11-18 15:13:11.616828,599617519966873546,-132.00
2025-11-18 15:13:11.616828,599617519966873546,-127.00
2025-11-18 15:13:11.616828,599617519966873546,-125.00
2025-11-18 15:13:11.616828,599617519966873546,-130.00
2025-11-18 15:13:11.616828,599617519966873546,-127.00
2025-11-18 15:13:11.616828,599617519966873546,-113.00
2025-11-18 15:13:11.616828,599617519966873546,-101.00
2025-11-18 15:13:11.616828,599617519966873546,-98.00
2025-11-18 15:13:11.616828,599617519966873546,-96.00
2025-11-18 15:13:11.616828,599617519966873546,-91.00
2025-11-18 15:13:11.616828,599617519966873546,-81.00
2025-11-18 15:13:11.616828,599617519966873546,-79.00
2025-11-18 15:13:11.616828,599617519966873546,-77.00
2025-11-18 15:13:11.616828,599617519966873546,-72.00
2025-11-18 15:13:11.616828,599617519966873546,-67.00
2025-11-18 15:13:11.616828,599617519966873546,-67.00
2025-11-18 15:13:11.616828,599617519966873546,-67.00
2025-11-18 15:13:11.616828,599617519966873546,-62.00
2025-11-18 15:13:11.616828,599617519966873546,-57.00
2025-11-18 15:13:11.616828,599617519966873546,-62.00
2025-11-18 15:13:11.616828,599617519966873546,-62.00
2025-11-18 15:13:11.616828,599617519966873546,-57.00
2025-11-18 15:13:11.616828,599617519966873546,-62.00
2025-11-18 15:13:11.616828,599617519966873546,-67.00
2025-11-18 15:13:11.616828,599617519966873546,-62.00
2025-11-18 15:13:11.616828,599617519966873546,-60.00
2025-11-18 15:13:11.616828,599617519966873546,-62.00
2025-11-18 15:13:11.616828,599617519966873546,-62.00
2025-11-18 15:13:11.616828,599617519966873546,-60.00
2025-11-18 15:13:11.616828,599617519966873546,-62.00
2025-11-18 15:13:11.616828,599617519966873546,-60.00
2025-11-18 15:13:11.616828,599617519966873546,-57.00
2025-11-18 15:13:11.616828,599617519966873546,-60.00
2025-11-18 15:13:11.616828,599617519966873546,-60.00
2025-11-18 15:13:11.616828,599617519966873546,-55.00
2025-11-18 15:13:11.616828,599617519966873546,-57.00
2025-11-18 15:13:11.616828,599617519966873546,-55.00
2025-11-18 15:13:11.616828,599617519966873546,-48.00
2025-11-18 15:13:11.616828,599617519966873546,-50.00
2025-11-18 15:13:11.616828,599617519966873546,-52.00
2025-11-18 15:13:11.616828,599617519966873546,-48.00
2025-11-18 15:13:11.616828,599617519966873546,-45.00
2025-11-18 15:13:11.616828,599617519966873546,-45.00
2025-11-18 15:13:11.616828,599617519966873546,-45.00
2025-11-18 15:13:11.616828,599617519966873546,-40.00
2025-11-18 15:13:11.616828,599617519966873546,-40.00
2025-11-18 15:13:11.616828,599617519966873546,-45.00
2025-11-18 15:13:11.616828,599617519966873546,-48.00
2025-11-18 15:13:12.217378,599617520527570589,-43.00
2025-11-18 15:13:12.217378,599617520527570589,-36.00
2025-11-18 15:13:12.217378,599617520527570589,-33.00
2025-11-18 15:13:12.217378,599617520527570589,-38.00
2025-11-18 15:13:12.217378,599617520527570589,-38.00
2025-11-18 15:13:12.217378,599617520527570589,-31.00
2025-11-18 15:13:12.217378,599617520527570589,-26.00
2025-11-18 15:13:12.217378,599617520527570589,-33.00
2025-11-18 15:13:12.217378,599617520527570589,-43.00
2025-11-18 15:13:12.217378,599617520527570589,-36.00
2025-11-18 15:13:12.217378,599617520527570589,-31.00
2025-11-18 15:13:12.217378,599617520527570589,-33.00
2025-11-18 15:13:12.217378,599617520527570589,-33.00
2025-11-18 15:13:12.217378,599617520527570589,-28.00
2025-11-18 15:13:12.217378,599617520527570589,-26.00
2025-11-18 15:13:12.217378,599617520527570589,-26.00
2025-11-18 15:13:12.217378,599617520527570589,-28.00
2025-11-18 15:13:12.217378,599617520527570589,-28.00
2025-11-18 15:13:12.217378,599617520527570589,-19.00
2025-11-18 15:13:12.217378,599617520527570589,-9.00
2025-11-18 15:13:12.217378,599617520527570589,2.00
2025-11-18 15:13:12.217378,599617520527570589,12.00
2025-11-18 15:13:12.217378,599617520527570589,9.00
2025-11-18 15:13:12.217378,599617520527570589,-4.00
2025-11-18 15:13:12.217378,599617520527570589,-9.00
2025-11-18 15:13:12.217378,599617520527570589,-9.00
2025-11-18 15:13:12.217378,599617520527570589,-12.00
2025-11-18 15:13:12.217378,599617520527570589,-19.00
2025-11-18 15:13:12.217378,599617520527570589,-24.00
2025-11-18 15:13:12.217378,599617520527570589,-26.00
2025-11-18 15:13:12.217378,599617520527570589,-28.00
2025-11-18 15:13:12.217378,599617520527570589,-28.00
2025-11-18 15:13:12.217378,599617520527570589,-26.00
2025-11-18 15:13:12.217378,599617520527570589,-28.00
2025-11-18 15:13:12.217378,599617520527570589,-28.00
2025-11-18 15:13:12.217378,599617520527570589,-31.00
2025-11-18 15:13:12.217378,599617520527570589,-48.00
2025-11-18 15:13:12.217378,599617520527570589,-60.00
2025-11-18 15:13:12.217378,599617520527570589,19.00
2025-11-18 15:13:12.217378,599617520527570589,250.00
2025-11-18 15:13:12.217378,599617520527570589,527.00
2025-11-18 15:13:12.217378,599617520527570589,614.00
2025-11-18 15:13:12.217378,599617520527570589,303.00
2025-11-18 15:13:12.217378,599617520527570589,-122.00
2025-11-18 15:13:12.217378,599617520527570589,-219.00
2025-11-18 15:13:12.217378,599617520527570589,-120.00
2025-11-18 15:13:12.217378,599617520527570589,-101.00
2025-11-18 15:13:12.217378,599617520527570589,-93.00
2025-11-18 15:13:12.217378,599617520527570589,-57.00
2025-11-18 15:13:12.217378,599617520527570589,-60.00
2025-11-18 15:13:12.217378,599617520527570589,-65.00
2025-11-18 15:13:12.217378,599617520527570589,-40.00
2025-11-18 15:13:12.217378,599617520527570589,-31.00
2025-11-18 15:13:12.217378,599617520527570589,-33.00
2025-11-18 15:13:12.217378,599617520527570589,-24.00
2025-11-18 15:13:12.217378,599617520527570589,-16.00
2025-11-18 15:13:12.217378,599617520527570589,-14.00
2025-11-18 15:13:12.217378,599617520527570589,-9.00
2025-11-18 15:13:12.217378,599617520527570589,-2.00
2025-11-18 15:13:12.217378,599617520527570589,-2.00
2025-11-18 15:13:12.217378,599617520527570589,0.00
2025-11-18 15:13:12.217378,599617520527570589,14.00
2025-11-18 15:13:12.217378,599617520527570589,19.00
2025-11-18 15:13:12.217378,599617520527570589,21.00
2025-11-18 15:13:12.217378,599617520527570589,28.00
2025-11-18 15:13:12.217378,599617520527570589,38.00
2025-11-18 15:13:12.217378,599617520527570589,52.00
2025-11-18 15:13:12.217378,599617520527570589,69.00
2025-11-18 15:13:12.217378,599617520527570589,79.00
2025-11-18 15:13:12.217378,599617520527570589,89.00
2025-11-18 15:13:12.217378,599617520527570589,105.00
2025-11-18 15:13:12.217378,599617520527570589,122.00
2025-11-18 15:13:12.217378,599617520527570589,137.00
2025-11-18 15:13:12.755821,599617521088267630,146.00
2025-11-18 15:13:12.755821,599617521088267630,151.00
2025-11-18 15:13:12.755821,599617521088267630,151.00
2025-11-18 15:13:12.755821,599617521088267630,146.00
2025-11-18 15:13:12.755821,599617521088267630,132.00
2025-11-18 15:13:12.755821,599617521088267630,105.00
2025-11-18 15:13:12.755821,599617521088267630,72.00
2025-11-18 15:13:12.755821,599617521088267630,38.00
2025-11-18 15:13:12.755821,599617521088267630,0.00
2025-11-18 15:13:12.755821,599617521088267630,-33.00
2025-11-18 15:13:12.755821,599617521088267630,-60.00
2025-11-18 15:13:12.755821,599617521088267630,-81.00
2025-11-18 15:13:12.755821,599617521088267630,-96.00
2025-11-18 15:13:12.755821,599617521088267630,-103.00
2025-11-18 15:13:12.755821,599617521088267630,-105.00
2025-11-18 15:13:12.755821,599617521088267630,-110.00
2025-11-18 15:13:12.755821,599617521088267630,-113.00
2025-11-18 15:13:12.755821,599617521088267630,-113.00
2025-11-18 15:13:12.755821,599617521088267630,-105.00
2025-11-18 15:13:12.755821,599617521088267630,-101.00
2025-11-18 15:13:12.755821,599617521088267630,-96.00
2025-11-18 15:13:12.755821,599617521088267630,-91.00
2025-11-18 15:13:12.755821,599617521088267630,-89.00
2025-11-18 15:13:12.755821,599617521088267630,-86.00
2025-11-18 15:13:12.755821,599617521088267630,-81.00
2025-11-18 15:13:12.755821,599617521088267630,-77.00
2025-11-18 15:13:12.755821,599617521088267630,-65.00
2025-11-18 15:13:12.755821,599617521088267630,-57.00
2025-11-18 15:13:12.755821,599617521088267630,-60.00
2025-11-18 15:13:12.755821,599617521088267630,-60.00
2025-11-18 15:13:12.755821,599617521088267630,-52.00
2025-11-18 15:13:12.755821,599617521088267630,-50.00
2025-11-18 15:13:12.755821,599617521088267630,-50.00
2025-11-18 15:13:12.755821,599617521088267630,-48.00
2025-11-18 15:13:12.755821,599617521088267630,-48.00
2025-11-18 15:13:12.755821,599617521088267630,-48.00
2025-11-18 15:13:12.755821,599617521088267630,-45.00
2025-11-18 15:13:12.755821,599617521088267630,-45.00
2025-11-18 15:13:12.755821,599617521088267630,-45.00
2025-11-18 15:13:12.755821,599617521088267630,-45.00
2025-11-18 15:13:12.755821,599617521088267630,-45.00
2025-11-18 15:13:12.755821,599617521088267630,-43.00
2025-11-18 15:13:12.755821,599617521088267630,-40.00
2025-11-18 15:13:12.755821,599617521088267630,-43.00
2025-11-18 15:13:12.755821,599617521088267630,-48.00
2025-11-18 15:13:12.755821,599617521088267630,-45.00
2025-11-18 15:13:12.755821,599617521088267630,-40.00
2025-11-18 15:13:12.755821,599617521088267630,-43.00
2025-11-18 15:13:12.755821,599617521088267630,-45.00
2025-11-18 15:13:12.755821,599617521088267630,-40.00
2025-11-18 15:13:12.755821,599617521088267630,-36.00
2025-11-18 15:13:12.755821,599617521088267630,-33.00
2025-11-18 15:13:12.755821,599617521088267630,-31.00
2025-11-18 15:13:12.755821,599617521088267630,-28.00
2025-11-18 15:13:12.755821,599617521088267630,-33.00
2025-11-18 15:13:12.755821,599617521088267630,-31.00
2025-11-18 15:13:12.755821,599617521088267630,-21.00
2025-11-18 15:13:12.755821,599617521088267630,-21.00
2025-11-18 15:13:12.755821,599617521088267630,-26.00
2025-11-18 15:13:12.755821,599617521088267630,-26.00
2025-11-18 15:13:12.755821,599617521088267630,-26.00
2025-11-18 15:13:12.755821,599617521088267630,-26.00
2025-11-18 15:13:12.755821,599617521088267630,-24.00
2025-11-18 15:13:12.755821,599617521088267630,-21.00
2025-11-18 15:13:12.755821,599617521088267630,-21.00
2025-11-18 15:13:12.755821,599617521088267630,-24.00
2025-11-18 15:13:12.755821,599617521088267630,-26.00
2025-11-18 15:13:12.755821,599617521088267630,-24.00
2025-11-18 15:13:12.755821,599617521088267630,-21.00
2025-11-18 15:13:12.755821,599617521088267630,-21.00
2025-11-18 15:13:12.755821,599617521088267630,-19.00
2025-11-18 15:13:12.755821,599617521088267630,-19.00
2025-11-18 15:13:12.755821,599617521088267630,-16.00
2025-11-18 15:13:13.328498,599617521648964671,-14.00
2025-11-18 15:13:13.328498,599617521648964671,-9.00
2025-11-18 15:13:13.328498,599617521648964671,-14.00
2025-11-18 15:13:13.328498,599617521648964671,-21.00
2025-11-18 15:13:13.328498,599617521648964671,-16.00
2025-11-18 15:13:13.328498,599617521648964671,-12.00
2025-11-18 15:13:13.328498,599617521648964671,-12.00
2025-11-18 15:13:13.328498,599617521648964671,-19.00
2025-11-18 15:13:13.328498,599617521648964671,-21.00
2025-11-18 15:13:13.328498,599617521648964671,-19.00
2025-11-18 15:13:13.328498,599617521648964671,-16.00
2025-11-18 15:13:13.328498,599617521648964671,-16.00
2025-11-18 15:13:13.328498,599617521648964671,-9.00
2025-11-18 15:13:13.328498,599617521648964671,-7.00
2025-11-18 15:13:13.328498,599617521648964671,-14.00
2025-11-18 15:13:13.328498,599617521648964671,-16.00
2025-11-18 15:13:13.328498,599617521648964671,-9.00
2025-11-18 15:13:13.328498,599617521648964671,0.00
2025-11-18 15:13:13.328498,599617521648964671,2.00
2025-11-18 15:13:13.328498,599617521648964671,14.00
2025-11-18 15:13:13.328498,599617521648964671,26.00
2025-11-18 15:13:13.328498,599617521648964671,19.00
2025-11-18 15:13:13.328498,599617521648964671,4.00
2025-11-18 15:13:13.328498,599617521648964671,-2.00
2025-11-18 15:13:13.328498,599617521648964671,-2.00
2025-11-18 15:13:13.328498,599617521648964671,-7.00
2025-11-18 15:13:13.328498,599617521648964671,-14.00
2025-11-18 15:13:13.328498,599617521648964671,-14.00
2025-11-18 15:13:13.328498,599617521648964671,-21.00
2025-11-18 15:13:13.328498,599617521648964671,-26.00
2025-11-18 15:13:13.328498,599617521648964671,-24.00
2025-11-18 15:13:13.328498,599617521648964671,-24.00
2025-11-18 15:13:13.328498,599617521648964671,-26.00
2025-11-18 15:13:13.328498,599617521648964671,-21.00
2025-11-18 15:13:13.328498,599617521648964671,-26.00
2025-11-18 15:13:13.328498,599617521648964671,-43.00
2025-11-18 15:13:13.328498,599617521648964671,-52.00
2025-11-18 15:13:13.328498,599617521648964671,12.00
2025-11-18 15:13:13.328498,599617521648964671,204.00
2025-11-18 15:13:13.328498,599617521648964671,452.00
2025-11-18 15:13:13.328498,599617521648964671,549.00
2025-11-18 15:13:13.328498,599617521648964671,291.00
2025-11-18 15:13:13.328498,599617521648964671,-118.00
2025-11-18 15:13:13.328498,599617521648964671,-236.00
2025-11-18 15:13:13.328498,599617521648964671,-132.00
2025-11-18 15:13:13.328498,599617521648964671,-98.00
2025-11-18 15:13:13.328498,599617521648964671,-84.00
2025-11-18 15:13:13.328498,599617521648964671,-43.00
2025-11-18 15:13:13.328498,599617521648964671,-45.00
2025-11-18 15:13:13.328498,599617521648964671,-52.00
2025-11-18 15:13:13.328498,599617521648964671,-31.00
2025-11-18 15:13:13.328498,599617521648964671,-24.00
2025-11-18 15:13:13.328498,599617521648964671,-31.00
2025-11-18 15:13:13.328498,599617521648964671,-21.00
2025-11-18 15:13:13.328498,599617521648964671,-12.00
2025-11-18 15:13:13.328498,599617521648964671,-9.00
2025-11-18 15:13:13.328498,599617521648964671,-4.00
2025-11-18 15:13:13.328498,599617521648964671,-2.00
2025-11-18 15:13:13.328498,599617521648964671,0.00
2025-11-18 15:13:13.328498,599617521648964671,4.00
2025-11-18 15:13:13.328498,599617521648964671,7.00
2025-11-18 15:13:13.328498,599617521648964671,9.00
2025-11-18 15:13:13.328498,599617521648964671,19.00
2025-11-18 15:13:13.328498,599617521648964671,28.00
2025-11-18 15:13:13.328498,599617521648964671,36.00
2025-11-18 15:13:13.328498,599617521648964671,50.00
2025-11-18 15:13:13.328498,599617521648964671,62.00
2025-11-18 15:13:13.328498,599617521648964671,69.00
2025-11-18 15:13:13.328498,599617521648964671,79.00
2025-11-18 15:13:13.328498,599617521648964671,93.00
2025-11-18 15:13:13.328498,599617521648964671,113.00
2025-11-18 15:13:13.328498,599617521648964671,127.00
2025-11-18 15:13:13.328498,599617521648964671,137.00
2025-11-18 15:13:13.867270,599617522209631194,142.00
2025-11-18 15:13:13.867270,599617522209631194,142.00
2025-11-18 15:13:13.867270,599617522209631194,132.00
2025-11-18 15:13:13.867270,599617522209631194,120.00
2025-11-18 15:13:13.867270,599617522209631194,103.00
2025-11-18 15:13:13.867270,599617522209631194,77.00
2025-11-18 15:13:13.867270,599617522209631194,38.00
2025-11-18 15:13:13.867270,599617522209631194,0.00
2025-11-18 15:13:13.867270,599617522209631194,-31.00
2025-11-18 15:13:13.867270,599617522209631194,-57.00
2025-11-18 15:13:13.867270,599617522209631194,-81.00
2025-11-18 15:13:13.867270,599617522209631194,-98.00
2025-11-18 15:13:13.867270,599617522209631194,-108.00
2025-11-18 15:13:13.867270,599617522209631194,-108.00
2025-11-18 15:13:13.867270,599617522209631194,-108.00
2025-11-18 15:13:13.867270,599617522209631194,-108.00
2025-11-18 15:13:13.867270,599617522209631194,-105.00
2025-11-18 15:13:13.867270,599617522209631194,-101.00
2025-11-18 15:13:13.867270,599617522209631194,-101.00
2025-11-18 15:13:13.867270,599617522209631194,-101.00
2025-11-18 15:13:13.867270,599617522209631194,-91.00
2025-11-18 15:13:13.867270,599617522209631194,-84.00
2025-11-18 15:13:13.867270,599617522209631194,-84.00
2025-11-18 15:13:13.867270,599617522209631194,-84.00
2025-11-18 15:13:13.867270,599617522209631194,-84.00
2025-11-18 15:13:13.867270,599617522209631194,-79.00
2025-11-18 15:13:13.867270,599617522209631194,-74.00
2025-11-18 15:13:13.867270,599617522209631194,-72.00
2025-11-18 15:13:13.867270,599617522209631194,-72.00
2025-11-18 15:13:13.867270,599617522209631194,-65.00
2025-11-18 15:13:13.867270,599617522209631194,-60.00
2025-11-18 15:13:13.867270,599617522209631194,-57.00
2025-11-18 15:13:13.867270,599617522209631194,-55.00
2025-11-18 15:13:13.867270,599617522209631194,-57.00
2025-11-18 15:13:13.867270,599617522209631194,-57.00
2025-11-18 15:13:13.867270,599617522209631194,-55.00
2025-11-18 15:13:13.867270,599617522209631194,-52.00
2025-11-18 15:13:13.867270,599617522209631194,-52.00
2025-11-18 15:13:13.867270,599617522209631194,-52.00
2025-11-18 15:13:13.867270,599617522209631194,-52.00
2025-11-18 15:13:13.867270,599617522209631194,-52.00
2025-11-18 15:13:13.867270,599617522209631194,-55.00
2025-11-18 15:13:13.867270,599617522209631194,-55.00
2025-11-18 15:13:13.867270,599617522209631194,-50.00
2025-11-18 15:13:13.867270,599617522209631194,-48.00
2025-11-18 15:13:13.867270,599617522209631194,-50.00
2025-11-18 15:13:13.867270,599617522209631194,-45.00
2025-11-18 15:13:13.867270,599617522209631194,-40.00
2025-11-18 15:13:13.867270,599617522209631194,-43.00
2025-11-18 15:13:13.867270,599617522209631194,-43.00
2025-11-18 15:13:13.867270,599617522209631194,-40.00
2025-11-18 15:13:13.867270,599617522209631194,-43.00
2025-11-18 15:13:13.867270,599617522209631194,-45.00
2025-11-18 15:13:13.867270,599617522209631194,-45.00
2025-11-18 15:13:13.867270,599617522209631194,-40.00
2025-11-18 15:13:13.867270,599617522209631194,-40.00
2025-11-18 15:13:13.867270,599617522209631194,-40.00
2025-11-18 15:13:13.867270,599617522209631194,-43.00
2025-11-18 15:13:13.867270,599617522209631194,-40.00
2025-11-18 15:13:13.867270,599617522209631194,-40.00
2025-11-18 15:13:13.867270,599617522209631194,-38.00
2025-11-18 15:13:13.867270,599617522209631194,-33.00
2025-11-18 15:13:13.867270,599617522209631194,-33.00
2025-11-18 15:13:13.867270,599617522209631194,-43.00
2025-11-18 15:13:13.867270,599617522209631194,-45.00
2025-11-18 15:13:13.867270,599617522209631194,-38.00
2025-11-18 15:13:13.867270,599617522209631194,-38.00
2025-11-18 15:13:13.867270,599617522209631194,-40.00
2025-11-18 15:13:13.867270,599617522209631194,-38.00
2025-11-18 15:13:13.867270,599617522209631194,-36.00
2025-11-18 15:13:13.867270,599617522209631194,-36.00
2025-11-18 15:13:13.867270,599617522209631194,-40.00
2025-11-18 15:13:13.867270,599617522209631194,-38.00
2025-11-18 15:13:14.435443,599617522770328235,-33.00
2025-11-18 15:13:14.435443,599617522770328235,-33.00
2025-11-18 15:13:14.435443,599617522770328235,-33.00
2025-11-18 15:13:14.435443,599617522770328235,-31.00
2025-11-18 15:13:14.435443,599617522770328235,-31.00
2025-11-18 15:13:14.435443,599617522770328235,-36.00
2025-11-18 15:13:14.435443,599617522770328235,-38.00
2025-11-18 15:13:14.435443,599617522770328235,-36.00
2025-11-18 15:13:14.435443,599617522770328235,-36.00
2025-11-18 15:13:14.435443,599617522770328235,-36.00
2025-11-18 15:13:14.435443,599617522770328235,-31.00
2025-11-18 15:13:14.435443,599617522770328235,-26.00
2025-11-18 15:13:14.435443,599617522770328235,-26.00
2025-11-18 15:13:14.435443,599617522770328235,-28.00
2025-11-18 15:13:14.435443,599617522770328235,-33.00
2025-11-18 15:13:14.435443,599617522770328235,-31.00
2025-11-18 15:13:14.435443,599617522770328235,-24.00
2025-11-18 15:13:14.435443,599617522770328235,-31.00
2025-11-18 15:13:14.435443,599617522770328235,-38.00
2025-11-18 15:13:14.435443,599617522770328235,-36.00
2025-11-18 15:13:14.435443,599617522770328235,-36.00
2025-11-18 15:13:14.435443,599617522770328235,-31.00
2025-11-18 15:13:14.435443,599617522770328235,-12.00
2025-11-18 15:13:14.435443,599617522770328235,-4.00
2025-11-18 15:13:14.435443,599617522770328235,-9.00
2025-11-18 15:13:14.435443,599617522770328235,-12.00
2025-11-18 15:13:14.435443,599617522770328235,-21.00
2025-11-18 15:13:14.435443,599617522770328235,-31.00
2025-11-18 15:13:14.435443,599617522770328235,-31.00
2025-11-18 15:13:14.435443,599617522770328235,-33.00
2025-11-18 15:13:14.435443,599617522770328235,-36.00
2025-11-18 15:13:14.435443,599617522770328235,-40.00
2025-11-18 15:13:14.435443,599617522770328235,-45.00
2025-11-18 15:13:14.435443,599617522770328235,-48.00
2025-11-18 15:13:14.435443,599617522770328235,-50.00
2025-11-18 15:13:14.435443,599617522770328235,-50.00
2025-11-18 15:13:14.435443,599617522770328235,-48.00
2025-11-18 15:13:14.435443,599617522770328235,-48.00
2025-11-18 15:13:14.435443,599617522770328235,-52.00
2025-11-18 15:13:14.435443,599617522770328235,-65.00
2025-11-18 15:13:14.435443,599617522770328235,-72.00
2025-11-18 15:13:14.435443,599617522770328235,16.00
2025-11-18 15:13:14.435443,599617522770328235,243.00
2025-11-18 15:13:14.435443,599617522770328235,476.00
2025-11-18 15:13:14.435443,599617522770328235,474.00
2025-11-18 15:13:14.435443,599617522770328235,118.00
2025-11-18 15:13:14.435443,599617522770328235,-248.00
2025-11-18 15:13:14.435443,599617522770328235,-281.00
2025-11-18 15:13:14.435443,599617522770328235,-175.00
2025-11-18 15:13:14.435443,599617522770328235,-134.00
2025-11-18 15:13:14.435443,599617522770328235,-96.00
2025-11-18 15:13:14.435443,599617522770328235,-57.00
2025-11-18 15:13:14.435443,599617522770328235,-57.00
2025-11-18 15:13:14.435443,599617522770328235,-50.00
2025-11-18 15:13:14.435443,599617522770328235,-33.00
2025-11-18 15:13:14.435443,599617522770328235,-38.00
2025-11-18 15:13:14.435443,599617522770328235,-43.00
2025-11-18 15:13:14.435443,599617522770328235,-28.00
2025-11-18 15:13:14.435443,599617522770328235,-19.00
2025-11-18 15:13:14.435443,599617522770328235,-24.00
2025-11-18 15:13:14.435443,599617522770328235,-24.00
2025-11-18 15:13:14.435443,599617522770328235,-14.00
2025-11-18 15:13:14.435443,599617522770328235,-9.00
2025-11-18 15:13:14.435443,599617522770328235,-4.00
2025-11-18 15:13:14.435443,599617522770328235,4.00
2025-11-18 15:13:14.435443,599617522770328235,14.00
2025-11-18 15:13:14.435443,599617522770328235,19.00
2025-11-18 15:13:14.435443,599617522770328235,26.00
2025-11-18 15:13:14.435443,599617522770328235,31.00
2025-11-18 15:13:14.435443,599617522770328235,38.00
2025-11-18 15:13:14.435443,599617522770328235,50.00
2025-11-18 15:13:14.435443,599617522770328235,67.00
2025-11-18 15:13:14.435443,599617522770328235,74.00
2025-11-18 15:13:14.977400,599617523331025276,81.00
2025-11-18 15:13:14.977400,599617523331025276,103.00
2025-11-18 15:13:14.977400,599617523331025276,118.00
2025-11-18 15:13:14.977400,599617523331025276,122.00
2025-11-18 15:13:14.977400,599617523331025276,132.00
2025-11-18 15:13:14.977400,599617523331025276,134.00
2025-11-18 15:13:14.977400,599617523331025276,122.00
2025-11-18 15:13:14.977400,599617523331025276,105.00
2025-11-18 15:13:14.977400,599617523331025276,91.00
2025-11-18 15:13:14.977400,599617523331025276,62.00
2025-11-18 15:13:14.977400,599617523331025276,19.00
2025-11-18 15:13:14.977400,599617523331025276,-21.00
2025-11-18 15:13:14.977400,599617523331025276,-50.00
2025-11-18 15:13:14.977400,599617523331025276,-77.00
2025-11-18 15:13:14.977400,599617523331025276,-103.00
2025-11-18 15:13:14.977400,599617523331025276,-118.00
2025-11-18 15:13:14.977400,599617523331025276,-122.00
2025-11-18 15:13:14.977400,599617523331025276,-130.00
2025-11-18 15:13:14.977400,599617523331025276,-132.00
2025-11-18 15:13:14.977400,599617523331025276,-127.00
2025-11-18 15:13:14.977400,599617523331025276,-122.00
2025-11-18 15:13:14.977400,599617523331025276,-118.00
2025-11-18 15:13:14.977400,599617523331025276,-113.00
2025-11-18 15:13:14.977400,599617523331025276,-108.00
2025-11-18 15:13:14.977400,599617523331025276,-101.00
2025-11-18 15:13:14.977400,599617523331025276,-93.00
2025-11-18 15:13:14.977400,599617523331025276,-91.00
2025-11-18 15:13:14.977400,599617523331025276,-93.00
2025-11-18 15:13:14.977400,599617523331025276,-86.00
2025-11-18 15:13:14.977400,599617523331025276,-79.00
2025-11-18 15:13:14.977400,599617523331025276,-79.00
2025-11-18 15:13:14.977400,599617523331025276,-84.00
2025-11-18 15:13:14.977400,599617523331025276,-81.00
2025-11-18 15:13:14.977400,599617523331025276,-74.00
2025-11-18 15:13:14.977400,599617523331025276,-69.00
2025-11-18 15:13:14.977400,599617523331025276,-72.00
2025-11-18 15:13:14.977400,599617523331025276,-72.00
2025-11-18 15:13:14.977400,599617523331025276,-72.00
2025-11-18 15:13:14.977400,599617523331025276,-72.00
2025-11-18 15:13:14.977400,599617523331025276,-72.00
2025-11-18 15:13:14.977400,599617523331025276,-69.00
2025-11-18 15:13:14.977400,599617523331025276,-72.00
2025-11-18 15:13:14.977400,599617523331025276,-72.00
2025-11-18 15:13:14.977400,599617523331025276,-69.00
2025-11-18 15:13:14.977400,599617523331025276,-65.00
2025-11-18 15:13:14.977400,599617523331025276,-65.00
2025-11-18 15:13:14.977400,599617523331025276,-65.00
2025-11-18 15:13:14.977400,599617523331025276,-65.00
2025-11-18 15:13:14.977400,599617523331025276,-62.00
2025-11-18 15:13:14.977400,599617523331025276,-62.00
2025-11-18 15:13:14.977400,599617523331025276,-62.00
2025-11-18 15:13:14.977400,599617523331025276,-55.00
2025-11-18 15:13:14.977400,599617523331025276,-52.00
2025-11-18 15:13:14.977400,599617523331025276,-57.00
2025-11-18 15:13:14.977400,599617523331025276,-55.00
2025-11-18 15:13:14.977400,599617523331025276,-50.00
2025-11-18 15:13:14.977400,599617523331025276,-50.00
2025-11-18 15:13:14.977400,599617523331025276,-52.00
2025-11-18 15:13:14.977400,599617523331025276,-50.00
2025-11-18 15:13:14.977400,599617523331025276,-50.00
2025-11-18 15:13:14.977400,599617523331025276,-50.00
2025-11-18 15:13:14.977400,599617523331025276,-50.00
2025-11-18 15:13:14.977400,599617523331025276,-50.00
2025-11-18 15:13:14.977400,599617523331025276,-45.00
2025-11-18 15:13:14.977400,599617523331025276,-45.00
2025-11-18 15:13:14.977400,599617523331025276,-48.00
2025-11-18 15:13:14.977400,599617523331025276,-43.00
2025-11-18 15:13:14.977400,599617523331025276,-36.00
2025-11-18 15:13:14.977400,599617523331025276,-33.00
2025-11-18 15:13:14.977400,599617523331025276,-36.00
2025-11-18 15:13:14.977400,599617523331025276,-36.00
2025-11-18 15:13:14.977400,599617523331025276,-31.00
2025-11-18 15:13:14.977400,599617523331025276,-28.00
2025-11-18 15:13:15.576258,599617523891722319,-31.00
2025-11-18 15:13:15.576258,599617523891722319,-33.00
2025-11-18 15:13:15.576258,599617523891722319,-31.00
2025-11-18 15:13:15.576258,599617523891722319,-26.00
2025-11-18 15:13:15.576258,599617523891722319,-19.00
2025-11-18 15:13:15.576258,599617523891722319,-16.00
2025-11-18 15:13:15.576258,599617523891722319,-12.00
2025-11-18 15:13:15.576258,599617523891722319,2.00
2025-11-18 15:13:15.576258,599617523891722319,19.00
2025-11-18 15:13:15.576258,599617523891722319,21.00
2025-11-18 15:13:15.576258,599617523891722319,7.00
2025-11-18 15:13:15.576258,599617523891722319,-2.00
2025-11-18 15:13:15.576258,599617523891722319,-4.00
2025-11-18 15:13:15.576258,599617523891722319,-7.00
2025-11-18 15:13:15.576258,599617523891722319,-16.00
2025-11-18 15:13:15.576258,599617523891722319,-21.00
2025-11-18 15:13:15.576258,599617523891722319,-21.00
2025-11-18 15:13:15.576258,599617523891722319,-19.00
2025-11-18 15:13:15.576258,599617523891722319,-19.00
2025-11-18 15:13:15.576258,599617523891722319,-21.00
2025-11-18 15:13:15.576258,599617523891722319,-24.00
2025-11-18 15:13:15.576258,599617523891722319,-24.00
2025-11-18 15:13:15.576258,599617523891722319,-21.00
2025-11-18 15:13:15.576258,599617523891722319,-24.00
2025-11-18 15:13:15.576258,599617523891722319,-43.00
2025-11-18 15:13:15.576258,599617523891722319,-40.00
2025-11-18 15:13:15.576258,599617523891722319,79.00
2025-11-18 15:13:15.576258,599617523891722319,315.00
2025-11-18 15:13:15.576258,599617523891722319,532.00
2025-11-18 15:13:15.576258,599617523891722319,464.00
2025-11-18 15:13:15.576258,599617523891722319,50.00
2025-11-18 15:13:15.576258,599617523891722319,-257.00
2025-11-18 15:13:15.576258,599617523891722319,-216.00
2025-11-18 15:13:15.576258,599617523891722319,-120.00
2025-11-18 15:13:15.576258,599617523891722319,-98.00
2025-11-18 15:13:15.576258,599617523891722319,-52.00
2025-11-18 15:13:15.576258,599617523891722319,-21.00
2025-11-18 15:13:15.576258,599617523891722319,-33.00
2025-11-18 15:13:15.576258,599617523891722319,-28.00
2025-11-18 15:13:15.576258,599617523891722319,-9.00
2025-11-18 15:13:15.576258,599617523891722319,-7.00
2025-11-18 15:13:15.576258,599617523891722319,-7.00
2025-11-18 15:13:15.576258,599617523891722319,0.00
2025-11-18 15:13:15.576258,599617523891722319,4.00
2025-11-18 15:13:15.576258,599617523891722319,7.00
2025-11-18 15:13:15.576258,599617523891722319,9.00
2025-11-18 15:13:15.576258,599617523891722319,12.00
2025-11-18 15:13:15.576258,599617523891722319,16.00
2025-11-18 15:13:15.576258,599617523891722319,24.00
2025-11-18 15:13:15.576258,599617523891722319,31.00
2025-11-18 15:13:15.576258,599617523891722319,36.00
2025-11-18 15:13:15.576258,599617523891722319,43.00
2025-11-18 15:13:15.576258,599617523891722319,52.00
2025-11-18 15:13:15.576258,599617523891722319,62.00
2025-11-18 15:13:15.576258,599617523891722319,72.00
2025-11-18 15:13:15.576258,599617523891722319,84.00
2025-11-18 15:13:15.576258,599617523891722319,93.00
2025-11-18 15:13:15.576258,599617523891722319,105.00
2025-11-18 15:13:15.576258,599617523891722319,120.00
2025-11-18 15:13:15.576258,599617523891722319,134.00
2025-11-18 15:13:15.576258,599617523891722319,149.00
2025-11-18 15:13:15.576258,599617523891722319,156.00
2025-11-18 15:13:15.576258,599617523891722319,156.00
2025-11-18 15:13:15.576258,599617523891722319,156.00
2025-11-18 15:13:15.576258,599617523891722319,146.00
2025-11-18 15:13:15.576258,599617523891722319,122.00
2025-11-18 15:13:15.576258,599617523891722319,93.00
2025-11-18 15:13:15.576258,599617523891722319,62.00
2025-11-18 15:13:15.576258,599617523891722319,24.00
2025-11-18 15:13:15.576258,599617523891722319,-12.00
2025-11-18 15:13:15.576258,599617523891722319,-38.00
2025-11-18 15:13:15.576258,599617523891722319,-60.00
2025-11-18 15:13:15.576258,599617523891722319,-77.00
2025-11-18 15:13:16.149251,599617524452419360,-89.00
2025-11-18 15:13:16.149251,599617524452419360,-93.00
2025-11-18 15:13:16.149251,599617524452419360,-98.00
2025-11-18 15:13:16.149251,599617524452419360,-103.00
2025-11-18 15:13:16.149251,599617524452419360,-103.00
2025-11-18 15:13:16.149251,599617524452419360,-96.00
2025-11-18 15:13:16.149251,599617524452419360,-96.00
2025-11-18 15:13:16.149251,599617524452419360,-96.00
2025-11-18 15:13:16.149251,599617524452419360,-86.00
2025-11-18 15:13:16.149251,599617524452419360,-79.00
2025-11-18 15:13:16.149251,599617524452419360,-79.00
2025-11-18 15:13:16.149251,599617524452419360,-74.00
2025-11-18 15:13:16.149251,599617524452419360,-67.00
2025-11-18 15:13:16.149251,599617524452419360,-62.00
2025-11-18 15:13:16.149251,599617524452419360,-57.00
2025-11-18 15:13:16.149251,599617524452419360,-57.00
2025-11-18 15:13:16.149251,599617524452419360,-57.00
2025-11-18 15:13:16.149251,599617524452419360,-52.00
2025-11-18 15:13:16.149251,599617524452419360,-48.00
2025-11-18 15:13:16.149251,599617524452419360,-50.00
2025-11-18 15:13:16.149251,599617524452419360,-50.00
2025-11-18 15:13:16.149251,599617524452419360,-52.00
2025-11-18 15:13:16.149251,599617524452419360,-60.00
2025-11-18 15:13:16.149251,599617524452419360,-57.00
2025-11-18 15:13:16.149251,599617524452419360,-55.00
2025-11-18 15:13:16.149251,599617524452419360,-55.00
2025-11-18 15:13:16.149251,599617524452419360,-52.00
2025-11-18 15:13:16.149251,599617524452419360,-50.00
2025-11-18 15:13:16.149251,599617524452419360,-50.00
2025-11-18 15:13:16.149251,599617524452419360,-50.00
2025-11-18 15:13:16.149251,599617524452419360,-50.00
2025-11-18 15:13:16.149251,599617524452419360,-48.00
2025-11-18 15:13:16.149251,599617524452419360,-43.00
2025-11-18 15:13:16.149251,599617524452419360,-40.00
2025-11-18 15:13:16.149251,599617524452419360,-43.00
2025-11-18 15:13:16.149251,599617524452419360,-43.00
2025-11-18 15:13:16.149251,599617524452419360,-48.00
2025-11-18 15:13:16.149251,599617524452419360,-50.00
2025-11-18 15:13:16.149251,599617524452419360,-45.00
2025-11-18 15:13:16.149251,599617524452419360,-40.00
2025-11-18 15:13:16.149251,599617524452419360,-40.00
2025-11-18 15:13:16.149251,599617524452419360,-43.00
2025-11-18 15:13:16.149251,599617524452419360,-40.00
2025-11-18 15:13:16.149251,599617524452419360,-38.00
2025-11-18 15:13:16.149251,599617524452419360,-36.00
2025-11-18 15:13:16.149251,599617524452419360,-36.00
2025-11-18 15:13:16.149251,599617524452419360,-33.00
2025-11-18 15:13:16.149251,599617524452419360,-36.00
2025-11-18 15:13:16.149251,599617524452419360,-38.00
2025-11-18 15:13:16.149251,599617524452419360,-40.00
2025-11-18 15:13:16.149251,599617524452419360,-38.00
2025-11-18 15:13:16.149251,599617524452419360,-33.00
2025-11-18 15:13:16.149251,599617524452419360,-36.00
2025-11-18 15:13:16.149251,599617524452419360,-36.00
2025-11-18 15:13:16.149251,599617524452419360,-31.00
2025-11-18 15:13:16.149251,599617524452419360,-33.00
2025-11-18 15:13:16.149251,599617524452419360,-36.00
2025-11-18 15:13:16.149251,599617524452419360,-33.00
2025-11-18 15:13:16.149251,599617524452419360,-28.00
2025-11-18 15:13:16.149251,599617524452419360,-28.00
2025-11-18 15:13:16.149251,599617524452419360,-33.00
2025-11-18 15:13:16.149251,599617524452419360,-33.00
2025-11-18 15:13:16.149251,599617524452419360,-28.00
2025-11-18 15:13:16.149251,599617524452419360,-26.00
2025-11-18 15:13:16.149251,599617524452419360,-26.00
2025-11-18 15:13:16.149251,599617524452419360,-26.00
2025-11-18 15:13:16.149251,599617524452419360,-24.00
2025-11-18 15:13:16.149251,599617524452419360,-24.00
2025-11-18 15:13:16.149251,599617524452419360,-26.00
2025-11-18 15:13:16.149251,599617524452419360,-28.00
2025-11-18 15:13:16.149251,599617524452419360,-28.00
2025-11-18 15:13:16.149251,599617524452419360,-31.00
2025-11-18 15:13:16.149251,599617524452419360,-28.00
2025-11-18 15:13:16.687140,599617525013101141,-26.00
2025-11-18 15:13:16.687140,599617525013101141,-26.00
2025-11-18 15:13:16.687140,599617525013101141,-26.00
2025-11-18 15:13:16.687140,599617525013101141,-24.00
2025-11-18 15:13:16.687140,599617525013101141,-19.00
2025-11-18 15:13:16.687140,599617525013101141,-12.00
2025-11-18 15:13:16.687140,599617525013101141,-4.00
2025-11-18 15:13:16.687140,599617525013101141,9.00
2025-11-18 15:13:16.687140,599617525013101141,16.00
2025-11-18 15:13:16.687140,599617525013101141,9.00
2025-11-18 15:13:16.687140,599617525013101141,-7.00
2025-11-18 15:13:16.687140,599617525013101141,-16.00
2025-11-18 15:13:16.687140,599617525013101141,-16.00
2025-11-18 15:13:16.687140,599617525013101141,-21.00
2025-11-18 15:13:16.687140,599617525013101141,-26.00
2025-11-18 15:13:16.687140,599617525013101141,-26.00
2025-11-18 15:13:16.687140,599617525013101141,-26.00
2025-11-18 15:13:16.687140,599617525013101141,-28.00
2025-11-18 15:13:16.687140,599617525013101141,-33.00
2025-11-18 15:13:16.687140,599617525013101141,-33.00
2025-11-18 15:13:16.687140,599617525013101141,-31.00
2025-11-18 15:13:16.687140,599617525013101141,-28.00
2025-11-18 15:13:16.687140,599617525013101141,-28.00
2025-11-18 15:13:16.687140,599617525013101141,-45.00
2025-11-18 15:13:16.687140,599617525013101141,-60.00
2025-11-18 15:13:16.687140,599617525013101141,21.00
2025-11-18 15:13:16.687140,599617525013101141,236.00
2025-11-18 15:13:16.687140,599617525013101141,476.00
2025-11-18 15:13:16.687140,599617525013101141,517.00
2025-11-18 15:13:16.687140,599617525013101141,207.00
2025-11-18 15:13:16.687140,599617525013101141,-166.00
2025-11-18 15:13:16.687140,599617525013101141,-228.00
2025-11-18 15:13:16.687140,599617525013101141,-132.00
2025-11-18 15:13:16.687140,599617525013101141,-103.00
2025-11-18 15:13:16.687140,599617525013101141,-77.00
2025-11-18 15:13:16.687140,599617525013101141,-40.00
2025-11-18 15:13:16.687140,599617525013101141,-45.00
2025-11-18 15:13:16.687140,599617525013101141,-48.00
2025-11-18 15:13:16.687140,599617525013101141,-33.00
2025-11-18 15:13:16.687140,599617525013101141,-26.00
2025-11-18 15:13:16.687140,599617525013101141,-24.00
2025-11-18 15:13:16.687140,599617525013101141,-16.00
2025-11-18 15:13:16.687140,599617525013101141,-12.00
2025-11-18 15:13:16.687140,599617525013101141,-12.00
2025-11-18 15:13:16.687140,599617525013101141,-9.00
2025-11-18 15:13:16.687140,599617525013101141,-4.00
2025-11-18 15:13:16.687140,599617525013101141,0.00
2025-11-18 15:13:16.687140,599617525013101141,7.00
2025-11-18 15:13:16.687140,599617525013101141,14.00
2025-11-18 15:13:16.687140,599617525013101141,19.00
2025-11-18 15:13:16.687140,599617525013101141,24.00
2025-11-18 15:13:16.687140,599617525013101141,31.00
2025-11-18 15:13:16.687140,599617525013101141,36.00
2025-11-18 15:13:16.687140,599617525013101141,43.00
2025-11-18 15:13:16.687140,599617525013101141,57.00
2025-11-18 15:13:16.687140,599617525013101141,72.00
2025-11-18 15:13:16.687140,599617525013101141,81.00
2025-11-18 15:13:16.687140,599617525013101141,86.00
2025-11-18 15:13:16.687140,599617525013101141,98.00
2025-11-18 15:13:16.687140,599617525013101141,115.00
2025-11-18 15:13:16.687140,599617525013101141,120.00
2025-11-18 15:13:16.687140,599617525013101141,125.00
2025-11-18 15:13:16.687140,599617525013101141,130.00
2025-11-18 15:13:16.687140,599617525013101141,125.00
2025-11-18 15:13:16.687140,599617525013101141,113.00
2025-11-18 15:13:16.687140,599617525013101141,96.00
2025-11-18 15:13:16.687140,599617525013101141,67.00
2025-11-18 15:13:16.687140,599617525013101141,26.00
2025-11-18 15:13:16.687140,599617525013101141,-7.00
2025-11-18 15:13:16.687140,599617525013101141,-38.00
2025-11-18 15:13:16.687140,599617525013101141,-65.00
2025-11-18 15:13:16.687140,599617525013101141,-84.00
2025-11-18 15:13:16.687140,599617525013101141,-101.00
2025-11-18 15:13:17.225313,599617525573782924,-118.00
2025-11-18 15:13:17.225313,599617525573782924,-122.00
2025-11-18 15:13:17.225313,599617525573782924,-120.00
2025-11-18 15:13:17.225313,599617525573782924,-118.00
2025-11-18 15:13:17.225313,599617525573782924,-115.00
2025-11-18 15:13:17.225313,599617525573782924,-113.00
2025-11-18 15:13:17.225313,599617525573782924,-108.00
2025-11-18 15:13:17.225313,599617525573782924,-98.00
2025-11-18 15:13:17.225313,599617525573782924,-93.00
2025-11-18 15:13:17.225313,599617525573782924,-93.00
2025-11-18 15:13:17.225313,599617525573782924,-93.00
2025-11-18 15:13:17.225313,599617525573782924,-89.00
2025-11-18 15:13:17.225313,599617525573782924,-77.00
2025-11-18 15:13:17.225313,599617525573782924,-67.00
2025-11-18 15:13:17.225313,599617525573782924,-65.00
2025-11-18 15:13:17.225313,599617525573782924,-67.00
2025-11-18 15:13:17.225313,599617525573782924,-67.00
2025-11-18 15:13:17.225313,599617525573782924,-67.00
2025-11-18 15:13:17.225313,599617525573782924,-60.00
2025-11-18 15:13:17.225313,599617525573782924,-57.00
2025-11-18 15:13:17.225313,599617525573782924,-62.00
2025-11-18 15:13:17.225313,599617525573782924,-65.00
2025-11-18 15:13:17.225313,599617525573782924,-65.00
2025-11-18 15:13:17.225313,599617525573782924,-62.00
2025-11-18 15:13:17.225313,599617525573782924,-65.00
2025-11-18 15:13:17.225313,599617525573782924,-67.00
2025-11-18 15:13:17.225313,599617525573782924,-67.00
2025-11-18 15:13:17.225313,599617525573782924,-62.00
2025-11-18 15:13:17.225313,599617525573782924,-60.00
2025-11-18 15:13:17.225313,599617525573782924,-65.00
2025-11-18 15:13:17.225313,599617525573782924,-67.00
2025-11-18 15:13:17.225313,599617525573782924,-67.00
2025-11-18 15:13:17.225313,599617525573782924,-69.00
2025-11-18 15:13:17.225313,599617525573782924,-72.00
2025-11-18 15:13:17.225313,599617525573782924,-69.00
2025-11-18 15:13:17.225313,599617525573782924,-65.00
2025-11-18 15:13:17.225313,599617525573782924,-57.00
2025-11-18 15:13:17.225313,599617525573782924,-57.00
2025-11-18 15:13:17.225313,599617525573782924,-57.00
2025-11-18 15:13:17.225313,599617525573782924,-57.00
2025-11-18 15:13:17.225313,599617525573782924,-57.00
2025-11-18 15:13:17.225313,599617525573782924,-62.00
2025-11-18 15:13:17.225313,599617525573782924,-65.00
2025-11-18 15:13:17.225313,599617525573782924,-57.00
2025-11-18 15:13:17.225313,599617525573782924,-48.00
2025-11-18 15:13:17.225313,599617525573782924,-48.00
2025-11-18 15:13:17.225313,599617525573782924,-55.00
2025-11-18 15:13:17.225313,599617525573782924,-62.00
2025-11-18 15:13:17.225313,599617525573782924,-57.00
2025-11-18 15:13:17.225313,599617525573782924,-52.00
2025-11-18 15:13:17.225313,599617525573782924,-52.00
2025-11-18 15:13:17.225313,599617525573782924,-52.00
2025-11-18 15:13:17.225313,599617525573782924,-55.00
2025-11-18 15:13:17.225313,599617525573782924,-57.00
2025-11-18 15:13:17.225313,599617525573782924,-50.00
2025-11-18 15:13:17.225313,599617525573782924,-45.00
2025-11-18 15:13:17.225313,599617525573782924,-52.00
2025-11-18 15:13:17.225313,599617525573782924,-55.00
2025-11-18 15:13:17.225313,599617525573782924,-48.00
2025-11-18 15:13:17.225313,599617525573782924,-48.00
2025-11-18 15:13:17.225313,599617525573782924,-52.00
2025-11-18 15:13:17.225313,599617525573782924,-48.00
2025-11-18 15:13:17.225313,599617525573782924,-50.00
2025-11-18 15:13:17.225313,599617525573782924,-50.00
2025-11-18 15:13:17.225313,599617525573782924,-48.00
2025-11-18 15:13:17.225313,599617525573782924,-45.00
2025-11-18 15:13:17.225313,599617525573782924,-48.00
2025-11-18 15:13:17.225313,599617525573782924,-50.00
2025-11-18 15:13:17.225313,599617525573782924,-48.00
2025-11-18 15:13:17.225313,599617525573782924,-43.00
2025-11-18 15:13:17.225313,599617525573782924,-43.00
2025-11-18 15:13:17.225313,599617525573782924,-48.00
2025-11-18 15:13:17.225313,599617525573782924,-48.00
2025-11-18 15:13:17.795815,599617526134479965,-40.00
2025-11-18 15:13:17.795815,599617526134479965,-38.00
2025-11-18 15:13:17.795815,599617526134479965,-43.00
2025-11-18 15:13:17.795815,599617526134479965,-48.00
2025-11-18 15:13:17.795815,599617526134479965,-45.00
2025-11-18 15:13:17.795815,599617526134479965,-38.00
2025-11-18 15:13:17.795815,599617526134479965,-33.00
2025-11-18 15:13:17.795815,599617526134479965,-28.00
2025-11-18 15:13:17.795815,599617526134479965,-19.00
2025-11-18 15:13:17.795815,599617526134479965,-4.00
2025-11-18 15:13:17.795815,599617526134479965,0.00
2025-11-18 15:13:17.795815,599617526134479965,-9.00
2025-11-18 15:13:17.795815,599617526134479965,-24.00
2025-11-18 15:13:17.795815,599617526134479965,-28.00
2025-11-18 15:13:17.795815,599617526134479965,-31.00
2025-11-18 15:13:17.795815,599617526134479965,-36.00
2025-11-18 15:13:17.795815,599617526134479965,-36.00
2025-11-18 15:13:17.795815,599617526134479965,-33.00
2025-11-18 15:13:17.795815,599617526134479965,-43.00
2025-11-18 15:13:17.795815,599617526134479965,-50.00
2025-11-18 15:13:17.795815,599617526134479965,-43.00
2025-11-18 15:13:17.795815,599617526134479965,-40.00
2025-11-18 15:13:17.795815,599617526134479965,-38.00
2025-11-18 15:13:17.795815,599617526134479965,-43.00
2025-11-18 15:13:17.795815,599617526134479965,-60.00
2025-11-18 15:13:17.795815,599617526134479965,-84.00
2025-11-18 15:13:17.795815,599617526134479965,-40.00
2025-11-18 15:13:17.795815,599617526134479965,139.00
2025-11-18 15:13:17.795815,599617526134479965,397.00
2025-11-18 15:13:17.795815,599617526134479965,520.00
2025-11-18 15:13:17.795815,599617526134479965,269.00
2025-11-18 15:13:17.795815,599617526134479965,-185.00
2025-11-18 15:13:17.795815,599617526134479965,-344.00
2025-11-18 15:13:17.795815,599617526134479965,-224.00
2025-11-18 15:13:17.795815,599617526134479965,-149.00
2025-11-18 15:13:17.795815,599617526134479965,-120.00
2025-11-18 15:13:17.795815,599617526134479965,-69.00
2025-11-18 15:13:17.795815,599617526134479965,-55.00
2025-11-18 15:13:17.795815,599617526134479965,-65.00
2025-11-18 15:13:17.795815,599617526134479965,-48.00
2025-11-18 15:13:17.795815,599617526134479965,-31.00
2025-11-18 15:13:17.795815,599617526134479965,-31.00
2025-11-18 15:13:17.795815,599617526134479965,-31.00
2025-11-18 15:13:17.795815,599617526134479965,-24.00
2025-11-18 15:13:17.795815,599617526134479965,-16.00
2025-11-18 15:13:17.795815,599617526134479965,-16.00
2025-11-18 15:13:17.795815,599617526134479965,-12.00
2025-11-18 15:13:17.795815,599617526134479965,0.00
2025-11-18 15:13:17.795815,599617526134479965,7.00
2025-11-18 15:13:17.795815,599617526134479965,7.00
2025-11-18 15:13:17.795815,599617526134479965,16.00
2025-11-18 15:13:17.795815,599617526134479965,26.00
2025-11-18 15:13:17.795815,599617526134479965,31.00
2025-11-18 15:13:17.795815,599617526134479965,33.00
2025-11-18 15:13:17.795815,599617526134479965,40.00
2025-11-18 15:13:17.795815,599617526134479965,55.00
2025-11-18 15:13:17.795815,599617526134479965,67.00
2025-11-18 15:13:17.795815,599617526134479965,77.00
2025-11-18 15:13:17.795815,599617526134479965,89.00
2025-11-18 15:13:17.795815,599617526134479965,101.00
2025-11-18 15:13:17.795815,599617526134479965,115.00
2025-11-18 15:13:17.795815,599617526134479965,127.00
2025-11-18 15:13:17.795815,599617526134479965,134.00
2025-11-18 15:13:17.795815,599617526134479965,134.00
2025-11-18 15:13:17.795815,599617526134479965,130.00
2025-11-18 15:13:17.795815,599617526134479965,120.00
2025-11-18 15:13:17.795815,599617526134479965,101.00
2025-11-18 15:13:17.795815,599617526134479965,72.00
2025-11-18 15:13:17.795815,599617526134479965,38.00
2025-11-18 15:13:17.795815,599617526134479965,2.00
2025-11-18 15:13:17.795815,599617526134479965,-31.00
2025-11-18 15:13:17.795815,599617526134479965,-60.00
2025-11-18 15:13:17.795815,599617526134479965,-81.00
2025-11-18 15:13:18.335654,599617526695177006,-98.00
2025-11-18 15:13:18.335654,599617526695177006,-110.00
2025-11-18 15:13:18.335654,599617526695177006,-118.00
2025-11-18 15:13:18.335654,599617526695177006,-120.00
2025-11-18 15:13:18.335654,599617526695177006,-118.00
2025-11-18 15:13:18.335654,599617526695177006,-113.00
2025-11-18 15:13:18.335654,599617526695177006,-105.00
2025-11-18 15:13:18.335654,599617526695177006,-103.00
2025-11-18 15:13:18.335654,599617526695177006,-101.00
2025-11-18 15:13:18.335654,599617526695177006,-96.00
2025-11-18 15:13:18.335654,599617526695177006,-91.00
2025-11-18 15:13:18.335654,599617526695177006,-84.00
2025-11-18 15:13:18.335654,599617526695177006,-77.00
2025-11-18 15:13:18.335654,599617526695177006,-69.00
2025-11-18 15:13:18.335654,599617526695177006,-72.00
2025-11-18 15:13:18.335654,599617526695177006,-72.00
2025-11-18 15:13:18.335654,599617526695177006,-67.00
2025-11-18 15:13:18.335654,599617526695177006,-60.00
2025-11-18 15:13:18.335654,599617526695177006,-62.00
2025-11-18 15:13:18.335654,599617526695177006,-65.00
2025-11-18 15:13:18.335654,599617526695177006,-65.00
2025-11-18 15:13:18.335654,599617526695177006,-62.00
2025-11-18 15:13:18.335654,599617526695177006,-60.00
2025-11-18 15:13:18.335654,599617526695177006,-57.00
2025-11-18 15:13:18.335654,599617526695177006,-60.00
2025-11-18 15:13:18.335654,599617526695177006,-62.00
2025-11-18 15:13:18.335654,599617526695177006,-62.00
2025-11-18 15:13:18.335654,599617526695177006,-60.00
2025-11-18 15:13:18.335654,599617526695177006,-60.00
2025-11-18 15:13:18.335654,599617526695177006,-60.00
2025-11-18 15:13:18.335654,599617526695177006,-57.00
2025-11-18 15:13:18.335654,599617526695177006,-55.00
2025-11-18 15:13:18.335654,599617526695177006,-55.00
2025-11-18 15:13:18.335654,599617526695177006,-52.00
2025-11-18 15:13:18.335654,599617526695177006,-50.00
2025-11-18 15:13:18.335654,599617526695177006,-50.00
2025-11-18 15:13:18.335654,599617526695177006,-52.00
2025-11-18 15:13:18.335654,599617526695177006,-55.00
2025-11-18 15:13:18.335654,599617526695177006,-50.00
2025-11-18 15:13:18.335654,599617526695177006,-48.00
2025-11-18 15:13:18.335654,599617526695177006,-48.00
2025-11-18 15:13:18.335654,599617526695177006,-43.00
2025-11-18 15:13:18.335654,599617526695177006,-43.00
2025-11-18 15:13:18.335654,599617526695177006,-40.00
2025-11-18 15:13:18.335654,599617526695177006,-33.00
2025-11-18 15:13:18.335654,599617526695177006,-31.00
2025-11-18 15:13:18.335654,599617526695177006,-31.00
2025-11-18 15:13:18.335654,599617526695177006,-33.00
2025-11-18 15:13:18.335654,599617526695177006,-38.00
2025-11-18 15:13:18.335654,599617526695177006,-38.00
2025-11-18 15:13:18.335654,599617526695177006,-33.00
2025-11-18 15:13:18.335654,599617526695177006,-28.00
2025-11-18 15:13:18.335654,599617526695177006,-26.00
2025-11-18 15:13:18.335654,599617526695177006,-28.00
2025-11-18 15:13:18.335654,599617526695177006,-31.00
2025-11-18 15:13:18.335654,599617526695177006,-28.00
2025-11-18 15:13:18.335654,599617526695177006,-28.00
2025-11-18 15:13:18.335654,599617526695177006,-26.00
2025-11-18 15:13:18.335654,599617526695177006,-26.00
2025-11-18 15:13:18.335654,599617526695177006,-28.00
2025-11-18 15:13:18.335654,599617526695177006,-31.00
2025-11-18 15:13:18.335654,599617526695177006,-33.00
2025-11-18 15:13:18.335654,599617526695177006,-31.00
2025-11-18 15:13:18.335654,599617526695177006,-28.00
2025-11-18 15:13:18.335654,599617526695177006,-26.00
2025-11-18 15:13:18.335654,599617526695177006,-21.00
2025-11-18 15:13:18.335654,599617526695177006,-16.00
2025-11-18 15:13:18.335654,599617526695177006,-4.00
2025-11-18 15:13:18.335654,599617526695177006,4.00
2025-11-18 15:13:18.335654,599617526695177006,2.00
2025-11-18 15:13:18.335654,599617526695177006,-4.00
2025-11-18 15:13:18.335654,599617526695177006,-14.00
2025-11-18 15:13:18.335654,599617526695177006,-24.00
2025-11-18 15:13:18.967057,599617527255874049,-28.00
2025-11-18 15:13:18.967057,599617527255874049,-36.00
2025-11-18 15:13:18.967057,599617527255874049,-43.00
2025-11-18 15:13:18.967057,599617527255874049,-43.00
2025-11-18 15:13:18.967057,599617527255874049,-40.00
2025-11-18 15:13:18.967057,599617527255874049,-40.00
2025-11-18 15:13:18.967057,599617527255874049,-45.00
2025-11-18 15:13:18.967057,599617527255874049,-48.00
2025-11-18 15:13:18.967057,599617527255874049,-50.00
2025-11-18 15:13:18.967057,599617527255874049,-52.00
2025-11-18 15:13:18.967057,599617527255874049,-55.00
2025-11-18 15:13:18.967057,599617527255874049,-74.00
2025-11-18 15:13:18.967057,599617527255874049,-74.00
2025-11-18 15:13:18.967057,599617527255874049,31.00
2025-11-18 15:13:18.967057,599617527255874049,267.00
2025-11-18 15:13:18.967057,599617527255874049,501.00
2025-11-18 15:13:18.967057,599617527255874049,481.00
2025-11-18 15:13:18.967057,599617527255874049,103.00
2025-11-18 15:13:18.967057,599617527255874049,-243.00
2025-11-18 15:13:18.967057,599617527255874049,-248.00
2025-11-18 15:13:18.967057,599617527255874049,-149.00
2025-11-18 15:13:18.967057,599617527255874049,-125.00
2025-11-18 15:13:18.967057,599617527255874049,-93.00
2025-11-18 15:13:18.967057,599617527255874049,-62.00
2025-11-18 15:13:18.967057,599617527255874049,-72.00
2025-11-18 15:13:18.967057,599617527255874049,-72.00
2025-11-18 15:13:18.967057,599617527255874049,-50.00
2025-11-18 15:13:18.967057,599617527255874049,-45.00
2025-11-18 15:13:18.967057,599617527255874049,-52.00
2025-11-18 15:13:18.967057,599617527255874049,-45.00
2025-11-18 15:13:18.967057,599617527255874049,-38.00
2025-11-18 15:13:18.967057,599617527255874049,-38.00
2025-11-18 15:13:18.967057,599617527255874049,-36.00
2025-11-18 15:13:18.967057,599617527255874049,-28.00
2025-11-18 15:13:18.967057,599617527255874049,-24.00
2025-11-18 15:13:18.967057,599617527255874049,-16.00
2025-11-18 15:13:18.967057,599617527255874049,-12.00
2025-11-18 15:13:18.967057,599617527255874049,-12.00
2025-11-18 15:13:18.967057,599617527255874049,-7.00
2025-11-18 15:13:18.967057,599617527255874049,4.00
2025-11-18 15:13:18.967057,599617527255874049,16.00
2025-11-18 15:13:18.967057,599617527255874049,26.00
2025-11-18 15:13:18.967057,599617527255874049,28.00
2025-11-18 15:13:18.967057,599617527255874049,40.00
2025-11-18 15:13:18.967057,599617527255874049,52.00
2025-11-18 15:13:18.967057,599617527255874049,65.00
2025-11-18 15:13:18.967057,599617527255874049,77.00
2025-11-18 15:13:18.967057,599617527255874049,91.00
2025-11-18 15:13:18.967057,599617527255874049,103.00
2025-11-18 15:13:18.967057,599617527255874049,108.00
2025-11-18 15:13:18.967057,599617527255874049,103.00
2025-11-18 15:13:18.967057,599617527255874049,98.00
2025-11-18 15:13:18.967057,599617527255874049,84.00
2025-11-18 15:13:18.967057,599617527255874049,60.00
2025-11-18 15:13:18.967057,599617527255874049,28.00
2025-11-18 15:13:18.967057,599617527255874049,-9.00
2025-11-18 15:13:18.967057,599617527255874049,-48.00
2025-11-18 15:13:18.967057,599617527255874049,-86.00
2025-11-18 15:13:18.967057,599617527255874049,-113.00
2025-11-18 15:13:18.967057,599617527255874049,-130.00
2025-11-18 15:13:18.967057,599617527255874049,-139.00
2025-11-18 15:13:18.967057,599617527255874049,-144.00
2025-11-18 15:13:18.967057,599617527255874049,-144.00
2025-11-18 15:13:18.967057,599617527255874049,-144.00
2025-11-18 15:13:18.967057,599617527255874049,-144.00
2025-11-18 15:13:18.967057,599617527255874049,-139.00
2025-11-18 15:13:18.967057,599617527255874049,-132.00
2025-11-18 15:13:18.967057,599617527255874049,-130.00
2025-11-18 15:13:18.967057,599617527255874049,-132.00
2025-11-18 15:13:18.967057,599617527255874049,-127.00
2025-11-18 15:13:18.967057,599617527255874049,-118.00
2025-11-18 15:13:18.967057,599617527255874049,-115.00
2025-11-18 15:13:18.967057,599617527255874049,-110.00
2025-11-18 15:13:19.506277,599617527816550744,-103.00
2025-11-18 15:13:19.506277,599617527816550744,-96.00
2025-11-18 15:13:19.506277,599617527816550744,-91.00
2025-11-18 15:13:19.506277,599617527816550744,-86.00
2025-11-18 15:13:19.506277,599617527816550744,-89.00
2025-11-18 15:13:19.506277,599617527816550744,-89.00
2025-11-18 15:13:19.506277,599617527816550744,-86.00
2025-11-18 15:13:19.506277,599617527816550744,-81.00
2025-11-18 15:13:19.506277,599617527816550744,-84.00
2025-11-18 15:13:19.506277,599617527816550744,-89.00
2025-11-18 15:13:19.506277,599617527816550744,-86.00
2025-11-18 15:13:19.506277,599617527816550744,-86.00
2025-11-18 15:13:19.506277,599617527816550744,-86.00
2025-11-18 15:13:19.506277,599617527816550744,-89.00
2025-11-18 15:13:19.506277,599617527816550744,-86.00
2025-11-18 15:13:19.506277,599617527816550744,-84.00
2025-11-18 15:13:19.506277,599617527816550744,-86.00
2025-11-18 15:13:19.506277,599617527816550744,-89.00
2025-11-18 15:13:19.506277,599617527816550744,-86.00
2025-11-18 15:13:19.506277,599617527816550744,-84.00
2025-11-18 15:13:19.506277,599617527816550744,-81.00
2025-11-18 15:13:19.506277,599617527816550744,-81.00
2025-11-18 15:13:19.506277,599617527816550744,-86.00
2025-11-18 15:13:19.506277,599617527816550744,-84.00
2025-11-18 15:13:19.506277,599617527816550744,-81.00
2025-11-18 15:13:19.506277,599617527816550744,-79.00
2025-11-18 15:13:19.506277,599617527816550744,-79.00
2025-11-18 15:13:19.506277,599617527816550744,-79.00
2025-11-18 15:13:19.506277,599617527816550744,-74.00
2025-11-18 15:13:19.506277,599617527816550744,-74.00
2025-11-18 15:13:19.506277,599617527816550744,-69.00
2025-11-18 15:13:19.506277,599617527816550744,-69.00
2025-11-18 15:13:19.506277,599617527816550744,-74.00
2025-11-18 15:13:19.506277,599617527816550744,-74.00
2025-11-18 15:13:19.506277,599617527816550744,-72.00
2025-11-18 15:13:19.506277,599617527816550744,-74.00
2025-11-18 15:13:19.506277,599617527816550744,-72.00
2025-11-18 15:13:19.506277,599617527816550744,-72.00
2025-11-18 15:13:19.506277,599617527816550744,-74.00
2025-11-18 15:13:19.506277,599617527816550744,-72.00
2025-11-18 15:13:19.506277,599617527816550744,-72.00
2025-11-18 15:13:19.506277,599617527816550744,-72.00
2025-11-18 15:13:19.506277,599617527816550744,-69.00
2025-11-18 15:13:19.506277,599617527816550744,-67.00
2025-11-18 15:13:19.506277,599617527816550744,-69.00
2025-11-18 15:13:19.506277,599617527816550744,-67.00
2025-11-18 15:13:19.506277,599617527816550744,-67.00
2025-11-18 15:13:19.506277,599617527816550744,-67.00
2025-11-18 15:13:19.506277,599617527816550744,-67.00
2025-11-18 15:13:19.506277,599617527816550744,-67.00
2025-11-18 15:13:19.506277,599617527816550744,-69.00
2025-11-18 15:13:19.506277,599617527816550744,-69.00
2025-11-18 15:13:19.506277,599617527816550744,-65.00
2025-11-18 15:13:19.506277,599617527816550744,-65.00
2025-11-18 15:13:19.506277,599617527816550744,-67.00
2025-11-18 15:13:19.506277,599617527816550744,-65.00
2025-11-18 15:13:19.506277,599617527816550744,-62.00
2025-11-18 15:13:19.506277,599617527816550744,-62.00
2025-11-18 15:13:19.506277,599617527816550744,-62.00
2025-11-18 15:13:19.506277,599617527816550744,-60.00
2025-11-18 15:13:19.506277,599617527816550744,-57.00
2025-11-18 15:13:19.506277,599617527816550744,-60.00
2025-11-18 15:13:19.506277,599617527816550744,-62.00
2025-11-18 15:13:19.506277,599617527816550744,-60.00
2025-11-18 15:13:19.506277,599617527816550744,-52.00
2025-11-18 15:13:19.506277,599617527816550744,-36.00
2025-11-18 15:13:19.506277,599617527816550744,-24.00
2025-11-18 15:13:19.506277,599617527816550744,-26.00
2025-11-18 15:13:19.506277,599617527816550744,-38.00
2025-11-18 15:13:19.506277,599617527816550744,-48.00
2025-11-18 15:13:19.506277,599617527816550744,-55.00
2025-11-18 15:13:19.506277,599617527816550744,-57.00
2025-11-18 15:13:19.506277,599617527816550744,-57.00
2025-11-18 15:13:20.046517,599617528377237613,-52.00
2025-11-18 15:13:20.046517,599617528377237613,-55.00
2025-11-18 15:13:20.046517,599617528377237613,-65.00
2025-11-18 15:13:20.046517,599617528377237613,-67.00
2025-11-18 15:13:20.046517,599617528377237613,-67.00
2025-11-18 15:13:20.046517,599617528377237613,-67.00
2025-11-18 15:13:20.046517,599617528377237613,-65.00
2025-11-18 15:13:20.046517,599617528377237613,-62.00
2025-11-18 15:13:20.046517,599617528377237613,-77.00
2025-11-18 15:13:20.046517,599617528377237613,-98.00
2025-11-18 15:13:20.046517,599617528377237613,-52.00
2025-11-18 15:13:20.046517,599617528377237613,127.00
2025-11-18 15:13:20.046517,599617528377237613,375.00
2025-11-18 15:13:20.046517,599617528377237613,508.00
2025-11-18 15:13:20.046517,599617528377237613,298.00
2025-11-18 15:13:20.046517,599617528377237613,-125.00
2025-11-18 15:13:20.046517,599617528377237613,-296.00
2025-11-18 15:13:20.046517,599617528377237613,-202.00
2025-11-18 15:13:20.046517,599617528377237613,-146.00
2025-11-18 15:13:20.046517,599617528377237613,-132.00
2025-11-18 15:13:20.046517,599617528377237613,-93.00
2025-11-18 15:13:20.046517,599617528377237613,-89.00
2025-11-18 15:13:20.046517,599617528377237613,-98.00
2025-11-18 15:13:20.046517,599617528377237613,-81.00
2025-11-18 15:13:20.046517,599617528377237613,-67.00
2025-11-18 15:13:20.046517,599617528377237613,-67.00
2025-11-18 15:13:20.046517,599617528377237613,-65.00
2025-11-18 15:13:20.046517,599617528377237613,-60.00
2025-11-18 15:13:20.046517,599617528377237613,-57.00
2025-11-18 15:13:20.046517,599617528377237613,-55.00
2025-11-18 15:13:20.046517,599617528377237613,-48.00
2025-11-18 15:13:20.046517,599617528377237613,-40.00
2025-11-18 15:13:20.046517,599617528377237613,-36.00
2025-11-18 15:13:20.046517,599617528377237613,-31.00
2025-11-18 15:13:20.046517,599617528377237613,-24.00
2025-11-18 15:13:20.046517,599617528377237613,-16.00
2025-11-18 15:13:20.046517,599617528377237613,-9.00
2025-11-18 15:13:20.046517,599617528377237613,-7.00
2025-11-18 15:13:20.046517,599617528377237613,-7.00
2025-11-18 15:13:20.046517,599617528377237613,4.00
2025-11-18 15:13:20.046517,599617528377237613,21.00
2025-11-18 15:13:20.046517,599617528377237613,31.00
2025-11-18 15:13:20.046517,599617528377237613,40.00
2025-11-18 15:13:20.046517,599617528377237613,60.00
2025-11-18 15:13:20.046517,599617528377237613,79.00
2025-11-18 15:13:20.046517,599617528377237613,86.00
2025-11-18 15:13:20.046517,599617528377237613,91.00
2025-11-18 15:13:20.046517,599617528377237613,98.00
2025-11-18 15:13:20.046517,599617528377237613,96.00
2025-11-18 15:13:20.046517,599617528377237613,86.00
2025-11-18 15:13:20.046517,599617528377237613,67.00
2025-11-18 15:13:20.046517,599617528377237613,45.00
2025-11-18 15:13:20.046517,599617528377237613,14.00
2025-11-18 15:13:20.046517,599617528377237613,-26.00
2025-11-18 15:13:20.046517,599617528377237613,-60.00
2025-11-18 15:13:20.046517,599617528377237613,-86.00
2025-11-18 15:13:20.046517,599617528377237613,-115.00
2025-11-18 15:13:20.046517,599617528377237613,-134.00
2025-11-18 15:13:20.046517,599617528377237613,-142.00
2025-11-18 15:13:20.046517,599617528377237613,-146.00
2025-11-18 15:13:20.046517,599617528377237613,-156.00
2025-11-18 15:13:20.046517,599617528377237613,-158.00
2025-11-18 15:13:20.046517,599617528377237613,-154.00
2025-11-18 15:13:20.046517,599617528377237613,-149.00
2025-11-18 15:13:20.046517,599617528377237613,-142.00
2025-11-18 15:13:20.046517,599617528377237613,-132.00
2025-11-18 15:13:20.046517,599617528377237613,-127.00
2025-11-18 15:13:20.046517,599617528377237613,-122.00
2025-11-18 15:13:20.046517,599617528377237613,-113.00
2025-11-18 15:13:20.046517,599617528377237613,-110.00
2025-11-18 15:13:20.046517,599617528377237613,-113.00
2025-11-18 15:13:20.046517,599617528377237613,-105.00
2025-11-18 15:13:20.046517,599617528377237613,-93.00
2025-11-18 15:13:20.618367,599617528937934654,-93.00
2025-11-18 15:13:20.618367,599617528937934654,-93.00
2025-11-18 15:13:20.618367,599617528937934654,-86.00
2025-11-18 15:13:20.618367,599617528937934654,-79.00
2025-11-18 15:13:20.618367,599617528937934654,-81.00
2025-11-18 15:13:20.618367,599617528937934654,-79.00
2025-11-18 15:13:20.618367,599617528937934654,-79.00
2025-11-18 15:13:20.618367,599617528937934654,-81.00
2025-11-18 15:13:20.618367,599617528937934654,-81.00
2025-11-18 15:13:20.618367,599617528937934654,-74.00
2025-11-18 15:13:20.618367,599617528937934654,-74.00
2025-11-18 15:13:20.618367,599617528937934654,-77.00
2025-11-18 15:13:20.618367,599617528937934654,-77.00
2025-11-18 15:13:20.618367,599617528937934654,-74.00
2025-11-18 15:13:20.618367,599617528937934654,-77.00
2025-11-18 15:13:20.618367,599617528937934654,-77.00
2025-11-18 15:13:20.618367,599617528937934654,-74.00
2025-11-18 15:13:20.618367,599617528937934654,-74.00
2025-11-18 15:13:20.618367,599617528937934654,-74.00
2025-11-18 15:13:20.618367,599617528937934654,-72.00
2025-11-18 15:13:20.618367,599617528937934654,-69.00
2025-11-18 15:13:20.618367,599617528937934654,-72.00
2025-11-18 15:13:20.618367,599617528937934654,-69.00
2025-11-18 15:13:20.618367,599617528937934654,-67.00
2025-11-18 15:13:20.618367,599617528937934654,-69.00
2025-11-18 15:13:20.618367,599617528937934654,-72.00
2025-11-18 15:13:20.618367,599617528937934654,-67.00
2025-11-18 15:13:20.618367,599617528937934654,-65.00
2025-11-18 15:13:20.618367,599617528937934654,-65.00
2025-11-18 15:13:20.618367,599617528937934654,-67.00
2025-11-18 15:13:20.618367,599617528937934654,-65.00
2025-11-18 15:13:20.618367,599617528937934654,-57.00
2025-11-18 15:13:20.618367,599617528937934654,-62.00
2025-11-18 15:13:20.618367,599617528937934654,-72.00
2025-11-18 15:13:20.618367,599617528937934654,-67.00
2025-11-18 15:13:20.618367,599617528937934654,-62.00
2025-11-18 15:13:20.618367,599617528937934654,-60.00
2025-11-18 15:13:20.618367,599617528937934654,-60.00
2025-11-18 15:13:20.618367,599617528937934654,-60.00
2025-11-18 15:13:20.618367,599617528937934654,-57.00
2025-11-18 15:13:20.618367,599617528937934654,-57.00
2025-11-18 15:13:20.618367,599617528937934654,-55.00
2025-11-18 15:13:20.618367,599617528937934654,-52.00
2025-11-18 15:13:20.618367,599617528937934654,-57.00
2025-11-18 15:13:20.618367,599617528937934654,-65.00
2025-11-18 15:13:20.618367,599617528937934654,-65.00
2025-11-18 15:13:20.618367,599617528937934654,-62.00
2025-11-18 15:13:20.618367,599617528937934654,-67.00
2025-11-18 15:13:20.618367,599617528937934654,-60.00
2025-11-18 15:13:20.618367,599617528937934654,-45.00
2025-11-18 15:13:20.618367,599617528937934654,-38.00
2025-11-18 15:13:20.618367,599617528937934654,-31.00
2025-11-18 15:13:20.618367,599617528937934654,-21.00
2025-11-18 15:13:20.618367,599617528937934654,-24.00
2025-11-18 15:13:20.618367,599617528937934654,-33.00
2025-11-18 15:13:20.618367,599617528937934654,-40.00
2025-11-18 15:13:20.618367,599617528937934654,-45.00
2025-11-18 15:13:20.618367,599617528937934654,-50.00
2025-11-18 15:13:20.618367,599617528937934654,-52.00
2025-11-18 15:13:20.618367,599617528937934654,-55.00
2025-11-18 15:13:20.618367,599617528937934654,-57.00
2025-11-18 15:13:20.618367,599617528937934654,-57.00
2025-11-18 15:13:20.618367,599617528937934654,-60.00
2025-11-18 15:13:20.618367,599617528937934654,-55.00
2025-11-18 15:13:20.618367,599617528937934654,-52.00
2025-11-18 15:13:20.618367,599617528937934654,-57.00
2025-11-18 15:13:20.618367,599617528937934654,-65.00
2025-11-18 15:13:20.618367,599617528937934654,-81.00
2025-11-18 15:13:20.618367,599617528937934654,-69.00
2025-11-18 15:13:20.618367,599617528937934654,72.00
2025-11-18 15:13:20.618367,599617528937934654,334.00
2025-11-18 15:13:20.618367,599617528937934654,529.00
2025-11-18 15:13:20.618367,599617528937934654,395.00
2025-11-18 15:13:21.187847,599617529498631695,-69.00
2025-11-18 15:13:21.187847,599617529498631695,-356.00
2025-11-18 15:13:21.187847,599617529498631695,-274.00
2025-11-18 15:13:21.187847,599617529498631695,-166.00
2025-11-18 15:13:21.187847,599617529498631695,-137.00
2025-11-18 15:13:21.187847,599617529498631695,-84.00
2025-11-18 15:13:21.187847,599617529498631695,-48.00
2025-11-18 15:13:21.187847,599617529498631695,-62.00
2025-11-18 15:13:21.187847,599617529498631695,-57.00
2025-11-18 15:13:21.187847,599617529498631695,-33.00
2025-11-18 15:13:21.187847,599617529498631695,-28.00
2025-11-18 15:13:21.187847,599617529498631695,-28.00
2025-11-18 15:13:21.187847,599617529498631695,-21.00
2025-11-18 15:13:21.187847,599617529498631695,-16.00
2025-11-18 15:13:21.187847,599617529498631695,-12.00
2025-11-18 15:13:21.187847,599617529498631695,-4.00
2025-11-18 15:13:21.187847,599617529498631695,2.00
2025-11-18 15:13:21.187847,599617529498631695,12.00
2025-11-18 15:13:21.187847,599617529498631695,21.00
2025-11-18 15:13:21.187847,599617529498631695,21.00
2025-11-18 15:13:21.187847,599617529498631695,24.00
2025-11-18 15:13:21.187847,599617529498631695,31.00
2025-11-18 15:13:21.187847,599617529498631695,40.00
2025-11-18 15:13:21.187847,599617529498631695,50.00
2025-11-18 15:13:21.187847,599617529498631695,65.00
2025-11-18 15:13:21.187847,599617529498631695,79.00
2025-11-18 15:13:21.187847,599617529498631695,89.00
2025-11-18 15:13:21.187847,599617529498631695,98.00
2025-11-18 15:13:21.187847,599617529498631695,113.00
2025-11-18 15:13:21.187847,599617529498631695,132.00
2025-11-18 15:13:21.187847,599617529498631695,144.00
2025-11-18 15:13:21.187847,599617529498631695,151.00
2025-11-18 15:13:21.187847,599617529498631695,156.00
2025-11-18 15:13:21.187847,599617529498631695,151.00
2025-11-18 15:13:21.187847,599617529498631695,142.00
2025-11-18 15:13:21.187847,599617529498631695,125.00
2025-11-18 15:13:21.187847,599617529498631695,93.00
2025-11-18 15:13:21.187847,599617529498631695,55.00
2025-11-18 15:13:21.187847,599617529498631695,14.00
2025-11-18 15:13:21.187847,599617529498631695,-21.00
2025-11-18 15:13:21.187847,599617529498631695,-50.00
2025-11-18 15:13:21.187847,599617529498631695,-72.00
2025-11-18 15:13:21.187847,599617529498631695,-86.00
2025-11-18 15:13:21.187847,599617529498631695,-101.00
2025-11-18 15:13:21.187847,599617529498631695,-108.00
2025-11-18 15:13:21.187847,599617529498631695,-105.00
2025-11-18 15:13:21.187847,599617529498631695,-103.00
2025-11-18 15:13:21.187847,599617529498631695,-101.00
2025-11-18 15:13:21.187847,599617529498631695,-96.00
2025-11-18 15:13:21.187847,599617529498631695,-89.00
2025-11-18 15:13:21.187847,599617529498631695,-81.00
2025-11-18 15:13:21.187847,599617529498631695,-79.00
2025-11-18 15:13:21.187847,599617529498631695,-81.00
2025-11-18 15:13:21.187847,599617529498631695,-74.00
2025-11-18 15:13:21.187847,599617529498631695,-62.00
2025-11-18 15:13:21.187847,599617529498631695,-57.00
2025-11-18 15:13:21.187847,599617529498631695,-57.00
2025-11-18 15:13:21.187847,599617529498631695,-57.00
2025-11-18 15:13:21.187847,599617529498631695,-52.00
2025-11-18 15:13:21.187847,599617529498631695,-50.00
2025-11-18 15:13:21.187847,599617529498631695,-48.00
2025-11-18 15:13:21.187847,599617529498631695,-45.00
2025-11-18 15:13:21.187847,599617529498631695,-45.00
2025-11-18 15:13:21.187847,599617529498631695,-45.00
2025-11-18 15:13:21.187847,599617529498631695,-45.00
2025-11-18 15:13:21.187847,599617529498631695,-45.00
2025-11-18 15:13:21.187847,599617529498631695,-45.00
2025-11-18 15:13:21.187847,599617529498631695,-45.00
2025-11-18 15:13:21.187847,599617529498631695,-43.00
2025-11-18 15:13:21.187847,599617529498631695,-43.00
2025-11-18 15:13:21.187847,599617529498631695,-43.00
2025-11-18 15:13:21.187847,599617529498631695,-40.00
2025-11-18 15:13:21.187847,599617529498631695,-40.00
2025-11-18 15:13:21.695902,599617530059298218,-43.00
2025-11-18 15:13:21.695902,599617530059298218,-43.00
2025-11-18 15:13:21.695902,599617530059298218,-40.00
2025-11-18 15:13:21.695902,599617530059298218,-38.00
2025-11-18 15:13:21.695902,599617530059298218,-36.00
2025-11-18 15:13:21.695902,599617530059298218,-38.00
2025-11-18 15:13:21.695902,599617530059298218,-36.00
2025-11-18 15:13:21.695902,599617530059298218,-36.00
2025-11-18 15:13:21.695902,599617530059298218,-36.00
2025-11-18 15:13:21.695902,599617530059298218,-36.00
2025-11-18 15:13:21.695902,599617530059298218,-31.00
2025-11-18 15:13:21.695902,599617530059298218,-31.00
2025-11-18 15:13:21.695902,599617530059298218,-31.00
2025-11-18 15:13:21.695902,599617530059298218,-33.00
2025-11-18 15:13:21.695902,599617530059298218,-36.00
2025-11-18 15:13:21.695902,599617530059298218,-33.00
2025-11-18 15:13:21.695902,599617530059298218,-31.00
2025-11-18 15:13:21.695902,599617530059298218,-28.00
2025-11-18 15:13:21.695902,599617530059298218,-28.00
2025-11-18 15:13:21.695902,599617530059298218,-28.00
2025-11-18 15:13:21.695902,599617530059298218,-26.00
2025-11-18 15:13:21.695902,599617530059298218,-28.00
2025-11-18 15:13:21.695902,599617530059298218,-28.00
2025-11-18 15:13:21.695902,599617530059298218,-28.00
2025-11-18 15:13:21.695902,599617530059298218,-24.00
2025-11-18 15:13:21.695902,599617530059298218,-24.00
2025-11-18 15:13:21.695902,599617530059298218,-24.00
2025-11-18 15:13:21.695902,599617530059298218,-21.00
2025-11-18 15:13:21.695902,599617530059298218,-24.00
2025-11-18 15:13:21.695902,599617530059298218,-26.00
2025-11-18 15:13:21.695902,599617530059298218,-21.00
2025-11-18 15:13:21.695902,599617530059298218,-7.00
2025-11-18 15:13:21.695902,599617530059298218,9.00
2025-11-18 15:13:21.695902,599617530059298218,12.00
2025-11-18 15:13:21.695902,599617530059298218,0.00
2025-11-18 15:13:21.695902,599617530059298218,-14.00
2025-11-18 15:13:21.695902,599617530059298218,-19.00
2025-11-18 15:13:21.695902,599617530059298218,-19.00
2025-11-18 15:13:21.695902,599617530059298218,-24.00
2025-11-18 15:13:21.695902,599617530059298218,-28.00
2025-11-18 15:13:21.695902,599617530059298218,-31.00
2025-11-18 15:13:21.695902,599617530059298218,-31.00
2025-11-18 15:13:21.695902,599617530059298218,-31.00
2025-11-18 15:13:21.695902,599617530059298218,-33.00
2025-11-18 15:13:21.695902,599617530059298218,-38.00
2025-11-18 15:13:21.695902,599617530059298218,-38.00
2025-11-18 15:13:21.695902,599617530059298218,-40.00
2025-11-18 15:13:21.695902,599617530059298218,-48.00
2025-11-18 15:13:21.695902,599617530059298218,-69.00
2025-11-18 15:13:21.695902,599617530059298218,-57.00
2025-11-18 15:13:21.695902,599617530059298218,74.00
2025-11-18 15:13:21.695902,599617530059298218,322.00
2025-11-18 15:13:21.695902,599617530059298218,539.00
2025-11-18 15:13:21.695902,599617530059298218,455.00
2025-11-18 15:13:21.695902,599617530059298218,40.00
2025-11-18 15:13:21.695902,599617530059298218,-248.00
2025-11-18 15:13:21.695902,599617530059298218,-214.00
2025-11-18 15:13:21.695902,599617530059298218,-132.00
2025-11-18 15:13:21.695902,599617530059298218,-115.00
2025-11-18 15:13:21.695902,599617530059298218,-72.00
2025-11-18 15:13:21.695902,599617530059298218,-52.00
2025-11-18 15:13:21.695902,599617530059298218,-69.00
2025-11-18 15:13:21.695902,599617530059298218,-62.00
2025-11-18 15:13:21.695902,599617530059298218,-40.00
2025-11-18 15:13:21.695902,599617530059298218,-40.00
2025-11-18 15:13:21.695902,599617530059298218,-45.00
2025-11-18 15:13:21.695902,599617530059298218,-36.00
2025-11-18 15:13:21.695902,599617530059298218,-28.00
2025-11-18 15:13:21.695902,599617530059298218,-24.00
2025-11-18 15:13:21.695902,599617530059298218,-19.00
2025-11-18 15:13:21.695902,599617530059298218,-14.00
2025-11-18 15:13:21.695902,599617530059298218,-9.00
2025-11-18 15:13:21.695902,599617530059298218,-2.00
2025-11-18 15:13:22.326115,599617530619995261,4.00
2025-11-18 15:13:22.326115,599617530619995261,12.00
2025-11-18 15:13:22.326115,599617530619995261,14.00
2025-11-18 15:13:22.326115,599617530619995261,21.00
2025-11-18 15:13:22.326115,599617530619995261,33.00
2025-11-18 15:13:22.326115,599617530619995261,43.00
2025-11-18 15:13:22.326115,599617530619995261,55.00
2025-11-18 15:13:22.326115,599617530619995261,69.00
2025-11-18 15:13:22.326115,599617530619995261,84.00
2025-11-18 15:13:22.326115,599617530619995261,96.00
2025-11-18 15:13:22.326115,599617530619995261,108.00
2025-11-18 15:13:22.326115,599617530619995261,120.00
2025-11-18 15:13:22.326115,599617530619995261,130.00
2025-11-18 15:13:22.326115,599617530619995261,132.00
2025-11-18 15:13:22.326115,599617530619995261,130.00
2025-11-18 15:13:22.326115,599617530619995261,118.00
2025-11-18 15:13:22.326115,599617530619995261,101.00
2025-11-18 15:13:22.326115,599617530619995261,69.00
2025-11-18 15:13:22.326115,599617530619995261,31.00
2025-11-18 15:13:22.326115,599617530619995261,-4.00
2025-11-18 15:13:22.326115,599617530619995261,-38.00
2025-11-18 15:13:22.326115,599617530619995261,-72.00
2025-11-18 15:13:22.326115,599617530619995261,-98.00
2025-11-18 15:13:22.326115,599617530619995261,-113.00
2025-11-18 15:13:22.326115,599617530619995261,-125.00
2025-11-18 15:13:22.326115,599617530619995261,-132.00
2025-11-18 15:13:22.326115,599617530619995261,-132.00
2025-11-18 15:13:22.326115,599617530619995261,-130.00
2025-11-18 15:13:22.326115,599617530619995261,-125.00
2025-11-18 15:13:22.326115,599617530619995261,-120.00
2025-11-18 15:13:22.326115,599617530619995261,-118.00
2025-11-18 15:13:22.326115,599617530619995261,-122.00
2025-11-18 15:13:22.326115,599617530619995261,-120.00
2025-11-18 15:13:22.326115,599617530619995261,-110.00
2025-11-18 15:13:22.326115,599617530619995261,-105.00
2025-11-18 15:13:22.326115,599617530619995261,-103.00
2025-11-18 15:13:22.326115,599617530619995261,-96.00
2025-11-18 15:13:22.326115,599617530619995261,-89.00
2025-11-18 15:13:22.326115,599617530619995261,-89.00
2025-11-18 15:13:22.326115,599617530619995261,-86.00
2025-11-18 15:13:22.326115,599617530619995261,-84.00
2025-11-18 15:13:22.326115,599617530619995261,-77.00
2025-11-18 15:13:22.326115,599617530619995261,-67.00
2025-11-18 15:13:22.326115,599617530619995261,-72.00
2025-11-18 15:13:22.326115,599617530619995261,-69.00
2025-11-18 15:13:22.326115,599617530619995261,-55.00
2025-11-18 15:13:22.326115,599617530619995261,-57.00
2025-11-18 15:13:22.326115,599617530619995261,-65.00
2025-11-18 15:13:22.326115,599617530619995261,-69.00
2025-11-18 15:13:22.326115,599617530619995261,-72.00
2025-11-18 15:13:22.326115,599617530619995261,-72.00
2025-11-18 15:13:22.326115,599617530619995261,-69.00
2025-11-18 15:13:22.326115,599617530619995261,-65.00
2025-11-18 15:13:22.326115,599617530619995261,-57.00
2025-11-18 15:13:22.326115,599617530619995261,-50.00
2025-11-18 15:13:22.326115,599617530619995261,-50.00
2025-11-18 15:13:22.326115,599617530619995261,-45.00
2025-11-18 15:13:22.326115,599617530619995261,-45.00
2025-11-18 15:13:22.326115,599617530619995261,-50.00
2025-11-18 15:13:22.326115,599617530619995261,-48.00
2025-11-18 15:13:22.326115,599617530619995261,-43.00
2025-11-18 15:13:22.326115,599617530619995261,-50.00
2025-11-18 15:13:22.326115,599617530619995261,-52.00
2025-11-18 15:13:22.326115,599617530619995261,-45.00
2025-11-18 15:13:22.326115,599617530619995261,-40.00
2025-11-18 15:13:22.326115,599617530619995261,-38.00
2025-11-18 15:13:22.326115,599617530619995261,-33.00
2025-11-18 15:13:22.326115,599617530619995261,-40.00
2025-11-18 15:13:22.326115,599617530619995261,-50.00
2025-11-18 15:13:22.326115,599617530619995261,-38.00
2025-11-18 15:13:22.326115,599617530619995261,-33.00
2025-11-18 15:13:22.326115,599617530619995261,-50.00
2025-11-18 15:13:22.326115,599617530619995261,-50.00
2025-11-18 15:13:22.866553,599617531180692302,-33.00
2025-11-18 15:13:22.866553,599617531180692302,-28.00
2025-11-18 15:13:22.866553,599617531180692302,-33.00
2025-11-18 15:13:22.866553,599617531180692302,-38.00
2025-11-18 15:13:22.866553,599617531180692302,-38.00
2025-11-18 15:13:22.866553,599617531180692302,-31.00
2025-11-18 15:13:22.866553,599617531180692302,-33.00
2025-11-18 15:13:22.866553,599617531180692302,-48.00
2025-11-18 15:13:22.866553,599617531180692302,-50.00
2025-11-18 15:13:22.866553,599617531180692302,-43.00
2025-11-18 15:13:22.866553,599617531180692302,-40.00
2025-11-18 15:13:22.866553,599617531180692302,-38.00
2025-11-18 15:13:22.866553,599617531180692302,-36.00
2025-11-18 15:13:22.866553,599617531180692302,-40.00
2025-11-18 15:13:22.866553,599617531180692302,-40.00
2025-11-18 15:13:22.866553,599617531180692302,-31.00
2025-11-18 15:13:22.866553,599617531180692302,-33.00
2025-11-18 15:13:22.866553,599617531180692302,-50.00
2025-11-18 15:13:22.866553,599617531180692302,-52.00
2025-11-18 15:13:22.866553,599617531180692302,-50.00
2025-11-18 15:13:22.866553,599617531180692302,-48.00
2025-11-18 15:13:22.866553,599617531180692302,-38.00
2025-11-18 15:13:22.866553,599617531180692302,-36.00
2025-11-18 15:13:22.866553,599617531180692302,-48.00
2025-11-18 15:13:22.866553,599617531180692302,-52.00
2025-11-18 15:13:22.866553,599617531180692302,-45.00
2025-11-18 15:13:22.866553,599617531180692302,-52.00
2025-11-18 15:13:22.866553,599617531180692302,-62.00
2025-11-18 15:13:22.866553,599617531180692302,-57.00
2025-11-18 15:13:22.866553,599617531180692302,-57.00
2025-11-18 15:13:22.866553,599617531180692302,-50.00
2025-11-18 15:13:22.866553,599617531180692302,-28.00
2025-11-18 15:13:22.866553,599617531180692302,-14.00
2025-11-18 15:13:22.866553,599617531180692302,-14.00
2025-11-18 15:13:22.866553,599617531180692302,-16.00
2025-11-18 15:13:22.866553,599617531180692302,-26.00
2025-11-18 15:13:22.866553,599617531180692302,-36.00
2025-11-18 15:13:22.866553,599617531180692302,-45.00
2025-11-18 15:13:22.866553,599617531180692302,-50.00
2025-11-18 15:13:22.866553,599617531180692302,-50.00
2025-11-18 15:13:22.866553,599617531180692302,-50.00
2025-11-18 15:13:22.866553,599617531180692302,-43.00
2025-11-18 15:13:22.866553,599617531180692302,-40.00
2025-11-18 15:13:22.866553,599617531180692302,-57.00
2025-11-18 15:13:22.866553,599617531180692302,-65.00
2025-11-18 15:13:22.866553,599617531180692302,-60.00
2025-11-18 15:13:22.866553,599617531180692302,-62.00
2025-11-18 15:13:22.866553,599617531180692302,-65.00
2025-11-18 15:13:22.866553,599617531180692302,-74.00
2025-11-18 15:13:22.866553,599617531180692302,-98.00
2025-11-18 15:13:22.866553,599617531180692302,-77.00
2025-11-18 15:13:22.866553,599617531180692302,86.00
2025-11-18 15:13:22.866553,599617531180692302,339.00
2025-11-18 15:13:22.866553,599617531180692302,515.00
2025-11-18 15:13:22.866553,599617531180692302,370.00
2025-11-18 15:13:22.866553,599617531180692302,-65.00
2025-11-18 15:13:22.866553,599617531180692302,-317.00
2025-11-18 15:13:22.866553,599617531180692302,-260.00
2025-11-18 15:13:22.866553,599617531180692302,-175.00
2025-11-18 15:13:22.866553,599617531180692302,-137.00
2025-11-18 15:13:22.866553,599617531180692302,-96.00
2025-11-18 15:13:22.866553,599617531180692302,-79.00
2025-11-18 15:13:22.866553,599617531180692302,-84.00
2025-11-18 15:13:22.866553,599617531180692302,-67.00
2025-11-18 15:13:22.866553,599617531180692302,-45.00
2025-11-18 15:13:22.866553,599617531180692302,-45.00
2025-11-18 15:13:22.866553,599617531180692302,-52.00
2025-11-18 15:13:22.866553,599617531180692302,-52.00
2025-11-18 15:13:22.866553,599617531180692302,-45.00
2025-11-18 15:13:22.866553,599617531180692302,-43.00
2025-11-18 15:13:22.866553,599617531180692302,-38.00
2025-11-18 15:13:22.866553,599617531180692302,-28.00
2025-11-18 15:13:22.866553,599617531180692302,-19.00
2025-11-18 15:13:23.407701,599617531741358825,-16.00
2025-11-18 15:13:23.407701,599617531741358825,-14.00
2025-11-18 15:13:23.407701,599617531741358825,-2.00
2025-11-18 15:13:23.407701,599617531741358825,9.00
2025-11-18 15:13:23.407701,599617531741358825,14.00
2025-11-18 15:13:23.407701,599617531741358825,24.00
2025-11-18 15:13:23.407701,599617531741358825,33.00
2025-11-18 15:13:23.407701,599617531741358825,40.00
2025-11-18 15:13:23.407701,599617531741358825,50.00
2025-11-18 15:13:23.407701,599617531741358825,74.00
2025-11-18 15:13:23.407701,599617531741358825,93.00
2025-11-18 15:13:23.407701,599617531741358825,98.00
2025-11-18 15:13:23.407701,599617531741358825,105.00
2025-11-18 15:13:23.407701,599617531741358825,122.00
2025-11-18 15:13:23.407701,599617531741358825,130.00
2025-11-18 15:13:23.407701,599617531741358825,125.00
2025-11-18 15:13:23.407701,599617531741358825,118.00
2025-11-18 15:13:23.407701,599617531741358825,96.00
2025-11-18 15:13:23.407701,599617531741358825,60.00
2025-11-18 15:13:23.407701,599617531741358825,26.00
2025-11-18 15:13:23.407701,599617531741358825,-7.00
2025-11-18 15:13:23.407701,599617531741358825,-60.00
2025-11-18 15:13:23.407701,599617531741358825,-96.00
2025-11-18 15:13:23.407701,599617531741358825,-115.00
2025-11-18 15:13:23.407701,599617531741358825,-139.00
2025-11-18 15:13:23.407701,599617531741358825,-151.00
2025-11-18 15:13:23.407701,599617531741358825,-149.00
2025-11-18 15:13:23.407701,599617531741358825,-156.00
2025-11-18 15:13:23.407701,599617531741358825,-161.00
2025-11-18 15:13:23.407701,599617531741358825,-156.00
2025-11-18 15:13:23.407701,599617531741358825,-156.00
2025-11-18 15:13:23.407701,599617531741358825,-161.00
2025-11-18 15:13:23.407701,599617531741358825,-154.00
2025-11-18 15:13:23.407701,599617531741358825,-142.00
2025-11-18 15:13:23.407701,599617531741358825,-127.00
2025-11-18 15:13:23.407701,599617531741358825,-113.00
2025-11-18 15:13:23.407701,599617531741358825,-115.00
2025-11-18 15:13:23.407701,599617531741358825,-130.00
2025-11-18 15:13:23.407701,599617531741358825,-120.00
2025-11-18 15:13:23.407701,599617531741358825,-103.00
2025-11-18 15:13:23.407701,599617531741358825,-101.00
2025-11-18 15:13:23.407701,599617531741358825,-101.00
2025-11-18 15:13:23.407701,599617531741358825,-98.00
2025-11-18 15:13:23.407701,599617531741358825,-93.00
2025-11-18 15:13:23.407701,599617531741358825,-89.00
2025-11-18 15:13:23.407701,599617531741358825,-91.00
2025-11-18 15:13:23.407701,599617531741358825,-91.00
2025-11-18 15:13:23.407701,599617531741358825,-89.00
2025-11-18 15:13:23.407701,599617531741358825,-98.00
2025-11-18 15:13:23.407701,599617531741358825,-101.00
2025-11-18 15:13:23.407701,599617531741358825,-89.00
2025-11-18 15:13:23.407701,599617531741358825,-89.00
2025-11-18 15:13:23.407701,599617531741358825,-98.00
2025-11-18 15:13:23.407701,599617531741358825,-89.00
2025-11-18 15:13:23.407701,599617531741358825,-79.00
2025-11-18 15:13:23.407701,599617531741358825,-81.00
2025-11-18 15:13:23.407701,599617531741358825,-79.00
2025-11-18 15:13:23.407701,599617531741358825,-84.00
2025-11-18 15:13:23.407701,599617531741358825,-89.00
2025-11-18 15:13:23.407701,599617531741358825,-89.00
2025-11-18 15:13:23.407701,599617531741358825,-86.00
2025-11-18 15:13:23.407701,599617531741358825,-79.00
2025-11-18 15:13:23.407701,599617531741358825,-74.00
2025-11-18 15:13:23.407701,599617531741358825,-67.00
2025-11-18 15:13:23.407701,599617531741358825,-67.00
2025-11-18 15:13:23.407701,599617531741358825,-77.00
2025-11-18 15:13:23.407701,599617531741358825,-81.00
2025-11-18 15:13:23.407701,599617531741358825,-69.00
2025-11-18 15:13:23.407701,599617531741358825,-65.00
2025-11-18 15:13:23.407701,599617531741358825,-62.00
2025-11-18 15:13:23.407701,599617531741358825,-57.00
2025-11-18 15:13:23.407701,599617531741358825,-60.00
2025-11-18 15:13:23.407701,599617531741358825,-65.00
2025-11-18 15:13:24.006901,599617532302055866,-50.00
2025-11-18 15:13:24.006901,599617532302055866,-48.00
2025-11-18 15:13:24.006901,599617532302055866,-57.00
2025-11-18 15:13:24.006901,599617532302055866,-52.00
2025-11-18 15:13:24.006901,599617532302055866,-48.00
2025-11-18 15:13:24.006901,599617532302055866,-55.00
2025-11-18 15:13:24.006901,599617532302055866,-50.00
2025-11-18 15:13:24.006901,599617532302055866,-45.00
2025-11-18 15:13:24.006901,599617532302055866,-50.00
2025-11-18 15:13:24.006901,599617532302055866,-48.00
2025-11-18 15:13:24.006901,599617532302055866,-40.00
2025-11-18 15:13:24.006901,599617532302055866,-45.00
2025-11-18 15:13:24.006901,599617532302055866,-43.00
2025-11-18 15:13:24.006901,599617532302055866,-19.00
2025-11-18 15:13:24.006901,599617532302055866,-9.00
2025-11-18 15:13:24.006901,599617532302055866,-16.00
2025-11-18 15:13:24.006901,599617532302055866,-26.00
2025-11-18 15:13:24.006901,599617532302055866,-31.00
2025-11-18 15:13:24.006901,599617532302055866,-33.00
2025-11-18 15:13:24.006901,599617532302055866,-33.00
2025-11-18 15:13:24.006901,599617532302055866,-48.00
2025-11-18 15:13:24.006901,599617532302055866,-57.00
2025-11-18 15:13:24.006901,599617532302055866,-50.00
2025-11-18 15:13:24.006901,599617532302055866,-48.00
2025-11-18 15:13:24.006901,599617532302055866,-55.00
2025-11-18 15:13:24.006901,599617532302055866,-57.00
2025-11-18 15:13:24.006901,599617532302055866,-55.00
2025-11-18 15:13:24.006901,599617532302055866,-57.00
2025-11-18 15:13:24.006901,599617532302055866,-62.00
2025-11-18 15:13:24.006901,599617532302055866,-79.00
2025-11-18 15:13:24.006901,599617532302055866,-89.00
2025-11-18 15:13:24.006901,599617532302055866,-2.00
2025-11-18 15:13:24.006901,599617532302055866,231.00
2025-11-18 15:13:24.006901,599617532302055866,498.00
2025-11-18 15:13:24.006901,599617532302055866,515.00
2025-11-18 15:13:24.006901,599617532302055866,132.00
2025-11-18 15:13:24.006901,599617532302055866,-267.00
2025-11-18 15:13:24.006901,599617532302055866,-298.00
2025-11-18 15:13:24.006901,599617532302055866,-180.00
2025-11-18 15:13:24.006901,599617532302055866,-142.00
2025-11-18 15:13:24.006901,599617532302055866,-103.00
2025-11-18 15:13:24.006901,599617532302055866,-67.00
2025-11-18 15:13:24.006901,599617532302055866,-74.00
2025-11-18 15:13:24.006901,599617532302055866,-74.00
2025-11-18 15:13:24.006901,599617532302055866,-60.00
2025-11-18 15:13:24.006901,599617532302055866,-57.00
2025-11-18 15:13:24.006901,599617532302055866,-55.00
2025-11-18 15:13:24.006901,599617532302055866,-45.00
2025-11-18 15:13:24.006901,599617532302055866,-40.00
2025-11-18 15:13:24.006901,599617532302055866,-33.00
2025-11-18 15:13:24.006901,599617532302055866,-26.00
2025-11-18 15:13:24.006901,599617532302055866,-24.00
2025-11-18 15:13:24.006901,599617532302055866,-19.00
2025-11-18 15:13:24.006901,599617532302055866,-16.00
2025-11-18 15:13:24.006901,599617532302055866,-12.00
2025-11-18 15:13:24.006901,599617532302055866,-7.00
2025-11-18 15:13:24.006901,599617532302055866,-2.00
2025-11-18 15:13:24.006901,599617532302055866,4.00
2025-11-18 15:13:24.006901,599617532302055866,16.00
2025-11-18 15:13:24.006901,599617532302055866,26.00
2025-11-18 15:13:24.006901,599617532302055866,40.00
2025-11-18 15:13:24.006901,599617532302055866,65.00
2025-11-18 15:13:24.006901,599617532302055866,74.00
2025-11-18 15:13:24.006901,599617532302055866,72.00
2025-11-18 15:13:24.006901,599617532302055866,89.00
2025-11-18 15:13:24.006901,599617532302055866,113.00
2025-11-18 15:13:24.006901,599617532302055866,122.00
2025-11-18 15:13:24.006901,599617532302055866,125.00
2025-11-18 15:13:24.006901,599617532302055866,122.00
2025-11-18 15:13:24.006901,599617532302055866,118.00
2025-11-18 15:13:24.006901,599617532302055866,101.00
2025-11-18 15:13:24.006901,599617532302055866,57.00
2025-11-18 15:13:24.006901,599617532302055866,14.00
2025-11-18 15:13:24.516911,599617532862752907,-19.00
2025-11-18 15:13:24.516911,599617532862752907,-62.00
2025-11-18 15:13:24.516911,599617532862752907,-101.00
2025-11-18 15:13:24.516911,599617532862752907,-125.00
2025-11-18 15:13:24.516911,599617532862752907,-139.00
2025-11-18 15:13:24.516911,599617532862752907,-154.00
2025-11-18 15:13:24.516911,599617532862752907,-158.00
2025-11-18 15:13:24.516911,599617532862752907,-161.00
2025-11-18 15:13:24.516911,599617532862752907,-171.00
2025-11-18 15:13:24.516911,599617532862752907,-171.00
2025-11-18 15:13:24.516911,599617532862752907,-166.00
2025-11-18 15:13:24.516911,599617532862752907,-166.00
2025-11-18 15:13:24.516911,599617532862752907,-163.00
2025-11-18 15:13:24.516911,599617532862752907,-156.00
2025-11-18 15:13:24.516911,599617532862752907,-156.00
2025-11-18 15:13:24.516911,599617532862752907,-154.00
2025-11-18 15:13:24.516911,599617532862752907,-142.00
2025-11-18 15:13:24.516911,599617532862752907,-134.00
2025-11-18 15:13:24.516911,599617532862752907,-134.00
2025-11-18 15:13:24.516911,599617532862752907,-134.00
2025-11-18 15:13:24.516911,599617532862752907,-130.00
2025-11-18 15:13:24.516911,599617532862752907,-122.00
2025-11-18 15:13:24.516911,599617532862752907,-120.00
2025-11-18 15:13:24.516911,599617532862752907,-127.00
2025-11-18 15:13:24.516911,599617532862752907,-122.00
2025-11-18 15:13:24.516911,599617532862752907,-118.00
2025-11-18 15:13:24.516911,599617532862752907,-118.00
2025-11-18 15:13:24.516911,599617532862752907,-115.00
2025-11-18 15:13:24.516911,599617532862752907,-113.00
2025-11-18 15:13:24.516911,599617532862752907,-115.00
2025-11-18 15:13:24.516911,599617532862752907,-120.00
2025-11-18 15:13:24.516911,599617532862752907,-118.00
2025-11-18 15:13:24.516911,599617532862752907,-115.00
2025-11-18 15:13:24.516911,599617532862752907,-120.00
2025-11-18 15:13:24.516911,599617532862752907,-120.00
2025-11-18 15:13:24.516911,599617532862752907,-118.00
2025-11-18 15:13:24.516911,599617532862752907,-118.00
2025-11-18 15:13:24.516911,599617532862752907,-118.00
2025-11-18 15:13:24.516911,599617532862752907,-118.00
2025-11-18 15:13:24.516911,599617532862752907,-113.00
2025-11-18 15:13:24.516911,599617532862752907,-108.00
2025-11-18 15:13:24.516911,599617532862752907,-113.00
2025-11-18 15:13:24.516911,599617532862752907,-110.00
2025-11-18 15:13:24.516911,599617532862752907,-105.00
2025-11-18 15:13:24.516911,599617532862752907,-105.00
2025-11-18 15:13:24.516911,599617532862752907,-110.00
2025-11-18 15:13:24.516911,599617532862752907,-110.00
2025-11-18 15:13:24.516911,599617532862752907,-105.00
2025-11-18 15:13:24.516911,599617532862752907,-96.00
2025-11-18 15:13:24.516911,599617532862752907,-93.00
2025-11-18 15:13:24.516911,599617532862752907,-93.00
2025-11-18 15:13:24.516911,599617532862752907,-91.00
2025-11-18 15:13:24.516911,599617532862752907,-93.00
2025-11-18 15:13:24.516911,599617532862752907,-93.00
2025-11-18 15:13:24.516911,599617532862752907,-96.00
2025-11-18 15:13:24.516911,599617532862752907,-91.00
2025-11-18 15:13:24.516911,599617532862752907,-86.00
2025-11-18 15:13:24.516911,599617532862752907,-86.00
2025-11-18 15:13:24.516911,599617532862752907,-79.00
2025-11-18 15:13:24.516911,599617532862752907,-72.00
2025-11-18 15:13:24.516911,599617532862752907,-84.00
2025-11-18 15:13:24.516911,599617532862752907,-91.00
2025-11-18 15:13:24.516911,599617532862752907,-77.00
2025-11-18 15:13:24.516911,599617532862752907,-72.00
2025-11-18 15:13:24.516911,599617532862752907,-81.00
2025-11-18 15:13:24.516911,599617532862752907,-79.00
2025-11-18 15:13:24.516911,599617532862752907,-74.00
2025-11-18 15:13:24.516911,599617532862752907,-72.00
2025-11-18 15:13:24.516911,599617532862752907,-67.00
2025-11-18 15:13:24.516911,599617532862752907,-72.00
2025-11-18 15:13:24.516911,599617532862752907,-77.00
2025-11-18 15:13:24.516911,599617532862752907,-74.00
2025-11-18 15:13:24.516911,599617532862752907,-74.00
2025-11-18 15:13:25.087097,599617533423419430,-74.00
2025-11-18 15:13:25.087097,599617533423419430,-72.00
2025-11-18 15:13:25.087097,599617533423419430,-67.00
2025-11-18 15:13:25.087097,599617533423419430,-60.00
2025-11-18 15:13:25.087097,599617533423419430,-60.00
2025-11-18 15:13:25.087097,599617533423419430,-60.00
2025-11-18 15:13:25.087097,599617533423419430,-62.00
2025-11-18 15:13:25.087097,599617533423419430,-60.00
2025-11-18 15:13:25.087097,599617533423419430,-43.00
2025-11-18 15:13:25.087097,599617533423419430,-26.00
2025-11-18 15:13:25.087097,599617533423419430,-19.00
2025-11-18 15:13:25.087097,599617533423419430,-21.00
2025-11-18 15:13:25.087097,599617533423419430,-24.00
2025-11-18 15:13:25.087097,599617533423419430,-31.00
2025-11-18 15:13:25.087097,599617533423419430,-40.00
2025-11-18 15:13:25.087097,599617533423419430,-50.00
2025-11-18 15:13:25.087097,599617533423419430,-55.00
2025-11-18 15:13:25.087097,599617533423419430,-48.00
2025-11-18 15:13:25.087097,599617533423419430,-45.00
2025-11-18 15:13:25.087097,599617533423419430,-52.00
2025-11-18 15:13:25.087097,599617533423419430,-57.00
2025-11-18 15:13:25.087097,599617533423419430,-52.00
2025-11-18 15:13:25.087097,599617533423419430,-45.00
2025-11-18 15:13:25.087097,599617533423419430,-57.00
2025-11-18 15:13:25.087097,599617533423419430,-69.00
2025-11-18 15:13:25.087097,599617533423419430,-72.00
2025-11-18 15:13:25.087097,599617533423419430,-77.00
2025-11-18 15:13:25.087097,599617533423419430,-7.00
2025-11-18 15:13:25.087097,599617533423419430,204.00
2025-11-18 15:13:25.087097,599617533423419430,464.00
2025-11-18 15:13:25.087097,599617533423419430,522.00
2025-11-18 15:13:25.087097,599617533423419430,202.00
2025-11-18 15:13:25.087097,599617533423419430,-204.00
2025-11-18 15:13:25.087097,599617533423419430,-284.00
2025-11-18 15:13:25.087097,599617533423419430,-173.00
2025-11-18 15:13:25.087097,599617533423419430,-130.00
2025-11-18 15:13:25.087097,599617533423419430,-103.00
2025-11-18 15:13:25.087097,599617533423419430,-65.00
2025-11-18 15:13:25.087097,599617533423419430,-65.00
2025-11-18 15:13:25.087097,599617533423419430,-74.00
2025-11-18 15:13:25.087097,599617533423419430,-55.00
2025-11-18 15:13:25.087097,599617533423419430,-38.00
2025-11-18 15:13:25.087097,599617533423419430,-36.00
2025-11-18 15:13:25.087097,599617533423419430,-38.00
2025-11-18 15:13:25.087097,599617533423419430,-33.00
2025-11-18 15:13:25.087097,599617533423419430,-28.00
2025-11-18 15:13:25.087097,599617533423419430,-26.00
2025-11-18 15:13:25.087097,599617533423419430,-16.00
2025-11-18 15:13:25.087097,599617533423419430,-7.00
2025-11-18 15:13:25.087097,599617533423419430,-9.00
2025-11-18 15:13:25.087097,599617533423419430,-2.00
2025-11-18 15:13:25.087097,599617533423419430,9.00
2025-11-18 15:13:25.087097,599617533423419430,12.00
2025-11-18 15:13:25.087097,599617533423419430,16.00
2025-11-18 15:13:25.087097,599617533423419430,33.00
2025-11-18 15:13:25.087097,599617533423419430,45.00
2025-11-18 15:13:25.087097,599617533423419430,50.00
2025-11-18 15:13:25.087097,599617533423419430,60.00
2025-11-18 15:13:25.087097,599617533423419430,72.00
2025-11-18 15:13:25.087097,599617533423419430,84.00
2025-11-18 15:13:25.087097,599617533423419430,98.00
2025-11-18 15:13:25.087097,599617533423419430,115.00
2025-11-18 15:13:25.087097,599617533423419430,118.00
2025-11-18 15:13:25.087097,599617533423419430,120.00
2025-11-18 15:13:25.087097,599617533423419430,127.00
2025-11-18 15:13:25.087097,599617533423419430,125.00
2025-11-18 15:13:25.087097,599617533423419430,110.00
2025-11-18 15:13:25.087097,599617533423419430,93.00
2025-11-18 15:13:25.087097,599617533423419430,60.00
2025-11-18 15:13:25.087097,599617533423419430,16.00
2025-11-18 15:13:25.087097,599617533423419430,-19.00
2025-11-18 15:13:25.087097,599617533423419430,-52.00
2025-11-18 15:13:25.087097,599617533423419430,-93.00
2025-11-18 15:13:25.688028,599617533984116473,-118.00
2025-11-18 15:13:25.688028,599617533984116473,-122.00
2025-11-18 15:13:25.688028,599617533984116473,-134.00
2025-11-18 15:13:25.688028,599617533984116473,-149.00
2025-11-18 15:13:25.688028,599617533984116473,-146.00
2025-11-18 15:13:25.688028,599617533984116473,-137.00
2025-11-18 15:13:25.688028,599617533984116473,-139.00
2025-11-18 15:13:25.688028,599617533984116473,-144.00
2025-11-18 15:13:25.688028,599617533984116473,-137.00
2025-11-18 15:13:25.688028,599617533984116473,-130.00
2025-11-18 15:13:25.688028,599617533984116473,-130.00
2025-11-18 15:13:25.688028,599617533984116473,-122.00
2025-11-18 15:13:25.688028,599617533984116473,-113.00
2025-11-18 15:13:25.688028,599617533984116473,-113.00
2025-11-18 15:13:25.688028,599617533984116473,-113.00
2025-11-18 15:13:25.688028,599617533984116473,-103.00
2025-11-18 15:13:25.688028,599617533984116473,-101.00
2025-11-18 15:13:25.688028,599617533984116473,-101.00
2025-11-18 15:13:25.688028,599617533984116473,-96.00
2025-11-18 15:13:25.688028,599617533984116473,-86.00
2025-11-18 15:13:25.688028,599617533984116473,-86.00
2025-11-18 15:13:25.688028,599617533984116473,-91.00
2025-11-18 15:13:25.688028,599617533984116473,-91.00
2025-11-18 15:13:25.688028,599617533984116473,-91.00
2025-11-18 15:13:25.688028,599617533984116473,-93.00
2025-11-18 15:13:25.688028,599617533984116473,-89.00
2025-11-18 15:13:25.688028,599617533984116473,-89.00
2025-11-18 15:13:25.688028,599617533984116473,-91.00
2025-11-18 15:13:25.688028,599617533984116473,-89.00
2025-11-18 15:13:25.688028,599617533984116473,-86.00
2025-11-18 15:13:25.688028,599617533984116473,-86.00
2025-11-18 15:13:25.688028,599617533984116473,-91.00
2025-11-18 15:13:25.688028,599617533984116473,-93.00
2025-11-18 15:13:25.688028,599617533984116473,-84.00
2025-11-18 15:13:25.688028,599617533984116473,-86.00
2025-11-18 15:13:25.688028,599617533984116473,-93.00
2025-11-18 15:13:25.688028,599617533984116473,-89.00
2025-11-18 15:13:25.688028,599617533984116473,-84.00
2025-11-18 15:13:25.688028,599617533984116473,-84.00
2025-11-18 15:13:25.688028,599617533984116473,-77.00
2025-11-18 15:13:25.688028,599617533984116473,-77.00
2025-11-18 15:13:25.688028,599617533984116473,-84.00
2025-11-18 15:13:25.688028,599617533984116473,-81.00
2025-11-18 15:13:25.688028,599617533984116473,-84.00
2025-11-18 15:13:25.688028,599617533984116473,-84.00
2025-11-18 15:13:25.688028,599617533984116473,-74.00
2025-11-18 15:13:25.688028,599617533984116473,-72.00
2025-11-18 15:13:25.688028,599617533984116473,-77.00
2025-11-18 15:13:25.688028,599617533984116473,-72.00
2025-11-18 15:13:25.688028,599617533984116473,-72.00
2025-11-18 15:13:25.688028,599617533984116473,-72.00
2025-11-18 15:13:25.688028,599617533984116473,-74.00
2025-11-18 15:13:25.688028,599617533984116473,-77.00
2025-11-18 15:13:25.688028,599617533984116473,-74.00
2025-11-18 15:13:25.688028,599617533984116473,-67.00
2025-11-18 15:13:25.688028,599617533984116473,-67.00
2025-11-18 15:13:25.688028,599617533984116473,-67.00
2025-11-18 15:13:25.688028,599617533984116473,-62.00
2025-11-18 15:13:25.688028,599617533984116473,-60.00
2025-11-18 15:13:25.688028,599617533984116473,-67.00
2025-11-18 15:13:25.688028,599617533984116473,-72.00
2025-11-18 15:13:25.688028,599617533984116473,-65.00
2025-11-18 15:13:25.688028,599617533984116473,-60.00
2025-11-18 15:13:25.688028,599617533984116473,-65.00
2025-11-18 15:13:25.688028,599617533984116473,-62.00
2025-11-18 15:13:25.688028,599617533984116473,-55.00
2025-11-18 15:13:25.688028,599617533984116473,-55.00
2025-11-18 15:13:25.688028,599617533984116473,-57.00
2025-11-18 15:13:25.688028,599617533984116473,-62.00
2025-11-18 15:13:25.688028,599617533984116473,-65.00
2025-11-18 15:13:25.688028,599617533984116473,-55.00
2025-11-18 15:13:25.688028,599617533984116473,-52.00
2025-11-18 15:13:25.688028,599617533984116473,-52.00
2025-11-18 15:13:26.227383,599617534544793168,-38.00
2025-11-18 15:13:26.227383,599617534544793168,-19.00
2025-11-18 15:13:26.227383,599617534544793168,-14.00
2025-11-18 15:13:26.227383,599617534544793168,-19.00
2025-11-18 15:13:26.227383,599617534544793168,-21.00
2025-11-18 15:13:26.227383,599617534544793168,-36.00
2025-11-18 15:13:26.227383,599617534544793168,-52.00
2025-11-18 15:13:26.227383,599617534544793168,-55.00
2025-11-18 15:13:26.227383,599617534544793168,-50.00
2025-11-18 15:13:26.227383,599617534544793168,-52.00
2025-11-18 15:13:26.227383,599617534544793168,-52.00
2025-11-18 15:13:26.227383,599617534544793168,-48.00
2025-11-18 15:13:26.227383,599617534544793168,-50.00
2025-11-18 15:13:26.227383,599617534544793168,-50.00
2025-11-18 15:13:26.227383,599617534544793168,-48.00
2025-11-18 15:13:26.227383,599617534544793168,-57.00
2025-11-18 15:13:26.227383,599617534544793168,-65.00
2025-11-18 15:13:26.227383,599617534544793168,-74.00
2025-11-18 15:13:26.227383,599617534544793168,-81.00
2025-11-18 15:13:26.227383,599617534544793168,21.00
2025-11-18 15:13:26.227383,599617534544793168,277.00
2025-11-18 15:13:26.227383,599617534544793168,527.00
2025-11-18 15:13:26.227383,599617534544793168,472.00
2025-11-18 15:13:26.227383,599617534544793168,36.00
2025-11-18 15:13:26.227383,599617534544793168,-337.00
2025-11-18 15:13:26.227383,599617534544793168,-325.00
2025-11-18 15:13:26.227383,599617534544793168,-190.00
2025-11-18 15:13:26.227383,599617534544793168,-139.00
2025-11-18 15:13:26.227383,599617534544793168,-89.00
2025-11-18 15:13:26.227383,599617534544793168,-45.00
2025-11-18 15:13:26.227383,599617534544793168,-52.00
2025-11-18 15:13:26.227383,599617534544793168,-55.00
2025-11-18 15:13:26.227383,599617534544793168,-31.00
2025-11-18 15:13:26.227383,599617534544793168,-21.00
2025-11-18 15:13:26.227383,599617534544793168,-28.00
2025-11-18 15:13:26.227383,599617534544793168,-24.00
2025-11-18 15:13:26.227383,599617534544793168,-14.00
2025-11-18 15:13:26.227383,599617534544793168,-7.00
2025-11-18 15:13:26.227383,599617534544793168,-2.00
2025-11-18 15:13:26.227383,599617534544793168,0.00
2025-11-18 15:13:26.227383,599617534544793168,7.00
2025-11-18 15:13:26.227383,599617534544793168,16.00
2025-11-18 15:13:26.227383,599617534544793168,26.00
2025-11-18 15:13:26.227383,599617534544793168,33.00
2025-11-18 15:13:26.227383,599617534544793168,38.00
2025-11-18 15:13:26.227383,599617534544793168,40.00
2025-11-18 15:13:26.227383,599617534544793168,45.00
2025-11-18 15:13:26.227383,599617534544793168,57.00
2025-11-18 15:13:26.227383,599617534544793168,72.00
2025-11-18 15:13:26.227383,599617534544793168,79.00
2025-11-18 15:13:26.227383,599617534544793168,93.00
2025-11-18 15:13:26.227383,599617534544793168,113.00
2025-11-18 15:13:26.227383,599617534544793168,127.00
2025-11-18 15:13:26.227383,599617534544793168,134.00
2025-11-18 15:13:26.227383,599617534544793168,142.00
2025-11-18 15:13:26.227383,599617534544793168,151.00
2025-11-18 15:13:26.227383,599617534544793168,151.00
2025-11-18 15:13:26.227383,599617534544793168,137.00
2025-11-18 15:13:26.227383,599617534544793168,120.00
2025-11-18 15:13:26.227383,599617534544793168,105.00
2025-11-18 15:13:26.227383,599617534544793168,77.00
2025-11-18 15:13:26.227383,599617534544793168,38.00
2025-11-18 15:13:26.227383,599617534544793168,0.00
2025-11-18 15:13:26.227383,599617534544793168,-36.00
2025-11-18 15:13:26.227383,599617534544793168,-62.00
2025-11-18 15:13:26.227383,599617534544793168,-79.00
2025-11-18 15:13:26.227383,599617534544793168,-96.00
2025-11-18 15:13:26.227383,599617534544793168,-108.00
2025-11-18 15:13:26.227383,599617534544793168,-108.00
2025-11-18 15:13:26.227383,599617534544793168,-103.00
2025-11-18 15:13:26.227383,599617534544793168,-101.00
2025-11-18 15:13:26.227383,599617534544793168,-93.00
2025-11-18 15:13:26.227383,599617534544793168,-91.00
2025-11-18 15:13:26.767012,599617535105480037,-84.00
2025-11-18 15:13:26.767012,599617535105480037,-74.00
2025-11-18 15:13:26.767012,599617535105480037,-72.00
2025-11-18 15:13:26.767012,599617535105480037,-74.00
2025-11-18 15:13:26.767012,599617535105480037,-69.00
2025-11-18 15:13:26.767012,599617535105480037,-60.00
2025-11-18 15:13:26.767012,599617535105480037,-55.00
2025-11-18 15:13:26.767012,599617535105480037,-48.00
2025-11-18 15:13:26.767012,599617535105480037,-50.00
2025-11-18 15:13:26.767012,599617535105480037,-55.00
2025-11-18 15:13:26.767012,599617535105480037,-50.00
2025-11-18 15:13:26.767012,599617535105480037,-43.00
2025-11-18 15:13:26.767012,599617535105480037,-48.00
2025-11-18 15:13:26.767012,599617535105480037,-48.00
2025-11-18 15:13:26.767012,599617535105480037,-43.00
2025-11-18 15:13:26.767012,599617535105480037,-43.00
2025-11-18 15:13:26.767012,599617535105480037,-43.00
2025-11-18 15:13:26.767012,599617535105480037,-38.00
2025-11-18 15:13:26.767012,599617535105480037,-38.00
2025-11-18 15:13:26.767012,599617535105480037,-43.00
2025-11-18 15:13:26.767012,599617535105480037,-45.00
2025-11-18 15:13:26.767012,599617535105480037,-43.00
2025-11-18 15:13:26.767012,599617535105480037,-40.00
2025-11-18 15:13:26.767012,599617535105480037,-38.00
2025-11-18 15:13:26.767012,599617535105480037,-38.00
2025-11-18 15:13:26.767012,599617535105480037,-36.00
2025-11-18 15:13:26.767012,599617535105480037,-36.00
2025-11-18 15:13:26.767012,599617535105480037,-28.00
2025-11-18 15:13:26.767012,599617535105480037,-24.00
2025-11-18 15:13:26.767012,599617535105480037,-33.00
2025-11-18 15:13:26.767012,599617535105480037,-38.00
2025-11-18 15:13:26.767012,599617535105480037,-33.00
2025-11-18 15:13:26.767012,599617535105480037,-28.00
2025-11-18 15:13:26.767012,599617535105480037,-31.00
2025-11-18 15:13:26.767012,599617535105480037,-31.00
2025-11-18 15:13:26.767012,599617535105480037,-33.00
2025-11-18 15:13:26.767012,599617535105480037,-31.00
2025-11-18 15:13:26.767012,599617535105480037,-24.00
2025-11-18 15:13:26.767012,599617535105480037,-26.00
2025-11-18 15:13:26.767012,599617535105480037,-36.00
2025-11-18 15:13:26.767012,599617535105480037,-40.00
2025-11-18 15:13:26.767012,599617535105480037,-33.00
2025-11-18 15:13:26.767012,599617535105480037,-24.00
2025-11-18 15:13:26.767012,599617535105480037,-24.00
2025-11-18 15:13:26.767012,599617535105480037,-28.00
2025-11-18 15:13:26.767012,599617535105480037,-26.00
2025-11-18 15:13:26.767012,599617535105480037,-21.00
2025-11-18 15:13:26.767012,599617535105480037,-21.00
2025-11-18 15:13:26.767012,599617535105480037,-19.00
2025-11-18 15:13:26.767012,599617535105480037,-24.00
2025-11-18 15:13:26.767012,599617535105480037,-28.00
2025-11-18 15:13:26.767012,599617535105480037,-24.00
2025-11-18 15:13:26.767012,599617535105480037,-24.00
2025-11-18 15:13:26.767012,599617535105480037,-26.00
2025-11-18 15:13:26.767012,599617535105480037,-21.00
2025-11-18 15:13:26.767012,599617535105480037,-16.00
2025-11-18 15:13:26.767012,599617535105480037,-19.00
2025-11-18 15:13:26.767012,599617535105480037,-21.00
2025-11-18 15:13:26.767012,599617535105480037,-21.00
2025-11-18 15:13:26.767012,599617535105480037,-21.00
2025-11-18 15:13:26.767012,599617535105480037,-21.00
2025-11-18 15:13:26.767012,599617535105480037,-19.00
2025-11-18 15:13:26.767012,599617535105480037,-9.00
2025-11-18 15:13:26.767012,599617535105480037,2.00
2025-11-18 15:13:26.767012,599617535105480037,12.00
2025-11-18 15:13:26.767012,599617535105480037,12.00
2025-11-18 15:13:26.767012,599617535105480037,4.00
2025-11-18 15:13:26.767012,599617535105480037,0.00
2025-11-18 15:13:26.767012,599617535105480037,-12.00
2025-11-18 15:13:26.767012,599617535105480037,-21.00
2025-11-18 15:13:26.767012,599617535105480037,-19.00
2025-11-18 15:13:26.767012,599617535105480037,-24.00
2025-11-18 15:13:26.767012,599617535105480037,-28.00
2025-11-18 15:13:27.337928,599617535666177078,-28.00
2025-11-18 15:13:27.337928,599617535666177078,-26.00
2025-11-18 15:13:27.337928,599617535666177078,-26.00
2025-11-18 15:13:27.337928,599617535666177078,-28.00
2025-11-18 15:13:27.337928,599617535666177078,-31.00
2025-11-18 15:13:27.337928,599617535666177078,-38.00
2025-11-18 15:13:27.337928,599617535666177078,-48.00
2025-11-18 15:13:27.337928,599617535666177078,-57.00
2025-11-18 15:13:27.337928,599617535666177078,-7.00
2025-11-18 15:13:27.337928,599617535666177078,183.00
2025-11-18 15:13:27.337928,599617535666177078,455.00
2025-11-18 15:13:27.337928,599617535666177078,582.00
2025-11-18 15:13:27.337928,599617535666177078,332.00
2025-11-18 15:13:27.337928,599617535666177078,-103.00
2025-11-18 15:13:27.337928,599617535666177078,-267.00
2025-11-18 15:13:27.337928,599617535666177078,-173.00
2025-11-18 15:13:27.337928,599617535666177078,-113.00
2025-11-18 15:13:27.337928,599617535666177078,-84.00
2025-11-18 15:13:27.337928,599617535666177078,-45.00
2025-11-18 15:13:27.337928,599617535666177078,-45.00
2025-11-18 15:13:27.337928,599617535666177078,-55.00
2025-11-18 15:13:27.337928,599617535666177078,-28.00
2025-11-18 15:13:27.337928,599617535666177078,-12.00
2025-11-18 15:13:27.337928,599617535666177078,-26.00
2025-11-18 15:13:27.337928,599617535666177078,-28.00
2025-11-18 15:13:27.337928,599617535666177078,-9.00
2025-11-18 15:13:27.337928,599617535666177078,-2.00
2025-11-18 15:13:27.337928,599617535666177078,-7.00
2025-11-18 15:13:27.337928,599617535666177078,0.00
2025-11-18 15:13:27.337928,599617535666177078,9.00
2025-11-18 15:13:27.337928,599617535666177078,12.00
2025-11-18 15:13:27.337928,599617535666177078,19.00
2025-11-18 15:13:27.337928,599617535666177078,31.00
2025-11-18 15:13:27.337928,599617535666177078,33.00
2025-11-18 15:13:27.337928,599617535666177078,33.00
2025-11-18 15:13:27.337928,599617535666177078,48.00
2025-11-18 15:13:27.337928,599617535666177078,60.00
2025-11-18 15:13:27.337928,599617535666177078,62.00
2025-11-18 15:13:27.337928,599617535666177078,69.00
2025-11-18 15:13:27.337928,599617535666177078,89.00
2025-11-18 15:13:27.337928,599617535666177078,110.00
2025-11-18 15:13:27.337928,599617535666177078,125.00
2025-11-18 15:13:27.337928,599617535666177078,127.00
2025-11-18 15:13:27.337928,599617535666177078,132.00
2025-11-18 15:13:27.337928,599617535666177078,149.00
2025-11-18 15:13:27.337928,599617535666177078,156.00
2025-11-18 15:13:27.337928,599617535666177078,144.00
2025-11-18 15:13:27.337928,599617535666177078,137.00
2025-11-18 15:13:27.337928,599617535666177078,122.00
2025-11-18 15:13:27.337928,599617535666177078,96.00
2025-11-18 15:13:27.337928,599617535666177078,62.00
2025-11-18 15:13:27.337928,599617535666177078,24.00
2025-11-18 15:13:27.337928,599617535666177078,-19.00
2025-11-18 15:13:27.337928,599617535666177078,-55.00
2025-11-18 15:13:27.337928,599617535666177078,-74.00
2025-11-18 15:13:27.337928,599617535666177078,-93.00
2025-11-18 15:13:27.337928,599617535666177078,-108.00
2025-11-18 15:13:27.337928,599617535666177078,-110.00
2025-11-18 15:13:27.337928,599617535666177078,-110.00
2025-11-18 15:13:27.337928,599617535666177078,-110.00
2025-11-18 15:13:27.337928,599617535666177078,-105.00
2025-11-18 15:13:27.337928,599617535666177078,-96.00
2025-11-18 15:13:27.337928,599617535666177078,-96.00
2025-11-18 15:13:27.337928,599617535666177078,-103.00
2025-11-18 15:13:27.337928,599617535666177078,-101.00
2025-11-18 15:13:27.337928,599617535666177078,-91.00
2025-11-18 15:13:27.337928,599617535666177078,-84.00
2025-11-18 15:13:27.337928,599617535666177078,-77.00
2025-11-18 15:13:27.337928,599617535666177078,-72.00
2025-11-18 15:13:27.337928,599617535666177078,-69.00
2025-11-18 15:13:27.337928,599617535666177078,-67.00
2025-11-18 15:13:27.337928,599617535666177078,-65.00
2025-11-18 15:13:27.337928,599617535666177078,-57.00
2025-11-18 15:13:27.877604,599617536226874119,-55.00
2025-11-18 15:13:27.877604,599617536226874119,-62.00
2025-11-18 15:13:27.877604,599617536226874119,-60.00
2025-11-18 15:13:27.877604,599617536226874119,-52.00
2025-11-18 15:13:27.877604,599617536226874119,-55.00
2025-11-18 15:13:27.877604,599617536226874119,-57.00
2025-11-18 15:13:27.877604,599617536226874119,-52.00
2025-11-18 15:13:27.877604,599617536226874119,-50.00
2025-11-18 15:13:27.877604,599617536226874119,-45.00
2025-11-18 15:13:27.877604,599617536226874119,-45.00
2025-11-18 15:13:27.877604,599617536226874119,-50.00
2025-11-18 15:13:27.877604,599617536226874119,-50.00
2025-11-18 15:13:27.877604,599617536226874119,-48.00
2025-11-18 15:13:27.877604,599617536226874119,-48.00
2025-11-18 15:13:27.877604,599617536226874119,-50.00
2025-11-18 15:13:27.877604,599617536226874119,-48.00
2025-11-18 15:13:27.877604,599617536226874119,-43.00
2025-11-18 15:13:27.877604,599617536226874119,-43.00
2025-11-18 15:13:27.877604,599617536226874119,-40.00
2025-11-18 15:13:27.877604,599617536226874119,-40.00
2025-11-18 15:13:27.877604,599617536226874119,-40.00
2025-11-18 15:13:27.877604,599617536226874119,-43.00
2025-11-18 15:13:27.877604,599617536226874119,-38.00
2025-11-18 15:13:27.877604,599617536226874119,-31.00
2025-11-18 15:13:27.877604,599617536226874119,-31.00
2025-11-18 15:13:27.877604,599617536226874119,-40.00
2025-11-18 15:13:27.877604,599617536226874119,-40.00
2025-11-18 15:13:27.877604,599617536226874119,-31.00
2025-11-18 15:13:27.877604,599617536226874119,-31.00
2025-11-18 15:13:27.877604,599617536226874119,-28.00
2025-11-18 15:13:27.877604,599617536226874119,-21.00
2025-11-18 15:13:27.877604,599617536226874119,-21.00
2025-11-18 15:13:27.877604,599617536226874119,-26.00
2025-11-18 15:13:27.877604,599617536226874119,-28.00
2025-11-18 15:13:27.877604,599617536226874119,-28.00
2025-11-18 15:13:27.877604,599617536226874119,-28.00
2025-11-18 15:13:27.877604,599617536226874119,-26.00
2025-11-18 15:13:27.877604,599617536226874119,-24.00
2025-11-18 15:13:27.877604,599617536226874119,-28.00
2025-11-18 15:13:27.877604,599617536226874119,-28.00
2025-11-18 15:13:27.877604,599617536226874119,-24.00
2025-11-18 15:13:27.877604,599617536226874119,-26.00
2025-11-18 15:13:27.877604,599617536226874119,-24.00
2025-11-18 15:13:27.877604,599617536226874119,-21.00
2025-11-18 15:13:27.877604,599617536226874119,-19.00
2025-11-18 15:13:27.877604,599617536226874119,-21.00
2025-11-18 15:13:27.877604,599617536226874119,-26.00
2025-11-18 15:13:27.877604,599617536226874119,-28.00
2025-11-18 15:13:27.877604,599617536226874119,-26.00
2025-11-18 15:13:27.877604,599617536226874119,-21.00
2025-11-18 15:13:27.877604,599617536226874119,-21.00
2025-11-18 15:13:27.877604,599617536226874119,-19.00
2025-11-18 15:13:27.877604,599617536226874119,-12.00
2025-11-18 15:13:27.877604,599617536226874119,0.00
2025-11-18 15:13:27.877604,599617536226874119,16.00
2025-11-18 15:13:27.877604,599617536226874119,19.00
2025-11-18 15:13:27.877604,599617536226874119,2.00
2025-11-18 15:13:27.877604,599617536226874119,-9.00
2025-11-18 15:13:27.877604,599617536226874119,-12.00
2025-11-18 15:13:27.877604,599617536226874119,-14.00
2025-11-18 15:13:27.877604,599617536226874119,-24.00
2025-11-18 15:13:27.877604,599617536226874119,-26.00
2025-11-18 15:13:27.877604,599617536226874119,-24.00
2025-11-18 15:13:27.877604,599617536226874119,-24.00
2025-11-18 15:13:27.877604,599617536226874119,-26.00
2025-11-18 15:13:27.877604,599617536226874119,-24.00
2025-11-18 15:13:27.877604,599617536226874119,-26.00
2025-11-18 15:13:27.877604,599617536226874119,-33.00
2025-11-18 15:13:27.877604,599617536226874119,-40.00
2025-11-18 15:13:27.877604,599617536226874119,-43.00
2025-11-18 15:13:27.877604,599617536226874119,-60.00
2025-11-18 15:13:27.877604,599617536226874119,-52.00
2025-11-18 15:13:27.877604,599617536226874119,67.00
2025-11-18 15:13:28.447775,599617536787571158,301.00
2025-11-18 15:13:28.447775,599617536787571158,527.00
2025-11-18 15:13:28.447775,599617536787571158,488.00
2025-11-18 15:13:28.447775,599617536787571158,89.00
2025-11-18 15:13:28.447775,599617536787571158,-250.00
2025-11-18 15:13:28.447775,599617536787571158,-231.00
2025-11-18 15:13:28.447775,599617536787571158,-122.00
2025-11-18 15:13:28.447775,599617536787571158,-103.00
2025-11-18 15:13:28.447775,599617536787571158,-72.00
2025-11-18 15:13:28.447775,599617536787571158,-40.00
2025-11-18 15:13:28.447775,599617536787571158,-50.00
2025-11-18 15:13:28.447775,599617536787571158,-50.00
2025-11-18 15:13:28.447775,599617536787571158,-31.00
2025-11-18 15:13:28.447775,599617536787571158,-24.00
2025-11-18 15:13:28.447775,599617536787571158,-24.00
2025-11-18 15:13:28.447775,599617536787571158,-21.00
2025-11-18 15:13:28.447775,599617536787571158,-14.00
2025-11-18 15:13:28.447775,599617536787571158,-12.00
2025-11-18 15:13:28.447775,599617536787571158,-9.00
2025-11-18 15:13:28.447775,599617536787571158,-7.00
2025-11-18 15:13:28.447775,599617536787571158,2.00
2025-11-18 15:13:28.447775,599617536787571158,14.00
2025-11-18 15:13:28.447775,599617536787571158,19.00
2025-11-18 15:13:28.447775,599617536787571158,19.00
2025-11-18 15:13:28.447775,599617536787571158,26.00
2025-11-18 15:13:28.447775,599617536787571158,40.00
2025-11-18 15:13:28.447775,599617536787571158,50.00
2025-11-18 15:13:28.447775,599617536787571158,52.00
2025-11-18 15:13:28.447775,599617536787571158,65.00
2025-11-18 15:13:28.447775,599617536787571158,81.00
2025-11-18 15:13:28.447775,599617536787571158,93.00
2025-11-18 15:13:28.447775,599617536787571158,103.00
2025-11-18 15:13:28.447775,599617536787571158,120.00
2025-11-18 15:13:28.447775,599617536787571158,137.00
2025-11-18 15:13:28.447775,599617536787571158,144.00
2025-11-18 15:13:28.447775,599617536787571158,149.00
2025-11-18 15:13:28.447775,599617536787571158,149.00
2025-11-18 15:13:28.447775,599617536787571158,137.00
2025-11-18 15:13:28.447775,599617536787571158,122.00
2025-11-18 15:13:28.447775,599617536787571158,105.00
2025-11-18 15:13:28.447775,599617536787571158,72.00
2025-11-18 15:13:28.447775,599617536787571158,36.00
2025-11-18 15:13:28.447775,599617536787571158,-2.00
2025-11-18 15:13:28.447775,599617536787571158,-38.00
2025-11-18 15:13:28.447775,599617536787571158,-67.00
2025-11-18 15:13:28.447775,599617536787571158,-84.00
2025-11-18 15:13:28.447775,599617536787571158,-96.00
2025-11-18 15:13:28.447775,599617536787571158,-105.00
2025-11-18 15:13:28.447775,599617536787571158,-115.00
2025-11-18 15:13:28.447775,599617536787571158,-115.00
2025-11-18 15:13:28.447775,599617536787571158,-113.00
2025-11-18 15:13:28.447775,599617536787571158,-110.00
2025-11-18 15:13:28.447775,599617536787571158,-110.00
2025-11-18 15:13:28.447775,599617536787571158,-105.00
2025-11-18 15:13:28.447775,599617536787571158,-101.00
2025-11-18 15:13:28.447775,599617536787571158,-96.00
2025-11-18 15:13:28.447775,599617536787571158,-89.00
2025-11-18 15:13:28.447775,599617536787571158,-91.00
2025-11-18 15:13:28.447775,599617536787571158,-91.00
2025-11-18 15:13:28.447775,599617536787571158,-86.00
2025-11-18 15:13:28.447775,599617536787571158,-74.00
2025-11-18 15:13:28.447775,599617536787571158,-72.00
2025-11-18 15:13:28.447775,599617536787571158,-81.00
2025-11-18 15:13:28.447775,599617536787571158,-79.00
2025-11-18 15:13:28.447775,599617536787571158,-69.00
2025-11-18 15:13:28.447775,599617536787571158,-67.00
2025-11-18 15:13:28.447775,599617536787571158,-69.00
2025-11-18 15:13:28.447775,599617536787571158,-69.00
2025-11-18 15:13:28.447775,599617536787571158,-69.00
2025-11-18 15:13:28.447775,599617536787571158,-69.00
2025-11-18 15:13:28.447775,599617536787571158,-69.00
2025-11-18 15:13:28.447775,599617536787571158,-74.00
2025-11-18 15:13:28.447775,599617536787571158,-72.00
2025-11-18 15:13:29.047881,599617537348237685,-69.00
2025-11-18 15:13:29.047881,599617537348237685,-77.00
2025-11-18 15:13:29.047881,599617537348237685,-77.00
2025-11-18 15:13:29.047881,599617537348237685,-74.00
2025-11-18 15:13:29.047881,599617537348237685,-74.00
2025-11-18 15:13:29.047881,599617537348237685,-69.00
2025-11-18 15:13:29.047881,599617537348237685,-65.00
2025-11-18 15:13:29.047881,599617537348237685,-69.00
2025-11-18 15:13:29.047881,599617537348237685,-69.00
2025-11-18 15:13:29.047881,599617537348237685,-67.00
2025-11-18 15:13:29.047881,599617537348237685,-69.00
2025-11-18 15:13:29.047881,599617537348237685,-72.00
2025-11-18 15:13:29.047881,599617537348237685,-65.00
2025-11-18 15:13:29.047881,599617537348237685,-62.00
2025-11-18 15:13:29.047881,599617537348237685,-69.00
2025-11-18 15:13:29.047881,599617537348237685,-72.00
2025-11-18 15:13:29.047881,599617537348237685,-69.00
2025-11-18 15:13:29.047881,599617537348237685,-67.00
2025-11-18 15:13:29.047881,599617537348237685,-72.00
2025-11-18 15:13:29.047881,599617537348237685,-69.00
2025-11-18 15:13:29.047881,599617537348237685,-62.00
2025-11-18 15:13:29.047881,599617537348237685,-62.00
2025-11-18 15:13:29.047881,599617537348237685,-67.00
2025-11-18 15:13:29.047881,599617537348237685,-69.00
2025-11-18 15:13:29.047881,599617537348237685,-65.00
2025-11-18 15:13:29.047881,599617537348237685,-62.00
2025-11-18 15:13:29.047881,599617537348237685,-60.00
2025-11-18 15:13:29.047881,599617537348237685,-60.00
2025-11-18 15:13:29.047881,599617537348237685,-67.00
2025-11-18 15:13:29.047881,599617537348237685,-65.00
2025-11-18 15:13:29.047881,599617537348237685,-60.00
2025-11-18 15:13:29.047881,599617537348237685,-65.00
2025-11-18 15:13:29.047881,599617537348237685,-69.00
2025-11-18 15:13:29.047881,599617537348237685,-65.00
2025-11-18 15:13:29.047881,599617537348237685,-60.00
2025-11-18 15:13:29.047881,599617537348237685,-65.00
2025-11-18 15:13:29.047881,599617537348237685,-67.00
2025-11-18 15:13:29.047881,599617537348237685,-60.00
2025-11-18 15:13:29.047881,599617537348237685,-43.00
2025-11-18 15:13:29.047881,599617537348237685,-36.00
2025-11-18 15:13:29.047881,599617537348237685,-36.00
2025-11-18 15:13:29.047881,599617537348237685,-28.00
2025-11-18 15:13:29.047881,599617537348237685,-24.00
2025-11-18 15:13:29.047881,599617537348237685,-40.00
2025-11-18 15:13:29.047881,599617537348237685,-52.00
2025-11-18 15:13:29.047881,599617537348237685,-52.00
2025-11-18 15:13:29.047881,599617537348237685,-52.00
2025-11-18 15:13:29.047881,599617537348237685,-62.00
2025-11-18 15:13:29.047881,599617537348237685,-72.00
2025-11-18 15:13:29.047881,599617537348237685,-62.00
2025-11-18 15:13:29.047881,599617537348237685,-57.00
2025-11-18 15:13:29.047881,599617537348237685,-62.00
2025-11-18 15:13:29.047881,599617537348237685,-60.00
2025-11-18 15:13:29.047881,599617537348237685,-57.00
2025-11-18 15:13:29.047881,599617537348237685,-62.00
2025-11-18 15:13:29.047881,599617537348237685,-60.00
2025-11-18 15:13:29.047881,599617537348237685,-74.00
2025-11-18 15:13:29.047881,599617537348237685,-101.00
2025-11-18 15:13:29.047881,599617537348237685,-7.00
2025-11-18 15:13:29.047881,599617537348237685,243.00
2025-11-18 15:13:29.047881,599617537348237685,488.00
2025-11-18 15:13:29.047881,599617537348237685,467.00
2025-11-18 15:13:29.047881,599617537348237685,69.00
2025-11-18 15:13:29.047881,599617537348237685,-308.00
2025-11-18 15:13:29.047881,599617537348237685,-325.00
2025-11-18 15:13:29.047881,599617537348237685,-209.00
2025-11-18 15:13:29.047881,599617537348237685,-156.00
2025-11-18 15:13:29.047881,599617537348237685,-101.00
2025-11-18 15:13:29.047881,599617537348237685,-60.00
2025-11-18 15:13:29.047881,599617537348237685,-62.00
2025-11-18 15:13:29.047881,599617537348237685,-65.00
2025-11-18 15:13:29.047881,599617537348237685,-45.00
2025-11-18 15:13:29.047881,599617537348237685,-33.00
2025-11-18 15:13:29.586319,599617537908934726,-36.00
2025-11-18 15:13:29.586319,599617537908934726,-38.00
2025-11-18 15:13:29.586319,599617537908934726,-33.00
2025-11-18 15:13:29.586319,599617537908934726,-24.00
2025-11-18 15:13:29.586319,599617537908934726,-14.00
2025-11-18 15:13:29.586319,599617537908934726,-12.00
2025-11-18 15:13:29.586319,599617537908934726,-9.00
2025-11-18 15:13:29.586319,599617537908934726,-4.00
2025-11-18 15:13:29.586319,599617537908934726,4.00
2025-11-18 15:13:29.586319,599617537908934726,9.00
2025-11-18 15:13:29.586319,599617537908934726,19.00
2025-11-18 15:13:29.586319,599617537908934726,28.00
2025-11-18 15:13:29.586319,599617537908934726,33.00
2025-11-18 15:13:29.586319,599617537908934726,38.00
2025-11-18 15:13:29.586319,599617537908934726,48.00
2025-11-18 15:13:29.586319,599617537908934726,60.00
2025-11-18 15:13:29.586319,599617537908934726,72.00
2025-11-18 15:13:29.586319,599617537908934726,86.00
2025-11-18 15:13:29.586319,599617537908934726,103.00
2025-11-18 15:13:29.586319,599617537908934726,118.00
2025-11-18 15:13:29.586319,599617537908934726,122.00
2025-11-18 15:13:29.586319,599617537908934726,122.00
2025-11-18 15:13:29.586319,599617537908934726,125.00
2025-11-18 15:13:29.586319,599617537908934726,125.00
2025-11-18 15:13:29.586319,599617537908934726,108.00
2025-11-18 15:13:29.586319,599617537908934726,74.00
2025-11-18 15:13:29.586319,599617537908934726,43.00
2025-11-18 15:13:29.586319,599617537908934726,9.00
2025-11-18 15:13:29.586319,599617537908934726,-28.00
2025-11-18 15:13:29.586319,599617537908934726,-62.00
2025-11-18 15:13:29.586319,599617537908934726,-93.00
2025-11-18 15:13:29.586319,599617537908934726,-118.00
2025-11-18 15:13:29.586319,599617537908934726,-127.00
2025-11-18 15:13:29.586319,599617537908934726,-132.00
2025-11-18 15:13:29.586319,599617537908934726,-134.00
2025-11-18 15:13:29.586319,599617537908934726,-132.00
2025-11-18 15:13:29.586319,599617537908934726,-130.00
2025-11-18 15:13:29.586319,599617537908934726,-125.00
2025-11-18 15:13:29.586319,599617537908934726,-122.00
2025-11-18 15:13:29.586319,599617537908934726,-122.00
2025-11-18 15:13:29.586319,599617537908934726,-115.00
2025-11-18 15:13:29.586319,599617537908934726,-98.00
2025-11-18 15:13:29.586319,599617537908934726,-91.00
2025-11-18 15:13:29.586319,599617537908934726,-93.00
2025-11-18 15:13:29.586319,599617537908934726,-89.00
2025-11-18 15:13:29.586319,599617537908934726,-81.00
2025-11-18 15:13:29.586319,599617537908934726,-79.00
2025-11-18 15:13:29.586319,599617537908934726,-77.00
2025-11-18 15:13:29.586319,599617537908934726,-74.00
2025-11-18 15:13:29.586319,599617537908934726,-69.00
2025-11-18 15:13:29.586319,599617537908934726,-67.00
2025-11-18 15:13:29.586319,599617537908934726,-67.00
2025-11-18 15:13:29.586319,599617537908934726,-67.00
2025-11-18 15:13:29.586319,599617537908934726,-65.00
2025-11-18 15:13:29.586319,599617537908934726,-65.00
2025-11-18 15:13:29.586319,599617537908934726,-62.00
2025-11-18 15:13:29.586319,599617537908934726,-62.00
2025-11-18 15:13:29.586319,599617537908934726,-60.00
2025-11-18 15:13:29.586319,599617537908934726,-57.00
2025-11-18 15:13:29.586319,599617537908934726,-55.00
2025-11-18 15:13:29.586319,599617537908934726,-55.00
2025-11-18 15:13:29.586319,599617537908934726,-60.00
2025-11-18 15:13:29.586319,599617537908934726,-62.00
2025-11-18 15:13:29.586319,599617537908934726,-52.00
2025-11-18 15:13:29.586319,599617537908934726,-45.00
2025-11-18 15:13:29.586319,599617537908934726,-48.00
2025-11-18 15:13:29.586319,599617537908934726,-45.00
2025-11-18 15:13:29.586319,599617537908934726,-40.00
2025-11-18 15:13:29.586319,599617537908934726,-33.00
2025-11-18 15:13:29.586319,599617537908934726,-28.00
2025-11-18 15:13:29.586319,599617537908934726,-36.00
2025-11-18 15:13:29.586319,599617537908934726,-36.00
2025-11-18 15:13:29.586319,599617537908934726,-28.00
2025-11-18 15:13:30.156363,599617538469631767,-36.00
2025-11-18 15:13:30.156363,599617538469631767,-38.00
2025-11-18 15:13:30.156363,599617538469631767,-24.00
2025-11-18 15:13:30.156363,599617538469631767,-19.00
2025-11-18 15:13:30.156363,599617538469631767,-24.00
2025-11-18 15:13:30.156363,599617538469631767,-16.00
2025-11-18 15:13:30.156363,599617538469631767,-7.00
2025-11-18 15:13:30.156363,599617538469631767,-2.00
2025-11-18 15:13:30.156363,599617538469631767,12.00
2025-11-18 15:13:30.156363,599617538469631767,28.00
2025-11-18 15:13:30.156363,599617538469631767,26.00
2025-11-18 15:13:30.156363,599617538469631767,14.00
2025-11-18 15:13:30.156363,599617538469631767,0.00
2025-11-18 15:13:30.156363,599617538469631767,-9.00
2025-11-18 15:13:30.156363,599617538469631767,-12.00
2025-11-18 15:13:30.156363,599617538469631767,-14.00
2025-11-18 15:13:30.156363,599617538469631767,-21.00
2025-11-18 15:13:30.156363,599617538469631767,-21.00
2025-11-18 15:13:30.156363,599617538469631767,-21.00
2025-11-18 15:13:30.156363,599617538469631767,-24.00
2025-11-18 15:13:30.156363,599617538469631767,-28.00
2025-11-18 15:13:30.156363,599617538469631767,-31.00
2025-11-18 15:13:30.156363,599617538469631767,-33.00
2025-11-18 15:13:30.156363,599617538469631767,-33.00
2025-11-18 15:13:30.156363,599617538469631767,-43.00
2025-11-18 15:13:30.156363,599617538469631767,-67.00
2025-11-18 15:13:30.156363,599617538469631767,-31.00
2025-11-18 15:13:30.156363,599617538469631767,144.00
2025-11-18 15:13:30.156363,599617538469631767,411.00
2025-11-18 15:13:30.156363,599617538469631767,563.00
2025-11-18 15:13:30.156363,599617538469631767,346.00
2025-11-18 15:13:30.156363,599617538469631767,-105.00
2025-11-18 15:13:30.156363,599617538469631767,-293.00
2025-11-18 15:13:30.156363,599617538469631767,-197.00
2025-11-18 15:13:30.156363,599617538469631767,-127.00
2025-11-18 15:13:30.156363,599617538469631767,-98.00
2025-11-18 15:13:30.156363,599617538469631767,-52.00
2025-11-18 15:13:30.156363,599617538469631767,-38.00
2025-11-18 15:13:30.156363,599617538469631767,-50.00
2025-11-18 15:13:30.156363,599617538469631767,-38.00
2025-11-18 15:13:30.156363,599617538469631767,-24.00
2025-11-18 15:13:30.156363,599617538469631767,-24.00
2025-11-18 15:13:30.156363,599617538469631767,-21.00
2025-11-18 15:13:30.156363,599617538469631767,-14.00
2025-11-18 15:13:30.156363,599617538469631767,-7.00
2025-11-18 15:13:30.156363,599617538469631767,0.00
2025-11-18 15:13:30.156363,599617538469631767,7.00
2025-11-18 15:13:30.156363,599617538469631767,9.00
2025-11-18 15:13:30.156363,599617538469631767,12.00
2025-11-18 15:13:30.156363,599617538469631767,21.00
2025-11-18 15:13:30.156363,599617538469631767,28.00
2025-11-18 15:13:30.156363,599617538469631767,31.00
2025-11-18 15:13:30.156363,599617538469631767,38.00
2025-11-18 15:13:30.156363,599617538469631767,48.00
2025-11-18 15:13:30.156363,599617538469631767,52.00
2025-11-18 15:13:30.156363,599617538469631767,62.00
2025-11-18 15:13:30.156363,599617538469631767,77.00
2025-11-18 15:13:30.156363,599617538469631767,91.00
2025-11-18 15:13:30.156363,599617538469631767,103.00
2025-11-18 15:13:30.156363,599617538469631767,113.00
2025-11-18 15:13:30.156363,599617538469631767,125.00
2025-11-18 15:13:30.156363,599617538469631767,137.00
2025-11-18 15:13:30.156363,599617538469631767,142.00
2025-11-18 15:13:30.156363,599617538469631767,142.00
2025-11-18 15:13:30.156363,599617538469631767,134.00
2025-11-18 15:13:30.156363,599617538469631767,120.00
2025-11-18 15:13:30.156363,599617538469631767,96.00
2025-11-18 15:13:30.156363,599617538469631767,62.00
2025-11-18 15:13:30.156363,599617538469631767,21.00
2025-11-18 15:13:30.156363,599617538469631767,-16.00
2025-11-18 15:13:30.156363,599617538469631767,-52.00
2025-11-18 15:13:30.156363,599617538469631767,-81.00
2025-11-18 15:13:30.156363,599617538469631767,-101.00
2025-11-18 15:13:30.696220,599617539030328808,-113.00
2025-11-18 15:13:30.696220,599617539030328808,-120.00
2025-11-18 15:13:30.696220,599617539030328808,-125.00
2025-11-18 15:13:30.696220,599617539030328808,-127.00
2025-11-18 15:13:30.696220,599617539030328808,-125.00
2025-11-18 15:13:30.696220,599617539030328808,-120.00
2025-11-18 15:13:30.696220,599617539030328808,-118.00
2025-11-18 15:13:30.696220,599617539030328808,-113.00
2025-11-18 15:13:30.696220,599617539030328808,-103.00
2025-11-18 15:13:30.696220,599617539030328808,-96.00
2025-11-18 15:13:30.696220,599617539030328808,-91.00
2025-11-18 15:13:30.696220,599617539030328808,-89.00
2025-11-18 15:13:30.696220,599617539030328808,-86.00
2025-11-18 15:13:30.696220,599617539030328808,-81.00
2025-11-18 15:13:30.696220,599617539030328808,-79.00
2025-11-18 15:13:30.696220,599617539030328808,-77.00
2025-11-18 15:13:30.696220,599617539030328808,-72.00
2025-11-18 15:13:30.696220,599617539030328808,-69.00
2025-11-18 15:13:30.696220,599617539030328808,-67.00
2025-11-18 15:13:30.696220,599617539030328808,-67.00
2025-11-18 15:13:30.696220,599617539030328808,-67.00
2025-11-18 15:13:30.696220,599617539030328808,-69.00
2025-11-18 15:13:30.696220,599617539030328808,-69.00
2025-11-18 15:13:30.696220,599617539030328808,-72.00
2025-11-18 15:13:30.696220,599617539030328808,-69.00
2025-11-18 15:13:30.696220,599617539030328808,-69.00
2025-11-18 15:13:30.696220,599617539030328808,-69.00
2025-11-18 15:13:30.696220,599617539030328808,-69.00
2025-11-18 15:13:30.696220,599617539030328808,-72.00
2025-11-18 15:13:30.696220,599617539030328808,-69.00
2025-11-18 15:13:30.696220,599617539030328808,-67.00
2025-11-18 15:13:30.696220,599617539030328808,-62.00
2025-11-18 15:13:30.696220,599617539030328808,-62.00
2025-11-18 15:13:30.696220,599617539030328808,-62.00
2025-11-18 15:13:30.696220,599617539030328808,-62.00
2025-11-18 15:13:30.696220,599617539030328808,-62.00
2025-11-18 15:13:30.696220,599617539030328808,-60.00
2025-11-18 15:13:30.696220,599617539030328808,-57.00
2025-11-18 15:13:30.696220,599617539030328808,-52.00
2025-11-18 15:13:30.696220,599617539030328808,-52.00
2025-11-18 15:13:30.696220,599617539030328808,-55.00
2025-11-18 15:13:30.696220,599617539030328808,-55.00
2025-11-18 15:13:30.696220,599617539030328808,-50.00
2025-11-18 15:13:30.696220,599617539030328808,-50.00
2025-11-18 15:13:30.696220,599617539030328808,-52.00
2025-11-18 15:13:30.696220,599617539030328808,-52.00
2025-11-18 15:13:30.696220,599617539030328808,-50.00
2025-11-18 15:13:30.696220,599617539030328808,-48.00
2025-11-18 15:13:30.696220,599617539030328808,-43.00
2025-11-18 15:13:30.696220,599617539030328808,-45.00
2025-11-18 15:13:30.696220,599617539030328808,-48.00
2025-11-18 15:13:30.696220,599617539030328808,-50.00
2025-11-18 15:13:30.696220,599617539030328808,-48.00
2025-11-18 15:13:30.696220,599617539030328808,-45.00
2025-11-18 15:13:30.696220,599617539030328808,-48.00
2025-11-18 15:13:30.696220,599617539030328808,-50.00
2025-11-18 15:13:30.696220,599617539030328808,-48.00
2025-11-18 15:13:30.696220,599617539030328808,-43.00
2025-11-18 15:13:30.696220,599617539030328808,-40.00
2025-11-18 15:13:30.696220,599617539030328808,-36.00
2025-11-18 15:13:30.696220,599617539030328808,-26.00
2025-11-18 15:13:30.696220,599617539030328808,-14.00
2025-11-18 15:13:30.696220,599617539030328808,-12.00
2025-11-18 15:13:30.696220,599617539030328808,-24.00
2025-11-18 15:13:30.696220,599617539030328808,-38.00
2025-11-18 15:13:30.696220,599617539030328808,-45.00
2025-11-18 15:13:30.696220,599617539030328808,-48.00
2025-11-18 15:13:30.696220,599617539030328808,-48.00
2025-11-18 15:13:30.696220,599617539030328808,-55.00
2025-11-18 15:13:30.696220,599617539030328808,-57.00
2025-11-18 15:13:30.696220,599617539030328808,-60.00
2025-11-18 15:13:30.696220,599617539030328808,-62.00
2025-11-18 15:13:30.696220,599617539030328808,-62.00
2025-11-18 15:13:31.238162,599617539591025849,-57.00
2025-11-18 15:13:31.238162,599617539591025849,-57.00
2025-11-18 15:13:31.238162,599617539591025849,-62.00
2025-11-18 15:13:31.238162,599617539591025849,-72.00
2025-11-18 15:13:31.238162,599617539591025849,-91.00
2025-11-18 15:13:31.238162,599617539591025849,-65.00
2025-11-18 15:13:31.238162,599617539591025849,96.00
2025-11-18 15:13:31.238162,599617539591025849,354.00
2025-11-18 15:13:31.238162,599617539591025849,527.00
2025-11-18 15:13:31.238162,599617539591025849,358.00
2025-11-18 15:13:31.238162,599617539591025849,-77.00
2025-11-18 15:13:31.238162,599617539591025849,-298.00
2025-11-18 15:13:31.238162,599617539591025849,-221.00
2025-11-18 15:13:31.238162,599617539591025849,-146.00
2025-11-18 15:13:31.238162,599617539591025849,-122.00
2025-11-18 15:13:31.238162,599617539591025849,-74.00
2025-11-18 15:13:31.238162,599617539591025849,-57.00
2025-11-18 15:13:31.238162,599617539591025849,-72.00
2025-11-18 15:13:31.238162,599617539591025849,-60.00
2025-11-18 15:13:31.238162,599617539591025849,-40.00
2025-11-18 15:13:31.238162,599617539591025849,-40.00
2025-11-18 15:13:31.238162,599617539591025849,-40.00
2025-11-18 15:13:31.238162,599617539591025849,-36.00
2025-11-18 15:13:31.238162,599617539591025849,-31.00
2025-11-18 15:13:31.238162,599617539591025849,-24.00
2025-11-18 15:13:31.238162,599617539591025849,-16.00
2025-11-18 15:13:31.238162,599617539591025849,-14.00
2025-11-18 15:13:31.238162,599617539591025849,-9.00
2025-11-18 15:13:31.238162,599617539591025849,-4.00
2025-11-18 15:13:31.238162,599617539591025849,2.00
2025-11-18 15:13:31.238162,599617539591025849,12.00
2025-11-18 15:13:31.238162,599617539591025849,21.00
2025-11-18 15:13:31.238162,599617539591025849,26.00
2025-11-18 15:13:31.238162,599617539591025849,33.00
2025-11-18 15:13:31.238162,599617539591025849,45.00
2025-11-18 15:13:31.238162,599617539591025849,57.00
2025-11-18 15:13:31.238162,599617539591025849,72.00
2025-11-18 15:13:31.238162,599617539591025849,84.00
2025-11-18 15:13:31.238162,599617539591025849,96.00
2025-11-18 15:13:31.238162,599617539591025849,105.00
2025-11-18 15:13:31.238162,599617539591025849,118.00
2025-11-18 15:13:31.238162,599617539591025849,125.00
2025-11-18 15:13:31.238162,599617539591025849,125.00
2025-11-18 15:13:31.238162,599617539591025849,122.00
2025-11-18 15:13:31.238162,599617539591025849,115.00
2025-11-18 15:13:31.238162,599617539591025849,98.00
2025-11-18 15:13:31.238162,599617539591025849,74.00
2025-11-18 15:13:31.238162,599617539591025849,36.00
2025-11-18 15:13:31.238162,599617539591025849,-2.00
2025-11-18 15:13:31.238162,599617539591025849,-33.00
2025-11-18 15:13:31.238162,599617539591025849,-62.00
2025-11-18 15:13:31.238162,599617539591025849,-89.00
2025-11-18 15:13:31.238162,599617539591025849,-108.00
2025-11-18 15:13:31.238162,599617539591025849,-118.00
2025-11-18 15:13:31.238162,599617539591025849,-122.00
2025-11-18 15:13:31.238162,599617539591025849,-125.00
2025-11-18 15:13:31.238162,599617539591025849,-127.00
2025-11-18 15:13:31.238162,599617539591025849,-127.00
2025-11-18 15:13:31.238162,599617539591025849,-120.00
2025-11-18 15:13:31.238162,599617539591025849,-115.00
2025-11-18 15:13:31.238162,599617539591025849,-110.00
2025-11-18 15:13:31.238162,599617539591025849,-110.00
2025-11-18 15:13:31.238162,599617539591025849,-105.00
2025-11-18 15:13:31.238162,599617539591025849,-101.00
2025-11-18 15:13:31.238162,599617539591025849,-96.00
2025-11-18 15:13:31.238162,599617539591025849,-91.00
2025-11-18 15:13:31.238162,599617539591025849,-84.00
2025-11-18 15:13:31.238162,599617539591025849,-79.00
2025-11-18 15:13:31.238162,599617539591025849,-79.00
2025-11-18 15:13:31.238162,599617539591025849,-77.00
2025-11-18 15:13:31.238162,599617539591025849,-72.00
2025-11-18 15:13:31.238162,599617539591025849,-69.00
2025-11-18 15:13:31.238162,599617539591025849,-69.00
2025-11-18 15:13:31.808142,599617540151722890,-69.00
2025-11-18 15:13:31.808142,599617540151722890,-67.00
2025-11-18 15:13:31.808142,599617540151722890,-69.00
2025-11-18 15:13:31.808142,599617540151722890,-74.00
2025-11-18 15:13:31.808142,599617540151722890,-74.00
2025-11-18 15:13:31.808142,599617540151722890,-69.00
2025-11-18 15:13:31.808142,599617540151722890,-67.00
2025-11-18 15:13:31.808142,599617540151722890,-67.00
2025-11-18 15:13:31.808142,599617540151722890,-62.00
2025-11-18 15:13:31.808142,599617540151722890,-60.00
2025-11-18 15:13:31.808142,599617540151722890,-60.00
2025-11-18 15:13:31.808142,599617540151722890,-60.00
2025-11-18 15:13:31.808142,599617540151722890,-57.00
2025-11-18 15:13:31.808142,599617540151722890,-57.00
2025-11-18 15:13:31.808142,599617540151722890,-57.00
2025-11-18 15:13:31.808142,599617540151722890,-52.00
2025-11-18 15:13:31.808142,599617540151722890,-52.00
2025-11-18 15:13:31.808142,599617540151722890,-52.00
2025-11-18 15:13:31.808142,599617540151722890,-45.00
2025-11-18 15:13:31.808142,599617540151722890,-43.00
2025-11-18 15:13:31.808142,599617540151722890,-45.00
2025-11-18 15:13:31.808142,599617540151722890,-45.00
2025-11-18 15:13:31.808142,599617540151722890,-43.00
2025-11-18 15:13:31.808142,599617540151722890,-45.00
2025-11-18 15:13:31.808142,599617540151722890,-43.00
2025-11-18 15:13:31.808142,599617540151722890,-38.00
2025-11-18 15:13:31.808142,599617540151722890,-36.00
2025-11-18 15:13:31.808142,599617540151722890,-38.00
2025-11-18 15:13:31.808142,599617540151722890,-40.00
2025-11-18 15:13:31.808142,599617540151722890,-40.00
2025-11-18 15:13:31.808142,599617540151722890,-38.00
2025-11-18 15:13:31.808142,599617540151722890,-38.00
2025-11-18 15:13:31.808142,599617540151722890,-33.00
2025-11-18 15:13:31.808142,599617540151722890,-28.00
2025-11-18 15:13:31.808142,599617540151722890,-28.00
2025-11-18 15:13:31.808142,599617540151722890,-26.00
2025-11-18 15:13:31.808142,599617540151722890,-26.00
2025-11-18 15:13:31.808142,599617540151722890,-26.00
2025-11-18 15:13:31.808142,599617540151722890,-16.00
2025-11-18 15:13:31.808142,599617540151722890,-7.00
2025-11-18 15:13:31.808142,599617540151722890,-2.00
2025-11-18 15:13:31.808142,599617540151722890,7.00
2025-11-18 15:13:31.808142,599617540151722890,19.00
2025-11-18 15:13:31.808142,599617540151722890,19.00
2025-11-18 15:13:31.808142,599617540151722890,2.00
2025-11-18 15:13:31.808142,599617540151722890,-7.00
2025-11-18 15:13:31.808142,599617540151722890,-14.00
2025-11-18 15:13:31.808142,599617540151722890,-16.00
2025-11-18 15:13:31.808142,599617540151722890,-19.00
2025-11-18 15:13:31.808142,599617540151722890,-24.00
2025-11-18 15:13:31.808142,599617540151722890,-24.00
2025-11-18 15:13:31.808142,599617540151722890,-24.00
2025-11-18 15:13:31.808142,599617540151722890,-28.00
2025-11-18 15:13:31.808142,599617540151722890,-28.00
2025-11-18 15:13:31.808142,599617540151722890,-31.00
2025-11-18 15:13:31.808142,599617540151722890,-33.00
2025-11-18 15:13:31.808142,599617540151722890,-33.00
2025-11-18 15:13:31.808142,599617540151722890,-43.00
2025-11-18 15:13:31.808142,599617540151722890,-62.00
2025-11-18 15:13:31.808142,599617540151722890,-33.00
2025-11-18 15:13:31.808142,599617540151722890,125.00
2025-11-18 15:13:31.808142,599617540151722890,368.00
2025-11-18 15:13:31.808142,599617540151722890,527.00
2025-11-18 15:13:31.808142,599617540151722890,361.00
2025-11-18 15:13:31.808142,599617540151722890,-60.00
2025-11-18 15:13:31.808142,599617540151722890,-272.00
2025-11-18 15:13:31.808142,599617540151722890,-187.00
2025-11-18 15:13:31.808142,599617540151722890,-113.00
2025-11-18 15:13:31.808142,599617540151722890,-91.00
2025-11-18 15:13:31.808142,599617540151722890,-52.00
2025-11-18 15:13:31.808142,599617540151722890,-40.00
2025-11-18 15:13:31.808142,599617540151722890,-55.00
2025-11-18 15:13:31.808142,599617540151722890,-45.00
2025-11-18 15:13:32.407031,599617540712419933,-31.00
2025-11-18 15:13:32.407031,599617540712419933,-28.00
2025-11-18 15:13:32.407031,599617540712419933,-26.00
2025-11-18 15:13:32.407031,599617540712419933,-21.00
2025-11-18 15:13:32.407031,599617540712419933,-21.00
2025-11-18 15:13:32.407031,599617540712419933,-16.00
2025-11-18 15:13:32.407031,599617540712419933,-9.00
2025-11-18 15:13:32.407031,599617540712419933,-7.00
2025-11-18 15:13:32.407031,599617540712419933,-2.00
2025-11-18 15:13:32.407031,599617540712419933,4.00
2025-11-18 15:13:32.407031,599617540712419933,7.00
2025-11-18 15:13:32.407031,599617540712419933,7.00
2025-11-18 15:13:32.407031,599617540712419933,12.00
2025-11-18 15:13:32.407031,599617540712419933,21.00
2025-11-18 15:13:32.407031,599617540712419933,31.00
2025-11-18 15:13:32.407031,599617540712419933,38.00
2025-11-18 15:13:32.407031,599617540712419933,50.00
2025-11-18 15:13:32.407031,599617540712419933,65.00
2025-11-18 15:13:32.407031,599617540712419933,74.00
2025-11-18 15:13:32.407031,599617540712419933,79.00
2025-11-18 15:13:32.407031,599617540712419933,93.00
2025-11-18 15:13:32.407031,599617540712419933,105.00
2025-11-18 15:13:32.407031,599617540712419933,113.00
2025-11-18 15:13:32.407031,599617540712419933,113.00
2025-11-18 15:13:32.407031,599617540712419933,108.00
2025-11-18 15:13:32.407031,599617540712419933,96.00
2025-11-18 15:13:32.407031,599617540712419933,77.00
2025-11-18 15:13:32.407031,599617540712419933,48.00
2025-11-18 15:13:32.407031,599617540712419933,7.00
2025-11-18 15:13:32.407031,599617540712419933,-33.00
2025-11-18 15:13:32.407031,599617540712419933,-60.00
2025-11-18 15:13:32.407031,599617540712419933,-86.00
2025-11-18 15:13:32.407031,599617540712419933,-113.00
2025-11-18 15:13:32.407031,599617540712419933,-132.00
2025-11-18 15:13:32.407031,599617540712419933,-139.00
2025-11-18 15:13:32.407031,599617540712419933,-142.00
2025-11-18 15:13:32.407031,599617540712419933,-146.00
2025-11-18 15:13:32.407031,599617540712419933,-144.00
2025-11-18 15:13:32.407031,599617540712419933,-144.00
2025-11-18 15:13:32.407031,599617540712419933,-142.00
2025-11-18 15:13:32.407031,599617540712419933,-134.00
2025-11-18 15:13:32.407031,599617540712419933,-130.00
2025-11-18 15:13:32.407031,599617540712419933,-127.00
2025-11-18 15:13:32.407031,599617540712419933,-125.00
2025-11-18 15:13:32.407031,599617540712419933,-120.00
2025-11-18 15:13:32.407031,599617540712419933,-113.00
2025-11-18 15:13:32.407031,599617540712419933,-103.00
2025-11-18 15:13:32.407031,599617540712419933,-98.00
2025-11-18 15:13:32.407031,599617540712419933,-101.00
2025-11-18 15:13:32.407031,599617540712419933,-96.00
2025-11-18 15:13:32.407031,599617540712419933,-91.00
2025-11-18 15:13:32.407031,599617540712419933,-91.00
2025-11-18 15:13:32.407031,599617540712419933,-91.00
2025-11-18 15:13:32.407031,599617540712419933,-89.00
2025-11-18 15:13:32.407031,599617540712419933,-84.00
2025-11-18 15:13:32.407031,599617540712419933,-89.00
2025-11-18 15:13:32.407031,599617540712419933,-91.00
2025-11-18 15:13:32.407031,599617540712419933,-89.00
2025-11-18 15:13:32.407031,599617540712419933,-89.00
2025-11-18 15:13:32.407031,599617540712419933,-89.00
2025-11-18 15:13:32.407031,599617540712419933,-89.00
2025-11-18 15:13:32.407031,599617540712419933,-91.00
2025-11-18 15:13:32.407031,599617540712419933,-86.00
2025-11-18 15:13:32.407031,599617540712419933,-81.00
2025-11-18 15:13:32.407031,599617540712419933,-86.00
2025-11-18 15:13:32.407031,599617540712419933,-91.00
2025-11-18 15:13:32.407031,599617540712419933,-86.00
2025-11-18 15:13:32.407031,599617540712419933,-86.00
2025-11-18 15:13:32.407031,599617540712419933,-86.00
2025-11-18 15:13:32.407031,599617540712419933,-84.00
2025-11-18 15:13:32.407031,599617540712419933,-81.00
2025-11-18 15:13:32.407031,599617540712419933,-84.00
2025-11-18 15:13:32.407031,599617540712419933,-81.00
2025-11-18 15:13:33.007102,599617541273086456,-77.00
2025-11-18 15:13:33.007102,599617541273086456,-79.00
2025-11-18 15:13:33.007102,599617541273086456,-84.00
2025-11-18 15:13:33.007102,599617541273086456,-79.00
2025-11-18 15:13:33.007102,599617541273086456,-74.00
2025-11-18 15:13:33.007102,599617541273086456,-77.00
2025-11-18 15:13:33.007102,599617541273086456,-81.00
2025-11-18 15:13:33.007102,599617541273086456,-74.00
2025-11-18 15:13:33.007102,599617541273086456,-69.00
2025-11-18 15:13:33.007102,599617541273086456,-72.00
2025-11-18 15:13:33.007102,599617541273086456,-77.00
2025-11-18 15:13:33.007102,599617541273086456,-69.00
2025-11-18 15:13:33.007102,599617541273086456,-60.00
2025-11-18 15:13:33.007102,599617541273086456,-62.00
2025-11-18 15:13:33.007102,599617541273086456,-67.00
2025-11-18 15:13:33.007102,599617541273086456,-69.00
2025-11-18 15:13:33.007102,599617541273086456,-69.00
2025-11-18 15:13:33.007102,599617541273086456,-60.00
2025-11-18 15:13:33.007102,599617541273086456,-48.00
2025-11-18 15:13:33.007102,599617541273086456,-38.00
2025-11-18 15:13:33.007102,599617541273086456,-24.00
2025-11-18 15:13:33.007102,599617541273086456,-21.00
2025-11-18 15:13:33.007102,599617541273086456,-36.00
2025-11-18 15:13:33.007102,599617541273086456,-48.00
2025-11-18 15:13:33.007102,599617541273086456,-48.00
2025-11-18 15:13:33.007102,599617541273086456,-57.00
2025-11-18 15:13:33.007102,599617541273086456,-65.00
2025-11-18 15:13:33.007102,599617541273086456,-57.00
2025-11-18 15:13:33.007102,599617541273086456,-60.00
2025-11-18 15:13:33.007102,599617541273086456,-69.00
2025-11-18 15:13:33.007102,599617541273086456,-60.00
2025-11-18 15:13:33.007102,599617541273086456,-57.00
2025-11-18 15:13:33.007102,599617541273086456,-69.00
2025-11-18 15:13:33.007102,599617541273086456,-72.00
2025-11-18 15:13:33.007102,599617541273086456,-65.00
2025-11-18 15:13:33.007102,599617541273086456,-77.00
2025-11-18 15:13:33.007102,599617541273086456,-98.00
2025-11-18 15:13:33.007102,599617541273086456,-50.00
2025-11-18 15:13:33.007102,599617541273086456,137.00
2025-11-18 15:13:33.007102,599617541273086456,390.00
2025-11-18 15:13:33.007102,599617541273086456,496.00
2025-11-18 15:13:33.007102,599617541273086456,211.00
2025-11-18 15:13:33.007102,599617541273086456,-250.00
2025-11-18 15:13:33.007102,599617541273086456,-368.00
2025-11-18 15:13:33.007102,599617541273086456,-231.00
2025-11-18 15:13:33.007102,599617541273086456,-168.00
2025-11-18 15:13:33.007102,599617541273086456,-125.00
2025-11-18 15:13:33.007102,599617541273086456,-60.00
2025-11-18 15:13:33.007102,599617541273086456,-52.00
2025-11-18 15:13:33.007102,599617541273086456,-72.00
2025-11-18 15:13:33.007102,599617541273086456,-57.00
2025-11-18 15:13:33.007102,599617541273086456,-50.00
2025-11-18 15:13:33.007102,599617541273086456,-50.00
2025-11-18 15:13:33.007102,599617541273086456,-33.00
2025-11-18 15:13:33.007102,599617541273086456,-14.00
2025-11-18 15:13:33.007102,599617541273086456,-14.00
2025-11-18 15:13:33.007102,599617541273086456,-19.00
2025-11-18 15:13:33.007102,599617541273086456,-14.00
2025-11-18 15:13:33.007102,599617541273086456,0.00
2025-11-18 15:13:33.007102,599617541273086456,9.00
2025-11-18 15:13:33.007102,599617541273086456,9.00
2025-11-18 15:13:33.007102,599617541273086456,14.00
2025-11-18 15:13:33.007102,599617541273086456,26.00
2025-11-18 15:13:33.007102,599617541273086456,36.00
2025-11-18 15:13:33.007102,599617541273086456,43.00
2025-11-18 15:13:33.007102,599617541273086456,57.00
2025-11-18 15:13:33.007102,599617541273086456,67.00
2025-11-18 15:13:33.007102,599617541273086456,74.00
2025-11-18 15:13:33.007102,599617541273086456,86.00
2025-11-18 15:13:33.007102,599617541273086456,98.00
2025-11-18 15:13:33.007102,599617541273086456,108.00
2025-11-18 15:13:33.007102,599617541273086456,120.00
2025-11-18 15:13:33.007102,599617541273086456,132.00
2025-11-18 15:13:33.517479,599617541833783497,137.00
2025-11-18 15:13:33.517479,599617541833783497,142.00
2025-11-18 15:13:33.517479,599617541833783497,139.00
2025-11-18 15:13:33.517479,599617541833783497,122.00
2025-11-18 15:13:33.517479,599617541833783497,101.00
2025-11-18 15:13:33.517479,599617541833783497,72.00
2025-11-18 15:13:33.517479,599617541833783497,28.00
2025-11-18 15:13:33.517479,599617541833783497,-12.00
2025-11-18 15:13:33.517479,599617541833783497,-43.00
2025-11-18 15:13:33.517479,599617541833783497,-67.00
2025-11-18 15:13:33.517479,599617541833783497,-91.00
2025-11-18 15:13:33.517479,599617541833783497,-113.00
2025-11-18 15:13:33.517479,599617541833783497,-122.00
2025-11-18 15:13:33.517479,599617541833783497,-125.00
2025-11-18 15:13:33.517479,599617541833783497,-122.00
2025-11-18 15:13:33.517479,599617541833783497,-115.00
2025-11-18 15:13:33.517479,599617541833783497,-110.00
2025-11-18 15:13:33.517479,599617541833783497,-108.00
2025-11-18 15:13:33.517479,599617541833783497,-98.00
2025-11-18 15:13:33.517479,599617541833783497,-91.00
2025-11-18 15:13:33.517479,599617541833783497,-89.00
2025-11-18 15:13:33.517479,599617541833783497,-84.00
2025-11-18 15:13:33.517479,599617541833783497,-74.00
2025-11-18 15:13:33.517479,599617541833783497,-69.00
2025-11-18 15:13:33.517479,599617541833783497,-62.00
2025-11-18 15:13:33.517479,599617541833783497,-55.00
2025-11-18 15:13:33.517479,599617541833783497,-57.00
2025-11-18 15:13:33.517479,599617541833783497,-62.00
2025-11-18 15:13:33.517479,599617541833783497,-55.00
2025-11-18 15:13:33.517479,599617541833783497,-50.00
2025-11-18 15:13:33.517479,599617541833783497,-55.00
2025-11-18 15:13:33.517479,599617541833783497,-55.00
2025-11-18 15:13:33.517479,599617541833783497,-50.00
2025-11-18 15:13:33.517479,599617541833783497,-48.00
2025-11-18 15:13:33.517479,599617541833783497,-45.00
2025-11-18 15:13:33.517479,599617541833783497,-45.00
2025-11-18 15:13:33.517479,599617541833783497,-43.00
2025-11-18 15:13:33.517479,599617541833783497,-43.00
2025-11-18 15:13:33.517479,599617541833783497,-45.00
2025-11-18 15:13:33.517479,599617541833783497,-43.00
2025-11-18 15:13:33.517479,599617541833783497,-40.00
2025-11-18 15:13:33.517479,599617541833783497,-45.00
2025-11-18 15:13:33.517479,599617541833783497,-45.00
2025-11-18 15:13:33.517479,599617541833783497,-43.00
2025-11-18 15:13:33.517479,599617541833783497,-38.00
2025-11-18 15:13:33.517479,599617541833783497,-38.00
2025-11-18 15:13:33.517479,599617541833783497,-36.00
2025-11-18 15:13:33.517479,599617541833783497,-28.00
2025-11-18 15:13:33.517479,599617541833783497,-26.00
2025-11-18 15:13:33.517479,599617541833783497,-28.00
2025-11-18 15:13:33.517479,599617541833783497,-33.00
2025-11-18 15:13:33.517479,599617541833783497,-40.00
2025-11-18 15:13:33.517479,599617541833783497,-40.00
2025-11-18 15:13:33.517479,599617541833783497,-36.00
2025-11-18 15:13:33.517479,599617541833783497,-28.00
2025-11-18 15:13:33.517479,599617541833783497,-26.00
2025-11-18 15:13:33.517479,599617541833783497,-26.00
2025-11-18 15:13:33.517479,599617541833783497,-24.00
2025-11-18 15:13:33.517479,599617541833783497,-24.00
2025-11-18 15:13:33.517479,599617541833783497,-24.00
2025-11-18 15:13:33.517479,599617541833783497,-28.00
2025-11-18 15:13:33.517479,599617541833783497,-28.00
2025-11-18 15:13:33.517479,599617541833783497,-21.00
2025-11-18 15:13:33.517479,599617541833783497,-9.00
2025-11-18 15:13:33.517479,599617541833783497,0.00
2025-11-18 15:13:33.517479,599617541833783497,9.00
2025-11-18 15:13:33.517479,599617541833783497,12.00
2025-11-18 15:13:33.517479,599617541833783497,12.00
2025-11-18 15:13:33.517479,599617541833783497,4.00
2025-11-18 15:13:33.517479,599617541833783497,-7.00
2025-11-18 15:13:33.517479,599617541833783497,-19.00
2025-11-18 15:13:33.517479,599617541833783497,-19.00
2025-11-18 15:13:33.517479,599617541833783497,-16.00
2025-11-18 15:13:34.057961,599617542394480538,-26.00
2025-11-18 15:13:34.057961,599617542394480538,-31.00
2025-11-18 15:13:34.057961,599617542394480538,-28.00
2025-11-18 15:13:34.057961,599617542394480538,-28.00
2025-11-18 15:13:34.057961,599617542394480538,-28.00
2025-11-18 15:13:34.057961,599617542394480538,-26.00
2025-11-18 15:13:34.057961,599617542394480538,-26.00
2025-11-18 15:13:34.057961,599617542394480538,-36.00
2025-11-18 15:13:34.057961,599617542394480538,-50.00
2025-11-18 15:13:34.057961,599617542394480538,-52.00
2025-11-18 15:13:34.057961,599617542394480538,52.00
2025-11-18 15:13:34.057961,599617542394480538,291.00
2025-11-18 15:13:34.057961,599617542394480538,522.00
2025-11-18 15:13:34.057961,599617542394480538,488.00
2025-11-18 15:13:34.057961,599617542394480538,96.00
2025-11-18 15:13:34.057961,599617542394480538,-243.00
2025-11-18 15:13:34.057961,599617542394480538,-233.00
2025-11-18 15:13:34.057961,599617542394480538,-127.00
2025-11-18 15:13:34.057961,599617542394480538,-101.00
2025-11-18 15:13:34.057961,599617542394480538,-69.00
2025-11-18 15:13:34.057961,599617542394480538,-38.00
2025-11-18 15:13:34.057961,599617542394480538,-43.00
2025-11-18 15:13:34.057961,599617542394480538,-43.00
2025-11-18 15:13:34.057961,599617542394480538,-33.00
2025-11-18 15:13:34.057961,599617542394480538,-28.00
2025-11-18 15:13:34.057961,599617542394480538,-19.00
2025-11-18 15:13:34.057961,599617542394480538,-12.00
2025-11-18 15:13:34.057961,599617542394480538,-12.00
2025-11-18 15:13:34.057961,599617542394480538,-9.00
2025-11-18 15:13:34.057961,599617542394480538,-4.00
2025-11-18 15:13:34.057961,599617542394480538,0.00
2025-11-18 15:13:34.057961,599617542394480538,4.00
2025-11-18 15:13:34.057961,599617542394480538,9.00
2025-11-18 15:13:34.057961,599617542394480538,16.00
2025-11-18 15:13:34.057961,599617542394480538,31.00
2025-11-18 15:13:34.057961,599617542394480538,43.00
2025-11-18 15:13:34.057961,599617542394480538,48.00
2025-11-18 15:13:34.057961,599617542394480538,52.00
2025-11-18 15:13:34.057961,599617542394480538,60.00
2025-11-18 15:13:34.057961,599617542394480538,72.00
2025-11-18 15:13:34.057961,599617542394480538,81.00
2025-11-18 15:13:34.057961,599617542394480538,93.00
2025-11-18 15:13:34.057961,599617542394480538,110.00
2025-11-18 15:13:34.057961,599617542394480538,127.00
2025-11-18 15:13:34.057961,599617542394480538,139.00
2025-11-18 15:13:34.057961,599617542394480538,146.00
2025-11-18 15:13:34.057961,599617542394480538,144.00
2025-11-18 15:13:34.057961,599617542394480538,132.00
2025-11-18 15:13:34.057961,599617542394480538,132.00
2025-11-18 15:13:34.057961,599617542394480538,122.00
2025-11-18 15:13:34.057961,599617542394480538,86.00
2025-11-18 15:13:34.057961,599617542394480538,40.00
2025-11-18 15:13:34.057961,599617542394480538,4.00
2025-11-18 15:13:34.057961,599617542394480538,-26.00
2025-11-18 15:13:34.057961,599617542394480538,-60.00
2025-11-18 15:13:34.057961,599617542394480538,-91.00
2025-11-18 15:13:34.057961,599617542394480538,-105.00
2025-11-18 15:13:34.057961,599617542394480538,-120.00
2025-11-18 15:13:34.057961,599617542394480538,-130.00
2025-11-18 15:13:34.057961,599617542394480538,-127.00
2025-11-18 15:13:34.057961,599617542394480538,-125.00
2025-11-18 15:13:34.057961,599617542394480538,-127.00
2025-11-18 15:13:34.057961,599617542394480538,-120.00
2025-11-18 15:13:34.057961,599617542394480538,-120.00
2025-11-18 15:13:34.057961,599617542394480538,-120.00
2025-11-18 15:13:34.057961,599617542394480538,-110.00
2025-11-18 15:13:34.057961,599617542394480538,-103.00
2025-11-18 15:13:34.057961,599617542394480538,-108.00
2025-11-18 15:13:34.057961,599617542394480538,-105.00
2025-11-18 15:13:34.057961,599617542394480538,-96.00
2025-11-18 15:13:34.057961,599617542394480538,-89.00
2025-11-18 15:13:34.057961,599617542394480538,-89.00
2025-11-18 15:13:34.057961,599617542394480538,-84.00
2025-11-18 15:13:34.627546,599617542955177579,-81.00
2025-11-18 15:13:34.627546,599617542955177579,-79.00
2025-11-18 15:13:34.627546,599617542955177579,-74.00
2025-11-18 15:13:34.627546,599617542955177579,-72.00
2025-11-18 15:13:34.627546,599617542955177579,-77.00
2025-11-18 15:13:34.627546,599617542955177579,-77.00
2025-11-18 15:13:34.627546,599617542955177579,-77.00
2025-11-18 15:13:34.627546,599617542955177579,-81.00
2025-11-18 15:13:34.627546,599617542955177579,-84.00
2025-11-18 15:13:34.627546,599617542955177579,-84.00
2025-11-18 15:13:34.627546,599617542955177579,-84.00
2025-11-18 15:13:34.627546,599617542955177579,-81.00
2025-11-18 15:13:34.627546,599617542955177579,-81.00
2025-11-18 15:13:34.627546,599617542955177579,-81.00
2025-11-18 15:13:34.627546,599617542955177579,-79.00
2025-11-18 15:13:34.627546,599617542955177579,-86.00
2025-11-18 15:13:34.627546,599617542955177579,-91.00
2025-11-18 15:13:34.627546,599617542955177579,-81.00
2025-11-18 15:13:34.627546,599617542955177579,-72.00
2025-11-18 15:13:34.627546,599617542955177579,-79.00
2025-11-18 15:13:34.627546,599617542955177579,-86.00
2025-11-18 15:13:34.627546,599617542955177579,-84.00
2025-11-18 15:13:34.627546,599617542955177579,-77.00
2025-11-18 15:13:34.627546,599617542955177579,-74.00
2025-11-18 15:13:34.627546,599617542955177579,-72.00
2025-11-18 15:13:34.627546,599617542955177579,-67.00
2025-11-18 15:13:34.627546,599617542955177579,-72.00
2025-11-18 15:13:34.627546,599617542955177579,-84.00
2025-11-18 15:13:34.627546,599617542955177579,-79.00
2025-11-18 15:13:34.627546,599617542955177579,-72.00
2025-11-18 15:13:34.627546,599617542955177579,-72.00
2025-11-18 15:13:34.627546,599617542955177579,-69.00
2025-11-18 15:13:34.627546,599617542955177579,-67.00
2025-11-18 15:13:34.627546,599617542955177579,-69.00
2025-11-18 15:13:34.627546,599617542955177579,-62.00
2025-11-18 15:13:34.627546,599617542955177579,-62.00
2025-11-18 15:13:34.627546,599617542955177579,-67.00
2025-11-18 15:13:34.627546,599617542955177579,-65.00
2025-11-18 15:13:34.627546,599617542955177579,-62.00
2025-11-18 15:13:34.627546,599617542955177579,-65.00
2025-11-18 15:13:34.627546,599617542955177579,-67.00
2025-11-18 15:13:34.627546,599617542955177579,-55.00
2025-11-18 15:13:34.627546,599617542955177579,-50.00
2025-11-18 15:13:34.627546,599617542955177579,-50.00
2025-11-18 15:13:34.627546,599617542955177579,-33.00
2025-11-18 15:13:34.627546,599617542955177579,-16.00
2025-11-18 15:13:34.627546,599617542955177579,-24.00
2025-11-18 15:13:34.627546,599617542955177579,-48.00
2025-11-18 15:13:34.627546,599617542955177579,-60.00
2025-11-18 15:13:34.627546,599617542955177579,-50.00
2025-11-18 15:13:34.627546,599617542955177579,-52.00
2025-11-18 15:13:34.627546,599617542955177579,-69.00
2025-11-18 15:13:34.627546,599617542955177579,-69.00
2025-11-18 15:13:34.627546,599617542955177579,-62.00
2025-11-18 15:13:34.627546,599617542955177579,-67.00
2025-11-18 15:13:34.627546,599617542955177579,-72.00
2025-11-18 15:13:34.627546,599617542955177579,-74.00
2025-11-18 15:13:34.627546,599617542955177579,-69.00
2025-11-18 15:13:34.627546,599617542955177579,-67.00
2025-11-18 15:13:34.627546,599617542955177579,-69.00
2025-11-18 15:13:34.627546,599617542955177579,-86.00
2025-11-18 15:13:34.627546,599617542955177579,-96.00
2025-11-18 15:13:34.627546,599617542955177579,-9.00
2025-11-18 15:13:34.627546,599617542955177579,224.00
2025-11-18 15:13:34.627546,599617542955177579,476.00
2025-11-18 15:13:34.627546,599617542955177579,472.00
2025-11-18 15:13:34.627546,599617542955177579,69.00
2025-11-18 15:13:34.627546,599617542955177579,-327.00
2025-11-18 15:13:34.627546,599617542955177579,-332.00
2025-11-18 15:13:34.627546,599617542955177579,-195.00
2025-11-18 15:13:34.627546,599617542955177579,-161.00
2025-11-18 15:13:34.627546,599617542955177579,-125.00
2025-11-18 15:13:34.627546,599617542955177579,-69.00
2025-11-18 15:13:35.168633,599617543515844102,-74.00
2025-11-18 15:13:35.168633,599617543515844102,-84.00
2025-11-18 15:13:35.168633,599617543515844102,-65.00
2025-11-18 15:13:35.168633,599617543515844102,-52.00
2025-11-18 15:13:35.168633,599617543515844102,-55.00
2025-11-18 15:13:35.168633,599617543515844102,-50.00
2025-11-18 15:13:35.168633,599617543515844102,-40.00
2025-11-18 15:13:35.168633,599617543515844102,-33.00
2025-11-18 15:13:35.168633,599617543515844102,-31.00
2025-11-18 15:13:35.168633,599617543515844102,-26.00
2025-11-18 15:13:35.168633,599617543515844102,-19.00
2025-11-18 15:13:35.168633,599617543515844102,-12.00
2025-11-18 15:13:35.168633,599617543515844102,-12.00
2025-11-18 15:13:35.168633,599617543515844102,-9.00
2025-11-18 15:13:35.168633,599617543515844102,2.00
2025-11-18 15:13:35.168633,599617543515844102,12.00
2025-11-18 15:13:35.168633,599617543515844102,21.00
2025-11-18 15:13:35.168633,599617543515844102,31.00
2025-11-18 15:13:35.168633,599617543515844102,45.00
2025-11-18 15:13:35.168633,599617543515844102,60.00
2025-11-18 15:13:35.168633,599617543515844102,69.00
2025-11-18 15:13:35.168633,599617543515844102,79.00
2025-11-18 15:13:35.168633,599617543515844102,91.00
2025-11-18 15:13:35.168633,599617543515844102,103.00
2025-11-18 15:13:35.168633,599617543515844102,110.00
2025-11-18 15:13:35.168633,599617543515844102,115.00
2025-11-18 15:13:35.168633,599617543515844102,110.00
2025-11-18 15:13:35.168633,599617543515844102,105.00
2025-11-18 15:13:35.168633,599617543515844102,96.00
2025-11-18 15:13:35.168633,599617543515844102,77.00
2025-11-18 15:13:35.168633,599617543515844102,43.00
2025-11-18 15:13:35.168633,599617543515844102,-4.00
2025-11-18 15:13:35.168633,599617543515844102,-50.00
2025-11-18 15:13:35.168633,599617543515844102,-74.00
2025-11-18 15:13:35.168633,599617543515844102,-96.00
2025-11-18 15:13:35.168633,599617543515844102,-120.00
2025-11-18 15:13:35.168633,599617543515844102,-132.00
2025-11-18 15:13:35.168633,599617543515844102,-139.00
2025-11-18 15:13:35.168633,599617543515844102,-142.00
2025-11-18 15:13:35.168633,599617543515844102,-144.00
2025-11-18 15:13:35.168633,599617543515844102,-146.00
2025-11-18 15:13:35.168633,599617543515844102,-146.00
2025-11-18 15:13:35.168633,599617543515844102,-139.00
2025-11-18 15:13:35.168633,599617543515844102,-127.00
2025-11-18 15:13:35.168633,599617543515844102,-115.00
2025-11-18 15:13:35.168633,599617543515844102,-113.00
2025-11-18 15:13:35.168633,599617543515844102,-113.00
2025-11-18 15:13:35.168633,599617543515844102,-105.00
2025-11-18 15:13:35.168633,599617543515844102,-98.00
2025-11-18 15:13:35.168633,599617543515844102,-96.00
2025-11-18 15:13:35.168633,599617543515844102,-91.00
2025-11-18 15:13:35.168633,599617543515844102,-86.00
2025-11-18 15:13:35.168633,599617543515844102,-93.00
2025-11-18 15:13:35.168633,599617543515844102,-96.00
2025-11-18 15:13:35.168633,599617543515844102,-89.00
2025-11-18 15:13:35.168633,599617543515844102,-89.00
2025-11-18 15:13:35.168633,599617543515844102,-91.00
2025-11-18 15:13:35.168633,599617543515844102,-93.00
2025-11-18 15:13:35.168633,599617543515844102,-93.00
2025-11-18 15:13:35.168633,599617543515844102,-86.00
2025-11-18 15:13:35.168633,599617543515844102,-79.00
2025-11-18 15:13:35.168633,599617543515844102,-84.00
2025-11-18 15:13:35.168633,599617543515844102,-89.00
2025-11-18 15:13:35.168633,599617543515844102,-89.00
2025-11-18 15:13:35.168633,599617543515844102,-81.00
2025-11-18 15:13:35.168633,599617543515844102,-81.00
2025-11-18 15:13:35.168633,599617543515844102,-81.00
2025-11-18 15:13:35.168633,599617543515844102,-79.00
2025-11-18 15:13:35.168633,599617543515844102,-77.00
2025-11-18 15:13:35.168633,599617543515844102,-77.00
2025-11-18 15:13:35.168633,599617543515844102,-72.00
2025-11-18 15:13:35.168633,599617543515844102,-69.00
2025-11-18 15:13:35.168633,599617543515844102,-69.00
2025-11-18 15:13:35.768265,599617544076541145,-65.00
2025-11-18 15:13:35.768265,599617544076541145,-67.00
2025-11-18 15:13:35.768265,599617544076541145,-69.00
2025-11-18 15:13:35.768265,599617544076541145,-65.00
2025-11-18 15:13:35.768265,599617544076541145,-55.00
2025-11-18 15:13:35.768265,599617544076541145,-55.00
2025-11-18 15:13:35.768265,599617544076541145,-57.00
2025-11-18 15:13:35.768265,599617544076541145,-55.00
2025-11-18 15:13:35.768265,599617544076541145,-48.00
2025-11-18 15:13:35.768265,599617544076541145,-43.00
2025-11-18 15:13:35.768265,599617544076541145,-52.00
2025-11-18 15:13:35.768265,599617544076541145,-65.00
2025-11-18 15:13:35.768265,599617544076541145,-50.00
2025-11-18 15:13:35.768265,599617544076541145,-40.00
2025-11-18 15:13:35.768265,599617544076541145,-52.00
2025-11-18 15:13:35.768265,599617544076541145,-50.00
2025-11-18 15:13:35.768265,599617544076541145,-40.00
2025-11-18 15:13:35.768265,599617544076541145,-36.00
2025-11-18 15:13:35.768265,599617544076541145,-28.00
2025-11-18 15:13:35.768265,599617544076541145,-9.00
2025-11-18 15:13:35.768265,599617544076541145,4.00
2025-11-18 15:13:35.768265,599617544076541145,-2.00
2025-11-18 15:13:35.768265,599617544076541145,-19.00
2025-11-18 15:13:35.768265,599617544076541145,-26.00
2025-11-18 15:13:35.768265,599617544076541145,-24.00
2025-11-18 15:13:35.768265,599617544076541145,-28.00
2025-11-18 15:13:35.768265,599617544076541145,-33.00
2025-11-18 15:13:35.768265,599617544076541145,-33.00
2025-11-18 15:13:35.768265,599617544076541145,-31.00
2025-11-18 15:13:35.768265,599617544076541145,-31.00
2025-11-18 15:13:35.768265,599617544076541145,-36.00
2025-11-18 15:13:35.768265,599617544076541145,-38.00
2025-11-18 15:13:35.768265,599617544076541145,-38.00
2025-11-18 15:13:35.768265,599617544076541145,-38.00
2025-11-18 15:13:35.768265,599617544076541145,-38.00
2025-11-18 15:13:35.768265,599617544076541145,-43.00
2025-11-18 15:13:35.768265,599617544076541145,-62.00
2025-11-18 15:13:35.768265,599617544076541145,-50.00
2025-11-18 15:13:35.768265,599617544076541145,89.00
2025-11-18 15:13:35.768265,599617544076541145,342.00
2025-11-18 15:13:35.768265,599617544076541145,551.00
2025-11-18 15:13:35.768265,599617544076541145,440.00
2025-11-18 15:13:35.768265,599617544076541145,2.00
2025-11-18 15:13:35.768265,599617544076541145,-279.00
2025-11-18 15:13:35.768265,599617544076541145,-211.00
2025-11-18 15:13:35.768265,599617544076541145,-118.00
2025-11-18 15:13:35.768265,599617544076541145,-101.00
2025-11-18 15:13:35.768265,599617544076541145,-57.00
2025-11-18 15:13:35.768265,599617544076541145,-26.00
2025-11-18 15:13:35.768265,599617544076541145,-33.00
2025-11-18 15:13:35.768265,599617544076541145,-31.00
2025-11-18 15:13:35.768265,599617544076541145,-19.00
2025-11-18 15:13:35.768265,599617544076541145,-26.00
2025-11-18 15:13:35.768265,599617544076541145,-24.00
2025-11-18 15:13:35.768265,599617544076541145,-4.00
2025-11-18 15:13:35.768265,599617544076541145,0.00
2025-11-18 15:13:35.768265,599617544076541145,-2.00
2025-11-18 15:13:35.768265,599617544076541145,2.00
2025-11-18 15:13:35.768265,599617544076541145,9.00
2025-11-18 15:13:35.768265,599617544076541145,16.00
2025-11-18 15:13:35.768265,599617544076541145,26.00
2025-11-18 15:13:35.768265,599617544076541145,28.00
2025-11-18 15:13:35.768265,599617544076541145,26.00
2025-11-18 15:13:35.768265,599617544076541145,38.00
2025-11-18 15:13:35.768265,599617544076541145,57.00
2025-11-18 15:13:35.768265,599617544076541145,60.00
2025-11-18 15:13:35.768265,599617544076541145,62.00
2025-11-18 15:13:35.768265,599617544076541145,77.00
2025-11-18 15:13:35.768265,599617544076541145,89.00
2025-11-18 15:13:35.768265,599617544076541145,98.00
2025-11-18 15:13:35.768265,599617544076541145,113.00
2025-11-18 15:13:35.768265,599617544076541145,130.00
2025-11-18 15:13:35.768265,599617544076541145,139.00
2025-11-18 15:13:36.308979,599617544637238186,146.00
2025-11-18 15:13:36.308979,599617544637238186,149.00
2025-11-18 15:13:36.308979,599617544637238186,142.00
2025-11-18 15:13:36.308979,599617544637238186,132.00
2025-11-18 15:13:36.308979,599617544637238186,115.00
2025-11-18 15:13:36.308979,599617544637238186,81.00
2025-11-18 15:13:36.308979,599617544637238186,45.00
2025-11-18 15:13:36.308979,599617544637238186,14.00
2025-11-18 15:13:36.308979,599617544637238186,-26.00
2025-11-18 15:13:36.308979,599617544637238186,-62.00
2025-11-18 15:13:36.308979,599617544637238186,-74.00
2025-11-18 15:13:36.308979,599617544637238186,-89.00
2025-11-18 15:13:36.308979,599617544637238186,-108.00
2025-11-18 15:13:36.308979,599617544637238186,-113.00
2025-11-18 15:13:36.308979,599617544637238186,-105.00
2025-11-18 15:13:36.308979,599617544637238186,-113.00
2025-11-18 15:13:36.308979,599617544637238186,-113.00
2025-11-18 15:13:36.308979,599617544637238186,-103.00
2025-11-18 15:13:36.308979,599617544637238186,-98.00
2025-11-18 15:13:36.308979,599617544637238186,-93.00
2025-11-18 15:13:36.308979,599617544637238186,-84.00
2025-11-18 15:13:36.308979,599617544637238186,-86.00
2025-11-18 15:13:36.308979,599617544637238186,-89.00
2025-11-18 15:13:36.308979,599617544637238186,-84.00
2025-11-18 15:13:36.308979,599617544637238186,-74.00
2025-11-18 15:13:36.308979,599617544637238186,-69.00
2025-11-18 15:13:36.308979,599617544637238186,-65.00
2025-11-18 15:13:36.308979,599617544637238186,-62.00
2025-11-18 15:13:36.308979,599617544637238186,-57.00
2025-11-18 15:13:36.308979,599617544637238186,-57.00
2025-11-18 15:13:36.308979,599617544637238186,-55.00
2025-11-18 15:13:36.308979,599617544637238186,-50.00
2025-11-18 15:13:36.308979,599617544637238186,-55.00
2025-11-18 15:13:36.308979,599617544637238186,-52.00
2025-11-18 15:13:36.308979,599617544637238186,-50.00
2025-11-18 15:13:36.308979,599617544637238186,-60.00
2025-11-18 15:13:36.308979,599617544637238186,-65.00
2025-11-18 15:13:36.308979,599617544637238186,-57.00
2025-11-18 15:13:36.308979,599617544637238186,-52.00
2025-11-18 15:13:36.308979,599617544637238186,-52.00
2025-11-18 15:13:36.308979,599617544637238186,-50.00
2025-11-18 15:13:36.308979,599617544637238186,-52.00
2025-11-18 15:13:36.308979,599617544637238186,-55.00
2025-11-18 15:13:36.308979,599617544637238186,-50.00
2025-11-18 15:13:36.308979,599617544637238186,-48.00
2025-11-18 15:13:36.308979,599617544637238186,-50.00
2025-11-18 15:13:36.308979,599617544637238186,-48.00
2025-11-18 15:13:36.308979,599617544637238186,-43.00
2025-11-18 15:13:36.308979,599617544637238186,-45.00
2025-11-18 15:13:36.308979,599617544637238186,-48.00
2025-11-18 15:13:36.308979,599617544637238186,-45.00
2025-11-18 15:13:36.308979,599617544637238186,-36.00
2025-11-18 15:13:36.308979,599617544637238186,-36.00
2025-11-18 15:13:36.308979,599617544637238186,-45.00
2025-11-18 15:13:36.308979,599617544637238186,-45.00
2025-11-18 15:13:36.308979,599617544637238186,-38.00
2025-11-18 15:13:36.308979,599617544637238186,-38.00
2025-11-18 15:13:36.308979,599617544637238186,-40.00
2025-11-18 15:13:36.308979,599617544637238186,-31.00
2025-11-18 15:13:36.308979,599617544637238186,-31.00
2025-11-18 15:13:36.308979,599617544637238186,-38.00
2025-11-18 15:13:36.308979,599617544637238186,-36.00
2025-11-18 15:13:36.308979,599617544637238186,-33.00
2025-11-18 15:13:36.308979,599617544637238186,-38.00
2025-11-18 15:13:36.308979,599617544637238186,-36.00
2025-11-18 15:13:36.308979,599617544637238186,-28.00
2025-11-18 15:13:36.308979,599617544637238186,-31.00
2025-11-18 15:13:36.308979,599617544637238186,-38.00
2025-11-18 15:13:36.308979,599617544637238186,-33.00
2025-11-18 15:13:36.308979,599617544637238186,-28.00
2025-11-18 15:13:36.308979,599617544637238186,-28.00
2025-11-18 15:13:36.308979,599617544637238186,-33.00
2025-11-18 15:13:36.308979,599617544637238186,-31.00
2025-11-18 15:13:36.876104,599617545197935227,-24.00
2025-11-18 15:13:36.876104,599617545197935227,-19.00
2025-11-18 15:13:36.876104,599617545197935227,-21.00
2025-11-18 15:13:36.876104,599617545197935227,-24.00
2025-11-18 15:13:36.876104,599617545197935227,-24.00
2025-11-18 15:13:36.876104,599617545197935227,-21.00
2025-11-18 15:13:36.876104,599617545197935227,-26.00
2025-11-18 15:13:36.876104,599617545197935227,-24.00
2025-11-18 15:13:36.876104,599617545197935227,-9.00
2025-11-18 15:13:36.876104,599617545197935227,-2.00
2025-11-18 15:13:36.876104,599617545197935227,-4.00
2025-11-18 15:13:36.876104,599617545197935227,7.00
2025-11-18 15:13:36.876104,599617545197935227,16.00
2025-11-18 15:13:36.876104,599617545197935227,9.00
2025-11-18 15:13:36.876104,599617545197935227,-12.00
2025-11-18 15:13:36.876104,599617545197935227,-28.00
2025-11-18 15:13:36.876104,599617545197935227,-26.00
2025-11-18 15:13:36.876104,599617545197935227,-24.00
2025-11-18 15:13:36.876104,599617545197935227,-31.00
2025-11-18 15:13:36.876104,599617545197935227,-28.00
2025-11-18 15:13:36.876104,599617545197935227,-26.00
2025-11-18 15:13:36.876104,599617545197935227,-33.00
2025-11-18 15:13:36.876104,599617545197935227,-31.00
2025-11-18 15:13:36.876104,599617545197935227,-31.00
2025-11-18 15:13:36.876104,599617545197935227,-45.00
2025-11-18 15:13:36.876104,599617545197935227,-52.00
2025-11-18 15:13:36.876104,599617545197935227,-45.00
2025-11-18 15:13:36.876104,599617545197935227,-60.00
2025-11-18 15:13:36.876104,599617545197935227,-48.00
2025-11-18 15:13:36.876104,599617545197935227,84.00
2025-11-18 15:13:36.876104,599617545197935227,317.00
2025-11-18 15:13:36.876104,599617545197935227,515.00
2025-11-18 15:13:36.876104,599617545197935227,428.00
2025-11-18 15:13:36.876104,599617545197935227,21.00
2025-11-18 15:13:36.876104,599617545197935227,-279.00
2025-11-18 15:13:36.876104,599617545197935227,-243.00
2025-11-18 15:13:36.876104,599617545197935227,-134.00
2025-11-18 15:13:36.876104,599617545197935227,-108.00
2025-11-18 15:13:36.876104,599617545197935227,-79.00
2025-11-18 15:13:36.876104,599617545197935227,-55.00
2025-11-18 15:13:36.876104,599617545197935227,-57.00
2025-11-18 15:13:36.876104,599617545197935227,-52.00
2025-11-18 15:13:36.876104,599617545197935227,-38.00
2025-11-18 15:13:36.876104,599617545197935227,-36.00
2025-11-18 15:13:36.876104,599617545197935227,-33.00
2025-11-18 15:13:36.876104,599617545197935227,-28.00
2025-11-18 15:13:36.876104,599617545197935227,-26.00
2025-11-18 15:13:36.876104,599617545197935227,-16.00
2025-11-18 15:13:36.876104,599617545197935227,-9.00
2025-11-18 15:13:36.876104,599617545197935227,-12.00
2025-11-18 15:13:36.876104,599617545197935227,-12.00
2025-11-18 15:13:36.876104,599617545197935227,-2.00
2025-11-18 15:13:36.876104,599617545197935227,9.00
2025-11-18 15:13:36.876104,599617545197935227,16.00
2025-11-18 15:13:36.876104,599617545197935227,21.00
2025-11-18 15:13:36.876104,599617545197935227,24.00
2025-11-18 15:13:36.876104,599617545197935227,28.00
2025-11-18 15:13:36.876104,599617545197935227,38.00
2025-11-18 15:13:36.876104,599617545197935227,52.00
2025-11-18 15:13:36.876104,599617545197935227,65.00
2025-11-18 15:13:36.876104,599617545197935227,74.00
2025-11-18 15:13:36.876104,599617545197935227,86.00
2025-11-18 15:13:36.876104,599617545197935227,108.00
2025-11-18 15:13:36.876104,599617545197935227,127.00
2025-11-18 15:13:36.876104,599617545197935227,137.00
2025-11-18 15:13:36.876104,599617545197935227,134.00
2025-11-18 15:13:36.876104,599617545197935227,125.00
2025-11-18 15:13:36.876104,599617545197935227,120.00
2025-11-18 15:13:36.876104,599617545197935227,108.00
2025-11-18 15:13:36.876104,599617545197935227,81.00
2025-11-18 15:13:36.876104,599617545197935227,52.00
2025-11-18 15:13:36.876104,599617545197935227,14.00
2025-11-18 15:13:36.876104,599617545197935227,-24.00
2025-11-18 15:13:37.447758,599617545758601750,-52.00
2025-11-18 15:13:37.447758,599617545758601750,-74.00
2025-11-18 15:13:37.447758,599617545758601750,-101.00
2025-11-18 15:13:37.447758,599617545758601750,-120.00
2025-11-18 15:13:37.447758,599617545758601750,-130.00
2025-11-18 15:13:37.447758,599617545758601750,-130.00
2025-11-18 15:13:37.447758,599617545758601750,-130.00
2025-11-18 15:13:37.447758,599617545758601750,-132.00
2025-11-18 15:13:37.447758,599617545758601750,-130.00
2025-11-18 15:13:37.447758,599617545758601750,-120.00
2025-11-18 15:13:37.447758,599617545758601750,-115.00
2025-11-18 15:13:37.447758,599617545758601750,-113.00
2025-11-18 15:13:37.447758,599617545758601750,-103.00
2025-11-18 15:13:37.447758,599617545758601750,-101.00
2025-11-18 15:13:37.447758,599617545758601750,-101.00
2025-11-18 15:13:37.447758,599617545758601750,-93.00
2025-11-18 15:13:37.447758,599617545758601750,-93.00
2025-11-18 15:13:37.447758,599617545758601750,-91.00
2025-11-18 15:13:37.447758,599617545758601750,-81.00
2025-11-18 15:13:37.447758,599617545758601750,-79.00
2025-11-18 15:13:37.447758,599617545758601750,-74.00
2025-11-18 15:13:37.447758,599617545758601750,-72.00
2025-11-18 15:13:37.447758,599617545758601750,-81.00
2025-11-18 15:13:37.447758,599617545758601750,-89.00
2025-11-18 15:13:37.447758,599617545758601750,-84.00
2025-11-18 15:13:37.447758,599617545758601750,-72.00
2025-11-18 15:13:37.447758,599617545758601750,-77.00
2025-11-18 15:13:37.447758,599617545758601750,-79.00
2025-11-18 15:13:37.447758,599617545758601750,-74.00
2025-11-18 15:13:37.447758,599617545758601750,-79.00
2025-11-18 15:13:37.447758,599617545758601750,-77.00
2025-11-18 15:13:37.447758,599617545758601750,-72.00
2025-11-18 15:13:37.447758,599617545758601750,-79.00
2025-11-18 15:13:37.447758,599617545758601750,-86.00
2025-11-18 15:13:37.447758,599617545758601750,-79.00
2025-11-18 15:13:37.447758,599617545758601750,-74.00
2025-11-18 15:13:37.447758,599617545758601750,-74.00
2025-11-18 15:13:37.447758,599617545758601750,-77.00
2025-11-18 15:13:37.447758,599617545758601750,-77.00
2025-11-18 15:13:37.447758,599617545758601750,-72.00
2025-11-18 15:13:37.447758,599617545758601750,-67.00
2025-11-18 15:13:37.447758,599617545758601750,-69.00
2025-11-18 15:13:37.447758,599617545758601750,-69.00
2025-11-18 15:13:37.447758,599617545758601750,-65.00
2025-11-18 15:13:37.447758,599617545758601750,-62.00
2025-11-18 15:13:37.447758,599617545758601750,-62.00
2025-11-18 15:13:37.447758,599617545758601750,-60.00
2025-11-18 15:13:37.447758,599617545758601750,-55.00
2025-11-18 15:13:37.447758,599617545758601750,-60.00
2025-11-18 15:13:37.447758,599617545758601750,-62.00
2025-11-18 15:13:37.447758,599617545758601750,-55.00
2025-11-18 15:13:37.447758,599617545758601750,-52.00
2025-11-18 15:13:37.447758,599617545758601750,-57.00
2025-11-18 15:13:37.447758,599617545758601750,-60.00
2025-11-18 15:13:37.447758,599617545758601750,-52.00
2025-11-18 15:13:37.447758,599617545758601750,-48.00
2025-11-18 15:13:37.447758,599617545758601750,-50.00
2025-11-18 15:13:37.447758,599617545758601750,-57.00
2025-11-18 15:13:37.447758,599617545758601750,-50.00
2025-11-18 15:13:37.447758,599617545758601750,-36.00
2025-11-18 15:13:37.447758,599617545758601750,-28.00
2025-11-18 15:13:37.447758,599617545758601750,-19.00
2025-11-18 15:13:37.447758,599617545758601750,-4.00
2025-11-18 15:13:37.447758,599617545758601750,-9.00
2025-11-18 15:13:37.447758,599617545758601750,-21.00
2025-11-18 15:13:37.447758,599617545758601750,-24.00
2025-11-18 15:13:37.447758,599617545758601750,-24.00
2025-11-18 15:13:37.447758,599617545758601750,-28.00
2025-11-18 15:13:37.447758,599617545758601750,-28.00
2025-11-18 15:13:37.447758,599617545758601750,-28.00
2025-11-18 15:13:37.447758,599617545758601750,-40.00
2025-11-18 15:13:37.447758,599617545758601750,-43.00
2025-11-18 15:13:37.447758,599617545758601750,-31.00
2025-11-18 15:13:37.988065,599617546319298791,-33.00
2025-11-18 15:13:37.988065,599617546319298791,-36.00
2025-11-18 15:13:37.988065,599617546319298791,-31.00
2025-11-18 15:13:37.988065,599617546319298791,-28.00
2025-11-18 15:13:37.988065,599617546319298791,-45.00
2025-11-18 15:13:37.988065,599617546319298791,-52.00
2025-11-18 15:13:37.988065,599617546319298791,31.00
2025-11-18 15:13:37.988065,599617546319298791,252.00
2025-11-18 15:13:37.988065,599617546319298791,522.00
2025-11-18 15:13:37.988065,599617546319298791,568.00
2025-11-18 15:13:37.988065,599617546319298791,197.00
2025-11-18 15:13:37.988065,599617546319298791,-236.00
2025-11-18 15:13:37.988065,599617546319298791,-269.00
2025-11-18 15:13:37.988065,599617546319298791,-130.00
2025-11-18 15:13:37.988065,599617546319298791,-101.00
2025-11-18 15:13:37.988065,599617546319298791,-67.00
2025-11-18 15:13:37.988065,599617546319298791,-9.00
2025-11-18 15:13:37.988065,599617546319298791,-9.00
2025-11-18 15:13:37.988065,599617546319298791,-21.00
2025-11-18 15:13:37.988065,599617546319298791,-2.00
2025-11-18 15:13:37.988065,599617546319298791,7.00
2025-11-18 15:13:37.988065,599617546319298791,4.00
2025-11-18 15:13:37.988065,599617546319298791,12.00
2025-11-18 15:13:37.988065,599617546319298791,21.00
2025-11-18 15:13:37.988065,599617546319298791,24.00
2025-11-18 15:13:37.988065,599617546319298791,31.00
2025-11-18 15:13:37.988065,599617546319298791,40.00
2025-11-18 15:13:37.988065,599617546319298791,48.00
2025-11-18 15:13:37.988065,599617546319298791,38.00
2025-11-18 15:13:37.988065,599617546319298791,40.00
2025-11-18 15:13:37.988065,599617546319298791,60.00
2025-11-18 15:13:37.988065,599617546319298791,67.00
2025-11-18 15:13:37.988065,599617546319298791,65.00
2025-11-18 15:13:37.988065,599617546319298791,72.00
2025-11-18 15:13:37.988065,599617546319298791,86.00
2025-11-18 15:13:37.988065,599617546319298791,98.00
2025-11-18 15:13:37.988065,599617546319298791,103.00
2025-11-18 15:13:37.988065,599617546319298791,113.00
2025-11-18 15:13:37.988065,599617546319298791,130.00
2025-11-18 15:13:37.988065,599617546319298791,146.00
2025-11-18 15:13:37.988065,599617546319298791,154.00
2025-11-18 15:13:37.988065,599617546319298791,158.00
2025-11-18 15:13:37.988065,599617546319298791,163.00
2025-11-18 15:13:37.988065,599617546319298791,166.00
2025-11-18 15:13:37.988065,599617546319298791,154.00
2025-11-18 15:13:37.988065,599617546319298791,134.00
2025-11-18 15:13:37.988065,599617546319298791,113.00
2025-11-18 15:13:37.988065,599617546319298791,81.00
2025-11-18 15:13:37.988065,599617546319298791,43.00
2025-11-18 15:13:37.988065,599617546319298791,7.00
2025-11-18 15:13:37.988065,599617546319298791,-26.00
2025-11-18 15:13:37.988065,599617546319298791,-52.00
2025-11-18 15:13:37.988065,599617546319298791,-67.00
2025-11-18 15:13:37.988065,599617546319298791,-79.00
2025-11-18 15:13:37.988065,599617546319298791,-98.00
2025-11-18 15:13:37.988065,599617546319298791,-103.00
2025-11-18 15:13:37.988065,599617546319298791,-98.00
2025-11-18 15:13:37.988065,599617546319298791,-93.00
2025-11-18 15:13:37.988065,599617546319298791,-89.00
2025-11-18 15:13:37.988065,599617546319298791,-81.00
2025-11-18 15:13:37.988065,599617546319298791,-77.00
2025-11-18 15:13:37.988065,599617546319298791,-72.00
2025-11-18 15:13:37.988065,599617546319298791,-69.00
2025-11-18 15:13:37.988065,599617546319298791,-69.00
2025-11-18 15:13:37.988065,599617546319298791,-67.00
2025-11-18 15:13:37.988065,599617546319298791,-67.00
2025-11-18 15:13:37.988065,599617546319298791,-62.00
2025-11-18 15:13:37.988065,599617546319298791,-55.00
2025-11-18 15:13:37.988065,599617546319298791,-50.00
2025-11-18 15:13:37.988065,599617546319298791,-52.00
2025-11-18 15:13:37.988065,599617546319298791,-50.00
2025-11-18 15:13:37.988065,599617546319298791,-48.00
2025-11-18 15:13:37.988065,599617546319298791,-50.00
2025-11-18 15:13:38.527521,599617546879995832,-50.00
2025-11-18 15:13:38.527521,599617546879995832,-48.00
2025-11-18 15:13:38.527521,599617546879995832,-45.00
2025-11-18 15:13:38.527521,599617546879995832,-48.00
2025-11-18 15:13:38.527521,599617546879995832,-45.00
2025-11-18 15:13:38.527521,599617546879995832,-40.00
2025-11-18 15:13:38.527521,599617546879995832,-43.00
2025-11-18 15:13:38.527521,599617546879995832,-45.00
2025-11-18 15:13:38.527521,599617546879995832,-45.00
2025-11-18 15:13:38.527521,599617546879995832,-45.00
2025-11-18 15:13:38.527521,599617546879995832,-43.00
2025-11-18 15:13:38.527521,599617546879995832,-40.00
2025-11-18 15:13:38.527521,599617546879995832,-38.00
2025-11-18 15:13:38.527521,599617546879995832,-43.00
2025-11-18 15:13:38.527521,599617546879995832,-43.00
2025-11-18 15:13:38.527521,599617546879995832,-40.00
2025-11-18 15:13:38.527521,599617546879995832,-40.00
2025-11-18 15:13:38.527521,599617546879995832,-40.00
2025-11-18 15:13:38.527521,599617546879995832,-43.00
2025-11-18 15:13:38.527521,599617546879995832,-40.00
2025-11-18 15:13:38.527521,599617546879995832,-40.00
2025-11-18 15:13:38.527521,599617546879995832,-40.00
2025-11-18 15:13:38.527521,599617546879995832,-43.00
2025-11-18 15:13:38.527521,599617546879995832,-43.00
2025-11-18 15:13:38.527521,599617546879995832,-43.00
2025-11-18 15:13:38.527521,599617546879995832,-43.00
2025-11-18 15:13:38.527521,599617546879995832,-40.00
2025-11-18 15:13:38.527521,599617546879995832,-38.00
2025-11-18 15:13:38.527521,599617546879995832,-38.00
2025-11-18 15:13:38.527521,599617546879995832,-38.00
2025-11-18 15:13:38.527521,599617546879995832,-36.00
2025-11-18 15:13:38.527521,599617546879995832,-33.00
2025-11-18 15:13:38.527521,599617546879995832,-36.00
2025-11-18 15:13:38.527521,599617546879995832,-36.00
2025-11-18 15:13:38.527521,599617546879995832,-33.00
2025-11-18 15:13:38.527521,599617546879995832,-33.00
2025-11-18 15:13:38.527521,599617546879995832,-33.00
2025-11-18 15:13:38.527521,599617546879995832,-33.00
2025-11-18 15:13:38.527521,599617546879995832,-26.00
2025-11-18 15:13:38.527521,599617546879995832,-21.00
2025-11-18 15:13:38.527521,599617546879995832,-16.00
2025-11-18 15:13:38.527521,599617546879995832,0.00
2025-11-18 15:13:38.527521,599617546879995832,9.00
2025-11-18 15:13:38.527521,599617546879995832,2.00
2025-11-18 15:13:38.527521,599617546879995832,-9.00
2025-11-18 15:13:38.527521,599617546879995832,-12.00
2025-11-18 15:13:38.527521,599617546879995832,-14.00
2025-11-18 15:13:38.527521,599617546879995832,-21.00
2025-11-18 15:13:38.527521,599617546879995832,-28.00
2025-11-18 15:13:38.527521,599617546879995832,-26.00
2025-11-18 15:13:38.527521,599617546879995832,-24.00
2025-11-18 15:13:38.527521,599617546879995832,-26.00
2025-11-18 15:13:38.527521,599617546879995832,-33.00
2025-11-18 15:13:38.527521,599617546879995832,-33.00
2025-11-18 15:13:38.527521,599617546879995832,-33.00
2025-11-18 15:13:38.527521,599617546879995832,-36.00
2025-11-18 15:13:38.527521,599617546879995832,-43.00
2025-11-18 15:13:38.527521,599617546879995832,-62.00
2025-11-18 15:13:38.527521,599617546879995832,-52.00
2025-11-18 15:13:38.527521,599617546879995832,81.00
2025-11-18 15:13:38.527521,599617546879995832,349.00
2025-11-18 15:13:38.527521,599617546879995832,594.00
2025-11-18 15:13:38.527521,599617546879995832,525.00
2025-11-18 15:13:38.527521,599617546879995832,89.00
2025-11-18 15:13:38.527521,599617546879995832,-240.00
2025-11-18 15:13:38.527521,599617546879995832,-214.00
2025-11-18 15:13:38.527521,599617546879995832,-127.00
2025-11-18 15:13:38.527521,599617546879995832,-118.00
2025-11-18 15:13:38.527521,599617546879995832,-86.00
2025-11-18 15:13:38.527521,599617546879995832,-62.00
2025-11-18 15:13:38.527521,599617546879995832,-72.00
2025-11-18 15:13:38.527521,599617546879995832,-62.00
2025-11-18 15:13:38.527521,599617546879995832,-45.00
2025-11-18 15:13:39.128085,599617547440667443,-48.00
2025-11-18 15:13:39.128085,599617547440667443,-48.00
2025-11-18 15:13:39.128085,599617547440667443,-36.00
2025-11-18 15:13:39.128085,599617547440667443,-31.00
2025-11-18 15:13:39.128085,599617547440667443,-28.00
2025-11-18 15:13:39.128085,599617547440667443,-21.00
2025-11-18 15:13:39.128085,599617547440667443,-14.00
2025-11-18 15:13:39.128085,599617547440667443,-14.00
2025-11-18 15:13:39.128085,599617547440667443,-9.00
2025-11-18 15:13:39.128085,599617547440667443,-2.00
2025-11-18 15:13:39.128085,599617547440667443,4.00
2025-11-18 15:13:39.128085,599617547440667443,14.00
2025-11-18 15:13:39.128085,599617547440667443,26.00
2025-11-18 15:13:39.128085,599617547440667443,31.00
2025-11-18 15:13:39.128085,599617547440667443,33.00
2025-11-18 15:13:39.128085,599617547440667443,45.00
2025-11-18 15:13:39.128085,599617547440667443,60.00
2025-11-18 15:13:39.128085,599617547440667443,72.00
2025-11-18 15:13:39.128085,599617547440667443,84.00
2025-11-18 15:13:39.128085,599617547440667443,101.00
2025-11-18 15:13:39.128085,599617547440667443,113.00
2025-11-18 15:13:39.128085,599617547440667443,118.00
2025-11-18 15:13:39.128085,599617547440667443,118.00
2025-11-18 15:13:39.128085,599617547440667443,115.00
2025-11-18 15:13:39.128085,599617547440667443,105.00
2025-11-18 15:13:39.128085,599617547440667443,91.00
2025-11-18 15:13:39.128085,599617547440667443,69.00
2025-11-18 15:13:39.128085,599617547440667443,36.00
2025-11-18 15:13:39.128085,599617547440667443,-4.00
2025-11-18 15:13:39.128085,599617547440667443,-40.00
2025-11-18 15:13:39.128085,599617547440667443,-69.00
2025-11-18 15:13:39.128085,599617547440667443,-93.00
2025-11-18 15:13:39.128085,599617547440667443,-110.00
2025-11-18 15:13:39.128085,599617547440667443,-125.00
2025-11-18 15:13:39.128085,599617547440667443,-132.00
2025-11-18 15:13:39.128085,599617547440667443,-134.00
2025-11-18 15:13:39.128085,599617547440667443,-134.00
2025-11-18 15:13:39.128085,599617547440667443,-132.00
2025-11-18 15:13:39.128085,599617547440667443,-127.00
2025-11-18 15:13:39.128085,599617547440667443,-127.00
2025-11-18 15:13:39.128085,599617547440667443,-125.00
2025-11-18 15:13:39.128085,599617547440667443,-120.00
2025-11-18 15:13:39.128085,599617547440667443,-115.00
2025-11-18 15:13:39.128085,599617547440667443,-110.00
2025-11-18 15:13:39.128085,599617547440667443,-103.00
2025-11-18 15:13:39.128085,599617547440667443,-101.00
2025-11-18 15:13:39.128085,599617547440667443,-105.00
2025-11-18 15:13:39.128085,599617547440667443,-98.00
2025-11-18 15:13:39.128085,599617547440667443,-91.00
2025-11-18 15:13:39.128085,599617547440667443,-89.00
2025-11-18 15:13:39.128085,599617547440667443,-91.00
2025-11-18 15:13:39.128085,599617547440667443,-84.00
2025-11-18 15:13:39.128085,599617547440667443,-79.00
2025-11-18 15:13:39.128085,599617547440667443,-81.00
2025-11-18 15:13:39.128085,599617547440667443,-81.00
2025-11-18 15:13:39.128085,599617547440667443,-81.00
2025-11-18 15:13:39.128085,599617547440667443,-84.00
2025-11-18 15:13:39.128085,599617547440667443,-86.00
2025-11-18 15:13:39.128085,599617547440667443,-89.00
2025-11-18 15:13:39.128085,599617547440667443,-91.00
2025-11-18 15:13:39.128085,599617547440667443,-89.00
2025-11-18 15:13:39.128085,599617547440667443,-89.00
2025-11-18 15:13:39.128085,599617547440667443,-91.00
2025-11-18 15:13:39.128085,599617547440667443,-89.00
2025-11-18 15:13:39.128085,599617547440667443,-86.00
2025-11-18 15:13:39.128085,599617547440667443,-89.00
2025-11-18 15:13:39.128085,599617547440667443,-91.00
2025-11-18 15:13:39.128085,599617547440667443,-86.00
2025-11-18 15:13:39.128085,599617547440667443,-84.00
2025-11-18 15:13:39.128085,599617547440667443,-84.00
2025-11-18 15:13:39.128085,599617547440667443,-86.00
2025-11-18 15:13:39.128085,599617547440667443,-86.00
2025-11-18 15:13:39.128085,599617547440667443,-86.00
2025-11-18 15:13:39.697253,599617548001359398,-86.00
2025-11-18 15:13:39.697253,599617548001359398,-86.00
2025-11-18 15:13:39.697253,599617548001359398,-84.00
2025-11-18 15:13:39.697253,599617548001359398,-84.00
2025-11-18 15:13:39.697253,599617548001359398,-84.00
2025-11-18 15:13:39.697253,599617548001359398,-81.00
2025-11-18 15:13:39.697253,599617548001359398,-81.00
2025-11-18 15:13:39.697253,599617548001359398,-81.00
2025-11-18 15:13:39.697253,599617548001359398,-81.00
2025-11-18 15:13:39.697253,599617548001359398,-81.00
2025-11-18 15:13:39.697253,599617548001359398,-74.00
2025-11-18 15:13:39.697253,599617548001359398,-74.00
2025-11-18 15:13:39.697253,599617548001359398,-74.00
2025-11-18 15:13:39.697253,599617548001359398,-74.00
2025-11-18 15:13:39.697253,599617548001359398,-74.00
2025-11-18 15:13:39.697253,599617548001359398,-74.00
2025-11-18 15:13:39.697253,599617548001359398,-72.00
2025-11-18 15:13:39.697253,599617548001359398,-74.00
2025-11-18 15:13:39.697253,599617548001359398,-72.00
2025-11-18 15:13:39.697253,599617548001359398,-69.00
2025-11-18 15:13:39.697253,599617548001359398,-69.00
2025-11-18 15:13:39.697253,599617548001359398,-65.00
2025-11-18 15:13:39.697253,599617548001359398,-57.00
2025-11-18 15:13:39.697253,599617548001359398,-52.00
2025-11-18 15:13:39.697253,599617548001359398,-43.00
2025-11-18 15:13:39.697253,599617548001359398,-28.00
2025-11-18 15:13:39.697253,599617548001359398,-28.00
2025-11-18 15:13:39.697253,599617548001359398,-40.00
2025-11-18 15:13:39.697253,599617548001359398,-50.00
2025-11-18 15:13:39.697253,599617548001359398,-50.00
2025-11-18 15:13:39.697253,599617548001359398,-55.00
2025-11-18 15:13:39.697253,599617548001359398,-62.00
2025-11-18 15:13:39.697253,599617548001359398,-65.00
2025-11-18 15:13:39.697253,599617548001359398,-60.00
2025-11-18 15:13:39.697253,599617548001359398,-57.00
2025-11-18 15:13:39.697253,599617548001359398,-60.00
2025-11-18 15:13:39.697253,599617548001359398,-62.00
2025-11-18 15:13:39.697253,599617548001359398,-67.00
2025-11-18 15:13:39.697253,599617548001359398,-67.00
2025-11-18 15:13:39.697253,599617548001359398,-67.00
2025-11-18 15:13:39.697253,599617548001359398,-77.00
2025-11-18 15:13:39.697253,599617548001359398,-96.00
2025-11-18 15:13:39.697253,599617548001359398,-55.00
2025-11-18 15:13:39.697253,599617548001359398,127.00
2025-11-18 15:13:39.697253,599617548001359398,409.00
2025-11-18 15:13:39.697253,599617548001359398,580.00
2025-11-18 15:13:39.697253,599617548001359398,378.00
2025-11-18 15:13:39.697253,599617548001359398,-79.00
2025-11-18 15:13:39.697253,599617548001359398,-279.00
2025-11-18 15:13:39.697253,599617548001359398,-190.00
2025-11-18 15:13:39.697253,599617548001359398,-134.00
2025-11-18 15:13:39.697253,599617548001359398,-120.00
2025-11-18 15:13:39.697253,599617548001359398,-81.00
2025-11-18 15:13:39.697253,599617548001359398,-74.00
2025-11-18 15:13:39.697253,599617548001359398,-89.00
2025-11-18 15:13:39.697253,599617548001359398,-77.00
2025-11-18 15:13:39.697253,599617548001359398,-60.00
2025-11-18 15:13:39.697253,599617548001359398,-57.00
2025-11-18 15:13:39.697253,599617548001359398,-52.00
2025-11-18 15:13:39.697253,599617548001359398,-45.00
2025-11-18 15:13:39.697253,599617548001359398,-40.00
2025-11-18 15:13:39.697253,599617548001359398,-36.00
2025-11-18 15:13:39.697253,599617548001359398,-33.00
2025-11-18 15:13:39.697253,599617548001359398,-28.00
2025-11-18 15:13:39.697253,599617548001359398,-21.00
2025-11-18 15:13:39.697253,599617548001359398,-16.00
2025-11-18 15:13:39.697253,599617548001359398,-12.00
2025-11-18 15:13:39.697253,599617548001359398,-2.00
2025-11-18 15:13:39.697253,599617548001359398,4.00
2025-11-18 15:13:39.697253,599617548001359398,14.00
2025-11-18 15:13:39.697253,599617548001359398,26.00
2025-11-18 15:13:39.697253,599617548001359398,33.00
2025-11-18 15:13:39.697253,599617548001359398,40.00
2025-11-18 15:13:40.235615,599617548562056439,52.00
2025-11-18 15:13:40.235615,599617548562056439,67.00
2025-11-18 15:13:40.235615,599617548562056439,81.00
2025-11-18 15:13:40.235615,599617548562056439,93.00
2025-11-18 15:13:40.235615,599617548562056439,108.00
2025-11-18 15:13:40.235615,599617548562056439,118.00
2025-11-18 15:13:40.235615,599617548562056439,118.00
2025-11-18 15:13:40.235615,599617548562056439,113.00
2025-11-18 15:13:40.235615,599617548562056439,105.00
2025-11-18 15:13:40.235615,599617548562056439,86.00
2025-11-18 15:13:40.235615,599617548562056439,57.00
2025-11-18 15:13:40.235615,599617548562056439,28.00
2025-11-18 15:13:40.235615,599617548562056439,-7.00
2025-11-18 15:13:40.235615,599617548562056439,-45.00
2025-11-18 15:13:40.235615,599617548562056439,-77.00
2025-11-18 15:13:40.235615,599617548562056439,-101.00
2025-11-18 15:13:40.235615,599617548562056439,-120.00
2025-11-18 15:13:40.235615,599617548562056439,-130.00
2025-11-18 15:13:40.235615,599617548562056439,-125.00
2025-11-18 15:13:40.235615,599617548562056439,-120.00
2025-11-18 15:13:40.235615,599617548562056439,-122.00
2025-11-18 15:13:40.235615,599617548562056439,-125.00
2025-11-18 15:13:40.235615,599617548562056439,-120.00
2025-11-18 15:13:40.235615,599617548562056439,-118.00
2025-11-18 15:13:40.235615,599617548562056439,-113.00
2025-11-18 15:13:40.235615,599617548562056439,-105.00
2025-11-18 15:13:40.235615,599617548562056439,-103.00
2025-11-18 15:13:40.235615,599617548562056439,-103.00
2025-11-18 15:13:40.235615,599617548562056439,-98.00
2025-11-18 15:13:40.235615,599617548562056439,-89.00
2025-11-18 15:13:40.235615,599617548562056439,-84.00
2025-11-18 15:13:40.235615,599617548562056439,-86.00
2025-11-18 15:13:40.235615,599617548562056439,-84.00
2025-11-18 15:13:40.235615,599617548562056439,-79.00
2025-11-18 15:13:40.235615,599617548562056439,-72.00
2025-11-18 15:13:40.235615,599617548562056439,-67.00
2025-11-18 15:13:40.235615,599617548562056439,-67.00
2025-11-18 15:13:40.235615,599617548562056439,-67.00
2025-11-18 15:13:40.235615,599617548562056439,-67.00
2025-11-18 15:13:40.235615,599617548562056439,-67.00
2025-11-18 15:13:40.235615,599617548562056439,-65.00
2025-11-18 15:13:40.235615,599617548562056439,-62.00
2025-11-18 15:13:40.235615,599617548562056439,-65.00
2025-11-18 15:13:40.235615,599617548562056439,-62.00
2025-11-18 15:13:40.235615,599617548562056439,-60.00
2025-11-18 15:13:40.235615,599617548562056439,-62.00
2025-11-18 15:13:40.235615,599617548562056439,-65.00
2025-11-18 15:13:40.235615,599617548562056439,-62.00
2025-11-18 15:13:40.235615,599617548562056439,-60.00
2025-11-18 15:13:40.235615,599617548562056439,-55.00
2025-11-18 15:13:40.235615,599617548562056439,-52.00
2025-11-18 15:13:40.235615,599617548562056439,-55.00
2025-11-18 15:13:40.235615,599617548562056439,-57.00
2025-11-18 15:13:40.235615,599617548562056439,-55.00
2025-11-18 15:13:40.235615,599617548562056439,-55.00
2025-11-18 15:13:40.235615,599617548562056439,-55.00
2025-11-18 15:13:40.235615,599617548562056439,-50.00
2025-11-18 15:13:40.235615,599617548562056439,-40.00
2025-11-18 15:13:40.235615,599617548562056439,-38.00
2025-11-18 15:13:40.235615,599617548562056439,-40.00
2025-11-18 15:13:40.235615,599617548562056439,-40.00
2025-11-18 15:13:40.235615,599617548562056439,-38.00
2025-11-18 15:13:40.235615,599617548562056439,-40.00
2025-11-18 15:13:40.235615,599617548562056439,-40.00
2025-11-18 15:13:40.235615,599617548562056439,-40.00
2025-11-18 15:13:40.235615,599617548562056439,-40.00
2025-11-18 15:13:40.235615,599617548562056439,-40.00
2025-11-18 15:13:40.235615,599617548562056439,-38.00
2025-11-18 15:13:40.235615,599617548562056439,-38.00
2025-11-18 15:13:40.235615,599617548562056439,-36.00
2025-11-18 15:13:40.235615,599617548562056439,-36.00
2025-11-18 15:13:40.235615,599617548562056439,-40.00
2025-11-18 15:13:40.235615,599617548562056439,-40.00
2025-11-18 15:13:40.775968,599617549122753480,-38.00
2025-11-18 15:13:40.775968,599617549122753480,-38.00
2025-11-18 15:13:40.775968,599617549122753480,-33.00
2025-11-18 15:13:40.775968,599617549122753480,-24.00
2025-11-18 15:13:40.775968,599617549122753480,-12.00
2025-11-18 15:13:40.775968,599617549122753480,-2.00
2025-11-18 15:13:40.775968,599617549122753480,0.00
2025-11-18 15:13:40.775968,599617549122753480,-12.00
2025-11-18 15:13:40.775968,599617549122753480,-26.00
2025-11-18 15:13:40.775968,599617549122753480,-31.00
2025-11-18 15:13:40.775968,599617549122753480,-31.00
2025-11-18 15:13:40.775968,599617549122753480,-40.00
2025-11-18 15:13:40.775968,599617549122753480,-43.00
2025-11-18 15:13:40.775968,599617549122753480,-40.00
2025-11-18 15:13:40.775968,599617549122753480,-40.00
2025-11-18 15:13:40.775968,599617549122753480,-45.00
2025-11-18 15:13:40.775968,599617549122753480,-50.00
2025-11-18 15:13:40.775968,599617549122753480,-50.00
2025-11-18 15:13:40.775968,599617549122753480,-50.00
2025-11-18 15:13:40.775968,599617549122753480,-48.00
2025-11-18 15:13:40.775968,599617549122753480,-57.00
2025-11-18 15:13:40.775968,599617549122753480,-84.00
2025-11-18 15:13:40.775968,599617549122753480,-62.00
2025-11-18 15:13:40.775968,599617549122753480,101.00
2025-11-18 15:13:40.775968,599617549122753480,373.00
2025-11-18 15:13:40.775968,599617549122753480,554.00
2025-11-18 15:13:40.775968,599617549122753480,380.00
2025-11-18 15:13:40.775968,599617549122753480,-65.00
2025-11-18 15:13:40.775968,599617549122753480,-286.00
2025-11-18 15:13:40.775968,599617549122753480,-202.00
2025-11-18 15:13:40.775968,599617549122753480,-134.00
2025-11-18 15:13:40.775968,599617549122753480,-115.00
2025-11-18 15:13:40.775968,599617549122753480,-69.00
2025-11-18 15:13:40.775968,599617549122753480,-55.00
2025-11-18 15:13:40.775968,599617549122753480,-72.00
2025-11-18 15:13:40.775968,599617549122753480,-60.00
2025-11-18 15:13:40.775968,599617549122753480,-45.00
2025-11-18 15:13:40.775968,599617549122753480,-48.00
2025-11-18 15:13:40.775968,599617549122753480,-38.00
2025-11-18 15:13:40.775968,599617549122753480,-21.00
2025-11-18 15:13:40.775968,599617549122753480,-16.00
2025-11-18 15:13:40.775968,599617549122753480,-16.00
2025-11-18 15:13:40.775968,599617549122753480,-19.00
2025-11-18 15:13:40.775968,599617549122753480,-14.00
2025-11-18 15:13:40.775968,599617549122753480,0.00
2025-11-18 15:13:40.775968,599617549122753480,12.00
2025-11-18 15:13:40.775968,599617549122753480,14.00
2025-11-18 15:13:40.775968,599617549122753480,14.00
2025-11-18 15:13:40.775968,599617549122753480,19.00
2025-11-18 15:13:40.775968,599617549122753480,36.00
2025-11-18 15:13:40.775968,599617549122753480,48.00
2025-11-18 15:13:40.775968,599617549122753480,52.00
2025-11-18 15:13:40.775968,599617549122753480,60.00
2025-11-18 15:13:40.775968,599617549122753480,81.00
2025-11-18 15:13:40.775968,599617549122753480,96.00
2025-11-18 15:13:40.775968,599617549122753480,101.00
2025-11-18 15:13:40.775968,599617549122753480,113.00
2025-11-18 15:13:40.775968,599617549122753480,130.00
2025-11-18 15:13:40.775968,599617549122753480,137.00
2025-11-18 15:13:40.775968,599617549122753480,130.00
2025-11-18 15:13:40.775968,599617549122753480,125.00
2025-11-18 15:13:40.775968,599617549122753480,118.00
2025-11-18 15:13:40.775968,599617549122753480,93.00
2025-11-18 15:13:40.775968,599617549122753480,52.00
2025-11-18 15:13:40.775968,599617549122753480,24.00
2025-11-18 15:13:40.775968,599617549122753480,-2.00
2025-11-18 15:13:40.775968,599617549122753480,-38.00
2025-11-18 15:13:40.775968,599617549122753480,-77.00
2025-11-18 15:13:40.775968,599617549122753480,-105.00
2025-11-18 15:13:40.775968,599617549122753480,-125.00
2025-11-18 15:13:40.775968,599617549122753480,-134.00
2025-11-18 15:13:40.775968,599617549122753480,-137.00
2025-11-18 15:13:40.775968,599617549122753480,-142.00
2025-11-18 15:13:41.345904,599617549683450521,-149.00
2025-11-18 15:13:41.345904,599617549683450521,-146.00
2025-11-18 15:13:41.345904,599617549683450521,-139.00
2025-11-18 15:13:41.345904,599617549683450521,-134.00
2025-11-18 15:13:41.345904,599617549683450521,-132.00
2025-11-18 15:13:41.345904,599617549683450521,-125.00
2025-11-18 15:13:41.345904,599617549683450521,-118.00
2025-11-18 15:13:41.345904,599617549683450521,-113.00
2025-11-18 15:13:41.345904,599617549683450521,-113.00
2025-11-18 15:13:41.345904,599617549683450521,-110.00
2025-11-18 15:13:41.345904,599617549683450521,-105.00
2025-11-18 15:13:41.345904,599617549683450521,-103.00
2025-11-18 15:13:41.345904,599617549683450521,-101.00
2025-11-18 15:13:41.345904,599617549683450521,-93.00
2025-11-18 15:13:41.345904,599617549683450521,-89.00
2025-11-18 15:13:41.345904,599617549683450521,-91.00
2025-11-18 15:13:41.345904,599617549683450521,-96.00
2025-11-18 15:13:41.345904,599617549683450521,-91.00
2025-11-18 15:13:41.345904,599617549683450521,-86.00
2025-11-18 15:13:41.345904,599617549683450521,-84.00
2025-11-18 15:13:41.345904,599617549683450521,-79.00
2025-11-18 15:13:41.345904,599617549683450521,-77.00
2025-11-18 15:13:41.345904,599617549683450521,-84.00
2025-11-18 15:13:41.345904,599617549683450521,-93.00
2025-11-18 15:13:41.345904,599617549683450521,-91.00
2025-11-18 15:13:41.345904,599617549683450521,-84.00
2025-11-18 15:13:41.345904,599617549683450521,-84.00
2025-11-18 15:13:41.345904,599617549683450521,-79.00
2025-11-18 15:13:41.345904,599617549683450521,-74.00
2025-11-18 15:13:41.345904,599617549683450521,-74.00
2025-11-18 15:13:41.345904,599617549683450521,-74.00
2025-11-18 15:13:41.345904,599617549683450521,-72.00
2025-11-18 15:13:41.345904,599617549683450521,-72.00
2025-11-18 15:13:41.345904,599617549683450521,-74.00
2025-11-18 15:13:41.345904,599617549683450521,-72.00
2025-11-18 15:13:41.345904,599617549683450521,-69.00
2025-11-18 15:13:41.345904,599617549683450521,-65.00
2025-11-18 15:13:41.345904,599617549683450521,-52.00
2025-11-18 15:13:41.345904,599617549683450521,-48.00
2025-11-18 15:13:41.345904,599617549683450521,-52.00
2025-11-18 15:13:41.345904,599617549683450521,-52.00
2025-11-18 15:13:41.345904,599617549683450521,-43.00
2025-11-18 15:13:41.345904,599617549683450521,-43.00
2025-11-18 15:13:41.345904,599617549683450521,-48.00
2025-11-18 15:13:41.345904,599617549683450521,-43.00
2025-11-18 15:13:41.345904,599617549683450521,-36.00
2025-11-18 15:13:41.345904,599617549683450521,-19.00
2025-11-18 15:13:41.345904,599617549683450521,7.00
2025-11-18 15:13:41.345904,599617549683450521,16.00
2025-11-18 15:13:41.345904,599617549683450521,4.00
2025-11-18 15:13:41.345904,599617549683450521,-9.00
2025-11-18 15:13:41.345904,599617549683450521,-16.00
2025-11-18 15:13:41.345904,599617549683450521,-16.00
2025-11-18 15:13:41.345904,599617549683450521,-19.00
2025-11-18 15:13:41.345904,599617549683450521,-28.00
2025-11-18 15:13:41.345904,599617549683450521,-26.00
2025-11-18 15:13:41.345904,599617549683450521,-19.00
2025-11-18 15:13:41.345904,599617549683450521,-14.00
2025-11-18 15:13:41.345904,599617549683450521,-16.00
2025-11-18 15:13:41.345904,599617549683450521,-21.00
2025-11-18 15:13:41.345904,599617549683450521,-21.00
2025-11-18 15:13:41.345904,599617549683450521,-19.00
2025-11-18 15:13:41.345904,599617549683450521,-24.00
2025-11-18 15:13:41.345904,599617549683450521,-40.00
2025-11-18 15:13:41.345904,599617549683450521,-36.00
2025-11-18 15:13:41.345904,599617549683450521,91.00
2025-11-18 15:13:41.345904,599617549683450521,354.00
2025-11-18 15:13:41.345904,599617549683450521,568.00
2025-11-18 15:13:41.345904,599617549683450521,448.00
2025-11-18 15:13:41.345904,599617549683450521,0.00
2025-11-18 15:13:41.345904,599617549683450521,-277.00
2025-11-18 15:13:41.345904,599617549683450521,-209.00
2025-11-18 15:13:41.345904,599617549683450521,-115.00
2025-11-18 15:13:41.887553,599617550244117044,-89.00
2025-11-18 15:13:41.887553,599617550244117044,-43.00
2025-11-18 15:13:41.887553,599617550244117044,-14.00
2025-11-18 15:13:41.887553,599617550244117044,-31.00
2025-11-18 15:13:41.887553,599617550244117044,-28.00
2025-11-18 15:13:41.887553,599617550244117044,-12.00
2025-11-18 15:13:41.887553,599617550244117044,-4.00
2025-11-18 15:13:41.887553,599617550244117044,0.00
2025-11-18 15:13:41.887553,599617550244117044,9.00
2025-11-18 15:13:41.887553,599617550244117044,14.00
2025-11-18 15:13:41.887553,599617550244117044,16.00
2025-11-18 15:13:41.887553,599617550244117044,19.00
2025-11-18 15:13:41.887553,599617550244117044,24.00
2025-11-18 15:13:41.887553,599617550244117044,31.00
2025-11-18 15:13:41.887553,599617550244117044,40.00
2025-11-18 15:13:41.887553,599617550244117044,43.00
2025-11-18 15:13:41.887553,599617550244117044,48.00
2025-11-18 15:13:41.887553,599617550244117044,55.00
2025-11-18 15:13:41.887553,599617550244117044,60.00
2025-11-18 15:13:41.887553,599617550244117044,65.00
2025-11-18 15:13:41.887553,599617550244117044,79.00
2025-11-18 15:13:41.887553,599617550244117044,93.00
2025-11-18 15:13:41.887553,599617550244117044,101.00
2025-11-18 15:13:41.887553,599617550244117044,108.00
2025-11-18 15:13:41.887553,599617550244117044,118.00
2025-11-18 15:13:41.887553,599617550244117044,134.00
2025-11-18 15:13:41.887553,599617550244117044,142.00
2025-11-18 15:13:41.887553,599617550244117044,144.00
2025-11-18 15:13:41.887553,599617550244117044,144.00
2025-11-18 15:13:41.887553,599617550244117044,142.00
2025-11-18 15:13:41.887553,599617550244117044,130.00
2025-11-18 15:13:41.887553,599617550244117044,105.00
2025-11-18 15:13:41.887553,599617550244117044,69.00
2025-11-18 15:13:41.887553,599617550244117044,26.00
2025-11-18 15:13:41.887553,599617550244117044,-9.00
2025-11-18 15:13:41.887553,599617550244117044,-38.00
2025-11-18 15:13:41.887553,599617550244117044,-62.00
2025-11-18 15:13:41.887553,599617550244117044,-86.00
2025-11-18 15:13:41.887553,599617550244117044,-103.00
2025-11-18 15:13:41.887553,599617550244117044,-110.00
2025-11-18 15:13:41.887553,599617550244117044,-110.00
2025-11-18 15:13:41.887553,599617550244117044,-113.00
2025-11-18 15:13:41.887553,599617550244117044,-118.00
2025-11-18 15:13:41.887553,599617550244117044,-118.00
2025-11-18 15:13:41.887553,599617550244117044,-110.00
2025-11-18 15:13:41.887553,599617550244117044,-103.00
2025-11-18 15:13:41.887553,599617550244117044,-96.00
2025-11-18 15:13:41.887553,599617550244117044,-91.00
2025-11-18 15:13:41.887553,599617550244117044,-93.00
2025-11-18 15:13:41.887553,599617550244117044,-91.00
2025-11-18 15:13:41.887553,599617550244117044,-86.00
2025-11-18 15:13:41.887553,599617550244117044,-84.00
2025-11-18 15:13:41.887553,599617550244117044,-81.00
2025-11-18 15:13:41.887553,599617550244117044,-77.00
2025-11-18 15:13:41.887553,599617550244117044,-74.00
2025-11-18 15:13:41.887553,599617550244117044,-81.00
2025-11-18 15:13:41.887553,599617550244117044,-79.00
2025-11-18 15:13:41.887553,599617550244117044,-72.00
2025-11-18 15:13:41.887553,599617550244117044,-72.00
2025-11-18 15:13:41.887553,599617550244117044,-77.00
2025-11-18 15:13:41.887553,599617550244117044,-74.00
2025-11-18 15:13:41.887553,599617550244117044,-74.00
2025-11-18 15:13:41.887553,599617550244117044,-77.00
2025-11-18 15:13:41.887553,599617550244117044,-77.00
2025-11-18 15:13:41.887553,599617550244117044,-74.00
2025-11-18 15:13:41.887553,599617550244117044,-74.00
2025-11-18 15:13:41.887553,599617550244117044,-79.00
2025-11-18 15:13:41.887553,599617550244117044,-84.00
2025-11-18 15:13:41.887553,599617550244117044,-77.00
2025-11-18 15:13:41.887553,599617550244117044,-67.00
2025-11-18 15:13:41.887553,599617550244117044,-67.00
2025-11-18 15:13:41.887553,599617550244117044,-74.00
2025-11-18 15:13:41.887553,599617550244117044,-79.00
2025-11-18 15:13:42.488558,599617550804814087,-79.00
2025-11-18 15:13:42.488558,599617550804814087,-74.00
2025-11-18 15:13:42.488558,599617550804814087,-74.00
2025-11-18 15:13:42.488558,599617550804814087,-67.00
2025-11-18 15:13:42.488558,599617550804814087,-57.00
2025-11-18 15:13:42.488558,599617550804814087,-57.00
2025-11-18 15:13:42.488558,599617550804814087,-65.00
2025-11-18 15:13:42.488558,599617550804814087,-72.00
2025-11-18 15:13:42.488558,599617550804814087,-65.00
2025-11-18 15:13:42.488558,599617550804814087,-57.00
2025-11-18 15:13:42.488558,599617550804814087,-62.00
2025-11-18 15:13:42.488558,599617550804814087,-69.00
2025-11-18 15:13:42.488558,599617550804814087,-67.00
2025-11-18 15:13:42.488558,599617550804814087,-60.00
2025-11-18 15:13:42.488558,599617550804814087,-60.00
2025-11-18 15:13:42.488558,599617550804814087,-60.00
2025-11-18 15:13:42.488558,599617550804814087,-60.00
2025-11-18 15:13:42.488558,599617550804814087,-57.00
2025-11-18 15:13:42.488558,599617550804814087,-52.00
2025-11-18 15:13:42.488558,599617550804814087,-50.00
2025-11-18 15:13:42.488558,599617550804814087,-45.00
2025-11-18 15:13:42.488558,599617550804814087,-36.00
2025-11-18 15:13:42.488558,599617550804814087,-31.00
2025-11-18 15:13:42.488558,599617550804814087,-21.00
2025-11-18 15:13:42.488558,599617550804814087,-12.00
2025-11-18 15:13:42.488558,599617550804814087,-19.00
2025-11-18 15:13:42.488558,599617550804814087,-33.00
2025-11-18 15:13:42.488558,599617550804814087,-38.00
2025-11-18 15:13:42.488558,599617550804814087,-40.00
2025-11-18 15:13:42.488558,599617550804814087,-52.00
2025-11-18 15:13:42.488558,599617550804814087,-55.00
2025-11-18 15:13:42.488558,599617550804814087,-50.00
2025-11-18 15:13:42.488558,599617550804814087,-52.00
2025-11-18 15:13:42.488558,599617550804814087,-57.00
2025-11-18 15:13:42.488558,599617550804814087,-60.00
2025-11-18 15:13:42.488558,599617550804814087,-60.00
2025-11-18 15:13:42.488558,599617550804814087,-55.00
2025-11-18 15:13:42.488558,599617550804814087,-52.00
2025-11-18 15:13:42.488558,599617550804814087,-65.00
2025-11-18 15:13:42.488558,599617550804814087,-79.00
2025-11-18 15:13:42.488558,599617550804814087,-77.00
2025-11-18 15:13:42.488558,599617550804814087,26.00
2025-11-18 15:13:42.488558,599617550804814087,260.00
2025-11-18 15:13:42.488558,599617550804814087,496.00
2025-11-18 15:13:42.488558,599617550804814087,472.00
2025-11-18 15:13:42.488558,599617550804814087,91.00
2025-11-18 15:13:42.488558,599617550804814087,-245.00
2025-11-18 15:13:42.488558,599617550804814087,-250.00
2025-11-18 15:13:42.488558,599617550804814087,-154.00
2025-11-18 15:13:42.488558,599617550804814087,-130.00
2025-11-18 15:13:42.488558,599617550804814087,-103.00
2025-11-18 15:13:42.488558,599617550804814087,-69.00
2025-11-18 15:13:42.488558,599617550804814087,-74.00
2025-11-18 15:13:42.488558,599617550804814087,-72.00
2025-11-18 15:13:42.488558,599617550804814087,-52.00
2025-11-18 15:13:42.488558,599617550804814087,-52.00
2025-11-18 15:13:42.488558,599617550804814087,-52.00
2025-11-18 15:13:42.488558,599617550804814087,-40.00
2025-11-18 15:13:42.488558,599617550804814087,-38.00
2025-11-18 15:13:42.488558,599617550804814087,-38.00
2025-11-18 15:13:42.488558,599617550804814087,-31.00
2025-11-18 15:13:42.488558,599617550804814087,-19.00
2025-11-18 15:13:42.488558,599617550804814087,-14.00
2025-11-18 15:13:42.488558,599617550804814087,-9.00
2025-11-18 15:13:42.488558,599617550804814087,-4.00
2025-11-18 15:13:42.488558,599617550804814087,0.00
2025-11-18 15:13:42.488558,599617550804814087,9.00
2025-11-18 15:13:42.488558,599617550804814087,19.00
2025-11-18 15:13:42.488558,599617550804814087,26.00
2025-11-18 15:13:42.488558,599617550804814087,38.00
2025-11-18 15:13:42.488558,599617550804814087,50.00
2025-11-18 15:13:42.488558,599617550804814087,62.00
2025-11-18 15:13:42.488558,599617550804814087,74.00
2025-11-18 15:13:43.058296,599617551365511128,89.00
2025-11-18 15:13:43.058296,599617551365511128,103.00
2025-11-18 15:13:43.058296,599617551365511128,110.00
2025-11-18 15:13:43.058296,599617551365511128,120.00
2025-11-18 15:13:43.058296,599617551365511128,130.00
2025-11-18 15:13:43.058296,599617551365511128,125.00
2025-11-18 15:13:43.058296,599617551365511128,113.00
2025-11-18 15:13:43.058296,599617551365511128,101.00
2025-11-18 15:13:43.058296,599617551365511128,81.00
2025-11-18 15:13:43.058296,599617551365511128,52.00
2025-11-18 15:13:43.058296,599617551365511128,14.00
2025-11-18 15:13:43.058296,599617551365511128,-31.00
2025-11-18 15:13:43.058296,599617551365511128,-67.00
2025-11-18 15:13:43.058296,599617551365511128,-89.00
2025-11-18 15:13:43.058296,599617551365511128,-101.00
2025-11-18 15:13:43.058296,599617551365511128,-113.00
2025-11-18 15:13:43.058296,599617551365511128,-122.00
2025-11-18 15:13:43.058296,599617551365511128,-125.00
2025-11-18 15:13:43.058296,599617551365511128,-120.00
2025-11-18 15:13:43.058296,599617551365511128,-115.00
2025-11-18 15:13:43.058296,599617551365511128,-115.00
2025-11-18 15:13:43.058296,599617551365511128,-110.00
2025-11-18 15:13:43.058296,599617551365511128,-101.00
2025-11-18 15:13:43.058296,599617551365511128,-98.00
2025-11-18 15:13:43.058296,599617551365511128,-101.00
2025-11-18 15:13:43.058296,599617551365511128,-93.00
2025-11-18 15:13:43.058296,599617551365511128,-79.00
2025-11-18 15:13:43.058296,599617551365511128,-74.00
2025-11-18 15:13:43.058296,599617551365511128,-77.00
2025-11-18 15:13:43.058296,599617551365511128,-69.00
2025-11-18 15:13:43.058296,599617551365511128,-62.00
2025-11-18 15:13:43.058296,599617551365511128,-62.00
2025-11-18 15:13:43.058296,599617551365511128,-60.00
2025-11-18 15:13:43.058296,599617551365511128,-57.00
2025-11-18 15:13:43.058296,599617551365511128,-55.00
2025-11-18 15:13:43.058296,599617551365511128,-52.00
2025-11-18 15:13:43.058296,599617551365511128,-50.00
2025-11-18 15:13:43.058296,599617551365511128,-50.00
2025-11-18 15:13:43.058296,599617551365511128,-55.00
2025-11-18 15:13:43.058296,599617551365511128,-60.00
2025-11-18 15:13:43.058296,599617551365511128,-57.00
2025-11-18 15:13:43.058296,599617551365511128,-50.00
2025-11-18 15:13:43.058296,599617551365511128,-50.00
2025-11-18 15:13:43.058296,599617551365511128,-52.00
2025-11-18 15:13:43.058296,599617551365511128,-45.00
2025-11-18 15:13:43.058296,599617551365511128,-43.00
2025-11-18 15:13:43.058296,599617551365511128,-48.00
2025-11-18 15:13:43.058296,599617551365511128,-45.00
2025-11-18 15:13:43.058296,599617551365511128,-45.00
2025-11-18 15:13:43.058296,599617551365511128,-45.00
2025-11-18 15:13:43.058296,599617551365511128,-40.00
2025-11-18 15:13:43.058296,599617551365511128,-43.00
2025-11-18 15:13:43.058296,599617551365511128,-40.00
2025-11-18 15:13:43.058296,599617551365511128,-33.00
2025-11-18 15:13:43.058296,599617551365511128,-36.00
2025-11-18 15:13:43.058296,599617551365511128,-38.00
2025-11-18 15:13:43.058296,599617551365511128,-28.00
2025-11-18 15:13:43.058296,599617551365511128,-26.00
2025-11-18 15:13:43.058296,599617551365511128,-33.00
2025-11-18 15:13:43.058296,599617551365511128,-36.00
2025-11-18 15:13:43.058296,599617551365511128,-31.00
2025-11-18 15:13:43.058296,599617551365511128,-28.00
2025-11-18 15:13:43.058296,599617551365511128,-26.00
2025-11-18 15:13:43.058296,599617551365511128,-26.00
2025-11-18 15:13:43.058296,599617551365511128,-31.00
2025-11-18 15:13:43.058296,599617551365511128,-28.00
2025-11-18 15:13:43.058296,599617551365511128,-14.00
2025-11-18 15:13:43.058296,599617551365511128,4.00
2025-11-18 15:13:43.058296,599617551365511128,7.00
2025-11-18 15:13:43.058296,599617551365511128,14.00
2025-11-18 15:13:43.058296,599617551365511128,21.00
2025-11-18 15:13:43.058296,599617551365511128,12.00
2025-11-18 15:13:43.058296,599617551365511128,2.00
2025-11-18 15:13:43.595478,599617551926177651,0.00
2025-11-18 15:13:43.595478,599617551926177651,-2.00
2025-11-18 15:13:43.595478,599617551926177651,-12.00
2025-11-18 15:13:43.595478,599617551926177651,-14.00
2025-11-18 15:13:43.595478,599617551926177651,-12.00
2025-11-18 15:13:43.595478,599617551926177651,-19.00
2025-11-18 15:13:43.595478,599617551926177651,-28.00
2025-11-18 15:13:43.595478,599617551926177651,-19.00
2025-11-18 15:13:43.595478,599617551926177651,-7.00
2025-11-18 15:13:43.595478,599617551926177651,-14.00
2025-11-18 15:13:43.595478,599617551926177651,-16.00
2025-11-18 15:13:43.595478,599617551926177651,-16.00
2025-11-18 15:13:43.595478,599617551926177651,-38.00
2025-11-18 15:13:43.595478,599617551926177651,-26.00
2025-11-18 15:13:43.595478,599617551926177651,120.00
2025-11-18 15:13:43.595478,599617551926177651,373.00
2025-11-18 15:13:43.595478,599617551926177651,551.00
2025-11-18 15:13:43.595478,599617551926177651,416.00
2025-11-18 15:13:43.595478,599617551926177651,4.00
2025-11-18 15:13:43.595478,599617551926177651,-238.00
2025-11-18 15:13:43.595478,599617551926177651,-173.00
2025-11-18 15:13:43.595478,599617551926177651,-93.00
2025-11-18 15:13:43.595478,599617551926177651,-72.00
2025-11-18 15:13:43.595478,599617551926177651,-33.00
2025-11-18 15:13:43.595478,599617551926177651,-14.00
2025-11-18 15:13:43.595478,599617551926177651,-21.00
2025-11-18 15:13:43.595478,599617551926177651,-12.00
2025-11-18 15:13:43.595478,599617551926177651,-2.00
2025-11-18 15:13:43.595478,599617551926177651,-7.00
2025-11-18 15:13:43.595478,599617551926177651,-4.00
2025-11-18 15:13:43.595478,599617551926177651,4.00
2025-11-18 15:13:43.595478,599617551926177651,19.00
2025-11-18 15:13:43.595478,599617551926177651,21.00
2025-11-18 15:13:43.595478,599617551926177651,24.00
2025-11-18 15:13:43.595478,599617551926177651,38.00
2025-11-18 15:13:43.595478,599617551926177651,48.00
2025-11-18 15:13:43.595478,599617551926177651,48.00
2025-11-18 15:13:43.595478,599617551926177651,50.00
2025-11-18 15:13:43.595478,599617551926177651,57.00
2025-11-18 15:13:43.595478,599617551926177651,62.00
2025-11-18 15:13:43.595478,599617551926177651,69.00
2025-11-18 15:13:43.595478,599617551926177651,79.00
2025-11-18 15:13:43.595478,599617551926177651,96.00
2025-11-18 15:13:43.595478,599617551926177651,113.00
2025-11-18 15:13:43.595478,599617551926177651,120.00
2025-11-18 15:13:43.595478,599617551926177651,125.00
2025-11-18 15:13:43.595478,599617551926177651,134.00
2025-11-18 15:13:43.595478,599617551926177651,146.00
2025-11-18 15:13:43.595478,599617551926177651,166.00
2025-11-18 15:13:43.595478,599617551926177651,180.00
2025-11-18 15:13:43.595478,599617551926177651,180.00
2025-11-18 15:13:43.595478,599617551926177651,173.00
2025-11-18 15:13:43.595478,599617551926177651,156.00
2025-11-18 15:13:43.595478,599617551926177651,139.00
2025-11-18 15:13:43.595478,599617551926177651,105.00
2025-11-18 15:13:43.595478,599617551926177651,60.00
2025-11-18 15:13:43.595478,599617551926177651,19.00
2025-11-18 15:13:43.595478,599617551926177651,-14.00
2025-11-18 15:13:43.595478,599617551926177651,-45.00
2025-11-18 15:13:43.595478,599617551926177651,-67.00
2025-11-18 15:13:43.595478,599617551926177651,-72.00
2025-11-18 15:13:43.595478,599617551926177651,-77.00
2025-11-18 15:13:43.595478,599617551926177651,-91.00
2025-11-18 15:13:43.595478,599617551926177651,-93.00
2025-11-18 15:13:43.595478,599617551926177651,-84.00
2025-11-18 15:13:43.595478,599617551926177651,-98.00
2025-11-18 15:13:43.595478,599617551926177651,-108.00
2025-11-18 15:13:43.595478,599617551926177651,-89.00
2025-11-18 15:13:43.595478,599617551926177651,-72.00
2025-11-18 15:13:43.595478,599617551926177651,-79.00
2025-11-18 15:13:43.595478,599617551926177651,-81.00
2025-11-18 15:13:43.595478,599617551926177651,-77.00
2025-11-18 15:13:43.595478,599617551926177651,-69.00
2025-11-18 15:13:44.167328,599617552486874692,-62.00
2025-11-18 15:13:44.167328,599617552486874692,-52.00
2025-11-18 15:13:44.167328,599617552486874692,-52.00
2025-11-18 15:13:44.167328,599617552486874692,-60.00
2025-11-18 15:13:44.167328,599617552486874692,-52.00
2025-11-18 15:13:44.167328,599617552486874692,-48.00
2025-11-18 15:13:44.167328,599617552486874692,-55.00
2025-11-18 15:13:44.167328,599617552486874692,-57.00
2025-11-18 15:13:44.167328,599617552486874692,-55.00
2025-11-18 15:13:44.167328,599617552486874692,-65.00
2025-11-18 15:13:44.167328,599617552486874692,-67.00
2025-11-18 15:13:44.167328,599617552486874692,-57.00
2025-11-18 15:13:44.167328,599617552486874692,-57.00
2025-11-18 15:13:44.167328,599617552486874692,-69.00
2025-11-18 15:13:44.167328,599617552486874692,-72.00
2025-11-18 15:13:44.167328,599617552486874692,-62.00
2025-11-18 15:13:44.167328,599617552486874692,-62.00
2025-11-18 15:13:44.167328,599617552486874692,-67.00
2025-11-18 15:13:44.167328,599617552486874692,-72.00
2025-11-18 15:13:44.167328,599617552486874692,-67.00
2025-11-18 15:13:44.167328,599617552486874692,-62.00
2025-11-18 15:13:44.167328,599617552486874692,-60.00
2025-11-18 15:13:44.167328,599617552486874692,-65.00
2025-11-18 15:13:44.167328,599617552486874692,-74.00
2025-11-18 15:13:44.167328,599617552486874692,-74.00
2025-11-18 15:13:44.167328,599617552486874692,-67.00
2025-11-18 15:13:44.167328,599617552486874692,-65.00
2025-11-18 15:13:44.167328,599617552486874692,-69.00
2025-11-18 15:13:44.167328,599617552486874692,-74.00
2025-11-18 15:13:44.167328,599617552486874692,-74.00
2025-11-18 15:13:44.167328,599617552486874692,-77.00
2025-11-18 15:13:44.167328,599617552486874692,-72.00
2025-11-18 15:13:44.167328,599617552486874692,-62.00
2025-11-18 15:13:44.167328,599617552486874692,-57.00
2025-11-18 15:13:44.167328,599617552486874692,-69.00
2025-11-18 15:13:44.167328,599617552486874692,-74.00
2025-11-18 15:13:44.167328,599617552486874692,-67.00
2025-11-18 15:13:44.167328,599617552486874692,-50.00
2025-11-18 15:13:44.167328,599617552486874692,-33.00
2025-11-18 15:13:44.167328,599617552486874692,-33.00
2025-11-18 15:13:44.167328,599617552486874692,-40.00
2025-11-18 15:13:44.167328,599617552486874692,-50.00
2025-11-18 15:13:44.167328,599617552486874692,-57.00
2025-11-18 15:13:44.167328,599617552486874692,-62.00
2025-11-18 15:13:44.167328,599617552486874692,-72.00
2025-11-18 15:13:44.167328,599617552486874692,-74.00
2025-11-18 15:13:44.167328,599617552486874692,-77.00
2025-11-18 15:13:44.167328,599617552486874692,-79.00
2025-11-18 15:13:44.167328,599617552486874692,-74.00
2025-11-18 15:13:44.167328,599617552486874692,-69.00
2025-11-18 15:13:44.167328,599617552486874692,-79.00
2025-11-18 15:13:44.167328,599617552486874692,-86.00
2025-11-18 15:13:44.167328,599617552486874692,-79.00
2025-11-18 15:13:44.167328,599617552486874692,-79.00
2025-11-18 15:13:44.167328,599617552486874692,-96.00
2025-11-18 15:13:44.167328,599617552486874692,-105.00
2025-11-18 15:13:44.167328,599617552486874692,-14.00
2025-11-18 15:13:44.167328,599617552486874692,211.00
2025-11-18 15:13:44.167328,599617552486874692,445.00
2025-11-18 15:13:44.167328,599617552486874692,448.00
2025-11-18 15:13:44.167328,599617552486874692,98.00
2025-11-18 15:13:44.167328,599617552486874692,-255.00
2025-11-18 15:13:44.167328,599617552486874692,-284.00
2025-11-18 15:13:44.167328,599617552486874692,-178.00
2025-11-18 15:13:44.167328,599617552486874692,-142.00
2025-11-18 15:13:44.167328,599617552486874692,-108.00
2025-11-18 15:13:44.167328,599617552486874692,-79.00
2025-11-18 15:13:44.167328,599617552486874692,-84.00
2025-11-18 15:13:44.167328,599617552486874692,-84.00
2025-11-18 15:13:44.167328,599617552486874692,-74.00
2025-11-18 15:13:44.167328,599617552486874692,-72.00
2025-11-18 15:13:44.167328,599617552486874692,-62.00
2025-11-18 15:13:44.167328,599617552486874692,-50.00
2025-11-18 15:13:44.706854,599617553047571733,-50.00
2025-11-18 15:13:44.706854,599617553047571733,-48.00
2025-11-18 15:13:44.706854,599617553047571733,-36.00
2025-11-18 15:13:44.706854,599617553047571733,-33.00
2025-11-18 15:13:44.706854,599617553047571733,-33.00
2025-11-18 15:13:44.706854,599617553047571733,-21.00
2025-11-18 15:13:44.706854,599617553047571733,-9.00
2025-11-18 15:13:44.706854,599617553047571733,-7.00
2025-11-18 15:13:44.706854,599617553047571733,0.00
2025-11-18 15:13:44.706854,599617553047571733,14.00
2025-11-18 15:13:44.706854,599617553047571733,26.00
2025-11-18 15:13:44.706854,599617553047571733,36.00
2025-11-18 15:13:44.706854,599617553047571733,50.00
2025-11-18 15:13:44.706854,599617553047571733,62.00
2025-11-18 15:13:44.706854,599617553047571733,77.00
2025-11-18 15:13:44.706854,599617553047571733,89.00
2025-11-18 15:13:44.706854,599617553047571733,96.00
2025-11-18 15:13:44.706854,599617553047571733,105.00
2025-11-18 15:13:44.706854,599617553047571733,120.00
2025-11-18 15:13:44.706854,599617553047571733,125.00
2025-11-18 15:13:44.706854,599617553047571733,122.00
2025-11-18 15:13:44.706854,599617553047571733,120.00
2025-11-18 15:13:44.706854,599617553047571733,108.00
2025-11-18 15:13:44.706854,599617553047571733,72.00
2025-11-18 15:13:44.706854,599617553047571733,28.00
2025-11-18 15:13:44.706854,599617553047571733,-4.00
2025-11-18 15:13:44.706854,599617553047571733,-28.00
2025-11-18 15:13:44.706854,599617553047571733,-55.00
2025-11-18 15:13:44.706854,599617553047571733,-81.00
2025-11-18 15:13:44.706854,599617553047571733,-101.00
2025-11-18 15:13:44.706854,599617553047571733,-113.00
2025-11-18 15:13:44.706854,599617553047571733,-110.00
2025-11-18 15:13:44.706854,599617553047571733,-103.00
2025-11-18 15:13:44.706854,599617553047571733,-103.00
2025-11-18 15:13:44.706854,599617553047571733,-105.00
2025-11-18 15:13:44.706854,599617553047571733,-96.00
2025-11-18 15:13:44.706854,599617553047571733,-89.00
2025-11-18 15:13:44.706854,599617553047571733,-89.00
2025-11-18 15:13:44.706854,599617553047571733,-81.00
2025-11-18 15:13:44.706854,599617553047571733,-77.00
2025-11-18 15:13:44.706854,599617553047571733,-72.00
2025-11-18 15:13:44.706854,599617553047571733,-55.00
2025-11-18 15:13:44.706854,599617553047571733,-45.00
2025-11-18 15:13:44.706854,599617553047571733,-50.00
2025-11-18 15:13:44.706854,599617553047571733,-45.00
2025-11-18 15:13:44.706854,599617553047571733,-33.00
2025-11-18 15:13:44.706854,599617553047571733,-28.00
2025-11-18 15:13:44.706854,599617553047571733,-31.00
2025-11-18 15:13:44.706854,599617553047571733,-31.00
2025-11-18 15:13:44.706854,599617553047571733,-26.00
2025-11-18 15:13:44.706854,599617553047571733,-26.00
2025-11-18 15:13:44.706854,599617553047571733,-28.00
2025-11-18 15:13:44.706854,599617553047571733,-26.00
2025-11-18 15:13:44.706854,599617553047571733,-19.00
2025-11-18 15:13:44.706854,599617553047571733,-14.00
2025-11-18 15:13:44.706854,599617553047571733,-16.00
2025-11-18 15:13:44.706854,599617553047571733,-21.00
2025-11-18 15:13:44.706854,599617553047571733,-21.00
2025-11-18 15:13:44.706854,599617553047571733,-16.00
2025-11-18 15:13:44.706854,599617553047571733,-12.00
2025-11-18 15:13:44.706854,599617553047571733,-14.00
2025-11-18 15:13:44.706854,599617553047571733,-12.00
2025-11-18 15:13:44.706854,599617553047571733,-2.00
2025-11-18 15:13:44.706854,599617553047571733,4.00
2025-11-18 15:13:44.706854,599617553047571733,2.00
2025-11-18 15:13:44.706854,599617553047571733,0.00
2025-11-18 15:13:44.706854,599617553047571733,0.00
2025-11-18 15:13:44.706854,599617553047571733,-7.00
2025-11-18 15:13:44.706854,599617553047571733,-7.00
2025-11-18 15:13:44.706854,599617553047571733,0.00
2025-11-18 15:13:44.706854,599617553047571733,4.00
2025-11-18 15:13:44.706854,599617553047571733,4.00
2025-11-18 15:13:44.706854,599617553047571733,4.00
2025-11-18 15:13:45.246216,599617553608268774,4.00
2025-11-18 15:13:45.246216,599617553608268774,4.00
2025-11-18 15:13:45.246216,599617553608268774,4.00
2025-11-18 15:13:45.246216,599617553608268774,12.00
2025-11-18 15:13:45.246216,599617553608268774,12.00
2025-11-18 15:13:45.246216,599617553608268774,9.00
2025-11-18 15:13:45.246216,599617553608268774,9.00
2025-11-18 15:13:45.246216,599617553608268774,9.00
2025-11-18 15:13:45.246216,599617553608268774,12.00
2025-11-18 15:13:45.246216,599617553608268774,28.00
2025-11-18 15:13:45.246216,599617553608268774,55.00
2025-11-18 15:13:45.246216,599617553608268774,55.00
2025-11-18 15:13:45.246216,599617553608268774,45.00
2025-11-18 15:13:45.246216,599617553608268774,43.00
2025-11-18 15:13:45.246216,599617553608268774,33.00
2025-11-18 15:13:45.246216,599617553608268774,19.00
2025-11-18 15:13:45.246216,599617553608268774,21.00
2025-11-18 15:13:45.246216,599617553608268774,21.00
2025-11-18 15:13:45.246216,599617553608268774,12.00
2025-11-18 15:13:45.246216,599617553608268774,7.00
2025-11-18 15:13:45.246216,599617553608268774,9.00
2025-11-18 15:13:45.246216,599617553608268774,26.00
2025-11-18 15:13:45.246216,599617553608268774,38.00
2025-11-18 15:13:45.246216,599617553608268774,9.00
2025-11-18 15:13:45.246216,599617553608268774,-12.00
2025-11-18 15:13:45.246216,599617553608268774,-2.00
2025-11-18 15:13:45.246216,599617553608268774,-12.00
2025-11-18 15:13:45.246216,599617553608268774,-33.00
2025-11-18 15:13:45.246216,599617553608268774,43.00
2025-11-18 15:13:45.246216,599617553608268774,257.00
2025-11-18 15:13:45.246216,599617553608268774,503.00
2025-11-18 15:13:45.246216,599617553608268774,541.00
2025-11-18 15:13:45.246216,599617553608268774,224.00
2025-11-18 15:13:45.246216,599617553608268774,-142.00
2025-11-18 15:13:45.246216,599617553608268774,-202.00
2025-11-18 15:13:45.246216,599617553608268774,-115.00
2025-11-18 15:13:45.246216,599617553608268774,-79.00
2025-11-18 15:13:45.246216,599617553608268774,-38.00
2025-11-18 15:13:45.246216,599617553608268774,4.00
2025-11-18 15:13:45.246216,599617553608268774,0.00
2025-11-18 15:13:45.246216,599617553608268774,-14.00
2025-11-18 15:13:45.246216,599617553608268774,-4.00
2025-11-18 15:13:45.246216,599617553608268774,2.00
2025-11-18 15:13:45.246216,599617553608268774,2.00
2025-11-18 15:13:45.246216,599617553608268774,12.00
2025-11-18 15:13:45.246216,599617553608268774,21.00
2025-11-18 15:13:45.246216,599617553608268774,24.00
2025-11-18 15:13:45.246216,599617553608268774,26.00
2025-11-18 15:13:45.246216,599617553608268774,21.00
2025-11-18 15:13:45.246216,599617553608268774,26.00
2025-11-18 15:13:45.246216,599617553608268774,43.00
2025-11-18 15:13:45.246216,599617553608268774,55.00
2025-11-18 15:13:45.246216,599617553608268774,57.00
2025-11-18 15:13:45.246216,599617553608268774,55.00
2025-11-18 15:13:45.246216,599617553608268774,52.00
2025-11-18 15:13:45.246216,599617553608268774,69.00
2025-11-18 15:13:45.246216,599617553608268774,96.00
2025-11-18 15:13:45.246216,599617553608268774,101.00
2025-11-18 15:13:45.246216,599617553608268774,103.00
2025-11-18 15:13:45.246216,599617553608268774,120.00
2025-11-18 15:13:45.246216,599617553608268774,137.00
2025-11-18 15:13:45.246216,599617553608268774,149.00
2025-11-18 15:13:45.246216,599617553608268774,161.00
2025-11-18 15:13:45.246216,599617553608268774,163.00
2025-11-18 15:13:45.246216,599617553608268774,163.00
2025-11-18 15:13:45.246216,599617553608268774,163.00
2025-11-18 15:13:45.246216,599617553608268774,156.00
2025-11-18 15:13:45.246216,599617553608268774,137.00
2025-11-18 15:13:45.246216,599617553608268774,118.00
2025-11-18 15:13:45.246216,599617553608268774,86.00
2025-11-18 15:13:45.246216,599617553608268774,45.00
2025-11-18 15:13:45.246216,599617553608268774,9.00
2025-11-18 15:13:45.246216,599617553608268774,-21.00
2025-11-18 15:13:45.846617,599617554168935299,-45.00
2025-11-18 15:13:45.846617,599617554168935299,-57.00
2025-11-18 15:13:45.846617,599617554168935299,-69.00
2025-11-18 15:13:45.846617,599617554168935299,-86.00
2025-11-18 15:13:45.846617,599617554168935299,-89.00
2025-11-18 15:13:45.846617,599617554168935299,-86.00
2025-11-18 15:13:45.846617,599617554168935299,-89.00
2025-11-18 15:13:45.846617,599617554168935299,-79.00
2025-11-18 15:13:45.846617,599617554168935299,-67.00
2025-11-18 15:13:45.846617,599617554168935299,-65.00
2025-11-18 15:13:45.846617,599617554168935299,-62.00
2025-11-18 15:13:45.846617,599617554168935299,-55.00
2025-11-18 15:13:45.846617,599617554168935299,-55.00
2025-11-18 15:13:45.846617,599617554168935299,-57.00
2025-11-18 15:13:45.846617,599617554168935299,-50.00
2025-11-18 15:13:45.846617,599617554168935299,-43.00
2025-11-18 15:13:45.846617,599617554168935299,-40.00
2025-11-18 15:13:45.846617,599617554168935299,-33.00
2025-11-18 15:13:45.846617,599617554168935299,-26.00
2025-11-18 15:13:45.846617,599617554168935299,-28.00
2025-11-18 15:13:45.846617,599617554168935299,-31.00
2025-11-18 15:13:45.846617,599617554168935299,-28.00
2025-11-18 15:13:45.846617,599617554168935299,-28.00
2025-11-18 15:13:45.846617,599617554168935299,-28.00
2025-11-18 15:13:45.846617,599617554168935299,-26.00
2025-11-18 15:13:45.846617,599617554168935299,-21.00
2025-11-18 15:13:45.846617,599617554168935299,-19.00
2025-11-18 15:13:45.846617,599617554168935299,-26.00
2025-11-18 15:13:45.846617,599617554168935299,-31.00
2025-11-18 15:13:45.846617,599617554168935299,-21.00
2025-11-18 15:13:45.846617,599617554168935299,-19.00
2025-11-18 15:13:45.846617,599617554168935299,-26.00
2025-11-18 15:13:45.846617,599617554168935299,-24.00
2025-11-18 15:13:45.846617,599617554168935299,-16.00
2025-11-18 15:13:45.846617,599617554168935299,-16.00
2025-11-18 15:13:45.846617,599617554168935299,-16.00
2025-11-18 15:13:45.846617,599617554168935299,-14.00
2025-11-18 15:13:45.846617,599617554168935299,-14.00
2025-11-18 15:13:45.846617,599617554168935299,-16.00
2025-11-18 15:13:45.846617,599617554168935299,-14.00
2025-11-18 15:13:45.846617,599617554168935299,-12.00
2025-11-18 15:13:45.846617,599617554168935299,-9.00
2025-11-18 15:13:45.846617,599617554168935299,-9.00
2025-11-18 15:13:45.846617,599617554168935299,-9.00
2025-11-18 15:13:45.846617,599617554168935299,-9.00
2025-11-18 15:13:45.846617,599617554168935299,-9.00
2025-11-18 15:13:45.846617,599617554168935299,-9.00
2025-11-18 15:13:45.846617,599617554168935299,-12.00
2025-11-18 15:13:45.846617,599617554168935299,-14.00
2025-11-18 15:13:45.846617,599617554168935299,-16.00
2025-11-18 15:13:45.846617,599617554168935299,-9.00
2025-11-18 15:13:45.846617,599617554168935299,0.00
2025-11-18 15:13:45.846617,599617554168935299,-4.00
2025-11-18 15:13:45.846617,599617554168935299,-7.00
2025-11-18 15:13:45.846617,599617554168935299,9.00
2025-11-18 15:13:45.846617,599617554168935299,14.00
2025-11-18 15:13:45.846617,599617554168935299,14.00
2025-11-18 15:13:45.846617,599617554168935299,21.00
2025-11-18 15:13:45.846617,599617554168935299,24.00
2025-11-18 15:13:45.846617,599617554168935299,21.00
2025-11-18 15:13:45.846617,599617554168935299,9.00
2025-11-18 15:13:45.846617,599617554168935299,-4.00
2025-11-18 15:13:45.846617,599617554168935299,-9.00
2025-11-18 15:13:45.846617,599617554168935299,-14.00
2025-11-18 15:13:45.846617,599617554168935299,-16.00
2025-11-18 15:13:45.846617,599617554168935299,-16.00
2025-11-18 15:13:45.846617,599617554168935299,-14.00
2025-11-18 15:13:45.846617,599617554168935299,-9.00
2025-11-18 15:13:45.846617,599617554168935299,-12.00
2025-11-18 15:13:45.846617,599617554168935299,-19.00
2025-11-18 15:13:45.846617,599617554168935299,-21.00
2025-11-18 15:13:45.846617,599617554168935299,-19.00
2025-11-18 15:13:45.846617,599617554168935299,-31.00
2025-11-18 15:13:46.416044,599617554729632340,-52.00
2025-11-18 15:13:46.416044,599617554729632340,-7.00
2025-11-18 15:13:46.416044,599617554729632340,173.00
2025-11-18 15:13:46.416044,599617554729632340,409.00
2025-11-18 15:13:46.416044,599617554729632340,476.00
2025-11-18 15:13:46.416044,599617554729632340,214.00
2025-11-18 15:13:46.416044,599617554729632340,-158.00
2025-11-18 15:13:46.416044,599617554729632340,-262.00
2025-11-18 15:13:46.416044,599617554729632340,-166.00
2025-11-18 15:13:46.416044,599617554729632340,-98.00
2025-11-18 15:13:46.416044,599617554729632340,-60.00
2025-11-18 15:13:46.416044,599617554729632340,-28.00
2025-11-18 15:13:46.416044,599617554729632340,-26.00
2025-11-18 15:13:46.416044,599617554729632340,-28.00
2025-11-18 15:13:46.416044,599617554729632340,-19.00
2025-11-18 15:13:46.416044,599617554729632340,-12.00
2025-11-18 15:13:46.416044,599617554729632340,-12.00
2025-11-18 15:13:46.416044,599617554729632340,-7.00
2025-11-18 15:13:46.416044,599617554729632340,0.00
2025-11-18 15:13:46.416044,599617554729632340,4.00
2025-11-18 15:13:46.416044,599617554729632340,0.00
2025-11-18 15:13:46.416044,599617554729632340,-2.00
2025-11-18 15:13:46.416044,599617554729632340,16.00
2025-11-18 15:13:46.416044,599617554729632340,33.00
2025-11-18 15:13:46.416044,599617554729632340,26.00
2025-11-18 15:13:46.416044,599617554729632340,26.00
2025-11-18 15:13:46.416044,599617554729632340,40.00
2025-11-18 15:13:46.416044,599617554729632340,48.00
2025-11-18 15:13:46.416044,599617554729632340,60.00
2025-11-18 15:13:46.416044,599617554729632340,65.00
2025-11-18 15:13:46.416044,599617554729632340,60.00
2025-11-18 15:13:46.416044,599617554729632340,72.00
2025-11-18 15:13:46.416044,599617554729632340,89.00
2025-11-18 15:13:46.416044,599617554729632340,98.00
2025-11-18 15:13:46.416044,599617554729632340,108.00
2025-11-18 15:13:46.416044,599617554729632340,120.00
2025-11-18 15:13:46.416044,599617554729632340,130.00
2025-11-18 15:13:46.416044,599617554729632340,132.00
2025-11-18 15:13:46.416044,599617554729632340,130.00
2025-11-18 15:13:46.416044,599617554729632340,127.00
2025-11-18 15:13:46.416044,599617554729632340,115.00
2025-11-18 15:13:46.416044,599617554729632340,91.00
2025-11-18 15:13:46.416044,599617554729632340,57.00
2025-11-18 15:13:46.416044,599617554729632340,21.00
2025-11-18 15:13:46.416044,599617554729632340,-7.00
2025-11-18 15:13:46.416044,599617554729632340,-33.00
2025-11-18 15:13:46.416044,599617554729632340,-62.00
2025-11-18 15:13:46.416044,599617554729632340,-86.00
2025-11-18 15:13:46.416044,599617554729632340,-96.00
2025-11-18 15:13:46.416044,599617554729632340,-98.00
2025-11-18 15:13:46.416044,599617554729632340,-105.00
2025-11-18 15:13:46.416044,599617554729632340,-110.00
2025-11-18 15:13:46.416044,599617554729632340,-103.00
2025-11-18 15:13:46.416044,599617554729632340,-93.00
2025-11-18 15:13:46.416044,599617554729632340,-89.00
2025-11-18 15:13:46.416044,599617554729632340,-93.00
2025-11-18 15:13:46.416044,599617554729632340,-91.00
2025-11-18 15:13:46.416044,599617554729632340,-74.00
2025-11-18 15:13:46.416044,599617554729632340,-55.00
2025-11-18 15:13:46.416044,599617554729632340,-52.00
2025-11-18 15:13:46.416044,599617554729632340,-65.00
2025-11-18 15:13:46.416044,599617554729632340,-65.00
2025-11-18 15:13:46.416044,599617554729632340,-69.00
2025-11-18 15:13:46.416044,599617554729632340,-74.00
2025-11-18 15:13:46.416044,599617554729632340,-62.00
2025-11-18 15:13:46.416044,599617554729632340,-52.00
2025-11-18 15:13:46.416044,599617554729632340,-57.00
2025-11-18 15:13:46.416044,599617554729632340,-60.00
2025-11-18 15:13:46.416044,599617554729632340,-60.00
2025-11-18 15:13:46.416044,599617554729632340,-55.00
2025-11-18 15:13:46.416044,599617554729632340,-52.00
2025-11-18 15:13:46.416044,599617554729632340,-52.00
2025-11-18 15:13:46.416044,599617554729632340,-52.00
2025-11-18 15:13:46.958100,599617555290329381,-52.00
2025-11-18 15:13:46.958100,599617555290329381,-52.00
2025-11-18 15:13:46.958100,599617555290329381,-50.00
2025-11-18 15:13:46.958100,599617555290329381,-48.00
2025-11-18 15:13:46.958100,599617555290329381,-48.00
2025-11-18 15:13:46.958100,599617555290329381,-45.00
2025-11-18 15:13:46.958100,599617555290329381,-43.00
2025-11-18 15:13:46.958100,599617555290329381,-36.00
2025-11-18 15:13:46.958100,599617555290329381,-36.00
2025-11-18 15:13:46.958100,599617555290329381,-36.00
2025-11-18 15:13:46.958100,599617555290329381,-28.00
2025-11-18 15:13:46.958100,599617555290329381,-28.00
2025-11-18 15:13:46.958100,599617555290329381,-31.00
2025-11-18 15:13:46.958100,599617555290329381,-19.00
2025-11-18 15:13:46.958100,599617555290329381,-12.00
2025-11-18 15:13:46.958100,599617555290329381,-12.00
2025-11-18 15:13:46.958100,599617555290329381,-7.00
2025-11-18 15:13:46.958100,599617555290329381,-24.00
2025-11-18 15:13:46.958100,599617555290329381,-40.00
2025-11-18 15:13:46.958100,599617555290329381,-33.00
2025-11-18 15:13:46.958100,599617555290329381,-28.00
2025-11-18 15:13:46.958100,599617555290329381,-28.00
2025-11-18 15:13:46.958100,599617555290329381,-21.00
2025-11-18 15:13:46.958100,599617555290329381,-19.00
2025-11-18 15:13:46.958100,599617555290329381,-12.00
2025-11-18 15:13:46.958100,599617555290329381,2.00
2025-11-18 15:13:46.958100,599617555290329381,16.00
2025-11-18 15:13:46.958100,599617555290329381,19.00
2025-11-18 15:13:46.958100,599617555290329381,14.00
2025-11-18 15:13:46.958100,599617555290329381,2.00
2025-11-18 15:13:46.958100,599617555290329381,-9.00
2025-11-18 15:13:46.958100,599617555290329381,-12.00
2025-11-18 15:13:46.958100,599617555290329381,-14.00
2025-11-18 15:13:46.958100,599617555290329381,-21.00
2025-11-18 15:13:46.958100,599617555290329381,-24.00
2025-11-18 15:13:46.958100,599617555290329381,-24.00
2025-11-18 15:13:46.958100,599617555290329381,-24.00
2025-11-18 15:13:46.958100,599617555290329381,-16.00
2025-11-18 15:13:46.958100,599617555290329381,-14.00
2025-11-18 15:13:46.958100,599617555290329381,-24.00
2025-11-18 15:13:46.958100,599617555290329381,-26.00
2025-11-18 15:13:46.958100,599617555290329381,-14.00
2025-11-18 15:13:46.958100,599617555290329381,-26.00
2025-11-18 15:13:46.958100,599617555290329381,-33.00
2025-11-18 15:13:46.958100,599617555290329381,55.00
2025-11-18 15:13:46.958100,599617555290329381,245.00
2025-11-18 15:13:46.958100,599617555290329381,426.00
2025-11-18 15:13:46.958100,599617555290329381,392.00
2025-11-18 15:13:46.958100,599617555290329381,69.00
2025-11-18 15:13:46.958100,599617555290329381,-216.00
2025-11-18 15:13:46.958100,599617555290329381,-224.00
2025-11-18 15:13:46.958100,599617555290329381,-132.00
2025-11-18 15:13:46.958100,599617555290329381,-86.00
2025-11-18 15:13:46.958100,599617555290329381,-45.00
2025-11-18 15:13:46.958100,599617555290329381,-16.00
2025-11-18 15:13:46.958100,599617555290329381,-26.00
2025-11-18 15:13:46.958100,599617555290329381,-24.00
2025-11-18 15:13:46.958100,599617555290329381,-7.00
2025-11-18 15:13:46.958100,599617555290329381,-9.00
2025-11-18 15:13:46.958100,599617555290329381,-4.00
2025-11-18 15:13:46.958100,599617555290329381,9.00
2025-11-18 15:13:46.958100,599617555290329381,14.00
2025-11-18 15:13:46.958100,599617555290329381,9.00
2025-11-18 15:13:46.958100,599617555290329381,12.00
2025-11-18 15:13:46.958100,599617555290329381,14.00
2025-11-18 15:13:46.958100,599617555290329381,16.00
2025-11-18 15:13:46.958100,599617555290329381,26.00
2025-11-18 15:13:46.958100,599617555290329381,31.00
2025-11-18 15:13:46.958100,599617555290329381,33.00
2025-11-18 15:13:46.958100,599617555290329381,45.00
2025-11-18 15:13:46.958100,599617555290329381,60.00
2025-11-18 15:13:46.958100,599617555290329381,74.00
2025-11-18 15:13:46.958100,599617555290329381,108.00
2025-11-18 15:13:47.529261,599617555851026422,127.00
2025-11-18 15:13:47.529261,599617555851026422,84.00
2025-11-18 15:13:47.529261,599617555851026422,77.00
2025-11-18 15:13:47.529261,599617555851026422,127.00
2025-11-18 15:13:47.529261,599617555851026422,108.00
2025-11-18 15:13:47.529261,599617555851026422,91.00
2025-11-18 15:13:47.529261,599617555851026422,139.00
2025-11-18 15:13:47.529261,599617555851026422,149.00
2025-11-18 15:13:47.529261,599617555851026422,122.00
2025-11-18 15:13:47.529261,599617555851026422,120.00
2025-11-18 15:13:47.529261,599617555851026422,113.00
2025-11-18 15:13:47.529261,599617555851026422,84.00
2025-11-18 15:13:47.529261,599617555851026422,50.00
2025-11-18 15:13:47.529261,599617555851026422,16.00
2025-11-18 15:13:47.529261,599617555851026422,-14.00
2025-11-18 15:13:47.529261,599617555851026422,-40.00
2025-11-18 15:13:47.529261,599617555851026422,-62.00
2025-11-18 15:13:47.529261,599617555851026422,-77.00
2025-11-18 15:13:47.529261,599617555851026422,-86.00
2025-11-18 15:13:47.529261,599617555851026422,-89.00
2025-11-18 15:13:47.529261,599617555851026422,-86.00
2025-11-18 15:13:47.529261,599617555851026422,-84.00
2025-11-18 15:13:47.529261,599617555851026422,-86.00
2025-11-18 15:13:47.529261,599617555851026422,-81.00
2025-11-18 15:13:47.529261,599617555851026422,-74.00
2025-11-18 15:13:47.529261,599617555851026422,-77.00
2025-11-18 15:13:47.529261,599617555851026422,-69.00
2025-11-18 15:13:47.529261,599617555851026422,-31.00
2025-11-18 15:13:47.529261,599617555851026422,-21.00
2025-11-18 15:13:47.529261,599617555851026422,-69.00
2025-11-18 15:13:47.529261,599617555851026422,-86.00
2025-11-18 15:13:47.529261,599617555851026422,-57.00
2025-11-18 15:13:47.529261,599617555851026422,-65.00
2025-11-18 15:13:47.529261,599617555851026422,-62.00
2025-11-18 15:13:47.529261,599617555851026422,-24.00
2025-11-18 15:13:47.529261,599617555851026422,-16.00
2025-11-18 15:13:47.529261,599617555851026422,-38.00
2025-11-18 15:13:47.529261,599617555851026422,-55.00
2025-11-18 15:13:47.529261,599617555851026422,-60.00
2025-11-18 15:13:47.529261,599617555851026422,-52.00
2025-11-18 15:13:47.529261,599617555851026422,-43.00
2025-11-18 15:13:47.529261,599617555851026422,-43.00
2025-11-18 15:13:47.529261,599617555851026422,-43.00
2025-11-18 15:13:47.529261,599617555851026422,-40.00
2025-11-18 15:13:47.529261,599617555851026422,-40.00
2025-11-18 15:13:47.529261,599617555851026422,-38.00
2025-11-18 15:13:47.529261,599617555851026422,-36.00
2025-11-18 15:13:47.529261,599617555851026422,-38.00
2025-11-18 15:13:47.529261,599617555851026422,-38.00
2025-11-18 15:13:47.529261,599617555851026422,-33.00
2025-11-18 15:13:47.529261,599617555851026422,-38.00
2025-11-18 15:13:47.529261,599617555851026422,-45.00
2025-11-18 15:13:47.529261,599617555851026422,-36.00
2025-11-18 15:13:47.529261,599617555851026422,-24.00
2025-11-18 15:13:47.529261,599617555851026422,-31.00
2025-11-18 15:13:47.529261,599617555851026422,-43.00
2025-11-18 15:13:47.529261,599617555851026422,-31.00
2025-11-18 15:13:47.529261,599617555851026422,-16.00
2025-11-18 15:13:47.529261,599617555851026422,-33.00
2025-11-18 15:13:47.529261,599617555851026422,-57.00
2025-11-18 15:13:47.529261,599617555851026422,-55.00
2025-11-18 15:13:47.529261,599617555851026422,-31.00
2025-11-18 15:13:47.529261,599617555851026422,-9.00
2025-11-18 15:13:47.529261,599617555851026422,-12.00
2025-11-18 15:13:47.529261,599617555851026422,-19.00
2025-11-18 15:13:47.529261,599617555851026422,-2.00
2025-11-18 15:13:47.529261,599617555851026422,12.00
2025-11-18 15:13:47.529261,599617555851026422,16.00
2025-11-18 15:13:47.529261,599617555851026422,21.00
2025-11-18 15:13:47.529261,599617555851026422,16.00
2025-11-18 15:13:47.529261,599617555851026422,9.00
2025-11-18 15:13:47.529261,599617555851026422,0.00
2025-11-18 15:13:47.529261,599617555851026422,-12.00
2025-11-18 15:13:48.068419,599617556411723463,-19.00
2025-11-18 15:13:48.068419,599617556411723463,-16.00
2025-11-18 15:13:48.068419,599617556411723463,-21.00
2025-11-18 15:13:48.068419,599617556411723463,-24.00
2025-11-18 15:13:48.068419,599617556411723463,-28.00
2025-11-18 15:13:48.068419,599617556411723463,-21.00
2025-11-18 15:13:48.068419,599617556411723463,-12.00
2025-11-18 15:13:48.068419,599617556411723463,-14.00
2025-11-18 15:13:48.068419,599617556411723463,-19.00
2025-11-18 15:13:48.068419,599617556411723463,-31.00
2025-11-18 15:13:48.068419,599617556411723463,-48.00
2025-11-18 15:13:48.068419,599617556411723463,-57.00
2025-11-18 15:13:48.068419,599617556411723463,-19.00
2025-11-18 15:13:48.068419,599617556411723463,127.00
2025-11-18 15:13:48.068419,599617556411723463,342.00
2025-11-18 15:13:48.068419,599617556411723463,423.00
2025-11-18 15:13:48.068419,599617556411723463,187.00
2025-11-18 15:13:48.068419,599617556411723463,-168.00
2025-11-18 15:13:48.068419,599617556411723463,-272.00
2025-11-18 15:13:48.068419,599617556411723463,-190.00
2025-11-18 15:13:48.068419,599617556411723463,-134.00
2025-11-18 15:13:48.068419,599617556411723463,-93.00
2025-11-18 15:13:48.068419,599617556411723463,-40.00
2025-11-18 15:13:48.068419,599617556411723463,-28.00
2025-11-18 15:13:48.068419,599617556411723463,-38.00
2025-11-18 15:13:48.068419,599617556411723463,-33.00
2025-11-18 15:13:48.068419,599617556411723463,-28.00
2025-11-18 15:13:48.068419,599617556411723463,-36.00
2025-11-18 15:13:48.068419,599617556411723463,-33.00
2025-11-18 15:13:48.068419,599617556411723463,-19.00
2025-11-18 15:13:48.068419,599617556411723463,-9.00
2025-11-18 15:13:48.068419,599617556411723463,-9.00
2025-11-18 15:13:48.068419,599617556411723463,-9.00
2025-11-18 15:13:48.068419,599617556411723463,2.00
2025-11-18 15:13:48.068419,599617556411723463,14.00
2025-11-18 15:13:48.068419,599617556411723463,16.00
2025-11-18 15:13:48.068419,599617556411723463,16.00
2025-11-18 15:13:48.068419,599617556411723463,21.00
2025-11-18 15:13:48.068419,599617556411723463,31.00
2025-11-18 15:13:48.068419,599617556411723463,31.00
2025-11-18 15:13:48.068419,599617556411723463,24.00
2025-11-18 15:13:48.068419,599617556411723463,33.00
2025-11-18 15:13:48.068419,599617556411723463,57.00
2025-11-18 15:13:48.068419,599617556411723463,67.00
2025-11-18 15:13:48.068419,599617556411723463,67.00
2025-11-18 15:13:48.068419,599617556411723463,69.00
2025-11-18 15:13:48.068419,599617556411723463,79.00
2025-11-18 15:13:48.068419,599617556411723463,86.00
2025-11-18 15:13:48.068419,599617556411723463,86.00
2025-11-18 15:13:48.068419,599617556411723463,86.00
2025-11-18 15:13:48.068419,599617556411723463,89.00
2025-11-18 15:13:48.068419,599617556411723463,77.00
2025-11-18 15:13:48.068419,599617556411723463,45.00
2025-11-18 15:13:48.068419,599617556411723463,19.00
2025-11-18 15:13:48.068419,599617556411723463,-4.00
2025-11-18 15:13:48.068419,599617556411723463,-43.00
2025-11-18 15:13:48.068419,599617556411723463,-86.00
2025-11-18 15:13:48.068419,599617556411723463,-105.00
2025-11-18 15:13:48.068419,599617556411723463,-110.00
2025-11-18 15:13:48.068419,599617556411723463,-108.00
2025-11-18 15:13:48.068419,599617556411723463,-110.00
2025-11-18 15:13:48.068419,599617556411723463,-115.00
2025-11-18 15:13:48.068419,599617556411723463,-115.00
2025-11-18 15:13:48.068419,599617556411723463,-110.00
2025-11-18 15:13:48.068419,599617556411723463,-110.00
2025-11-18 15:13:48.068419,599617556411723463,-110.00
2025-11-18 15:13:48.068419,599617556411723463,-105.00
2025-11-18 15:13:48.068419,599617556411723463,-98.00
2025-11-18 15:13:48.068419,599617556411723463,-96.00
2025-11-18 15:13:48.068419,599617556411723463,-91.00
2025-11-18 15:13:48.068419,599617556411723463,-81.00
2025-11-18 15:13:48.068419,599617556411723463,-79.00
2025-11-18 15:13:48.068419,599617556411723463,-79.00
2025-11-18 15:13:48.637653,599617556972420502,-72.00
2025-11-18 15:13:48.637653,599617556972420502,-67.00
2025-11-18 15:13:48.637653,599617556972420502,-72.00
2025-11-18 15:13:48.637653,599617556972420502,-81.00
2025-11-18 15:13:48.637653,599617556972420502,-81.00
2025-11-18 15:13:48.637653,599617556972420502,-72.00
2025-11-18 15:13:48.637653,599617556972420502,-57.00
2025-11-18 15:13:48.637653,599617556972420502,-57.00
2025-11-18 15:13:48.637653,599617556972420502,-57.00
2025-11-18 15:13:48.637653,599617556972420502,-60.00
2025-11-18 15:13:48.637653,599617556972420502,-79.00
2025-11-18 15:13:48.637653,599617556972420502,-77.00
2025-11-18 15:13:48.637653,599617556972420502,-48.00
2025-11-18 15:13:48.637653,599617556972420502,-48.00
2025-11-18 15:13:48.637653,599617556972420502,-62.00
2025-11-18 15:13:48.637653,599617556972420502,-57.00
2025-11-18 15:13:48.637653,599617556972420502,-48.00
2025-11-18 15:13:48.637653,599617556972420502,-50.00
2025-11-18 15:13:48.637653,599617556972420502,-52.00
2025-11-18 15:13:48.637653,599617556972420502,-55.00
2025-11-18 15:13:48.637653,599617556972420502,-57.00
2025-11-18 15:13:48.637653,599617556972420502,-55.00
2025-11-18 15:13:48.637653,599617556972420502,-57.00
2025-11-18 15:13:48.637653,599617556972420502,-57.00
2025-11-18 15:13:48.637653,599617556972420502,-52.00
2025-11-18 15:13:48.637653,599617556972420502,-45.00
2025-11-18 15:13:48.637653,599617556972420502,-48.00
2025-11-18 15:13:48.637653,599617556972420502,-50.00
2025-11-18 15:13:48.637653,599617556972420502,-48.00
2025-11-18 15:13:48.637653,599617556972420502,-36.00
2025-11-18 15:13:48.637653,599617556972420502,-21.00
2025-11-18 15:13:48.637653,599617556972420502,-19.00
2025-11-18 15:13:48.637653,599617556972420502,-33.00
2025-11-18 15:13:48.637653,599617556972420502,-43.00
2025-11-18 15:13:48.637653,599617556972420502,-45.00
2025-11-18 15:13:48.637653,599617556972420502,-48.00
2025-11-18 15:13:48.637653,599617556972420502,-57.00
2025-11-18 15:13:48.637653,599617556972420502,-65.00
2025-11-18 15:13:48.637653,599617556972420502,-69.00
2025-11-18 15:13:48.637653,599617556972420502,-77.00
2025-11-18 15:13:48.637653,599617556972420502,-72.00
2025-11-18 15:13:48.637653,599617556972420502,-69.00
2025-11-18 15:13:48.637653,599617556972420502,-77.00
2025-11-18 15:13:48.637653,599617556972420502,-81.00
2025-11-18 15:13:48.637653,599617556972420502,-77.00
2025-11-18 15:13:48.637653,599617556972420502,-81.00
2025-11-18 15:13:48.637653,599617556972420502,-103.00
2025-11-18 15:13:48.637653,599617556972420502,-93.00
2025-11-18 15:13:48.637653,599617556972420502,33.00
2025-11-18 15:13:48.637653,599617556972420502,267.00
2025-11-18 15:13:48.637653,599617556972420502,438.00
2025-11-18 15:13:48.637653,599617556972420502,301.00
2025-11-18 15:13:48.637653,599617556972420502,-91.00
2025-11-18 15:13:48.637653,599617556972420502,-313.00
2025-11-18 15:13:48.637653,599617556972420502,-252.00
2025-11-18 15:13:48.637653,599617556972420502,-168.00
2025-11-18 15:13:48.637653,599617556972420502,-130.00
2025-11-18 15:13:48.637653,599617556972420502,-89.00
2025-11-18 15:13:48.637653,599617556972420502,-79.00
2025-11-18 15:13:48.637653,599617556972420502,-84.00
2025-11-18 15:13:48.637653,599617556972420502,-72.00
2025-11-18 15:13:48.637653,599617556972420502,-65.00
2025-11-18 15:13:48.637653,599617556972420502,-67.00
2025-11-18 15:13:48.637653,599617556972420502,-67.00
2025-11-18 15:13:48.637653,599617556972420502,-60.00
2025-11-18 15:13:48.637653,599617556972420502,-50.00
2025-11-18 15:13:48.637653,599617556972420502,-48.00
2025-11-18 15:13:48.637653,599617556972420502,-52.00
2025-11-18 15:13:48.637653,599617556972420502,-57.00
2025-11-18 15:13:48.637653,599617556972420502,-52.00
2025-11-18 15:13:48.637653,599617556972420502,-36.00
2025-11-18 15:13:48.637653,599617556972420502,-24.00
2025-11-18 15:13:48.637653,599617556972420502,-24.00
2025-11-18 15:13:49.267279,599617557533087029,-21.00
2025-11-18 15:13:49.267279,599617557533087029,-16.00
2025-11-18 15:13:49.267279,599617557533087029,-12.00
2025-11-18 15:13:49.267279,599617557533087029,0.00
2025-11-18 15:13:49.267279,599617557533087029,4.00
2025-11-18 15:13:49.267279,599617557533087029,12.00
2025-11-18 15:13:49.267279,599617557533087029,26.00
2025-11-18 15:13:49.267279,599617557533087029,38.00
2025-11-18 15:13:49.267279,599617557533087029,45.00
2025-11-18 15:13:49.267279,599617557533087029,48.00
2025-11-18 15:13:49.267279,599617557533087029,55.00
2025-11-18 15:13:49.267279,599617557533087029,62.00
2025-11-18 15:13:49.267279,599617557533087029,45.00
2025-11-18 15:13:49.267279,599617557533087029,26.00
2025-11-18 15:13:49.267279,599617557533087029,14.00
2025-11-18 15:13:49.267279,599617557533087029,-16.00
2025-11-18 15:13:49.267279,599617557533087029,-50.00
2025-11-18 15:13:49.267279,599617557533087029,-84.00
2025-11-18 15:13:49.267279,599617557533087029,-122.00
2025-11-18 15:13:49.267279,599617557533087029,-158.00
2025-11-18 15:13:49.267279,599617557533087029,-173.00
2025-11-18 15:13:49.267279,599617557533087029,-180.00
2025-11-18 15:13:49.267279,599617557533087029,-183.00
2025-11-18 15:13:49.267279,599617557533087029,-180.00
2025-11-18 15:13:49.267279,599617557533087029,-175.00
2025-11-18 15:13:49.267279,599617557533087029,-175.00
2025-11-18 15:13:49.267279,599617557533087029,-175.00
2025-11-18 15:13:49.267279,599617557533087029,-178.00
2025-11-18 15:13:49.267279,599617557533087029,-178.00
2025-11-18 15:13:49.267279,599617557533087029,-168.00
2025-11-18 15:13:49.267279,599617557533087029,-161.00
2025-11-18 15:13:49.267279,599617557533087029,-158.00
2025-11-18 15:13:49.267279,599617557533087029,-149.00
2025-11-18 15:13:49.267279,599617557533087029,-146.00
2025-11-18 15:13:49.267279,599617557533087029,-146.00
2025-11-18 15:13:49.267279,599617557533087029,-142.00
2025-11-18 15:13:49.267279,599617557533087029,-142.00
2025-11-18 15:13:49.267279,599617557533087029,-144.00
2025-11-18 15:13:49.267279,599617557533087029,-137.00
2025-11-18 15:13:49.267279,599617557533087029,-130.00
2025-11-18 15:13:49.267279,599617557533087029,-134.00
2025-11-18 15:13:49.267279,599617557533087029,-144.00
2025-11-18 15:13:49.267279,599617557533087029,-134.00
2025-11-18 15:13:49.267279,599617557533087029,-122.00
2025-11-18 15:13:49.267279,599617557533087029,-134.00
2025-11-18 15:13:49.267279,599617557533087029,-144.00
2025-11-18 15:13:49.267279,599617557533087029,-130.00
2025-11-18 15:13:49.267279,599617557533087029,-118.00
2025-11-18 15:13:49.267279,599617557533087029,-130.00
2025-11-18 15:13:49.267279,599617557533087029,-132.00
2025-11-18 15:13:49.267279,599617557533087029,-122.00
2025-11-18 15:13:49.267279,599617557533087029,-118.00
2025-11-18 15:13:49.267279,599617557533087029,-120.00
2025-11-18 15:13:49.267279,599617557533087029,-113.00
2025-11-18 15:13:49.267279,599617557533087029,-113.00
2025-11-18 15:13:49.267279,599617557533087029,-122.00
2025-11-18 15:13:49.267279,599617557533087029,-120.00
2025-11-18 15:13:49.267279,599617557533087029,-105.00
2025-11-18 15:13:49.267279,599617557533087029,-98.00
2025-11-18 15:13:49.267279,599617557533087029,-98.00
2025-11-18 15:13:49.267279,599617557533087029,-98.00
2025-11-18 15:13:49.267279,599617557533087029,-93.00
2025-11-18 15:13:49.267279,599617557533087029,-89.00
2025-11-18 15:13:49.267279,599617557533087029,-77.00
2025-11-18 15:13:49.267279,599617557533087029,-65.00
2025-11-18 15:13:49.267279,599617557533087029,-48.00
2025-11-18 15:13:49.267279,599617557533087029,-43.00
2025-11-18 15:13:49.267279,599617557533087029,-45.00
2025-11-18 15:13:49.267279,599617557533087029,-55.00
2025-11-18 15:13:49.267279,599617557533087029,-65.00
2025-11-18 15:13:49.267279,599617557533087029,-57.00
2025-11-18 15:13:49.267279,599617557533087029,-57.00
2025-11-18 15:13:49.267279,599617557533087029,-62.00
2025-11-18 15:13:49.776717,599617558093784070,-50.00
2025-11-18 15:13:49.776717,599617558093784070,-50.00
2025-11-18 15:13:49.776717,599617558093784070,-55.00
2025-11-18 15:13:49.776717,599617558093784070,-38.00
2025-11-18 15:13:49.776717,599617558093784070,-31.00
2025-11-18 15:13:49.776717,599617558093784070,-48.00
2025-11-18 15:13:49.776717,599617558093784070,-45.00
2025-11-18 15:13:49.776717,599617558093784070,-38.00
2025-11-18 15:13:49.776717,599617558093784070,-60.00
2025-11-18 15:13:49.776717,599617558093784070,-48.00
2025-11-18 15:13:49.776717,599617558093784070,86.00
2025-11-18 15:13:49.776717,599617558093784070,325.00
2025-11-18 15:13:49.776717,599617558093784070,522.00
2025-11-18 15:13:49.776717,599617558093784070,419.00
2025-11-18 15:13:49.776717,599617558093784070,19.00
2025-11-18 15:13:49.776717,599617558093784070,-238.00
2025-11-18 15:13:49.776717,599617558093784070,-185.00
2025-11-18 15:13:49.776717,599617558093784070,-89.00
2025-11-18 15:13:49.776717,599617558093784070,-48.00
2025-11-18 15:13:49.776717,599617558093784070,-2.00
2025-11-18 15:13:49.776717,599617558093784070,21.00
2025-11-18 15:13:49.776717,599617558093784070,14.00
2025-11-18 15:13:49.776717,599617558093784070,26.00
2025-11-18 15:13:49.776717,599617558093784070,52.00
2025-11-18 15:13:49.776717,599617558093784070,62.00
2025-11-18 15:13:49.776717,599617558093784070,65.00
2025-11-18 15:13:49.776717,599617558093784070,65.00
2025-11-18 15:13:49.776717,599617558093784070,65.00
2025-11-18 15:13:49.776717,599617558093784070,74.00
2025-11-18 15:13:49.776717,599617558093784070,86.00
2025-11-18 15:13:49.776717,599617558093784070,91.00
2025-11-18 15:13:49.776717,599617558093784070,96.00
2025-11-18 15:13:49.776717,599617558093784070,105.00
2025-11-18 15:13:49.776717,599617558093784070,118.00
2025-11-18 15:13:49.776717,599617558093784070,125.00
2025-11-18 15:13:49.776717,599617558093784070,127.00
2025-11-18 15:13:49.776717,599617558093784070,137.00
2025-11-18 15:13:49.776717,599617558093784070,149.00
2025-11-18 15:13:49.776717,599617558093784070,154.00
2025-11-18 15:13:49.776717,599617558093784070,158.00
2025-11-18 15:13:49.776717,599617558093784070,171.00
2025-11-18 15:13:49.776717,599617558093784070,180.00
2025-11-18 15:13:49.776717,599617558093784070,187.00
2025-11-18 15:13:49.776717,599617558093784070,199.00
2025-11-18 15:13:49.776717,599617558093784070,209.00
2025-11-18 15:13:49.776717,599617558093784070,209.00
2025-11-18 15:13:49.776717,599617558093784070,211.00
2025-11-18 15:13:49.776717,599617558093784070,209.00
2025-11-18 15:13:49.776717,599617558093784070,190.00
2025-11-18 15:13:49.776717,599617558093784070,168.00
2025-11-18 15:13:49.776717,599617558093784070,144.00
2025-11-18 15:13:49.776717,599617558093784070,105.00
2025-11-18 15:13:49.776717,599617558093784070,69.00
2025-11-18 15:13:49.776717,599617558093784070,45.00
2025-11-18 15:13:49.776717,599617558093784070,14.00
2025-11-18 15:13:49.776717,599617558093784070,-14.00
2025-11-18 15:13:49.776717,599617558093784070,-21.00
2025-11-18 15:13:49.776717,599617558093784070,-24.00
2025-11-18 15:13:49.776717,599617558093784070,-26.00
2025-11-18 15:13:49.776717,599617558093784070,-33.00
2025-11-18 15:13:49.776717,599617558093784070,-38.00
2025-11-18 15:13:49.776717,599617558093784070,-33.00
2025-11-18 15:13:49.776717,599617558093784070,-19.00
2025-11-18 15:13:49.776717,599617558093784070,-19.00
2025-11-18 15:13:49.776717,599617558093784070,-36.00
2025-11-18 15:13:49.776717,599617558093784070,-33.00
2025-11-18 15:13:49.776717,599617558093784070,-16.00
2025-11-18 15:13:49.776717,599617558093784070,-12.00
2025-11-18 15:13:49.776717,599617558093784070,-14.00
2025-11-18 15:13:49.776717,599617558093784070,-16.00
2025-11-18 15:13:49.776717,599617558093784070,-19.00
2025-11-18 15:13:49.776717,599617558093784070,-16.00
2025-11-18 15:13:49.776717,599617558093784070,-14.00
2025-11-18 15:13:50.319313,599617558654481111,-26.00
2025-11-18 15:13:50.319313,599617558654481111,-24.00
2025-11-18 15:13:50.319313,599617558654481111,-16.00
2025-11-18 15:13:50.319313,599617558654481111,-19.00
2025-11-18 15:13:50.319313,599617558654481111,-26.00
2025-11-18 15:13:50.319313,599617558654481111,-31.00
2025-11-18 15:13:50.319313,599617558654481111,-31.00
2025-11-18 15:13:50.319313,599617558654481111,-26.00
2025-11-18 15:13:50.319313,599617558654481111,-28.00
2025-11-18 15:13:50.319313,599617558654481111,-31.00
2025-11-18 15:13:50.319313,599617558654481111,-24.00
2025-11-18 15:13:50.319313,599617558654481111,-19.00
2025-11-18 15:13:50.319313,599617558654481111,-28.00
2025-11-18 15:13:50.319313,599617558654481111,-38.00
2025-11-18 15:13:50.319313,599617558654481111,-33.00
2025-11-18 15:13:50.319313,599617558654481111,-33.00
2025-11-18 15:13:50.319313,599617558654481111,-40.00
2025-11-18 15:13:50.319313,599617558654481111,-40.00
2025-11-18 15:13:50.319313,599617558654481111,-36.00
2025-11-18 15:13:50.319313,599617558654481111,-33.00
2025-11-18 15:13:50.319313,599617558654481111,-36.00
2025-11-18 15:13:50.319313,599617558654481111,-45.00
2025-11-18 15:13:50.319313,599617558654481111,-50.00
2025-11-18 15:13:50.319313,599617558654481111,-40.00
2025-11-18 15:13:50.319313,599617558654481111,-40.00
2025-11-18 15:13:50.319313,599617558654481111,-52.00
2025-11-18 15:13:50.319313,599617558654481111,-57.00
2025-11-18 15:13:50.319313,599617558654481111,-52.00
2025-11-18 15:13:50.319313,599617558654481111,-55.00
2025-11-18 15:13:50.319313,599617558654481111,-52.00
2025-11-18 15:13:50.319313,599617558654481111,-40.00
2025-11-18 15:13:50.319313,599617558654481111,-36.00
2025-11-18 15:13:50.319313,599617558654481111,-40.00
2025-11-18 15:13:50.319313,599617558654481111,-33.00
2025-11-18 15:13:50.319313,599617558654481111,-21.00
2025-11-18 15:13:50.319313,599617558654481111,-19.00
2025-11-18 15:13:50.319313,599617558654481111,-28.00
2025-11-18 15:13:50.319313,599617558654481111,-45.00
2025-11-18 15:13:50.319313,599617558654481111,-55.00
2025-11-18 15:13:50.319313,599617558654481111,-52.00
2025-11-18 15:13:50.319313,599617558654481111,-50.00
2025-11-18 15:13:50.319313,599617558654481111,-62.00
2025-11-18 15:13:50.319313,599617558654481111,-72.00
2025-11-18 15:13:50.319313,599617558654481111,-74.00
2025-11-18 15:13:50.319313,599617558654481111,-72.00
2025-11-18 15:13:50.319313,599617558654481111,-69.00
2025-11-18 15:13:50.319313,599617558654481111,-72.00
2025-11-18 15:13:50.319313,599617558654481111,-77.00
2025-11-18 15:13:50.319313,599617558654481111,-77.00
2025-11-18 15:13:50.319313,599617558654481111,-79.00
2025-11-18 15:13:50.319313,599617558654481111,-91.00
2025-11-18 15:13:50.319313,599617558654481111,-57.00
2025-11-18 15:13:50.319313,599617558654481111,93.00
2025-11-18 15:13:50.319313,599617558654481111,322.00
2025-11-18 15:13:50.319313,599617558654481111,457.00
2025-11-18 15:13:50.319313,599617558654481111,269.00
2025-11-18 15:13:50.319313,599617558654481111,-132.00
2025-11-18 15:13:50.319313,599617558654481111,-298.00
2025-11-18 15:13:50.319313,599617558654481111,-214.00
2025-11-18 15:13:50.319313,599617558654481111,-161.00
2025-11-18 15:13:50.319313,599617558654481111,-134.00
2025-11-18 15:13:50.319313,599617558654481111,-89.00
2025-11-18 15:13:50.319313,599617558654481111,-86.00
2025-11-18 15:13:50.319313,599617558654481111,-103.00
2025-11-18 15:13:50.319313,599617558654481111,-89.00
2025-11-18 15:13:50.319313,599617558654481111,-77.00
2025-11-18 15:13:50.319313,599617558654481111,-79.00
2025-11-18 15:13:50.319313,599617558654481111,-72.00
2025-11-18 15:13:50.319313,599617558654481111,-60.00
2025-11-18 15:13:50.319313,599617558654481111,-57.00
2025-11-18 15:13:50.319313,599617558654481111,-52.00
2025-11-18 15:13:50.319313,599617558654481111,-45.00
2025-11-18 15:13:50.319313,599617558654481111,-45.00
2025-11-18 15:13:50.886224,599617559215178152,-38.00
2025-11-18 15:13:50.886224,599617559215178152,-31.00
2025-11-18 15:13:50.886224,599617559215178152,-28.00
2025-11-18 15:13:50.886224,599617559215178152,-21.00
2025-11-18 15:13:50.886224,599617559215178152,-19.00
2025-11-18 15:13:50.886224,599617559215178152,-16.00
2025-11-18 15:13:50.886224,599617559215178152,-7.00
2025-11-18 15:13:50.886224,599617559215178152,9.00
2025-11-18 15:13:50.886224,599617559215178152,24.00
2025-11-18 15:13:50.886224,599617559215178152,33.00
2025-11-18 15:13:50.886224,599617559215178152,38.00
2025-11-18 15:13:50.886224,599617559215178152,40.00
2025-11-18 15:13:50.886224,599617559215178152,50.00
2025-11-18 15:13:50.886224,599617559215178152,55.00
2025-11-18 15:13:50.886224,599617559215178152,55.00
2025-11-18 15:13:50.886224,599617559215178152,57.00
2025-11-18 15:13:50.886224,599617559215178152,57.00
2025-11-18 15:13:50.886224,599617559215178152,45.00
2025-11-18 15:13:50.886224,599617559215178152,21.00
2025-11-18 15:13:50.886224,599617559215178152,-9.00
2025-11-18 15:13:50.886224,599617559215178152,-45.00
2025-11-18 15:13:50.886224,599617559215178152,-77.00
2025-11-18 15:13:50.886224,599617559215178152,-103.00
2025-11-18 15:13:50.886224,599617559215178152,-134.00
2025-11-18 15:13:50.886224,599617559215178152,-166.00
2025-11-18 15:13:50.886224,599617559215178152,-178.00
2025-11-18 15:13:50.886224,599617559215178152,-180.00
2025-11-18 15:13:50.886224,599617559215178152,-180.00
2025-11-18 15:13:50.886224,599617559215178152,-175.00
2025-11-18 15:13:50.886224,599617559215178152,-178.00
2025-11-18 15:13:50.886224,599617559215178152,-175.00
2025-11-18 15:13:50.886224,599617559215178152,-166.00
2025-11-18 15:13:50.886224,599617559215178152,-168.00
2025-11-18 15:13:50.886224,599617559215178152,-163.00
2025-11-18 15:13:50.886224,599617559215178152,-151.00
2025-11-18 15:13:50.886224,599617559215178152,-156.00
2025-11-18 15:13:50.886224,599617559215178152,-161.00
2025-11-18 15:13:50.886224,599617559215178152,-149.00
2025-11-18 15:13:50.886224,599617559215178152,-142.00
2025-11-18 15:13:50.886224,599617559215178152,-144.00
2025-11-18 15:13:50.886224,599617559215178152,-144.00
2025-11-18 15:13:50.886224,599617559215178152,-144.00
2025-11-18 15:13:50.886224,599617559215178152,-146.00
2025-11-18 15:13:50.886224,599617559215178152,-144.00
2025-11-18 15:13:50.886224,599617559215178152,-137.00
2025-11-18 15:13:50.886224,599617559215178152,-137.00
2025-11-18 15:13:50.886224,599617559215178152,-134.00
2025-11-18 15:13:50.886224,599617559215178152,-132.00
2025-11-18 15:13:50.886224,599617559215178152,-137.00
2025-11-18 15:13:50.886224,599617559215178152,-144.00
2025-11-18 15:13:50.886224,599617559215178152,-142.00
2025-11-18 15:13:50.886224,599617559215178152,-146.00
2025-11-18 15:13:50.886224,599617559215178152,-156.00
2025-11-18 15:13:50.886224,599617559215178152,-149.00
2025-11-18 15:13:50.886224,599617559215178152,-139.00
2025-11-18 15:13:50.886224,599617559215178152,-144.00
2025-11-18 15:13:50.886224,599617559215178152,-149.00
2025-11-18 15:13:50.886224,599617559215178152,-144.00
2025-11-18 15:13:50.886224,599617559215178152,-142.00
2025-11-18 15:13:50.886224,599617559215178152,-137.00
2025-11-18 15:13:50.886224,599617559215178152,-127.00
2025-11-18 15:13:50.886224,599617559215178152,-122.00
2025-11-18 15:13:50.886224,599617559215178152,-132.00
2025-11-18 15:13:50.886224,599617559215178152,-137.00
2025-11-18 15:13:50.886224,599617559215178152,-127.00
2025-11-18 15:13:50.886224,599617559215178152,-125.00
2025-11-18 15:13:50.886224,599617559215178152,-130.00
2025-11-18 15:13:50.886224,599617559215178152,-125.00
2025-11-18 15:13:50.886224,599617559215178152,-122.00
2025-11-18 15:13:50.886224,599617559215178152,-130.00
2025-11-18 15:13:50.886224,599617559215178152,-122.00
2025-11-18 15:13:50.886224,599617559215178152,-118.00
2025-11-18 15:13:50.886224,599617559215178152,-118.00
2025-11-18 15:13:51.425595,599617559775844675,-113.00
2025-11-18 15:13:51.425595,599617559775844675,-108.00
2025-11-18 15:13:51.425595,599617559775844675,-98.00
2025-11-18 15:13:51.425595,599617559775844675,-84.00
2025-11-18 15:13:51.425595,599617559775844675,-69.00
2025-11-18 15:13:51.425595,599617559775844675,-69.00
2025-11-18 15:13:51.425595,599617559775844675,-77.00
2025-11-18 15:13:51.425595,599617559775844675,-86.00
2025-11-18 15:13:51.425595,599617559775844675,-93.00
2025-11-18 15:13:51.425595,599617559775844675,-93.00
2025-11-18 15:13:51.425595,599617559775844675,-98.00
2025-11-18 15:13:51.425595,599617559775844675,-108.00
2025-11-18 15:13:51.425595,599617559775844675,-105.00
2025-11-18 15:13:51.425595,599617559775844675,-96.00
2025-11-18 15:13:51.425595,599617559775844675,-98.00
2025-11-18 15:13:51.425595,599617559775844675,-105.00
2025-11-18 15:13:51.425595,599617559775844675,-101.00
2025-11-18 15:13:51.425595,599617559775844675,-96.00
2025-11-18 15:13:51.425595,599617559775844675,-98.00
2025-11-18 15:13:51.425595,599617559775844675,-108.00
2025-11-18 15:13:51.425595,599617559775844675,-120.00
2025-11-18 15:13:51.425595,599617559775844675,-84.00
2025-11-18 15:13:51.425595,599617559775844675,84.00
2025-11-18 15:13:51.425595,599617559775844675,339.00
2025-11-18 15:13:51.425595,599617559775844675,469.00
2025-11-18 15:13:51.425595,599617559775844675,226.00
2025-11-18 15:13:51.425595,599617559775844675,-219.00
2025-11-18 15:13:51.425595,599617559775844675,-370.00
2025-11-18 15:13:51.425595,599617559775844675,-250.00
2025-11-18 15:13:51.425595,599617559775844675,-175.00
2025-11-18 15:13:51.425595,599617559775844675,-144.00
2025-11-18 15:13:51.425595,599617559775844675,-91.00
2025-11-18 15:13:51.425595,599617559775844675,-72.00
2025-11-18 15:13:51.425595,599617559775844675,-79.00
2025-11-18 15:13:51.425595,599617559775844675,-72.00
2025-11-18 15:13:51.425595,599617559775844675,-57.00
2025-11-18 15:13:51.425595,599617559775844675,-50.00
2025-11-18 15:13:51.425595,599617559775844675,-43.00
2025-11-18 15:13:51.425595,599617559775844675,-36.00
2025-11-18 15:13:51.425595,599617559775844675,-28.00
2025-11-18 15:13:51.425595,599617559775844675,-21.00
2025-11-18 15:13:51.425595,599617559775844675,-16.00
2025-11-18 15:13:51.425595,599617559775844675,-12.00
2025-11-18 15:13:51.425595,599617559775844675,-7.00
2025-11-18 15:13:51.425595,599617559775844675,0.00
2025-11-18 15:13:51.425595,599617559775844675,9.00
2025-11-18 15:13:51.425595,599617559775844675,21.00
2025-11-18 15:13:51.425595,599617559775844675,28.00
2025-11-18 15:13:51.425595,599617559775844675,31.00
2025-11-18 15:13:51.425595,599617559775844675,40.00
2025-11-18 15:13:51.425595,599617559775844675,50.00
2025-11-18 15:13:51.425595,599617559775844675,57.00
2025-11-18 15:13:51.425595,599617559775844675,74.00
2025-11-18 15:13:51.425595,599617559775844675,91.00
2025-11-18 15:13:51.425595,599617559775844675,101.00
2025-11-18 15:13:51.425595,599617559775844675,105.00
2025-11-18 15:13:51.425595,599617559775844675,113.00
2025-11-18 15:13:51.425595,599617559775844675,115.00
2025-11-18 15:13:51.425595,599617559775844675,113.00
2025-11-18 15:13:51.425595,599617559775844675,108.00
2025-11-18 15:13:51.425595,599617559775844675,96.00
2025-11-18 15:13:51.425595,599617559775844675,69.00
2025-11-18 15:13:51.425595,599617559775844675,40.00
2025-11-18 15:13:51.425595,599617559775844675,12.00
2025-11-18 15:13:51.425595,599617559775844675,-21.00
2025-11-18 15:13:51.425595,599617559775844675,-50.00
2025-11-18 15:13:51.425595,599617559775844675,-72.00
2025-11-18 15:13:51.425595,599617559775844675,-89.00
2025-11-18 15:13:51.425595,599617559775844675,-103.00
2025-11-18 15:13:51.425595,599617559775844675,-113.00
2025-11-18 15:13:51.425595,599617559775844675,-108.00
2025-11-18 15:13:51.425595,599617559775844675,-101.00
2025-11-18 15:13:51.425595,599617559775844675,-101.00
2025-11-18 15:13:52.026414,599617560336541716,-96.00
2025-11-18 15:13:52.026414,599617560336541716,-86.00
2025-11-18 15:13:52.026414,599617560336541716,-79.00
2025-11-18 15:13:52.026414,599617560336541716,-72.00
2025-11-18 15:13:52.026414,599617560336541716,-65.00
2025-11-18 15:13:52.026414,599617560336541716,-55.00
2025-11-18 15:13:52.026414,599617560336541716,-52.00
2025-11-18 15:13:52.026414,599617560336541716,-50.00
2025-11-18 15:13:52.026414,599617560336541716,-45.00
2025-11-18 15:13:52.026414,599617560336541716,-50.00
2025-11-18 15:13:52.026414,599617560336541716,-52.00
2025-11-18 15:13:52.026414,599617560336541716,-52.00
2025-11-18 15:13:52.026414,599617560336541716,-52.00
2025-11-18 15:13:52.026414,599617560336541716,-52.00
2025-11-18 15:13:52.026414,599617560336541716,-57.00
2025-11-18 15:13:52.026414,599617560336541716,-60.00
2025-11-18 15:13:52.026414,599617560336541716,-55.00
2025-11-18 15:13:52.026414,599617560336541716,-57.00
2025-11-18 15:13:52.026414,599617560336541716,-65.00
2025-11-18 15:13:52.026414,599617560336541716,-62.00
2025-11-18 15:13:52.026414,599617560336541716,-60.00
2025-11-18 15:13:52.026414,599617560336541716,-60.00
2025-11-18 15:13:52.026414,599617560336541716,-62.00
2025-11-18 15:13:52.026414,599617560336541716,-62.00
2025-11-18 15:13:52.026414,599617560336541716,-55.00
2025-11-18 15:13:52.026414,599617560336541716,-50.00
2025-11-18 15:13:52.026414,599617560336541716,-57.00
2025-11-18 15:13:52.026414,599617560336541716,-65.00
2025-11-18 15:13:52.026414,599617560336541716,-72.00
2025-11-18 15:13:52.026414,599617560336541716,-65.00
2025-11-18 15:13:52.026414,599617560336541716,-55.00
2025-11-18 15:13:52.026414,599617560336541716,-57.00
2025-11-18 15:13:52.026414,599617560336541716,-62.00
2025-11-18 15:13:52.026414,599617560336541716,-62.00
2025-11-18 15:13:52.026414,599617560336541716,-60.00
2025-11-18 15:13:52.026414,599617560336541716,-57.00
2025-11-18 15:13:52.026414,599617560336541716,-55.00
2025-11-18 15:13:52.026414,599617560336541716,-55.00
2025-11-18 15:13:52.026414,599617560336541716,-57.00
2025-11-18 15:13:52.026414,599617560336541716,-57.00
2025-11-18 15:13:52.026414,599617560336541716,-52.00
2025-11-18 15:13:52.026414,599617560336541716,-50.00
2025-11-18 15:13:52.026414,599617560336541716,-48.00
2025-11-18 15:13:52.026414,599617560336541716,-40.00
2025-11-18 15:13:52.026414,599617560336541716,-26.00
2025-11-18 15:13:52.026414,599617560336541716,-16.00
2025-11-18 15:13:52.026414,599617560336541716,-24.00
2025-11-18 15:13:52.026414,599617560336541716,-36.00
2025-11-18 15:13:52.026414,599617560336541716,-45.00
2025-11-18 15:13:52.026414,599617560336541716,-50.00
2025-11-18 15:13:52.026414,599617560336541716,-50.00
2025-11-18 15:13:52.026414,599617560336541716,-48.00
2025-11-18 15:13:52.026414,599617560336541716,-45.00
2025-11-18 15:13:52.026414,599617560336541716,-52.00
2025-11-18 15:13:52.026414,599617560336541716,-52.00
2025-11-18 15:13:52.026414,599617560336541716,-50.00
2025-11-18 15:13:52.026414,599617560336541716,-52.00
2025-11-18 15:13:52.026414,599617560336541716,-55.00
2025-11-18 15:13:52.026414,599617560336541716,-52.00
2025-11-18 15:13:52.026414,599617560336541716,-55.00
2025-11-18 15:13:52.026414,599617560336541716,-69.00
2025-11-18 15:13:52.026414,599617560336541716,-72.00
2025-11-18 15:13:52.026414,599617560336541716,16.00
2025-11-18 15:13:52.026414,599617560336541716,231.00
2025-11-18 15:13:52.026414,599617560336541716,472.00
2025-11-18 15:13:52.026414,599617560336541716,486.00
2025-11-18 15:13:52.026414,599617560336541716,139.00
2025-11-18 15:13:52.026414,599617560336541716,-221.00
2025-11-18 15:13:52.026414,599617560336541716,-250.00
2025-11-18 15:13:52.026414,599617560336541716,-151.00
2025-11-18 15:13:52.026414,599617560336541716,-122.00
2025-11-18 15:13:52.026414,599617560336541716,-77.00
2025-11-18 15:13:52.026414,599617560336541716,-31.00
2025-11-18 15:13:52.597083,599617560897238759,-40.00
2025-11-18 15:13:52.597083,599617560897238759,-43.00
2025-11-18 15:13:52.597083,599617560897238759,-24.00
2025-11-18 15:13:52.597083,599617560897238759,-19.00
2025-11-18 15:13:52.597083,599617560897238759,-16.00
2025-11-18 15:13:52.597083,599617560897238759,-2.00
2025-11-18 15:13:52.597083,599617560897238759,4.00
2025-11-18 15:13:52.597083,599617560897238759,4.00
2025-11-18 15:13:52.597083,599617560897238759,7.00
2025-11-18 15:13:52.597083,599617560897238759,9.00
2025-11-18 15:13:52.597083,599617560897238759,14.00
2025-11-18 15:13:52.597083,599617560897238759,24.00
2025-11-18 15:13:52.597083,599617560897238759,36.00
2025-11-18 15:13:52.597083,599617560897238759,45.00
2025-11-18 15:13:52.597083,599617560897238759,52.00
2025-11-18 15:13:52.597083,599617560897238759,48.00
2025-11-18 15:13:52.597083,599617560897238759,40.00
2025-11-18 15:13:52.597083,599617560897238759,52.00
2025-11-18 15:13:52.597083,599617560897238759,67.00
2025-11-18 15:13:52.597083,599617560897238759,77.00
2025-11-18 15:13:52.597083,599617560897238759,91.00
2025-11-18 15:13:52.597083,599617560897238759,113.00
2025-11-18 15:13:52.597083,599617560897238759,125.00
2025-11-18 15:13:52.597083,599617560897238759,130.00
2025-11-18 15:13:52.597083,599617560897238759,130.00
2025-11-18 15:13:52.597083,599617560897238759,130.00
2025-11-18 15:13:52.597083,599617560897238759,125.00
2025-11-18 15:13:52.597083,599617560897238759,120.00
2025-11-18 15:13:52.597083,599617560897238759,103.00
2025-11-18 15:13:52.597083,599617560897238759,77.00
2025-11-18 15:13:52.597083,599617560897238759,38.00
2025-11-18 15:13:52.597083,599617560897238759,-2.00
2025-11-18 15:13:52.597083,599617560897238759,-31.00
2025-11-18 15:13:52.597083,599617560897238759,-52.00
2025-11-18 15:13:52.597083,599617560897238759,-77.00
2025-11-18 15:13:52.597083,599617560897238759,-96.00
2025-11-18 15:13:52.597083,599617560897238759,-108.00
2025-11-18 15:13:52.597083,599617560897238759,-115.00
2025-11-18 15:13:52.597083,599617560897238759,-115.00
2025-11-18 15:13:52.597083,599617560897238759,-110.00
2025-11-18 15:13:52.597083,599617560897238759,-110.00
2025-11-18 15:13:52.597083,599617560897238759,-110.00
2025-11-18 15:13:52.597083,599617560897238759,-105.00
2025-11-18 15:13:52.597083,599617560897238759,-101.00
2025-11-18 15:13:52.597083,599617560897238759,-93.00
2025-11-18 15:13:52.597083,599617560897238759,-84.00
2025-11-18 15:13:52.597083,599617560897238759,-81.00
2025-11-18 15:13:52.597083,599617560897238759,-77.00
2025-11-18 15:13:52.597083,599617560897238759,-69.00
2025-11-18 15:13:52.597083,599617560897238759,-79.00
2025-11-18 15:13:52.597083,599617560897238759,-91.00
2025-11-18 15:13:52.597083,599617560897238759,-81.00
2025-11-18 15:13:52.597083,599617560897238759,-72.00
2025-11-18 15:13:52.597083,599617560897238759,-74.00
2025-11-18 15:13:52.597083,599617560897238759,-69.00
2025-11-18 15:13:52.597083,599617560897238759,-67.00
2025-11-18 15:13:52.597083,599617560897238759,-79.00
2025-11-18 15:13:52.597083,599617560897238759,-84.00
2025-11-18 15:13:52.597083,599617560897238759,-77.00
2025-11-18 15:13:52.597083,599617560897238759,-79.00
2025-11-18 15:13:52.597083,599617560897238759,-84.00
2025-11-18 15:13:52.597083,599617560897238759,-84.00
2025-11-18 15:13:52.597083,599617560897238759,-79.00
2025-11-18 15:13:52.597083,599617560897238759,-74.00
2025-11-18 15:13:52.597083,599617560897238759,-72.00
2025-11-18 15:13:52.597083,599617560897238759,-72.00
2025-11-18 15:13:52.597083,599617560897238759,-74.00
2025-11-18 15:13:52.597083,599617560897238759,-74.00
2025-11-18 15:13:52.597083,599617560897238759,-74.00
2025-11-18 15:13:52.597083,599617560897238759,-79.00
2025-11-18 15:13:52.597083,599617560897238759,-89.00
2025-11-18 15:13:52.597083,599617560897238759,-89.00
2025-11-18 15:13:52.597083,599617560897238759,-84.00
2025-11-18 15:13:53.139030,599617561457935800,-86.00
2025-11-18 15:13:53.139030,599617561457935800,-86.00
2025-11-18 15:13:53.139030,599617561457935800,-77.00
2025-11-18 15:13:53.139030,599617561457935800,-74.00
2025-11-18 15:13:53.139030,599617561457935800,-81.00
2025-11-18 15:13:53.139030,599617561457935800,-86.00
2025-11-18 15:13:53.139030,599617561457935800,-81.00
2025-11-18 15:13:53.139030,599617561457935800,-81.00
2025-11-18 15:13:53.139030,599617561457935800,-84.00
2025-11-18 15:13:53.139030,599617561457935800,-79.00
2025-11-18 15:13:53.139030,599617561457935800,-77.00
2025-11-18 15:13:53.139030,599617561457935800,-79.00
2025-11-18 15:13:53.139030,599617561457935800,-81.00
2025-11-18 15:13:53.139030,599617561457935800,-84.00
2025-11-18 15:13:53.139030,599617561457935800,-86.00
2025-11-18 15:13:53.139030,599617561457935800,-84.00
2025-11-18 15:13:53.139030,599617561457935800,-74.00
2025-11-18 15:13:53.139030,599617561457935800,-62.00
2025-11-18 15:13:53.139030,599617561457935800,-55.00
2025-11-18 15:13:53.139030,599617561457935800,-38.00
2025-11-18 15:13:53.139030,599617561457935800,-36.00
2025-11-18 15:13:53.139030,599617561457935800,-50.00
2025-11-18 15:13:53.139030,599617561457935800,-55.00
2025-11-18 15:13:53.139030,599617561457935800,-60.00
2025-11-18 15:13:53.139030,599617561457935800,-69.00
2025-11-18 15:13:53.139030,599617561457935800,-74.00
2025-11-18 15:13:53.139030,599617561457935800,-67.00
2025-11-18 15:13:53.139030,599617561457935800,-57.00
2025-11-18 15:13:53.139030,599617561457935800,-65.00
2025-11-18 15:13:53.139030,599617561457935800,-77.00
2025-11-18 15:13:53.139030,599617561457935800,-72.00
2025-11-18 15:13:53.139030,599617561457935800,-67.00
2025-11-18 15:13:53.139030,599617561457935800,-74.00
2025-11-18 15:13:53.139030,599617561457935800,-67.00
2025-11-18 15:13:53.139030,599617561457935800,-60.00
2025-11-18 15:13:53.139030,599617561457935800,-74.00
2025-11-18 15:13:53.139030,599617561457935800,-86.00
2025-11-18 15:13:53.139030,599617561457935800,-7.00
2025-11-18 15:13:53.139030,599617561457935800,209.00
2025-11-18 15:13:53.139030,599617561457935800,462.00
2025-11-18 15:13:53.139030,599617561457935800,491.00
2025-11-18 15:13:53.139030,599617561457935800,137.00
2025-11-18 15:13:53.139030,599617561457935800,-252.00
2025-11-18 15:13:53.139030,599617561457935800,-289.00
2025-11-18 15:13:53.139030,599617561457935800,-171.00
2025-11-18 15:13:53.139030,599617561457935800,-132.00
2025-11-18 15:13:53.139030,599617561457935800,-93.00
2025-11-18 15:13:53.139030,599617561457935800,-57.00
2025-11-18 15:13:53.139030,599617561457935800,-65.00
2025-11-18 15:13:53.139030,599617561457935800,-62.00
2025-11-18 15:13:53.139030,599617561457935800,-36.00
2025-11-18 15:13:53.139030,599617561457935800,-33.00
2025-11-18 15:13:53.139030,599617561457935800,-36.00
2025-11-18 15:13:53.139030,599617561457935800,-21.00
2025-11-18 15:13:53.139030,599617561457935800,-14.00
2025-11-18 15:13:53.139030,599617561457935800,-12.00
2025-11-18 15:13:53.139030,599617561457935800,0.00
2025-11-18 15:13:53.139030,599617561457935800,7.00
2025-11-18 15:13:53.139030,599617561457935800,9.00
2025-11-18 15:13:53.139030,599617561457935800,12.00
2025-11-18 15:13:53.139030,599617561457935800,9.00
2025-11-18 15:13:53.139030,599617561457935800,16.00
2025-11-18 15:13:53.139030,599617561457935800,26.00
2025-11-18 15:13:53.139030,599617561457935800,36.00
2025-11-18 15:13:53.139030,599617561457935800,50.00
2025-11-18 15:13:53.139030,599617561457935800,60.00
2025-11-18 15:13:53.139030,599617561457935800,65.00
2025-11-18 15:13:53.139030,599617561457935800,79.00
2025-11-18 15:13:53.139030,599617561457935800,93.00
2025-11-18 15:13:53.139030,599617561457935800,103.00
2025-11-18 15:13:53.139030,599617561457935800,115.00
2025-11-18 15:13:53.139030,599617561457935800,122.00
2025-11-18 15:13:53.139030,599617561457935800,125.00
2025-11-18 15:13:53.706162,599617562018632841,127.00
2025-11-18 15:13:53.706162,599617562018632841,125.00
2025-11-18 15:13:53.706162,599617562018632841,113.00
2025-11-18 15:13:53.706162,599617562018632841,105.00
2025-11-18 15:13:53.706162,599617562018632841,84.00
2025-11-18 15:13:53.706162,599617562018632841,48.00
2025-11-18 15:13:53.706162,599617562018632841,14.00
2025-11-18 15:13:53.706162,599617562018632841,-14.00
2025-11-18 15:13:53.706162,599617562018632841,-38.00
2025-11-18 15:13:53.706162,599617562018632841,-62.00
2025-11-18 15:13:53.706162,599617562018632841,-86.00
2025-11-18 15:13:53.706162,599617562018632841,-101.00
2025-11-18 15:13:53.706162,599617562018632841,-103.00
2025-11-18 15:13:53.706162,599617562018632841,-108.00
2025-11-18 15:13:53.706162,599617562018632841,-113.00
2025-11-18 15:13:53.706162,599617562018632841,-108.00
2025-11-18 15:13:53.706162,599617562018632841,-101.00
2025-11-18 15:13:53.706162,599617562018632841,-96.00
2025-11-18 15:13:53.706162,599617562018632841,-93.00
2025-11-18 15:13:53.706162,599617562018632841,-89.00
2025-11-18 15:13:53.706162,599617562018632841,-81.00
2025-11-18 15:13:53.706162,599617562018632841,-79.00
2025-11-18 15:13:53.706162,599617562018632841,-79.00
2025-11-18 15:13:53.706162,599617562018632841,-69.00
2025-11-18 15:13:53.706162,599617562018632841,-62.00
2025-11-18 15:13:53.706162,599617562018632841,-60.00
2025-11-18 15:13:53.706162,599617562018632841,-60.00
2025-11-18 15:13:53.706162,599617562018632841,-55.00
2025-11-18 15:13:53.706162,599617562018632841,-60.00
2025-11-18 15:13:53.706162,599617562018632841,-69.00
2025-11-18 15:13:53.706162,599617562018632841,-67.00
2025-11-18 15:13:53.706162,599617562018632841,-60.00
2025-11-18 15:13:53.706162,599617562018632841,-60.00
2025-11-18 15:13:53.706162,599617562018632841,-62.00
2025-11-18 15:13:53.706162,599617562018632841,-55.00
2025-11-18 15:13:53.706162,599617562018632841,-50.00
2025-11-18 15:13:53.706162,599617562018632841,-57.00
2025-11-18 15:13:53.706162,599617562018632841,-60.00
2025-11-18 15:13:53.706162,599617562018632841,-55.00
2025-11-18 15:13:53.706162,599617562018632841,-60.00
2025-11-18 15:13:53.706162,599617562018632841,-60.00
2025-11-18 15:13:53.706162,599617562018632841,-50.00
2025-11-18 15:13:53.706162,599617562018632841,-52.00
2025-11-18 15:13:53.706162,599617562018632841,-57.00
2025-11-18 15:13:53.706162,599617562018632841,-55.00
2025-11-18 15:13:53.706162,599617562018632841,-55.00
2025-11-18 15:13:53.706162,599617562018632841,-50.00
2025-11-18 15:13:53.706162,599617562018632841,-48.00
2025-11-18 15:13:53.706162,599617562018632841,-50.00
2025-11-18 15:13:53.706162,599617562018632841,-50.00
2025-11-18 15:13:53.706162,599617562018632841,-45.00
2025-11-18 15:13:53.706162,599617562018632841,-45.00
2025-11-18 15:13:53.706162,599617562018632841,-48.00
2025-11-18 15:13:53.706162,599617562018632841,-45.00
2025-11-18 15:13:53.706162,599617562018632841,-43.00
2025-11-18 15:13:53.706162,599617562018632841,-40.00
2025-11-18 15:13:53.706162,599617562018632841,-38.00
2025-11-18 15:13:53.706162,599617562018632841,-36.00
2025-11-18 15:13:53.706162,599617562018632841,-36.00
2025-11-18 15:13:53.706162,599617562018632841,-40.00
2025-11-18 15:13:53.706162,599617562018632841,-40.00
2025-11-18 15:13:53.706162,599617562018632841,-38.00
2025-11-18 15:13:53.706162,599617562018632841,-36.00
2025-11-18 15:13:53.706162,599617562018632841,-33.00
2025-11-18 15:13:53.706162,599617562018632841,-36.00
2025-11-18 15:13:53.706162,599617562018632841,-36.00
2025-11-18 15:13:53.706162,599617562018632841,-33.00
2025-11-18 15:13:53.706162,599617562018632841,-33.00
2025-11-18 15:13:53.706162,599617562018632841,-31.00
2025-11-18 15:13:53.706162,599617562018632841,-21.00
2025-11-18 15:13:53.706162,599617562018632841,-12.00
2025-11-18 15:13:53.706162,599617562018632841,-4.00
2025-11-18 15:13:53.706162,599617562018632841,9.00
2025-11-18 15:13:54.247093,599617562579319708,16.00
2025-11-18 15:13:54.247093,599617562579319708,4.00
2025-11-18 15:13:54.247093,599617562579319708,-16.00
2025-11-18 15:13:54.247093,599617562579319708,-21.00
2025-11-18 15:13:54.247093,599617562579319708,-16.00
2025-11-18 15:13:54.247093,599617562579319708,-21.00
2025-11-18 15:13:54.247093,599617562579319708,-24.00
2025-11-18 15:13:54.247093,599617562579319708,-21.00
2025-11-18 15:13:54.247093,599617562579319708,-21.00
2025-11-18 15:13:54.247093,599617562579319708,-24.00
2025-11-18 15:13:54.247093,599617562579319708,-26.00
2025-11-18 15:13:54.247093,599617562579319708,-26.00
2025-11-18 15:13:54.247093,599617562579319708,-24.00
2025-11-18 15:13:54.247093,599617562579319708,-24.00
2025-11-18 15:13:54.247093,599617562579319708,-33.00
2025-11-18 15:13:54.247093,599617562579319708,-52.00
2025-11-18 15:13:54.247093,599617562579319708,-36.00
2025-11-18 15:13:54.247093,599617562579319708,101.00
2025-11-18 15:13:54.247093,599617562579319708,342.00
2025-11-18 15:13:54.247093,599617562579319708,544.00
2025-11-18 15:13:54.247093,599617562579319708,457.00
2025-11-18 15:13:54.247093,599617562579319708,52.00
2025-11-18 15:13:54.247093,599617562579319708,-231.00
2025-11-18 15:13:54.247093,599617562579319708,-183.00
2025-11-18 15:13:54.247093,599617562579319708,-96.00
2025-11-18 15:13:54.247093,599617562579319708,-84.00
2025-11-18 15:13:54.247093,599617562579319708,-60.00
2025-11-18 15:13:54.247093,599617562579319708,-40.00
2025-11-18 15:13:54.247093,599617562579319708,-48.00
2025-11-18 15:13:54.247093,599617562579319708,-43.00
2025-11-18 15:13:54.247093,599617562579319708,-26.00
2025-11-18 15:13:54.247093,599617562579319708,-14.00
2025-11-18 15:13:54.247093,599617562579319708,-9.00
2025-11-18 15:13:54.247093,599617562579319708,-7.00
2025-11-18 15:13:54.247093,599617562579319708,-7.00
2025-11-18 15:13:54.247093,599617562579319708,-4.00
2025-11-18 15:13:54.247093,599617562579319708,-2.00
2025-11-18 15:13:54.247093,599617562579319708,2.00
2025-11-18 15:13:54.247093,599617562579319708,12.00
2025-11-18 15:13:54.247093,599617562579319708,16.00
2025-11-18 15:13:54.247093,599617562579319708,21.00
2025-11-18 15:13:54.247093,599617562579319708,31.00
2025-11-18 15:13:54.247093,599617562579319708,38.00
2025-11-18 15:13:54.247093,599617562579319708,45.00
2025-11-18 15:13:54.247093,599617562579319708,55.00
2025-11-18 15:13:54.247093,599617562579319708,65.00
2025-11-18 15:13:54.247093,599617562579319708,74.00
2025-11-18 15:13:54.247093,599617562579319708,89.00
2025-11-18 15:13:54.247093,599617562579319708,98.00
2025-11-18 15:13:54.247093,599617562579319708,110.00
2025-11-18 15:13:54.247093,599617562579319708,122.00
2025-11-18 15:13:54.247093,599617562579319708,134.00
2025-11-18 15:13:54.247093,599617562579319708,142.00
2025-11-18 15:13:54.247093,599617562579319708,144.00
2025-11-18 15:13:54.247093,599617562579319708,142.00
2025-11-18 15:13:54.247093,599617562579319708,134.00
2025-11-18 15:13:54.247093,599617562579319708,113.00
2025-11-18 15:13:54.247093,599617562579319708,84.00
2025-11-18 15:13:54.247093,599617562579319708,52.00
2025-11-18 15:13:54.247093,599617562579319708,12.00
2025-11-18 15:13:54.247093,599617562579319708,-26.00
2025-11-18 15:13:54.247093,599617562579319708,-52.00
2025-11-18 15:13:54.247093,599617562579319708,-72.00
2025-11-18 15:13:54.247093,599617562579319708,-93.00
2025-11-18 15:13:54.247093,599617562579319708,-105.00
2025-11-18 15:13:54.247093,599617562579319708,-105.00
2025-11-18 15:13:54.247093,599617562579319708,-105.00
2025-11-18 15:13:54.247093,599617562579319708,-108.00
2025-11-18 15:13:54.247093,599617562579319708,-103.00
2025-11-18 15:13:54.247093,599617562579319708,-96.00
2025-11-18 15:13:54.247093,599617562579319708,-93.00
2025-11-18 15:13:54.247093,599617562579319708,-93.00
2025-11-18 15:13:54.247093,599617562579319708,-84.00
2025-11-18 15:13:54.787630,599617563139996405,-79.00
2025-11-18 15:13:54.787630,599617563139996405,-79.00
2025-11-18 15:13:54.787630,599617563139996405,-77.00
2025-11-18 15:13:54.787630,599617563139996405,-69.00
2025-11-18 15:13:54.787630,599617563139996405,-65.00
2025-11-18 15:13:54.787630,599617563139996405,-62.00
2025-11-18 15:13:54.787630,599617563139996405,-55.00
2025-11-18 15:13:54.787630,599617563139996405,-45.00
2025-11-18 15:13:54.787630,599617563139996405,-48.00
2025-11-18 15:13:54.787630,599617563139996405,-50.00
2025-11-18 15:13:54.787630,599617563139996405,-50.00
2025-11-18 15:13:54.787630,599617563139996405,-50.00
2025-11-18 15:13:54.787630,599617563139996405,-52.00
2025-11-18 15:13:54.787630,599617563139996405,-50.00
2025-11-18 15:13:54.787630,599617563139996405,-48.00
2025-11-18 15:13:54.787630,599617563139996405,-48.00
2025-11-18 15:13:54.787630,599617563139996405,-48.00
2025-11-18 15:13:54.787630,599617563139996405,-50.00
2025-11-18 15:13:54.787630,599617563139996405,-50.00
2025-11-18 15:13:54.787630,599617563139996405,-48.00
2025-11-18 15:13:54.787630,599617563139996405,-48.00
2025-11-18 15:13:54.787630,599617563139996405,-50.00
2025-11-18 15:13:54.787630,599617563139996405,-50.00
2025-11-18 15:13:54.787630,599617563139996405,-48.00
2025-11-18 15:13:54.787630,599617563139996405,-48.00
2025-11-18 15:13:54.787630,599617563139996405,-48.00
2025-11-18 15:13:54.787630,599617563139996405,-45.00
2025-11-18 15:13:54.787630,599617563139996405,-48.00
2025-11-18 15:13:54.787630,599617563139996405,-45.00
2025-11-18 15:13:54.787630,599617563139996405,-40.00
2025-11-18 15:13:54.787630,599617563139996405,-38.00
2025-11-18 15:13:54.787630,599617563139996405,-38.00
2025-11-18 15:13:54.787630,599617563139996405,-40.00
2025-11-18 15:13:54.787630,599617563139996405,-43.00
2025-11-18 15:13:54.787630,599617563139996405,-45.00
2025-11-18 15:13:54.787630,599617563139996405,-43.00
2025-11-18 15:13:54.787630,599617563139996405,-40.00
2025-11-18 15:13:54.787630,599617563139996405,-38.00
2025-11-18 15:13:54.787630,599617563139996405,-40.00
2025-11-18 15:13:54.787630,599617563139996405,-40.00
2025-11-18 15:13:54.787630,599617563139996405,-38.00
2025-11-18 15:13:54.787630,599617563139996405,-40.00
2025-11-18 15:13:54.787630,599617563139996405,-43.00
2025-11-18 15:13:54.787630,599617563139996405,-38.00
2025-11-18 15:13:54.787630,599617563139996405,-36.00
2025-11-18 15:13:54.787630,599617563139996405,-36.00
2025-11-18 15:13:54.787630,599617563139996405,-36.00
2025-11-18 15:13:54.787630,599617563139996405,-33.00
2025-11-18 15:13:54.787630,599617563139996405,-33.00
2025-11-18 15:13:54.787630,599617563139996405,-33.00
2025-11-18 15:13:54.787630,599617563139996405,-28.00
2025-11-18 15:13:54.787630,599617563139996405,-24.00
2025-11-18 15:13:54.787630,599617563139996405,-12.00
2025-11-18 15:13:54.787630,599617563139996405,4.00
2025-11-18 15:13:54.787630,599617563139996405,4.00
2025-11-18 15:13:54.787630,599617563139996405,-4.00
2025-11-18 15:13:54.787630,599617563139996405,-12.00
2025-11-18 15:13:54.787630,599617563139996405,-21.00
2025-11-18 15:13:54.787630,599617563139996405,-28.00
2025-11-18 15:13:54.787630,599617563139996405,-31.00
2025-11-18 15:13:54.787630,599617563139996405,-31.00
2025-11-18 15:13:54.787630,599617563139996405,-33.00
2025-11-18 15:13:54.787630,599617563139996405,-36.00
2025-11-18 15:13:54.787630,599617563139996405,-38.00
2025-11-18 15:13:54.787630,599617563139996405,-38.00
2025-11-18 15:13:54.787630,599617563139996405,-38.00
2025-11-18 15:13:54.787630,599617563139996405,-45.00
2025-11-18 15:13:54.787630,599617563139996405,-50.00
2025-11-18 15:13:54.787630,599617563139996405,-50.00
2025-11-18 15:13:54.787630,599617563139996405,-65.00
2025-11-18 15:13:54.787630,599617563139996405,-74.00
2025-11-18 15:13:54.787630,599617563139996405,2.00
2025-11-18 15:13:54.787630,599617563139996405,204.00
2025-11-18 15:13:55.356310,599617563700693446,436.00
2025-11-18 15:13:55.356310,599617563700693446,474.00
2025-11-18 15:13:55.356310,599617563700693446,166.00
2025-11-18 15:13:55.356310,599617563700693446,-209.00
2025-11-18 15:13:55.356310,599617563700693446,-269.00
2025-11-18 15:13:55.356310,599617563700693446,-158.00
2025-11-18 15:13:55.356310,599617563700693446,-115.00
2025-11-18 15:13:55.356310,599617563700693446,-91.00
2025-11-18 15:13:55.356310,599617563700693446,-57.00
2025-11-18 15:13:55.356310,599617563700693446,-57.00
2025-11-18 15:13:55.356310,599617563700693446,-62.00
2025-11-18 15:13:55.356310,599617563700693446,-48.00
2025-11-18 15:13:55.356310,599617563700693446,-40.00
2025-11-18 15:13:55.356310,599617563700693446,-40.00
2025-11-18 15:13:55.356310,599617563700693446,-33.00
2025-11-18 15:13:55.356310,599617563700693446,-24.00
2025-11-18 15:13:55.356310,599617563700693446,-21.00
2025-11-18 15:13:55.356310,599617563700693446,-19.00
2025-11-18 15:13:55.356310,599617563700693446,-16.00
2025-11-18 15:13:55.356310,599617563700693446,-16.00
2025-11-18 15:13:55.356310,599617563700693446,-9.00
2025-11-18 15:13:55.356310,599617563700693446,-2.00
2025-11-18 15:13:55.356310,599617563700693446,2.00
2025-11-18 15:13:55.356310,599617563700693446,4.00
2025-11-18 15:13:55.356310,599617563700693446,7.00
2025-11-18 15:13:55.356310,599617563700693446,21.00
2025-11-18 15:13:55.356310,599617563700693446,33.00
2025-11-18 15:13:55.356310,599617563700693446,45.00
2025-11-18 15:13:55.356310,599617563700693446,55.00
2025-11-18 15:13:55.356310,599617563700693446,69.00
2025-11-18 15:13:55.356310,599617563700693446,81.00
2025-11-18 15:13:55.356310,599617563700693446,91.00
2025-11-18 15:13:55.356310,599617563700693446,96.00
2025-11-18 15:13:55.356310,599617563700693446,103.00
2025-11-18 15:13:55.356310,599617563700693446,113.00
2025-11-18 15:13:55.356310,599617563700693446,115.00
2025-11-18 15:13:55.356310,599617563700693446,101.00
2025-11-18 15:13:55.356310,599617563700693446,79.00
2025-11-18 15:13:55.356310,599617563700693446,57.00
2025-11-18 15:13:55.356310,599617563700693446,31.00
2025-11-18 15:13:55.356310,599617563700693446,-9.00
2025-11-18 15:13:55.356310,599617563700693446,-50.00
2025-11-18 15:13:55.356310,599617563700693446,-81.00
2025-11-18 15:13:55.356310,599617563700693446,-108.00
2025-11-18 15:13:55.356310,599617563700693446,-122.00
2025-11-18 15:13:55.356310,599617563700693446,-132.00
2025-11-18 15:13:55.356310,599617563700693446,-149.00
2025-11-18 15:13:55.356310,599617563700693446,-156.00
2025-11-18 15:13:55.356310,599617563700693446,-149.00
2025-11-18 15:13:55.356310,599617563700693446,-144.00
2025-11-18 15:13:55.356310,599617563700693446,-146.00
2025-11-18 15:13:55.356310,599617563700693446,-139.00
2025-11-18 15:13:55.356310,599617563700693446,-130.00
2025-11-18 15:13:55.356310,599617563700693446,-127.00
2025-11-18 15:13:55.356310,599617563700693446,-125.00
2025-11-18 15:13:55.356310,599617563700693446,-115.00
2025-11-18 15:13:55.356310,599617563700693446,-105.00
2025-11-18 15:13:55.356310,599617563700693446,-105.00
2025-11-18 15:13:55.356310,599617563700693446,-101.00
2025-11-18 15:13:55.356310,599617563700693446,-96.00
2025-11-18 15:13:55.356310,599617563700693446,-93.00
2025-11-18 15:13:55.356310,599617563700693446,-89.00
2025-11-18 15:13:55.356310,599617563700693446,-84.00
2025-11-18 15:13:55.356310,599617563700693446,-93.00
2025-11-18 15:13:55.356310,599617563700693446,-98.00
2025-11-18 15:13:55.356310,599617563700693446,-89.00
2025-11-18 15:13:55.356310,599617563700693446,-84.00
2025-11-18 15:13:55.356310,599617563700693446,-89.00
2025-11-18 15:13:55.356310,599617563700693446,-93.00
2025-11-18 15:13:55.356310,599617563700693446,-96.00
2025-11-18 15:13:55.356310,599617563700693446,-89.00
2025-11-18 15:13:55.356310,599617563700693446,-89.00
2025-11-18 15:13:55.356310,599617563700693446,-96.00
2025-11-18 15:13:55.957740,599617564261390489,-93.00
2025-11-18 15:13:55.957740,599617564261390489,-91.00
2025-11-18 15:13:55.957740,599617564261390489,-96.00
2025-11-18 15:13:55.957740,599617564261390489,-91.00
2025-11-18 15:13:55.957740,599617564261390489,-84.00
2025-11-18 15:13:55.957740,599617564261390489,-86.00
2025-11-18 15:13:55.957740,599617564261390489,-84.00
2025-11-18 15:13:55.957740,599617564261390489,-79.00
2025-11-18 15:13:55.957740,599617564261390489,-81.00
2025-11-18 15:13:55.957740,599617564261390489,-81.00
2025-11-18 15:13:55.957740,599617564261390489,-77.00
2025-11-18 15:13:55.957740,599617564261390489,-74.00
2025-11-18 15:13:55.957740,599617564261390489,-74.00
2025-11-18 15:13:55.957740,599617564261390489,-77.00
2025-11-18 15:13:55.957740,599617564261390489,-74.00
2025-11-18 15:13:55.957740,599617564261390489,-69.00
2025-11-18 15:13:55.957740,599617564261390489,-69.00
2025-11-18 15:13:55.957740,599617564261390489,-69.00
2025-11-18 15:13:55.957740,599617564261390489,-67.00
2025-11-18 15:13:55.957740,599617564261390489,-69.00
2025-11-18 15:13:55.957740,599617564261390489,-67.00
2025-11-18 15:13:55.957740,599617564261390489,-62.00
2025-11-18 15:13:55.957740,599617564261390489,-57.00
2025-11-18 15:13:55.957740,599617564261390489,-52.00
2025-11-18 15:13:55.957740,599617564261390489,-40.00
2025-11-18 15:13:55.957740,599617564261390489,-24.00
2025-11-18 15:13:55.957740,599617564261390489,-16.00
2025-11-18 15:13:55.957740,599617564261390489,-24.00
2025-11-18 15:13:55.957740,599617564261390489,-33.00
2025-11-18 15:13:55.957740,599617564261390489,-45.00
2025-11-18 15:13:55.957740,599617564261390489,-48.00
2025-11-18 15:13:55.957740,599617564261390489,-45.00
2025-11-18 15:13:55.957740,599617564261390489,-48.00
2025-11-18 15:13:55.957740,599617564261390489,-52.00
2025-11-18 15:13:55.957740,599617564261390489,-52.00
2025-11-18 15:13:55.957740,599617564261390489,-50.00
2025-11-18 15:13:55.957740,599617564261390489,-48.00
2025-11-18 15:13:55.957740,599617564261390489,-48.00
2025-11-18 15:13:55.957740,599617564261390489,-50.00
2025-11-18 15:13:55.957740,599617564261390489,-48.00
2025-11-18 15:13:55.957740,599617564261390489,-48.00
2025-11-18 15:13:55.957740,599617564261390489,-57.00
2025-11-18 15:13:55.957740,599617564261390489,-69.00
2025-11-18 15:13:55.957740,599617564261390489,-16.00
2025-11-18 15:13:55.957740,599617564261390489,171.00
2025-11-18 15:13:55.957740,599617564261390489,431.00
2025-11-18 15:13:55.957740,599617564261390489,508.00
2025-11-18 15:13:55.957740,599617564261390489,202.00
2025-11-18 15:13:55.957740,599617564261390489,-211.00
2025-11-18 15:13:55.957740,599617564261390489,-296.00
2025-11-18 15:13:55.957740,599617564261390489,-175.00
2025-11-18 15:13:55.957740,599617564261390489,-120.00
2025-11-18 15:13:55.957740,599617564261390489,-77.00
2025-11-18 15:13:55.957740,599617564261390489,-24.00
2025-11-18 15:13:55.957740,599617564261390489,-16.00
2025-11-18 15:13:55.957740,599617564261390489,-24.00
2025-11-18 15:13:55.957740,599617564261390489,-7.00
2025-11-18 15:13:55.957740,599617564261390489,2.00
2025-11-18 15:13:55.957740,599617564261390489,0.00
2025-11-18 15:13:55.957740,599617564261390489,4.00
2025-11-18 15:13:55.957740,599617564261390489,14.00
2025-11-18 15:13:55.957740,599617564261390489,21.00
2025-11-18 15:13:55.957740,599617564261390489,26.00
2025-11-18 15:13:55.957740,599617564261390489,28.00
2025-11-18 15:13:55.957740,599617564261390489,36.00
2025-11-18 15:13:55.957740,599617564261390489,43.00
2025-11-18 15:13:55.957740,599617564261390489,43.00
2025-11-18 15:13:55.957740,599617564261390489,48.00
2025-11-18 15:13:55.957740,599617564261390489,62.00
2025-11-18 15:13:55.957740,599617564261390489,67.00
2025-11-18 15:13:55.957740,599617564261390489,67.00
2025-11-18 15:13:55.957740,599617564261390489,81.00
2025-11-18 15:13:55.957740,599617564261390489,96.00
2025-11-18 15:13:56.496798,599617564822067184,101.00
2025-11-18 15:13:56.496798,599617564822067184,110.00
2025-11-18 15:13:56.496798,599617564822067184,127.00
2025-11-18 15:13:56.496798,599617564822067184,142.00
2025-11-18 15:13:56.496798,599617564822067184,151.00
2025-11-18 15:13:56.496798,599617564822067184,158.00
2025-11-18 15:13:56.496798,599617564822067184,161.00
2025-11-18 15:13:56.496798,599617564822067184,156.00
2025-11-18 15:13:56.496798,599617564822067184,146.00
2025-11-18 15:13:56.496798,599617564822067184,130.00
2025-11-18 15:13:56.496798,599617564822067184,105.00
2025-11-18 15:13:56.496798,599617564822067184,72.00
2025-11-18 15:13:56.496798,599617564822067184,36.00
2025-11-18 15:13:56.496798,599617564822067184,-2.00
2025-11-18 15:13:56.496798,599617564822067184,-33.00
2025-11-18 15:13:56.496798,599617564822067184,-55.00
2025-11-18 15:13:56.496798,599617564822067184,-69.00
2025-11-18 15:13:56.496798,599617564822067184,-79.00
2025-11-18 15:13:56.496798,599617564822067184,-89.00
2025-11-18 15:13:56.496798,599617564822067184,-96.00
2025-11-18 15:13:56.496798,599617564822067184,-93.00
2025-11-18 15:13:56.496798,599617564822067184,-86.00
2025-11-18 15:13:56.496798,599617564822067184,-81.00
2025-11-18 15:13:56.496798,599617564822067184,-79.00
2025-11-18 15:13:56.496798,599617564822067184,-77.00
2025-11-18 15:13:56.496798,599617564822067184,-72.00
2025-11-18 15:13:56.496798,599617564822067184,-65.00
2025-11-18 15:13:56.496798,599617564822067184,-60.00
2025-11-18 15:13:56.496798,599617564822067184,-60.00
2025-11-18 15:13:56.496798,599617564822067184,-52.00
2025-11-18 15:13:56.496798,599617564822067184,-48.00
2025-11-18 15:13:56.496798,599617564822067184,-48.00
2025-11-18 15:13:56.496798,599617564822067184,-48.00
2025-11-18 15:13:56.496798,599617564822067184,-45.00
2025-11-18 15:13:56.496798,599617564822067184,-40.00
2025-11-18 15:13:56.496798,599617564822067184,-40.00
2025-11-18 15:13:56.496798,599617564822067184,-45.00
2025-11-18 15:13:56.496798,599617564822067184,-43.00
2025-11-18 15:13:56.496798,599617564822067184,-36.00
2025-11-18 15:13:56.496798,599617564822067184,-40.00
2025-11-18 15:13:56.496798,599617564822067184,-45.00
2025-11-18 15:13:56.496798,599617564822067184,-38.00
2025-11-18 15:13:56.496798,599617564822067184,-36.00
2025-11-18 15:13:56.496798,599617564822067184,-40.00
2025-11-18 15:13:56.496798,599617564822067184,-40.00
2025-11-18 15:13:56.496798,599617564822067184,-36.00
2025-11-18 15:13:56.496798,599617564822067184,-36.00
2025-11-18 15:13:56.496798,599617564822067184,-38.00
2025-11-18 15:13:56.496798,599617564822067184,-38.00
2025-11-18 15:13:56.496798,599617564822067184,-36.00
2025-11-18 15:13:56.496798,599617564822067184,-36.00
2025-11-18 15:13:56.496798,599617564822067184,-31.00
2025-11-18 15:13:56.496798,599617564822067184,-28.00
2025-11-18 15:13:56.496798,599617564822067184,-31.00
2025-11-18 15:13:56.496798,599617564822067184,-28.00
2025-11-18 15:13:56.496798,599617564822067184,-24.00
2025-11-18 15:13:56.496798,599617564822067184,-26.00
2025-11-18 15:13:56.496798,599617564822067184,-28.00
2025-11-18 15:13:56.496798,599617564822067184,-26.00
2025-11-18 15:13:56.496798,599617564822067184,-26.00
2025-11-18 15:13:56.496798,599617564822067184,-31.00
2025-11-18 15:13:56.496798,599617564822067184,-28.00
2025-11-18 15:13:56.496798,599617564822067184,-24.00
2025-11-18 15:13:56.496798,599617564822067184,-26.00
2025-11-18 15:13:56.496798,599617564822067184,-28.00
2025-11-18 15:13:56.496798,599617564822067184,-26.00
2025-11-18 15:13:56.496798,599617564822067184,-24.00
2025-11-18 15:13:56.496798,599617564822067184,-21.00
2025-11-18 15:13:56.496798,599617564822067184,-21.00
2025-11-18 15:13:56.496798,599617564822067184,-21.00
2025-11-18 15:13:56.496798,599617564822067184,-19.00
2025-11-18 15:13:56.496798,599617564822067184,-19.00
2025-11-18 15:13:56.496798,599617564822067184,-21.00
2025-11-18 15:13:57.067118,599617565382754053,-19.00
2025-11-18 15:13:57.067118,599617565382754053,-14.00
2025-11-18 15:13:57.067118,599617565382754053,-12.00
2025-11-18 15:13:57.067118,599617565382754053,-2.00
2025-11-18 15:13:57.067118,599617565382754053,12.00
2025-11-18 15:13:57.067118,599617565382754053,19.00
2025-11-18 15:13:57.067118,599617565382754053,14.00
2025-11-18 15:13:57.067118,599617565382754053,4.00
2025-11-18 15:13:57.067118,599617565382754053,-4.00
2025-11-18 15:13:57.067118,599617565382754053,-9.00
2025-11-18 15:13:57.067118,599617565382754053,-12.00
2025-11-18 15:13:57.067118,599617565382754053,-14.00
2025-11-18 15:13:57.067118,599617565382754053,-19.00
2025-11-18 15:13:57.067118,599617565382754053,-19.00
2025-11-18 15:13:57.067118,599617565382754053,-19.00
2025-11-18 15:13:57.067118,599617565382754053,-19.00
2025-11-18 15:13:57.067118,599617565382754053,-19.00
2025-11-18 15:13:57.067118,599617565382754053,-16.00
2025-11-18 15:13:57.067118,599617565382754053,-21.00
2025-11-18 15:13:57.067118,599617565382754053,-28.00
2025-11-18 15:13:57.067118,599617565382754053,-40.00
2025-11-18 15:13:57.067118,599617565382754053,-50.00
2025-11-18 15:13:57.067118,599617565382754053,4.00
2025-11-18 15:13:57.067118,599617565382754053,190.00
2025-11-18 15:13:57.067118,599617565382754053,440.00
2025-11-18 15:13:57.067118,599617565382754053,539.00
2025-11-18 15:13:57.067118,599617565382754053,286.00
2025-11-18 15:13:57.067118,599617565382754053,-118.00
2025-11-18 15:13:57.067118,599617565382754053,-236.00
2025-11-18 15:13:57.067118,599617565382754053,-132.00
2025-11-18 15:13:57.067118,599617565382754053,-81.00
2025-11-18 15:13:57.067118,599617565382754053,-62.00
2025-11-18 15:13:57.067118,599617565382754053,-26.00
2025-11-18 15:13:57.067118,599617565382754053,-21.00
2025-11-18 15:13:57.067118,599617565382754053,-26.00
2025-11-18 15:13:57.067118,599617565382754053,-14.00
2025-11-18 15:13:57.067118,599617565382754053,0.00
2025-11-18 15:13:57.067118,599617565382754053,2.00
2025-11-18 15:13:57.067118,599617565382754053,9.00
2025-11-18 15:13:57.067118,599617565382754053,14.00
2025-11-18 15:13:57.067118,599617565382754053,14.00
2025-11-18 15:13:57.067118,599617565382754053,19.00
2025-11-18 15:13:57.067118,599617565382754053,24.00
2025-11-18 15:13:57.067118,599617565382754053,26.00
2025-11-18 15:13:57.067118,599617565382754053,33.00
2025-11-18 15:13:57.067118,599617565382754053,43.00
2025-11-18 15:13:57.067118,599617565382754053,48.00
2025-11-18 15:13:57.067118,599617565382754053,50.00
2025-11-18 15:13:57.067118,599617565382754053,55.00
2025-11-18 15:13:57.067118,599617565382754053,67.00
2025-11-18 15:13:57.067118,599617565382754053,79.00
2025-11-18 15:13:57.067118,599617565382754053,86.00
2025-11-18 15:13:57.067118,599617565382754053,101.00
2025-11-18 15:13:57.067118,599617565382754053,115.00
2025-11-18 15:13:57.067118,599617565382754053,127.00
2025-11-18 15:13:57.067118,599617565382754053,139.00
2025-11-18 15:13:57.067118,599617565382754053,156.00
2025-11-18 15:13:57.067118,599617565382754053,166.00
2025-11-18 15:13:57.067118,599617565382754053,168.00
2025-11-18 15:13:57.067118,599617565382754053,163.00
2025-11-18 15:13:57.067118,599617565382754053,154.00
2025-11-18 15:13:57.067118,599617565382754053,142.00
2025-11-18 15:13:57.067118,599617565382754053,120.00
2025-11-18 15:13:57.067118,599617565382754053,89.00
2025-11-18 15:13:57.067118,599617565382754053,52.00
2025-11-18 15:13:57.067118,599617565382754053,16.00
2025-11-18 15:13:57.067118,599617565382754053,-16.00
2025-11-18 15:13:57.067118,599617565382754053,-40.00
2025-11-18 15:13:57.067118,599617565382754053,-60.00
2025-11-18 15:13:57.067118,599617565382754053,-77.00
2025-11-18 15:13:57.067118,599617565382754053,-84.00
2025-11-18 15:13:57.067118,599617565382754053,-89.00
2025-11-18 15:13:57.067118,599617565382754053,-91.00
2025-11-18 15:13:57.636367,599617565943451094,-89.00
2025-11-18 15:13:57.636367,599617565943451094,-86.00
2025-11-18 15:13:57.636367,599617565943451094,-84.00
2025-11-18 15:13:57.636367,599617565943451094,-79.00
2025-11-18 15:13:57.636367,599617565943451094,-74.00
2025-11-18 15:13:57.636367,599617565943451094,-72.00
2025-11-18 15:13:57.636367,599617565943451094,-65.00
2025-11-18 15:13:57.636367,599617565943451094,-57.00
2025-11-18 15:13:57.636367,599617565943451094,-50.00
2025-11-18 15:13:57.636367,599617565943451094,-48.00
2025-11-18 15:13:57.636367,599617565943451094,-43.00
2025-11-18 15:13:57.636367,599617565943451094,-38.00
2025-11-18 15:13:57.636367,599617565943451094,-36.00
2025-11-18 15:13:57.636367,599617565943451094,-36.00
2025-11-18 15:13:57.636367,599617565943451094,-38.00
2025-11-18 15:13:57.636367,599617565943451094,-38.00
2025-11-18 15:13:57.636367,599617565943451094,-36.00
2025-11-18 15:13:57.636367,599617565943451094,-36.00
2025-11-18 15:13:57.636367,599617565943451094,-40.00
2025-11-18 15:13:57.636367,599617565943451094,-40.00
2025-11-18 15:13:57.636367,599617565943451094,-40.00
2025-11-18 15:13:57.636367,599617565943451094,-40.00
2025-11-18 15:13:57.636367,599617565943451094,-38.00
2025-11-18 15:13:57.636367,599617565943451094,-33.00
2025-11-18 15:13:57.636367,599617565943451094,-36.00
2025-11-18 15:13:57.636367,599617565943451094,-40.00
2025-11-18 15:13:57.636367,599617565943451094,-40.00
2025-11-18 15:13:57.636367,599617565943451094,-38.00
2025-11-18 15:13:57.636367,599617565943451094,-38.00
2025-11-18 15:13:57.636367,599617565943451094,-43.00
2025-11-18 15:13:57.636367,599617565943451094,-43.00
2025-11-18 15:13:57.636367,599617565943451094,-38.00
2025-11-18 15:13:57.636367,599617565943451094,-33.00
2025-11-18 15:13:57.636367,599617565943451094,-38.00
2025-11-18 15:13:57.636367,599617565943451094,-43.00
2025-11-18 15:13:57.636367,599617565943451094,-45.00
2025-11-18 15:13:57.636367,599617565943451094,-43.00
2025-11-18 15:13:57.636367,599617565943451094,-43.00
2025-11-18 15:13:57.636367,599617565943451094,-45.00
2025-11-18 15:13:57.636367,599617565943451094,-43.00
2025-11-18 15:13:57.636367,599617565943451094,-43.00
2025-11-18 15:13:57.636367,599617565943451094,-43.00
2025-11-18 15:13:57.636367,599617565943451094,-38.00
2025-11-18 15:13:57.636367,599617565943451094,-38.00
2025-11-18 15:13:57.636367,599617565943451094,-40.00
2025-11-18 15:13:57.636367,599617565943451094,-43.00
2025-11-18 15:13:57.636367,599617565943451094,-43.00
2025-11-18 15:13:57.636367,599617565943451094,-43.00
2025-11-18 15:13:57.636367,599617565943451094,-43.00
2025-11-18 15:13:57.636367,599617565943451094,-43.00
2025-11-18 15:13:57.636367,599617565943451094,-45.00
2025-11-18 15:13:57.636367,599617565943451094,-43.00
2025-11-18 15:13:57.636367,599617565943451094,-40.00
2025-11-18 15:13:57.636367,599617565943451094,-43.00
2025-11-18 15:13:57.636367,599617565943451094,-43.00
2025-11-18 15:13:57.636367,599617565943451094,-43.00
2025-11-18 15:13:57.636367,599617565943451094,-43.00
2025-11-18 15:13:57.636367,599617565943451094,-40.00
2025-11-18 15:13:57.636367,599617565943451094,-43.00
2025-11-18 15:13:57.636367,599617565943451094,-45.00
2025-11-18 15:13:57.636367,599617565943451094,-43.00
2025-11-18 15:13:57.636367,599617565943451094,-40.00
2025-11-18 15:13:57.636367,599617565943451094,-43.00
2025-11-18 15:13:57.636367,599617565943451094,-45.00
2025-11-18 15:13:57.636367,599617565943451094,-48.00
2025-11-18 15:13:57.636367,599617565943451094,-50.00
2025-11-18 15:13:57.636367,599617565943451094,-48.00
2025-11-18 15:13:57.636367,599617565943451094,-33.00
2025-11-18 15:13:57.636367,599617565943451094,-19.00
2025-11-18 15:13:57.636367,599617565943451094,-14.00
2025-11-18 15:13:57.636367,599617565943451094,-12.00
2025-11-18 15:13:57.636367,599617565943451094,-19.00
2025-11-18 15:13:57.636367,599617565943451094,-33.00
2025-11-18 15:13:58.206779,599617566504224430,-38.00
2025-11-18 15:13:58.206779,599617566504224430,-38.00
2025-11-18 15:13:58.206779,599617566504224430,-50.00
2025-11-18 15:13:58.206779,599617566504224430,-57.00
2025-11-18 15:13:58.206779,599617566504224430,-52.00
2025-11-18 15:13:58.206779,599617566504224430,-50.00
2025-11-18 15:13:58.206779,599617566504224430,-55.00
2025-11-18 15:13:58.206779,599617566504224430,-60.00
2025-11-18 15:13:58.206779,599617566504224430,-57.00
2025-11-18 15:13:58.206779,599617566504224430,-57.00
2025-11-18 15:13:58.206779,599617566504224430,-57.00
2025-11-18 15:13:58.206779,599617566504224430,-57.00
2025-11-18 15:13:58.206779,599617566504224430,-69.00
2025-11-18 15:13:58.206779,599617566504224430,-62.00
2025-11-18 15:13:58.206779,599617566504224430,62.00
2025-11-18 15:13:58.206779,599617566504224430,303.00
2025-11-18 15:13:58.206779,599617566504224430,493.00
2025-11-18 15:13:58.206779,599617566504224430,370.00
2025-11-18 15:13:58.206779,599617566504224430,-55.00
2025-11-18 15:13:58.206779,599617566504224430,-320.00
2025-11-18 15:13:58.206779,599617566504224430,-257.00
2025-11-18 15:13:58.206779,599617566504224430,-166.00
2025-11-18 15:13:58.206779,599617566504224430,-132.00
2025-11-18 15:13:58.206779,599617566504224430,-79.00
2025-11-18 15:13:58.206779,599617566504224430,-50.00
2025-11-18 15:13:58.206779,599617566504224430,-62.00
2025-11-18 15:13:58.206779,599617566504224430,-57.00
2025-11-18 15:13:58.206779,599617566504224430,-43.00
2025-11-18 15:13:58.206779,599617566504224430,-40.00
2025-11-18 15:13:58.206779,599617566504224430,-38.00
2025-11-18 15:13:58.206779,599617566504224430,-33.00
2025-11-18 15:13:58.206779,599617566504224430,-28.00
2025-11-18 15:13:58.206779,599617566504224430,-19.00
2025-11-18 15:13:58.206779,599617566504224430,-19.00
2025-11-18 15:13:58.206779,599617566504224430,-19.00
2025-11-18 15:13:58.206779,599617566504224430,-12.00
2025-11-18 15:13:58.206779,599617566504224430,-4.00
2025-11-18 15:13:58.206779,599617566504224430,2.00
2025-11-18 15:13:58.206779,599617566504224430,12.00
2025-11-18 15:13:58.206779,599617566504224430,16.00
2025-11-18 15:13:58.206779,599617566504224430,24.00
2025-11-18 15:13:58.206779,599617566504224430,31.00
2025-11-18 15:13:58.206779,599617566504224430,40.00
2025-11-18 15:13:58.206779,599617566504224430,55.00
2025-11-18 15:13:58.206779,599617566504224430,67.00
2025-11-18 15:13:58.206779,599617566504224430,72.00
2025-11-18 15:13:58.206779,599617566504224430,89.00
2025-11-18 15:13:58.206779,599617566504224430,108.00
2025-11-18 15:13:58.206779,599617566504224430,120.00
2025-11-18 15:13:58.206779,599617566504224430,120.00
2025-11-18 15:13:58.206779,599617566504224430,122.00
2025-11-18 15:13:58.206779,599617566504224430,120.00
2025-11-18 15:13:58.206779,599617566504224430,108.00
2025-11-18 15:13:58.206779,599617566504224430,89.00
2025-11-18 15:13:58.206779,599617566504224430,67.00
2025-11-18 15:13:58.206779,599617566504224430,36.00
2025-11-18 15:13:58.206779,599617566504224430,-2.00
2025-11-18 15:13:58.206779,599617566504224430,-43.00
2025-11-18 15:13:58.206779,599617566504224430,-74.00
2025-11-18 15:13:58.206779,599617566504224430,-96.00
2025-11-18 15:13:58.206779,599617566504224430,-113.00
2025-11-18 15:13:58.206779,599617566504224430,-130.00
2025-11-18 15:13:58.206779,599617566504224430,-139.00
2025-11-18 15:13:58.206779,599617566504224430,-137.00
2025-11-18 15:13:58.206779,599617566504224430,-137.00
2025-11-18 15:13:58.206779,599617566504224430,-142.00
2025-11-18 15:13:58.206779,599617566504224430,-137.00
2025-11-18 15:13:58.206779,599617566504224430,-127.00
2025-11-18 15:13:58.206779,599617566504224430,-118.00
2025-11-18 15:13:58.206779,599617566504224430,-118.00
2025-11-18 15:13:58.206779,599617566504224430,-115.00
2025-11-18 15:13:58.206779,599617566504224430,-105.00
2025-11-18 15:13:58.206779,599617566504224430,-98.00
2025-11-18 15:13:58.717658,599617567064845176,-93.00
2025-11-18 15:13:58.717658,599617567064845176,-89.00
2025-11-18 15:13:58.717658,599617567064845176,-86.00
2025-11-18 15:13:58.717658,599617567064845176,-84.00
2025-11-18 15:13:58.717658,599617567064845176,-77.00
2025-11-18 15:13:58.717658,599617567064845176,-77.00
2025-11-18 15:13:58.717658,599617567064845176,-81.00
2025-11-18 15:13:58.717658,599617567064845176,-79.00
2025-11-18 15:13:58.717658,599617567064845176,-72.00
2025-11-18 15:13:58.717658,599617567064845176,-69.00
2025-11-18 15:13:58.717658,599617567064845176,-72.00
2025-11-18 15:13:58.717658,599617567064845176,-74.00
2025-11-18 15:13:58.717658,599617567064845176,-69.00
2025-11-18 15:13:58.717658,599617567064845176,-65.00
2025-11-18 15:13:58.717658,599617567064845176,-62.00
2025-11-18 15:13:58.717658,599617567064845176,-60.00
2025-11-18 15:13:58.717658,599617567064845176,-57.00
2025-11-18 15:13:58.717658,599617567064845176,-55.00
2025-11-18 15:13:58.717658,599617567064845176,-60.00
2025-11-18 15:13:58.717658,599617567064845176,-60.00
2025-11-18 15:13:58.717658,599617567064845176,-50.00
2025-11-18 15:13:58.717658,599617567064845176,-45.00
2025-11-18 15:13:58.717658,599617567064845176,-50.00
2025-11-18 15:13:58.717658,599617567064845176,-52.00
2025-11-18 15:13:58.717658,599617567064845176,-48.00
2025-11-18 15:13:58.717658,599617567064845176,-43.00
2025-11-18 15:13:58.717658,599617567064845176,-43.00
2025-11-18 15:13:58.717658,599617567064845176,-43.00
2025-11-18 15:13:58.717658,599617567064845176,-38.00
2025-11-18 15:13:58.717658,599617567064845176,-31.00
2025-11-18 15:13:58.717658,599617567064845176,-33.00
2025-11-18 15:13:58.717658,599617567064845176,-38.00
2025-11-18 15:13:58.717658,599617567064845176,-33.00
2025-11-18 15:13:58.717658,599617567064845176,-21.00
2025-11-18 15:13:58.717658,599617567064845176,-24.00
2025-11-18 15:13:58.717658,599617567064845176,-31.00
2025-11-18 15:13:58.717658,599617567064845176,-28.00
2025-11-18 15:13:58.717658,599617567064845176,-26.00
2025-11-18 15:13:58.717658,599617567064845176,-21.00
2025-11-18 15:13:58.717658,599617567064845176,-14.00
2025-11-18 15:13:58.717658,599617567064845176,-4.00
2025-11-18 15:13:58.717658,599617567064845176,12.00
2025-11-18 15:13:58.717658,599617567064845176,24.00
2025-11-18 15:13:58.717658,599617567064845176,19.00
2025-11-18 15:13:58.717658,599617567064845176,4.00
2025-11-18 15:13:58.717658,599617567064845176,-2.00
2025-11-18 15:13:58.717658,599617567064845176,-2.00
2025-11-18 15:13:58.717658,599617567064845176,-7.00
2025-11-18 15:13:58.717658,599617567064845176,-12.00
2025-11-18 15:13:58.717658,599617567064845176,-9.00
2025-11-18 15:13:58.717658,599617567064845176,-12.00
2025-11-18 15:13:58.717658,599617567064845176,-16.00
2025-11-18 15:13:58.717658,599617567064845176,-19.00
2025-11-18 15:13:58.717658,599617567064845176,-16.00
2025-11-18 15:13:58.717658,599617567064845176,-16.00
2025-11-18 15:13:58.717658,599617567064845176,-14.00
2025-11-18 15:13:58.717658,599617567064845176,-14.00
2025-11-18 15:13:58.717658,599617567064845176,-26.00
2025-11-18 15:13:58.717658,599617567064845176,-33.00
2025-11-18 15:13:58.717658,599617567064845176,52.00
2025-11-18 15:13:58.717658,599617567064845176,272.00
2025-11-18 15:13:58.717658,599617567064845176,515.00
2025-11-18 15:13:58.717658,599617567064845176,522.00
2025-11-18 15:13:58.717658,599617567064845176,158.00
2025-11-18 15:13:58.717658,599617567064845176,-216.00
2025-11-18 15:13:58.717658,599617567064845176,-236.00
2025-11-18 15:13:58.717658,599617567064845176,-120.00
2025-11-18 15:13:58.717658,599617567064845176,-84.00
2025-11-18 15:13:58.717658,599617567064845176,-43.00
2025-11-18 15:13:58.717658,599617567064845176,-2.00
2025-11-18 15:13:58.717658,599617567064845176,-9.00
2025-11-18 15:13:58.717658,599617567064845176,-12.00
2025-11-18 15:13:58.717658,599617567064845176,9.00
2025-11-18 15:13:59.317463,599617567625542219,14.00
2025-11-18 15:13:59.317463,599617567625542219,16.00
2025-11-18 15:13:59.317463,599617567625542219,26.00
2025-11-18 15:13:59.317463,599617567625542219,33.00
2025-11-18 15:13:59.317463,599617567625542219,36.00
2025-11-18 15:13:59.317463,599617567625542219,40.00
2025-11-18 15:13:59.317463,599617567625542219,40.00
2025-11-18 15:13:59.317463,599617567625542219,43.00
2025-11-18 15:13:59.317463,599617567625542219,50.00
2025-11-18 15:13:59.317463,599617567625542219,57.00
2025-11-18 15:13:59.317463,599617567625542219,65.00
2025-11-18 15:13:59.317463,599617567625542219,72.00
2025-11-18 15:13:59.317463,599617567625542219,74.00
2025-11-18 15:13:59.317463,599617567625542219,81.00
2025-11-18 15:13:59.317463,599617567625542219,93.00
2025-11-18 15:13:59.317463,599617567625542219,110.00
2025-11-18 15:13:59.317463,599617567625542219,120.00
2025-11-18 15:13:59.317463,599617567625542219,125.00
2025-11-18 15:13:59.317463,599617567625542219,137.00
2025-11-18 15:13:59.317463,599617567625542219,156.00
2025-11-18 15:13:59.317463,599617567625542219,168.00
2025-11-18 15:13:59.317463,599617567625542219,175.00
2025-11-18 15:13:59.317463,599617567625542219,178.00
2025-11-18 15:13:59.317463,599617567625542219,173.00
2025-11-18 15:13:59.317463,599617567625542219,161.00
2025-11-18 15:13:59.317463,599617567625542219,142.00
2025-11-18 15:13:59.317463,599617567625542219,108.00
2025-11-18 15:13:59.317463,599617567625542219,74.00
2025-11-18 15:13:59.317463,599617567625542219,38.00
2025-11-18 15:13:59.317463,599617567625542219,2.00
2025-11-18 15:13:59.317463,599617567625542219,-28.00
2025-11-18 15:13:59.317463,599617567625542219,-50.00
2025-11-18 15:13:59.317463,599617567625542219,-67.00
2025-11-18 15:13:59.317463,599617567625542219,-79.00
2025-11-18 15:13:59.317463,599617567625542219,-89.00
2025-11-18 15:13:59.317463,599617567625542219,-91.00
2025-11-18 15:13:59.317463,599617567625542219,-91.00
2025-11-18 15:13:59.317463,599617567625542219,-89.00
2025-11-18 15:13:59.317463,599617567625542219,-86.00
2025-11-18 15:13:59.317463,599617567625542219,-84.00
2025-11-18 15:13:59.317463,599617567625542219,-77.00
2025-11-18 15:13:59.317463,599617567625542219,-69.00
2025-11-18 15:13:59.317463,599617567625542219,-62.00
2025-11-18 15:13:59.317463,599617567625542219,-52.00
2025-11-18 15:13:59.317463,599617567625542219,-48.00
2025-11-18 15:13:59.317463,599617567625542219,-45.00
2025-11-18 15:13:59.317463,599617567625542219,-43.00
2025-11-18 15:13:59.317463,599617567625542219,-40.00
2025-11-18 15:13:59.317463,599617567625542219,-38.00
2025-11-18 15:13:59.317463,599617567625542219,-36.00
2025-11-18 15:13:59.317463,599617567625542219,-33.00
2025-11-18 15:13:59.317463,599617567625542219,-36.00
2025-11-18 15:13:59.317463,599617567625542219,-38.00
2025-11-18 15:13:59.317463,599617567625542219,-36.00
2025-11-18 15:13:59.317463,599617567625542219,-31.00
2025-11-18 15:13:59.317463,599617567625542219,-31.00
2025-11-18 15:13:59.317463,599617567625542219,-28.00
2025-11-18 15:13:59.317463,599617567625542219,-31.00
2025-11-18 15:13:59.317463,599617567625542219,-31.00
2025-11-18 15:13:59.317463,599617567625542219,-28.00
2025-11-18 15:13:59.317463,599617567625542219,-28.00
2025-11-18 15:13:59.317463,599617567625542219,-31.00
2025-11-18 15:13:59.317463,599617567625542219,-26.00
2025-11-18 15:13:59.317463,599617567625542219,-24.00
2025-11-18 15:13:59.317463,599617567625542219,-26.00
2025-11-18 15:13:59.317463,599617567625542219,-24.00
2025-11-18 15:13:59.317463,599617567625542219,-21.00
2025-11-18 15:13:59.317463,599617567625542219,-26.00
2025-11-18 15:13:59.317463,599617567625542219,-24.00
2025-11-18 15:13:59.317463,599617567625542219,-14.00
2025-11-18 15:13:59.317463,599617567625542219,-14.00
2025-11-18 15:13:59.317463,599617567625542219,-19.00
2025-11-18 15:13:59.317463,599617567625542219,-16.00
2025-11-18 15:13:59.857348,599617568186239260,-12.00
2025-11-18 15:13:59.857348,599617568186239260,-16.00
2025-11-18 15:13:59.857348,599617568186239260,-14.00
2025-11-18 15:13:59.857348,599617568186239260,-9.00
2025-11-18 15:13:59.857348,599617568186239260,-12.00
2025-11-18 15:13:59.857348,599617568186239260,-9.00
2025-11-18 15:13:59.857348,599617568186239260,-9.00
2025-11-18 15:13:59.857348,599617568186239260,-12.00
2025-11-18 15:13:59.857348,599617568186239260,-12.00
2025-11-18 15:13:59.857348,599617568186239260,-2.00
2025-11-18 15:13:59.857348,599617568186239260,-2.00
2025-11-18 15:13:59.857348,599617568186239260,-9.00
2025-11-18 15:13:59.857348,599617568186239260,-12.00
2025-11-18 15:13:59.857348,599617568186239260,-9.00
2025-11-18 15:13:59.857348,599617568186239260,-7.00
2025-11-18 15:13:59.857348,599617568186239260,-9.00
2025-11-18 15:13:59.857348,599617568186239260,-9.00
2025-11-18 15:13:59.857348,599617568186239260,-7.00
2025-11-18 15:13:59.857348,599617568186239260,-7.00
2025-11-18 15:13:59.857348,599617568186239260,-12.00
2025-11-18 15:13:59.857348,599617568186239260,-9.00
2025-11-18 15:13:59.857348,599617568186239260,2.00
2025-11-18 15:13:59.857348,599617568186239260,9.00
2025-11-18 15:13:59.857348,599617568186239260,19.00
2025-11-18 15:13:59.857348,599617568186239260,31.00
2025-11-18 15:13:59.857348,599617568186239260,24.00
2025-11-18 15:13:59.857348,599617568186239260,9.00
2025-11-18 15:13:59.857348,599617568186239260,2.00
2025-11-18 15:13:59.857348,599617568186239260,0.00
2025-11-18 15:13:59.857348,599617568186239260,-4.00
2025-11-18 15:13:59.857348,599617568186239260,-7.00
2025-11-18 15:13:59.857348,599617568186239260,-7.00
2025-11-18 15:13:59.857348,599617568186239260,-7.00
2025-11-18 15:13:59.857348,599617568186239260,-9.00
2025-11-18 15:13:59.857348,599617568186239260,-9.00
2025-11-18 15:13:59.857348,599617568186239260,-9.00
2025-11-18 15:13:59.857348,599617568186239260,-14.00
2025-11-18 15:13:59.857348,599617568186239260,-14.00
2025-11-18 15:13:59.857348,599617568186239260,-12.00
2025-11-18 15:13:59.857348,599617568186239260,-21.00
2025-11-18 15:13:59.857348,599617568186239260,-43.00
2025-11-18 15:13:59.857348,599617568186239260,-21.00
2025-11-18 15:13:59.857348,599617568186239260,130.00
2025-11-18 15:13:59.857348,599617568186239260,373.00
2025-11-18 15:13:59.857348,599617568186239260,541.00
2025-11-18 15:13:59.857348,599617568186239260,399.00
2025-11-18 15:13:59.857348,599617568186239260,-9.00
2025-11-18 15:13:59.857348,599617568186239260,-231.00
2025-11-18 15:13:59.857348,599617568186239260,-158.00
2025-11-18 15:13:59.857348,599617568186239260,-89.00
2025-11-18 15:13:59.857348,599617568186239260,-72.00
2025-11-18 15:13:59.857348,599617568186239260,-31.00
2025-11-18 15:13:59.857348,599617568186239260,-14.00
2025-11-18 15:13:59.857348,599617568186239260,-28.00
2025-11-18 15:13:59.857348,599617568186239260,-21.00
2025-11-18 15:13:59.857348,599617568186239260,-7.00
2025-11-18 15:13:59.857348,599617568186239260,-7.00
2025-11-18 15:13:59.857348,599617568186239260,-2.00
2025-11-18 15:13:59.857348,599617568186239260,7.00
2025-11-18 15:13:59.857348,599617568186239260,9.00
2025-11-18 15:13:59.857348,599617568186239260,9.00
2025-11-18 15:13:59.857348,599617568186239260,19.00
2025-11-18 15:13:59.857348,599617568186239260,24.00
2025-11-18 15:13:59.857348,599617568186239260,21.00
2025-11-18 15:13:59.857348,599617568186239260,24.00
2025-11-18 15:13:59.857348,599617568186239260,28.00
2025-11-18 15:13:59.857348,599617568186239260,36.00
2025-11-18 15:13:59.857348,599617568186239260,40.00
2025-11-18 15:13:59.857348,599617568186239260,45.00
2025-11-18 15:13:59.857348,599617568186239260,52.00
2025-11-18 15:13:59.857348,599617568186239260,67.00
2025-11-18 15:13:59.857348,599617568186239260,79.00
2025-11-18 15:13:59.857348,599617568186239260,89.00
2025-11-18 15:14:00.429134,599617568746936301,103.00
2025-11-18 15:14:00.429134,599617568746936301,118.00
2025-11-18 15:14:00.429134,599617568746936301,132.00
2025-11-18 15:14:00.429134,599617568746936301,144.00
2025-11-18 15:14:00.429134,599617568746936301,149.00
2025-11-18 15:14:00.429134,599617568746936301,146.00
2025-11-18 15:14:00.429134,599617568746936301,142.00
2025-11-18 15:14:00.429134,599617568746936301,132.00
2025-11-18 15:14:00.429134,599617568746936301,118.00
2025-11-18 15:14:00.429134,599617568746936301,86.00
2025-11-18 15:14:00.429134,599617568746936301,45.00
2025-11-18 15:14:00.429134,599617568746936301,7.00
2025-11-18 15:14:00.429134,599617568746936301,-26.00
2025-11-18 15:14:00.429134,599617568746936301,-55.00
2025-11-18 15:14:00.429134,599617568746936301,-81.00
2025-11-18 15:14:00.429134,599617568746936301,-96.00
2025-11-18 15:14:00.429134,599617568746936301,-105.00
2025-11-18 15:14:00.429134,599617568746936301,-110.00
2025-11-18 15:14:00.429134,599617568746936301,-108.00
2025-11-18 15:14:00.429134,599617568746936301,-110.00
2025-11-18 15:14:00.429134,599617568746936301,-113.00
2025-11-18 15:14:00.429134,599617568746936301,-113.00
2025-11-18 15:14:00.429134,599617568746936301,-105.00
2025-11-18 15:14:00.429134,599617568746936301,-101.00
2025-11-18 15:14:00.429134,599617568746936301,-98.00
2025-11-18 15:14:00.429134,599617568746936301,-93.00
2025-11-18 15:14:00.429134,599617568746936301,-86.00
2025-11-18 15:14:00.429134,599617568746936301,-81.00
2025-11-18 15:14:00.429134,599617568746936301,-77.00
2025-11-18 15:14:00.429134,599617568746936301,-72.00
2025-11-18 15:14:00.429134,599617568746936301,-72.00
2025-11-18 15:14:00.429134,599617568746936301,-67.00
2025-11-18 15:14:00.429134,599617568746936301,-60.00
2025-11-18 15:14:00.429134,599617568746936301,-57.00
2025-11-18 15:14:00.429134,599617568746936301,-62.00
2025-11-18 15:14:00.429134,599617568746936301,-65.00
2025-11-18 15:14:00.429134,599617568746936301,-60.00
2025-11-18 15:14:00.429134,599617568746936301,-55.00
2025-11-18 15:14:00.429134,599617568746936301,-60.00
2025-11-18 15:14:00.429134,599617568746936301,-62.00
2025-11-18 15:14:00.429134,599617568746936301,-62.00
2025-11-18 15:14:00.429134,599617568746936301,-62.00
2025-11-18 15:14:00.429134,599617568746936301,-62.00
2025-11-18 15:14:00.429134,599617568746936301,-57.00
2025-11-18 15:14:00.429134,599617568746936301,-57.00
2025-11-18 15:14:00.429134,599617568746936301,-57.00
2025-11-18 15:14:00.429134,599617568746936301,-57.00
2025-11-18 15:14:00.429134,599617568746936301,-55.00
2025-11-18 15:14:00.429134,599617568746936301,-55.00
2025-11-18 15:14:00.429134,599617568746936301,-60.00
2025-11-18 15:14:00.429134,599617568746936301,-60.00
2025-11-18 15:14:00.429134,599617568746936301,-52.00
2025-11-18 15:14:00.429134,599617568746936301,-52.00
2025-11-18 15:14:00.429134,599617568746936301,-55.00
2025-11-18 15:14:00.429134,599617568746936301,-52.00
2025-11-18 15:14:00.429134,599617568746936301,-52.00
2025-11-18 15:14:00.429134,599617568746936301,-52.00
2025-11-18 15:14:00.429134,599617568746936301,-52.00
2025-11-18 15:14:00.429134,599617568746936301,-50.00
2025-11-18 15:14:00.429134,599617568746936301,-48.00
2025-11-18 15:14:00.429134,599617568746936301,-48.00
2025-11-18 15:14:00.429134,599617568746936301,-52.00
2025-11-18 15:14:00.429134,599617568746936301,-55.00
2025-11-18 15:14:00.429134,599617568746936301,-52.00
2025-11-18 15:14:00.429134,599617568746936301,-52.00
2025-11-18 15:14:00.429134,599617568746936301,-52.00
2025-11-18 15:14:00.429134,599617568746936301,-52.00
2025-11-18 15:14:00.429134,599617568746936301,-48.00
2025-11-18 15:14:00.429134,599617568746936301,-45.00
2025-11-18 15:14:00.429134,599617568746936301,-48.00
2025-11-18 15:14:00.429134,599617568746936301,-52.00
2025-11-18 15:14:00.429134,599617568746936301,-50.00
2025-11-18 15:14:00.429134,599617568746936301,-50.00
2025-11-18 15:14:00.966632,599617569307602824,-55.00
2025-11-18 15:14:00.966632,599617569307602824,-50.00
2025-11-18 15:14:00.966632,599617569307602824,-45.00
2025-11-18 15:14:00.966632,599617569307602824,-48.00
2025-11-18 15:14:00.966632,599617569307602824,-48.00
2025-11-18 15:14:00.966632,599617569307602824,-45.00
2025-11-18 15:14:00.966632,599617569307602824,-48.00
2025-11-18 15:14:00.966632,599617569307602824,-50.00
2025-11-18 15:14:00.966632,599617569307602824,-45.00
2025-11-18 15:14:00.966632,599617569307602824,-43.00
2025-11-18 15:14:00.966632,599617569307602824,-48.00
2025-11-18 15:14:00.966632,599617569307602824,-50.00
2025-11-18 15:14:00.966632,599617569307602824,-48.00
2025-11-18 15:14:00.966632,599617569307602824,-45.00
2025-11-18 15:14:00.966632,599617569307602824,-31.00
2025-11-18 15:14:00.966632,599617569307602824,-14.00
2025-11-18 15:14:00.966632,599617569307602824,-9.00
2025-11-18 15:14:00.966632,599617569307602824,-14.00
2025-11-18 15:14:00.966632,599617569307602824,-16.00
2025-11-18 15:14:00.966632,599617569307602824,-26.00
2025-11-18 15:14:00.966632,599617569307602824,-38.00
2025-11-18 15:14:00.966632,599617569307602824,-43.00
2025-11-18 15:14:00.966632,599617569307602824,-45.00
2025-11-18 15:14:00.966632,599617569307602824,-50.00
2025-11-18 15:14:00.966632,599617569307602824,-48.00
2025-11-18 15:14:00.966632,599617569307602824,-43.00
2025-11-18 15:14:00.966632,599617569307602824,-45.00
2025-11-18 15:14:00.966632,599617569307602824,-50.00
2025-11-18 15:14:00.966632,599617569307602824,-50.00
2025-11-18 15:14:00.966632,599617569307602824,-48.00
2025-11-18 15:14:00.966632,599617569307602824,-52.00
2025-11-18 15:14:00.966632,599617569307602824,-57.00
2025-11-18 15:14:00.966632,599617569307602824,-74.00
2025-11-18 15:14:00.966632,599617569307602824,-52.00
2025-11-18 15:14:00.966632,599617569307602824,96.00
2025-11-18 15:14:00.966632,599617569307602824,344.00
2025-11-18 15:14:00.966632,599617569307602824,498.00
2025-11-18 15:14:00.966632,599617569307602824,322.00
2025-11-18 15:14:00.966632,599617569307602824,-105.00
2025-11-18 15:14:00.966632,599617569307602824,-322.00
2025-11-18 15:14:00.966632,599617569307602824,-238.00
2025-11-18 15:14:00.966632,599617569307602824,-151.00
2025-11-18 15:14:00.966632,599617569307602824,-118.00
2025-11-18 15:14:00.966632,599617569307602824,-67.00
2025-11-18 15:14:00.966632,599617569307602824,-55.00
2025-11-18 15:14:00.966632,599617569307602824,-72.00
2025-11-18 15:14:00.966632,599617569307602824,-52.00
2025-11-18 15:14:00.966632,599617569307602824,-33.00
2025-11-18 15:14:00.966632,599617569307602824,-43.00
2025-11-18 15:14:00.966632,599617569307602824,-43.00
2025-11-18 15:14:00.966632,599617569307602824,-26.00
2025-11-18 15:14:00.966632,599617569307602824,-19.00
2025-11-18 15:14:00.966632,599617569307602824,-21.00
2025-11-18 15:14:00.966632,599617569307602824,-12.00
2025-11-18 15:14:00.966632,599617569307602824,-9.00
2025-11-18 15:14:00.966632,599617569307602824,-9.00
2025-11-18 15:14:00.966632,599617569307602824,2.00
2025-11-18 15:14:00.966632,599617569307602824,9.00
2025-11-18 15:14:00.966632,599617569307602824,4.00
2025-11-18 15:14:00.966632,599617569307602824,12.00
2025-11-18 15:14:00.966632,599617569307602824,26.00
2025-11-18 15:14:00.966632,599617569307602824,31.00
2025-11-18 15:14:00.966632,599617569307602824,36.00
2025-11-18 15:14:00.966632,599617569307602824,52.00
2025-11-18 15:14:00.966632,599617569307602824,69.00
2025-11-18 15:14:00.966632,599617569307602824,77.00
2025-11-18 15:14:00.966632,599617569307602824,84.00
2025-11-18 15:14:00.966632,599617569307602824,101.00
2025-11-18 15:14:00.966632,599617569307602824,115.00
2025-11-18 15:14:00.966632,599617569307602824,120.00
2025-11-18 15:14:00.966632,599617569307602824,122.00
2025-11-18 15:14:00.966632,599617569307602824,120.00
2025-11-18 15:14:00.966632,599617569307602824,113.00
2025-11-18 15:14:01.538453,599617569868299865,89.00
2025-11-18 15:14:01.538453,599617569868299865,57.00
2025-11-18 15:14:01.538453,599617569868299865,16.00
2025-11-18 15:14:01.538453,599617569868299865,-26.00
2025-11-18 15:14:01.538453,599617569868299865,-60.00
2025-11-18 15:14:01.538453,599617569868299865,-89.00
2025-11-18 15:14:01.538453,599617569868299865,-113.00
2025-11-18 15:14:01.538453,599617569868299865,-132.00
2025-11-18 15:14:01.538453,599617569868299865,-139.00
2025-11-18 15:14:01.538453,599617569868299865,-144.00
2025-11-18 15:14:01.538453,599617569868299865,-144.00
2025-11-18 15:14:01.538453,599617569868299865,-144.00
2025-11-18 15:14:01.538453,599617569868299865,-142.00
2025-11-18 15:14:01.538453,599617569868299865,-144.00
2025-11-18 15:14:01.538453,599617569868299865,-137.00
2025-11-18 15:14:01.538453,599617569868299865,-125.00
2025-11-18 15:14:01.538453,599617569868299865,-120.00
2025-11-18 15:14:01.538453,599617569868299865,-118.00
2025-11-18 15:14:01.538453,599617569868299865,-108.00
2025-11-18 15:14:01.538453,599617569868299865,-98.00
2025-11-18 15:14:01.538453,599617569868299865,-96.00
2025-11-18 15:14:01.538453,599617569868299865,-96.00
2025-11-18 15:14:01.538453,599617569868299865,-89.00
2025-11-18 15:14:01.538453,599617569868299865,-81.00
2025-11-18 15:14:01.538453,599617569868299865,-79.00
2025-11-18 15:14:01.538453,599617569868299865,-79.00
2025-11-18 15:14:01.538453,599617569868299865,-77.00
2025-11-18 15:14:01.538453,599617569868299865,-72.00
2025-11-18 15:14:01.538453,599617569868299865,-72.00
2025-11-18 15:14:01.538453,599617569868299865,-77.00
2025-11-18 15:14:01.538453,599617569868299865,-72.00
2025-11-18 15:14:01.538453,599617569868299865,-67.00
2025-11-18 15:14:01.538453,599617569868299865,-72.00
2025-11-18 15:14:01.538453,599617569868299865,-74.00
2025-11-18 15:14:01.538453,599617569868299865,-67.00
2025-11-18 15:14:01.538453,599617569868299865,-60.00
2025-11-18 15:14:01.538453,599617569868299865,-57.00
2025-11-18 15:14:01.538453,599617569868299865,-55.00
2025-11-18 15:14:01.538453,599617569868299865,-50.00
2025-11-18 15:14:01.538453,599617569868299865,-50.00
2025-11-18 15:14:01.538453,599617569868299865,-48.00
2025-11-18 15:14:01.538453,599617569868299865,-43.00
2025-11-18 15:14:01.538453,599617569868299865,-40.00
2025-11-18 15:14:01.538453,599617569868299865,-40.00
2025-11-18 15:14:01.538453,599617569868299865,-36.00
2025-11-18 15:14:01.538453,599617569868299865,-33.00
2025-11-18 15:14:01.538453,599617569868299865,-33.00
2025-11-18 15:14:01.538453,599617569868299865,-31.00
2025-11-18 15:14:01.538453,599617569868299865,-28.00
2025-11-18 15:14:01.538453,599617569868299865,-26.00
2025-11-18 15:14:01.538453,599617569868299865,-21.00
2025-11-18 15:14:01.538453,599617569868299865,-16.00
2025-11-18 15:14:01.538453,599617569868299865,-16.00
2025-11-18 15:14:01.538453,599617569868299865,-14.00
2025-11-18 15:14:01.538453,599617569868299865,-14.00
2025-11-18 15:14:01.538453,599617569868299865,-16.00
2025-11-18 15:14:01.538453,599617569868299865,-14.00
2025-11-18 15:14:01.538453,599617569868299865,-12.00
2025-11-18 15:14:01.538453,599617569868299865,-12.00
2025-11-18 15:14:01.538453,599617569868299865,-12.00
2025-11-18 15:14:01.538453,599617569868299865,-7.00
2025-11-18 15:14:01.538453,599617569868299865,-2.00
2025-11-18 15:14:01.538453,599617569868299865,4.00
2025-11-18 15:14:01.538453,599617569868299865,16.00
2025-11-18 15:14:01.538453,599617569868299865,31.00
2025-11-18 15:14:01.538453,599617569868299865,28.00
2025-11-18 15:14:01.538453,599617569868299865,16.00
2025-11-18 15:14:01.538453,599617569868299865,7.00
2025-11-18 15:14:01.538453,599617569868299865,2.00
2025-11-18 15:14:01.538453,599617569868299865,-2.00
2025-11-18 15:14:01.538453,599617569868299865,-12.00
2025-11-18 15:14:01.538453,599617569868299865,-14.00
2025-11-18 15:14:01.538453,599617569868299865,-12.00
2025-11-18 15:14:02.079131,599617570428996906,-14.00
2025-11-18 15:14:02.079131,599617570428996906,-19.00
2025-11-18 15:14:02.079131,599617570428996906,-19.00
2025-11-18 15:14:02.079131,599617570428996906,-19.00
2025-11-18 15:14:02.079131,599617570428996906,-19.00
2025-11-18 15:14:02.079131,599617570428996906,-21.00
2025-11-18 15:14:02.079131,599617570428996906,-28.00
2025-11-18 15:14:02.079131,599617570428996906,-48.00
2025-11-18 15:14:02.079131,599617570428996906,-31.00
2025-11-18 15:14:02.079131,599617570428996906,105.00
2025-11-18 15:14:02.079131,599617570428996906,349.00
2025-11-18 15:14:02.079131,599617570428996906,549.00
2025-11-18 15:14:02.079131,599617570428996906,443.00
2025-11-18 15:14:02.079131,599617570428996906,19.00
2025-11-18 15:14:02.079131,599617570428996906,-252.00
2025-11-18 15:14:02.079131,599617570428996906,-197.00
2025-11-18 15:14:02.079131,599617570428996906,-105.00
2025-11-18 15:14:02.079131,599617570428996906,-81.00
2025-11-18 15:14:02.079131,599617570428996906,-40.00
2025-11-18 15:14:02.079131,599617570428996906,-19.00
2025-11-18 15:14:02.079131,599617570428996906,-31.00
2025-11-18 15:14:02.079131,599617570428996906,-21.00
2025-11-18 15:14:02.079131,599617570428996906,-2.00
2025-11-18 15:14:02.079131,599617570428996906,-2.00
2025-11-18 15:14:02.079131,599617570428996906,-2.00
2025-11-18 15:14:02.079131,599617570428996906,2.00
2025-11-18 15:14:02.079131,599617570428996906,9.00
2025-11-18 15:14:02.079131,599617570428996906,12.00
2025-11-18 15:14:02.079131,599617570428996906,19.00
2025-11-18 15:14:02.079131,599617570428996906,21.00
2025-11-18 15:14:02.079131,599617570428996906,24.00
2025-11-18 15:14:02.079131,599617570428996906,28.00
2025-11-18 15:14:02.079131,599617570428996906,36.00
2025-11-18 15:14:02.079131,599617570428996906,43.00
2025-11-18 15:14:02.079131,599617570428996906,52.00
2025-11-18 15:14:02.079131,599617570428996906,57.00
2025-11-18 15:14:02.079131,599617570428996906,65.00
2025-11-18 15:14:02.079131,599617570428996906,74.00
2025-11-18 15:14:02.079131,599617570428996906,86.00
2025-11-18 15:14:02.079131,599617570428996906,98.00
2025-11-18 15:14:02.079131,599617570428996906,115.00
2025-11-18 15:14:02.079131,599617570428996906,132.00
2025-11-18 15:14:02.079131,599617570428996906,144.00
2025-11-18 15:14:02.079131,599617570428996906,154.00
2025-11-18 15:14:02.079131,599617570428996906,158.00
2025-11-18 15:14:02.079131,599617570428996906,161.00
2025-11-18 15:14:02.079131,599617570428996906,158.00
2025-11-18 15:14:02.079131,599617570428996906,142.00
2025-11-18 15:14:02.079131,599617570428996906,113.00
2025-11-18 15:14:02.079131,599617570428996906,79.00
2025-11-18 15:14:02.079131,599617570428996906,36.00
2025-11-18 15:14:02.079131,599617570428996906,-7.00
2025-11-18 15:14:02.079131,599617570428996906,-43.00
2025-11-18 15:14:02.079131,599617570428996906,-69.00
2025-11-18 15:14:02.079131,599617570428996906,-86.00
2025-11-18 15:14:02.079131,599617570428996906,-103.00
2025-11-18 15:14:02.079131,599617570428996906,-115.00
2025-11-18 15:14:02.079131,599617570428996906,-125.00
2025-11-18 15:14:02.079131,599617570428996906,-127.00
2025-11-18 15:14:02.079131,599617570428996906,-127.00
2025-11-18 15:14:02.079131,599617570428996906,-127.00
2025-11-18 15:14:02.079131,599617570428996906,-125.00
2025-11-18 15:14:02.079131,599617570428996906,-118.00
2025-11-18 15:14:02.079131,599617570428996906,-113.00
2025-11-18 15:14:02.079131,599617570428996906,-108.00
2025-11-18 15:14:02.079131,599617570428996906,-101.00
2025-11-18 15:14:02.079131,599617570428996906,-96.00
2025-11-18 15:14:02.079131,599617570428996906,-91.00
2025-11-18 15:14:02.079131,599617570428996906,-86.00
2025-11-18 15:14:02.079131,599617570428996906,-84.00
2025-11-18 15:14:02.079131,599617570428996906,-79.00
2025-11-18 15:14:02.079131,599617570428996906,-72.00
2025-11-18 15:14:02.079131,599617570428996906,-69.00
2025-11-18 15:14:02.678480,599617570989719381,-67.00
2025-11-18 15:14:02.678480,599617570989719381,-62.00
2025-11-18 15:14:02.678480,599617570989719381,-65.00
2025-11-18 15:14:02.678480,599617570989719381,-67.00
2025-11-18 15:14:02.678480,599617570989719381,-65.00
2025-11-18 15:14:02.678480,599617570989719381,-65.00
2025-11-18 15:14:02.678480,599617570989719381,-65.00
2025-11-18 15:14:02.678480,599617570989719381,-65.00
2025-11-18 15:14:02.678480,599617570989719381,-67.00
2025-11-18 15:14:02.678480,599617570989719381,-65.00
2025-11-18 15:14:02.678480,599617570989719381,-60.00
2025-11-18 15:14:02.678480,599617570989719381,-57.00
2025-11-18 15:14:02.678480,599617570989719381,-57.00
2025-11-18 15:14:02.678480,599617570989719381,-57.00
2025-11-18 15:14:02.678480,599617570989719381,-55.00
2025-11-18 15:14:02.678480,599617570989719381,-52.00
2025-11-18 15:14:02.678480,599617570989719381,-50.00
2025-11-18 15:14:02.678480,599617570989719381,-50.00
2025-11-18 15:14:02.678480,599617570989719381,-55.00
2025-11-18 15:14:02.678480,599617570989719381,-55.00
2025-11-18 15:14:02.678480,599617570989719381,-50.00
2025-11-18 15:14:02.678480,599617570989719381,-48.00
2025-11-18 15:14:02.678480,599617570989719381,-43.00
2025-11-18 15:14:02.678480,599617570989719381,-43.00
2025-11-18 15:14:02.678480,599617570989719381,-43.00
2025-11-18 15:14:02.678480,599617570989719381,-40.00
2025-11-18 15:14:02.678480,599617570989719381,-40.00
2025-11-18 15:14:02.678480,599617570989719381,-40.00
2025-11-18 15:14:02.678480,599617570989719381,-40.00
2025-11-18 15:14:02.678480,599617570989719381,-40.00
2025-11-18 15:14:02.678480,599617570989719381,-40.00
2025-11-18 15:14:02.678480,599617570989719381,-40.00
2025-11-18 15:14:02.678480,599617570989719381,-38.00
2025-11-18 15:14:02.678480,599617570989719381,-33.00
2025-11-18 15:14:02.678480,599617570989719381,-28.00
2025-11-18 15:14:02.678480,599617570989719381,-16.00
2025-11-18 15:14:02.678480,599617570989719381,-2.00
2025-11-18 15:14:02.678480,599617570989719381,-2.00
2025-11-18 15:14:02.678480,599617570989719381,-12.00
2025-11-18 15:14:02.678480,599617570989719381,-21.00
2025-11-18 15:14:02.678480,599617570989719381,-28.00
2025-11-18 15:14:02.678480,599617570989719381,-36.00
2025-11-18 15:14:02.678480,599617570989719381,-38.00
2025-11-18 15:14:02.678480,599617570989719381,-43.00
2025-11-18 15:14:02.678480,599617570989719381,-43.00
2025-11-18 15:14:02.678480,599617570989719381,-43.00
2025-11-18 15:14:02.678480,599617570989719381,-45.00
2025-11-18 15:14:02.678480,599617570989719381,-50.00
2025-11-18 15:14:02.678480,599617570989719381,-48.00
2025-11-18 15:14:02.678480,599617570989719381,-45.00
2025-11-18 15:14:02.678480,599617570989719381,-48.00
2025-11-18 15:14:02.678480,599617570989719381,-57.00
2025-11-18 15:14:02.678480,599617570989719381,-72.00
2025-11-18 15:14:02.678480,599617570989719381,-45.00
2025-11-18 15:14:02.678480,599617570989719381,108.00
2025-11-18 15:14:02.678480,599617570989719381,368.00
2025-11-18 15:14:02.678480,599617570989719381,534.00
2025-11-18 15:14:02.678480,599617570989719381,354.00
2025-11-18 15:14:02.678480,599617570989719381,-79.00
2025-11-18 15:14:02.678480,599617570989719381,-281.00
2025-11-18 15:14:02.678480,599617570989719381,-195.00
2025-11-18 15:14:02.678480,599617570989719381,-130.00
2025-11-18 15:14:02.678480,599617570989719381,-110.00
2025-11-18 15:14:02.678480,599617570989719381,-65.00
2025-11-18 15:14:02.678480,599617570989719381,-48.00
2025-11-18 15:14:02.678480,599617570989719381,-57.00
2025-11-18 15:14:02.678480,599617570989719381,-45.00
2025-11-18 15:14:02.678480,599617570989719381,-36.00
2025-11-18 15:14:02.678480,599617570989719381,-40.00
2025-11-18 15:14:02.678480,599617570989719381,-31.00
2025-11-18 15:14:02.678480,599617570989719381,-19.00
2025-11-18 15:14:02.678480,599617570989719381,-19.00
2025-11-18 15:14:02.678480,599617570989719381,-16.00
2025-11-18 15:14:03.247359,599617571550390990,-12.00
2025-11-18 15:14:03.247359,599617571550390990,-7.00
2025-11-18 15:14:03.247359,599617571550390990,-2.00
2025-11-18 15:14:03.247359,599617571550390990,4.00
2025-11-18 15:14:03.247359,599617571550390990,12.00
2025-11-18 15:14:03.247359,599617571550390990,19.00
2025-11-18 15:14:03.247359,599617571550390990,28.00
2025-11-18 15:14:03.247359,599617571550390990,38.00
2025-11-18 15:14:03.247359,599617571550390990,45.00
2025-11-18 15:14:03.247359,599617571550390990,57.00
2025-11-18 15:14:03.247359,599617571550390990,74.00
2025-11-18 15:14:03.247359,599617571550390990,89.00
2025-11-18 15:14:03.247359,599617571550390990,101.00
2025-11-18 15:14:03.247359,599617571550390990,118.00
2025-11-18 15:14:03.247359,599617571550390990,134.00
2025-11-18 15:14:03.247359,599617571550390990,144.00
2025-11-18 15:14:03.247359,599617571550390990,146.00
2025-11-18 15:14:03.247359,599617571550390990,146.00
2025-11-18 15:14:03.247359,599617571550390990,142.00
2025-11-18 15:14:03.247359,599617571550390990,125.00
2025-11-18 15:14:03.247359,599617571550390990,98.00
2025-11-18 15:14:03.247359,599617571550390990,62.00
2025-11-18 15:14:03.247359,599617571550390990,19.00
2025-11-18 15:14:03.247359,599617571550390990,-21.00
2025-11-18 15:14:03.247359,599617571550390990,-55.00
2025-11-18 15:14:03.247359,599617571550390990,-84.00
2025-11-18 15:14:03.247359,599617571550390990,-108.00
2025-11-18 15:14:03.247359,599617571550390990,-120.00
2025-11-18 15:14:03.247359,599617571550390990,-125.00
2025-11-18 15:14:03.247359,599617571550390990,-130.00
2025-11-18 15:14:03.247359,599617571550390990,-134.00
2025-11-18 15:14:03.247359,599617571550390990,-134.00
2025-11-18 15:14:03.247359,599617571550390990,-130.00
2025-11-18 15:14:03.247359,599617571550390990,-125.00
2025-11-18 15:14:03.247359,599617571550390990,-118.00
2025-11-18 15:14:03.247359,599617571550390990,-115.00
2025-11-18 15:14:03.247359,599617571550390990,-113.00
2025-11-18 15:14:03.247359,599617571550390990,-108.00
2025-11-18 15:14:03.247359,599617571550390990,-101.00
2025-11-18 15:14:03.247359,599617571550390990,-98.00
2025-11-18 15:14:03.247359,599617571550390990,-93.00
2025-11-18 15:14:03.247359,599617571550390990,-89.00
2025-11-18 15:14:03.247359,599617571550390990,-84.00
2025-11-18 15:14:03.247359,599617571550390990,-81.00
2025-11-18 15:14:03.247359,599617571550390990,-79.00
2025-11-18 15:14:03.247359,599617571550390990,-77.00
2025-11-18 15:14:03.247359,599617571550390990,-72.00
2025-11-18 15:14:03.247359,599617571550390990,-67.00
2025-11-18 15:14:03.247359,599617571550390990,-72.00
2025-11-18 15:14:03.247359,599617571550390990,-72.00
2025-11-18 15:14:03.247359,599617571550390990,-69.00
2025-11-18 15:14:03.247359,599617571550390990,-72.00
2025-11-18 15:14:03.247359,599617571550390990,-72.00
2025-11-18 15:14:03.247359,599617571550390990,-67.00
2025-11-18 15:14:03.247359,599617571550390990,-67.00
2025-11-18 15:14:03.247359,599617571550390990,-69.00
2025-11-18 15:14:03.247359,599617571550390990,-65.00
2025-11-18 15:14:03.247359,599617571550390990,-60.00
2025-11-18 15:14:03.247359,599617571550390990,-65.00
2025-11-18 15:14:03.247359,599617571550390990,-67.00
2025-11-18 15:14:03.247359,599617571550390990,-67.00
2025-11-18 15:14:03.247359,599617571550390990,-62.00
2025-11-18 15:14:03.247359,599617571550390990,-60.00
2025-11-18 15:14:03.247359,599617571550390990,-57.00
2025-11-18 15:14:03.247359,599617571550390990,-55.00
2025-11-18 15:14:03.247359,599617571550390990,-55.00
2025-11-18 15:14:03.247359,599617571550390990,-52.00
2025-11-18 15:14:03.247359,599617571550390990,-45.00
2025-11-18 15:14:03.247359,599617571550390990,-45.00
2025-11-18 15:14:03.247359,599617571550390990,-48.00
2025-11-18 15:14:03.247359,599617571550390990,-45.00
2025-11-18 15:14:03.247359,599617571550390990,-40.00
2025-11-18 15:14:03.247359,599617571550390990,-33.00
2025-11-18 15:14:03.787215,599617572111072773,-24.00
2025-11-18 15:14:03.787215,599617572111072773,-9.00
2025-11-18 15:14:03.787215,599617572111072773,-4.00
2025-11-18 15:14:03.787215,599617572111072773,-14.00
2025-11-18 15:14:03.787215,599617572111072773,-26.00
2025-11-18 15:14:03.787215,599617572111072773,-28.00
2025-11-18 15:14:03.787215,599617572111072773,-26.00
2025-11-18 15:14:03.787215,599617572111072773,-26.00
2025-11-18 15:14:03.787215,599617572111072773,-31.00
2025-11-18 15:14:03.787215,599617572111072773,-36.00
2025-11-18 15:14:03.787215,599617572111072773,-38.00
2025-11-18 15:14:03.787215,599617572111072773,-36.00
2025-11-18 15:14:03.787215,599617572111072773,-36.00
2025-11-18 15:14:03.787215,599617572111072773,-38.00
2025-11-18 15:14:03.787215,599617572111072773,-38.00
2025-11-18 15:14:03.787215,599617572111072773,-38.00
2025-11-18 15:14:03.787215,599617572111072773,-43.00
2025-11-18 15:14:03.787215,599617572111072773,-57.00
2025-11-18 15:14:03.787215,599617572111072773,-55.00
2025-11-18 15:14:03.787215,599617572111072773,52.00
2025-11-18 15:14:03.787215,599617572111072773,284.00
2025-11-18 15:14:03.787215,599617572111072773,510.00
2025-11-18 15:14:03.787215,599617572111072773,476.00
2025-11-18 15:14:03.787215,599617572111072773,101.00
2025-11-18 15:14:03.787215,599617572111072773,-228.00
2025-11-18 15:14:03.787215,599617572111072773,-228.00
2025-11-18 15:14:03.787215,599617572111072773,-127.00
2025-11-18 15:14:03.787215,599617572111072773,-96.00
2025-11-18 15:14:03.787215,599617572111072773,-65.00
2025-11-18 15:14:03.787215,599617572111072773,-36.00
2025-11-18 15:14:03.787215,599617572111072773,-45.00
2025-11-18 15:14:03.787215,599617572111072773,-43.00
2025-11-18 15:14:03.787215,599617572111072773,-21.00
2025-11-18 15:14:03.787215,599617572111072773,-16.00
2025-11-18 15:14:03.787215,599617572111072773,-19.00
2025-11-18 15:14:03.787215,599617572111072773,-7.00
2025-11-18 15:14:03.787215,599617572111072773,0.00
2025-11-18 15:14:03.787215,599617572111072773,-2.00
2025-11-18 15:14:03.787215,599617572111072773,0.00
2025-11-18 15:14:03.787215,599617572111072773,7.00
2025-11-18 15:14:03.787215,599617572111072773,12.00
2025-11-18 15:14:03.787215,599617572111072773,16.00
2025-11-18 15:14:03.787215,599617572111072773,21.00
2025-11-18 15:14:03.787215,599617572111072773,26.00
2025-11-18 15:14:03.787215,599617572111072773,36.00
2025-11-18 15:14:03.787215,599617572111072773,45.00
2025-11-18 15:14:03.787215,599617572111072773,55.00
2025-11-18 15:14:03.787215,599617572111072773,67.00
2025-11-18 15:14:03.787215,599617572111072773,84.00
2025-11-18 15:14:03.787215,599617572111072773,98.00
2025-11-18 15:14:03.787215,599617572111072773,113.00
2025-11-18 15:14:03.787215,599617572111072773,125.00
2025-11-18 15:14:03.787215,599617572111072773,139.00
2025-11-18 15:14:03.787215,599617572111072773,154.00
2025-11-18 15:14:03.787215,599617572111072773,156.00
2025-11-18 15:14:03.787215,599617572111072773,149.00
2025-11-18 15:14:03.787215,599617572111072773,144.00
2025-11-18 15:14:03.787215,599617572111072773,132.00
2025-11-18 15:14:03.787215,599617572111072773,103.00
2025-11-18 15:14:03.787215,599617572111072773,67.00
2025-11-18 15:14:03.787215,599617572111072773,26.00
2025-11-18 15:14:03.787215,599617572111072773,-14.00
2025-11-18 15:14:03.787215,599617572111072773,-52.00
2025-11-18 15:14:03.787215,599617572111072773,-81.00
2025-11-18 15:14:03.787215,599617572111072773,-101.00
2025-11-18 15:14:03.787215,599617572111072773,-113.00
2025-11-18 15:14:03.787215,599617572111072773,-122.00
2025-11-18 15:14:03.787215,599617572111072773,-130.00
2025-11-18 15:14:03.787215,599617572111072773,-130.00
2025-11-18 15:14:03.787215,599617572111072773,-132.00
2025-11-18 15:14:03.787215,599617572111072773,-132.00
2025-11-18 15:14:03.787215,599617572111072773,-127.00
2025-11-18 15:14:03.787215,599617572111072773,-125.00
2025-11-18 15:14:04.328131,599617572671785072,-120.00
2025-11-18 15:14:04.328131,599617572671785072,-115.00
2025-11-18 15:14:04.328131,599617572671785072,-113.00
2025-11-18 15:14:04.328131,599617572671785072,-108.00
2025-11-18 15:14:04.328131,599617572671785072,-101.00
2025-11-18 15:14:04.328131,599617572671785072,-93.00
2025-11-18 15:14:04.328131,599617572671785072,-89.00
2025-11-18 15:14:04.328131,599617572671785072,-86.00
2025-11-18 15:14:04.328131,599617572671785072,-81.00
2025-11-18 15:14:04.328131,599617572671785072,-79.00
2025-11-18 15:14:04.328131,599617572671785072,-81.00
2025-11-18 15:14:04.328131,599617572671785072,-79.00
2025-11-18 15:14:04.328131,599617572671785072,-77.00
2025-11-18 15:14:04.328131,599617572671785072,-74.00
2025-11-18 15:14:04.328131,599617572671785072,-77.00
2025-11-18 15:14:04.328131,599617572671785072,-77.00
2025-11-18 15:14:04.328131,599617572671785072,-74.00
2025-11-18 15:14:04.328131,599617572671785072,-74.00
2025-11-18 15:14:04.328131,599617572671785072,-79.00
2025-11-18 15:14:04.328131,599617572671785072,-74.00
2025-11-18 15:14:04.328131,599617572671785072,-67.00
2025-11-18 15:14:04.328131,599617572671785072,-69.00
2025-11-18 15:14:04.328131,599617572671785072,-77.00
2025-11-18 15:14:04.328131,599617572671785072,-79.00
2025-11-18 15:14:04.328131,599617572671785072,-81.00
2025-11-18 15:14:04.328131,599617572671785072,-84.00
2025-11-18 15:14:04.328131,599617572671785072,-86.00
2025-11-18 15:14:04.328131,599617572671785072,-86.00
2025-11-18 15:14:04.328131,599617572671785072,-89.00
2025-11-18 15:14:04.328131,599617572671785072,-93.00
2025-11-18 15:14:04.328131,599617572671785072,-91.00
2025-11-18 15:14:04.328131,599617572671785072,-86.00
2025-11-18 15:14:04.328131,599617572671785072,-86.00
2025-11-18 15:14:04.328131,599617572671785072,-89.00
2025-11-18 15:14:04.328131,599617572671785072,-86.00
2025-11-18 15:14:04.328131,599617572671785072,-86.00
2025-11-18 15:14:04.328131,599617572671785072,-96.00
2025-11-18 15:14:04.328131,599617572671785072,-98.00
2025-11-18 15:14:04.328131,599617572671785072,-91.00
2025-11-18 15:14:04.328131,599617572671785072,-89.00
2025-11-18 15:14:04.328131,599617572671785072,-93.00
2025-11-18 15:14:04.328131,599617572671785072,-96.00
2025-11-18 15:14:04.328131,599617572671785072,-89.00
2025-11-18 15:14:04.328131,599617572671785072,-84.00
2025-11-18 15:14:04.328131,599617572671785072,-77.00
2025-11-18 15:14:04.328131,599617572671785072,-60.00
2025-11-18 15:14:04.328131,599617572671785072,-45.00
2025-11-18 15:14:04.328131,599617572671785072,-48.00
2025-11-18 15:14:04.328131,599617572671785072,-62.00
2025-11-18 15:14:04.328131,599617572671785072,-69.00
2025-11-18 15:14:04.328131,599617572671785072,-72.00
2025-11-18 15:14:04.328131,599617572671785072,-79.00
2025-11-18 15:14:04.328131,599617572671785072,-84.00
2025-11-18 15:14:04.328131,599617572671785072,-86.00
2025-11-18 15:14:04.328131,599617572671785072,-89.00
2025-11-18 15:14:04.328131,599617572671785072,-91.00
2025-11-18 15:14:04.328131,599617572671785072,-91.00
2025-11-18 15:14:04.328131,599617572671785072,-91.00
2025-11-18 15:14:04.328131,599617572671785072,-89.00
2025-11-18 15:14:04.328131,599617572671785072,-86.00
2025-11-18 15:14:04.328131,599617572671785072,-91.00
2025-11-18 15:14:04.328131,599617572671785072,-96.00
2025-11-18 15:14:04.328131,599617572671785072,-110.00
2025-11-18 15:14:04.328131,599617572671785072,-84.00
2025-11-18 15:14:04.328131,599617572671785072,67.00
2025-11-18 15:14:04.328131,599617572671785072,310.00
2025-11-18 15:14:04.328131,599617572671785072,469.00
2025-11-18 15:14:04.328131,599617572671785072,310.00
2025-11-18 15:14:04.328131,599617572671785072,-101.00
2025-11-18 15:14:04.328131,599617572671785072,-313.00
2025-11-18 15:14:04.328131,599617572671785072,-236.00
2025-11-18 15:14:04.328131,599617572671785072,-163.00
2025-11-18 15:14:04.328131,599617572671785072,-137.00
2025-11-18 15:14:04.896394,599617573232451595,-93.00
2025-11-18 15:14:04.896394,599617573232451595,-79.00
2025-11-18 15:14:04.896394,599617573232451595,-89.00
2025-11-18 15:14:04.896394,599617573232451595,-74.00
2025-11-18 15:14:04.896394,599617573232451595,-60.00
2025-11-18 15:14:04.896394,599617573232451595,-57.00
2025-11-18 15:14:04.896394,599617573232451595,-55.00
2025-11-18 15:14:04.896394,599617573232451595,-50.00
2025-11-18 15:14:04.896394,599617573232451595,-40.00
2025-11-18 15:14:04.896394,599617573232451595,-31.00
2025-11-18 15:14:04.896394,599617573232451595,-31.00
2025-11-18 15:14:04.896394,599617573232451595,-28.00
2025-11-18 15:14:04.896394,599617573232451595,-21.00
2025-11-18 15:14:04.896394,599617573232451595,-14.00
2025-11-18 15:14:04.896394,599617573232451595,-9.00
2025-11-18 15:14:04.896394,599617573232451595,-2.00
2025-11-18 15:14:04.896394,599617573232451595,9.00
2025-11-18 15:14:04.896394,599617573232451595,21.00
2025-11-18 15:14:04.896394,599617573232451595,28.00
2025-11-18 15:14:04.896394,599617573232451595,38.00
2025-11-18 15:14:04.896394,599617573232451595,52.00
2025-11-18 15:14:04.896394,599617573232451595,67.00
2025-11-18 15:14:04.896394,599617573232451595,79.00
2025-11-18 15:14:04.896394,599617573232451595,91.00
2025-11-18 15:14:04.896394,599617573232451595,105.00
2025-11-18 15:14:04.896394,599617573232451595,118.00
2025-11-18 15:14:04.896394,599617573232451595,122.00
2025-11-18 15:14:04.896394,599617573232451595,122.00
2025-11-18 15:14:04.896394,599617573232451595,120.00
2025-11-18 15:14:04.896394,599617573232451595,105.00
2025-11-18 15:14:04.896394,599617573232451595,79.00
2025-11-18 15:14:04.896394,599617573232451595,43.00
2025-11-18 15:14:04.896394,599617573232451595,4.00
2025-11-18 15:14:04.896394,599617573232451595,-31.00
2025-11-18 15:14:04.896394,599617573232451595,-65.00
2025-11-18 15:14:04.896394,599617573232451595,-93.00
2025-11-18 15:14:04.896394,599617573232451595,-115.00
2025-11-18 15:14:04.896394,599617573232451595,-134.00
2025-11-18 15:14:04.896394,599617573232451595,-146.00
2025-11-18 15:14:04.896394,599617573232451595,-144.00
2025-11-18 15:14:04.896394,599617573232451595,-139.00
2025-11-18 15:14:04.896394,599617573232451595,-144.00
2025-11-18 15:14:04.896394,599617573232451595,-144.00
2025-11-18 15:14:04.896394,599617573232451595,-139.00
2025-11-18 15:14:04.896394,599617573232451595,-134.00
2025-11-18 15:14:04.896394,599617573232451595,-127.00
2025-11-18 15:14:04.896394,599617573232451595,-120.00
2025-11-18 15:14:04.896394,599617573232451595,-115.00
2025-11-18 15:14:04.896394,599617573232451595,-118.00
2025-11-18 15:14:04.896394,599617573232451595,-115.00
2025-11-18 15:14:04.896394,599617573232451595,-108.00
2025-11-18 15:14:04.896394,599617573232451595,-103.00
2025-11-18 15:14:04.896394,599617573232451595,-101.00
2025-11-18 15:14:04.896394,599617573232451595,-98.00
2025-11-18 15:14:04.896394,599617573232451595,-96.00
2025-11-18 15:14:04.896394,599617573232451595,-96.00
2025-11-18 15:14:04.896394,599617573232451595,-96.00
2025-11-18 15:14:04.896394,599617573232451595,-96.00
2025-11-18 15:14:04.896394,599617573232451595,-91.00
2025-11-18 15:14:04.896394,599617573232451595,-91.00
2025-11-18 15:14:04.896394,599617573232451595,-91.00
2025-11-18 15:14:04.896394,599617573232451595,-93.00
2025-11-18 15:14:04.896394,599617573232451595,-93.00
2025-11-18 15:14:04.896394,599617573232451595,-91.00
2025-11-18 15:14:04.896394,599617573232451595,-91.00
2025-11-18 15:14:04.896394,599617573232451595,-91.00
2025-11-18 15:14:04.896394,599617573232451595,-91.00
2025-11-18 15:14:04.896394,599617573232451595,-91.00
2025-11-18 15:14:04.896394,599617573232451595,-96.00
2025-11-18 15:14:04.896394,599617573232451595,-96.00
2025-11-18 15:14:04.896394,599617573232451595,-89.00
2025-11-18 15:14:04.896394,599617573232451595,-86.00
2025-11-18 15:14:04.896394,599617573232451595,-93.00
2025-11-18 15:14:05.439680,599617573793148636,-91.00
2025-11-18 15:14:05.439680,599617573793148636,-86.00
2025-11-18 15:14:05.439680,599617573793148636,-81.00
2025-11-18 15:14:05.439680,599617573793148636,-79.00
2025-11-18 15:14:05.439680,599617573793148636,-79.00
2025-11-18 15:14:05.439680,599617573793148636,-79.00
2025-11-18 15:14:05.439680,599617573793148636,-77.00
2025-11-18 15:14:05.439680,599617573793148636,-77.00
2025-11-18 15:14:05.439680,599617573793148636,-81.00
2025-11-18 15:14:05.439680,599617573793148636,-84.00
2025-11-18 15:14:05.439680,599617573793148636,-81.00
2025-11-18 15:14:05.439680,599617573793148636,-81.00
2025-11-18 15:14:05.439680,599617573793148636,-84.00
2025-11-18 15:14:05.439680,599617573793148636,-79.00
2025-11-18 15:14:05.439680,599617573793148636,-74.00
2025-11-18 15:14:05.439680,599617573793148636,-74.00
2025-11-18 15:14:05.439680,599617573793148636,-65.00
2025-11-18 15:14:05.439680,599617573793148636,-55.00
2025-11-18 15:14:05.439680,599617573793148636,-43.00
2025-11-18 15:14:05.439680,599617573793148636,-36.00
2025-11-18 15:14:05.439680,599617573793148636,-38.00
2025-11-18 15:14:05.439680,599617573793148636,-45.00
2025-11-18 15:14:05.439680,599617573793148636,-60.00
2025-11-18 15:14:05.439680,599617573793148636,-77.00
2025-11-18 15:14:05.439680,599617573793148636,-77.00
2025-11-18 15:14:05.439680,599617573793148636,-74.00
2025-11-18 15:14:05.439680,599617573793148636,-74.00
2025-11-18 15:14:05.439680,599617573793148636,-72.00
2025-11-18 15:14:05.439680,599617573793148636,-69.00
2025-11-18 15:14:05.439680,599617573793148636,-77.00
2025-11-18 15:14:05.439680,599617573793148636,-84.00
2025-11-18 15:14:05.439680,599617573793148636,-79.00
2025-11-18 15:14:05.439680,599617573793148636,-77.00
2025-11-18 15:14:05.439680,599617573793148636,-79.00
2025-11-18 15:14:05.439680,599617573793148636,-89.00
2025-11-18 15:14:05.439680,599617573793148636,-98.00
2025-11-18 15:14:05.439680,599617573793148636,-31.00
2025-11-18 15:14:05.439680,599617573793148636,175.00
2025-11-18 15:14:05.439680,599617573793148636,423.00
2025-11-18 15:14:05.439680,599617573793148636,450.00
2025-11-18 15:14:05.439680,599617573793148636,84.00
2025-11-18 15:14:05.439680,599617573793148636,-327.00
2025-11-18 15:14:05.439680,599617573793148636,-361.00
2025-11-18 15:14:05.439680,599617573793148636,-224.00
2025-11-18 15:14:05.439680,599617573793148636,-175.00
2025-11-18 15:14:05.439680,599617573793148636,-130.00
2025-11-18 15:14:05.439680,599617573793148636,-72.00
2025-11-18 15:14:05.439680,599617573793148636,-72.00
2025-11-18 15:14:05.439680,599617573793148636,-81.00
2025-11-18 15:14:05.439680,599617573793148636,-62.00
2025-11-18 15:14:05.439680,599617573793148636,-50.00
2025-11-18 15:14:05.439680,599617573793148636,-57.00
2025-11-18 15:14:05.439680,599617573793148636,-62.00
2025-11-18 15:14:05.439680,599617573793148636,-45.00
2025-11-18 15:14:05.439680,599617573793148636,-26.00
2025-11-18 15:14:05.439680,599617573793148636,-28.00
2025-11-18 15:14:05.439680,599617573793148636,-38.00
2025-11-18 15:14:05.439680,599617573793148636,-28.00
2025-11-18 15:14:05.439680,599617573793148636,-14.00
2025-11-18 15:14:05.439680,599617573793148636,-7.00
2025-11-18 15:14:05.439680,599617573793148636,-4.00
2025-11-18 15:14:05.439680,599617573793148636,0.00
2025-11-18 15:14:05.439680,599617573793148636,4.00
2025-11-18 15:14:05.439680,599617573793148636,14.00
2025-11-18 15:14:05.439680,599617573793148636,24.00
2025-11-18 15:14:05.439680,599617573793148636,31.00
2025-11-18 15:14:05.439680,599617573793148636,45.00
2025-11-18 15:14:05.439680,599617573793148636,60.00
2025-11-18 15:14:05.439680,599617573793148636,77.00
2025-11-18 15:14:05.439680,599617573793148636,89.00
2025-11-18 15:14:05.439680,599617573793148636,91.00
2025-11-18 15:14:05.439680,599617573793148636,103.00
2025-11-18 15:14:05.439680,599617573793148636,118.00
2025-11-18 15:14:06.068336,599617574353845679,113.00
2025-11-18 15:14:06.068336,599617574353845679,93.00
2025-11-18 15:14:06.068336,599617574353845679,74.00
2025-11-18 15:14:06.068336,599617574353845679,50.00
2025-11-18 15:14:06.068336,599617574353845679,14.00
2025-11-18 15:14:06.068336,599617574353845679,-28.00
2025-11-18 15:14:06.068336,599617574353845679,-72.00
2025-11-18 15:14:06.068336,599617574353845679,-110.00
2025-11-18 15:14:06.068336,599617574353845679,-134.00
2025-11-18 15:14:06.068336,599617574353845679,-149.00
2025-11-18 15:14:06.068336,599617574353845679,-161.00
2025-11-18 15:14:06.068336,599617574353845679,-166.00
2025-11-18 15:14:06.068336,599617574353845679,-163.00
2025-11-18 15:14:06.068336,599617574353845679,-168.00
2025-11-18 15:14:06.068336,599617574353845679,-163.00
2025-11-18 15:14:06.068336,599617574353845679,-146.00
2025-11-18 15:14:06.068336,599617574353845679,-139.00
2025-11-18 15:14:06.068336,599617574353845679,-139.00
2025-11-18 15:14:06.068336,599617574353845679,-132.00
2025-11-18 15:14:06.068336,599617574353845679,-125.00
2025-11-18 15:14:06.068336,599617574353845679,-127.00
2025-11-18 15:14:06.068336,599617574353845679,-120.00
2025-11-18 15:14:06.068336,599617574353845679,-105.00
2025-11-18 15:14:06.068336,599617574353845679,-98.00
2025-11-18 15:14:06.068336,599617574353845679,-103.00
2025-11-18 15:14:06.068336,599617574353845679,-108.00
2025-11-18 15:14:06.068336,599617574353845679,-103.00
2025-11-18 15:14:06.068336,599617574353845679,-91.00
2025-11-18 15:14:06.068336,599617574353845679,-89.00
2025-11-18 15:14:06.068336,599617574353845679,-98.00
2025-11-18 15:14:06.068336,599617574353845679,-96.00
2025-11-18 15:14:06.068336,599617574353845679,-89.00
2025-11-18 15:14:06.068336,599617574353845679,-86.00
2025-11-18 15:14:06.068336,599617574353845679,-86.00
2025-11-18 15:14:06.068336,599617574353845679,-84.00
2025-11-18 15:14:06.068336,599617574353845679,-86.00
2025-11-18 15:14:06.068336,599617574353845679,-84.00
2025-11-18 15:14:06.068336,599617574353845679,-79.00
2025-11-18 15:14:06.068336,599617574353845679,-79.00
2025-11-18 15:14:06.068336,599617574353845679,-77.00
2025-11-18 15:14:06.068336,599617574353845679,-77.00
2025-11-18 15:14:06.068336,599617574353845679,-77.00
2025-11-18 15:14:06.068336,599617574353845679,-74.00
2025-11-18 15:14:06.068336,599617574353845679,-65.00
2025-11-18 15:14:06.068336,599617574353845679,-60.00
2025-11-18 15:14:06.068336,599617574353845679,-72.00
2025-11-18 15:14:06.068336,599617574353845679,-62.00
2025-11-18 15:14:06.068336,599617574353845679,-45.00
2025-11-18 15:14:06.068336,599617574353845679,-55.00
2025-11-18 15:14:06.068336,599617574353845679,-60.00
2025-11-18 15:14:06.068336,599617574353845679,-43.00
2025-11-18 15:14:06.068336,599617574353845679,-31.00
2025-11-18 15:14:06.068336,599617574353845679,-16.00
2025-11-18 15:14:06.068336,599617574353845679,-14.00
2025-11-18 15:14:06.068336,599617574353845679,-26.00
2025-11-18 15:14:06.068336,599617574353845679,-31.00
2025-11-18 15:14:06.068336,599617574353845679,-33.00
2025-11-18 15:14:06.068336,599617574353845679,-40.00
2025-11-18 15:14:06.068336,599617574353845679,-45.00
2025-11-18 15:14:06.068336,599617574353845679,-43.00
2025-11-18 15:14:06.068336,599617574353845679,-40.00
2025-11-18 15:14:06.068336,599617574353845679,-36.00
2025-11-18 15:14:06.068336,599617574353845679,-38.00
2025-11-18 15:14:06.068336,599617574353845679,-45.00
2025-11-18 15:14:06.068336,599617574353845679,-43.00
2025-11-18 15:14:06.068336,599617574353845679,-48.00
2025-11-18 15:14:06.068336,599617574353845679,-48.00
2025-11-18 15:14:06.068336,599617574353845679,-50.00
2025-11-18 15:14:06.068336,599617574353845679,-65.00
2025-11-18 15:14:06.068336,599617574353845679,-38.00
2025-11-18 15:14:06.068336,599617574353845679,122.00
2025-11-18 15:14:06.068336,599617574353845679,383.00
2025-11-18 15:14:06.068336,599617574353845679,537.00
2025-11-18 15:14:06.607192,599617574914542720,298.00
2025-11-18 15:14:06.607192,599617574914542720,-202.00
2025-11-18 15:14:06.607192,599617574914542720,-395.00
2025-11-18 15:14:06.607192,599617574914542720,-250.00
2025-11-18 15:14:06.607192,599617574914542720,-166.00
2025-11-18 15:14:06.607192,599617574914542720,-125.00
2025-11-18 15:14:06.607192,599617574914542720,-38.00
2025-11-18 15:14:06.607192,599617574914542720,-16.00
2025-11-18 15:14:06.607192,599617574914542720,-45.00
2025-11-18 15:14:06.607192,599617574914542720,-26.00
2025-11-18 15:14:06.607192,599617574914542720,2.00
2025-11-18 15:14:06.607192,599617574914542720,-4.00
2025-11-18 15:14:06.607192,599617574914542720,-4.00
2025-11-18 15:14:06.607192,599617574914542720,12.00
2025-11-18 15:14:06.607192,599617574914542720,21.00
2025-11-18 15:14:06.607192,599617574914542720,19.00
2025-11-18 15:14:06.607192,599617574914542720,19.00
2025-11-18 15:14:06.607192,599617574914542720,28.00
2025-11-18 15:14:06.607192,599617574914542720,38.00
2025-11-18 15:14:06.607192,599617574914542720,33.00
2025-11-18 15:14:06.607192,599617574914542720,33.00
2025-11-18 15:14:06.607192,599617574914542720,48.00
2025-11-18 15:14:06.607192,599617574914542720,62.00
2025-11-18 15:14:06.607192,599617574914542720,62.00
2025-11-18 15:14:06.607192,599617574914542720,65.00
2025-11-18 15:14:06.607192,599617574914542720,89.00
2025-11-18 15:14:06.607192,599617574914542720,105.00
2025-11-18 15:14:06.607192,599617574914542720,110.00
2025-11-18 15:14:06.607192,599617574914542720,120.00
2025-11-18 15:14:06.607192,599617574914542720,139.00
2025-11-18 15:14:06.607192,599617574914542720,163.00
2025-11-18 15:14:06.607192,599617574914542720,168.00
2025-11-18 15:14:06.607192,599617574914542720,156.00
2025-11-18 15:14:06.607192,599617574914542720,158.00
2025-11-18 15:14:06.607192,599617574914542720,166.00
2025-11-18 15:14:06.607192,599617574914542720,139.00
2025-11-18 15:14:06.607192,599617574914542720,93.00
2025-11-18 15:14:06.607192,599617574914542720,57.00
2025-11-18 15:14:06.607192,599617574914542720,26.00
2025-11-18 15:14:06.607192,599617574914542720,-14.00
2025-11-18 15:14:06.607192,599617574914542720,-50.00
2025-11-18 15:14:06.607192,599617574914542720,-74.00
2025-11-18 15:14:06.607192,599617574914542720,-89.00
2025-11-18 15:14:06.607192,599617574914542720,-96.00
2025-11-18 15:14:06.607192,599617574914542720,-108.00
2025-11-18 15:14:06.607192,599617574914542720,-113.00
2025-11-18 15:14:06.607192,599617574914542720,-105.00
2025-11-18 15:14:06.607192,599617574914542720,-101.00
2025-11-18 15:14:06.607192,599617574914542720,-110.00
2025-11-18 15:14:06.607192,599617574914542720,-115.00
2025-11-18 15:14:06.607192,599617574914542720,-101.00
2025-11-18 15:14:06.607192,599617574914542720,-84.00
2025-11-18 15:14:06.607192,599617574914542720,-81.00
2025-11-18 15:14:06.607192,599617574914542720,-79.00
2025-11-18 15:14:06.607192,599617574914542720,-69.00
2025-11-18 15:14:06.607192,599617574914542720,-69.00
2025-11-18 15:14:06.607192,599617574914542720,-67.00
2025-11-18 15:14:06.607192,599617574914542720,-57.00
2025-11-18 15:14:06.607192,599617574914542720,-55.00
2025-11-18 15:14:06.607192,599617574914542720,-62.00
2025-11-18 15:14:06.607192,599617574914542720,-57.00
2025-11-18 15:14:06.607192,599617574914542720,-52.00
2025-11-18 15:14:06.607192,599617574914542720,-62.00
2025-11-18 15:14:06.607192,599617574914542720,-62.00
2025-11-18 15:14:06.607192,599617574914542720,-57.00
2025-11-18 15:14:06.607192,599617574914542720,-62.00
2025-11-18 15:14:06.607192,599617574914542720,-69.00
2025-11-18 15:14:06.607192,599617574914542720,-62.00
2025-11-18 15:14:06.607192,599617574914542720,-60.00
2025-11-18 15:14:06.607192,599617574914542720,-57.00
2025-11-18 15:14:06.607192,599617574914542720,-57.00
2025-11-18 15:14:06.607192,599617574914542720,-55.00
2025-11-18 15:14:06.607192,599617574914542720,-52.00
2025-11-18 15:14:07.146219,599617575475239761,-57.00
2025-11-18 15:14:07.146219,599617575475239761,-52.00
2025-11-18 15:14:07.146219,599617575475239761,-48.00
2025-11-18 15:14:07.146219,599617575475239761,-52.00
2025-11-18 15:14:07.146219,599617575475239761,-50.00
2025-11-18 15:14:07.146219,599617575475239761,-50.00
2025-11-18 15:14:07.146219,599617575475239761,-52.00
2025-11-18 15:14:07.146219,599617575475239761,-52.00
2025-11-18 15:14:07.146219,599617575475239761,-45.00
2025-11-18 15:14:07.146219,599617575475239761,-43.00
2025-11-18 15:14:07.146219,599617575475239761,-45.00
2025-11-18 15:14:07.146219,599617575475239761,-33.00
2025-11-18 15:14:07.146219,599617575475239761,-12.00
2025-11-18 15:14:07.146219,599617575475239761,-4.00
2025-11-18 15:14:07.146219,599617575475239761,-12.00
2025-11-18 15:14:07.146219,599617575475239761,-14.00
2025-11-18 15:14:07.146219,599617575475239761,-14.00
2025-11-18 15:14:07.146219,599617575475239761,-16.00
2025-11-18 15:14:07.146219,599617575475239761,-28.00
2025-11-18 15:14:07.146219,599617575475239761,-45.00
2025-11-18 15:14:07.146219,599617575475239761,-48.00
2025-11-18 15:14:07.146219,599617575475239761,-38.00
2025-11-18 15:14:07.146219,599617575475239761,-40.00
2025-11-18 15:14:07.146219,599617575475239761,-45.00
2025-11-18 15:14:07.146219,599617575475239761,-38.00
2025-11-18 15:14:07.146219,599617575475239761,-40.00
2025-11-18 15:14:07.146219,599617575475239761,-45.00
2025-11-18 15:14:07.146219,599617575475239761,-36.00
2025-11-18 15:14:07.146219,599617575475239761,-36.00
2025-11-18 15:14:07.146219,599617575475239761,-60.00
2025-11-18 15:14:07.146219,599617575475239761,-33.00
2025-11-18 15:14:07.146219,599617575475239761,122.00
2025-11-18 15:14:07.146219,599617575475239761,378.00
2025-11-18 15:14:07.146219,599617575475239761,549.00
2025-11-18 15:14:07.146219,599617575475239761,342.00
2025-11-18 15:14:07.146219,599617575475239761,-149.00
2025-11-18 15:14:07.146219,599617575475239761,-363.00
2025-11-18 15:14:07.146219,599617575475239761,-228.00
2025-11-18 15:14:07.146219,599617575475239761,-139.00
2025-11-18 15:14:07.146219,599617575475239761,-118.00
2025-11-18 15:14:07.146219,599617575475239761,-52.00
2025-11-18 15:14:07.146219,599617575475239761,-21.00
2025-11-18 15:14:07.146219,599617575475239761,-40.00
2025-11-18 15:14:07.146219,599617575475239761,-33.00
2025-11-18 15:14:07.146219,599617575475239761,-9.00
2025-11-18 15:14:07.146219,599617575475239761,-4.00
2025-11-18 15:14:07.146219,599617575475239761,-4.00
2025-11-18 15:14:07.146219,599617575475239761,4.00
2025-11-18 15:14:07.146219,599617575475239761,9.00
2025-11-18 15:14:07.146219,599617575475239761,7.00
2025-11-18 15:14:07.146219,599617575475239761,12.00
2025-11-18 15:14:07.146219,599617575475239761,24.00
2025-11-18 15:14:07.146219,599617575475239761,31.00
2025-11-18 15:14:07.146219,599617575475239761,33.00
2025-11-18 15:14:07.146219,599617575475239761,43.00
2025-11-18 15:14:07.146219,599617575475239761,57.00
2025-11-18 15:14:07.146219,599617575475239761,65.00
2025-11-18 15:14:07.146219,599617575475239761,67.00
2025-11-18 15:14:07.146219,599617575475239761,79.00
2025-11-18 15:14:07.146219,599617575475239761,91.00
2025-11-18 15:14:07.146219,599617575475239761,105.00
2025-11-18 15:14:07.146219,599617575475239761,122.00
2025-11-18 15:14:07.146219,599617575475239761,137.00
2025-11-18 15:14:07.146219,599617575475239761,144.00
2025-11-18 15:14:07.146219,599617575475239761,154.00
2025-11-18 15:14:07.146219,599617575475239761,168.00
2025-11-18 15:14:07.146219,599617575475239761,178.00
2025-11-18 15:14:07.146219,599617575475239761,171.00
2025-11-18 15:14:07.146219,599617575475239761,161.00
2025-11-18 15:14:07.146219,599617575475239761,144.00
2025-11-18 15:14:07.146219,599617575475239761,118.00
2025-11-18 15:14:07.146219,599617575475239761,79.00
2025-11-18 15:14:07.146219,599617575475239761,36.00
2025-11-18 15:14:07.719154,599617576035936802,0.00
2025-11-18 15:14:07.719154,599617576035936802,-26.00
2025-11-18 15:14:07.719154,599617576035936802,-52.00
2025-11-18 15:14:07.719154,599617576035936802,-77.00
2025-11-18 15:14:07.719154,599617576035936802,-89.00
2025-11-18 15:14:07.719154,599617576035936802,-96.00
2025-11-18 15:14:07.719154,599617576035936802,-103.00
2025-11-18 15:14:07.719154,599617576035936802,-103.00
2025-11-18 15:14:07.719154,599617576035936802,-101.00
2025-11-18 15:14:07.719154,599617576035936802,-96.00
2025-11-18 15:14:07.719154,599617576035936802,-91.00
2025-11-18 15:14:07.719154,599617576035936802,-81.00
2025-11-18 15:14:07.719154,599617576035936802,-72.00
2025-11-18 15:14:07.719154,599617576035936802,-69.00
2025-11-18 15:14:07.719154,599617576035936802,-67.00
2025-11-18 15:14:07.719154,599617576035936802,-57.00
2025-11-18 15:14:07.719154,599617576035936802,-50.00
2025-11-18 15:14:07.719154,599617576035936802,-48.00
2025-11-18 15:14:07.719154,599617576035936802,-45.00
2025-11-18 15:14:07.719154,599617576035936802,-43.00
2025-11-18 15:14:07.719154,599617576035936802,-43.00
2025-11-18 15:14:07.719154,599617576035936802,-40.00
2025-11-18 15:14:07.719154,599617576035936802,-36.00
2025-11-18 15:14:07.719154,599617576035936802,-38.00
2025-11-18 15:14:07.719154,599617576035936802,-40.00
2025-11-18 15:14:07.719154,599617576035936802,-38.00
2025-11-18 15:14:07.719154,599617576035936802,-33.00
2025-11-18 15:14:07.719154,599617576035936802,-31.00
2025-11-18 15:14:07.719154,599617576035936802,-31.00
2025-11-18 15:14:07.719154,599617576035936802,-31.00
2025-11-18 15:14:07.719154,599617576035936802,-31.00
2025-11-18 15:14:07.719154,599617576035936802,-33.00
2025-11-18 15:14:07.719154,599617576035936802,-31.00
2025-11-18 15:14:07.719154,599617576035936802,-31.00
2025-11-18 15:14:07.719154,599617576035936802,-36.00
2025-11-18 15:14:07.719154,599617576035936802,-31.00
2025-11-18 15:14:07.719154,599617576035936802,-26.00
2025-11-18 15:14:07.719154,599617576035936802,-31.00
2025-11-18 15:14:07.719154,599617576035936802,-31.00
2025-11-18 15:14:07.719154,599617576035936802,-26.00
2025-11-18 15:14:07.719154,599617576035936802,-28.00
2025-11-18 15:14:07.719154,599617576035936802,-28.00
2025-11-18 15:14:07.719154,599617576035936802,-24.00
2025-11-18 15:14:07.719154,599617576035936802,-14.00
2025-11-18 15:14:07.719154,599617576035936802,-14.00
2025-11-18 15:14:07.719154,599617576035936802,-19.00
2025-11-18 15:14:07.719154,599617576035936802,-19.00
2025-11-18 15:14:07.719154,599617576035936802,-14.00
2025-11-18 15:14:07.719154,599617576035936802,-14.00
2025-11-18 15:14:07.719154,599617576035936802,-19.00
2025-11-18 15:14:07.719154,599617576035936802,-21.00
2025-11-18 15:14:07.719154,599617576035936802,-14.00
2025-11-18 15:14:07.719154,599617576035936802,-9.00
2025-11-18 15:14:07.719154,599617576035936802,2.00
2025-11-18 15:14:07.719154,599617576035936802,19.00
2025-11-18 15:14:07.719154,599617576035936802,26.00
2025-11-18 15:14:07.719154,599617576035936802,19.00
2025-11-18 15:14:07.719154,599617576035936802,9.00
2025-11-18 15:14:07.719154,599617576035936802,0.00
2025-11-18 15:14:07.719154,599617576035936802,0.00
2025-11-18 15:14:07.719154,599617576035936802,0.00
2025-11-18 15:14:07.719154,599617576035936802,-9.00
2025-11-18 15:14:07.719154,599617576035936802,-14.00
2025-11-18 15:14:07.719154,599617576035936802,-12.00
2025-11-18 15:14:07.719154,599617576035936802,-9.00
2025-11-18 15:14:07.719154,599617576035936802,-14.00
2025-11-18 15:14:07.719154,599617576035936802,-19.00
2025-11-18 15:14:07.719154,599617576035936802,-16.00
2025-11-18 15:14:07.719154,599617576035936802,-14.00
2025-11-18 15:14:07.719154,599617576035936802,-21.00
2025-11-18 15:14:07.719154,599617576035936802,-43.00
2025-11-18 15:14:07.719154,599617576035936802,-40.00
2025-11-18 15:14:07.719154,599617576035936802,96.00
2025-11-18 15:14:08.289287,599617576596633843,375.00
2025-11-18 15:14:08.289287,599617576596633843,640.00
2025-11-18 15:14:08.289287,599617576596633843,594.00
2025-11-18 15:14:08.289287,599617576596633843,163.00
2025-11-18 15:14:08.289287,599617576596633843,-195.00
2025-11-18 15:14:08.289287,599617576596633843,-185.00
2025-11-18 15:14:08.289287,599617576596633843,-103.00
2025-11-18 15:14:08.289287,599617576596633843,-105.00
2025-11-18 15:14:08.289287,599617576596633843,-77.00
2025-11-18 15:14:08.289287,599617576596633843,-40.00
2025-11-18 15:14:08.289287,599617576596633843,-52.00
2025-11-18 15:14:08.289287,599617576596633843,-48.00
2025-11-18 15:14:08.289287,599617576596633843,-26.00
2025-11-18 15:14:08.289287,599617576596633843,-21.00
2025-11-18 15:14:08.289287,599617576596633843,-19.00
2025-11-18 15:14:08.289287,599617576596633843,-7.00
2025-11-18 15:14:08.289287,599617576596633843,0.00
2025-11-18 15:14:08.289287,599617576596633843,-4.00
2025-11-18 15:14:08.289287,599617576596633843,-7.00
2025-11-18 15:14:08.289287,599617576596633843,2.00
2025-11-18 15:14:08.289287,599617576596633843,9.00
2025-11-18 15:14:08.289287,599617576596633843,19.00
2025-11-18 15:14:08.289287,599617576596633843,28.00
2025-11-18 15:14:08.289287,599617576596633843,33.00
2025-11-18 15:14:08.289287,599617576596633843,38.00
2025-11-18 15:14:08.289287,599617576596633843,50.00
2025-11-18 15:14:08.289287,599617576596633843,60.00
2025-11-18 15:14:08.289287,599617576596633843,69.00
2025-11-18 15:14:08.289287,599617576596633843,81.00
2025-11-18 15:14:08.289287,599617576596633843,93.00
2025-11-18 15:14:08.289287,599617576596633843,108.00
2025-11-18 15:14:08.289287,599617576596633843,122.00
2025-11-18 15:14:08.289287,599617576596633843,139.00
2025-11-18 15:14:08.289287,599617576596633843,154.00
2025-11-18 15:14:08.289287,599617576596633843,158.00
2025-11-18 15:14:08.289287,599617576596633843,156.00
2025-11-18 15:14:08.289287,599617576596633843,154.00
2025-11-18 15:14:08.289287,599617576596633843,146.00
2025-11-18 15:14:08.289287,599617576596633843,130.00
2025-11-18 15:14:08.289287,599617576596633843,98.00
2025-11-18 15:14:08.289287,599617576596633843,60.00
2025-11-18 15:14:08.289287,599617576596633843,19.00
2025-11-18 15:14:08.289287,599617576596633843,-16.00
2025-11-18 15:14:08.289287,599617576596633843,-43.00
2025-11-18 15:14:08.289287,599617576596633843,-62.00
2025-11-18 15:14:08.289287,599617576596633843,-84.00
2025-11-18 15:14:08.289287,599617576596633843,-96.00
2025-11-18 15:14:08.289287,599617576596633843,-98.00
2025-11-18 15:14:08.289287,599617576596633843,-96.00
2025-11-18 15:14:08.289287,599617576596633843,-96.00
2025-11-18 15:14:08.289287,599617576596633843,-98.00
2025-11-18 15:14:08.289287,599617576596633843,-103.00
2025-11-18 15:14:08.289287,599617576596633843,-98.00
2025-11-18 15:14:08.289287,599617576596633843,-84.00
2025-11-18 15:14:08.289287,599617576596633843,-77.00
2025-11-18 15:14:08.289287,599617576596633843,-72.00
2025-11-18 15:14:08.289287,599617576596633843,-65.00
2025-11-18 15:14:08.289287,599617576596633843,-60.00
2025-11-18 15:14:08.289287,599617576596633843,-55.00
2025-11-18 15:14:08.289287,599617576596633843,-48.00
2025-11-18 15:14:08.289287,599617576596633843,-48.00
2025-11-18 15:14:08.289287,599617576596633843,-45.00
2025-11-18 15:14:08.289287,599617576596633843,-40.00
2025-11-18 15:14:08.289287,599617576596633843,-36.00
2025-11-18 15:14:08.289287,599617576596633843,-33.00
2025-11-18 15:14:08.289287,599617576596633843,-26.00
2025-11-18 15:14:08.289287,599617576596633843,-26.00
2025-11-18 15:14:08.289287,599617576596633843,-36.00
2025-11-18 15:14:08.289287,599617576596633843,-38.00
2025-11-18 15:14:08.289287,599617576596633843,-31.00
2025-11-18 15:14:08.289287,599617576596633843,-26.00
2025-11-18 15:14:08.289287,599617576596633843,-28.00
2025-11-18 15:14:08.289287,599617576596633843,-31.00
2025-11-18 15:14:08.797887,599617577157330884,-28.00
2025-11-18 15:14:08.797887,599617577157330884,-26.00
2025-11-18 15:14:08.797887,599617577157330884,-26.00
2025-11-18 15:14:08.797887,599617577157330884,-28.00
2025-11-18 15:14:08.797887,599617577157330884,-33.00
2025-11-18 15:14:08.797887,599617577157330884,-28.00
2025-11-18 15:14:08.797887,599617577157330884,-26.00
2025-11-18 15:14:08.797887,599617577157330884,-28.00
2025-11-18 15:14:08.797887,599617577157330884,-26.00
2025-11-18 15:14:08.797887,599617577157330884,-21.00
2025-11-18 15:14:08.797887,599617577157330884,-16.00
2025-11-18 15:14:08.797887,599617577157330884,-14.00
2025-11-18 15:14:08.797887,599617577157330884,-19.00
2025-11-18 15:14:08.797887,599617577157330884,-24.00
2025-11-18 15:14:08.797887,599617577157330884,-16.00
2025-11-18 15:14:08.797887,599617577157330884,-9.00
2025-11-18 15:14:08.797887,599617577157330884,-14.00
2025-11-18 15:14:08.797887,599617577157330884,-16.00
2025-11-18 15:14:08.797887,599617577157330884,-9.00
2025-11-18 15:14:08.797887,599617577157330884,-12.00
2025-11-18 15:14:08.797887,599617577157330884,-19.00
2025-11-18 15:14:08.797887,599617577157330884,-16.00
2025-11-18 15:14:08.797887,599617577157330884,-14.00
2025-11-18 15:14:08.797887,599617577157330884,-19.00
2025-11-18 15:14:08.797887,599617577157330884,-24.00
2025-11-18 15:14:08.797887,599617577157330884,-26.00
2025-11-18 15:14:08.797887,599617577157330884,-24.00
2025-11-18 15:14:08.797887,599617577157330884,-21.00
2025-11-18 15:14:08.797887,599617577157330884,-19.00
2025-11-18 15:14:08.797887,599617577157330884,-16.00
2025-11-18 15:14:08.797887,599617577157330884,-2.00
2025-11-18 15:14:08.797887,599617577157330884,12.00
2025-11-18 15:14:08.797887,599617577157330884,9.00
2025-11-18 15:14:08.797887,599617577157330884,-4.00
2025-11-18 15:14:08.797887,599617577157330884,-16.00
2025-11-18 15:14:08.797887,599617577157330884,-19.00
2025-11-18 15:14:08.797887,599617577157330884,-21.00
2025-11-18 15:14:08.797887,599617577157330884,-28.00
2025-11-18 15:14:08.797887,599617577157330884,-28.00
2025-11-18 15:14:08.797887,599617577157330884,-26.00
2025-11-18 15:14:08.797887,599617577157330884,-26.00
2025-11-18 15:14:08.797887,599617577157330884,-31.00
2025-11-18 15:14:08.797887,599617577157330884,-33.00
2025-11-18 15:14:08.797887,599617577157330884,-33.00
2025-11-18 15:14:08.797887,599617577157330884,-38.00
2025-11-18 15:14:08.797887,599617577157330884,-40.00
2025-11-18 15:14:08.797887,599617577157330884,-50.00
2025-11-18 15:14:08.797887,599617577157330884,-79.00
2025-11-18 15:14:08.797887,599617577157330884,-65.00
2025-11-18 15:14:08.797887,599617577157330884,91.00
2025-11-18 15:14:08.797887,599617577157330884,370.00
2025-11-18 15:14:08.797887,599617577157330884,607.00
2025-11-18 15:14:08.797887,599617577157330884,534.00
2025-11-18 15:14:08.797887,599617577157330884,105.00
2025-11-18 15:14:08.797887,599617577157330884,-209.00
2025-11-18 15:14:08.797887,599617577157330884,-183.00
2025-11-18 15:14:08.797887,599617577157330884,-113.00
2025-11-18 15:14:08.797887,599617577157330884,-110.00
2025-11-18 15:14:08.797887,599617577157330884,-86.00
2025-11-18 15:14:08.797887,599617577157330884,-60.00
2025-11-18 15:14:08.797887,599617577157330884,-67.00
2025-11-18 15:14:08.797887,599617577157330884,-62.00
2025-11-18 15:14:08.797887,599617577157330884,-43.00
2025-11-18 15:14:08.797887,599617577157330884,-33.00
2025-11-18 15:14:08.797887,599617577157330884,-33.00
2025-11-18 15:14:08.797887,599617577157330884,-28.00
2025-11-18 15:14:08.797887,599617577157330884,-16.00
2025-11-18 15:14:08.797887,599617577157330884,-9.00
2025-11-18 15:14:08.797887,599617577157330884,-7.00
2025-11-18 15:14:08.797887,599617577157330884,0.00
2025-11-18 15:14:08.797887,599617577157330884,4.00
2025-11-18 15:14:08.797887,599617577157330884,9.00
2025-11-18 15:14:08.797887,599617577157330884,9.00
2025-11-18 15:14:09.397697,599617577718027927,4.00
2025-11-18 15:14:09.397697,599617577718027927,12.00
2025-11-18 15:14:09.397697,599617577718027927,26.00
2025-11-18 15:14:09.397697,599617577718027927,38.00
2025-11-18 15:14:09.397697,599617577718027927,45.00
2025-11-18 15:14:09.397697,599617577718027927,55.00
2025-11-18 15:14:09.397697,599617577718027927,72.00
2025-11-18 15:14:09.397697,599617577718027927,86.00
2025-11-18 15:14:09.397697,599617577718027927,98.00
2025-11-18 15:14:09.397697,599617577718027927,108.00
2025-11-18 15:14:09.397697,599617577718027927,118.00
2025-11-18 15:14:09.397697,599617577718027927,132.00
2025-11-18 15:14:09.397697,599617577718027927,134.00
2025-11-18 15:14:09.397697,599617577718027927,130.00
2025-11-18 15:14:09.397697,599617577718027927,122.00
2025-11-18 15:14:09.397697,599617577718027927,103.00
2025-11-18 15:14:09.397697,599617577718027927,72.00
2025-11-18 15:14:09.397697,599617577718027927,33.00
2025-11-18 15:14:09.397697,599617577718027927,-4.00
2025-11-18 15:14:09.397697,599617577718027927,-38.00
2025-11-18 15:14:09.397697,599617577718027927,-67.00
2025-11-18 15:14:09.397697,599617577718027927,-93.00
2025-11-18 15:14:09.397697,599617577718027927,-108.00
2025-11-18 15:14:09.397697,599617577718027927,-105.00
2025-11-18 15:14:09.397697,599617577718027927,-110.00
2025-11-18 15:14:09.397697,599617577718027927,-118.00
2025-11-18 15:14:09.397697,599617577718027927,-113.00
2025-11-18 15:14:09.397697,599617577718027927,-110.00
2025-11-18 15:14:09.397697,599617577718027927,-105.00
2025-11-18 15:14:09.397697,599617577718027927,-101.00
2025-11-18 15:14:09.397697,599617577718027927,-101.00
2025-11-18 15:14:09.397697,599617577718027927,-98.00
2025-11-18 15:14:09.397697,599617577718027927,-89.00
2025-11-18 15:14:09.397697,599617577718027927,-84.00
2025-11-18 15:14:09.397697,599617577718027927,-81.00
2025-11-18 15:14:09.397697,599617577718027927,-72.00
2025-11-18 15:14:09.397697,599617577718027927,-62.00
2025-11-18 15:14:09.397697,599617577718027927,-62.00
2025-11-18 15:14:09.397697,599617577718027927,-62.00
2025-11-18 15:14:09.397697,599617577718027927,-60.00
2025-11-18 15:14:09.397697,599617577718027927,-52.00
2025-11-18 15:14:09.397697,599617577718027927,-48.00
2025-11-18 15:14:09.397697,599617577718027927,-43.00
2025-11-18 15:14:09.397697,599617577718027927,-40.00
2025-11-18 15:14:09.397697,599617577718027927,-45.00
2025-11-18 15:14:09.397697,599617577718027927,-45.00
2025-11-18 15:14:09.397697,599617577718027927,-48.00
2025-11-18 15:14:09.397697,599617577718027927,-55.00
2025-11-18 15:14:09.397697,599617577718027927,-48.00
2025-11-18 15:14:09.397697,599617577718027927,-40.00
2025-11-18 15:14:09.397697,599617577718027927,-43.00
2025-11-18 15:14:09.397697,599617577718027927,-43.00
2025-11-18 15:14:09.397697,599617577718027927,-38.00
2025-11-18 15:14:09.397697,599617577718027927,-33.00
2025-11-18 15:14:09.397697,599617577718027927,-33.00
2025-11-18 15:14:09.397697,599617577718027927,-31.00
2025-11-18 15:14:09.397697,599617577718027927,-31.00
2025-11-18 15:14:09.397697,599617577718027927,-33.00
2025-11-18 15:14:09.397697,599617577718027927,-36.00
2025-11-18 15:14:09.397697,599617577718027927,-36.00
2025-11-18 15:14:09.397697,599617577718027927,-38.00
2025-11-18 15:14:09.397697,599617577718027927,-31.00
2025-11-18 15:14:09.397697,599617577718027927,-24.00
2025-11-18 15:14:09.397697,599617577718027927,-21.00
2025-11-18 15:14:09.397697,599617577718027927,-26.00
2025-11-18 15:14:09.397697,599617577718027927,-24.00
2025-11-18 15:14:09.397697,599617577718027927,-21.00
2025-11-18 15:14:09.397697,599617577718027927,-21.00
2025-11-18 15:14:09.397697,599617577718027927,-21.00
2025-11-18 15:14:09.397697,599617577718027927,-21.00
2025-11-18 15:14:09.397697,599617577718027927,-24.00
2025-11-18 15:14:09.397697,599617577718027927,-26.00
2025-11-18 15:14:09.397697,599617577718027927,-26.00
2025-11-18 15:14:09.969373,599617578278704622,-28.00
2025-11-18 15:14:09.969373,599617578278704622,-28.00
2025-11-18 15:14:09.969373,599617578278704622,-26.00
2025-11-18 15:14:09.969373,599617578278704622,-26.00
2025-11-18 15:14:09.969373,599617578278704622,-33.00
2025-11-18 15:14:09.969373,599617578278704622,-24.00
2025-11-18 15:14:09.969373,599617578278704622,-16.00
2025-11-18 15:14:09.969373,599617578278704622,-24.00
2025-11-18 15:14:09.969373,599617578278704622,-12.00
2025-11-18 15:14:09.969373,599617578278704622,16.00
2025-11-18 15:14:09.969373,599617578278704622,26.00
2025-11-18 15:14:09.969373,599617578278704622,4.00
2025-11-18 15:14:09.969373,599617578278704622,0.00
2025-11-18 15:14:09.969373,599617578278704622,7.00
2025-11-18 15:14:09.969373,599617578278704622,-7.00
2025-11-18 15:14:09.969373,599617578278704622,-21.00
2025-11-18 15:14:09.969373,599617578278704622,-28.00
2025-11-18 15:14:09.969373,599617578278704622,-38.00
2025-11-18 15:14:09.969373,599617578278704622,-45.00
2025-11-18 15:14:09.969373,599617578278704622,-38.00
2025-11-18 15:14:09.969373,599617578278704622,-33.00
2025-11-18 15:14:09.969373,599617578278704622,-40.00
2025-11-18 15:14:09.969373,599617578278704622,-60.00
2025-11-18 15:14:09.969373,599617578278704622,-69.00
2025-11-18 15:14:09.969373,599617578278704622,-60.00
2025-11-18 15:14:09.969373,599617578278704622,-62.00
2025-11-18 15:14:09.969373,599617578278704622,-93.00
2025-11-18 15:14:09.969373,599617578278704622,-77.00
2025-11-18 15:14:09.969373,599617578278704622,86.00
2025-11-18 15:14:09.969373,599617578278704622,351.00
2025-11-18 15:14:09.969373,599617578278704622,532.00
2025-11-18 15:14:09.969373,599617578278704622,370.00
2025-11-18 15:14:09.969373,599617578278704622,-74.00
2025-11-18 15:14:09.969373,599617578278704622,-310.00
2025-11-18 15:14:09.969373,599617578278704622,-240.00
2025-11-18 15:14:09.969373,599617578278704622,-171.00
2025-11-18 15:14:09.969373,599617578278704622,-137.00
2025-11-18 15:14:09.969373,599617578278704622,-81.00
2025-11-18 15:14:09.969373,599617578278704622,-65.00
2025-11-18 15:14:09.969373,599617578278704622,-81.00
2025-11-18 15:14:09.969373,599617578278704622,-69.00
2025-11-18 15:14:09.969373,599617578278704622,-55.00
2025-11-18 15:14:09.969373,599617578278704622,-55.00
2025-11-18 15:14:09.969373,599617578278704622,-45.00
2025-11-18 15:14:09.969373,599617578278704622,-33.00
2025-11-18 15:14:09.969373,599617578278704622,-26.00
2025-11-18 15:14:09.969373,599617578278704622,-19.00
2025-11-18 15:14:09.969373,599617578278704622,-21.00
2025-11-18 15:14:09.969373,599617578278704622,-16.00
2025-11-18 15:14:09.969373,599617578278704622,-2.00
2025-11-18 15:14:09.969373,599617578278704622,4.00
2025-11-18 15:14:09.969373,599617578278704622,7.00
2025-11-18 15:14:09.969373,599617578278704622,16.00
2025-11-18 15:14:09.969373,599617578278704622,28.00
2025-11-18 15:14:09.969373,599617578278704622,28.00
2025-11-18 15:14:09.969373,599617578278704622,31.00
2025-11-18 15:14:09.969373,599617578278704622,50.00
2025-11-18 15:14:09.969373,599617578278704622,72.00
2025-11-18 15:14:09.969373,599617578278704622,81.00
2025-11-18 15:14:09.969373,599617578278704622,84.00
2025-11-18 15:14:09.969373,599617578278704622,105.00
2025-11-18 15:14:09.969373,599617578278704622,137.00
2025-11-18 15:14:09.969373,599617578278704622,149.00
2025-11-18 15:14:09.969373,599617578278704622,146.00
2025-11-18 15:14:09.969373,599617578278704622,146.00
2025-11-18 15:14:09.969373,599617578278704622,142.00
2025-11-18 15:14:09.969373,599617578278704622,127.00
2025-11-18 15:14:09.969373,599617578278704622,105.00
2025-11-18 15:14:09.969373,599617578278704622,74.00
2025-11-18 15:14:09.969373,599617578278704622,33.00
2025-11-18 15:14:09.969373,599617578278704622,-2.00
2025-11-18 15:14:09.969373,599617578278704622,-36.00
2025-11-18 15:14:09.969373,599617578278704622,-65.00
2025-11-18 15:14:10.507385,599617578839406749,-91.00
2025-11-18 15:14:10.507385,599617578839406749,-105.00
2025-11-18 15:14:10.507385,599617578839406749,-113.00
2025-11-18 15:14:10.507385,599617578839406749,-115.00
2025-11-18 15:14:10.507385,599617578839406749,-113.00
2025-11-18 15:14:10.507385,599617578839406749,-110.00
2025-11-18 15:14:10.507385,599617578839406749,-108.00
2025-11-18 15:14:10.507385,599617578839406749,-101.00
2025-11-18 15:14:10.507385,599617578839406749,-93.00
2025-11-18 15:14:10.507385,599617578839406749,-86.00
2025-11-18 15:14:10.507385,599617578839406749,-74.00
2025-11-18 15:14:10.507385,599617578839406749,-65.00
2025-11-18 15:14:10.507385,599617578839406749,-69.00
2025-11-18 15:14:10.507385,599617578839406749,-69.00
2025-11-18 15:14:10.507385,599617578839406749,-57.00
2025-11-18 15:14:10.507385,599617578839406749,-50.00
2025-11-18 15:14:10.507385,599617578839406749,-52.00
2025-11-18 15:14:10.507385,599617578839406749,-50.00
2025-11-18 15:14:10.507385,599617578839406749,-45.00
2025-11-18 15:14:10.507385,599617578839406749,-45.00
2025-11-18 15:14:10.507385,599617578839406749,-40.00
2025-11-18 15:14:10.507385,599617578839406749,-31.00
2025-11-18 15:14:10.507385,599617578839406749,-36.00
2025-11-18 15:14:10.507385,599617578839406749,-52.00
2025-11-18 15:14:10.507385,599617578839406749,-52.00
2025-11-18 15:14:10.507385,599617578839406749,-36.00
2025-11-18 15:14:10.507385,599617578839406749,-31.00
2025-11-18 15:14:10.507385,599617578839406749,-45.00
2025-11-18 15:14:10.507385,599617578839406749,-52.00
2025-11-18 15:14:10.507385,599617578839406749,-43.00
2025-11-18 15:14:10.507385,599617578839406749,-38.00
2025-11-18 15:14:10.507385,599617578839406749,-40.00
2025-11-18 15:14:10.507385,599617578839406749,-40.00
2025-11-18 15:14:10.507385,599617578839406749,-33.00
2025-11-18 15:14:10.507385,599617578839406749,-28.00
2025-11-18 15:14:10.507385,599617578839406749,-31.00
2025-11-18 15:14:10.507385,599617578839406749,-36.00
2025-11-18 15:14:10.507385,599617578839406749,-38.00
2025-11-18 15:14:10.507385,599617578839406749,-36.00
2025-11-18 15:14:10.507385,599617578839406749,-28.00
2025-11-18 15:14:10.507385,599617578839406749,-33.00
2025-11-18 15:14:10.507385,599617578839406749,-36.00
2025-11-18 15:14:10.507385,599617578839406749,-24.00
2025-11-18 15:14:10.507385,599617578839406749,-31.00
2025-11-18 15:14:10.507385,599617578839406749,-43.00
2025-11-18 15:14:10.507385,599617578839406749,-33.00
2025-11-18 15:14:10.507385,599617578839406749,-16.00
2025-11-18 15:14:10.507385,599617578839406749,-19.00
2025-11-18 15:14:10.507385,599617578839406749,-21.00
2025-11-18 15:14:10.507385,599617578839406749,-19.00
2025-11-18 15:14:10.507385,599617578839406749,-16.00
2025-11-18 15:14:10.507385,599617578839406749,-19.00
2025-11-18 15:14:10.507385,599617578839406749,-28.00
2025-11-18 15:14:10.507385,599617578839406749,-33.00
2025-11-18 15:14:10.507385,599617578839406749,-21.00
2025-11-18 15:14:10.507385,599617578839406749,0.00
2025-11-18 15:14:10.507385,599617578839406749,19.00
2025-11-18 15:14:10.507385,599617578839406749,26.00
2025-11-18 15:14:10.507385,599617578839406749,19.00
2025-11-18 15:14:10.507385,599617578839406749,7.00
2025-11-18 15:14:10.507385,599617578839406749,-2.00
2025-11-18 15:14:10.507385,599617578839406749,-7.00
2025-11-18 15:14:10.507385,599617578839406749,-12.00
2025-11-18 15:14:10.507385,599617578839406749,-26.00
2025-11-18 15:14:10.507385,599617578839406749,-31.00
2025-11-18 15:14:10.507385,599617578839406749,-16.00
2025-11-18 15:14:10.507385,599617578839406749,-16.00
2025-11-18 15:14:10.507385,599617578839406749,-21.00
2025-11-18 15:14:10.507385,599617578839406749,-16.00
2025-11-18 15:14:10.507385,599617578839406749,-26.00
2025-11-18 15:14:10.507385,599617578839406749,-31.00
2025-11-18 15:14:10.507385,599617578839406749,-28.00
2025-11-18 15:14:10.507385,599617578839406749,-52.00
2025-11-18 15:14:11.076254,599617579400088532,-60.00
2025-11-18 15:14:11.076254,599617579400088532,60.00
2025-11-18 15:14:11.076254,599617579400088532,305.00
2025-11-18 15:14:11.076254,599617579400088532,556.00
2025-11-18 15:14:11.076254,599617579400088532,551.00
2025-11-18 15:14:11.076254,599617579400088532,173.00
2025-11-18 15:14:11.076254,599617579400088532,-178.00
2025-11-18 15:14:11.076254,599617579400088532,-197.00
2025-11-18 15:14:11.076254,599617579400088532,-118.00
2025-11-18 15:14:11.076254,599617579400088532,-91.00
2025-11-18 15:14:11.076254,599617579400088532,-57.00
2025-11-18 15:14:11.076254,599617579400088532,-43.00
2025-11-18 15:14:11.076254,599617579400088532,-60.00
2025-11-18 15:14:11.076254,599617579400088532,-48.00
2025-11-18 15:14:11.076254,599617579400088532,-24.00
2025-11-18 15:14:11.076254,599617579400088532,-19.00
2025-11-18 15:14:11.076254,599617579400088532,-12.00
2025-11-18 15:14:11.076254,599617579400088532,-9.00
2025-11-18 15:14:11.076254,599617579400088532,-14.00
2025-11-18 15:14:11.076254,599617579400088532,-4.00
2025-11-18 15:14:11.076254,599617579400088532,7.00
2025-11-18 15:14:11.076254,599617579400088532,2.00
2025-11-18 15:14:11.076254,599617579400088532,-4.00
2025-11-18 15:14:11.076254,599617579400088532,4.00
2025-11-18 15:14:11.076254,599617579400088532,21.00
2025-11-18 15:14:11.076254,599617579400088532,31.00
2025-11-18 15:14:11.076254,599617579400088532,33.00
2025-11-18 15:14:11.076254,599617579400088532,33.00
2025-11-18 15:14:11.076254,599617579400088532,45.00
2025-11-18 15:14:11.076254,599617579400088532,60.00
2025-11-18 15:14:11.076254,599617579400088532,65.00
2025-11-18 15:14:11.076254,599617579400088532,67.00
2025-11-18 15:14:11.076254,599617579400088532,89.00
2025-11-18 15:14:11.076254,599617579400088532,105.00
2025-11-18 15:14:11.076254,599617579400088532,115.00
2025-11-18 15:14:11.076254,599617579400088532,122.00
2025-11-18 15:14:11.076254,599617579400088532,130.00
2025-11-18 15:14:11.076254,599617579400088532,132.00
2025-11-18 15:14:11.076254,599617579400088532,134.00
2025-11-18 15:14:11.076254,599617579400088532,127.00
2025-11-18 15:14:11.076254,599617579400088532,105.00
2025-11-18 15:14:11.076254,599617579400088532,69.00
2025-11-18 15:14:11.076254,599617579400088532,28.00
2025-11-18 15:14:11.076254,599617579400088532,-9.00
2025-11-18 15:14:11.076254,599617579400088532,-40.00
2025-11-18 15:14:11.076254,599617579400088532,-77.00
2025-11-18 15:14:11.076254,599617579400088532,-105.00
2025-11-18 15:14:11.076254,599617579400088532,-118.00
2025-11-18 15:14:11.076254,599617579400088532,-122.00
2025-11-18 15:14:11.076254,599617579400088532,-120.00
2025-11-18 15:14:11.076254,599617579400088532,-118.00
2025-11-18 15:14:11.076254,599617579400088532,-118.00
2025-11-18 15:14:11.076254,599617579400088532,-118.00
2025-11-18 15:14:11.076254,599617579400088532,-115.00
2025-11-18 15:14:11.076254,599617579400088532,-113.00
2025-11-18 15:14:11.076254,599617579400088532,-113.00
2025-11-18 15:14:11.076254,599617579400088532,-113.00
2025-11-18 15:14:11.076254,599617579400088532,-105.00
2025-11-18 15:14:11.076254,599617579400088532,-98.00
2025-11-18 15:14:11.076254,599617579400088532,-89.00
2025-11-18 15:14:11.076254,599617579400088532,-81.00
2025-11-18 15:14:11.076254,599617579400088532,-77.00
2025-11-18 15:14:11.076254,599617579400088532,-69.00
2025-11-18 15:14:11.076254,599617579400088532,-65.00
2025-11-18 15:14:11.076254,599617579400088532,-60.00
2025-11-18 15:14:11.076254,599617579400088532,-60.00
2025-11-18 15:14:11.076254,599617579400088532,-62.00
2025-11-18 15:14:11.076254,599617579400088532,-62.00
2025-11-18 15:14:11.076254,599617579400088532,-65.00
2025-11-18 15:14:11.076254,599617579400088532,-67.00
2025-11-18 15:14:11.076254,599617579400088532,-65.00
2025-11-18 15:14:11.076254,599617579400088532,-52.00
2025-11-18 15:14:11.076254,599617579400088532,-38.00
2025-11-18 15:14:11.615755,599617579960785573,-40.00
2025-11-18 15:14:11.615755,599617579960785573,-31.00
2025-11-18 15:14:11.615755,599617579960785573,-14.00
2025-11-18 15:14:11.615755,599617579960785573,-57.00
2025-11-18 15:14:11.615755,599617579960785573,-86.00
2025-11-18 15:14:11.615755,599617579960785573,-52.00
2025-11-18 15:14:11.615755,599617579960785573,-52.00
2025-11-18 15:14:11.615755,599617579960785573,-72.00
2025-11-18 15:14:11.615755,599617579960785573,-55.00
2025-11-18 15:14:11.615755,599617579960785573,-52.00
2025-11-18 15:14:11.615755,599617579960785573,-62.00
2025-11-18 15:14:11.615755,599617579960785573,-50.00
2025-11-18 15:14:11.615755,599617579960785573,-43.00
2025-11-18 15:14:11.615755,599617579960785573,-40.00
2025-11-18 15:14:11.615755,599617579960785573,-33.00
2025-11-18 15:14:11.615755,599617579960785573,-38.00
2025-11-18 15:14:11.615755,599617579960785573,-48.00
2025-11-18 15:14:11.615755,599617579960785573,-28.00
2025-11-18 15:14:11.615755,599617579960785573,-12.00
2025-11-18 15:14:11.615755,599617579960785573,-24.00
2025-11-18 15:14:11.615755,599617579960785573,-28.00
2025-11-18 15:14:11.615755,599617579960785573,-19.00
2025-11-18 15:14:11.615755,599617579960785573,-24.00
2025-11-18 15:14:11.615755,599617579960785573,-26.00
2025-11-18 15:14:11.615755,599617579960785573,-19.00
2025-11-18 15:14:11.615755,599617579960785573,-16.00
2025-11-18 15:14:11.615755,599617579960785573,-21.00
2025-11-18 15:14:11.615755,599617579960785573,-19.00
2025-11-18 15:14:11.615755,599617579960785573,-16.00
2025-11-18 15:14:11.615755,599617579960785573,-16.00
2025-11-18 15:14:11.615755,599617579960785573,-9.00
2025-11-18 15:14:11.615755,599617579960785573,7.00
2025-11-18 15:14:11.615755,599617579960785573,21.00
2025-11-18 15:14:11.615755,599617579960785573,31.00
2025-11-18 15:14:11.615755,599617579960785573,40.00
2025-11-18 15:14:11.615755,599617579960785573,43.00
2025-11-18 15:14:11.615755,599617579960785573,26.00
2025-11-18 15:14:11.615755,599617579960785573,0.00
2025-11-18 15:14:11.615755,599617579960785573,-2.00
2025-11-18 15:14:11.615755,599617579960785573,2.00
2025-11-18 15:14:11.615755,599617579960785573,-14.00
2025-11-18 15:14:11.615755,599617579960785573,-14.00
2025-11-18 15:14:11.615755,599617579960785573,0.00
2025-11-18 15:14:11.615755,599617579960785573,-12.00
2025-11-18 15:14:11.615755,599617579960785573,-36.00
2025-11-18 15:14:11.615755,599617579960785573,-40.00
2025-11-18 15:14:11.615755,599617579960785573,-31.00
2025-11-18 15:14:11.615755,599617579960785573,-28.00
2025-11-18 15:14:11.615755,599617579960785573,-31.00
2025-11-18 15:14:11.615755,599617579960785573,-48.00
2025-11-18 15:14:11.615755,599617579960785573,-69.00
2025-11-18 15:14:11.615755,599617579960785573,-2.00
2025-11-18 15:14:11.615755,599617579960785573,204.00
2025-11-18 15:14:11.615755,599617579960785573,448.00
2025-11-18 15:14:11.615755,599617579960785573,501.00
2025-11-18 15:14:11.615755,599617579960785573,197.00
2025-11-18 15:14:11.615755,599617579960785573,-199.00
2025-11-18 15:14:11.615755,599617579960785573,-291.00
2025-11-18 15:14:11.615755,599617579960785573,-192.00
2025-11-18 15:14:11.615755,599617579960785573,-132.00
2025-11-18 15:14:11.615755,599617579960785573,-81.00
2025-11-18 15:14:11.615755,599617579960785573,-52.00
2025-11-18 15:14:11.615755,599617579960785573,-74.00
2025-11-18 15:14:11.615755,599617579960785573,-74.00
2025-11-18 15:14:11.615755,599617579960785573,-52.00
2025-11-18 15:14:11.615755,599617579960785573,-40.00
2025-11-18 15:14:11.615755,599617579960785573,-36.00
2025-11-18 15:14:11.615755,599617579960785573,-40.00
2025-11-18 15:14:11.615755,599617579960785573,-45.00
2025-11-18 15:14:11.615755,599617579960785573,-36.00
2025-11-18 15:14:11.615755,599617579960785573,-31.00
2025-11-18 15:14:11.615755,599617579960785573,-21.00
2025-11-18 15:14:11.615755,599617579960785573,4.00
2025-11-18 15:14:12.188180,599617580521452096,12.00
2025-11-18 15:14:12.188180,599617580521452096,2.00
2025-11-18 15:14:12.188180,599617580521452096,7.00
2025-11-18 15:14:12.188180,599617580521452096,16.00
2025-11-18 15:14:12.188180,599617580521452096,19.00
2025-11-18 15:14:12.188180,599617580521452096,26.00
2025-11-18 15:14:12.188180,599617580521452096,40.00
2025-11-18 15:14:12.188180,599617580521452096,55.00
2025-11-18 15:14:12.188180,599617580521452096,65.00
2025-11-18 15:14:12.188180,599617580521452096,77.00
2025-11-18 15:14:12.188180,599617580521452096,96.00
2025-11-18 15:14:12.188180,599617580521452096,118.00
2025-11-18 15:14:12.188180,599617580521452096,127.00
2025-11-18 15:14:12.188180,599617580521452096,130.00
2025-11-18 15:14:12.188180,599617580521452096,132.00
2025-11-18 15:14:12.188180,599617580521452096,130.00
2025-11-18 15:14:12.188180,599617580521452096,127.00
2025-11-18 15:14:12.188180,599617580521452096,115.00
2025-11-18 15:14:12.188180,599617580521452096,84.00
2025-11-18 15:14:12.188180,599617580521452096,50.00
2025-11-18 15:14:12.188180,599617580521452096,19.00
2025-11-18 15:14:12.188180,599617580521452096,-16.00
2025-11-18 15:14:12.188180,599617580521452096,-52.00
2025-11-18 15:14:12.188180,599617580521452096,-79.00
2025-11-18 15:14:12.188180,599617580521452096,-98.00
2025-11-18 15:14:12.188180,599617580521452096,-108.00
2025-11-18 15:14:12.188180,599617580521452096,-118.00
2025-11-18 15:14:12.188180,599617580521452096,-125.00
2025-11-18 15:14:12.188180,599617580521452096,-118.00
2025-11-18 15:14:12.188180,599617580521452096,-103.00
2025-11-18 15:14:12.188180,599617580521452096,-98.00
2025-11-18 15:14:12.188180,599617580521452096,-101.00
2025-11-18 15:14:12.188180,599617580521452096,-96.00
2025-11-18 15:14:12.188180,599617580521452096,-91.00
2025-11-18 15:14:12.188180,599617580521452096,-91.00
2025-11-18 15:14:12.188180,599617580521452096,-84.00
2025-11-18 15:14:12.188180,599617580521452096,-67.00
2025-11-18 15:14:12.188180,599617580521452096,-60.00
2025-11-18 15:14:12.188180,599617580521452096,-69.00
2025-11-18 15:14:12.188180,599617580521452096,-72.00
2025-11-18 15:14:12.188180,599617580521452096,-65.00
2025-11-18 15:14:12.188180,599617580521452096,-55.00
2025-11-18 15:14:12.188180,599617580521452096,-48.00
2025-11-18 15:14:12.188180,599617580521452096,-50.00
2025-11-18 15:14:12.188180,599617580521452096,-55.00
2025-11-18 15:14:12.188180,599617580521452096,-52.00
2025-11-18 15:14:12.188180,599617580521452096,-45.00
2025-11-18 15:14:12.188180,599617580521452096,-48.00
2025-11-18 15:14:12.188180,599617580521452096,-55.00
2025-11-18 15:14:12.188180,599617580521452096,-55.00
2025-11-18 15:14:12.188180,599617580521452096,-43.00
2025-11-18 15:14:12.188180,599617580521452096,-48.00
2025-11-18 15:14:12.188180,599617580521452096,-65.00
2025-11-18 15:14:12.188180,599617580521452096,-60.00
2025-11-18 15:14:12.188180,599617580521452096,-48.00
2025-11-18 15:14:12.188180,599617580521452096,-48.00
2025-11-18 15:14:12.188180,599617580521452096,-62.00
2025-11-18 15:14:12.188180,599617580521452096,-72.00
2025-11-18 15:14:12.188180,599617580521452096,-57.00
2025-11-18 15:14:12.188180,599617580521452096,-48.00
2025-11-18 15:14:12.188180,599617580521452096,-62.00
2025-11-18 15:14:12.188180,599617580521452096,-62.00
2025-11-18 15:14:12.188180,599617580521452096,-69.00
2025-11-18 15:14:12.188180,599617580521452096,-96.00
2025-11-18 15:14:12.188180,599617580521452096,-108.00
2025-11-18 15:14:12.188180,599617580521452096,-103.00
2025-11-18 15:14:12.188180,599617580521452096,-81.00
2025-11-18 15:14:12.188180,599617580521452096,-55.00
2025-11-18 15:14:12.188180,599617580521452096,-67.00
2025-11-18 15:14:12.188180,599617580521452096,-103.00
2025-11-18 15:14:12.188180,599617580521452096,-115.00
2025-11-18 15:14:12.188180,599617580521452096,-110.00
2025-11-18 15:14:12.188180,599617580521452096,-103.00
2025-11-18 15:14:12.757700,599617581082149139,-101.00
2025-11-18 15:14:12.757700,599617581082149139,-93.00
2025-11-18 15:14:12.757700,599617581082149139,-77.00
2025-11-18 15:14:12.757700,599617581082149139,-60.00
2025-11-18 15:14:12.757700,599617581082149139,-57.00
2025-11-18 15:14:12.757700,599617581082149139,-67.00
2025-11-18 15:14:12.757700,599617581082149139,-77.00
2025-11-18 15:14:12.757700,599617581082149139,-72.00
2025-11-18 15:14:12.757700,599617581082149139,-72.00
2025-11-18 15:14:12.757700,599617581082149139,-81.00
2025-11-18 15:14:12.757700,599617581082149139,-81.00
2025-11-18 15:14:12.757700,599617581082149139,-79.00
2025-11-18 15:14:12.757700,599617581082149139,-81.00
2025-11-18 15:14:12.757700,599617581082149139,-81.00
2025-11-18 15:14:12.757700,599617581082149139,-74.00
2025-11-18 15:14:12.757700,599617581082149139,-62.00
2025-11-18 15:14:12.757700,599617581082149139,-57.00
2025-11-18 15:14:12.757700,599617581082149139,-60.00
2025-11-18 15:14:12.757700,599617581082149139,-65.00
2025-11-18 15:14:12.757700,599617581082149139,-69.00
2025-11-18 15:14:12.757700,599617581082149139,-38.00
2025-11-18 15:14:12.757700,599617581082149139,67.00
2025-11-18 15:14:12.757700,599617581082149139,274.00
2025-11-18 15:14:12.757700,599617581082149139,491.00
2025-11-18 15:14:12.757700,599617581082149139,428.00
2025-11-18 15:14:12.757700,599617581082149139,50.00
2025-11-18 15:14:12.757700,599617581082149139,-226.00
2025-11-18 15:14:12.757700,599617581082149139,-209.00
2025-11-18 15:14:12.757700,599617581082149139,-110.00
2025-11-18 15:14:12.757700,599617581082149139,-67.00
2025-11-18 15:14:12.757700,599617581082149139,-33.00
2025-11-18 15:14:12.757700,599617581082149139,-4.00
2025-11-18 15:14:12.757700,599617581082149139,-4.00
2025-11-18 15:14:12.757700,599617581082149139,-7.00
2025-11-18 15:14:12.757700,599617581082149139,-2.00
2025-11-18 15:14:12.757700,599617581082149139,7.00
2025-11-18 15:14:12.757700,599617581082149139,24.00
2025-11-18 15:14:12.757700,599617581082149139,38.00
2025-11-18 15:14:12.757700,599617581082149139,38.00
2025-11-18 15:14:12.757700,599617581082149139,36.00
2025-11-18 15:14:12.757700,599617581082149139,36.00
2025-11-18 15:14:12.757700,599617581082149139,43.00
2025-11-18 15:14:12.757700,599617581082149139,48.00
2025-11-18 15:14:12.757700,599617581082149139,48.00
2025-11-18 15:14:12.757700,599617581082149139,50.00
2025-11-18 15:14:12.757700,599617581082149139,60.00
2025-11-18 15:14:12.757700,599617581082149139,65.00
2025-11-18 15:14:12.757700,599617581082149139,77.00
2025-11-18 15:14:12.757700,599617581082149139,98.00
2025-11-18 15:14:12.757700,599617581082149139,113.00
2025-11-18 15:14:12.757700,599617581082149139,108.00
2025-11-18 15:14:12.757700,599617581082149139,96.00
2025-11-18 15:14:12.757700,599617581082149139,96.00
2025-11-18 15:14:12.757700,599617581082149139,115.00
2025-11-18 15:14:12.757700,599617581082149139,144.00
2025-11-18 15:14:12.757700,599617581082149139,163.00
2025-11-18 15:14:12.757700,599617581082149139,161.00
2025-11-18 15:14:12.757700,599617581082149139,154.00
2025-11-18 15:14:12.757700,599617581082149139,151.00
2025-11-18 15:14:12.757700,599617581082149139,134.00
2025-11-18 15:14:12.757700,599617581082149139,108.00
2025-11-18 15:14:12.757700,599617581082149139,74.00
2025-11-18 15:14:12.757700,599617581082149139,38.00
2025-11-18 15:14:12.757700,599617581082149139,2.00
2025-11-18 15:14:12.757700,599617581082149139,-26.00
2025-11-18 15:14:12.757700,599617581082149139,-50.00
2025-11-18 15:14:12.757700,599617581082149139,-79.00
2025-11-18 15:14:12.757700,599617581082149139,-103.00
2025-11-18 15:14:12.757700,599617581082149139,-113.00
2025-11-18 15:14:12.757700,599617581082149139,-108.00
2025-11-18 15:14:12.757700,599617581082149139,-103.00
2025-11-18 15:14:12.757700,599617581082149139,-98.00
2025-11-18 15:14:12.757700,599617581082149139,-98.00
2025-11-18 15:14:13.329479,599617581642846180,-98.00
2025-11-18 15:14:13.329479,599617581642846180,-84.00
2025-11-18 15:14:13.329479,599617581642846180,-74.00
2025-11-18 15:14:13.329479,599617581642846180,-84.00
2025-11-18 15:14:13.329479,599617581642846180,-89.00
2025-11-18 15:14:13.329479,599617581642846180,-81.00
2025-11-18 15:14:13.329479,599617581642846180,-74.00
2025-11-18 15:14:13.329479,599617581642846180,-74.00
2025-11-18 15:14:13.329479,599617581642846180,-74.00
2025-11-18 15:14:13.329479,599617581642846180,-69.00
2025-11-18 15:14:13.329479,599617581642846180,-57.00
2025-11-18 15:14:13.329479,599617581642846180,-55.00
2025-11-18 15:14:13.329479,599617581642846180,-60.00
2025-11-18 15:14:13.329479,599617581642846180,-69.00
2025-11-18 15:14:13.329479,599617581642846180,-79.00
2025-11-18 15:14:13.329479,599617581642846180,-79.00
2025-11-18 15:14:13.329479,599617581642846180,-79.00
2025-11-18 15:14:13.329479,599617581642846180,-84.00
2025-11-18 15:14:13.329479,599617581642846180,-96.00
2025-11-18 15:14:13.329479,599617581642846180,-108.00
2025-11-18 15:14:13.329479,599617581642846180,-98.00
2025-11-18 15:14:13.329479,599617581642846180,-86.00
2025-11-18 15:14:13.329479,599617581642846180,-93.00
2025-11-18 15:14:13.329479,599617581642846180,-89.00
2025-11-18 15:14:13.329479,599617581642846180,-77.00
2025-11-18 15:14:13.329479,599617581642846180,-91.00
2025-11-18 15:14:13.329479,599617581642846180,-101.00
2025-11-18 15:14:13.329479,599617581642846180,-84.00
2025-11-18 15:14:13.329479,599617581642846180,-86.00
2025-11-18 15:14:13.329479,599617581642846180,-122.00
2025-11-18 15:14:13.329479,599617581642846180,-125.00
2025-11-18 15:14:13.329479,599617581642846180,-108.00
2025-11-18 15:14:13.329479,599617581642846180,-103.00
2025-11-18 15:14:13.329479,599617581642846180,-74.00
2025-11-18 15:14:13.329479,599617581642846180,-62.00
2025-11-18 15:14:13.329479,599617581642846180,-86.00
2025-11-18 15:14:13.329479,599617581642846180,-93.00
2025-11-18 15:14:13.329479,599617581642846180,-81.00
2025-11-18 15:14:13.329479,599617581642846180,-81.00
2025-11-18 15:14:13.329479,599617581642846180,-74.00
2025-11-18 15:14:13.329479,599617581642846180,-45.00
2025-11-18 15:14:13.329479,599617581642846180,-33.00
2025-11-18 15:14:13.329479,599617581642846180,-50.00
2025-11-18 15:14:13.329479,599617581642846180,-69.00
2025-11-18 15:14:13.329479,599617581642846180,-62.00
2025-11-18 15:14:13.329479,599617581642846180,-55.00
2025-11-18 15:14:13.329479,599617581642846180,-65.00
2025-11-18 15:14:13.329479,599617581642846180,-72.00
2025-11-18 15:14:13.329479,599617581642846180,-65.00
2025-11-18 15:14:13.329479,599617581642846180,-69.00
2025-11-18 15:14:13.329479,599617581642846180,-77.00
2025-11-18 15:14:13.329479,599617581642846180,-77.00
2025-11-18 15:14:13.329479,599617581642846180,-67.00
2025-11-18 15:14:13.329479,599617581642846180,-62.00
2025-11-18 15:14:13.329479,599617581642846180,-65.00
2025-11-18 15:14:13.329479,599617581642846180,-79.00
2025-11-18 15:14:13.329479,599617581642846180,-93.00
2025-11-18 15:14:13.329479,599617581642846180,-72.00
2025-11-18 15:14:13.329479,599617581642846180,40.00
2025-11-18 15:14:13.329479,599617581642846180,257.00
2025-11-18 15:14:13.329479,599617581642846180,479.00
2025-11-18 15:14:13.329479,599617581642846180,431.00
2025-11-18 15:14:13.329479,599617581642846180,40.00
2025-11-18 15:14:13.329479,599617581642846180,-272.00
2025-11-18 15:14:13.329479,599617581642846180,-248.00
2025-11-18 15:14:13.329479,599617581642846180,-144.00
2025-11-18 15:14:13.329479,599617581642846180,-118.00
2025-11-18 15:14:13.329479,599617581642846180,-84.00
2025-11-18 15:14:13.329479,599617581642846180,-55.00
2025-11-18 15:14:13.329479,599617581642846180,-52.00
2025-11-18 15:14:13.329479,599617581642846180,-33.00
2025-11-18 15:14:13.329479,599617581642846180,-16.00
2025-11-18 15:14:13.329479,599617581642846180,-21.00
2025-11-18 15:14:13.896237,599617582203543221,-16.00
2025-11-18 15:14:13.896237,599617582203543221,-7.00
2025-11-18 15:14:13.896237,599617582203543221,-7.00
2025-11-18 15:14:13.896237,599617582203543221,-2.00
2025-11-18 15:14:13.896237,599617582203543221,7.00
2025-11-18 15:14:13.896237,599617582203543221,0.00
2025-11-18 15:14:13.896237,599617582203543221,-2.00
2025-11-18 15:14:13.896237,599617582203543221,12.00
2025-11-18 15:14:13.896237,599617582203543221,21.00
2025-11-18 15:14:13.896237,599617582203543221,36.00
2025-11-18 15:14:13.896237,599617582203543221,55.00
2025-11-18 15:14:13.896237,599617582203543221,60.00
2025-11-18 15:14:13.896237,599617582203543221,50.00
2025-11-18 15:14:13.896237,599617582203543221,50.00
2025-11-18 15:14:13.896237,599617582203543221,65.00
2025-11-18 15:14:13.896237,599617582203543221,84.00
2025-11-18 15:14:13.896237,599617582203543221,98.00
2025-11-18 15:14:13.896237,599617582203543221,113.00
2025-11-18 15:14:13.896237,599617582203543221,120.00
2025-11-18 15:14:13.896237,599617582203543221,122.00
2025-11-18 15:14:13.896237,599617582203543221,125.00
2025-11-18 15:14:13.896237,599617582203543221,125.00
2025-11-18 15:14:13.896237,599617582203543221,118.00
2025-11-18 15:14:13.896237,599617582203543221,108.00
2025-11-18 15:14:13.896237,599617582203543221,84.00
2025-11-18 15:14:13.896237,599617582203543221,45.00
2025-11-18 15:14:13.896237,599617582203543221,14.00
2025-11-18 15:14:13.896237,599617582203543221,-14.00
2025-11-18 15:14:13.896237,599617582203543221,-48.00
2025-11-18 15:14:13.896237,599617582203543221,-84.00
2025-11-18 15:14:13.896237,599617582203543221,-110.00
2025-11-18 15:14:13.896237,599617582203543221,-125.00
2025-11-18 15:14:13.896237,599617582203543221,-125.00
2025-11-18 15:14:13.896237,599617582203543221,-115.00
2025-11-18 15:14:13.896237,599617582203543221,-115.00
2025-11-18 15:14:13.896237,599617582203543221,-122.00
2025-11-18 15:14:13.896237,599617582203543221,-120.00
2025-11-18 15:14:13.896237,599617582203543221,-118.00
2025-11-18 15:14:13.896237,599617582203543221,-113.00
2025-11-18 15:14:13.896237,599617582203543221,-101.00
2025-11-18 15:14:13.896237,599617582203543221,-103.00
2025-11-18 15:14:13.896237,599617582203543221,-113.00
2025-11-18 15:14:13.896237,599617582203543221,-103.00
2025-11-18 15:14:13.896237,599617582203543221,-89.00
2025-11-18 15:14:13.896237,599617582203543221,-96.00
2025-11-18 15:14:13.896237,599617582203543221,-101.00
2025-11-18 15:14:13.896237,599617582203543221,-84.00
2025-11-18 15:14:13.896237,599617582203543221,-79.00
2025-11-18 15:14:13.896237,599617582203543221,-91.00
2025-11-18 15:14:13.896237,599617582203543221,-91.00
2025-11-18 15:14:13.896237,599617582203543221,-89.00
2025-11-18 15:14:13.896237,599617582203543221,-91.00
2025-11-18 15:14:13.896237,599617582203543221,-93.00
2025-11-18 15:14:13.896237,599617582203543221,-86.00
2025-11-18 15:14:13.896237,599617582203543221,-81.00
2025-11-18 15:14:13.896237,599617582203543221,-86.00
2025-11-18 15:14:13.896237,599617582203543221,-89.00
2025-11-18 15:14:13.896237,599617582203543221,-91.00
2025-11-18 15:14:13.896237,599617582203543221,-96.00
2025-11-18 15:14:13.896237,599617582203543221,-101.00
2025-11-18 15:14:13.896237,599617582203543221,-101.00
2025-11-18 15:14:13.896237,599617582203543221,-103.00
2025-11-18 15:14:13.896237,599617582203543221,-105.00
2025-11-18 15:14:13.896237,599617582203543221,-108.00
2025-11-18 15:14:13.896237,599617582203543221,-101.00
2025-11-18 15:14:13.896237,599617582203543221,-96.00
2025-11-18 15:14:13.896237,599617582203543221,-101.00
2025-11-18 15:14:13.896237,599617582203543221,-91.00
2025-11-18 15:14:13.896237,599617582203543221,-67.00
2025-11-18 15:14:13.896237,599617582203543221,-67.00
2025-11-18 15:14:13.896237,599617582203543221,-89.00
2025-11-18 15:14:13.896237,599617582203543221,-101.00
2025-11-18 15:14:13.896237,599617582203543221,-93.00
2025-11-18 15:14:14.437712,599617582764240262,-91.00
2025-11-18 15:14:14.437712,599617582764240262,-93.00
2025-11-18 15:14:14.437712,599617582764240262,-91.00
2025-11-18 15:14:14.437712,599617582764240262,-84.00
2025-11-18 15:14:14.437712,599617582764240262,-79.00
2025-11-18 15:14:14.437712,599617582764240262,-74.00
2025-11-18 15:14:14.437712,599617582764240262,-69.00
2025-11-18 15:14:14.437712,599617582764240262,-62.00
2025-11-18 15:14:14.437712,599617582764240262,-52.00
2025-11-18 15:14:14.437712,599617582764240262,-55.00
2025-11-18 15:14:14.437712,599617582764240262,-62.00
2025-11-18 15:14:14.437712,599617582764240262,-60.00
2025-11-18 15:14:14.437712,599617582764240262,-62.00
2025-11-18 15:14:14.437712,599617582764240262,-74.00
2025-11-18 15:14:14.437712,599617582764240262,-81.00
2025-11-18 15:14:14.437712,599617582764240262,-79.00
2025-11-18 15:14:14.437712,599617582764240262,-77.00
2025-11-18 15:14:14.437712,599617582764240262,-81.00
2025-11-18 15:14:14.437712,599617582764240262,-91.00
2025-11-18 15:14:14.437712,599617582764240262,-93.00
2025-11-18 15:14:14.437712,599617582764240262,-89.00
2025-11-18 15:14:14.437712,599617582764240262,-84.00
2025-11-18 15:14:14.437712,599617582764240262,-84.00
2025-11-18 15:14:14.437712,599617582764240262,-93.00
2025-11-18 15:14:14.437712,599617582764240262,-105.00
2025-11-18 15:14:14.437712,599617582764240262,-55.00
2025-11-18 15:14:14.437712,599617582764240262,122.00
2025-11-18 15:14:14.437712,599617582764240262,378.00
2025-11-18 15:14:14.437712,599617582764240262,510.00
2025-11-18 15:14:14.437712,599617582764240262,289.00
2025-11-18 15:14:14.437712,599617582764240262,-113.00
2025-11-18 15:14:14.437712,599617582764240262,-255.00
2025-11-18 15:14:14.437712,599617582764240262,-168.00
2025-11-18 15:14:14.437712,599617582764240262,-125.00
2025-11-18 15:14:14.437712,599617582764240262,-118.00
2025-11-18 15:14:14.437712,599617582764240262,-91.00
2025-11-18 15:14:14.437712,599617582764240262,-84.00
2025-11-18 15:14:14.437712,599617582764240262,-86.00
2025-11-18 15:14:14.437712,599617582764240262,-65.00
2025-11-18 15:14:14.437712,599617582764240262,-38.00
2025-11-18 15:14:14.437712,599617582764240262,-31.00
2025-11-18 15:14:14.437712,599617582764240262,-38.00
2025-11-18 15:14:14.437712,599617582764240262,-40.00
2025-11-18 15:14:14.437712,599617582764240262,-31.00
2025-11-18 15:14:14.437712,599617582764240262,-26.00
2025-11-18 15:14:14.437712,599617582764240262,-19.00
2025-11-18 15:14:14.437712,599617582764240262,-14.00
2025-11-18 15:14:14.437712,599617582764240262,-12.00
2025-11-18 15:14:14.437712,599617582764240262,4.00
2025-11-18 15:14:14.437712,599617582764240262,21.00
2025-11-18 15:14:14.437712,599617582764240262,16.00
2025-11-18 15:14:14.437712,599617582764240262,21.00
2025-11-18 15:14:14.437712,599617582764240262,45.00
2025-11-18 15:14:14.437712,599617582764240262,57.00
2025-11-18 15:14:14.437712,599617582764240262,67.00
2025-11-18 15:14:14.437712,599617582764240262,86.00
2025-11-18 15:14:14.437712,599617582764240262,101.00
2025-11-18 15:14:14.437712,599617582764240262,113.00
2025-11-18 15:14:14.437712,599617582764240262,130.00
2025-11-18 15:14:14.437712,599617582764240262,151.00
2025-11-18 15:14:14.437712,599617582764240262,161.00
2025-11-18 15:14:14.437712,599617582764240262,151.00
2025-11-18 15:14:14.437712,599617582764240262,146.00
2025-11-18 15:14:14.437712,599617582764240262,163.00
2025-11-18 15:14:14.437712,599617582764240262,154.00
2025-11-18 15:14:14.437712,599617582764240262,110.00
2025-11-18 15:14:14.437712,599617582764240262,74.00
2025-11-18 15:14:14.437712,599617582764240262,36.00
2025-11-18 15:14:14.437712,599617582764240262,-2.00
2025-11-18 15:14:14.437712,599617582764240262,-21.00
2025-11-18 15:14:14.437712,599617582764240262,-40.00
2025-11-18 15:14:14.437712,599617582764240262,-65.00
2025-11-18 15:14:14.437712,599617582764240262,-79.00
2025-11-18 15:14:14.978744,599617583324937303,-86.00
2025-11-18 15:14:14.978744,599617583324937303,-86.00
2025-11-18 15:14:14.978744,599617583324937303,-81.00
2025-11-18 15:14:14.978744,599617583324937303,-77.00
2025-11-18 15:14:14.978744,599617583324937303,-72.00
2025-11-18 15:14:14.978744,599617583324937303,-77.00
2025-11-18 15:14:14.978744,599617583324937303,-72.00
2025-11-18 15:14:14.978744,599617583324937303,-57.00
2025-11-18 15:14:14.978744,599617583324937303,-45.00
2025-11-18 15:14:14.978744,599617583324937303,-36.00
2025-11-18 15:14:14.978744,599617583324937303,-31.00
2025-11-18 15:14:14.978744,599617583324937303,-38.00
2025-11-18 15:14:14.978744,599617583324937303,-31.00
2025-11-18 15:14:14.978744,599617583324937303,-14.00
2025-11-18 15:14:14.978744,599617583324937303,-4.00
2025-11-18 15:14:14.978744,599617583324937303,-14.00
2025-11-18 15:14:14.978744,599617583324937303,-36.00
2025-11-18 15:14:14.978744,599617583324937303,-45.00
2025-11-18 15:14:14.978744,599617583324937303,-28.00
2025-11-18 15:14:14.978744,599617583324937303,-12.00
2025-11-18 15:14:14.978744,599617583324937303,-9.00
2025-11-18 15:14:14.978744,599617583324937303,-19.00
2025-11-18 15:14:14.978744,599617583324937303,-26.00
2025-11-18 15:14:14.978744,599617583324937303,-26.00
2025-11-18 15:14:14.978744,599617583324937303,-21.00
2025-11-18 15:14:14.978744,599617583324937303,-19.00
2025-11-18 15:14:14.978744,599617583324937303,-16.00
2025-11-18 15:14:14.978744,599617583324937303,-26.00
2025-11-18 15:14:14.978744,599617583324937303,-24.00
2025-11-18 15:14:14.978744,599617583324937303,-2.00
2025-11-18 15:14:14.978744,599617583324937303,-2.00
2025-11-18 15:14:14.978744,599617583324937303,-24.00
2025-11-18 15:14:14.978744,599617583324937303,-33.00
2025-11-18 15:14:14.978744,599617583324937303,-31.00
2025-11-18 15:14:14.978744,599617583324937303,-24.00
2025-11-18 15:14:14.978744,599617583324937303,-19.00
2025-11-18 15:14:14.978744,599617583324937303,-26.00
2025-11-18 15:14:14.978744,599617583324937303,-33.00
2025-11-18 15:14:14.978744,599617583324937303,-26.00
2025-11-18 15:14:14.978744,599617583324937303,-21.00
2025-11-18 15:14:14.978744,599617583324937303,-21.00
2025-11-18 15:14:14.978744,599617583324937303,-19.00
2025-11-18 15:14:14.978744,599617583324937303,-9.00
2025-11-18 15:14:14.978744,599617583324937303,0.00
2025-11-18 15:14:14.978744,599617583324937303,0.00
2025-11-18 15:14:14.978744,599617583324937303,2.00
2025-11-18 15:14:14.978744,599617583324937303,9.00
2025-11-18 15:14:14.978744,599617583324937303,9.00
2025-11-18 15:14:14.978744,599617583324937303,-2.00
2025-11-18 15:14:14.978744,599617583324937303,-19.00
2025-11-18 15:14:14.978744,599617583324937303,-24.00
2025-11-18 15:14:14.978744,599617583324937303,-21.00
2025-11-18 15:14:14.978744,599617583324937303,-19.00
2025-11-18 15:14:14.978744,599617583324937303,-24.00
2025-11-18 15:14:14.978744,599617583324937303,-33.00
2025-11-18 15:14:14.978744,599617583324937303,-33.00
2025-11-18 15:14:14.978744,599617583324937303,-16.00
2025-11-18 15:14:14.978744,599617583324937303,-7.00
2025-11-18 15:14:14.978744,599617583324937303,-28.00
2025-11-18 15:14:14.978744,599617583324937303,-45.00
2025-11-18 15:14:14.978744,599617583324937303,-40.00
2025-11-18 15:14:14.978744,599617583324937303,-50.00
2025-11-18 15:14:14.978744,599617583324937303,-28.00
2025-11-18 15:14:14.978744,599617583324937303,105.00
2025-11-18 15:14:14.978744,599617583324937303,332.00
2025-11-18 15:14:14.978744,599617583324937303,498.00
2025-11-18 15:14:14.978744,599617583324937303,373.00
2025-11-18 15:14:14.978744,599617583324937303,-28.00
2025-11-18 15:14:14.978744,599617583324937303,-260.00
2025-11-18 15:14:14.978744,599617583324937303,-190.00
2025-11-18 15:14:14.978744,599617583324937303,-113.00
2025-11-18 15:14:14.978744,599617583324937303,-89.00
2025-11-18 15:14:14.978744,599617583324937303,-40.00
2025-11-18 15:14:15.548020,599617583885634344,-28.00
2025-11-18 15:14:15.548020,599617583885634344,-43.00
2025-11-18 15:14:15.548020,599617583885634344,-28.00
2025-11-18 15:14:15.548020,599617583885634344,-19.00
2025-11-18 15:14:15.548020,599617583885634344,-19.00
2025-11-18 15:14:15.548020,599617583885634344,-4.00
2025-11-18 15:14:15.548020,599617583885634344,7.00
2025-11-18 15:14:15.548020,599617583885634344,7.00
2025-11-18 15:14:15.548020,599617583885634344,2.00
2025-11-18 15:14:15.548020,599617583885634344,7.00
2025-11-18 15:14:15.548020,599617583885634344,14.00
2025-11-18 15:14:15.548020,599617583885634344,12.00
2025-11-18 15:14:15.548020,599617583885634344,14.00
2025-11-18 15:14:15.548020,599617583885634344,28.00
2025-11-18 15:14:15.548020,599617583885634344,33.00
2025-11-18 15:14:15.548020,599617583885634344,31.00
2025-11-18 15:14:15.548020,599617583885634344,52.00
2025-11-18 15:14:15.548020,599617583885634344,93.00
2025-11-18 15:14:15.548020,599617583885634344,91.00
2025-11-18 15:14:15.548020,599617583885634344,65.00
2025-11-18 15:14:15.548020,599617583885634344,84.00
2025-11-18 15:14:15.548020,599617583885634344,110.00
2025-11-18 15:14:15.548020,599617583885634344,113.00
2025-11-18 15:14:15.548020,599617583885634344,115.00
2025-11-18 15:14:15.548020,599617583885634344,127.00
2025-11-18 15:14:15.548020,599617583885634344,139.00
2025-11-18 15:14:15.548020,599617583885634344,134.00
2025-11-18 15:14:15.548020,599617583885634344,120.00
2025-11-18 15:14:15.548020,599617583885634344,113.00
2025-11-18 15:14:15.548020,599617583885634344,103.00
2025-11-18 15:14:15.548020,599617583885634344,67.00
2025-11-18 15:14:15.548020,599617583885634344,16.00
2025-11-18 15:14:15.548020,599617583885634344,-24.00
2025-11-18 15:14:15.548020,599617583885634344,-55.00
2025-11-18 15:14:15.548020,599617583885634344,-81.00
2025-11-18 15:14:15.548020,599617583885634344,-101.00
2025-11-18 15:14:15.548020,599617583885634344,-113.00
2025-11-18 15:14:15.548020,599617583885634344,-120.00
2025-11-18 15:14:15.548020,599617583885634344,-125.00
2025-11-18 15:14:15.548020,599617583885634344,-125.00
2025-11-18 15:14:15.548020,599617583885634344,-118.00
2025-11-18 15:14:15.548020,599617583885634344,-113.00
2025-11-18 15:14:15.548020,599617583885634344,-110.00
2025-11-18 15:14:15.548020,599617583885634344,-103.00
2025-11-18 15:14:15.548020,599617583885634344,-86.00
2025-11-18 15:14:15.548020,599617583885634344,-77.00
2025-11-18 15:14:15.548020,599617583885634344,-86.00
2025-11-18 15:14:15.548020,599617583885634344,-101.00
2025-11-18 15:14:15.548020,599617583885634344,-91.00
2025-11-18 15:14:15.548020,599617583885634344,-74.00
2025-11-18 15:14:15.548020,599617583885634344,-69.00
2025-11-18 15:14:15.548020,599617583885634344,-62.00
2025-11-18 15:14:15.548020,599617583885634344,-55.00
2025-11-18 15:14:15.548020,599617583885634344,-50.00
2025-11-18 15:14:15.548020,599617583885634344,-55.00
2025-11-18 15:14:15.548020,599617583885634344,-65.00
2025-11-18 15:14:15.548020,599617583885634344,-65.00
2025-11-18 15:14:15.548020,599617583885634344,-65.00
2025-11-18 15:14:15.548020,599617583885634344,-69.00
2025-11-18 15:14:15.548020,599617583885634344,-57.00
2025-11-18 15:14:15.548020,599617583885634344,-48.00
2025-11-18 15:14:15.548020,599617583885634344,-55.00
2025-11-18 15:14:15.548020,599617583885634344,-52.00
2025-11-18 15:14:15.548020,599617583885634344,-50.00
2025-11-18 15:14:15.548020,599617583885634344,-52.00
2025-11-18 15:14:15.548020,599617583885634344,-60.00
2025-11-18 15:14:15.548020,599617583885634344,-50.00
2025-11-18 15:14:15.548020,599617583885634344,-40.00
2025-11-18 15:14:15.548020,599617583885634344,-45.00
2025-11-18 15:14:15.548020,599617583885634344,-45.00
2025-11-18 15:14:15.548020,599617583885634344,-50.00
2025-11-18 15:14:15.548020,599617583885634344,-57.00
2025-11-18 15:14:15.548020,599617583885634344,-55.00
2025-11-18 15:14:16.149070,599617584446300869,-45.00
2025-11-18 15:14:16.149070,599617584446300869,-38.00
2025-11-18 15:14:16.149070,599617584446300869,-40.00
2025-11-18 15:14:16.149070,599617584446300869,-48.00
2025-11-18 15:14:16.149070,599617584446300869,-48.00
2025-11-18 15:14:16.149070,599617584446300869,-40.00
2025-11-18 15:14:16.149070,599617584446300869,-33.00
2025-11-18 15:14:16.149070,599617584446300869,-21.00
2025-11-18 15:14:16.149070,599617584446300869,-12.00
2025-11-18 15:14:16.149070,599617584446300869,2.00
2025-11-18 15:14:16.149070,599617584446300869,7.00
2025-11-18 15:14:16.149070,599617584446300869,-12.00
2025-11-18 15:14:16.149070,599617584446300869,-24.00
2025-11-18 15:14:16.149070,599617584446300869,-19.00
2025-11-18 15:14:16.149070,599617584446300869,-24.00
2025-11-18 15:14:16.149070,599617584446300869,-38.00
2025-11-18 15:14:16.149070,599617584446300869,-38.00
2025-11-18 15:14:16.149070,599617584446300869,-31.00
2025-11-18 15:14:16.149070,599617584446300869,-26.00
2025-11-18 15:14:16.149070,599617584446300869,-28.00
2025-11-18 15:14:16.149070,599617584446300869,-33.00
2025-11-18 15:14:16.149070,599617584446300869,-33.00
2025-11-18 15:14:16.149070,599617584446300869,-33.00
2025-11-18 15:14:16.149070,599617584446300869,-38.00
2025-11-18 15:14:16.149070,599617584446300869,-48.00
2025-11-18 15:14:16.149070,599617584446300869,-65.00
2025-11-18 15:14:16.149070,599617584446300869,-55.00
2025-11-18 15:14:16.149070,599617584446300869,67.00
2025-11-18 15:14:16.149070,599617584446300869,296.00
2025-11-18 15:14:16.149070,599617584446300869,479.00
2025-11-18 15:14:16.149070,599617584446300869,370.00
2025-11-18 15:14:16.149070,599617584446300869,-16.00
2025-11-18 15:14:16.149070,599617584446300869,-257.00
2025-11-18 15:14:16.149070,599617584446300869,-214.00
2025-11-18 15:14:16.149070,599617584446300869,-132.00
2025-11-18 15:14:16.149070,599617584446300869,-93.00
2025-11-18 15:14:16.149070,599617584446300869,-48.00
2025-11-18 15:14:16.149070,599617584446300869,-26.00
2025-11-18 15:14:16.149070,599617584446300869,-36.00
2025-11-18 15:14:16.149070,599617584446300869,-33.00
2025-11-18 15:14:16.149070,599617584446300869,-31.00
2025-11-18 15:14:16.149070,599617584446300869,-24.00
2025-11-18 15:14:16.149070,599617584446300869,-16.00
2025-11-18 15:14:16.149070,599617584446300869,-28.00
2025-11-18 15:14:16.149070,599617584446300869,-24.00
2025-11-18 15:14:16.149070,599617584446300869,12.00
2025-11-18 15:14:16.149070,599617584446300869,19.00
2025-11-18 15:14:16.149070,599617584446300869,9.00
2025-11-18 15:14:16.149070,599617584446300869,26.00
2025-11-18 15:14:16.149070,599617584446300869,31.00
2025-11-18 15:14:16.149070,599617584446300869,19.00
2025-11-18 15:14:16.149070,599617584446300869,28.00
2025-11-18 15:14:16.149070,599617584446300869,38.00
2025-11-18 15:14:16.149070,599617584446300869,40.00
2025-11-18 15:14:16.149070,599617584446300869,52.00
2025-11-18 15:14:16.149070,599617584446300869,67.00
2025-11-18 15:14:16.149070,599617584446300869,84.00
2025-11-18 15:14:16.149070,599617584446300869,108.00
2025-11-18 15:14:16.149070,599617584446300869,118.00
2025-11-18 15:14:16.149070,599617584446300869,98.00
2025-11-18 15:14:16.149070,599617584446300869,91.00
2025-11-18 15:14:16.149070,599617584446300869,118.00
2025-11-18 15:14:16.149070,599617584446300869,139.00
2025-11-18 15:14:16.149070,599617584446300869,137.00
2025-11-18 15:14:16.149070,599617584446300869,132.00
2025-11-18 15:14:16.149070,599617584446300869,122.00
2025-11-18 15:14:16.149070,599617584446300869,98.00
2025-11-18 15:14:16.149070,599617584446300869,65.00
2025-11-18 15:14:16.149070,599617584446300869,19.00
2025-11-18 15:14:16.149070,599617584446300869,-24.00
2025-11-18 15:14:16.149070,599617584446300869,-48.00
2025-11-18 15:14:16.149070,599617584446300869,-65.00
2025-11-18 15:14:16.149070,599617584446300869,-86.00
2025-11-18 15:14:16.686132,599617585006997910,-105.00
2025-11-18 15:14:16.686132,599617585006997910,-110.00
2025-11-18 15:14:16.686132,599617585006997910,-113.00
2025-11-18 15:14:16.686132,599617585006997910,-113.00
2025-11-18 15:14:16.686132,599617585006997910,-108.00
2025-11-18 15:14:16.686132,599617585006997910,-105.00
2025-11-18 15:14:16.686132,599617585006997910,-101.00
2025-11-18 15:14:16.686132,599617585006997910,-98.00
2025-11-18 15:14:16.686132,599617585006997910,-93.00
2025-11-18 15:14:16.686132,599617585006997910,-72.00
2025-11-18 15:14:16.686132,599617585006997910,-65.00
2025-11-18 15:14:16.686132,599617585006997910,-79.00
2025-11-18 15:14:16.686132,599617585006997910,-81.00
2025-11-18 15:14:16.686132,599617585006997910,-69.00
2025-11-18 15:14:16.686132,599617585006997910,-65.00
2025-11-18 15:14:16.686132,599617585006997910,-69.00
2025-11-18 15:14:16.686132,599617585006997910,-72.00
2025-11-18 15:14:16.686132,599617585006997910,-67.00
2025-11-18 15:14:16.686132,599617585006997910,-65.00
2025-11-18 15:14:16.686132,599617585006997910,-65.00
2025-11-18 15:14:16.686132,599617585006997910,-62.00
2025-11-18 15:14:16.686132,599617585006997910,-62.00
2025-11-18 15:14:16.686132,599617585006997910,-62.00
2025-11-18 15:14:16.686132,599617585006997910,-67.00
2025-11-18 15:14:16.686132,599617585006997910,-72.00
2025-11-18 15:14:16.686132,599617585006997910,-67.00
2025-11-18 15:14:16.686132,599617585006997910,-55.00
2025-11-18 15:14:16.686132,599617585006997910,-60.00
2025-11-18 15:14:16.686132,599617585006997910,-65.00
2025-11-18 15:14:16.686132,599617585006997910,-50.00
2025-11-18 15:14:16.686132,599617585006997910,-45.00
2025-11-18 15:14:16.686132,599617585006997910,-69.00
2025-11-18 15:14:16.686132,599617585006997910,-72.00
2025-11-18 15:14:16.686132,599617585006997910,-31.00
2025-11-18 15:14:16.686132,599617585006997910,-31.00
2025-11-18 15:14:16.686132,599617585006997910,-79.00
2025-11-18 15:14:16.686132,599617585006997910,-74.00
2025-11-18 15:14:16.686132,599617585006997910,-40.00
2025-11-18 15:14:16.686132,599617585006997910,-43.00
2025-11-18 15:14:16.686132,599617585006997910,-57.00
2025-11-18 15:14:16.686132,599617585006997910,-52.00
2025-11-18 15:14:16.686132,599617585006997910,-50.00
2025-11-18 15:14:16.686132,599617585006997910,-60.00
2025-11-18 15:14:16.686132,599617585006997910,-62.00
2025-11-18 15:14:16.686132,599617585006997910,-40.00
2025-11-18 15:14:16.686132,599617585006997910,-16.00
2025-11-18 15:14:16.686132,599617585006997910,-4.00
2025-11-18 15:14:16.686132,599617585006997910,-4.00
2025-11-18 15:14:16.686132,599617585006997910,-16.00
2025-11-18 15:14:16.686132,599617585006997910,-24.00
2025-11-18 15:14:16.686132,599617585006997910,-16.00
2025-11-18 15:14:16.686132,599617585006997910,-16.00
2025-11-18 15:14:16.686132,599617585006997910,-21.00
2025-11-18 15:14:16.686132,599617585006997910,-24.00
2025-11-18 15:14:16.686132,599617585006997910,-19.00
2025-11-18 15:14:16.686132,599617585006997910,-21.00
2025-11-18 15:14:16.686132,599617585006997910,-28.00
2025-11-18 15:14:16.686132,599617585006997910,-26.00
2025-11-18 15:14:16.686132,599617585006997910,-31.00
2025-11-18 15:14:16.686132,599617585006997910,-33.00
2025-11-18 15:14:16.686132,599617585006997910,-16.00
2025-11-18 15:14:16.686132,599617585006997910,-19.00
2025-11-18 15:14:16.686132,599617585006997910,-38.00
2025-11-18 15:14:16.686132,599617585006997910,-36.00
2025-11-18 15:14:16.686132,599617585006997910,-36.00
2025-11-18 15:14:16.686132,599617585006997910,-60.00
2025-11-18 15:14:16.686132,599617585006997910,-26.00
2025-11-18 15:14:16.686132,599617585006997910,156.00
2025-11-18 15:14:16.686132,599617585006997910,397.00
2025-11-18 15:14:16.686132,599617585006997910,472.00
2025-11-18 15:14:16.686132,599617585006997910,224.00
2025-11-18 15:14:16.686132,599617585006997910,-149.00
2025-11-18 15:14:16.686132,599617585006997910,-257.00
2025-11-18 15:14:17.228457,599617585567694951,-156.00
2025-11-18 15:14:17.228457,599617585567694951,-91.00
2025-11-18 15:14:17.228457,599617585567694951,-55.00
2025-11-18 15:14:17.228457,599617585567694951,-31.00
2025-11-18 15:14:17.228457,599617585567694951,-45.00
2025-11-18 15:14:17.228457,599617585567694951,-50.00
2025-11-18 15:14:17.228457,599617585567694951,-28.00
2025-11-18 15:14:17.228457,599617585567694951,-24.00
2025-11-18 15:14:17.228457,599617585567694951,-16.00
2025-11-18 15:14:17.228457,599617585567694951,4.00
2025-11-18 15:14:17.228457,599617585567694951,7.00
2025-11-18 15:14:17.228457,599617585567694951,-2.00
2025-11-18 15:14:17.228457,599617585567694951,7.00
2025-11-18 15:14:17.228457,599617585567694951,24.00
2025-11-18 15:14:17.228457,599617585567694951,24.00
2025-11-18 15:14:17.228457,599617585567694951,16.00
2025-11-18 15:14:17.228457,599617585567694951,24.00
2025-11-18 15:14:17.228457,599617585567694951,31.00
2025-11-18 15:14:17.228457,599617585567694951,28.00
2025-11-18 15:14:17.228457,599617585567694951,36.00
2025-11-18 15:14:17.228457,599617585567694951,48.00
2025-11-18 15:14:17.228457,599617585567694951,48.00
2025-11-18 15:14:17.228457,599617585567694951,55.00
2025-11-18 15:14:17.228457,599617585567694951,77.00
2025-11-18 15:14:17.228457,599617585567694951,91.00
2025-11-18 15:14:17.228457,599617585567694951,96.00
2025-11-18 15:14:17.228457,599617585567694951,105.00
2025-11-18 15:14:17.228457,599617585567694951,127.00
2025-11-18 15:14:17.228457,599617585567694951,130.00
2025-11-18 15:14:17.228457,599617585567694951,108.00
2025-11-18 15:14:17.228457,599617585567694951,101.00
2025-11-18 15:14:17.228457,599617585567694951,118.00
2025-11-18 15:14:17.228457,599617585567694951,108.00
2025-11-18 15:14:17.228457,599617585567694951,72.00
2025-11-18 15:14:17.228457,599617585567694951,40.00
2025-11-18 15:14:17.228457,599617585567694951,16.00
2025-11-18 15:14:17.228457,599617585567694951,-16.00
2025-11-18 15:14:17.228457,599617585567694951,-69.00
2025-11-18 15:14:17.228457,599617585567694951,-105.00
2025-11-18 15:14:17.228457,599617585567694951,-103.00
2025-11-18 15:14:17.228457,599617585567694951,-105.00
2025-11-18 15:14:17.228457,599617585567694951,-125.00
2025-11-18 15:14:17.228457,599617585567694951,-125.00
2025-11-18 15:14:17.228457,599617585567694951,-110.00
2025-11-18 15:14:17.228457,599617585567694951,-115.00
2025-11-18 15:14:17.228457,599617585567694951,-122.00
2025-11-18 15:14:17.228457,599617585567694951,-118.00
2025-11-18 15:14:17.228457,599617585567694951,-120.00
2025-11-18 15:14:17.228457,599617585567694951,-113.00
2025-11-18 15:14:17.228457,599617585567694951,-93.00
2025-11-18 15:14:17.228457,599617585567694951,-89.00
2025-11-18 15:14:17.228457,599617585567694951,-86.00
2025-11-18 15:14:17.228457,599617585567694951,-77.00
2025-11-18 15:14:17.228457,599617585567694951,-79.00
2025-11-18 15:14:17.228457,599617585567694951,-86.00
2025-11-18 15:14:17.228457,599617585567694951,-84.00
2025-11-18 15:14:17.228457,599617585567694951,-69.00
2025-11-18 15:14:17.228457,599617585567694951,-79.00
2025-11-18 15:14:17.228457,599617585567694951,-96.00
2025-11-18 15:14:17.228457,599617585567694951,-81.00
2025-11-18 15:14:17.228457,599617585567694951,-74.00
2025-11-18 15:14:17.228457,599617585567694951,-89.00
2025-11-18 15:14:17.228457,599617585567694951,-98.00
2025-11-18 15:14:17.228457,599617585567694951,-103.00
2025-11-18 15:14:17.228457,599617585567694951,-101.00
2025-11-18 15:14:17.228457,599617585567694951,-84.00
2025-11-18 15:14:17.228457,599617585567694951,-60.00
2025-11-18 15:14:17.228457,599617585567694951,-50.00
2025-11-18 15:14:17.228457,599617585567694951,-69.00
2025-11-18 15:14:17.228457,599617585567694951,-93.00
2025-11-18 15:14:17.228457,599617585567694951,-91.00
2025-11-18 15:14:17.228457,599617585567694951,-31.00
2025-11-18 15:14:17.228457,599617585567694951,0.00
2025-11-18 15:14:17.828297,599617586128361474,-84.00
2025-11-18 15:14:17.828297,599617586128361474,-151.00
2025-11-18 15:14:17.828297,599617586128361474,-113.00
2025-11-18 15:14:17.828297,599617586128361474,-77.00
2025-11-18 15:14:17.828297,599617586128361474,-79.00
2025-11-18 15:14:17.828297,599617586128361474,-77.00
2025-11-18 15:14:17.828297,599617586128361474,-67.00
2025-11-18 15:14:17.828297,599617586128361474,-65.00
2025-11-18 15:14:17.828297,599617586128361474,-52.00
2025-11-18 15:14:17.828297,599617586128361474,-50.00
2025-11-18 15:14:17.828297,599617586128361474,-62.00
2025-11-18 15:14:17.828297,599617586128361474,-62.00
2025-11-18 15:14:17.828297,599617586128361474,-45.00
2025-11-18 15:14:17.828297,599617586128361474,-33.00
2025-11-18 15:14:17.828297,599617586128361474,-31.00
2025-11-18 15:14:17.828297,599617586128361474,-28.00
2025-11-18 15:14:17.828297,599617586128361474,-38.00
2025-11-18 15:14:17.828297,599617586128361474,-52.00
2025-11-18 15:14:17.828297,599617586128361474,-55.00
2025-11-18 15:14:17.828297,599617586128361474,-60.00
2025-11-18 15:14:17.828297,599617586128361474,-81.00
2025-11-18 15:14:17.828297,599617586128361474,-81.00
2025-11-18 15:14:17.828297,599617586128361474,-45.00
2025-11-18 15:14:17.828297,599617586128361474,-33.00
2025-11-18 15:14:17.828297,599617586128361474,-62.00
2025-11-18 15:14:17.828297,599617586128361474,-74.00
2025-11-18 15:14:17.828297,599617586128361474,-43.00
2025-11-18 15:14:17.828297,599617586128361474,-38.00
2025-11-18 15:14:17.828297,599617586128361474,-84.00
2025-11-18 15:14:17.828297,599617586128361474,-110.00
2025-11-18 15:14:17.828297,599617586128361474,-86.00
2025-11-18 15:14:17.828297,599617586128361474,9.00
2025-11-18 15:14:17.828297,599617586128361474,207.00
2025-11-18 15:14:17.828297,599617586128361474,368.00
2025-11-18 15:14:17.828297,599617586128361474,303.00
2025-11-18 15:14:17.828297,599617586128361474,40.00
2025-11-18 15:14:17.828297,599617586128361474,-190.00
2025-11-18 15:14:17.828297,599617586128361474,-236.00
2025-11-18 15:14:17.828297,599617586128361474,-163.00
2025-11-18 15:14:17.828297,599617586128361474,-110.00
2025-11-18 15:14:17.828297,599617586128361474,-86.00
2025-11-18 15:14:17.828297,599617586128361474,-57.00
2025-11-18 15:14:17.828297,599617586128361474,-40.00
2025-11-18 15:14:17.828297,599617586128361474,-28.00
2025-11-18 15:14:17.828297,599617586128361474,-19.00
2025-11-18 15:14:17.828297,599617586128361474,-31.00
2025-11-18 15:14:17.828297,599617586128361474,-26.00
2025-11-18 15:14:17.828297,599617586128361474,-9.00
2025-11-18 15:14:17.828297,599617586128361474,-19.00
2025-11-18 15:14:17.828297,599617586128361474,-19.00
2025-11-18 15:14:17.828297,599617586128361474,-7.00
2025-11-18 15:14:17.828297,599617586128361474,-9.00
2025-11-18 15:14:17.828297,599617586128361474,14.00
2025-11-18 15:14:17.828297,599617586128361474,45.00
2025-11-18 15:14:17.828297,599617586128361474,43.00
2025-11-18 15:14:17.828297,599617586128361474,28.00
2025-11-18 15:14:17.828297,599617586128361474,19.00
2025-11-18 15:14:17.828297,599617586128361474,24.00
2025-11-18 15:14:17.828297,599617586128361474,38.00
2025-11-18 15:14:17.828297,599617586128361474,40.00
2025-11-18 15:14:17.828297,599617586128361474,57.00
2025-11-18 15:14:17.828297,599617586128361474,98.00
2025-11-18 15:14:17.828297,599617586128361474,98.00
2025-11-18 15:14:17.828297,599617586128361474,93.00
2025-11-18 15:14:17.828297,599617586128361474,142.00
2025-11-18 15:14:17.828297,599617586128361474,151.00
2025-11-18 15:14:17.828297,599617586128361474,105.00
2025-11-18 15:14:17.828297,599617586128361474,101.00
2025-11-18 15:14:17.828297,599617586128361474,130.00
2025-11-18 15:14:17.828297,599617586128361474,120.00
2025-11-18 15:14:17.828297,599617586128361474,101.00
2025-11-18 15:14:17.828297,599617586128361474,69.00
2025-11-18 15:14:17.828297,599617586128361474,12.00
2025-11-18 15:14:18.336694,599617586689058515,-28.00
2025-11-18 15:14:18.336694,599617586689058515,-31.00
2025-11-18 15:14:18.336694,599617586689058515,-48.00
2025-11-18 15:14:18.336694,599617586689058515,-65.00
2025-11-18 15:14:18.336694,599617586689058515,-62.00
2025-11-18 15:14:18.336694,599617586689058515,-77.00
2025-11-18 15:14:18.336694,599617586689058515,-98.00
2025-11-18 15:14:18.336694,599617586689058515,-96.00
2025-11-18 15:14:18.336694,599617586689058515,-81.00
2025-11-18 15:14:18.336694,599617586689058515,-74.00
2025-11-18 15:14:18.336694,599617586689058515,-79.00
2025-11-18 15:14:18.336694,599617586689058515,-74.00
2025-11-18 15:14:18.336694,599617586689058515,-65.00
2025-11-18 15:14:18.336694,599617586689058515,-69.00
2025-11-18 15:14:18.336694,599617586689058515,-67.00
2025-11-18 15:14:18.336694,599617586689058515,-48.00
2025-11-18 15:14:18.336694,599617586689058515,-24.00
2025-11-18 15:14:18.336694,599617586689058515,-26.00
2025-11-18 15:14:18.336694,599617586689058515,-33.00
2025-11-18 15:14:18.336694,599617586689058515,-28.00
2025-11-18 15:14:18.336694,599617586689058515,-26.00
2025-11-18 15:14:18.336694,599617586689058515,-31.00
2025-11-18 15:14:18.336694,599617586689058515,-28.00
2025-11-18 15:14:18.336694,599617586689058515,-33.00
2025-11-18 15:14:18.336694,599617586689058515,-55.00
2025-11-18 15:14:18.336694,599617586689058515,-60.00
2025-11-18 15:14:18.336694,599617586689058515,-38.00
2025-11-18 15:14:18.336694,599617586689058515,-31.00
2025-11-18 15:14:18.336694,599617586689058515,-45.00
2025-11-18 15:14:18.336694,599617586689058515,-45.00
2025-11-18 15:14:18.336694,599617586689058515,-31.00
2025-11-18 15:14:18.336694,599617586689058515,-26.00
2025-11-18 15:14:18.336694,599617586689058515,-33.00
2025-11-18 15:14:18.336694,599617586689058515,-43.00
2025-11-18 15:14:18.336694,599617586689058515,-45.00
2025-11-18 15:14:18.336694,599617586689058515,-48.00
2025-11-18 15:14:18.336694,599617586689058515,-45.00
2025-11-18 15:14:18.336694,599617586689058515,-43.00
2025-11-18 15:14:18.336694,599617586689058515,-48.00
2025-11-18 15:14:18.336694,599617586689058515,-55.00
2025-11-18 15:14:18.336694,599617586689058515,-50.00
2025-11-18 15:14:18.336694,599617586689058515,-43.00
2025-11-18 15:14:18.336694,599617586689058515,-40.00
2025-11-18 15:14:18.336694,599617586689058515,-43.00
2025-11-18 15:14:18.336694,599617586689058515,-38.00
2025-11-18 15:14:18.336694,599617586689058515,-28.00
2025-11-18 15:14:18.336694,599617586689058515,-24.00
2025-11-18 15:14:18.336694,599617586689058515,-14.00
2025-11-18 15:14:18.336694,599617586689058515,-2.00
2025-11-18 15:14:18.336694,599617586689058515,-7.00
2025-11-18 15:14:18.336694,599617586689058515,-21.00
2025-11-18 15:14:18.336694,599617586689058515,-28.00
2025-11-18 15:14:18.336694,599617586689058515,-31.00
2025-11-18 15:14:18.336694,599617586689058515,-31.00
2025-11-18 15:14:18.336694,599617586689058515,-33.00
2025-11-18 15:14:18.336694,599617586689058515,-31.00
2025-11-18 15:14:18.336694,599617586689058515,-36.00
2025-11-18 15:14:18.336694,599617586689058515,-45.00
2025-11-18 15:14:18.336694,599617586689058515,-45.00
2025-11-18 15:14:18.336694,599617586689058515,-31.00
2025-11-18 15:14:18.336694,599617586689058515,-38.00
2025-11-18 15:14:18.336694,599617586689058515,-52.00
2025-11-18 15:14:18.336694,599617586689058515,-45.00
2025-11-18 15:14:18.336694,599617586689058515,-45.00
2025-11-18 15:14:18.336694,599617586689058515,-62.00
2025-11-18 15:14:18.336694,599617586689058515,-40.00
2025-11-18 15:14:18.336694,599617586689058515,86.00
2025-11-18 15:14:18.336694,599617586689058515,320.00
2025-11-18 15:14:18.336694,599617586689058515,503.00
2025-11-18 15:14:18.336694,599617586689058515,368.00
2025-11-18 15:14:18.336694,599617586689058515,-43.00
2025-11-18 15:14:18.336694,599617586689058515,-281.00
2025-11-18 15:14:18.336694,599617586689058515,-224.00
2025-11-18 15:14:18.909715,599617587249755554,-146.00
2025-11-18 15:14:18.909715,599617587249755554,-108.00
2025-11-18 15:14:18.909715,599617587249755554,-52.00
2025-11-18 15:14:18.909715,599617587249755554,-33.00
2025-11-18 15:14:18.909715,599617587249755554,-43.00
2025-11-18 15:14:18.909715,599617587249755554,-19.00
2025-11-18 15:14:18.909715,599617587249755554,7.00
2025-11-18 15:14:18.909715,599617587249755554,4.00
2025-11-18 15:14:18.909715,599617587249755554,12.00
2025-11-18 15:14:18.909715,599617587249755554,14.00
2025-11-18 15:14:18.909715,599617587249755554,7.00
2025-11-18 15:14:18.909715,599617587249755554,12.00
2025-11-18 15:14:18.909715,599617587249755554,19.00
2025-11-18 15:14:18.909715,599617587249755554,14.00
2025-11-18 15:14:18.909715,599617587249755554,19.00
2025-11-18 15:14:18.909715,599617587249755554,31.00
2025-11-18 15:14:18.909715,599617587249755554,36.00
2025-11-18 15:14:18.909715,599617587249755554,52.00
2025-11-18 15:14:18.909715,599617587249755554,65.00
2025-11-18 15:14:18.909715,599617587249755554,55.00
2025-11-18 15:14:18.909715,599617587249755554,55.00
2025-11-18 15:14:18.909715,599617587249755554,81.00
2025-11-18 15:14:18.909715,599617587249755554,108.00
2025-11-18 15:14:18.909715,599617587249755554,115.00
2025-11-18 15:14:18.909715,599617587249755554,113.00
2025-11-18 15:14:18.909715,599617587249755554,120.00
2025-11-18 15:14:18.909715,599617587249755554,132.00
2025-11-18 15:14:18.909715,599617587249755554,137.00
2025-11-18 15:14:18.909715,599617587249755554,142.00
2025-11-18 15:14:18.909715,599617587249755554,151.00
2025-11-18 15:14:18.909715,599617587249755554,144.00
2025-11-18 15:14:18.909715,599617587249755554,120.00
2025-11-18 15:14:18.909715,599617587249755554,91.00
2025-11-18 15:14:18.909715,599617587249755554,60.00
2025-11-18 15:14:18.909715,599617587249755554,16.00
2025-11-18 15:14:18.909715,599617587249755554,-28.00
2025-11-18 15:14:18.909715,599617587249755554,-55.00
2025-11-18 15:14:18.909715,599617587249755554,-74.00
2025-11-18 15:14:18.909715,599617587249755554,-89.00
2025-11-18 15:14:18.909715,599617587249755554,-96.00
2025-11-18 15:14:18.909715,599617587249755554,-101.00
2025-11-18 15:14:18.909715,599617587249755554,-108.00
2025-11-18 15:14:18.909715,599617587249755554,-108.00
2025-11-18 15:14:18.909715,599617587249755554,-101.00
2025-11-18 15:14:18.909715,599617587249755554,-98.00
2025-11-18 15:14:18.909715,599617587249755554,-101.00
2025-11-18 15:14:18.909715,599617587249755554,-96.00
2025-11-18 15:14:18.909715,599617587249755554,-84.00
2025-11-18 15:14:18.909715,599617587249755554,-72.00
2025-11-18 15:14:18.909715,599617587249755554,-65.00
2025-11-18 15:14:18.909715,599617587249755554,-65.00
2025-11-18 15:14:18.909715,599617587249755554,-69.00
2025-11-18 15:14:18.909715,599617587249755554,-72.00
2025-11-18 15:14:18.909715,599617587249755554,-57.00
2025-11-18 15:14:18.909715,599617587249755554,-43.00
2025-11-18 15:14:18.909715,599617587249755554,-48.00
2025-11-18 15:14:18.909715,599617587249755554,-48.00
2025-11-18 15:14:18.909715,599617587249755554,-50.00
2025-11-18 15:14:18.909715,599617587249755554,-60.00
2025-11-18 15:14:18.909715,599617587249755554,-60.00
2025-11-18 15:14:18.909715,599617587249755554,-48.00
2025-11-18 15:14:18.909715,599617587249755554,-50.00
2025-11-18 15:14:18.909715,599617587249755554,-57.00
2025-11-18 15:14:18.909715,599617587249755554,-50.00
2025-11-18 15:14:18.909715,599617587249755554,-40.00
2025-11-18 15:14:18.909715,599617587249755554,-48.00
2025-11-18 15:14:18.909715,599617587249755554,-55.00
2025-11-18 15:14:18.909715,599617587249755554,-36.00
2025-11-18 15:14:18.909715,599617587249755554,-19.00
2025-11-18 15:14:18.909715,599617587249755554,-33.00
2025-11-18 15:14:18.909715,599617587249755554,-45.00
2025-11-18 15:14:18.909715,599617587249755554,-38.00
2025-11-18 15:14:18.909715,599617587249755554,-36.00
2025-11-18 15:14:19.508049,599617587810452599,-40.00
2025-11-18 15:14:19.508049,599617587810452599,-40.00
2025-11-18 15:14:19.508049,599617587810452599,-38.00
2025-11-18 15:14:19.508049,599617587810452599,-38.00
2025-11-18 15:14:19.508049,599617587810452599,-40.00
2025-11-18 15:14:19.508049,599617587810452599,-36.00
2025-11-18 15:14:19.508049,599617587810452599,-21.00
2025-11-18 15:14:19.508049,599617587810452599,-9.00
2025-11-18 15:14:19.508049,599617587810452599,-7.00
2025-11-18 15:14:19.508049,599617587810452599,2.00
2025-11-18 15:14:19.508049,599617587810452599,2.00
2025-11-18 15:14:19.508049,599617587810452599,-12.00
2025-11-18 15:14:19.508049,599617587810452599,-14.00
2025-11-18 15:14:19.508049,599617587810452599,-14.00
2025-11-18 15:14:19.508049,599617587810452599,-24.00
2025-11-18 15:14:19.508049,599617587810452599,-36.00
2025-11-18 15:14:19.508049,599617587810452599,-36.00
2025-11-18 15:14:19.508049,599617587810452599,-38.00
2025-11-18 15:14:19.508049,599617587810452599,-40.00
2025-11-18 15:14:19.508049,599617587810452599,-36.00
2025-11-18 15:14:19.508049,599617587810452599,-31.00
2025-11-18 15:14:19.508049,599617587810452599,-36.00
2025-11-18 15:14:19.508049,599617587810452599,-33.00
2025-11-18 15:14:19.508049,599617587810452599,-36.00
2025-11-18 15:14:19.508049,599617587810452599,-50.00
2025-11-18 15:14:19.508049,599617587810452599,-69.00
2025-11-18 15:14:19.508049,599617587810452599,-52.00
2025-11-18 15:14:19.508049,599617587810452599,79.00
2025-11-18 15:14:19.508049,599617587810452599,313.00
2025-11-18 15:14:19.508049,599617587810452599,488.00
2025-11-18 15:14:19.508049,599617587810452599,366.00
2025-11-18 15:14:19.508049,599617587810452599,-28.00
2025-11-18 15:14:19.508049,599617587810452599,-257.00
2025-11-18 15:14:19.508049,599617587810452599,-202.00
2025-11-18 15:14:19.508049,599617587810452599,-130.00
2025-11-18 15:14:19.508049,599617587810452599,-96.00
2025-11-18 15:14:19.508049,599617587810452599,-45.00
2025-11-18 15:14:19.508049,599617587810452599,-31.00
2025-11-18 15:14:19.508049,599617587810452599,-33.00
2025-11-18 15:14:19.508049,599617587810452599,-19.00
2025-11-18 15:14:19.508049,599617587810452599,-9.00
2025-11-18 15:14:19.508049,599617587810452599,-14.00
2025-11-18 15:14:19.508049,599617587810452599,-9.00
2025-11-18 15:14:19.508049,599617587810452599,-2.00
2025-11-18 15:14:19.508049,599617587810452599,2.00
2025-11-18 15:14:19.508049,599617587810452599,12.00
2025-11-18 15:14:19.508049,599617587810452599,19.00
2025-11-18 15:14:19.508049,599617587810452599,19.00
2025-11-18 15:14:19.508049,599617587810452599,21.00
2025-11-18 15:14:19.508049,599617587810452599,31.00
2025-11-18 15:14:19.508049,599617587810452599,45.00
2025-11-18 15:14:19.508049,599617587810452599,52.00
2025-11-18 15:14:19.508049,599617587810452599,50.00
2025-11-18 15:14:19.508049,599617587810452599,52.00
2025-11-18 15:14:19.508049,599617587810452599,69.00
2025-11-18 15:14:19.508049,599617587810452599,86.00
2025-11-18 15:14:19.508049,599617587810452599,89.00
2025-11-18 15:14:19.508049,599617587810452599,96.00
2025-11-18 15:14:19.508049,599617587810452599,120.00
2025-11-18 15:14:19.508049,599617587810452599,134.00
2025-11-18 15:14:19.508049,599617587810452599,137.00
2025-11-18 15:14:19.508049,599617587810452599,139.00
2025-11-18 15:14:19.508049,599617587810452599,146.00
2025-11-18 15:14:19.508049,599617587810452599,149.00
2025-11-18 15:14:19.508049,599617587810452599,139.00
2025-11-18 15:14:19.508049,599617587810452599,125.00
2025-11-18 15:14:19.508049,599617587810452599,108.00
2025-11-18 15:14:19.508049,599617587810452599,79.00
2025-11-18 15:14:19.508049,599617587810452599,40.00
2025-11-18 15:14:19.508049,599617587810452599,4.00
2025-11-18 15:14:19.508049,599617587810452599,-24.00
2025-11-18 15:14:19.508049,599617587810452599,-62.00
2025-11-18 15:14:19.508049,599617587810452599,-91.00
2025-11-18 15:14:20.047495,599617588371149640,-96.00
2025-11-18 15:14:20.047495,599617588371149640,-98.00
2025-11-18 15:14:20.047495,599617588371149640,-101.00
2025-11-18 15:14:20.047495,599617588371149640,-98.00
2025-11-18 15:14:20.047495,599617588371149640,-103.00
2025-11-18 15:14:20.047495,599617588371149640,-105.00
2025-11-18 15:14:20.047495,599617588371149640,-91.00
2025-11-18 15:14:20.047495,599617588371149640,-79.00
2025-11-18 15:14:20.047495,599617588371149640,-79.00
2025-11-18 15:14:20.047495,599617588371149640,-81.00
2025-11-18 15:14:20.047495,599617588371149640,-77.00
2025-11-18 15:14:20.047495,599617588371149640,-72.00
2025-11-18 15:14:20.047495,599617588371149640,-67.00
2025-11-18 15:14:20.047495,599617588371149640,-62.00
2025-11-18 15:14:20.047495,599617588371149640,-62.00
2025-11-18 15:14:20.047495,599617588371149640,-67.00
2025-11-18 15:14:20.047495,599617588371149640,-67.00
2025-11-18 15:14:20.047495,599617588371149640,-62.00
2025-11-18 15:14:20.047495,599617588371149640,-62.00
2025-11-18 15:14:20.047495,599617588371149640,-67.00
2025-11-18 15:14:20.047495,599617588371149640,-65.00
2025-11-18 15:14:20.047495,599617588371149640,-60.00
2025-11-18 15:14:20.047495,599617588371149640,-60.00
2025-11-18 15:14:20.047495,599617588371149640,-57.00
2025-11-18 15:14:20.047495,599617588371149640,-57.00
2025-11-18 15:14:20.047495,599617588371149640,-65.00
2025-11-18 15:14:20.047495,599617588371149640,-65.00
2025-11-18 15:14:20.047495,599617588371149640,-52.00
2025-11-18 15:14:20.047495,599617588371149640,-55.00
2025-11-18 15:14:20.047495,599617588371149640,-65.00
2025-11-18 15:14:20.047495,599617588371149640,-62.00
2025-11-18 15:14:20.047495,599617588371149640,-60.00
2025-11-18 15:14:20.047495,599617588371149640,-62.00
2025-11-18 15:14:20.047495,599617588371149640,-60.00
2025-11-18 15:14:20.047495,599617588371149640,-60.00
2025-11-18 15:14:20.047495,599617588371149640,-67.00
2025-11-18 15:14:20.047495,599617588371149640,-62.00
2025-11-18 15:14:20.047495,599617588371149640,-57.00
2025-11-18 15:14:20.047495,599617588371149640,-67.00
2025-11-18 15:14:20.047495,599617588371149640,-72.00
2025-11-18 15:14:20.047495,599617588371149640,-65.00
2025-11-18 15:14:20.047495,599617588371149640,-65.00
2025-11-18 15:14:20.047495,599617588371149640,-69.00
2025-11-18 15:14:20.047495,599617588371149640,-67.00
2025-11-18 15:14:20.047495,599617588371149640,-65.00
2025-11-18 15:14:20.047495,599617588371149640,-65.00
2025-11-18 15:14:20.047495,599617588371149640,-48.00
2025-11-18 15:14:20.047495,599617588371149640,-26.00
2025-11-18 15:14:20.047495,599617588371149640,-28.00
2025-11-18 15:14:20.047495,599617588371149640,-43.00
2025-11-18 15:14:20.047495,599617588371149640,-55.00
2025-11-18 15:14:20.047495,599617588371149640,-67.00
2025-11-18 15:14:20.047495,599617588371149640,-67.00
2025-11-18 15:14:20.047495,599617588371149640,-65.00
2025-11-18 15:14:20.047495,599617588371149640,-67.00
2025-11-18 15:14:20.047495,599617588371149640,-72.00
2025-11-18 15:14:20.047495,599617588371149640,-84.00
2025-11-18 15:14:20.047495,599617588371149640,-93.00
2025-11-18 15:14:20.047495,599617588371149640,-96.00
2025-11-18 15:14:20.047495,599617588371149640,-91.00
2025-11-18 15:14:20.047495,599617588371149640,-84.00
2025-11-18 15:14:20.047495,599617588371149640,-74.00
2025-11-18 15:14:20.047495,599617588371149640,-74.00
2025-11-18 15:14:20.047495,599617588371149640,-101.00
2025-11-18 15:14:20.047495,599617588371149640,-120.00
2025-11-18 15:14:20.047495,599617588371149640,-38.00
2025-11-18 15:14:20.047495,599617588371149640,168.00
2025-11-18 15:14:20.047495,599617588371149640,395.00
2025-11-18 15:14:20.047495,599617588371149640,399.00
2025-11-18 15:14:20.047495,599617588371149640,62.00
2025-11-18 15:14:20.047495,599617588371149640,-286.00
2025-11-18 15:14:20.047495,599617588371149640,-322.00
2025-11-18 15:14:20.047495,599617588371149640,-224.00
2025-11-18 15:14:20.621307,599617588931846681,-180.00
2025-11-18 15:14:20.621307,599617588931846681,-139.00
2025-11-18 15:14:20.621307,599617588931846681,-103.00
2025-11-18 15:14:20.621307,599617588931846681,-105.00
2025-11-18 15:14:20.621307,599617588931846681,-101.00
2025-11-18 15:14:20.621307,599617588931846681,-79.00
2025-11-18 15:14:20.621307,599617588931846681,-79.00
2025-11-18 15:14:20.621307,599617588931846681,-96.00
2025-11-18 15:14:20.621307,599617588931846681,-86.00
2025-11-18 15:14:20.621307,599617588931846681,-67.00
2025-11-18 15:14:20.621307,599617588931846681,-67.00
2025-11-18 15:14:20.621307,599617588931846681,-69.00
2025-11-18 15:14:20.621307,599617588931846681,-67.00
2025-11-18 15:14:20.621307,599617588931846681,-65.00
2025-11-18 15:14:20.621307,599617588931846681,-60.00
2025-11-18 15:14:20.621307,599617588931846681,-45.00
2025-11-18 15:14:20.621307,599617588931846681,-28.00
2025-11-18 15:14:20.621307,599617588931846681,-26.00
2025-11-18 15:14:20.621307,599617588931846681,-38.00
2025-11-18 15:14:20.621307,599617588931846681,-38.00
2025-11-18 15:14:20.621307,599617588931846681,-14.00
2025-11-18 15:14:20.621307,599617588931846681,2.00
2025-11-18 15:14:20.621307,599617588931846681,7.00
2025-11-18 15:14:20.621307,599617588931846681,24.00
2025-11-18 15:14:20.621307,599617588931846681,38.00
2025-11-18 15:14:20.621307,599617588931846681,38.00
2025-11-18 15:14:20.621307,599617588931846681,50.00
2025-11-18 15:14:20.621307,599617588931846681,67.00
2025-11-18 15:14:20.621307,599617588931846681,69.00
2025-11-18 15:14:20.621307,599617588931846681,65.00
2025-11-18 15:14:20.621307,599617588931846681,55.00
2025-11-18 15:14:20.621307,599617588931846681,28.00
2025-11-18 15:14:20.621307,599617588931846681,-4.00
2025-11-18 15:14:20.621307,599617588931846681,-36.00
2025-11-18 15:14:20.621307,599617588931846681,-72.00
2025-11-18 15:14:20.621307,599617588931846681,-108.00
2025-11-18 15:14:20.621307,599617588931846681,-130.00
2025-11-18 15:14:20.621307,599617588931846681,-149.00
2025-11-18 15:14:20.621307,599617588931846681,-168.00
2025-11-18 15:14:20.621307,599617588931846681,-178.00
2025-11-18 15:14:20.621307,599617588931846681,-185.00
2025-11-18 15:14:20.621307,599617588931846681,-187.00
2025-11-18 15:14:20.621307,599617588931846681,-178.00
2025-11-18 15:14:20.621307,599617588931846681,-166.00
2025-11-18 15:14:20.621307,599617588931846681,-163.00
2025-11-18 15:14:20.621307,599617588931846681,-163.00
2025-11-18 15:14:20.621307,599617588931846681,-156.00
2025-11-18 15:14:20.621307,599617588931846681,-146.00
2025-11-18 15:14:20.621307,599617588931846681,-134.00
2025-11-18 15:14:20.621307,599617588931846681,-130.00
2025-11-18 15:14:20.621307,599617588931846681,-118.00
2025-11-18 15:14:20.621307,599617588931846681,-113.00
2025-11-18 15:14:20.621307,599617588931846681,-122.00
2025-11-18 15:14:20.621307,599617588931846681,-125.00
2025-11-18 15:14:20.621307,599617588931846681,-113.00
2025-11-18 15:14:20.621307,599617588931846681,-108.00
2025-11-18 15:14:20.621307,599617588931846681,-113.00
2025-11-18 15:14:20.621307,599617588931846681,-110.00
2025-11-18 15:14:20.621307,599617588931846681,-101.00
2025-11-18 15:14:20.621307,599617588931846681,-98.00
2025-11-18 15:14:20.621307,599617588931846681,-103.00
2025-11-18 15:14:20.621307,599617588931846681,-101.00
2025-11-18 15:14:20.621307,599617588931846681,-91.00
2025-11-18 15:14:20.621307,599617588931846681,-93.00
2025-11-18 15:14:20.621307,599617588931846681,-96.00
2025-11-18 15:14:20.621307,599617588931846681,-96.00
2025-11-18 15:14:20.621307,599617588931846681,-96.00
2025-11-18 15:14:20.621307,599617588931846681,-91.00
2025-11-18 15:14:20.621307,599617588931846681,-81.00
2025-11-18 15:14:20.621307,599617588931846681,-81.00
2025-11-18 15:14:20.621307,599617588931846681,-91.00
2025-11-18 15:14:20.621307,599617588931846681,-93.00
2025-11-18 15:14:20.621307,599617588931846681,-84.00
2025-11-18 15:14:21.163531,599617589492533548,-79.00
2025-11-18 15:14:21.163531,599617589492533548,-79.00
2025-11-18 15:14:21.163531,599617589492533548,-79.00
2025-11-18 15:14:21.163531,599617589492533548,-79.00
2025-11-18 15:14:21.163531,599617589492533548,-84.00
2025-11-18 15:14:21.163531,599617589492533548,-84.00
2025-11-18 15:14:21.163531,599617589492533548,-77.00
2025-11-18 15:14:21.163531,599617589492533548,-72.00
2025-11-18 15:14:21.163531,599617589492533548,-67.00
2025-11-18 15:14:21.163531,599617589492533548,-55.00
2025-11-18 15:14:21.163531,599617589492533548,-33.00
2025-11-18 15:14:21.163531,599617589492533548,-33.00
2025-11-18 15:14:21.163531,599617589492533548,-50.00
2025-11-18 15:14:21.163531,599617589492533548,-60.00
2025-11-18 15:14:21.163531,599617589492533548,-60.00
2025-11-18 15:14:21.163531,599617589492533548,-57.00
2025-11-18 15:14:21.163531,599617589492533548,-65.00
2025-11-18 15:14:21.163531,599617589492533548,-67.00
2025-11-18 15:14:21.163531,599617589492533548,-72.00
2025-11-18 15:14:21.163531,599617589492533548,-84.00
2025-11-18 15:14:21.163531,599617589492533548,-81.00
2025-11-18 15:14:21.163531,599617589492533548,-62.00
2025-11-18 15:14:21.163531,599617589492533548,-65.00
2025-11-18 15:14:21.163531,599617589492533548,-74.00
2025-11-18 15:14:21.163531,599617589492533548,-72.00
2025-11-18 15:14:21.163531,599617589492533548,-74.00
2025-11-18 15:14:21.163531,599617589492533548,-96.00
2025-11-18 15:14:21.163531,599617589492533548,-86.00
2025-11-18 15:14:21.163531,599617589492533548,50.00
2025-11-18 15:14:21.163531,599617589492533548,310.00
2025-11-18 15:14:21.163531,599617589492533548,539.00
2025-11-18 15:14:21.163531,599617589492533548,452.00
2025-11-18 15:14:21.163531,599617589492533548,19.00
2025-11-18 15:14:21.163531,599617589492533548,-281.00
2025-11-18 15:14:21.163531,599617589492533548,-240.00
2025-11-18 15:14:21.163531,599617589492533548,-161.00
2025-11-18 15:14:21.163531,599617589492533548,-142.00
2025-11-18 15:14:21.163531,599617589492533548,-93.00
2025-11-18 15:14:21.163531,599617589492533548,-65.00
2025-11-18 15:14:21.163531,599617589492533548,-79.00
2025-11-18 15:14:21.163531,599617589492533548,-79.00
2025-11-18 15:14:21.163531,599617589492533548,-65.00
2025-11-18 15:14:21.163531,599617589492533548,-57.00
2025-11-18 15:14:21.163531,599617589492533548,-52.00
2025-11-18 15:14:21.163531,599617589492533548,-50.00
2025-11-18 15:14:21.163531,599617589492533548,-45.00
2025-11-18 15:14:21.163531,599617589492533548,-31.00
2025-11-18 15:14:21.163531,599617589492533548,-26.00
2025-11-18 15:14:21.163531,599617589492533548,-28.00
2025-11-18 15:14:21.163531,599617589492533548,-24.00
2025-11-18 15:14:21.163531,599617589492533548,-14.00
2025-11-18 15:14:21.163531,599617589492533548,-4.00
2025-11-18 15:14:21.163531,599617589492533548,0.00
2025-11-18 15:14:21.163531,599617589492533548,9.00
2025-11-18 15:14:21.163531,599617589492533548,24.00
2025-11-18 15:14:21.163531,599617589492533548,33.00
2025-11-18 15:14:21.163531,599617589492533548,38.00
2025-11-18 15:14:21.163531,599617589492533548,50.00
2025-11-18 15:14:21.163531,599617589492533548,65.00
2025-11-18 15:14:21.163531,599617589492533548,79.00
2025-11-18 15:14:21.163531,599617589492533548,98.00
2025-11-18 15:14:21.163531,599617589492533548,113.00
2025-11-18 15:14:21.163531,599617589492533548,122.00
2025-11-18 15:14:21.163531,599617589492533548,120.00
2025-11-18 15:14:21.163531,599617589492533548,115.00
2025-11-18 15:14:21.163531,599617589492533548,108.00
2025-11-18 15:14:21.163531,599617589492533548,93.00
2025-11-18 15:14:21.163531,599617589492533548,74.00
2025-11-18 15:14:21.163531,599617589492533548,43.00
2025-11-18 15:14:21.163531,599617589492533548,2.00
2025-11-18 15:14:21.163531,599617589492533548,-36.00
2025-11-18 15:14:21.163531,599617589492533548,-62.00
2025-11-18 15:14:21.163531,599617589492533548,-86.00
2025-11-18 15:14:21.698248,599617590053210245,-108.00
2025-11-18 15:14:21.698248,599617590053210245,-125.00
2025-11-18 15:14:21.698248,599617590053210245,-139.00
2025-11-18 15:14:21.698248,599617590053210245,-149.00
2025-11-18 15:14:21.698248,599617590053210245,-142.00
2025-11-18 15:14:21.698248,599617590053210245,-132.00
2025-11-18 15:14:21.698248,599617590053210245,-127.00
2025-11-18 15:14:21.698248,599617590053210245,-122.00
2025-11-18 15:14:21.698248,599617590053210245,-120.00
2025-11-18 15:14:21.698248,599617590053210245,-115.00
2025-11-18 15:14:21.698248,599617590053210245,-105.00
2025-11-18 15:14:21.698248,599617590053210245,-98.00
2025-11-18 15:14:21.698248,599617590053210245,-101.00
2025-11-18 15:14:21.698248,599617590053210245,-98.00
2025-11-18 15:14:21.698248,599617590053210245,-84.00
2025-11-18 15:14:21.698248,599617590053210245,-74.00
2025-11-18 15:14:21.698248,599617590053210245,-77.00
2025-11-18 15:14:21.698248,599617590053210245,-74.00
2025-11-18 15:14:21.698248,599617590053210245,-67.00
2025-11-18 15:14:21.698248,599617590053210245,-67.00
2025-11-18 15:14:21.698248,599617590053210245,-72.00
2025-11-18 15:14:21.698248,599617590053210245,-72.00
2025-11-18 15:14:21.698248,599617590053210245,-65.00
2025-11-18 15:14:21.698248,599617590053210245,-60.00
2025-11-18 15:14:21.698248,599617590053210245,-65.00
2025-11-18 15:14:21.698248,599617590053210245,-69.00
2025-11-18 15:14:21.698248,599617590053210245,-67.00
2025-11-18 15:14:21.698248,599617590053210245,-67.00
2025-11-18 15:14:21.698248,599617590053210245,-67.00
2025-11-18 15:14:21.698248,599617590053210245,-62.00
2025-11-18 15:14:21.698248,599617590053210245,-60.00
2025-11-18 15:14:21.698248,599617590053210245,-57.00
2025-11-18 15:14:21.698248,599617590053210245,-55.00
2025-11-18 15:14:21.698248,599617590053210245,-60.00
2025-11-18 15:14:21.698248,599617590053210245,-62.00
2025-11-18 15:14:21.698248,599617590053210245,-55.00
2025-11-18 15:14:21.698248,599617590053210245,-50.00
2025-11-18 15:14:21.698248,599617590053210245,-50.00
2025-11-18 15:14:21.698248,599617590053210245,-50.00
2025-11-18 15:14:21.698248,599617590053210245,-55.00
2025-11-18 15:14:21.698248,599617590053210245,-52.00
2025-11-18 15:14:21.698248,599617590053210245,-43.00
2025-11-18 15:14:21.698248,599617590053210245,-40.00
2025-11-18 15:14:21.698248,599617590053210245,-45.00
2025-11-18 15:14:21.698248,599617590053210245,-50.00
2025-11-18 15:14:21.698248,599617590053210245,-48.00
2025-11-18 15:14:21.698248,599617590053210245,-40.00
2025-11-18 15:14:21.698248,599617590053210245,-40.00
2025-11-18 15:14:21.698248,599617590053210245,-43.00
2025-11-18 15:14:21.698248,599617590053210245,-43.00
2025-11-18 15:14:21.698248,599617590053210245,-40.00
2025-11-18 15:14:21.698248,599617590053210245,-33.00
2025-11-18 15:14:21.698248,599617590053210245,-26.00
2025-11-18 15:14:21.698248,599617590053210245,-21.00
2025-11-18 15:14:21.698248,599617590053210245,-2.00
2025-11-18 15:14:21.698248,599617590053210245,14.00
2025-11-18 15:14:21.698248,599617590053210245,2.00
2025-11-18 15:14:21.698248,599617590053210245,-16.00
2025-11-18 15:14:21.698248,599617590053210245,-26.00
2025-11-18 15:14:21.698248,599617590053210245,-26.00
2025-11-18 15:14:21.698248,599617590053210245,-24.00
2025-11-18 15:14:21.698248,599617590053210245,-26.00
2025-11-18 15:14:21.698248,599617590053210245,-31.00
2025-11-18 15:14:21.698248,599617590053210245,-31.00
2025-11-18 15:14:21.698248,599617590053210245,-33.00
2025-11-18 15:14:21.698248,599617590053210245,-36.00
2025-11-18 15:14:21.698248,599617590053210245,-43.00
2025-11-18 15:14:21.698248,599617590053210245,-43.00
2025-11-18 15:14:21.698248,599617590053210245,-38.00
2025-11-18 15:14:21.698248,599617590053210245,-40.00
2025-11-18 15:14:21.698248,599617590053210245,-57.00
2025-11-18 15:14:21.698248,599617590053210245,-60.00
2025-11-18 15:14:21.698248,599617590053210245,40.00
2025-11-18 15:14:22.269211,599617590613907286,264.00
2025-11-18 15:14:22.269211,599617590613907286,510.00
2025-11-18 15:14:22.269211,599617590613907286,527.00
2025-11-18 15:14:22.269211,599617590613907286,173.00
2025-11-18 15:14:22.269211,599617590613907286,-190.00
2025-11-18 15:14:22.269211,599617590613907286,-219.00
2025-11-18 15:14:22.269211,599617590613907286,-122.00
2025-11-18 15:14:22.269211,599617590613907286,-105.00
2025-11-18 15:14:22.269211,599617590613907286,-79.00
2025-11-18 15:14:22.269211,599617590613907286,-38.00
2025-11-18 15:14:22.269211,599617590613907286,-36.00
2025-11-18 15:14:22.269211,599617590613907286,-36.00
2025-11-18 15:14:22.269211,599617590613907286,-21.00
2025-11-18 15:14:22.269211,599617590613907286,-24.00
2025-11-18 15:14:22.269211,599617590613907286,-24.00
2025-11-18 15:14:22.269211,599617590613907286,-12.00
2025-11-18 15:14:22.269211,599617590613907286,0.00
2025-11-18 15:14:22.269211,599617590613907286,4.00
2025-11-18 15:14:22.269211,599617590613907286,14.00
2025-11-18 15:14:22.269211,599617590613907286,12.00
2025-11-18 15:14:22.269211,599617590613907286,7.00
2025-11-18 15:14:22.269211,599617590613907286,16.00
2025-11-18 15:14:22.269211,599617590613907286,31.00
2025-11-18 15:14:22.269211,599617590613907286,38.00
2025-11-18 15:14:22.269211,599617590613907286,45.00
2025-11-18 15:14:22.269211,599617590613907286,55.00
2025-11-18 15:14:22.269211,599617590613907286,62.00
2025-11-18 15:14:22.269211,599617590613907286,67.00
2025-11-18 15:14:22.269211,599617590613907286,79.00
2025-11-18 15:14:22.269211,599617590613907286,93.00
2025-11-18 15:14:22.269211,599617590613907286,101.00
2025-11-18 15:14:22.269211,599617590613907286,115.00
2025-11-18 15:14:22.269211,599617590613907286,139.00
2025-11-18 15:14:22.269211,599617590613907286,156.00
2025-11-18 15:14:22.269211,599617590613907286,156.00
2025-11-18 15:14:22.269211,599617590613907286,154.00
2025-11-18 15:14:22.269211,599617590613907286,151.00
2025-11-18 15:14:22.269211,599617590613907286,151.00
2025-11-18 15:14:22.269211,599617590613907286,134.00
2025-11-18 15:14:22.269211,599617590613907286,103.00
2025-11-18 15:14:22.269211,599617590613907286,65.00
2025-11-18 15:14:22.269211,599617590613907286,21.00
2025-11-18 15:14:22.269211,599617590613907286,-9.00
2025-11-18 15:14:22.269211,599617590613907286,-36.00
2025-11-18 15:14:22.269211,599617590613907286,-65.00
2025-11-18 15:14:22.269211,599617590613907286,-86.00
2025-11-18 15:14:22.269211,599617590613907286,-91.00
2025-11-18 15:14:22.269211,599617590613907286,-91.00
2025-11-18 15:14:22.269211,599617590613907286,-93.00
2025-11-18 15:14:22.269211,599617590613907286,-93.00
2025-11-18 15:14:22.269211,599617590613907286,-96.00
2025-11-18 15:14:22.269211,599617590613907286,-93.00
2025-11-18 15:14:22.269211,599617590613907286,-79.00
2025-11-18 15:14:22.269211,599617590613907286,-72.00
2025-11-18 15:14:22.269211,599617590613907286,-67.00
2025-11-18 15:14:22.269211,599617590613907286,-62.00
2025-11-18 15:14:22.269211,599617590613907286,-62.00
2025-11-18 15:14:22.269211,599617590613907286,-60.00
2025-11-18 15:14:22.269211,599617590613907286,-52.00
2025-11-18 15:14:22.269211,599617590613907286,-52.00
2025-11-18 15:14:22.269211,599617590613907286,-48.00
2025-11-18 15:14:22.269211,599617590613907286,-45.00
2025-11-18 15:14:22.269211,599617590613907286,-45.00
2025-11-18 15:14:22.269211,599617590613907286,-43.00
2025-11-18 15:14:22.269211,599617590613907286,-40.00
2025-11-18 15:14:22.269211,599617590613907286,-38.00
2025-11-18 15:14:22.269211,599617590613907286,-33.00
2025-11-18 15:14:22.269211,599617590613907286,-33.00
2025-11-18 15:14:22.269211,599617590613907286,-40.00
2025-11-18 15:14:22.269211,599617590613907286,-45.00
2025-11-18 15:14:22.269211,599617590613907286,-40.00
2025-11-18 15:14:22.269211,599617590613907286,-38.00
2025-11-18 15:14:22.269211,599617590613907286,-33.00
2025-11-18 15:14:22.868604,599617591174634847,-31.00
2025-11-18 15:14:22.868604,599617591174634847,-33.00
2025-11-18 15:14:22.868604,599617591174634847,-28.00
2025-11-18 15:14:22.868604,599617591174634847,-21.00
2025-11-18 15:14:22.868604,599617591174634847,-21.00
2025-11-18 15:14:22.868604,599617591174634847,-24.00
2025-11-18 15:14:22.868604,599617591174634847,-19.00
2025-11-18 15:14:22.868604,599617591174634847,-16.00
2025-11-18 15:14:22.868604,599617591174634847,-21.00
2025-11-18 15:14:22.868604,599617591174634847,-28.00
2025-11-18 15:14:22.868604,599617591174634847,-21.00
2025-11-18 15:14:22.868604,599617591174634847,-12.00
2025-11-18 15:14:22.868604,599617591174634847,-7.00
2025-11-18 15:14:22.868604,599617591174634847,-9.00
2025-11-18 15:14:22.868604,599617591174634847,-12.00
2025-11-18 15:14:22.868604,599617591174634847,-12.00
2025-11-18 15:14:22.868604,599617591174634847,-7.00
2025-11-18 15:14:22.868604,599617591174634847,0.00
2025-11-18 15:14:22.868604,599617591174634847,-2.00
2025-11-18 15:14:22.868604,599617591174634847,-4.00
2025-11-18 15:14:22.868604,599617591174634847,-2.00
2025-11-18 15:14:22.868604,599617591174634847,-4.00
2025-11-18 15:14:22.868604,599617591174634847,-14.00
2025-11-18 15:14:22.868604,599617591174634847,-16.00
2025-11-18 15:14:22.868604,599617591174634847,-9.00
2025-11-18 15:14:22.868604,599617591174634847,-2.00
2025-11-18 15:14:22.868604,599617591174634847,0.00
2025-11-18 15:14:22.868604,599617591174634847,2.00
2025-11-18 15:14:22.868604,599617591174634847,19.00
2025-11-18 15:14:22.868604,599617591174634847,36.00
2025-11-18 15:14:22.868604,599617591174634847,21.00
2025-11-18 15:14:22.868604,599617591174634847,0.00
2025-11-18 15:14:22.868604,599617591174634847,-2.00
2025-11-18 15:14:22.868604,599617591174634847,-9.00
2025-11-18 15:14:22.868604,599617591174634847,-19.00
2025-11-18 15:14:22.868604,599617591174634847,-19.00
2025-11-18 15:14:22.868604,599617591174634847,-19.00
2025-11-18 15:14:22.868604,599617591174634847,-24.00
2025-11-18 15:14:22.868604,599617591174634847,-21.00
2025-11-18 15:14:22.868604,599617591174634847,-16.00
2025-11-18 15:14:22.868604,599617591174634847,-24.00
2025-11-18 15:14:22.868604,599617591174634847,-33.00
2025-11-18 15:14:22.868604,599617591174634847,-38.00
2025-11-18 15:14:22.868604,599617591174634847,-38.00
2025-11-18 15:14:22.868604,599617591174634847,-38.00
2025-11-18 15:14:22.868604,599617591174634847,-50.00
2025-11-18 15:14:22.868604,599617591174634847,0.00
2025-11-18 15:14:22.868604,599617591174634847,190.00
2025-11-18 15:14:22.868604,599617591174634847,443.00
2025-11-18 15:14:22.868604,599617591174634847,510.00
2025-11-18 15:14:22.868604,599617591174634847,202.00
2025-11-18 15:14:22.868604,599617591174634847,-192.00
2025-11-18 15:14:22.868604,599617591174634847,-269.00
2025-11-18 15:14:22.868604,599617591174634847,-166.00
2025-11-18 15:14:22.868604,599617591174634847,-122.00
2025-11-18 15:14:22.868604,599617591174634847,-84.00
2025-11-18 15:14:22.868604,599617591174634847,-38.00
2025-11-18 15:14:22.868604,599617591174634847,-40.00
2025-11-18 15:14:22.868604,599617591174634847,-52.00
2025-11-18 15:14:22.868604,599617591174634847,-33.00
2025-11-18 15:14:22.868604,599617591174634847,-16.00
2025-11-18 15:14:22.868604,599617591174634847,-16.00
2025-11-18 15:14:22.868604,599617591174634847,-12.00
2025-11-18 15:14:22.868604,599617591174634847,-2.00
2025-11-18 15:14:22.868604,599617591174634847,2.00
2025-11-18 15:14:22.868604,599617591174634847,7.00
2025-11-18 15:14:22.868604,599617591174634847,7.00
2025-11-18 15:14:22.868604,599617591174634847,7.00
2025-11-18 15:14:22.868604,599617591174634847,14.00
2025-11-18 15:14:22.868604,599617591174634847,21.00
2025-11-18 15:14:22.868604,599617591174634847,28.00
2025-11-18 15:14:22.868604,599617591174634847,43.00
2025-11-18 15:14:22.868604,599617591174634847,45.00
2025-11-18 15:14:23.409196,599617591735331888,40.00
2025-11-18 15:14:23.409196,599617591735331888,57.00
2025-11-18 15:14:23.409196,599617591735331888,77.00
2025-11-18 15:14:23.409196,599617591735331888,81.00
2025-11-18 15:14:23.409196,599617591735331888,89.00
2025-11-18 15:14:23.409196,599617591735331888,105.00
2025-11-18 15:14:23.409196,599617591735331888,118.00
2025-11-18 15:14:23.409196,599617591735331888,118.00
2025-11-18 15:14:23.409196,599617591735331888,120.00
2025-11-18 15:14:23.409196,599617591735331888,125.00
2025-11-18 15:14:23.409196,599617591735331888,120.00
2025-11-18 15:14:23.409196,599617591735331888,108.00
2025-11-18 15:14:23.409196,599617591735331888,98.00
2025-11-18 15:14:23.409196,599617591735331888,84.00
2025-11-18 15:14:23.409196,599617591735331888,55.00
2025-11-18 15:14:23.409196,599617591735331888,19.00
2025-11-18 15:14:23.409196,599617591735331888,-12.00
2025-11-18 15:14:23.409196,599617591735331888,-40.00
2025-11-18 15:14:23.409196,599617591735331888,-62.00
2025-11-18 15:14:23.409196,599617591735331888,-81.00
2025-11-18 15:14:23.409196,599617591735331888,-93.00
2025-11-18 15:14:23.409196,599617591735331888,-101.00
2025-11-18 15:14:23.409196,599617591735331888,-103.00
2025-11-18 15:14:23.409196,599617591735331888,-101.00
2025-11-18 15:14:23.409196,599617591735331888,-101.00
2025-11-18 15:14:23.409196,599617591735331888,-101.00
2025-11-18 15:14:23.409196,599617591735331888,-93.00
2025-11-18 15:14:23.409196,599617591735331888,-79.00
2025-11-18 15:14:23.409196,599617591735331888,-74.00
2025-11-18 15:14:23.409196,599617591735331888,-72.00
2025-11-18 15:14:23.409196,599617591735331888,-67.00
2025-11-18 15:14:23.409196,599617591735331888,-69.00
2025-11-18 15:14:23.409196,599617591735331888,-72.00
2025-11-18 15:14:23.409196,599617591735331888,-72.00
2025-11-18 15:14:23.409196,599617591735331888,-65.00
2025-11-18 15:14:23.409196,599617591735331888,-60.00
2025-11-18 15:14:23.409196,599617591735331888,-62.00
2025-11-18 15:14:23.409196,599617591735331888,-69.00
2025-11-18 15:14:23.409196,599617591735331888,-65.00
2025-11-18 15:14:23.409196,599617591735331888,-55.00
2025-11-18 15:14:23.409196,599617591735331888,-55.00
2025-11-18 15:14:23.409196,599617591735331888,-60.00
2025-11-18 15:14:23.409196,599617591735331888,-57.00
2025-11-18 15:14:23.409196,599617591735331888,-55.00
2025-11-18 15:14:23.409196,599617591735331888,-60.00
2025-11-18 15:14:23.409196,599617591735331888,-62.00
2025-11-18 15:14:23.409196,599617591735331888,-60.00
2025-11-18 15:14:23.409196,599617591735331888,-60.00
2025-11-18 15:14:23.409196,599617591735331888,-60.00
2025-11-18 15:14:23.409196,599617591735331888,-50.00
2025-11-18 15:14:23.409196,599617591735331888,-45.00
2025-11-18 15:14:23.409196,599617591735331888,-48.00
2025-11-18 15:14:23.409196,599617591735331888,-57.00
2025-11-18 15:14:23.409196,599617591735331888,-67.00
2025-11-18 15:14:23.409196,599617591735331888,-60.00
2025-11-18 15:14:23.409196,599617591735331888,-48.00
2025-11-18 15:14:23.409196,599617591735331888,-48.00
2025-11-18 15:14:23.409196,599617591735331888,-52.00
2025-11-18 15:14:23.409196,599617591735331888,-50.00
2025-11-18 15:14:23.409196,599617591735331888,-48.00
2025-11-18 15:14:23.409196,599617591735331888,-48.00
2025-11-18 15:14:23.409196,599617591735331888,-45.00
2025-11-18 15:14:23.409196,599617591735331888,-43.00
2025-11-18 15:14:23.409196,599617591735331888,-48.00
2025-11-18 15:14:23.409196,599617591735331888,-43.00
2025-11-18 15:14:23.409196,599617591735331888,-36.00
2025-11-18 15:14:23.409196,599617591735331888,-43.00
2025-11-18 15:14:23.409196,599617591735331888,-55.00
2025-11-18 15:14:23.409196,599617591735331888,-43.00
2025-11-18 15:14:23.409196,599617591735331888,-38.00
2025-11-18 15:14:23.409196,599617591735331888,-48.00
2025-11-18 15:14:23.409196,599617591735331888,-52.00
2025-11-18 15:14:23.409196,599617591735331888,-43.00
2025-11-18 15:14:23.976381,599617592295998411,-33.00
2025-11-18 15:14:23.976381,599617592295998411,-28.00
2025-11-18 15:14:23.976381,599617592295998411,-16.00
2025-11-18 15:14:23.976381,599617592295998411,0.00
2025-11-18 15:14:23.976381,599617592295998411,0.00
2025-11-18 15:14:23.976381,599617592295998411,-14.00
2025-11-18 15:14:23.976381,599617592295998411,-28.00
2025-11-18 15:14:23.976381,599617592295998411,-31.00
2025-11-18 15:14:23.976381,599617592295998411,-28.00
2025-11-18 15:14:23.976381,599617592295998411,-38.00
2025-11-18 15:14:23.976381,599617592295998411,-40.00
2025-11-18 15:14:23.976381,599617592295998411,-33.00
2025-11-18 15:14:23.976381,599617592295998411,-36.00
2025-11-18 15:14:23.976381,599617592295998411,-40.00
2025-11-18 15:14:23.976381,599617592295998411,-43.00
2025-11-18 15:14:23.976381,599617592295998411,-45.00
2025-11-18 15:14:23.976381,599617592295998411,-45.00
2025-11-18 15:14:23.976381,599617592295998411,-48.00
2025-11-18 15:14:23.976381,599617592295998411,-60.00
2025-11-18 15:14:23.976381,599617592295998411,-72.00
2025-11-18 15:14:23.976381,599617592295998411,-4.00
2025-11-18 15:14:23.976381,599617592295998411,202.00
2025-11-18 15:14:23.976381,599617592295998411,462.00
2025-11-18 15:14:23.976381,599617592295998411,549.00
2025-11-18 15:14:23.976381,599617592295998411,262.00
2025-11-18 15:14:23.976381,599617592295998411,-151.00
2025-11-18 15:14:23.976381,599617592295998411,-250.00
2025-11-18 15:14:23.976381,599617592295998411,-144.00
2025-11-18 15:14:23.976381,599617592295998411,-108.00
2025-11-18 15:14:23.976381,599617592295998411,-91.00
2025-11-18 15:14:23.976381,599617592295998411,-52.00
2025-11-18 15:14:23.976381,599617592295998411,-50.00
2025-11-18 15:14:23.976381,599617592295998411,-52.00
2025-11-18 15:14:23.976381,599617592295998411,-36.00
2025-11-18 15:14:23.976381,599617592295998411,-26.00
2025-11-18 15:14:23.976381,599617592295998411,-24.00
2025-11-18 15:14:23.976381,599617592295998411,-19.00
2025-11-18 15:14:23.976381,599617592295998411,-21.00
2025-11-18 15:14:23.976381,599617592295998411,-21.00
2025-11-18 15:14:23.976381,599617592295998411,-9.00
2025-11-18 15:14:23.976381,599617592295998411,0.00
2025-11-18 15:14:23.976381,599617592295998411,4.00
2025-11-18 15:14:23.976381,599617592295998411,9.00
2025-11-18 15:14:23.976381,599617592295998411,12.00
2025-11-18 15:14:23.976381,599617592295998411,14.00
2025-11-18 15:14:23.976381,599617592295998411,26.00
2025-11-18 15:14:23.976381,599617592295998411,33.00
2025-11-18 15:14:23.976381,599617592295998411,40.00
2025-11-18 15:14:23.976381,599617592295998411,48.00
2025-11-18 15:14:23.976381,599617592295998411,57.00
2025-11-18 15:14:23.976381,599617592295998411,69.00
2025-11-18 15:14:23.976381,599617592295998411,84.00
2025-11-18 15:14:23.976381,599617592295998411,91.00
2025-11-18 15:14:23.976381,599617592295998411,108.00
2025-11-18 15:14:23.976381,599617592295998411,127.00
2025-11-18 15:14:23.976381,599617592295998411,132.00
2025-11-18 15:14:23.976381,599617592295998411,125.00
2025-11-18 15:14:23.976381,599617592295998411,120.00
2025-11-18 15:14:23.976381,599617592295998411,115.00
2025-11-18 15:14:23.976381,599617592295998411,101.00
2025-11-18 15:14:23.976381,599617592295998411,79.00
2025-11-18 15:14:23.976381,599617592295998411,45.00
2025-11-18 15:14:23.976381,599617592295998411,9.00
2025-11-18 15:14:23.976381,599617592295998411,-16.00
2025-11-18 15:14:23.976381,599617592295998411,-48.00
2025-11-18 15:14:23.976381,599617592295998411,-79.00
2025-11-18 15:14:23.976381,599617592295998411,-93.00
2025-11-18 15:14:23.976381,599617592295998411,-101.00
2025-11-18 15:14:23.976381,599617592295998411,-113.00
2025-11-18 15:14:23.976381,599617592295998411,-120.00
2025-11-18 15:14:23.976381,599617592295998411,-118.00
2025-11-18 15:14:23.976381,599617592295998411,-120.00
2025-11-18 15:14:23.976381,599617592295998411,-118.00
2025-11-18 15:14:24.516163,599617592856695452,-110.00
2025-11-18 15:14:24.516163,599617592856695452,-103.00
2025-11-18 15:14:24.516163,599617592856695452,-91.00
2025-11-18 15:14:24.516163,599617592856695452,-81.00
2025-11-18 15:14:24.516163,599617592856695452,-84.00
2025-11-18 15:14:24.516163,599617592856695452,-86.00
2025-11-18 15:14:24.516163,599617592856695452,-77.00
2025-11-18 15:14:24.516163,599617592856695452,-67.00
2025-11-18 15:14:24.516163,599617592856695452,-67.00
2025-11-18 15:14:24.516163,599617592856695452,-69.00
2025-11-18 15:14:24.516163,599617592856695452,-67.00
2025-11-18 15:14:24.516163,599617592856695452,-60.00
2025-11-18 15:14:24.516163,599617592856695452,-57.00
2025-11-18 15:14:24.516163,599617592856695452,-62.00
2025-11-18 15:14:24.516163,599617592856695452,-65.00
2025-11-18 15:14:24.516163,599617592856695452,-65.00
2025-11-18 15:14:24.516163,599617592856695452,-60.00
2025-11-18 15:14:24.516163,599617592856695452,-57.00
2025-11-18 15:14:24.516163,599617592856695452,-62.00
2025-11-18 15:14:24.516163,599617592856695452,-60.00
2025-11-18 15:14:24.516163,599617592856695452,-52.00
2025-11-18 15:14:24.516163,599617592856695452,-57.00
2025-11-18 15:14:24.516163,599617592856695452,-67.00
2025-11-18 15:14:24.516163,599617592856695452,-60.00
2025-11-18 15:14:24.516163,599617592856695452,-50.00
2025-11-18 15:14:24.516163,599617592856695452,-57.00
2025-11-18 15:14:24.516163,599617592856695452,-62.00
2025-11-18 15:14:24.516163,599617592856695452,-52.00
2025-11-18 15:14:24.516163,599617592856695452,-48.00
2025-11-18 15:14:24.516163,599617592856695452,-52.00
2025-11-18 15:14:24.516163,599617592856695452,-55.00
2025-11-18 15:14:24.516163,599617592856695452,-48.00
2025-11-18 15:14:24.516163,599617592856695452,-48.00
2025-11-18 15:14:24.516163,599617592856695452,-48.00
2025-11-18 15:14:24.516163,599617592856695452,-45.00
2025-11-18 15:14:24.516163,599617592856695452,-43.00
2025-11-18 15:14:24.516163,599617592856695452,-43.00
2025-11-18 15:14:24.516163,599617592856695452,-45.00
2025-11-18 15:14:24.516163,599617592856695452,-50.00
2025-11-18 15:14:24.516163,599617592856695452,-48.00
2025-11-18 15:14:24.516163,599617592856695452,-43.00
2025-11-18 15:14:24.516163,599617592856695452,-43.00
2025-11-18 15:14:24.516163,599617592856695452,-45.00
2025-11-18 15:14:24.516163,599617592856695452,-40.00
2025-11-18 15:14:24.516163,599617592856695452,-28.00
2025-11-18 15:14:24.516163,599617592856695452,-24.00
2025-11-18 15:14:24.516163,599617592856695452,-21.00
2025-11-18 15:14:24.516163,599617592856695452,-4.00
2025-11-18 15:14:24.516163,599617592856695452,7.00
2025-11-18 15:14:24.516163,599617592856695452,-7.00
2025-11-18 15:14:24.516163,599617592856695452,-26.00
2025-11-18 15:14:24.516163,599617592856695452,-26.00
2025-11-18 15:14:24.516163,599617592856695452,-19.00
2025-11-18 15:14:24.516163,599617592856695452,-28.00
2025-11-18 15:14:24.516163,599617592856695452,-38.00
2025-11-18 15:14:24.516163,599617592856695452,-33.00
2025-11-18 15:14:24.516163,599617592856695452,-28.00
2025-11-18 15:14:24.516163,599617592856695452,-31.00
2025-11-18 15:14:24.516163,599617592856695452,-33.00
2025-11-18 15:14:24.516163,599617592856695452,-33.00
2025-11-18 15:14:24.516163,599617592856695452,-36.00
2025-11-18 15:14:24.516163,599617592856695452,-36.00
2025-11-18 15:14:24.516163,599617592856695452,-40.00
2025-11-18 15:14:24.516163,599617592856695452,-62.00
2025-11-18 15:14:24.516163,599617592856695452,-36.00
2025-11-18 15:14:24.516163,599617592856695452,115.00
2025-11-18 15:14:24.516163,599617592856695452,354.00
2025-11-18 15:14:24.516163,599617592856695452,527.00
2025-11-18 15:14:24.516163,599617592856695452,395.00
2025-11-18 15:14:24.516163,599617592856695452,-12.00
2025-11-18 15:14:24.516163,599617592856695452,-238.00
2025-11-18 15:14:24.516163,599617592856695452,-166.00
2025-11-18 15:14:24.516163,599617592856695452,-93.00
2025-11-18 15:14:25.087182,599617593417392493,-81.00
2025-11-18 15:14:25.087182,599617593417392493,-52.00
2025-11-18 15:14:25.087182,599617593417392493,-38.00
2025-11-18 15:14:25.087182,599617593417392493,-48.00
2025-11-18 15:14:25.087182,599617593417392493,-40.00
2025-11-18 15:14:25.087182,599617593417392493,-24.00
2025-11-18 15:14:25.087182,599617593417392493,-24.00
2025-11-18 15:14:25.087182,599617593417392493,-21.00
2025-11-18 15:14:25.087182,599617593417392493,-12.00
2025-11-18 15:14:25.087182,599617593417392493,-14.00
2025-11-18 15:14:25.087182,599617593417392493,-19.00
2025-11-18 15:14:25.087182,599617593417392493,-9.00
2025-11-18 15:14:25.087182,599617593417392493,-2.00
2025-11-18 15:14:25.087182,599617593417392493,0.00
2025-11-18 15:14:25.087182,599617593417392493,4.00
2025-11-18 15:14:25.087182,599617593417392493,7.00
2025-11-18 15:14:25.087182,599617593417392493,7.00
2025-11-18 15:14:25.087182,599617593417392493,12.00
2025-11-18 15:14:25.087182,599617593417392493,26.00
2025-11-18 15:14:25.087182,599617593417392493,31.00
2025-11-18 15:14:25.087182,599617593417392493,31.00
2025-11-18 15:14:25.087182,599617593417392493,40.00
2025-11-18 15:14:25.087182,599617593417392493,60.00
2025-11-18 15:14:25.087182,599617593417392493,74.00
2025-11-18 15:14:25.087182,599617593417392493,86.00
2025-11-18 15:14:25.087182,599617593417392493,93.00
2025-11-18 15:14:25.087182,599617593417392493,98.00
2025-11-18 15:14:25.087182,599617593417392493,105.00
2025-11-18 15:14:25.087182,599617593417392493,108.00
2025-11-18 15:14:25.087182,599617593417392493,98.00
2025-11-18 15:14:25.087182,599617593417392493,81.00
2025-11-18 15:14:25.087182,599617593417392493,57.00
2025-11-18 15:14:25.087182,599617593417392493,26.00
2025-11-18 15:14:25.087182,599617593417392493,-14.00
2025-11-18 15:14:25.087182,599617593417392493,-48.00
2025-11-18 15:14:25.087182,599617593417392493,-74.00
2025-11-18 15:14:25.087182,599617593417392493,-103.00
2025-11-18 15:14:25.087182,599617593417392493,-132.00
2025-11-18 15:14:25.087182,599617593417392493,-144.00
2025-11-18 15:14:25.087182,599617593417392493,-149.00
2025-11-18 15:14:25.087182,599617593417392493,-156.00
2025-11-18 15:14:25.087182,599617593417392493,-161.00
2025-11-18 15:14:25.087182,599617593417392493,-156.00
2025-11-18 15:14:25.087182,599617593417392493,-149.00
2025-11-18 15:14:25.087182,599617593417392493,-149.00
2025-11-18 15:14:25.087182,599617593417392493,-146.00
2025-11-18 15:14:25.087182,599617593417392493,-139.00
2025-11-18 15:14:25.087182,599617593417392493,-130.00
2025-11-18 15:14:25.087182,599617593417392493,-125.00
2025-11-18 15:14:25.087182,599617593417392493,-125.00
2025-11-18 15:14:25.087182,599617593417392493,-125.00
2025-11-18 15:14:25.087182,599617593417392493,-122.00
2025-11-18 15:14:25.087182,599617593417392493,-110.00
2025-11-18 15:14:25.087182,599617593417392493,-101.00
2025-11-18 15:14:25.087182,599617593417392493,-108.00
2025-11-18 15:14:25.087182,599617593417392493,-118.00
2025-11-18 15:14:25.087182,599617593417392493,-115.00
2025-11-18 15:14:25.087182,599617593417392493,-110.00
2025-11-18 15:14:25.087182,599617593417392493,-118.00
2025-11-18 15:14:25.087182,599617593417392493,-115.00
2025-11-18 15:14:25.087182,599617593417392493,-108.00
2025-11-18 15:14:25.087182,599617593417392493,-108.00
2025-11-18 15:14:25.087182,599617593417392493,-105.00
2025-11-18 15:14:25.087182,599617593417392493,-103.00
2025-11-18 15:14:25.087182,599617593417392493,-101.00
2025-11-18 15:14:25.087182,599617593417392493,-108.00
2025-11-18 15:14:25.087182,599617593417392493,-108.00
2025-11-18 15:14:25.087182,599617593417392493,-103.00
2025-11-18 15:14:25.087182,599617593417392493,-101.00
2025-11-18 15:14:25.087182,599617593417392493,-96.00
2025-11-18 15:14:25.087182,599617593417392493,-93.00
2025-11-18 15:14:25.087182,599617593417392493,-98.00
2025-11-18 15:14:25.087182,599617593417392493,-105.00
2025-11-18 15:14:25.628731,599617593978089534,-98.00
2025-11-18 15:14:25.628731,599617593978089534,-89.00
2025-11-18 15:14:25.628731,599617593978089534,-81.00
2025-11-18 15:14:25.628731,599617593978089534,-77.00
2025-11-18 15:14:25.628731,599617593978089534,-74.00
2025-11-18 15:14:25.628731,599617593978089534,-77.00
2025-11-18 15:14:25.628731,599617593978089534,-74.00
2025-11-18 15:14:25.628731,599617593978089534,-67.00
2025-11-18 15:14:25.628731,599617593978089534,-55.00
2025-11-18 15:14:25.628731,599617593978089534,-38.00
2025-11-18 15:14:25.628731,599617593978089534,-31.00
2025-11-18 15:14:25.628731,599617593978089534,-38.00
2025-11-18 15:14:25.628731,599617593978089534,-45.00
2025-11-18 15:14:25.628731,599617593978089534,-55.00
2025-11-18 15:14:25.628731,599617593978089534,-62.00
2025-11-18 15:14:25.628731,599617593978089534,-67.00
2025-11-18 15:14:25.628731,599617593978089534,-67.00
2025-11-18 15:14:25.628731,599617593978089534,-62.00
2025-11-18 15:14:25.628731,599617593978089534,-65.00
2025-11-18 15:14:25.628731,599617593978089534,-62.00
2025-11-18 15:14:25.628731,599617593978089534,-55.00
2025-11-18 15:14:25.628731,599617593978089534,-55.00
2025-11-18 15:14:25.628731,599617593978089534,-57.00
2025-11-18 15:14:25.628731,599617593978089534,-55.00
2025-11-18 15:14:25.628731,599617593978089534,-60.00
2025-11-18 15:14:25.628731,599617593978089534,-74.00
2025-11-18 15:14:25.628731,599617593978089534,-43.00
2025-11-18 15:14:25.628731,599617593978089534,127.00
2025-11-18 15:14:25.628731,599617593978089534,409.00
2025-11-18 15:14:25.628731,599617593978089534,558.00
2025-11-18 15:14:25.628731,599617593978089534,293.00
2025-11-18 15:14:25.628731,599617593978089534,-190.00
2025-11-18 15:14:25.628731,599617593978089534,-342.00
2025-11-18 15:14:25.628731,599617593978089534,-199.00
2025-11-18 15:14:25.628731,599617593978089534,-122.00
2025-11-18 15:14:25.628731,599617593978089534,-89.00
2025-11-18 15:14:25.628731,599617593978089534,-19.00
2025-11-18 15:14:25.628731,599617593978089534,-4.00
2025-11-18 15:14:25.628731,599617593978089534,-19.00
2025-11-18 15:14:25.628731,599617593978089534,-9.00
2025-11-18 15:14:25.628731,599617593978089534,0.00
2025-11-18 15:14:25.628731,599617593978089534,12.00
2025-11-18 15:14:25.628731,599617593978089534,26.00
2025-11-18 15:14:25.628731,599617593978089534,16.00
2025-11-18 15:14:25.628731,599617593978089534,19.00
2025-11-18 15:14:25.628731,599617593978089534,40.00
2025-11-18 15:14:25.628731,599617593978089534,40.00
2025-11-18 15:14:25.628731,599617593978089534,38.00
2025-11-18 15:14:25.628731,599617593978089534,52.00
2025-11-18 15:14:25.628731,599617593978089534,65.00
2025-11-18 15:14:25.628731,599617593978089534,60.00
2025-11-18 15:14:25.628731,599617593978089534,62.00
2025-11-18 15:14:25.628731,599617593978089534,79.00
2025-11-18 15:14:25.628731,599617593978089534,86.00
2025-11-18 15:14:25.628731,599617593978089534,84.00
2025-11-18 15:14:25.628731,599617593978089534,96.00
2025-11-18 15:14:25.628731,599617593978089534,110.00
2025-11-18 15:14:25.628731,599617593978089534,118.00
2025-11-18 15:14:25.628731,599617593978089534,134.00
2025-11-18 15:14:25.628731,599617593978089534,146.00
2025-11-18 15:14:25.628731,599617593978089534,146.00
2025-11-18 15:14:25.628731,599617593978089534,144.00
2025-11-18 15:14:25.628731,599617593978089534,149.00
2025-11-18 15:14:25.628731,599617593978089534,151.00
2025-11-18 15:14:25.628731,599617593978089534,139.00
2025-11-18 15:14:25.628731,599617593978089534,118.00
2025-11-18 15:14:25.628731,599617593978089534,98.00
2025-11-18 15:14:25.628731,599617593978089534,62.00
2025-11-18 15:14:25.628731,599617593978089534,14.00
2025-11-18 15:14:25.628731,599617593978089534,-14.00
2025-11-18 15:14:25.628731,599617593978089534,-36.00
2025-11-18 15:14:25.628731,599617593978089534,-67.00
2025-11-18 15:14:25.628731,599617593978089534,-81.00
2025-11-18 15:14:26.228589,599617594538756059,-79.00
2025-11-18 15:14:26.228589,599617594538756059,-86.00
2025-11-18 15:14:26.228589,599617594538756059,-98.00
2025-11-18 15:14:26.228589,599617594538756059,-93.00
2025-11-18 15:14:26.228589,599617594538756059,-81.00
2025-11-18 15:14:26.228589,599617594538756059,-89.00
2025-11-18 15:14:26.228589,599617594538756059,-96.00
2025-11-18 15:14:26.228589,599617594538756059,-91.00
2025-11-18 15:14:26.228589,599617594538756059,-79.00
2025-11-18 15:14:26.228589,599617594538756059,-69.00
2025-11-18 15:14:26.228589,599617594538756059,-74.00
2025-11-18 15:14:26.228589,599617594538756059,-77.00
2025-11-18 15:14:26.228589,599617594538756059,-72.00
2025-11-18 15:14:26.228589,599617594538756059,-62.00
2025-11-18 15:14:26.228589,599617594538756059,-57.00
2025-11-18 15:14:26.228589,599617594538756059,-69.00
2025-11-18 15:14:26.228589,599617594538756059,-81.00
2025-11-18 15:14:26.228589,599617594538756059,-74.00
2025-11-18 15:14:26.228589,599617594538756059,-67.00
2025-11-18 15:14:26.228589,599617594538756059,-67.00
2025-11-18 15:14:26.228589,599617594538756059,-57.00
2025-11-18 15:14:26.228589,599617594538756059,-52.00
2025-11-18 15:14:26.228589,599617594538756059,-57.00
2025-11-18 15:14:26.228589,599617594538756059,-67.00
2025-11-18 15:14:26.228589,599617594538756059,-74.00
2025-11-18 15:14:26.228589,599617594538756059,-72.00
2025-11-18 15:14:26.228589,599617594538756059,-65.00
2025-11-18 15:14:26.228589,599617594538756059,-65.00
2025-11-18 15:14:26.228589,599617594538756059,-55.00
2025-11-18 15:14:26.228589,599617594538756059,-43.00
2025-11-18 15:14:26.228589,599617594538756059,-52.00
2025-11-18 15:14:26.228589,599617594538756059,-69.00
2025-11-18 15:14:26.228589,599617594538756059,-62.00
2025-11-18 15:14:26.228589,599617594538756059,-60.00
2025-11-18 15:14:26.228589,599617594538756059,-62.00
2025-11-18 15:14:26.228589,599617594538756059,-57.00
2025-11-18 15:14:26.228589,599617594538756059,-52.00
2025-11-18 15:14:26.228589,599617594538756059,-52.00
2025-11-18 15:14:26.228589,599617594538756059,-50.00
2025-11-18 15:14:26.228589,599617594538756059,-50.00
2025-11-18 15:14:26.228589,599617594538756059,-48.00
2025-11-18 15:14:26.228589,599617594538756059,-48.00
2025-11-18 15:14:26.228589,599617594538756059,-38.00
2025-11-18 15:14:26.228589,599617594538756059,-16.00
2025-11-18 15:14:26.228589,599617594538756059,-16.00
2025-11-18 15:14:26.228589,599617594538756059,-28.00
2025-11-18 15:14:26.228589,599617594538756059,-26.00
2025-11-18 15:14:26.228589,599617594538756059,-24.00
2025-11-18 15:14:26.228589,599617594538756059,-28.00
2025-11-18 15:14:26.228589,599617594538756059,-43.00
2025-11-18 15:14:26.228589,599617594538756059,-55.00
2025-11-18 15:14:26.228589,599617594538756059,-55.00
2025-11-18 15:14:26.228589,599617594538756059,-45.00
2025-11-18 15:14:26.228589,599617594538756059,-43.00
2025-11-18 15:14:26.228589,599617594538756059,-52.00
2025-11-18 15:14:26.228589,599617594538756059,-60.00
2025-11-18 15:14:26.228589,599617594538756059,-48.00
2025-11-18 15:14:26.228589,599617594538756059,-43.00
2025-11-18 15:14:26.228589,599617594538756059,-67.00
2025-11-18 15:14:26.228589,599617594538756059,-77.00
2025-11-18 15:14:26.228589,599617594538756059,26.00
2025-11-18 15:14:26.228589,599617594538756059,274.00
2025-11-18 15:14:26.228589,599617594538756059,537.00
2025-11-18 15:14:26.228589,599617594538756059,546.00
2025-11-18 15:14:26.228589,599617594538756059,166.00
2025-11-18 15:14:26.228589,599617594538756059,-228.00
2025-11-18 15:14:26.228589,599617594538756059,-264.00
2025-11-18 15:14:26.228589,599617594538756059,-166.00
2025-11-18 15:14:26.228589,599617594538756059,-134.00
2025-11-18 15:14:26.228589,599617594538756059,-89.00
2025-11-18 15:14:26.228589,599617594538756059,-45.00
2025-11-18 15:14:26.228589,599617594538756059,-57.00
2025-11-18 15:14:26.228589,599617594538756059,-62.00
2025-11-18 15:14:26.768833,599617595099453100,-38.00
2025-11-18 15:14:26.768833,599617595099453100,-28.00
2025-11-18 15:14:26.768833,599617595099453100,-33.00
2025-11-18 15:14:26.768833,599617595099453100,-33.00
2025-11-18 15:14:26.768833,599617595099453100,-26.00
2025-11-18 15:14:26.768833,599617595099453100,-16.00
2025-11-18 15:14:26.768833,599617595099453100,-12.00
2025-11-18 15:14:26.768833,599617595099453100,-12.00
2025-11-18 15:14:26.768833,599617595099453100,-14.00
2025-11-18 15:14:26.768833,599617595099453100,-4.00
2025-11-18 15:14:26.768833,599617595099453100,7.00
2025-11-18 15:14:26.768833,599617595099453100,14.00
2025-11-18 15:14:26.768833,599617595099453100,16.00
2025-11-18 15:14:26.768833,599617595099453100,24.00
2025-11-18 15:14:26.768833,599617595099453100,33.00
2025-11-18 15:14:26.768833,599617595099453100,43.00
2025-11-18 15:14:26.768833,599617595099453100,60.00
2025-11-18 15:14:26.768833,599617595099453100,79.00
2025-11-18 15:14:26.768833,599617595099453100,79.00
2025-11-18 15:14:26.768833,599617595099453100,86.00
2025-11-18 15:14:26.768833,599617595099453100,98.00
2025-11-18 15:14:26.768833,599617595099453100,98.00
2025-11-18 15:14:26.768833,599617595099453100,105.00
2025-11-18 15:14:26.768833,599617595099453100,115.00
2025-11-18 15:14:26.768833,599617595099453100,113.00
2025-11-18 15:14:26.768833,599617595099453100,98.00
2025-11-18 15:14:26.768833,599617595099453100,79.00
2025-11-18 15:14:26.768833,599617595099453100,48.00
2025-11-18 15:14:26.768833,599617595099453100,4.00
2025-11-18 15:14:26.768833,599617595099453100,-36.00
2025-11-18 15:14:26.768833,599617595099453100,-67.00
2025-11-18 15:14:26.768833,599617595099453100,-93.00
2025-11-18 15:14:26.768833,599617595099453100,-110.00
2025-11-18 15:14:26.768833,599617595099453100,-120.00
2025-11-18 15:14:26.768833,599617595099453100,-130.00
2025-11-18 15:14:26.768833,599617595099453100,-146.00
2025-11-18 15:14:26.768833,599617595099453100,-151.00
2025-11-18 15:14:26.768833,599617595099453100,-134.00
2025-11-18 15:14:26.768833,599617595099453100,-122.00
2025-11-18 15:14:26.768833,599617595099453100,-120.00
2025-11-18 15:14:26.768833,599617595099453100,-118.00
2025-11-18 15:14:26.768833,599617595099453100,-108.00
2025-11-18 15:14:26.768833,599617595099453100,-105.00
2025-11-18 15:14:26.768833,599617595099453100,-105.00
2025-11-18 15:14:26.768833,599617595099453100,-96.00
2025-11-18 15:14:26.768833,599617595099453100,-86.00
2025-11-18 15:14:26.768833,599617595099453100,-86.00
2025-11-18 15:14:26.768833,599617595099453100,-86.00
2025-11-18 15:14:26.768833,599617595099453100,-79.00
2025-11-18 15:14:26.768833,599617595099453100,-74.00
2025-11-18 15:14:26.768833,599617595099453100,-81.00
2025-11-18 15:14:26.768833,599617595099453100,-81.00
2025-11-18 15:14:26.768833,599617595099453100,-74.00
2025-11-18 15:14:26.768833,599617595099453100,-72.00
2025-11-18 15:14:26.768833,599617595099453100,-77.00
2025-11-18 15:14:26.768833,599617595099453100,-79.00
2025-11-18 15:14:26.768833,599617595099453100,-81.00
2025-11-18 15:14:26.768833,599617595099453100,-81.00
2025-11-18 15:14:26.768833,599617595099453100,-84.00
2025-11-18 15:14:26.768833,599617595099453100,-86.00
2025-11-18 15:14:26.768833,599617595099453100,-81.00
2025-11-18 15:14:26.768833,599617595099453100,-72.00
2025-11-18 15:14:26.768833,599617595099453100,-67.00
2025-11-18 15:14:26.768833,599617595099453100,-72.00
2025-11-18 15:14:26.768833,599617595099453100,-77.00
2025-11-18 15:14:26.768833,599617595099453100,-77.00
2025-11-18 15:14:26.768833,599617595099453100,-77.00
2025-11-18 15:14:26.768833,599617595099453100,-74.00
2025-11-18 15:14:26.768833,599617595099453100,-69.00
2025-11-18 15:14:26.768833,599617595099453100,-69.00
2025-11-18 15:14:26.768833,599617595099453100,-74.00
2025-11-18 15:14:26.768833,599617595099453100,-74.00
2025-11-18 15:14:26.768833,599617595099453100,-72.00
2025-11-18 15:14:27.338803,599617595660150141,-72.00
2025-11-18 15:14:27.338803,599617595660150141,-67.00
2025-11-18 15:14:27.338803,599617595660150141,-60.00
2025-11-18 15:14:27.338803,599617595660150141,-48.00
2025-11-18 15:14:27.338803,599617595660150141,-31.00
2025-11-18 15:14:27.338803,599617595660150141,-31.00
2025-11-18 15:14:27.338803,599617595660150141,-50.00
2025-11-18 15:14:27.338803,599617595660150141,-57.00
2025-11-18 15:14:27.338803,599617595660150141,-50.00
2025-11-18 15:14:27.338803,599617595660150141,-48.00
2025-11-18 15:14:27.338803,599617595660150141,-60.00
2025-11-18 15:14:27.338803,599617595660150141,-72.00
2025-11-18 15:14:27.338803,599617595660150141,-77.00
2025-11-18 15:14:27.338803,599617595660150141,-74.00
2025-11-18 15:14:27.338803,599617595660150141,-72.00
2025-11-18 15:14:27.338803,599617595660150141,-77.00
2025-11-18 15:14:27.338803,599617595660150141,-89.00
2025-11-18 15:14:27.338803,599617595660150141,-93.00
2025-11-18 15:14:27.338803,599617595660150141,-81.00
2025-11-18 15:14:27.338803,599617595660150141,-84.00
2025-11-18 15:14:27.338803,599617595660150141,-110.00
2025-11-18 15:14:27.338803,599617595660150141,-96.00
2025-11-18 15:14:27.338803,599617595660150141,57.00
2025-11-18 15:14:27.338803,599617595660150141,327.00
2025-11-18 15:14:27.338803,599617595660150141,551.00
2025-11-18 15:14:27.338803,599617595660150141,445.00
2025-11-18 15:14:27.338803,599617595660150141,4.00
2025-11-18 15:14:27.338803,599617595660150141,-274.00
2025-11-18 15:14:27.338803,599617595660150141,-228.00
2025-11-18 15:14:27.338803,599617595660150141,-171.00
2025-11-18 15:14:27.338803,599617595660150141,-154.00
2025-11-18 15:14:27.338803,599617595660150141,-105.00
2025-11-18 15:14:27.338803,599617595660150141,-89.00
2025-11-18 15:14:27.338803,599617595660150141,-103.00
2025-11-18 15:14:27.338803,599617595660150141,-91.00
2025-11-18 15:14:27.338803,599617595660150141,-79.00
2025-11-18 15:14:27.338803,599617595660150141,-81.00
2025-11-18 15:14:27.338803,599617595660150141,-74.00
2025-11-18 15:14:27.338803,599617595660150141,-67.00
2025-11-18 15:14:27.338803,599617595660150141,-65.00
2025-11-18 15:14:27.338803,599617595660150141,-57.00
2025-11-18 15:14:27.338803,599617595660150141,-48.00
2025-11-18 15:14:27.338803,599617595660150141,-45.00
2025-11-18 15:14:27.338803,599617595660150141,-43.00
2025-11-18 15:14:27.338803,599617595660150141,-33.00
2025-11-18 15:14:27.338803,599617595660150141,-19.00
2025-11-18 15:14:27.338803,599617595660150141,-9.00
2025-11-18 15:14:27.338803,599617595660150141,-7.00
2025-11-18 15:14:27.338803,599617595660150141,-7.00
2025-11-18 15:14:27.338803,599617595660150141,-2.00
2025-11-18 15:14:27.338803,599617595660150141,2.00
2025-11-18 15:14:27.338803,599617595660150141,12.00
2025-11-18 15:14:27.338803,599617595660150141,26.00
2025-11-18 15:14:27.338803,599617595660150141,38.00
2025-11-18 15:14:27.338803,599617595660150141,45.00
2025-11-18 15:14:27.338803,599617595660150141,69.00
2025-11-18 15:14:27.338803,599617595660150141,74.00
2025-11-18 15:14:27.338803,599617595660150141,50.00
2025-11-18 15:14:27.338803,599617595660150141,65.00
2025-11-18 15:14:27.338803,599617595660150141,103.00
2025-11-18 15:14:27.338803,599617595660150141,89.00
2025-11-18 15:14:27.338803,599617595660150141,38.00
2025-11-18 15:14:27.338803,599617595660150141,4.00
2025-11-18 15:14:27.338803,599617595660150141,-28.00
2025-11-18 15:14:27.338803,599617595660150141,-89.00
2025-11-18 15:14:27.338803,599617595660150141,-130.00
2025-11-18 15:14:27.338803,599617595660150141,-142.00
2025-11-18 15:14:27.338803,599617595660150141,-156.00
2025-11-18 15:14:27.338803,599617595660150141,-173.00
2025-11-18 15:14:27.338803,599617595660150141,-183.00
2025-11-18 15:14:27.338803,599617595660150141,-185.00
2025-11-18 15:14:27.338803,599617595660150141,-175.00
2025-11-18 15:14:27.338803,599617595660150141,-168.00
2025-11-18 15:14:27.878105,599617596220847182,-171.00
2025-11-18 15:14:27.878105,599617596220847182,-163.00
2025-11-18 15:14:27.878105,599617596220847182,-154.00
2025-11-18 15:14:27.878105,599617596220847182,-146.00
2025-11-18 15:14:27.878105,599617596220847182,-149.00
2025-11-18 15:14:27.878105,599617596220847182,-139.00
2025-11-18 15:14:27.878105,599617596220847182,-118.00
2025-11-18 15:14:27.878105,599617596220847182,-115.00
2025-11-18 15:14:27.878105,599617596220847182,-127.00
2025-11-18 15:14:27.878105,599617596220847182,-125.00
2025-11-18 15:14:27.878105,599617596220847182,-105.00
2025-11-18 15:14:27.878105,599617596220847182,-103.00
2025-11-18 15:14:27.878105,599617596220847182,-110.00
2025-11-18 15:14:27.878105,599617596220847182,-108.00
2025-11-18 15:14:27.878105,599617596220847182,-98.00
2025-11-18 15:14:27.878105,599617596220847182,-86.00
2025-11-18 15:14:27.878105,599617596220847182,-86.00
2025-11-18 15:14:27.878105,599617596220847182,-93.00
2025-11-18 15:14:27.878105,599617596220847182,-96.00
2025-11-18 15:14:27.878105,599617596220847182,-79.00
2025-11-18 15:14:27.878105,599617596220847182,-69.00
2025-11-18 15:14:27.878105,599617596220847182,-84.00
2025-11-18 15:14:27.878105,599617596220847182,-91.00
2025-11-18 15:14:27.878105,599617596220847182,-86.00
2025-11-18 15:14:27.878105,599617596220847182,-81.00
2025-11-18 15:14:27.878105,599617596220847182,-69.00
2025-11-18 15:14:27.878105,599617596220847182,-60.00
2025-11-18 15:14:27.878105,599617596220847182,-65.00
2025-11-18 15:14:27.878105,599617596220847182,-79.00
2025-11-18 15:14:27.878105,599617596220847182,-74.00
2025-11-18 15:14:27.878105,599617596220847182,-36.00
2025-11-18 15:14:27.878105,599617596220847182,-21.00
2025-11-18 15:14:27.878105,599617596220847182,-38.00
2025-11-18 15:14:27.878105,599617596220847182,-31.00
2025-11-18 15:14:27.878105,599617596220847182,-24.00
2025-11-18 15:14:27.878105,599617596220847182,-40.00
2025-11-18 15:14:27.878105,599617596220847182,-36.00
2025-11-18 15:14:27.878105,599617596220847182,-21.00
2025-11-18 15:14:27.878105,599617596220847182,-21.00
2025-11-18 15:14:27.878105,599617596220847182,-31.00
2025-11-18 15:14:27.878105,599617596220847182,-33.00
2025-11-18 15:14:27.878105,599617596220847182,-4.00
2025-11-18 15:14:27.878105,599617596220847182,40.00
2025-11-18 15:14:27.878105,599617596220847182,38.00
2025-11-18 15:14:27.878105,599617596220847182,-7.00
2025-11-18 15:14:27.878105,599617596220847182,-26.00
2025-11-18 15:14:27.878105,599617596220847182,-4.00
2025-11-18 15:14:27.878105,599617596220847182,-4.00
2025-11-18 15:14:27.878105,599617596220847182,-21.00
2025-11-18 15:14:27.878105,599617596220847182,-12.00
2025-11-18 15:14:27.878105,599617596220847182,4.00
2025-11-18 15:14:27.878105,599617596220847182,-2.00
2025-11-18 15:14:27.878105,599617596220847182,-9.00
2025-11-18 15:14:27.878105,599617596220847182,-4.00
2025-11-18 15:14:27.878105,599617596220847182,-7.00
2025-11-18 15:14:27.878105,599617596220847182,-14.00
2025-11-18 15:14:27.878105,599617596220847182,-7.00
2025-11-18 15:14:27.878105,599617596220847182,0.00
2025-11-18 15:14:27.878105,599617596220847182,-24.00
2025-11-18 15:14:27.878105,599617596220847182,-50.00
2025-11-18 15:14:27.878105,599617596220847182,38.00
2025-11-18 15:14:27.878105,599617596220847182,286.00
2025-11-18 15:14:27.878105,599617596220847182,551.00
2025-11-18 15:14:27.878105,599617596220847182,570.00
2025-11-18 15:14:27.878105,599617596220847182,211.00
2025-11-18 15:14:27.878105,599617596220847182,-161.00
2025-11-18 15:14:27.878105,599617596220847182,-190.00
2025-11-18 15:14:27.878105,599617596220847182,-96.00
2025-11-18 15:14:27.878105,599617596220847182,-74.00
2025-11-18 15:14:27.878105,599617596220847182,-38.00
2025-11-18 15:14:27.878105,599617596220847182,-4.00
2025-11-18 15:14:27.878105,599617596220847182,-31.00
2025-11-18 15:14:27.878105,599617596220847182,-40.00
2025-11-18 15:14:28.447201,599617596781539135,-7.00
2025-11-18 15:14:28.447201,599617596781539135,16.00
2025-11-18 15:14:28.447201,599617596781539135,14.00
2025-11-18 15:14:28.447201,599617596781539135,7.00
2025-11-18 15:14:28.447201,599617596781539135,14.00
2025-11-18 15:14:28.447201,599617596781539135,33.00
2025-11-18 15:14:28.447201,599617596781539135,52.00
2025-11-18 15:14:28.447201,599617596781539135,48.00
2025-11-18 15:14:28.447201,599617596781539135,40.00
2025-11-18 15:14:28.447201,599617596781539135,55.00
2025-11-18 15:14:28.447201,599617596781539135,74.00
2025-11-18 15:14:28.447201,599617596781539135,77.00
2025-11-18 15:14:28.447201,599617596781539135,67.00
2025-11-18 15:14:28.447201,599617596781539135,79.00
2025-11-18 15:14:28.447201,599617596781539135,98.00
2025-11-18 15:14:28.447201,599617596781539135,98.00
2025-11-18 15:14:28.447201,599617596781539135,113.00
2025-11-18 15:14:28.447201,599617596781539135,139.00
2025-11-18 15:14:28.447201,599617596781539135,146.00
2025-11-18 15:14:28.447201,599617596781539135,158.00
2025-11-18 15:14:28.447201,599617596781539135,173.00
2025-11-18 15:14:28.447201,599617596781539135,175.00
2025-11-18 15:14:28.447201,599617596781539135,178.00
2025-11-18 15:14:28.447201,599617596781539135,183.00
2025-11-18 15:14:28.447201,599617596781539135,175.00
2025-11-18 15:14:28.447201,599617596781539135,171.00
2025-11-18 15:14:28.447201,599617596781539135,161.00
2025-11-18 15:14:28.447201,599617596781539135,122.00
2025-11-18 15:14:28.447201,599617596781539135,81.00
2025-11-18 15:14:28.447201,599617596781539135,55.00
2025-11-18 15:14:28.447201,599617596781539135,14.00
2025-11-18 15:14:28.447201,599617596781539135,-26.00
2025-11-18 15:14:28.447201,599617596781539135,-40.00
2025-11-18 15:14:28.447201,599617596781539135,-43.00
2025-11-18 15:14:28.447201,599617596781539135,-55.00
2025-11-18 15:14:28.447201,599617596781539135,-72.00
2025-11-18 15:14:28.447201,599617596781539135,-77.00
2025-11-18 15:14:28.447201,599617596781539135,-67.00
2025-11-18 15:14:28.447201,599617596781539135,-55.00
2025-11-18 15:14:28.447201,599617596781539135,-48.00
2025-11-18 15:14:28.447201,599617596781539135,-48.00
2025-11-18 15:14:28.447201,599617596781539135,-45.00
2025-11-18 15:14:28.447201,599617596781539135,-40.00
2025-11-18 15:14:28.447201,599617596781539135,-40.00
2025-11-18 15:14:28.447201,599617596781539135,-38.00
2025-11-18 15:14:28.447201,599617596781539135,-31.00
2025-11-18 15:14:28.447201,599617596781539135,-24.00
2025-11-18 15:14:28.447201,599617596781539135,-21.00
2025-11-18 15:14:28.447201,599617596781539135,-19.00
2025-11-18 15:14:28.447201,599617596781539135,-9.00
2025-11-18 15:14:28.447201,599617596781539135,0.00
2025-11-18 15:14:28.447201,599617596781539135,0.00
2025-11-18 15:14:28.447201,599617596781539135,-4.00
2025-11-18 15:14:28.447201,599617596781539135,-4.00
2025-11-18 15:14:28.447201,599617596781539135,-12.00
2025-11-18 15:14:28.447201,599617596781539135,-33.00
2025-11-18 15:14:28.447201,599617596781539135,-43.00
2025-11-18 15:14:28.447201,599617596781539135,-28.00
2025-11-18 15:14:28.447201,599617596781539135,-9.00
2025-11-18 15:14:28.447201,599617596781539135,-12.00
2025-11-18 15:14:28.447201,599617596781539135,-28.00
2025-11-18 15:14:28.447201,599617596781539135,-31.00
2025-11-18 15:14:28.447201,599617596781539135,-33.00
2025-11-18 15:14:28.447201,599617596781539135,-36.00
2025-11-18 15:14:28.447201,599617596781539135,-28.00
2025-11-18 15:14:28.447201,599617596781539135,-28.00
2025-11-18 15:14:28.447201,599617596781539135,-36.00
2025-11-18 15:14:28.447201,599617596781539135,-38.00
2025-11-18 15:14:28.447201,599617596781539135,-48.00
2025-11-18 15:14:28.447201,599617596781539135,-43.00
2025-11-18 15:14:28.447201,599617596781539135,-33.00
2025-11-18 15:14:28.447201,599617596781539135,-38.00
2025-11-18 15:14:28.447201,599617596781539135,-40.00
2025-11-18 15:14:28.988015,599617597342210746,-43.00
2025-11-18 15:14:28.988015,599617597342210746,-45.00
2025-11-18 15:14:28.988015,599617597342210746,-24.00
2025-11-18 15:14:28.988015,599617597342210746,-21.00
2025-11-18 15:14:28.988015,599617597342210746,-52.00
2025-11-18 15:14:28.988015,599617597342210746,-69.00
2025-11-18 15:14:28.988015,599617597342210746,-69.00
2025-11-18 15:14:28.988015,599617597342210746,-65.00
2025-11-18 15:14:28.988015,599617597342210746,-36.00
2025-11-18 15:14:28.988015,599617597342210746,-4.00
2025-11-18 15:14:28.988015,599617597342210746,-16.00
2025-11-18 15:14:28.988015,599617597342210746,-45.00
2025-11-18 15:14:28.988015,599617597342210746,-38.00
2025-11-18 15:14:28.988015,599617597342210746,-36.00
2025-11-18 15:14:28.988015,599617597342210746,-40.00
2025-11-18 15:14:28.988015,599617597342210746,-33.00
2025-11-18 15:14:28.988015,599617597342210746,-50.00
2025-11-18 15:14:28.988015,599617597342210746,-74.00
2025-11-18 15:14:28.988015,599617597342210746,-65.00
2025-11-18 15:14:28.988015,599617597342210746,-50.00
2025-11-18 15:14:28.988015,599617597342210746,-60.00
2025-11-18 15:14:28.988015,599617597342210746,-77.00
2025-11-18 15:14:28.988015,599617597342210746,-69.00
2025-11-18 15:14:28.988015,599617597342210746,-52.00
2025-11-18 15:14:28.988015,599617597342210746,-65.00
2025-11-18 15:14:28.988015,599617597342210746,-89.00
2025-11-18 15:14:28.988015,599617597342210746,-98.00
2025-11-18 15:14:28.988015,599617597342210746,-21.00
2025-11-18 15:14:28.988015,599617597342210746,202.00
2025-11-18 15:14:28.988015,599617597342210746,472.00
2025-11-18 15:14:28.988015,599617597342210746,474.00
2025-11-18 15:14:28.988015,599617597342210746,67.00
2025-11-18 15:14:28.988015,599617597342210746,-313.00
2025-11-18 15:14:28.988015,599617597342210746,-301.00
2025-11-18 15:14:28.988015,599617597342210746,-173.00
2025-11-18 15:14:28.988015,599617597342210746,-151.00
2025-11-18 15:14:28.988015,599617597342210746,-108.00
2025-11-18 15:14:28.988015,599617597342210746,-40.00
2025-11-18 15:14:28.988015,599617597342210746,-33.00
2025-11-18 15:14:28.988015,599617597342210746,-45.00
2025-11-18 15:14:28.988015,599617597342210746,-31.00
2025-11-18 15:14:28.988015,599617597342210746,-26.00
2025-11-18 15:14:28.988015,599617597342210746,-26.00
2025-11-18 15:14:28.988015,599617597342210746,-16.00
2025-11-18 15:14:28.988015,599617597342210746,-4.00
2025-11-18 15:14:28.988015,599617597342210746,2.00
2025-11-18 15:14:28.988015,599617597342210746,12.00
2025-11-18 15:14:28.988015,599617597342210746,12.00
2025-11-18 15:14:28.988015,599617597342210746,14.00
2025-11-18 15:14:28.988015,599617597342210746,26.00
2025-11-18 15:14:28.988015,599617597342210746,40.00
2025-11-18 15:14:28.988015,599617597342210746,52.00
2025-11-18 15:14:28.988015,599617597342210746,55.00
2025-11-18 15:14:28.988015,599617597342210746,55.00
2025-11-18 15:14:28.988015,599617597342210746,72.00
2025-11-18 15:14:28.988015,599617597342210746,89.00
2025-11-18 15:14:28.988015,599617597342210746,91.00
2025-11-18 15:14:28.988015,599617597342210746,93.00
2025-11-18 15:14:28.988015,599617597342210746,105.00
2025-11-18 15:14:28.988015,599617597342210746,130.00
2025-11-18 15:14:28.988015,599617597342210746,144.00
2025-11-18 15:14:28.988015,599617597342210746,146.00
2025-11-18 15:14:28.988015,599617597342210746,149.00
2025-11-18 15:14:28.988015,599617597342210746,149.00
2025-11-18 15:14:28.988015,599617597342210746,144.00
2025-11-18 15:14:28.988015,599617597342210746,134.00
2025-11-18 15:14:28.988015,599617597342210746,118.00
2025-11-18 15:14:28.988015,599617597342210746,86.00
2025-11-18 15:14:28.988015,599617597342210746,50.00
2025-11-18 15:14:28.988015,599617597342210746,19.00
2025-11-18 15:14:28.988015,599617597342210746,-14.00
2025-11-18 15:14:28.988015,599617597342210746,-40.00
2025-11-18 15:14:28.988015,599617597342210746,-60.00
2025-11-18 15:14:29.589420,599617597902907789,-72.00
2025-11-18 15:14:29.589420,599617597902907789,-77.00
2025-11-18 15:14:29.589420,599617597902907789,-86.00
2025-11-18 15:14:29.589420,599617597902907789,-84.00
2025-11-18 15:14:29.589420,599617597902907789,-72.00
2025-11-18 15:14:29.589420,599617597902907789,-65.00
2025-11-18 15:14:29.589420,599617597902907789,-65.00
2025-11-18 15:14:29.589420,599617597902907789,-65.00
2025-11-18 15:14:29.589420,599617597902907789,-57.00
2025-11-18 15:14:29.589420,599617597902907789,-52.00
2025-11-18 15:14:29.589420,599617597902907789,-52.00
2025-11-18 15:14:29.589420,599617597902907789,-48.00
2025-11-18 15:14:29.589420,599617597902907789,-40.00
2025-11-18 15:14:29.589420,599617597902907789,-31.00
2025-11-18 15:14:29.589420,599617597902907789,-28.00
2025-11-18 15:14:29.589420,599617597902907789,-28.00
2025-11-18 15:14:29.589420,599617597902907789,-31.00
2025-11-18 15:14:29.589420,599617597902907789,-40.00
2025-11-18 15:14:29.589420,599617597902907789,-40.00
2025-11-18 15:14:29.589420,599617597902907789,-36.00
2025-11-18 15:14:29.589420,599617597902907789,-40.00
2025-11-18 15:14:29.589420,599617597902907789,-48.00
2025-11-18 15:14:29.589420,599617597902907789,-40.00
2025-11-18 15:14:29.589420,599617597902907789,-26.00
2025-11-18 15:14:29.589420,599617597902907789,-24.00
2025-11-18 15:14:29.589420,599617597902907789,-33.00
2025-11-18 15:14:29.589420,599617597902907789,-36.00
2025-11-18 15:14:29.589420,599617597902907789,-38.00
2025-11-18 15:14:29.589420,599617597902907789,-38.00
2025-11-18 15:14:29.589420,599617597902907789,-33.00
2025-11-18 15:14:29.589420,599617597902907789,-26.00
2025-11-18 15:14:29.589420,599617597902907789,-26.00
2025-11-18 15:14:29.589420,599617597902907789,-36.00
2025-11-18 15:14:29.589420,599617597902907789,-40.00
2025-11-18 15:14:29.589420,599617597902907789,-28.00
2025-11-18 15:14:29.589420,599617597902907789,-14.00
2025-11-18 15:14:29.589420,599617597902907789,-21.00
2025-11-18 15:14:29.589420,599617597902907789,-33.00
2025-11-18 15:14:29.589420,599617597902907789,-31.00
2025-11-18 15:14:29.589420,599617597902907789,-33.00
2025-11-18 15:14:29.589420,599617597902907789,-36.00
2025-11-18 15:14:29.589420,599617597902907789,-33.00
2025-11-18 15:14:29.589420,599617597902907789,-31.00
2025-11-18 15:14:29.589420,599617597902907789,-28.00
2025-11-18 15:14:29.589420,599617597902907789,-26.00
2025-11-18 15:14:29.589420,599617597902907789,-26.00
2025-11-18 15:14:29.589420,599617597902907789,-12.00
2025-11-18 15:14:29.589420,599617597902907789,9.00
2025-11-18 15:14:29.589420,599617597902907789,12.00
2025-11-18 15:14:29.589420,599617597902907789,0.00
2025-11-18 15:14:29.589420,599617597902907789,-7.00
2025-11-18 15:14:29.589420,599617597902907789,-19.00
2025-11-18 15:14:29.589420,599617597902907789,-24.00
2025-11-18 15:14:29.589420,599617597902907789,-19.00
2025-11-18 15:14:29.589420,599617597902907789,-24.00
2025-11-18 15:14:29.589420,599617597902907789,-28.00
2025-11-18 15:14:29.589420,599617597902907789,-28.00
2025-11-18 15:14:29.589420,599617597902907789,-33.00
2025-11-18 15:14:29.589420,599617597902907789,-33.00
2025-11-18 15:14:29.589420,599617597902907789,-38.00
2025-11-18 15:14:29.589420,599617597902907789,-45.00
2025-11-18 15:14:29.589420,599617597902907789,-45.00
2025-11-18 15:14:29.589420,599617597902907789,-45.00
2025-11-18 15:14:29.589420,599617597902907789,-65.00
2025-11-18 15:14:29.589420,599617597902907789,-69.00
2025-11-18 15:14:29.589420,599617597902907789,36.00
2025-11-18 15:14:29.589420,599617597902907789,301.00
2025-11-18 15:14:29.589420,599617597902907789,587.00
2025-11-18 15:14:29.589420,599617597902907789,585.00
2025-11-18 15:14:29.589420,599617597902907789,185.00
2025-11-18 15:14:29.589420,599617597902907789,-187.00
2025-11-18 15:14:29.589420,599617597902907789,-207.00
2025-11-18 15:14:29.589420,599617597902907789,-120.00
2025-11-18 15:14:30.156249,599617598463604830,-105.00
2025-11-18 15:14:30.156249,599617598463604830,-69.00
2025-11-18 15:14:30.156249,599617598463604830,-31.00
2025-11-18 15:14:30.156249,599617598463604830,-45.00
2025-11-18 15:14:30.156249,599617598463604830,-40.00
2025-11-18 15:14:30.156249,599617598463604830,-12.00
2025-11-18 15:14:30.156249,599617598463604830,-14.00
2025-11-18 15:14:30.156249,599617598463604830,-14.00
2025-11-18 15:14:30.156249,599617598463604830,-2.00
2025-11-18 15:14:30.156249,599617598463604830,-9.00
2025-11-18 15:14:30.156249,599617598463604830,-14.00
2025-11-18 15:14:30.156249,599617598463604830,7.00
2025-11-18 15:14:30.156249,599617598463604830,21.00
2025-11-18 15:14:30.156249,599617598463604830,12.00
2025-11-18 15:14:30.156249,599617598463604830,19.00
2025-11-18 15:14:30.156249,599617598463604830,48.00
2025-11-18 15:14:30.156249,599617598463604830,45.00
2025-11-18 15:14:30.156249,599617598463604830,33.00
2025-11-18 15:14:30.156249,599617598463604830,48.00
2025-11-18 15:14:30.156249,599617598463604830,60.00
2025-11-18 15:14:30.156249,599617598463604830,55.00
2025-11-18 15:14:30.156249,599617598463604830,55.00
2025-11-18 15:14:30.156249,599617598463604830,72.00
2025-11-18 15:14:30.156249,599617598463604830,96.00
2025-11-18 15:14:30.156249,599617598463604830,120.00
2025-11-18 15:14:30.156249,599617598463604830,132.00
2025-11-18 15:14:30.156249,599617598463604830,134.00
2025-11-18 15:14:30.156249,599617598463604830,149.00
2025-11-18 15:14:30.156249,599617598463604830,156.00
2025-11-18 15:14:30.156249,599617598463604830,142.00
2025-11-18 15:14:30.156249,599617598463604830,122.00
2025-11-18 15:14:30.156249,599617598463604830,96.00
2025-11-18 15:14:30.156249,599617598463604830,52.00
2025-11-18 15:14:30.156249,599617598463604830,24.00
2025-11-18 15:14:30.156249,599617598463604830,-2.00
2025-11-18 15:14:30.156249,599617598463604830,-52.00
2025-11-18 15:14:30.156249,599617598463604830,-86.00
2025-11-18 15:14:30.156249,599617598463604830,-81.00
2025-11-18 15:14:30.156249,599617598463604830,-91.00
2025-11-18 15:14:30.156249,599617598463604830,-120.00
2025-11-18 15:14:30.156249,599617598463604830,-120.00
2025-11-18 15:14:30.156249,599617598463604830,-101.00
2025-11-18 15:14:30.156249,599617598463604830,-105.00
2025-11-18 15:14:30.156249,599617598463604830,-113.00
2025-11-18 15:14:30.156249,599617598463604830,-113.00
2025-11-18 15:14:30.156249,599617598463604830,-103.00
2025-11-18 15:14:30.156249,599617598463604830,-86.00
2025-11-18 15:14:30.156249,599617598463604830,-91.00
2025-11-18 15:14:30.156249,599617598463604830,-96.00
2025-11-18 15:14:30.156249,599617598463604830,-67.00
2025-11-18 15:14:30.156249,599617598463604830,-45.00
2025-11-18 15:14:30.156249,599617598463604830,-60.00
2025-11-18 15:14:30.156249,599617598463604830,-65.00
2025-11-18 15:14:30.156249,599617598463604830,-45.00
2025-11-18 15:14:30.156249,599617598463604830,-45.00
2025-11-18 15:14:30.156249,599617598463604830,-50.00
2025-11-18 15:14:30.156249,599617598463604830,-45.00
2025-11-18 15:14:30.156249,599617598463604830,-60.00
2025-11-18 15:14:30.156249,599617598463604830,-65.00
2025-11-18 15:14:30.156249,599617598463604830,-21.00
2025-11-18 15:14:30.156249,599617598463604830,-12.00
2025-11-18 15:14:30.156249,599617598463604830,-45.00
2025-11-18 15:14:30.156249,599617598463604830,-40.00
2025-11-18 15:14:30.156249,599617598463604830,-26.00
2025-11-18 15:14:30.156249,599617598463604830,-45.00
2025-11-18 15:14:30.156249,599617598463604830,-55.00
2025-11-18 15:14:30.156249,599617598463604830,-33.00
2025-11-18 15:14:30.156249,599617598463604830,-26.00
2025-11-18 15:14:30.156249,599617598463604830,-38.00
2025-11-18 15:14:30.156249,599617598463604830,-38.00
2025-11-18 15:14:30.156249,599617598463604830,-36.00
2025-11-18 15:14:30.156249,599617598463604830,-38.00
2025-11-18 15:14:30.156249,599617598463604830,-38.00
2025-11-18 15:14:30.696657,599617599024301871,-57.00
2025-11-18 15:14:30.696657,599617599024301871,-55.00
2025-11-18 15:14:30.696657,599617599024301871,-24.00
2025-11-18 15:14:30.696657,599617599024301871,-38.00
2025-11-18 15:14:30.696657,599617599024301871,-60.00
2025-11-18 15:14:30.696657,599617599024301871,-31.00
2025-11-18 15:14:30.696657,599617599024301871,-26.00
2025-11-18 15:14:30.696657,599617599024301871,-48.00
2025-11-18 15:14:30.696657,599617599024301871,-33.00
2025-11-18 15:14:30.696657,599617599024301871,-24.00
2025-11-18 15:14:30.696657,599617599024301871,-40.00
2025-11-18 15:14:30.696657,599617599024301871,-21.00
2025-11-18 15:14:30.696657,599617599024301871,-7.00
2025-11-18 15:14:30.696657,599617599024301871,-36.00
2025-11-18 15:14:30.696657,599617599024301871,-26.00
2025-11-18 15:14:30.696657,599617599024301871,12.00
2025-11-18 15:14:30.696657,599617599024301871,0.00
2025-11-18 15:14:30.696657,599617599024301871,-33.00
2025-11-18 15:14:30.696657,599617599024301871,-28.00
2025-11-18 15:14:30.696657,599617599024301871,-19.00
2025-11-18 15:14:30.696657,599617599024301871,-28.00
2025-11-18 15:14:30.696657,599617599024301871,-33.00
2025-11-18 15:14:30.696657,599617599024301871,-38.00
2025-11-18 15:14:30.696657,599617599024301871,-43.00
2025-11-18 15:14:30.696657,599617599024301871,-43.00
2025-11-18 15:14:30.696657,599617599024301871,-48.00
2025-11-18 15:14:30.696657,599617599024301871,-36.00
2025-11-18 15:14:30.696657,599617599024301871,-31.00
2025-11-18 15:14:30.696657,599617599024301871,-60.00
2025-11-18 15:14:30.696657,599617599024301871,-62.00
2025-11-18 15:14:30.696657,599617599024301871,-43.00
2025-11-18 15:14:30.696657,599617599024301871,-50.00
2025-11-18 15:14:30.696657,599617599024301871,31.00
2025-11-18 15:14:30.696657,599617599024301871,281.00
2025-11-18 15:14:30.696657,599617599024301871,539.00
2025-11-18 15:14:30.696657,599617599024301871,508.00
2025-11-18 15:14:30.696657,599617599024301871,115.00
2025-11-18 15:14:30.696657,599617599024301871,-231.00
2025-11-18 15:14:30.696657,599617599024301871,-236.00
2025-11-18 15:14:30.696657,599617599024301871,-127.00
2025-11-18 15:14:30.696657,599617599024301871,-105.00
2025-11-18 15:14:30.696657,599617599024301871,-89.00
2025-11-18 15:14:30.696657,599617599024301871,-55.00
2025-11-18 15:14:30.696657,599617599024301871,-55.00
2025-11-18 15:14:30.696657,599617599024301871,-45.00
2025-11-18 15:14:30.696657,599617599024301871,-21.00
2025-11-18 15:14:30.696657,599617599024301871,-26.00
2025-11-18 15:14:30.696657,599617599024301871,-48.00
2025-11-18 15:14:30.696657,599617599024301871,-28.00
2025-11-18 15:14:30.696657,599617599024301871,-2.00
2025-11-18 15:14:30.696657,599617599024301871,-9.00
2025-11-18 15:14:30.696657,599617599024301871,-19.00
2025-11-18 15:14:30.696657,599617599024301871,-4.00
2025-11-18 15:14:30.696657,599617599024301871,9.00
2025-11-18 15:14:30.696657,599617599024301871,16.00
2025-11-18 15:14:30.696657,599617599024301871,28.00
2025-11-18 15:14:30.696657,599617599024301871,33.00
2025-11-18 15:14:30.696657,599617599024301871,33.00
2025-11-18 15:14:30.696657,599617599024301871,43.00
2025-11-18 15:14:30.696657,599617599024301871,55.00
2025-11-18 15:14:30.696657,599617599024301871,57.00
2025-11-18 15:14:30.696657,599617599024301871,62.00
2025-11-18 15:14:30.696657,599617599024301871,77.00
2025-11-18 15:14:30.696657,599617599024301871,98.00
2025-11-18 15:14:30.696657,599617599024301871,120.00
2025-11-18 15:14:30.696657,599617599024301871,130.00
2025-11-18 15:14:30.696657,599617599024301871,144.00
2025-11-18 15:14:30.696657,599617599024301871,156.00
2025-11-18 15:14:30.696657,599617599024301871,149.00
2025-11-18 15:14:30.696657,599617599024301871,146.00
2025-11-18 15:14:30.696657,599617599024301871,149.00
2025-11-18 15:14:30.696657,599617599024301871,122.00
2025-11-18 15:14:30.696657,599617599024301871,69.00
2025-11-18 15:14:31.237770,599617599584998912,19.00
2025-11-18 15:14:31.237770,599617599584998912,-24.00
2025-11-18 15:14:31.237770,599617599584998912,-52.00
2025-11-18 15:14:31.237770,599617599584998912,-72.00
2025-11-18 15:14:31.237770,599617599584998912,-96.00
2025-11-18 15:14:31.237770,599617599584998912,-113.00
2025-11-18 15:14:31.237770,599617599584998912,-122.00
2025-11-18 15:14:31.237770,599617599584998912,-125.00
2025-11-18 15:14:31.237770,599617599584998912,-115.00
2025-11-18 15:14:31.237770,599617599584998912,-101.00
2025-11-18 15:14:31.237770,599617599584998912,-103.00
2025-11-18 15:14:31.237770,599617599584998912,-108.00
2025-11-18 15:14:31.237770,599617599584998912,-103.00
2025-11-18 15:14:31.237770,599617599584998912,-98.00
2025-11-18 15:14:31.237770,599617599584998912,-96.00
2025-11-18 15:14:31.237770,599617599584998912,-81.00
2025-11-18 15:14:31.237770,599617599584998912,-69.00
2025-11-18 15:14:31.237770,599617599584998912,-72.00
2025-11-18 15:14:31.237770,599617599584998912,-69.00
2025-11-18 15:14:31.237770,599617599584998912,-67.00
2025-11-18 15:14:31.237770,599617599584998912,-62.00
2025-11-18 15:14:31.237770,599617599584998912,-52.00
2025-11-18 15:14:31.237770,599617599584998912,-43.00
2025-11-18 15:14:31.237770,599617599584998912,-48.00
2025-11-18 15:14:31.237770,599617599584998912,-45.00
2025-11-18 15:14:31.237770,599617599584998912,-45.00
2025-11-18 15:14:31.237770,599617599584998912,-55.00
2025-11-18 15:14:31.237770,599617599584998912,-52.00
2025-11-18 15:14:31.237770,599617599584998912,-43.00
2025-11-18 15:14:31.237770,599617599584998912,-45.00
2025-11-18 15:14:31.237770,599617599584998912,-60.00
2025-11-18 15:14:31.237770,599617599584998912,-62.00
2025-11-18 15:14:31.237770,599617599584998912,-48.00
2025-11-18 15:14:31.237770,599617599584998912,-38.00
2025-11-18 15:14:31.237770,599617599584998912,-40.00
2025-11-18 15:14:31.237770,599617599584998912,-43.00
2025-11-18 15:14:31.237770,599617599584998912,-48.00
2025-11-18 15:14:31.237770,599617599584998912,-52.00
2025-11-18 15:14:31.237770,599617599584998912,-55.00
2025-11-18 15:14:31.237770,599617599584998912,-52.00
2025-11-18 15:14:31.237770,599617599584998912,-55.00
2025-11-18 15:14:31.237770,599617599584998912,-60.00
2025-11-18 15:14:31.237770,599617599584998912,-62.00
2025-11-18 15:14:31.237770,599617599584998912,-65.00
2025-11-18 15:14:31.237770,599617599584998912,-62.00
2025-11-18 15:14:31.237770,599617599584998912,-45.00
2025-11-18 15:14:31.237770,599617599584998912,-28.00
2025-11-18 15:14:31.237770,599617599584998912,-40.00
2025-11-18 15:14:31.237770,599617599584998912,-52.00
2025-11-18 15:14:31.237770,599617599584998912,-48.00
2025-11-18 15:14:31.237770,599617599584998912,-38.00
2025-11-18 15:14:31.237770,599617599584998912,-43.00
2025-11-18 15:14:31.237770,599617599584998912,-52.00
2025-11-18 15:14:31.237770,599617599584998912,-48.00
2025-11-18 15:14:31.237770,599617599584998912,-36.00
2025-11-18 15:14:31.237770,599617599584998912,-19.00
2025-11-18 15:14:31.237770,599617599584998912,4.00
2025-11-18 15:14:31.237770,599617599584998912,12.00
2025-11-18 15:14:31.237770,599617599584998912,-4.00
2025-11-18 15:14:31.237770,599617599584998912,-24.00
2025-11-18 15:14:31.237770,599617599584998912,-33.00
2025-11-18 15:14:31.237770,599617599584998912,-38.00
2025-11-18 15:14:31.237770,599617599584998912,-33.00
2025-11-18 15:14:31.237770,599617599584998912,-33.00
2025-11-18 15:14:31.237770,599617599584998912,-43.00
2025-11-18 15:14:31.237770,599617599584998912,-50.00
2025-11-18 15:14:31.237770,599617599584998912,-50.00
2025-11-18 15:14:31.237770,599617599584998912,-52.00
2025-11-18 15:14:31.237770,599617599584998912,-55.00
2025-11-18 15:14:31.237770,599617599584998912,-48.00
2025-11-18 15:14:31.237770,599617599584998912,-45.00
2025-11-18 15:14:31.237770,599617599584998912,-57.00
2025-11-18 15:14:31.237770,599617599584998912,-72.00
2025-11-18 15:14:31.807149,599617600145695953,-52.00
2025-11-18 15:14:31.807149,599617600145695953,69.00
2025-11-18 15:14:31.807149,599617600145695953,305.00
2025-11-18 15:14:31.807149,599617600145695953,515.00
2025-11-18 15:14:31.807149,599617600145695953,426.00
2025-11-18 15:14:31.807149,599617600145695953,14.00
2025-11-18 15:14:31.807149,599617600145695953,-262.00
2025-11-18 15:14:31.807149,599617600145695953,-202.00
2025-11-18 15:14:31.807149,599617600145695953,-113.00
2025-11-18 15:14:31.807149,599617600145695953,-108.00
2025-11-18 15:14:31.807149,599617600145695953,-69.00
2025-11-18 15:14:31.807149,599617600145695953,-31.00
2025-11-18 15:14:31.807149,599617600145695953,-43.00
2025-11-18 15:14:31.807149,599617600145695953,-45.00
2025-11-18 15:14:31.807149,599617600145695953,-26.00
2025-11-18 15:14:31.807149,599617600145695953,-19.00
2025-11-18 15:14:31.807149,599617600145695953,-12.00
2025-11-18 15:14:31.807149,599617600145695953,-2.00
2025-11-18 15:14:31.807149,599617600145695953,0.00
2025-11-18 15:14:31.807149,599617600145695953,2.00
2025-11-18 15:14:31.807149,599617600145695953,7.00
2025-11-18 15:14:31.807149,599617600145695953,9.00
2025-11-18 15:14:31.807149,599617600145695953,14.00
2025-11-18 15:14:31.807149,599617600145695953,21.00
2025-11-18 15:14:31.807149,599617600145695953,31.00
2025-11-18 15:14:31.807149,599617600145695953,31.00
2025-11-18 15:14:31.807149,599617600145695953,26.00
2025-11-18 15:14:31.807149,599617600145695953,38.00
2025-11-18 15:14:31.807149,599617600145695953,57.00
2025-11-18 15:14:31.807149,599617600145695953,69.00
2025-11-18 15:14:31.807149,599617600145695953,81.00
2025-11-18 15:14:31.807149,599617600145695953,96.00
2025-11-18 15:14:31.807149,599617600145695953,108.00
2025-11-18 15:14:31.807149,599617600145695953,113.00
2025-11-18 15:14:31.807149,599617600145695953,120.00
2025-11-18 15:14:31.807149,599617600145695953,132.00
2025-11-18 15:14:31.807149,599617600145695953,139.00
2025-11-18 15:14:31.807149,599617600145695953,137.00
2025-11-18 15:14:31.807149,599617600145695953,134.00
2025-11-18 15:14:31.807149,599617600145695953,118.00
2025-11-18 15:14:31.807149,599617600145695953,89.00
2025-11-18 15:14:31.807149,599617600145695953,50.00
2025-11-18 15:14:31.807149,599617600145695953,9.00
2025-11-18 15:14:31.807149,599617600145695953,-26.00
2025-11-18 15:14:31.807149,599617600145695953,-55.00
2025-11-18 15:14:31.807149,599617600145695953,-84.00
2025-11-18 15:14:31.807149,599617600145695953,-101.00
2025-11-18 15:14:31.807149,599617600145695953,-110.00
2025-11-18 15:14:31.807149,599617600145695953,-125.00
2025-11-18 15:14:31.807149,599617600145695953,-139.00
2025-11-18 15:14:31.807149,599617600145695953,-134.00
2025-11-18 15:14:31.807149,599617600145695953,-127.00
2025-11-18 15:14:31.807149,599617600145695953,-125.00
2025-11-18 15:14:31.807149,599617600145695953,-122.00
2025-11-18 15:14:31.807149,599617600145695953,-120.00
2025-11-18 15:14:31.807149,599617600145695953,-120.00
2025-11-18 15:14:31.807149,599617600145695953,-118.00
2025-11-18 15:14:31.807149,599617600145695953,-113.00
2025-11-18 15:14:31.807149,599617600145695953,-105.00
2025-11-18 15:14:31.807149,599617600145695953,-101.00
2025-11-18 15:14:31.807149,599617600145695953,-101.00
2025-11-18 15:14:31.807149,599617600145695953,-105.00
2025-11-18 15:14:31.807149,599617600145695953,-103.00
2025-11-18 15:14:31.807149,599617600145695953,-86.00
2025-11-18 15:14:31.807149,599617600145695953,-81.00
2025-11-18 15:14:31.807149,599617600145695953,-93.00
2025-11-18 15:14:31.807149,599617600145695953,-93.00
2025-11-18 15:14:31.807149,599617600145695953,-89.00
2025-11-18 15:14:31.807149,599617600145695953,-98.00
2025-11-18 15:14:31.807149,599617600145695953,-103.00
2025-11-18 15:14:31.807149,599617600145695953,-96.00
2025-11-18 15:14:31.807149,599617600145695953,-96.00
2025-11-18 15:14:31.807149,599617600145695953,-96.00
2025-11-18 15:14:32.348015,599617600706392994,-101.00
2025-11-18 15:14:32.348015,599617600706392994,-101.00
2025-11-18 15:14:32.348015,599617600706392994,-91.00
2025-11-18 15:14:32.348015,599617600706392994,-86.00
2025-11-18 15:14:32.348015,599617600706392994,-93.00
2025-11-18 15:14:32.348015,599617600706392994,-89.00
2025-11-18 15:14:32.348015,599617600706392994,-77.00
2025-11-18 15:14:32.348015,599617600706392994,-79.00
2025-11-18 15:14:32.348015,599617600706392994,-86.00
2025-11-18 15:14:32.348015,599617600706392994,-86.00
2025-11-18 15:14:32.348015,599617600706392994,-81.00
2025-11-18 15:14:32.348015,599617600706392994,-84.00
2025-11-18 15:14:32.348015,599617600706392994,-86.00
2025-11-18 15:14:32.348015,599617600706392994,-81.00
2025-11-18 15:14:32.348015,599617600706392994,-74.00
2025-11-18 15:14:32.348015,599617600706392994,-72.00
2025-11-18 15:14:32.348015,599617600706392994,-74.00
2025-11-18 15:14:32.348015,599617600706392994,-72.00
2025-11-18 15:14:32.348015,599617600706392994,-67.00
2025-11-18 15:14:32.348015,599617600706392994,-62.00
2025-11-18 15:14:32.348015,599617600706392994,-48.00
2025-11-18 15:14:32.348015,599617600706392994,-31.00
2025-11-18 15:14:32.348015,599617600706392994,-28.00
2025-11-18 15:14:32.348015,599617600706392994,-40.00
2025-11-18 15:14:32.348015,599617600706392994,-55.00
2025-11-18 15:14:32.348015,599617600706392994,-62.00
2025-11-18 15:14:32.348015,599617600706392994,-65.00
2025-11-18 15:14:32.348015,599617600706392994,-65.00
2025-11-18 15:14:32.348015,599617600706392994,-60.00
2025-11-18 15:14:32.348015,599617600706392994,-60.00
2025-11-18 15:14:32.348015,599617600706392994,-67.00
2025-11-18 15:14:32.348015,599617600706392994,-67.00
2025-11-18 15:14:32.348015,599617600706392994,-65.00
2025-11-18 15:14:32.348015,599617600706392994,-67.00
2025-11-18 15:14:32.348015,599617600706392994,-72.00
2025-11-18 15:14:32.348015,599617600706392994,-77.00
2025-11-18 15:14:32.348015,599617600706392994,-81.00
2025-11-18 15:14:32.348015,599617600706392994,-91.00
2025-11-18 15:14:32.348015,599617600706392994,-60.00
2025-11-18 15:14:32.348015,599617600706392994,96.00
2025-11-18 15:14:32.348015,599617600706392994,358.00
2025-11-18 15:14:32.348015,599617600706392994,527.00
2025-11-18 15:14:32.348015,599617600706392994,310.00
2025-11-18 15:14:32.348015,599617600706392994,-173.00
2025-11-18 15:14:32.348015,599617600706392994,-378.00
2025-11-18 15:14:32.348015,599617600706392994,-257.00
2025-11-18 15:14:32.348015,599617600706392994,-173.00
2025-11-18 15:14:32.348015,599617600706392994,-137.00
2025-11-18 15:14:32.348015,599617600706392994,-67.00
2025-11-18 15:14:32.348015,599617600706392994,-48.00
2025-11-18 15:14:32.348015,599617600706392994,-67.00
2025-11-18 15:14:32.348015,599617600706392994,-50.00
2025-11-18 15:14:32.348015,599617600706392994,-26.00
2025-11-18 15:14:32.348015,599617600706392994,-31.00
2025-11-18 15:14:32.348015,599617600706392994,-28.00
2025-11-18 15:14:32.348015,599617600706392994,-19.00
2025-11-18 15:14:32.348015,599617600706392994,-19.00
2025-11-18 15:14:32.348015,599617600706392994,-19.00
2025-11-18 15:14:32.348015,599617600706392994,-4.00
2025-11-18 15:14:32.348015,599617600706392994,9.00
2025-11-18 15:14:32.348015,599617600706392994,9.00
2025-11-18 15:14:32.348015,599617600706392994,12.00
2025-11-18 15:14:32.348015,599617600706392994,24.00
2025-11-18 15:14:32.348015,599617600706392994,28.00
2025-11-18 15:14:32.348015,599617600706392994,33.00
2025-11-18 15:14:32.348015,599617600706392994,43.00
2025-11-18 15:14:32.348015,599617600706392994,52.00
2025-11-18 15:14:32.348015,599617600706392994,62.00
2025-11-18 15:14:32.348015,599617600706392994,77.00
2025-11-18 15:14:32.348015,599617600706392994,93.00
2025-11-18 15:14:32.348015,599617600706392994,110.00
2025-11-18 15:14:32.348015,599617600706392994,120.00
2025-11-18 15:14:32.348015,599617600706392994,132.00
2025-11-18 15:14:32.946026,599617601267059519,142.00
2025-11-18 15:14:32.946026,599617601267059519,146.00
2025-11-18 15:14:32.946026,599617601267059519,144.00
2025-11-18 15:14:32.946026,599617601267059519,134.00
2025-11-18 15:14:32.946026,599617601267059519,120.00
2025-11-18 15:14:32.946026,599617601267059519,93.00
2025-11-18 15:14:32.946026,599617601267059519,55.00
2025-11-18 15:14:32.946026,599617601267059519,9.00
2025-11-18 15:14:32.946026,599617601267059519,-31.00
2025-11-18 15:14:32.946026,599617601267059519,-62.00
2025-11-18 15:14:32.946026,599617601267059519,-81.00
2025-11-18 15:14:32.946026,599617601267059519,-96.00
2025-11-18 15:14:32.946026,599617601267059519,-105.00
2025-11-18 15:14:32.946026,599617601267059519,-113.00
2025-11-18 15:14:32.946026,599617601267059519,-115.00
2025-11-18 15:14:32.946026,599617601267059519,-110.00
2025-11-18 15:14:32.946026,599617601267059519,-108.00
2025-11-18 15:14:32.946026,599617601267059519,-103.00
2025-11-18 15:14:32.946026,599617601267059519,-98.00
2025-11-18 15:14:32.946026,599617601267059519,-89.00
2025-11-18 15:14:32.946026,599617601267059519,-79.00
2025-11-18 15:14:32.946026,599617601267059519,-74.00
2025-11-18 15:14:32.946026,599617601267059519,-74.00
2025-11-18 15:14:32.946026,599617601267059519,-74.00
2025-11-18 15:14:32.946026,599617601267059519,-67.00
2025-11-18 15:14:32.946026,599617601267059519,-62.00
2025-11-18 15:14:32.946026,599617601267059519,-57.00
2025-11-18 15:14:32.946026,599617601267059519,-55.00
2025-11-18 15:14:32.946026,599617601267059519,-55.00
2025-11-18 15:14:32.946026,599617601267059519,-52.00
2025-11-18 15:14:32.946026,599617601267059519,-52.00
2025-11-18 15:14:32.946026,599617601267059519,-48.00
2025-11-18 15:14:32.946026,599617601267059519,-48.00
2025-11-18 15:14:32.946026,599617601267059519,-50.00
2025-11-18 15:14:32.946026,599617601267059519,-50.00
2025-11-18 15:14:32.946026,599617601267059519,-43.00
2025-11-18 15:14:32.946026,599617601267059519,-43.00
2025-11-18 15:14:32.946026,599617601267059519,-45.00
2025-11-18 15:14:32.946026,599617601267059519,-43.00
2025-11-18 15:14:32.946026,599617601267059519,-40.00
2025-11-18 15:14:32.946026,599617601267059519,-38.00
2025-11-18 15:14:32.946026,599617601267059519,-33.00
2025-11-18 15:14:32.946026,599617601267059519,-28.00
2025-11-18 15:14:32.946026,599617601267059519,-24.00
2025-11-18 15:14:32.946026,599617601267059519,-28.00
2025-11-18 15:14:32.946026,599617601267059519,-31.00
2025-11-18 15:14:32.946026,599617601267059519,-21.00
2025-11-18 15:14:32.946026,599617601267059519,-16.00
2025-11-18 15:14:32.946026,599617601267059519,-24.00
2025-11-18 15:14:32.946026,599617601267059519,-26.00
2025-11-18 15:14:32.946026,599617601267059519,-21.00
2025-11-18 15:14:32.946026,599617601267059519,-19.00
2025-11-18 15:14:32.946026,599617601267059519,-21.00
2025-11-18 15:14:32.946026,599617601267059519,-12.00
2025-11-18 15:14:32.946026,599617601267059519,0.00
2025-11-18 15:14:32.946026,599617601267059519,16.00
2025-11-18 15:14:32.946026,599617601267059519,31.00
2025-11-18 15:14:32.946026,599617601267059519,28.00
2025-11-18 15:14:32.946026,599617601267059519,19.00
2025-11-18 15:14:32.946026,599617601267059519,4.00
2025-11-18 15:14:32.946026,599617601267059519,-4.00
2025-11-18 15:14:32.946026,599617601267059519,-4.00
2025-11-18 15:14:32.946026,599617601267059519,-9.00
2025-11-18 15:14:32.946026,599617601267059519,-14.00
2025-11-18 15:14:32.946026,599617601267059519,-16.00
2025-11-18 15:14:32.946026,599617601267059519,-19.00
2025-11-18 15:14:32.946026,599617601267059519,-19.00
2025-11-18 15:14:32.946026,599617601267059519,-14.00
2025-11-18 15:14:32.946026,599617601267059519,-12.00
2025-11-18 15:14:32.946026,599617601267059519,-14.00
2025-11-18 15:14:32.946026,599617601267059519,-14.00
2025-11-18 15:14:32.946026,599617601267059519,-21.00
2025-11-18 15:14:32.946026,599617601267059519,-43.00
2025-11-18 15:14:33.545998,599617601827756560,-12.00
2025-11-18 15:14:33.545998,599617601827756560,161.00
2025-11-18 15:14:33.545998,599617601827756560,431.00
2025-11-18 15:14:33.545998,599617601827756560,585.00
2025-11-18 15:14:33.545998,599617601827756560,366.00
2025-11-18 15:14:33.545998,599617601827756560,-79.00
2025-11-18 15:14:33.545998,599617601827756560,-250.00
2025-11-18 15:14:33.545998,599617601827756560,-149.00
2025-11-18 15:14:33.545998,599617601827756560,-101.00
2025-11-18 15:14:33.545998,599617601827756560,-77.00
2025-11-18 15:14:33.545998,599617601827756560,-16.00
2025-11-18 15:14:33.545998,599617601827756560,-7.00
2025-11-18 15:14:33.545998,599617601827756560,-28.00
2025-11-18 15:14:33.545998,599617601827756560,-14.00
2025-11-18 15:14:33.545998,599617601827756560,2.00
2025-11-18 15:14:33.545998,599617601827756560,0.00
2025-11-18 15:14:33.545998,599617601827756560,4.00
2025-11-18 15:14:33.545998,599617601827756560,21.00
2025-11-18 15:14:33.545998,599617601827756560,28.00
2025-11-18 15:14:33.545998,599617601827756560,26.00
2025-11-18 15:14:33.545998,599617601827756560,28.00
2025-11-18 15:14:33.545998,599617601827756560,36.00
2025-11-18 15:14:33.545998,599617601827756560,38.00
2025-11-18 15:14:33.545998,599617601827756560,48.00
2025-11-18 15:14:33.545998,599617601827756560,57.00
2025-11-18 15:14:33.545998,599617601827756560,62.00
2025-11-18 15:14:33.545998,599617601827756560,67.00
2025-11-18 15:14:33.545998,599617601827756560,74.00
2025-11-18 15:14:33.545998,599617601827756560,86.00
2025-11-18 15:14:33.545998,599617601827756560,103.00
2025-11-18 15:14:33.545998,599617601827756560,115.00
2025-11-18 15:14:33.545998,599617601827756560,125.00
2025-11-18 15:14:33.545998,599617601827756560,137.00
2025-11-18 15:14:33.545998,599617601827756560,146.00
2025-11-18 15:14:33.545998,599617601827756560,161.00
2025-11-18 15:14:33.545998,599617601827756560,171.00
2025-11-18 15:14:33.545998,599617601827756560,168.00
2025-11-18 15:14:33.545998,599617601827756560,166.00
2025-11-18 15:14:33.545998,599617601827756560,161.00
2025-11-18 15:14:33.545998,599617601827756560,144.00
2025-11-18 15:14:33.545998,599617601827756560,108.00
2025-11-18 15:14:33.545998,599617601827756560,65.00
2025-11-18 15:14:33.545998,599617601827756560,26.00
2025-11-18 15:14:33.545998,599617601827756560,-12.00
2025-11-18 15:14:33.545998,599617601827756560,-43.00
2025-11-18 15:14:33.545998,599617601827756560,-67.00
2025-11-18 15:14:33.545998,599617601827756560,-81.00
2025-11-18 15:14:33.545998,599617601827756560,-93.00
2025-11-18 15:14:33.545998,599617601827756560,-98.00
2025-11-18 15:14:33.545998,599617601827756560,-101.00
2025-11-18 15:14:33.545998,599617601827756560,-103.00
2025-11-18 15:14:33.545998,599617601827756560,-101.00
2025-11-18 15:14:33.545998,599617601827756560,-96.00
2025-11-18 15:14:33.545998,599617601827756560,-96.00
2025-11-18 15:14:33.545998,599617601827756560,-91.00
2025-11-18 15:14:33.545998,599617601827756560,-84.00
2025-11-18 15:14:33.545998,599617601827756560,-77.00
2025-11-18 15:14:33.545998,599617601827756560,-77.00
2025-11-18 15:14:33.545998,599617601827756560,-77.00
2025-11-18 15:14:33.545998,599617601827756560,-67.00
2025-11-18 15:14:33.545998,599617601827756560,-65.00
2025-11-18 15:14:33.545998,599617601827756560,-69.00
2025-11-18 15:14:33.545998,599617601827756560,-67.00
2025-11-18 15:14:33.545998,599617601827756560,-62.00
2025-11-18 15:14:33.545998,599617601827756560,-55.00
2025-11-18 15:14:33.545998,599617601827756560,-48.00
2025-11-18 15:14:33.545998,599617601827756560,-50.00
2025-11-18 15:14:33.545998,599617601827756560,-50.00
2025-11-18 15:14:33.545998,599617601827756560,-48.00
2025-11-18 15:14:33.545998,599617601827756560,-52.00
2025-11-18 15:14:33.545998,599617601827756560,-57.00
2025-11-18 15:14:33.545998,599617601827756560,-55.00
2025-11-18 15:14:33.545998,599617601827756560,-55.00
2025-11-18 15:14:34.088025,599617602388453601,-55.00
2025-11-18 15:14:34.088025,599617602388453601,-50.00
2025-11-18 15:14:34.088025,599617602388453601,-50.00
2025-11-18 15:14:34.088025,599617602388453601,-52.00
2025-11-18 15:14:34.088025,599617602388453601,-48.00
2025-11-18 15:14:34.088025,599617602388453601,-45.00
2025-11-18 15:14:34.088025,599617602388453601,-50.00
2025-11-18 15:14:34.088025,599617602388453601,-55.00
2025-11-18 15:14:34.088025,599617602388453601,-52.00
2025-11-18 15:14:34.088025,599617602388453601,-48.00
2025-11-18 15:14:34.088025,599617602388453601,-43.00
2025-11-18 15:14:34.088025,599617602388453601,-40.00
2025-11-18 15:14:34.088025,599617602388453601,-40.00
2025-11-18 15:14:34.088025,599617602388453601,-38.00
2025-11-18 15:14:34.088025,599617602388453601,-38.00
2025-11-18 15:14:34.088025,599617602388453601,-38.00
2025-11-18 15:14:34.088025,599617602388453601,-36.00
2025-11-18 15:14:34.088025,599617602388453601,-36.00
2025-11-18 15:14:34.088025,599617602388453601,-36.00
2025-11-18 15:14:34.088025,599617602388453601,-40.00
2025-11-18 15:14:34.088025,599617602388453601,-36.00
2025-11-18 15:14:34.088025,599617602388453601,-24.00
2025-11-18 15:14:34.088025,599617602388453601,-16.00
2025-11-18 15:14:34.088025,599617602388453601,-7.00
2025-11-18 15:14:34.088025,599617602388453601,-2.00
2025-11-18 15:14:34.088025,599617602388453601,-4.00
2025-11-18 15:14:34.088025,599617602388453601,-16.00
2025-11-18 15:14:34.088025,599617602388453601,-26.00
2025-11-18 15:14:34.088025,599617602388453601,-26.00
2025-11-18 15:14:34.088025,599617602388453601,-33.00
2025-11-18 15:14:34.088025,599617602388453601,-45.00
2025-11-18 15:14:34.088025,599617602388453601,-43.00
2025-11-18 15:14:34.088025,599617602388453601,-43.00
2025-11-18 15:14:34.088025,599617602388453601,-52.00
2025-11-18 15:14:34.088025,599617602388453601,-52.00
2025-11-18 15:14:34.088025,599617602388453601,-45.00
2025-11-18 15:14:34.088025,599617602388453601,-43.00
2025-11-18 15:14:34.088025,599617602388453601,-45.00
2025-11-18 15:14:34.088025,599617602388453601,-45.00
2025-11-18 15:14:34.088025,599617602388453601,-62.00
2025-11-18 15:14:34.088025,599617602388453601,-77.00
2025-11-18 15:14:34.088025,599617602388453601,-4.00
2025-11-18 15:14:34.088025,599617602388453601,207.00
2025-11-18 15:14:34.088025,599617602388453601,448.00
2025-11-18 15:14:34.088025,599617602388453601,484.00
2025-11-18 15:14:34.088025,599617602388453601,163.00
2025-11-18 15:14:34.088025,599617602388453601,-214.00
2025-11-18 15:14:34.088025,599617602388453601,-269.00
2025-11-18 15:14:34.088025,599617602388453601,-168.00
2025-11-18 15:14:34.088025,599617602388453601,-137.00
2025-11-18 15:14:34.088025,599617602388453601,-105.00
2025-11-18 15:14:34.088025,599617602388453601,-57.00
2025-11-18 15:14:34.088025,599617602388453601,-65.00
2025-11-18 15:14:34.088025,599617602388453601,-77.00
2025-11-18 15:14:34.088025,599617602388453601,-48.00
2025-11-18 15:14:34.088025,599617602388453601,-31.00
2025-11-18 15:14:34.088025,599617602388453601,-40.00
2025-11-18 15:14:34.088025,599617602388453601,-40.00
2025-11-18 15:14:34.088025,599617602388453601,-31.00
2025-11-18 15:14:34.088025,599617602388453601,-26.00
2025-11-18 15:14:34.088025,599617602388453601,-24.00
2025-11-18 15:14:34.088025,599617602388453601,-19.00
2025-11-18 15:14:34.088025,599617602388453601,-19.00
2025-11-18 15:14:34.088025,599617602388453601,-12.00
2025-11-18 15:14:34.088025,599617602388453601,-2.00
2025-11-18 15:14:34.088025,599617602388453601,-2.00
2025-11-18 15:14:34.088025,599617602388453601,2.00
2025-11-18 15:14:34.088025,599617602388453601,14.00
2025-11-18 15:14:34.088025,599617602388453601,26.00
2025-11-18 15:14:34.088025,599617602388453601,36.00
2025-11-18 15:14:34.088025,599617602388453601,48.00
2025-11-18 15:14:34.088025,599617602388453601,60.00
2025-11-18 15:14:34.088025,599617602388453601,69.00
2025-11-18 15:14:34.626076,599617602949120124,89.00
2025-11-18 15:14:34.626076,599617602949120124,108.00
2025-11-18 15:14:34.626076,599617602949120124,118.00
2025-11-18 15:14:34.626076,599617602949120124,118.00
2025-11-18 15:14:34.626076,599617602949120124,115.00
2025-11-18 15:14:34.626076,599617602949120124,108.00
2025-11-18 15:14:34.626076,599617602949120124,101.00
2025-11-18 15:14:34.626076,599617602949120124,81.00
2025-11-18 15:14:34.626076,599617602949120124,45.00
2025-11-18 15:14:34.626076,599617602949120124,9.00
2025-11-18 15:14:34.626076,599617602949120124,-28.00
2025-11-18 15:14:34.626076,599617602949120124,-57.00
2025-11-18 15:14:34.626076,599617602949120124,-84.00
2025-11-18 15:14:34.626076,599617602949120124,-115.00
2025-11-18 15:14:34.626076,599617602949120124,-144.00
2025-11-18 15:14:34.626076,599617602949120124,-149.00
2025-11-18 15:14:34.626076,599617602949120124,-146.00
2025-11-18 15:14:34.626076,599617602949120124,-154.00
2025-11-18 15:14:34.626076,599617602949120124,-158.00
2025-11-18 15:14:34.626076,599617602949120124,-154.00
2025-11-18 15:14:34.626076,599617602949120124,-149.00
2025-11-18 15:14:34.626076,599617602949120124,-151.00
2025-11-18 15:14:34.626076,599617602949120124,-146.00
2025-11-18 15:14:34.626076,599617602949120124,-132.00
2025-11-18 15:14:34.626076,599617602949120124,-120.00
2025-11-18 15:14:34.626076,599617602949120124,-120.00
2025-11-18 15:14:34.626076,599617602949120124,-125.00
2025-11-18 15:14:34.626076,599617602949120124,-120.00
2025-11-18 15:14:34.626076,599617602949120124,-108.00
2025-11-18 15:14:34.626076,599617602949120124,-108.00
2025-11-18 15:14:34.626076,599617602949120124,-110.00
2025-11-18 15:14:34.626076,599617602949120124,-103.00
2025-11-18 15:14:34.626076,599617602949120124,-98.00
2025-11-18 15:14:34.626076,599617602949120124,-96.00
2025-11-18 15:14:34.626076,599617602949120124,-98.00
2025-11-18 15:14:34.626076,599617602949120124,-98.00
2025-11-18 15:14:34.626076,599617602949120124,-101.00
2025-11-18 15:14:34.626076,599617602949120124,-96.00
2025-11-18 15:14:34.626076,599617602949120124,-93.00
2025-11-18 15:14:34.626076,599617602949120124,-98.00
2025-11-18 15:14:34.626076,599617602949120124,-98.00
2025-11-18 15:14:34.626076,599617602949120124,-98.00
2025-11-18 15:14:34.626076,599617602949120124,-96.00
2025-11-18 15:14:34.626076,599617602949120124,-93.00
2025-11-18 15:14:34.626076,599617602949120124,-96.00
2025-11-18 15:14:34.626076,599617602949120124,-93.00
2025-11-18 15:14:34.626076,599617602949120124,-93.00
2025-11-18 15:14:34.626076,599617602949120124,-101.00
2025-11-18 15:14:34.626076,599617602949120124,-98.00
2025-11-18 15:14:34.626076,599617602949120124,-89.00
2025-11-18 15:14:34.626076,599617602949120124,-86.00
2025-11-18 15:14:34.626076,599617602949120124,-86.00
2025-11-18 15:14:34.626076,599617602949120124,-84.00
2025-11-18 15:14:34.626076,599617602949120124,-84.00
2025-11-18 15:14:34.626076,599617602949120124,-84.00
2025-11-18 15:14:34.626076,599617602949120124,-79.00
2025-11-18 15:14:34.626076,599617602949120124,-79.00
2025-11-18 15:14:34.626076,599617602949120124,-81.00
2025-11-18 15:14:34.626076,599617602949120124,-81.00
2025-11-18 15:14:34.626076,599617602949120124,-77.00
2025-11-18 15:14:34.626076,599617602949120124,-67.00
2025-11-18 15:14:34.626076,599617602949120124,-52.00
2025-11-18 15:14:34.626076,599617602949120124,-40.00
2025-11-18 15:14:34.626076,599617602949120124,-33.00
2025-11-18 15:14:34.626076,599617602949120124,-38.00
2025-11-18 15:14:34.626076,599617602949120124,-45.00
2025-11-18 15:14:34.626076,599617602949120124,-60.00
2025-11-18 15:14:34.626076,599617602949120124,-60.00
2025-11-18 15:14:34.626076,599617602949120124,-50.00
2025-11-18 15:14:34.626076,599617602949120124,-60.00
2025-11-18 15:14:34.626076,599617602949120124,-65.00
2025-11-18 15:14:34.626076,599617602949120124,-57.00
2025-11-18 15:14:34.626076,599617602949120124,-57.00
2025-11-18 15:14:35.168253,599617603509817165,-65.00
2025-11-18 15:14:35.168253,599617603509817165,-62.00
2025-11-18 15:14:35.168253,599617603509817165,-57.00
2025-11-18 15:14:35.168253,599617603509817165,-57.00
2025-11-18 15:14:35.168253,599617603509817165,-57.00
2025-11-18 15:14:35.168253,599617603509817165,-62.00
2025-11-18 15:14:35.168253,599617603509817165,-74.00
2025-11-18 15:14:35.168253,599617603509817165,-21.00
2025-11-18 15:14:35.168253,599617603509817165,178.00
2025-11-18 15:14:35.168253,599617603509817165,443.00
2025-11-18 15:14:35.168253,599617603509817165,522.00
2025-11-18 15:14:35.168253,599617603509817165,209.00
2025-11-18 15:14:35.168253,599617603509817165,-221.00
2025-11-18 15:14:35.168253,599617603509817165,-303.00
2025-11-18 15:14:35.168253,599617603509817165,-173.00
2025-11-18 15:14:35.168253,599617603509817165,-127.00
2025-11-18 15:14:35.168253,599617603509817165,-98.00
2025-11-18 15:14:35.168253,599617603509817165,-43.00
2025-11-18 15:14:35.168253,599617603509817165,-38.00
2025-11-18 15:14:35.168253,599617603509817165,-48.00
2025-11-18 15:14:35.168253,599617603509817165,-26.00
2025-11-18 15:14:35.168253,599617603509817165,-12.00
2025-11-18 15:14:35.168253,599617603509817165,-14.00
2025-11-18 15:14:35.168253,599617603509817165,-9.00
2025-11-18 15:14:35.168253,599617603509817165,-4.00
2025-11-18 15:14:35.168253,599617603509817165,0.00
2025-11-18 15:14:35.168253,599617603509817165,7.00
2025-11-18 15:14:35.168253,599617603509817165,12.00
2025-11-18 15:14:35.168253,599617603509817165,16.00
2025-11-18 15:14:35.168253,599617603509817165,24.00
2025-11-18 15:14:35.168253,599617603509817165,36.00
2025-11-18 15:14:35.168253,599617603509817165,45.00
2025-11-18 15:14:35.168253,599617603509817165,50.00
2025-11-18 15:14:35.168253,599617603509817165,57.00
2025-11-18 15:14:35.168253,599617603509817165,67.00
2025-11-18 15:14:35.168253,599617603509817165,77.00
2025-11-18 15:14:35.168253,599617603509817165,89.00
2025-11-18 15:14:35.168253,599617603509817165,101.00
2025-11-18 15:14:35.168253,599617603509817165,108.00
2025-11-18 15:14:35.168253,599617603509817165,122.00
2025-11-18 15:14:35.168253,599617603509817165,139.00
2025-11-18 15:14:35.168253,599617603509817165,146.00
2025-11-18 15:14:35.168253,599617603509817165,151.00
2025-11-18 15:14:35.168253,599617603509817165,154.00
2025-11-18 15:14:35.168253,599617603509817165,149.00
2025-11-18 15:14:35.168253,599617603509817165,137.00
2025-11-18 15:14:35.168253,599617603509817165,122.00
2025-11-18 15:14:35.168253,599617603509817165,96.00
2025-11-18 15:14:35.168253,599617603509817165,57.00
2025-11-18 15:14:35.168253,599617603509817165,14.00
2025-11-18 15:14:35.168253,599617603509817165,-21.00
2025-11-18 15:14:35.168253,599617603509817165,-43.00
2025-11-18 15:14:35.168253,599617603509817165,-67.00
2025-11-18 15:14:35.168253,599617603509817165,-86.00
2025-11-18 15:14:35.168253,599617603509817165,-93.00
2025-11-18 15:14:35.168253,599617603509817165,-101.00
2025-11-18 15:14:35.168253,599617603509817165,-105.00
2025-11-18 15:14:35.168253,599617603509817165,-101.00
2025-11-18 15:14:35.168253,599617603509817165,-98.00
2025-11-18 15:14:35.168253,599617603509817165,-96.00
2025-11-18 15:14:35.168253,599617603509817165,-86.00
2025-11-18 15:14:35.168253,599617603509817165,-77.00
2025-11-18 15:14:35.168253,599617603509817165,-74.00
2025-11-18 15:14:35.168253,599617603509817165,-74.00
2025-11-18 15:14:35.168253,599617603509817165,-72.00
2025-11-18 15:14:35.168253,599617603509817165,-60.00
2025-11-18 15:14:35.168253,599617603509817165,-50.00
2025-11-18 15:14:35.168253,599617603509817165,-52.00
2025-11-18 15:14:35.168253,599617603509817165,-55.00
2025-11-18 15:14:35.168253,599617603509817165,-50.00
2025-11-18 15:14:35.168253,599617603509817165,-50.00
2025-11-18 15:14:35.168253,599617603509817165,-48.00
2025-11-18 15:14:35.168253,599617603509817165,-45.00
2025-11-18 15:14:35.708389,599617604070514206,-50.00
2025-11-18 15:14:35.708389,599617604070514206,-52.00
2025-11-18 15:14:35.708389,599617604070514206,-52.00
2025-11-18 15:14:35.708389,599617604070514206,-50.00
2025-11-18 15:14:35.708389,599617604070514206,-48.00
2025-11-18 15:14:35.708389,599617604070514206,-48.00
2025-11-18 15:14:35.708389,599617604070514206,-52.00
2025-11-18 15:14:35.708389,599617604070514206,-50.00
2025-11-18 15:14:35.708389,599617604070514206,-43.00
2025-11-18 15:14:35.708389,599617604070514206,-45.00
2025-11-18 15:14:35.708389,599617604070514206,-48.00
2025-11-18 15:14:35.708389,599617604070514206,-43.00
2025-11-18 15:14:35.708389,599617604070514206,-48.00
2025-11-18 15:14:35.708389,599617604070514206,-48.00
2025-11-18 15:14:35.708389,599617604070514206,-43.00
2025-11-18 15:14:35.708389,599617604070514206,-43.00
2025-11-18 15:14:35.708389,599617604070514206,-45.00
2025-11-18 15:14:35.708389,599617604070514206,-43.00
2025-11-18 15:14:35.708389,599617604070514206,-40.00
2025-11-18 15:14:35.708389,599617604070514206,-40.00
2025-11-18 15:14:35.708389,599617604070514206,-38.00
2025-11-18 15:14:35.708389,599617604070514206,-38.00
2025-11-18 15:14:35.708389,599617604070514206,-38.00
2025-11-18 15:14:35.708389,599617604070514206,-38.00
2025-11-18 15:14:35.708389,599617604070514206,-38.00
2025-11-18 15:14:35.708389,599617604070514206,-33.00
2025-11-18 15:14:35.708389,599617604070514206,-36.00
2025-11-18 15:14:35.708389,599617604070514206,-38.00
2025-11-18 15:14:35.708389,599617604070514206,-33.00
2025-11-18 15:14:35.708389,599617604070514206,-31.00
2025-11-18 15:14:35.708389,599617604070514206,-38.00
2025-11-18 15:14:35.708389,599617604070514206,-36.00
2025-11-18 15:14:35.708389,599617604070514206,-33.00
2025-11-18 15:14:35.708389,599617604070514206,-33.00
2025-11-18 15:14:35.708389,599617604070514206,-31.00
2025-11-18 15:14:35.708389,599617604070514206,-26.00
2025-11-18 15:14:35.708389,599617604070514206,-21.00
2025-11-18 15:14:35.708389,599617604070514206,-14.00
2025-11-18 15:14:35.708389,599617604070514206,0.00
2025-11-18 15:14:35.708389,599617604070514206,7.00
2025-11-18 15:14:35.708389,599617604070514206,2.00
2025-11-18 15:14:35.708389,599617604070514206,-14.00
2025-11-18 15:14:35.708389,599617604070514206,-21.00
2025-11-18 15:14:35.708389,599617604070514206,-19.00
2025-11-18 15:14:35.708389,599617604070514206,-26.00
2025-11-18 15:14:35.708389,599617604070514206,-36.00
2025-11-18 15:14:35.708389,599617604070514206,-33.00
2025-11-18 15:14:35.708389,599617604070514206,-33.00
2025-11-18 15:14:35.708389,599617604070514206,-38.00
2025-11-18 15:14:35.708389,599617604070514206,-36.00
2025-11-18 15:14:35.708389,599617604070514206,-33.00
2025-11-18 15:14:35.708389,599617604070514206,-38.00
2025-11-18 15:14:35.708389,599617604070514206,-38.00
2025-11-18 15:14:35.708389,599617604070514206,-40.00
2025-11-18 15:14:35.708389,599617604070514206,-62.00
2025-11-18 15:14:35.708389,599617604070514206,-45.00
2025-11-18 15:14:35.708389,599617604070514206,89.00
2025-11-18 15:14:35.708389,599617604070514206,334.00
2025-11-18 15:14:35.708389,599617604070514206,537.00
2025-11-18 15:14:35.708389,599617604070514206,436.00
2025-11-18 15:14:35.708389,599617604070514206,24.00
2025-11-18 15:14:35.708389,599617604070514206,-238.00
2025-11-18 15:14:35.708389,599617604070514206,-187.00
2025-11-18 15:14:35.708389,599617604070514206,-115.00
2025-11-18 15:14:35.708389,599617604070514206,-101.00
2025-11-18 15:14:35.708389,599617604070514206,-62.00
2025-11-18 15:14:35.708389,599617604070514206,-43.00
2025-11-18 15:14:35.708389,599617604070514206,-52.00
2025-11-18 15:14:35.708389,599617604070514206,-40.00
2025-11-18 15:14:35.708389,599617604070514206,-24.00
2025-11-18 15:14:35.708389,599617604070514206,-24.00
2025-11-18 15:14:35.708389,599617604070514206,-21.00
2025-11-18 15:14:35.708389,599617604070514206,-12.00
2025-11-18 15:14:36.307951,599617604631211249,-9.00
2025-11-18 15:14:36.307951,599617604631211249,-9.00
2025-11-18 15:14:36.307951,599617604631211249,-2.00
2025-11-18 15:14:36.307951,599617604631211249,7.00
2025-11-18 15:14:36.307951,599617604631211249,9.00
2025-11-18 15:14:36.307951,599617604631211249,12.00
2025-11-18 15:14:36.307951,599617604631211249,19.00
2025-11-18 15:14:36.307951,599617604631211249,26.00
2025-11-18 15:14:36.307951,599617604631211249,33.00
2025-11-18 15:14:36.307951,599617604631211249,48.00
2025-11-18 15:14:36.307951,599617604631211249,57.00
2025-11-18 15:14:36.307951,599617604631211249,62.00
2025-11-18 15:14:36.307951,599617604631211249,74.00
2025-11-18 15:14:36.307951,599617604631211249,86.00
2025-11-18 15:14:36.307951,599617604631211249,96.00
2025-11-18 15:14:36.307951,599617604631211249,108.00
2025-11-18 15:14:36.307951,599617604631211249,125.00
2025-11-18 15:14:36.307951,599617604631211249,134.00
2025-11-18 15:14:36.307951,599617604631211249,139.00
2025-11-18 15:14:36.307951,599617604631211249,144.00
2025-11-18 15:14:36.307951,599617604631211249,142.00
2025-11-18 15:14:36.307951,599617604631211249,130.00
2025-11-18 15:14:36.307951,599617604631211249,105.00
2025-11-18 15:14:36.307951,599617604631211249,79.00
2025-11-18 15:14:36.307951,599617604631211249,43.00
2025-11-18 15:14:36.307951,599617604631211249,0.00
2025-11-18 15:14:36.307951,599617604631211249,-38.00
2025-11-18 15:14:36.307951,599617604631211249,-67.00
2025-11-18 15:14:36.307951,599617604631211249,-84.00
2025-11-18 15:14:36.307951,599617604631211249,-96.00
2025-11-18 15:14:36.307951,599617604631211249,-103.00
2025-11-18 15:14:36.307951,599617604631211249,-108.00
2025-11-18 15:14:36.307951,599617604631211249,-110.00
2025-11-18 15:14:36.307951,599617604631211249,-113.00
2025-11-18 15:14:36.307951,599617604631211249,-115.00
2025-11-18 15:14:36.307951,599617604631211249,-110.00
2025-11-18 15:14:36.307951,599617604631211249,-103.00
2025-11-18 15:14:36.307951,599617604631211249,-93.00
2025-11-18 15:14:36.307951,599617604631211249,-89.00
2025-11-18 15:14:36.307951,599617604631211249,-86.00
2025-11-18 15:14:36.307951,599617604631211249,-81.00
2025-11-18 15:14:36.307951,599617604631211249,-79.00
2025-11-18 15:14:36.307951,599617604631211249,-77.00
2025-11-18 15:14:36.307951,599617604631211249,-74.00
2025-11-18 15:14:36.307951,599617604631211249,-74.00
2025-11-18 15:14:36.307951,599617604631211249,-69.00
2025-11-18 15:14:36.307951,599617604631211249,-65.00
2025-11-18 15:14:36.307951,599617604631211249,-65.00
2025-11-18 15:14:36.307951,599617604631211249,-65.00
2025-11-18 15:14:36.307951,599617604631211249,-62.00
2025-11-18 15:14:36.307951,599617604631211249,-65.00
2025-11-18 15:14:36.307951,599617604631211249,-67.00
2025-11-18 15:14:36.307951,599617604631211249,-62.00
2025-11-18 15:14:36.307951,599617604631211249,-57.00
2025-11-18 15:14:36.307951,599617604631211249,-65.00
2025-11-18 15:14:36.307951,599617604631211249,-77.00
2025-11-18 15:14:36.307951,599617604631211249,-72.00
2025-11-18 15:14:36.307951,599617604631211249,-62.00
2025-11-18 15:14:36.307951,599617604631211249,-67.00
2025-11-18 15:14:36.307951,599617604631211249,-72.00
2025-11-18 15:14:36.307951,599617604631211249,-67.00
2025-11-18 15:14:36.307951,599617604631211249,-62.00
2025-11-18 15:14:36.307951,599617604631211249,-60.00
2025-11-18 15:14:36.307951,599617604631211249,-60.00
2025-11-18 15:14:36.307951,599617604631211249,-65.00
2025-11-18 15:14:36.307951,599617604631211249,-67.00
2025-11-18 15:14:36.307951,599617604631211249,-65.00
2025-11-18 15:14:36.307951,599617604631211249,-60.00
2025-11-18 15:14:36.307951,599617604631211249,-60.00
2025-11-18 15:14:36.307951,599617604631211249,-62.00
2025-11-18 15:14:36.307951,599617604631211249,-57.00
2025-11-18 15:14:36.307951,599617604631211249,-55.00
2025-11-18 15:14:36.307951,599617604631211249,-62.00
2025-11-18 15:14:36.876568,599617605191877772,-67.00
2025-11-18 15:14:36.876568,599617605191877772,-62.00
2025-11-18 15:14:36.876568,599617605191877772,-62.00
2025-11-18 15:14:36.876568,599617605191877772,-65.00
2025-11-18 15:14:36.876568,599617605191877772,-57.00
2025-11-18 15:14:36.876568,599617605191877772,-50.00
2025-11-18 15:14:36.876568,599617605191877772,-55.00
2025-11-18 15:14:36.876568,599617605191877772,-57.00
2025-11-18 15:14:36.876568,599617605191877772,-52.00
2025-11-18 15:14:36.876568,599617605191877772,-55.00
2025-11-18 15:14:36.876568,599617605191877772,-60.00
2025-11-18 15:14:36.876568,599617605191877772,-60.00
2025-11-18 15:14:36.876568,599617605191877772,-60.00
2025-11-18 15:14:36.876568,599617605191877772,-57.00
2025-11-18 15:14:36.876568,599617605191877772,-50.00
2025-11-18 15:14:36.876568,599617605191877772,-38.00
2025-11-18 15:14:36.876568,599617605191877772,-28.00
2025-11-18 15:14:36.876568,599617605191877772,-19.00
2025-11-18 15:14:36.876568,599617605191877772,-16.00
2025-11-18 15:14:36.876568,599617605191877772,-21.00
2025-11-18 15:14:36.876568,599617605191877772,-33.00
2025-11-18 15:14:36.876568,599617605191877772,-45.00
2025-11-18 15:14:36.876568,599617605191877772,-48.00
2025-11-18 15:14:36.876568,599617605191877772,-45.00
2025-11-18 15:14:36.876568,599617605191877772,-43.00
2025-11-18 15:14:36.876568,599617605191877772,-45.00
2025-11-18 15:14:36.876568,599617605191877772,-50.00
2025-11-18 15:14:36.876568,599617605191877772,-57.00
2025-11-18 15:14:36.876568,599617605191877772,-55.00
2025-11-18 15:14:36.876568,599617605191877772,-52.00
2025-11-18 15:14:36.876568,599617605191877772,-52.00
2025-11-18 15:14:36.876568,599617605191877772,-57.00
2025-11-18 15:14:36.876568,599617605191877772,-62.00
2025-11-18 15:14:36.876568,599617605191877772,-74.00
2025-11-18 15:14:36.876568,599617605191877772,-74.00
2025-11-18 15:14:36.876568,599617605191877772,26.00
2025-11-18 15:14:36.876568,599617605191877772,260.00
2025-11-18 15:14:36.876568,599617605191877772,496.00
2025-11-18 15:14:36.876568,599617605191877772,457.00
2025-11-18 15:14:36.876568,599617605191877772,55.00
2025-11-18 15:14:36.876568,599617605191877772,-291.00
2025-11-18 15:14:36.876568,599617605191877772,-279.00
2025-11-18 15:14:36.876568,599617605191877772,-171.00
2025-11-18 15:14:36.876568,599617605191877772,-142.00
2025-11-18 15:14:36.876568,599617605191877772,-93.00
2025-11-18 15:14:36.876568,599617605191877772,-55.00
2025-11-18 15:14:36.876568,599617605191877772,-65.00
2025-11-18 15:14:36.876568,599617605191877772,-62.00
2025-11-18 15:14:36.876568,599617605191877772,-43.00
2025-11-18 15:14:36.876568,599617605191877772,-31.00
2025-11-18 15:14:36.876568,599617605191877772,-31.00
2025-11-18 15:14:36.876568,599617605191877772,-33.00
2025-11-18 15:14:36.876568,599617605191877772,-31.00
2025-11-18 15:14:36.876568,599617605191877772,-21.00
2025-11-18 15:14:36.876568,599617605191877772,-12.00
2025-11-18 15:14:36.876568,599617605191877772,-12.00
2025-11-18 15:14:36.876568,599617605191877772,-14.00
2025-11-18 15:14:36.876568,599617605191877772,-9.00
2025-11-18 15:14:36.876568,599617605191877772,0.00
2025-11-18 15:14:36.876568,599617605191877772,7.00
2025-11-18 15:14:36.876568,599617605191877772,14.00
2025-11-18 15:14:36.876568,599617605191877772,19.00
2025-11-18 15:14:36.876568,599617605191877772,28.00
2025-11-18 15:14:36.876568,599617605191877772,38.00
2025-11-18 15:14:36.876568,599617605191877772,48.00
2025-11-18 15:14:36.876568,599617605191877772,60.00
2025-11-18 15:14:36.876568,599617605191877772,77.00
2025-11-18 15:14:36.876568,599617605191877772,91.00
2025-11-18 15:14:36.876568,599617605191877772,103.00
2025-11-18 15:14:36.876568,599617605191877772,115.00
2025-11-18 15:14:36.876568,599617605191877772,118.00
2025-11-18 15:14:36.876568,599617605191877772,120.00
2025-11-18 15:14:36.876568,599617605191877772,115.00
2025-11-18 15:14:37.416469,599617605752574813,103.00
2025-11-18 15:14:37.416469,599617605752574813,86.00
2025-11-18 15:14:37.416469,599617605752574813,57.00
2025-11-18 15:14:37.416469,599617605752574813,19.00
2025-11-18 15:14:37.416469,599617605752574813,-16.00
2025-11-18 15:14:37.416469,599617605752574813,-48.00
2025-11-18 15:14:37.416469,599617605752574813,-79.00
2025-11-18 15:14:37.416469,599617605752574813,-103.00
2025-11-18 15:14:37.416469,599617605752574813,-118.00
2025-11-18 15:14:37.416469,599617605752574813,-132.00
2025-11-18 15:14:37.416469,599617605752574813,-139.00
2025-11-18 15:14:37.416469,599617605752574813,-139.00
2025-11-18 15:14:37.416469,599617605752574813,-139.00
2025-11-18 15:14:37.416469,599617605752574813,-139.00
2025-11-18 15:14:37.416469,599617605752574813,-137.00
2025-11-18 15:14:37.416469,599617605752574813,-134.00
2025-11-18 15:14:37.416469,599617605752574813,-132.00
2025-11-18 15:14:37.416469,599617605752574813,-125.00
2025-11-18 15:14:37.416469,599617605752574813,-110.00
2025-11-18 15:14:37.416469,599617605752574813,-101.00
2025-11-18 15:14:37.416469,599617605752574813,-98.00
2025-11-18 15:14:37.416469,599617605752574813,-98.00
2025-11-18 15:14:37.416469,599617605752574813,-91.00
2025-11-18 15:14:37.416469,599617605752574813,-89.00
2025-11-18 15:14:37.416469,599617605752574813,-89.00
2025-11-18 15:14:37.416469,599617605752574813,-84.00
2025-11-18 15:14:37.416469,599617605752574813,-81.00
2025-11-18 15:14:37.416469,599617605752574813,-81.00
2025-11-18 15:14:37.416469,599617605752574813,-81.00
2025-11-18 15:14:37.416469,599617605752574813,-81.00
2025-11-18 15:14:37.416469,599617605752574813,-81.00
2025-11-18 15:14:37.416469,599617605752574813,-81.00
2025-11-18 15:14:37.416469,599617605752574813,-79.00
2025-11-18 15:14:37.416469,599617605752574813,-81.00
2025-11-18 15:14:37.416469,599617605752574813,-79.00
2025-11-18 15:14:37.416469,599617605752574813,-74.00
2025-11-18 15:14:37.416469,599617605752574813,-69.00
2025-11-18 15:14:37.416469,599617605752574813,-72.00
2025-11-18 15:14:37.416469,599617605752574813,-69.00
2025-11-18 15:14:37.416469,599617605752574813,-67.00
2025-11-18 15:14:37.416469,599617605752574813,-65.00
2025-11-18 15:14:37.416469,599617605752574813,-62.00
2025-11-18 15:14:37.416469,599617605752574813,-57.00
2025-11-18 15:14:37.416469,599617605752574813,-62.00
2025-11-18 15:14:37.416469,599617605752574813,-65.00
2025-11-18 15:14:37.416469,599617605752574813,-60.00
2025-11-18 15:14:37.416469,599617605752574813,-57.00
2025-11-18 15:14:37.416469,599617605752574813,-57.00
2025-11-18 15:14:37.416469,599617605752574813,-57.00
2025-11-18 15:14:37.416469,599617605752574813,-52.00
2025-11-18 15:14:37.416469,599617605752574813,-45.00
2025-11-18 15:14:37.416469,599617605752574813,-45.00
2025-11-18 15:14:37.416469,599617605752574813,-43.00
2025-11-18 15:14:37.416469,599617605752574813,-40.00
2025-11-18 15:14:37.416469,599617605752574813,-43.00
2025-11-18 15:14:37.416469,599617605752574813,-40.00
2025-11-18 15:14:37.416469,599617605752574813,-33.00
2025-11-18 15:14:37.416469,599617605752574813,-28.00
2025-11-18 15:14:37.416469,599617605752574813,-21.00
2025-11-18 15:14:37.416469,599617605752574813,-4.00
2025-11-18 15:14:37.416469,599617605752574813,7.00
2025-11-18 15:14:37.416469,599617605752574813,4.00
2025-11-18 15:14:37.416469,599617605752574813,-9.00
2025-11-18 15:14:37.416469,599617605752574813,-19.00
2025-11-18 15:14:37.416469,599617605752574813,-19.00
2025-11-18 15:14:37.416469,599617605752574813,-26.00
2025-11-18 15:14:37.416469,599617605752574813,-33.00
2025-11-18 15:14:37.416469,599617605752574813,-31.00
2025-11-18 15:14:37.416469,599617605752574813,-26.00
2025-11-18 15:14:37.416469,599617605752574813,-26.00
2025-11-18 15:14:37.416469,599617605752574813,-26.00
2025-11-18 15:14:37.416469,599617605752574813,-26.00
2025-11-18 15:14:37.416469,599617605752574813,-26.00
2025-11-18 15:14:37.988853,599617606313271854,-26.00
2025-11-18 15:14:37.988853,599617606313271854,-26.00
2025-11-18 15:14:37.988853,599617606313271854,-43.00
2025-11-18 15:14:37.988853,599617606313271854,-60.00
2025-11-18 15:14:37.988853,599617606313271854,2.00
2025-11-18 15:14:37.988853,599617606313271854,211.00
2025-11-18 15:14:37.988853,599617606313271854,472.00
2025-11-18 15:14:37.988853,599617606313271854,556.00
2025-11-18 15:14:37.988853,599617606313271854,260.00
2025-11-18 15:14:37.988853,599617606313271854,-166.00
2025-11-18 15:14:37.988853,599617606313271854,-260.00
2025-11-18 15:14:37.988853,599617606313271854,-142.00
2025-11-18 15:14:37.988853,599617606313271854,-98.00
2025-11-18 15:14:37.988853,599617606313271854,-69.00
2025-11-18 15:14:37.988853,599617606313271854,-19.00
2025-11-18 15:14:37.988853,599617606313271854,-21.00
2025-11-18 15:14:37.988853,599617606313271854,-31.00
2025-11-18 15:14:37.988853,599617606313271854,-7.00
2025-11-18 15:14:37.988853,599617606313271854,2.00
2025-11-18 15:14:37.988853,599617606313271854,-2.00
2025-11-18 15:14:37.988853,599617606313271854,7.00
2025-11-18 15:14:37.988853,599617606313271854,19.00
2025-11-18 15:14:37.988853,599617606313271854,12.00
2025-11-18 15:14:37.988853,599617606313271854,12.00
2025-11-18 15:14:37.988853,599617606313271854,26.00
2025-11-18 15:14:37.988853,599617606313271854,36.00
2025-11-18 15:14:37.988853,599617606313271854,40.00
2025-11-18 15:14:37.988853,599617606313271854,45.00
2025-11-18 15:14:37.988853,599617606313271854,50.00
2025-11-18 15:14:37.988853,599617606313271854,57.00
2025-11-18 15:14:37.988853,599617606313271854,69.00
2025-11-18 15:14:37.988853,599617606313271854,77.00
2025-11-18 15:14:37.988853,599617606313271854,79.00
2025-11-18 15:14:37.988853,599617606313271854,91.00
2025-11-18 15:14:37.988853,599617606313271854,103.00
2025-11-18 15:14:37.988853,599617606313271854,118.00
2025-11-18 15:14:37.988853,599617606313271854,132.00
2025-11-18 15:14:37.988853,599617606313271854,142.00
2025-11-18 15:14:37.988853,599617606313271854,151.00
2025-11-18 15:14:37.988853,599617606313271854,163.00
2025-11-18 15:14:37.988853,599617606313271854,163.00
2025-11-18 15:14:37.988853,599617606313271854,158.00
2025-11-18 15:14:37.988853,599617606313271854,154.00
2025-11-18 15:14:37.988853,599617606313271854,139.00
2025-11-18 15:14:37.988853,599617606313271854,108.00
2025-11-18 15:14:37.988853,599617606313271854,72.00
2025-11-18 15:14:37.988853,599617606313271854,33.00
2025-11-18 15:14:37.988853,599617606313271854,-7.00
2025-11-18 15:14:37.988853,599617606313271854,-36.00
2025-11-18 15:14:37.988853,599617606313271854,-57.00
2025-11-18 15:14:37.988853,599617606313271854,-79.00
2025-11-18 15:14:37.988853,599617606313271854,-91.00
2025-11-18 15:14:37.988853,599617606313271854,-93.00
2025-11-18 15:14:37.988853,599617606313271854,-98.00
2025-11-18 15:14:37.988853,599617606313271854,-101.00
2025-11-18 15:14:37.988853,599617606313271854,-98.00
2025-11-18 15:14:37.988853,599617606313271854,-93.00
2025-11-18 15:14:37.988853,599617606313271854,-81.00
2025-11-18 15:14:37.988853,599617606313271854,-77.00
2025-11-18 15:14:37.988853,599617606313271854,-74.00
2025-11-18 15:14:37.988853,599617606313271854,-67.00
2025-11-18 15:14:37.988853,599617606313271854,-65.00
2025-11-18 15:14:37.988853,599617606313271854,-60.00
2025-11-18 15:14:37.988853,599617606313271854,-52.00
2025-11-18 15:14:37.988853,599617606313271854,-50.00
2025-11-18 15:14:37.988853,599617606313271854,-52.00
2025-11-18 15:14:37.988853,599617606313271854,-48.00
2025-11-18 15:14:37.988853,599617606313271854,-50.00
2025-11-18 15:14:37.988853,599617606313271854,-48.00
2025-11-18 15:14:37.988853,599617606313271854,-43.00
2025-11-18 15:14:37.988853,599617606313271854,-43.00
2025-11-18 15:14:37.988853,599617606313271854,-48.00
2025-11-18 15:14:37.988853,599617606313271854,-43.00
2025-11-18 15:14:38.527479,599617606873968895,-40.00
2025-11-18 15:14:38.527479,599617606873968895,-45.00
2025-11-18 15:14:38.527479,599617606873968895,-48.00
2025-11-18 15:14:38.527479,599617606873968895,-43.00
2025-11-18 15:14:38.527479,599617606873968895,-43.00
2025-11-18 15:14:38.527479,599617606873968895,-43.00
2025-11-18 15:14:38.527479,599617606873968895,-45.00
2025-11-18 15:14:38.527479,599617606873968895,-45.00
2025-11-18 15:14:38.527479,599617606873968895,-40.00
2025-11-18 15:14:38.527479,599617606873968895,-36.00
2025-11-18 15:14:38.527479,599617606873968895,-31.00
2025-11-18 15:14:38.527479,599617606873968895,-33.00
2025-11-18 15:14:38.527479,599617606873968895,-36.00
2025-11-18 15:14:38.527479,599617606873968895,-36.00
2025-11-18 15:14:38.527479,599617606873968895,-36.00
2025-11-18 15:14:38.527479,599617606873968895,-36.00
2025-11-18 15:14:38.527479,599617606873968895,-36.00
2025-11-18 15:14:38.527479,599617606873968895,-36.00
2025-11-18 15:14:38.527479,599617606873968895,-31.00
2025-11-18 15:14:38.527479,599617606873968895,-28.00
2025-11-18 15:14:38.527479,599617606873968895,-31.00
2025-11-18 15:14:38.527479,599617606873968895,-31.00
2025-11-18 15:14:38.527479,599617606873968895,-28.00
2025-11-18 15:14:38.527479,599617606873968895,-28.00
2025-11-18 15:14:38.527479,599617606873968895,-28.00
2025-11-18 15:14:38.527479,599617606873968895,-28.00
2025-11-18 15:14:38.527479,599617606873968895,-31.00
2025-11-18 15:14:38.527479,599617606873968895,-31.00
2025-11-18 15:14:38.527479,599617606873968895,-33.00
2025-11-18 15:14:38.527479,599617606873968895,-31.00
2025-11-18 15:14:38.527479,599617606873968895,-26.00
2025-11-18 15:14:38.527479,599617606873968895,-28.00
2025-11-18 15:14:38.527479,599617606873968895,-31.00
2025-11-18 15:14:38.527479,599617606873968895,-28.00
2025-11-18 15:14:38.527479,599617606873968895,-19.00
2025-11-18 15:14:38.527479,599617606873968895,-12.00
2025-11-18 15:14:38.527479,599617606873968895,-4.00
2025-11-18 15:14:38.527479,599617606873968895,7.00
2025-11-18 15:14:38.527479,599617606873968895,14.00
2025-11-18 15:14:38.527479,599617606873968895,4.00
2025-11-18 15:14:38.527479,599617606873968895,-12.00
2025-11-18 15:14:38.527479,599617606873968895,-21.00
2025-11-18 15:14:38.527479,599617606873968895,-21.00
2025-11-18 15:14:38.527479,599617606873968895,-24.00
2025-11-18 15:14:38.527479,599617606873968895,-28.00
2025-11-18 15:14:38.527479,599617606873968895,-33.00
2025-11-18 15:14:38.527479,599617606873968895,-33.00
2025-11-18 15:14:38.527479,599617606873968895,-33.00
2025-11-18 15:14:38.527479,599617606873968895,-33.00
2025-11-18 15:14:38.527479,599617606873968895,-28.00
2025-11-18 15:14:38.527479,599617606873968895,-31.00
2025-11-18 15:14:38.527479,599617606873968895,-38.00
2025-11-18 15:14:38.527479,599617606873968895,-40.00
2025-11-18 15:14:38.527479,599617606873968895,-55.00
2025-11-18 15:14:38.527479,599617606873968895,-60.00
2025-11-18 15:14:38.527479,599617606873968895,43.00
2025-11-18 15:14:38.527479,599617606873968895,277.00
2025-11-18 15:14:38.527479,599617606873968895,515.00
2025-11-18 15:14:38.527479,599617606873968895,493.00
2025-11-18 15:14:38.527479,599617606873968895,118.00
2025-11-18 15:14:38.527479,599617606873968895,-209.00
2025-11-18 15:14:38.527479,599617606873968895,-207.00
2025-11-18 15:14:38.527479,599617606873968895,-122.00
2025-11-18 15:14:38.527479,599617606873968895,-105.00
2025-11-18 15:14:38.527479,599617606873968895,-69.00
2025-11-18 15:14:38.527479,599617606873968895,-43.00
2025-11-18 15:14:38.527479,599617606873968895,-52.00
2025-11-18 15:14:38.527479,599617606873968895,-48.00
2025-11-18 15:14:38.527479,599617606873968895,-36.00
2025-11-18 15:14:38.527479,599617606873968895,-36.00
2025-11-18 15:14:38.527479,599617606873968895,-31.00
2025-11-18 15:14:38.527479,599617606873968895,-24.00
2025-11-18 15:14:38.527479,599617606873968895,-19.00
2025-11-18 15:14:39.097155,599617607434635418,-14.00
2025-11-18 15:14:39.097155,599617607434635418,-9.00
2025-11-18 15:14:39.097155,599617607434635418,-4.00
2025-11-18 15:14:39.097155,599617607434635418,0.00
2025-11-18 15:14:39.097155,599617607434635418,4.00
2025-11-18 15:14:39.097155,599617607434635418,9.00
2025-11-18 15:14:39.097155,599617607434635418,14.00
2025-11-18 15:14:39.097155,599617607434635418,19.00
2025-11-18 15:14:39.097155,599617607434635418,28.00
2025-11-18 15:14:39.097155,599617607434635418,43.00
2025-11-18 15:14:39.097155,599617607434635418,52.00
2025-11-18 15:14:39.097155,599617607434635418,60.00
2025-11-18 15:14:39.097155,599617607434635418,72.00
2025-11-18 15:14:39.097155,599617607434635418,86.00
2025-11-18 15:14:39.097155,599617607434635418,98.00
2025-11-18 15:14:39.097155,599617607434635418,108.00
2025-11-18 15:14:39.097155,599617607434635418,122.00
2025-11-18 15:14:39.097155,599617607434635418,130.00
2025-11-18 15:14:39.097155,599617607434635418,125.00
2025-11-18 15:14:39.097155,599617607434635418,118.00
2025-11-18 15:14:39.097155,599617607434635418,115.00
2025-11-18 15:14:39.097155,599617607434635418,98.00
2025-11-18 15:14:39.097155,599617607434635418,69.00
2025-11-18 15:14:39.097155,599617607434635418,33.00
2025-11-18 15:14:39.097155,599617607434635418,0.00
2025-11-18 15:14:39.097155,599617607434635418,-33.00
2025-11-18 15:14:39.097155,599617607434635418,-72.00
2025-11-18 15:14:39.097155,599617607434635418,-98.00
2025-11-18 15:14:39.097155,599617607434635418,-110.00
2025-11-18 15:14:39.097155,599617607434635418,-125.00
2025-11-18 15:14:39.097155,599617607434635418,-137.00
2025-11-18 15:14:39.097155,599617607434635418,-137.00
2025-11-18 15:14:39.097155,599617607434635418,-137.00
2025-11-18 15:14:39.097155,599617607434635418,-134.00
2025-11-18 15:14:39.097155,599617607434635418,-132.00
2025-11-18 15:14:39.097155,599617607434635418,-130.00
2025-11-18 15:14:39.097155,599617607434635418,-120.00
2025-11-18 15:14:39.097155,599617607434635418,-115.00
2025-11-18 15:14:39.097155,599617607434635418,-113.00
2025-11-18 15:14:39.097155,599617607434635418,-108.00
2025-11-18 15:14:39.097155,599617607434635418,-98.00
2025-11-18 15:14:39.097155,599617607434635418,-98.00
2025-11-18 15:14:39.097155,599617607434635418,-98.00
2025-11-18 15:14:39.097155,599617607434635418,-93.00
2025-11-18 15:14:39.097155,599617607434635418,-89.00
2025-11-18 15:14:39.097155,599617607434635418,-96.00
2025-11-18 15:14:39.097155,599617607434635418,-101.00
2025-11-18 15:14:39.097155,599617607434635418,-98.00
2025-11-18 15:14:39.097155,599617607434635418,-96.00
2025-11-18 15:14:39.097155,599617607434635418,-93.00
2025-11-18 15:14:39.097155,599617607434635418,-91.00
2025-11-18 15:14:39.097155,599617607434635418,-91.00
2025-11-18 15:14:39.097155,599617607434635418,-91.00
2025-11-18 15:14:39.097155,599617607434635418,-89.00
2025-11-18 15:14:39.097155,599617607434635418,-91.00
2025-11-18 15:14:39.097155,599617607434635418,-91.00
2025-11-18 15:14:39.097155,599617607434635418,-89.00
2025-11-18 15:14:39.097155,599617607434635418,-89.00
2025-11-18 15:14:39.097155,599617607434635418,-91.00
2025-11-18 15:14:39.097155,599617607434635418,-96.00
2025-11-18 15:14:39.097155,599617607434635418,-93.00
2025-11-18 15:14:39.097155,599617607434635418,-91.00
2025-11-18 15:14:39.097155,599617607434635418,-91.00
2025-11-18 15:14:39.097155,599617607434635418,-93.00
2025-11-18 15:14:39.097155,599617607434635418,-96.00
2025-11-18 15:14:39.097155,599617607434635418,-93.00
2025-11-18 15:14:39.097155,599617607434635418,-93.00
2025-11-18 15:14:39.097155,599617607434635418,-96.00
2025-11-18 15:14:39.097155,599617607434635418,-96.00
2025-11-18 15:14:39.097155,599617607434635418,-93.00
2025-11-18 15:14:39.097155,599617607434635418,-86.00
2025-11-18 15:14:39.097155,599617607434635418,-86.00
2025-11-18 15:14:39.097155,599617607434635418,-91.00
2025-11-18 15:14:39.696854,599617607995332461,-89.00
2025-11-18 15:14:39.696854,599617607995332461,-91.00
2025-11-18 15:14:39.696854,599617607995332461,-98.00
2025-11-18 15:14:39.696854,599617607995332461,-98.00
2025-11-18 15:14:39.696854,599617607995332461,-91.00
2025-11-18 15:14:39.696854,599617607995332461,-84.00
2025-11-18 15:14:39.696854,599617607995332461,-84.00
2025-11-18 15:14:39.696854,599617607995332461,-89.00
2025-11-18 15:14:39.696854,599617607995332461,-91.00
2025-11-18 15:14:39.696854,599617607995332461,-98.00
2025-11-18 15:14:39.696854,599617607995332461,-98.00
2025-11-18 15:14:39.696854,599617607995332461,-91.00
2025-11-18 15:14:39.696854,599617607995332461,-86.00
2025-11-18 15:14:39.696854,599617607995332461,-86.00
2025-11-18 15:14:39.696854,599617607995332461,-86.00
2025-11-18 15:14:39.696854,599617607995332461,-86.00
2025-11-18 15:14:39.696854,599617607995332461,-89.00
2025-11-18 15:14:39.696854,599617607995332461,-91.00
2025-11-18 15:14:39.696854,599617607995332461,-93.00
2025-11-18 15:14:39.696854,599617607995332461,-89.00
2025-11-18 15:14:39.696854,599617607995332461,-86.00
2025-11-18 15:14:39.696854,599617607995332461,-74.00
2025-11-18 15:14:39.696854,599617607995332461,-57.00
2025-11-18 15:14:39.696854,599617607995332461,-55.00
2025-11-18 15:14:39.696854,599617607995332461,-67.00
2025-11-18 15:14:39.696854,599617607995332461,-77.00
2025-11-18 15:14:39.696854,599617607995332461,-84.00
2025-11-18 15:14:39.696854,599617607995332461,-86.00
2025-11-18 15:14:39.696854,599617607995332461,-86.00
2025-11-18 15:14:39.696854,599617607995332461,-89.00
2025-11-18 15:14:39.696854,599617607995332461,-93.00
2025-11-18 15:14:39.696854,599617607995332461,-96.00
2025-11-18 15:14:39.696854,599617607995332461,-96.00
2025-11-18 15:14:39.696854,599617607995332461,-101.00
2025-11-18 15:14:39.696854,599617607995332461,-103.00
2025-11-18 15:14:39.696854,599617607995332461,-101.00
2025-11-18 15:14:39.696854,599617607995332461,-96.00
2025-11-18 15:14:39.696854,599617607995332461,-103.00
2025-11-18 15:14:39.696854,599617607995332461,-130.00
2025-11-18 15:14:39.696854,599617607995332461,-105.00
2025-11-18 15:14:39.696854,599617607995332461,60.00
2025-11-18 15:14:39.696854,599617607995332461,322.00
2025-11-18 15:14:39.696854,599617607995332461,481.00
2025-11-18 15:14:39.696854,599617607995332461,289.00
2025-11-18 15:14:39.696854,599617607995332461,-161.00
2025-11-18 15:14:39.696854,599617607995332461,-368.00
2025-11-18 15:14:39.696854,599617607995332461,-267.00
2025-11-18 15:14:39.696854,599617607995332461,-202.00
2025-11-18 15:14:39.696854,599617607995332461,-173.00
2025-11-18 15:14:39.696854,599617607995332461,-98.00
2025-11-18 15:14:39.696854,599617607995332461,-86.00
2025-11-18 15:14:39.696854,599617607995332461,-113.00
2025-11-18 15:14:39.696854,599617607995332461,-98.00
2025-11-18 15:14:39.696854,599617607995332461,-79.00
2025-11-18 15:14:39.696854,599617607995332461,-81.00
2025-11-18 15:14:39.696854,599617607995332461,-77.00
2025-11-18 15:14:39.696854,599617607995332461,-62.00
2025-11-18 15:14:39.696854,599617607995332461,-50.00
2025-11-18 15:14:39.696854,599617607995332461,-38.00
2025-11-18 15:14:39.696854,599617607995332461,-31.00
2025-11-18 15:14:39.696854,599617607995332461,-26.00
2025-11-18 15:14:39.696854,599617607995332461,-24.00
2025-11-18 15:14:39.696854,599617607995332461,-7.00
2025-11-18 15:14:39.696854,599617607995332461,4.00
2025-11-18 15:14:39.696854,599617607995332461,4.00
2025-11-18 15:14:39.696854,599617607995332461,4.00
2025-11-18 15:14:39.696854,599617607995332461,19.00
2025-11-18 15:14:39.696854,599617607995332461,31.00
2025-11-18 15:14:39.696854,599617607995332461,40.00
2025-11-18 15:14:39.696854,599617607995332461,62.00
2025-11-18 15:14:39.696854,599617607995332461,84.00
2025-11-18 15:14:39.696854,599617607995332461,96.00
2025-11-18 15:14:39.696854,599617607995332461,108.00
2025-11-18 15:14:40.237431,599617608556029502,127.00
2025-11-18 15:14:40.237431,599617608556029502,142.00
2025-11-18 15:14:40.237431,599617608556029502,146.00
2025-11-18 15:14:40.237431,599617608556029502,151.00
2025-11-18 15:14:40.237431,599617608556029502,149.00
2025-11-18 15:14:40.237431,599617608556029502,144.00
2025-11-18 15:14:40.237431,599617608556029502,125.00
2025-11-18 15:14:40.237431,599617608556029502,96.00
2025-11-18 15:14:40.237431,599617608556029502,65.00
2025-11-18 15:14:40.237431,599617608556029502,31.00
2025-11-18 15:14:40.237431,599617608556029502,-2.00
2025-11-18 15:14:40.237431,599617608556029502,-26.00
2025-11-18 15:14:40.237431,599617608556029502,-45.00
2025-11-18 15:14:40.237431,599617608556029502,-57.00
2025-11-18 15:14:40.237431,599617608556029502,-48.00
2025-11-18 15:14:40.237431,599617608556029502,-38.00
2025-11-18 15:14:40.237431,599617608556029502,-48.00
2025-11-18 15:14:40.237431,599617608556029502,-65.00
2025-11-18 15:14:40.237431,599617608556029502,-60.00
2025-11-18 15:14:40.237431,599617608556029502,-19.00
2025-11-18 15:14:40.237431,599617608556029502,-9.00
2025-11-18 15:14:40.237431,599617608556029502,-48.00
2025-11-18 15:14:40.237431,599617608556029502,-43.00
2025-11-18 15:14:40.237431,599617608556029502,-14.00
2025-11-18 15:14:40.237431,599617608556029502,-16.00
2025-11-18 15:14:40.237431,599617608556029502,-14.00
2025-11-18 15:14:40.237431,599617608556029502,2.00
2025-11-18 15:14:40.237431,599617608556029502,4.00
2025-11-18 15:14:40.237431,599617608556029502,4.00
2025-11-18 15:14:40.237431,599617608556029502,12.00
2025-11-18 15:14:40.237431,599617608556029502,16.00
2025-11-18 15:14:40.237431,599617608556029502,21.00
2025-11-18 15:14:40.237431,599617608556029502,26.00
2025-11-18 15:14:40.237431,599617608556029502,21.00
2025-11-18 15:14:40.237431,599617608556029502,14.00
2025-11-18 15:14:40.237431,599617608556029502,14.00
2025-11-18 15:14:40.237431,599617608556029502,19.00
2025-11-18 15:14:40.237431,599617608556029502,31.00
2025-11-18 15:14:40.237431,599617608556029502,36.00
2025-11-18 15:14:40.237431,599617608556029502,19.00
2025-11-18 15:14:40.237431,599617608556029502,16.00
2025-11-18 15:14:40.237431,599617608556029502,28.00
2025-11-18 15:14:40.237431,599617608556029502,19.00
2025-11-18 15:14:40.237431,599617608556029502,0.00
2025-11-18 15:14:40.237431,599617608556029502,7.00
2025-11-18 15:14:40.237431,599617608556029502,14.00
2025-11-18 15:14:40.237431,599617608556029502,12.00
2025-11-18 15:14:40.237431,599617608556029502,14.00
2025-11-18 15:14:40.237431,599617608556029502,12.00
2025-11-18 15:14:40.237431,599617608556029502,12.00
2025-11-18 15:14:40.237431,599617608556029502,16.00
2025-11-18 15:14:40.237431,599617608556029502,16.00
2025-11-18 15:14:40.237431,599617608556029502,19.00
2025-11-18 15:14:40.237431,599617608556029502,26.00
2025-11-18 15:14:40.237431,599617608556029502,26.00
2025-11-18 15:14:40.237431,599617608556029502,14.00
2025-11-18 15:14:40.237431,599617608556029502,7.00
2025-11-18 15:14:40.237431,599617608556029502,2.00
2025-11-18 15:14:40.237431,599617608556029502,0.00
2025-11-18 15:14:40.237431,599617608556029502,16.00
2025-11-18 15:14:40.237431,599617608556029502,24.00
2025-11-18 15:14:40.237431,599617608556029502,7.00
2025-11-18 15:14:40.237431,599617608556029502,7.00
2025-11-18 15:14:40.237431,599617608556029502,40.00
2025-11-18 15:14:40.237431,599617608556029502,48.00
2025-11-18 15:14:40.237431,599617608556029502,12.00
2025-11-18 15:14:40.237431,599617608556029502,-24.00
2025-11-18 15:14:40.237431,599617608556029502,-36.00
2025-11-18 15:14:40.237431,599617608556029502,-16.00
2025-11-18 15:14:40.237431,599617608556029502,21.00
2025-11-18 15:14:40.237431,599617608556029502,21.00
2025-11-18 15:14:40.237431,599617608556029502,0.00
2025-11-18 15:14:40.237431,599617608556029502,24.00
2025-11-18 15:14:40.778228,599617609116726543,38.00
2025-11-18 15:14:40.778228,599617609116726543,-4.00
2025-11-18 15:14:40.778228,599617609116726543,-9.00
2025-11-18 15:14:40.778228,599617609116726543,28.00
2025-11-18 15:14:40.778228,599617609116726543,16.00
2025-11-18 15:14:40.778228,599617609116726543,-33.00
2025-11-18 15:14:40.778228,599617609116726543,-48.00
2025-11-18 15:14:40.778228,599617609116726543,-16.00
2025-11-18 15:14:40.778228,599617609116726543,0.00
2025-11-18 15:14:40.778228,599617609116726543,-21.00
2025-11-18 15:14:40.778228,599617609116726543,-45.00
2025-11-18 15:14:40.778228,599617609116726543,-52.00
2025-11-18 15:14:40.778228,599617609116726543,-40.00
2025-11-18 15:14:40.778228,599617609116726543,14.00
2025-11-18 15:14:40.778228,599617609116726543,31.00
2025-11-18 15:14:40.778228,599617609116726543,-40.00
2025-11-18 15:14:40.778228,599617609116726543,-24.00
2025-11-18 15:14:40.778228,599617609116726543,209.00
2025-11-18 15:14:40.778228,599617609116726543,411.00
2025-11-18 15:14:40.778228,599617609116726543,402.00
2025-11-18 15:14:40.778228,599617609116726543,231.00
2025-11-18 15:14:40.778228,599617609116726543,-52.00
2025-11-18 15:14:40.778228,599617609116726543,-236.00
2025-11-18 15:14:40.778228,599617609116726543,-173.00
2025-11-18 15:14:40.778228,599617609116726543,-45.00
2025-11-18 15:14:40.778228,599617609116726543,24.00
2025-11-18 15:14:40.778228,599617609116726543,60.00
2025-11-18 15:14:40.778228,599617609116726543,-12.00
2025-11-18 15:14:40.778228,599617609116726543,-89.00
2025-11-18 15:14:40.778228,599617609116726543,60.00
2025-11-18 15:14:40.778228,599617609116726543,125.00
2025-11-18 15:14:40.778228,599617609116726543,-110.00
2025-11-18 15:14:40.778228,599617609116726543,-151.00
2025-11-18 15:14:40.778228,599617609116726543,62.00
2025-11-18 15:14:40.778228,599617609116726543,93.00
2025-11-18 15:14:40.778228,599617609116726543,12.00
2025-11-18 15:14:40.778228,599617609116726543,38.00
2025-11-18 15:14:40.778228,599617609116726543,74.00
2025-11-18 15:14:40.778228,599617609116726543,96.00
2025-11-18 15:14:40.778228,599617609116726543,101.00
2025-11-18 15:14:40.778228,599617609116726543,43.00
2025-11-18 15:14:40.778228,599617609116726543,31.00
2025-11-18 15:14:40.778228,599617609116726543,96.00
2025-11-18 15:14:40.778228,599617609116726543,79.00
2025-11-18 15:14:40.778228,599617609116726543,9.00
2025-11-18 15:14:40.778228,599617609116726543,55.00
2025-11-18 15:14:40.778228,599617609116726543,195.00
2025-11-18 15:14:40.778228,599617609116726543,216.00
2025-11-18 15:14:40.778228,599617609116726543,142.00
2025-11-18 15:14:40.778228,599617609116726543,132.00
2025-11-18 15:14:40.778228,599617609116726543,151.00
2025-11-18 15:14:40.778228,599617609116726543,154.00
2025-11-18 15:14:40.778228,599617609116726543,175.00
2025-11-18 15:14:40.778228,599617609116726543,144.00
2025-11-18 15:14:40.778228,599617609116726543,98.00
2025-11-18 15:14:40.778228,599617609116726543,154.00
2025-11-18 15:14:40.778228,599617609116726543,173.00
2025-11-18 15:14:40.778228,599617609116726543,77.00
2025-11-18 15:14:40.778228,599617609116726543,45.00
2025-11-18 15:14:40.778228,599617609116726543,52.00
2025-11-18 15:14:40.778228,599617609116726543,-36.00
2025-11-18 15:14:40.778228,599617609116726543,-134.00
2025-11-18 15:14:40.778228,599617609116726543,-161.00
2025-11-18 15:14:40.778228,599617609116726543,-142.00
2025-11-18 15:14:40.778228,599617609116726543,-118.00
2025-11-18 15:14:40.778228,599617609116726543,-125.00
2025-11-18 15:14:40.778228,599617609116726543,-151.00
2025-11-18 15:14:40.778228,599617609116726543,-163.00
2025-11-18 15:14:40.778228,599617609116726543,-132.00
2025-11-18 15:14:40.778228,599617609116726543,-105.00
2025-11-18 15:14:40.778228,599617609116726543,-134.00
2025-11-18 15:14:40.778228,599617609116726543,-158.00
2025-11-18 15:14:40.778228,599617609116726543,-122.00
2025-11-18 15:14:41.347441,599617609677393066,-110.00
2025-11-18 15:14:41.347441,599617609677393066,-134.00
2025-11-18 15:14:41.347441,599617609677393066,-120.00
2025-11-18 15:14:41.347441,599617609677393066,-84.00
2025-11-18 15:14:41.347441,599617609677393066,-98.00
2025-11-18 15:14:41.347441,599617609677393066,-144.00
2025-11-18 15:14:41.347441,599617609677393066,-137.00
2025-11-18 15:14:41.347441,599617609677393066,-89.00
2025-11-18 15:14:41.347441,599617609677393066,-79.00
2025-11-18 15:14:41.347441,599617609677393066,-91.00
2025-11-18 15:14:41.347441,599617609677393066,-89.00
2025-11-18 15:14:41.347441,599617609677393066,-105.00
2025-11-18 15:14:41.347441,599617609677393066,-125.00
2025-11-18 15:14:41.347441,599617609677393066,-132.00
2025-11-18 15:14:41.347441,599617609677393066,-122.00
2025-11-18 15:14:41.347441,599617609677393066,-84.00
2025-11-18 15:14:41.347441,599617609677393066,-52.00
2025-11-18 15:14:41.347441,599617609677393066,-57.00
2025-11-18 15:14:41.347441,599617609677393066,-65.00
2025-11-18 15:14:41.347441,599617609677393066,-67.00
2025-11-18 15:14:41.347441,599617609677393066,-84.00
2025-11-18 15:14:41.347441,599617609677393066,-69.00
2025-11-18 15:14:41.347441,599617609677393066,-36.00
2025-11-18 15:14:41.347441,599617609677393066,-43.00
2025-11-18 15:14:41.347441,599617609677393066,-62.00
2025-11-18 15:14:41.347441,599617609677393066,-40.00
2025-11-18 15:14:41.347441,599617609677393066,-16.00
2025-11-18 15:14:41.347441,599617609677393066,-36.00
2025-11-18 15:14:41.347441,599617609677393066,-45.00
2025-11-18 15:14:41.347441,599617609677393066,-9.00
2025-11-18 15:14:41.347441,599617609677393066,2.00
2025-11-18 15:14:41.347441,599617609677393066,-14.00
2025-11-18 15:14:41.347441,599617609677393066,-19.00
2025-11-18 15:14:41.347441,599617609677393066,12.00
2025-11-18 15:14:41.347441,599617609677393066,38.00
2025-11-18 15:14:41.347441,599617609677393066,-4.00
2025-11-18 15:14:41.347441,599617609677393066,-40.00
2025-11-18 15:14:41.347441,599617609677393066,0.00
2025-11-18 15:14:41.347441,599617609677393066,52.00
2025-11-18 15:14:41.347441,599617609677393066,57.00
2025-11-18 15:14:41.347441,599617609677393066,24.00
2025-11-18 15:14:41.347441,599617609677393066,12.00
2025-11-18 15:14:41.347441,599617609677393066,24.00
2025-11-18 15:14:41.347441,599617609677393066,9.00
2025-11-18 15:14:41.347441,599617609677393066,-2.00
2025-11-18 15:14:41.347441,599617609677393066,21.00
2025-11-18 15:14:41.347441,599617609677393066,26.00
2025-11-18 15:14:41.347441,599617609677393066,0.00
2025-11-18 15:14:41.347441,599617609677393066,0.00
2025-11-18 15:14:41.347441,599617609677393066,9.00
2025-11-18 15:14:41.347441,599617609677393066,-7.00
2025-11-18 15:14:41.347441,599617609677393066,-7.00
2025-11-18 15:14:41.347441,599617609677393066,7.00
2025-11-18 15:14:41.347441,599617609677393066,12.00
2025-11-18 15:14:41.347441,599617609677393066,7.00
2025-11-18 15:14:41.347441,599617609677393066,16.00
2025-11-18 15:14:41.347441,599617609677393066,98.00
2025-11-18 15:14:41.347441,599617609677393066,279.00
2025-11-18 15:14:41.347441,599617609677393066,455.00
2025-11-18 15:14:41.347441,599617609677393066,375.00
2025-11-18 15:14:41.347441,599617609677393066,28.00
2025-11-18 15:14:41.347441,599617609677393066,-207.00
2025-11-18 15:14:41.347441,599617609677393066,-185.00
2025-11-18 15:14:41.347441,599617609677393066,-120.00
2025-11-18 15:14:41.347441,599617609677393066,-81.00
2025-11-18 15:14:41.347441,599617609677393066,-19.00
2025-11-18 15:14:41.347441,599617609677393066,9.00
2025-11-18 15:14:41.347441,599617609677393066,-19.00
2025-11-18 15:14:41.347441,599617609677393066,-16.00
2025-11-18 15:14:41.347441,599617609677393066,19.00
2025-11-18 15:14:41.347441,599617609677393066,28.00
2025-11-18 15:14:41.347441,599617609677393066,14.00
2025-11-18 15:14:41.347441,599617609677393066,9.00
2025-11-18 15:14:41.888113,599617610238090107,28.00
2025-11-18 15:14:41.888113,599617610238090107,31.00
2025-11-18 15:14:41.888113,599617610238090107,9.00
2025-11-18 15:14:41.888113,599617610238090107,4.00
2025-11-18 15:14:41.888113,599617610238090107,21.00
2025-11-18 15:14:41.888113,599617610238090107,31.00
2025-11-18 15:14:41.888113,599617610238090107,31.00
2025-11-18 15:14:41.888113,599617610238090107,55.00
2025-11-18 15:14:41.888113,599617610238090107,79.00
2025-11-18 15:14:41.888113,599617610238090107,67.00
2025-11-18 15:14:41.888113,599617610238090107,50.00
2025-11-18 15:14:41.888113,599617610238090107,45.00
2025-11-18 15:14:41.888113,599617610238090107,43.00
2025-11-18 15:14:41.888113,599617610238090107,60.00
2025-11-18 15:14:41.888113,599617610238090107,96.00
2025-11-18 15:14:41.888113,599617610238090107,105.00
2025-11-18 15:14:41.888113,599617610238090107,103.00
2025-11-18 15:14:41.888113,599617610238090107,122.00
2025-11-18 15:14:41.888113,599617610238090107,130.00
2025-11-18 15:14:41.888113,599617610238090107,113.00
2025-11-18 15:14:41.888113,599617610238090107,105.00
2025-11-18 15:14:41.888113,599617610238090107,96.00
2025-11-18 15:14:41.888113,599617610238090107,74.00
2025-11-18 15:14:41.888113,599617610238090107,43.00
2025-11-18 15:14:41.888113,599617610238090107,21.00
2025-11-18 15:14:41.888113,599617610238090107,-14.00
2025-11-18 15:14:41.888113,599617610238090107,-79.00
2025-11-18 15:14:41.888113,599617610238090107,-118.00
2025-11-18 15:14:41.888113,599617610238090107,-113.00
2025-11-18 15:14:41.888113,599617610238090107,-115.00
2025-11-18 15:14:41.888113,599617610238090107,-130.00
2025-11-18 15:14:41.888113,599617610238090107,-130.00
2025-11-18 15:14:41.888113,599617610238090107,-122.00
2025-11-18 15:14:41.888113,599617610238090107,-127.00
2025-11-18 15:14:41.888113,599617610238090107,-134.00
2025-11-18 15:14:41.888113,599617610238090107,-132.00
2025-11-18 15:14:41.888113,599617610238090107,-118.00
2025-11-18 15:14:41.888113,599617610238090107,-113.00
2025-11-18 15:14:41.888113,599617610238090107,-96.00
2025-11-18 15:14:41.888113,599617610238090107,-89.00
2025-11-18 15:14:41.888113,599617610238090107,-110.00
2025-11-18 15:14:41.888113,599617610238090107,-105.00
2025-11-18 15:14:41.888113,599617610238090107,-74.00
2025-11-18 15:14:41.888113,599617610238090107,-77.00
2025-11-18 15:14:41.888113,599617610238090107,-98.00
2025-11-18 15:14:41.888113,599617610238090107,-93.00
2025-11-18 15:14:41.888113,599617610238090107,-81.00
2025-11-18 15:14:41.888113,599617610238090107,-84.00
2025-11-18 15:14:41.888113,599617610238090107,-86.00
2025-11-18 15:14:41.888113,599617610238090107,-91.00
2025-11-18 15:14:41.888113,599617610238090107,-115.00
2025-11-18 15:14:41.888113,599617610238090107,-115.00
2025-11-18 15:14:41.888113,599617610238090107,-55.00
2025-11-18 15:14:41.888113,599617610238090107,-48.00
2025-11-18 15:14:41.888113,599617610238090107,-91.00
2025-11-18 15:14:41.888113,599617610238090107,-79.00
2025-11-18 15:14:41.888113,599617610238090107,-62.00
2025-11-18 15:14:41.888113,599617610238090107,-74.00
2025-11-18 15:14:41.888113,599617610238090107,-79.00
2025-11-18 15:14:41.888113,599617610238090107,-98.00
2025-11-18 15:14:41.888113,599617610238090107,-118.00
2025-11-18 15:14:41.888113,599617610238090107,-101.00
2025-11-18 15:14:41.888113,599617610238090107,-96.00
2025-11-18 15:14:41.888113,599617610238090107,-84.00
2025-11-18 15:14:41.888113,599617610238090107,-60.00
2025-11-18 15:14:41.888113,599617610238090107,-86.00
2025-11-18 15:14:41.888113,599617610238090107,-103.00
2025-11-18 15:14:41.888113,599617610238090107,-89.00
2025-11-18 15:14:41.888113,599617610238090107,-93.00
2025-11-18 15:14:41.888113,599617610238090107,-91.00
2025-11-18 15:14:41.888113,599617610238090107,-65.00
2025-11-18 15:14:41.888113,599617610238090107,-52.00
2025-11-18 15:14:41.888113,599617610238090107,-65.00
2025-11-18 15:14:42.458462,599617610798787148,-77.00
2025-11-18 15:14:42.458462,599617610798787148,-69.00
2025-11-18 15:14:42.458462,599617610798787148,-45.00
2025-11-18 15:14:42.458462,599617610798787148,-50.00
2025-11-18 15:14:42.458462,599617610798787148,-72.00
2025-11-18 15:14:42.458462,599617610798787148,-52.00
2025-11-18 15:14:42.458462,599617610798787148,7.00
2025-11-18 15:14:42.458462,599617610798787148,14.00
2025-11-18 15:14:42.458462,599617610798787148,-65.00
2025-11-18 15:14:42.458462,599617610798787148,-118.00
2025-11-18 15:14:42.458462,599617610798787148,-96.00
2025-11-18 15:14:42.458462,599617610798787148,-69.00
2025-11-18 15:14:42.458462,599617610798787148,-74.00
2025-11-18 15:14:42.458462,599617610798787148,-91.00
2025-11-18 15:14:42.458462,599617610798787148,-101.00
2025-11-18 15:14:42.458462,599617610798787148,-86.00
2025-11-18 15:14:42.458462,599617610798787148,-50.00
2025-11-18 15:14:42.458462,599617610798787148,-33.00
2025-11-18 15:14:42.458462,599617610798787148,-74.00
2025-11-18 15:14:42.458462,599617610798787148,-115.00
2025-11-18 15:14:42.458462,599617610798787148,-81.00
2025-11-18 15:14:42.458462,599617610798787148,-77.00
2025-11-18 15:14:42.458462,599617610798787148,-108.00
2025-11-18 15:14:42.458462,599617610798787148,19.00
2025-11-18 15:14:42.458462,599617610798787148,298.00
2025-11-18 15:14:42.458462,599617610798787148,450.00
2025-11-18 15:14:42.458462,599617610798787148,209.00
2025-11-18 15:14:42.458462,599617610798787148,-224.00
2025-11-18 15:14:42.458462,599617610798787148,-354.00
2025-11-18 15:14:42.458462,599617610798787148,-219.00
2025-11-18 15:14:42.458462,599617610798787148,-178.00
2025-11-18 15:14:42.458462,599617610798787148,-185.00
2025-11-18 15:14:42.458462,599617610798787148,-110.00
2025-11-18 15:14:42.458462,599617610798787148,-93.00
2025-11-18 15:14:42.458462,599617610798787148,-192.00
2025-11-18 15:14:42.458462,599617610798787148,-175.00
2025-11-18 15:14:42.458462,599617610798787148,-33.00
2025-11-18 15:14:42.458462,599617610798787148,-24.00
2025-11-18 15:14:42.458462,599617610798787148,-84.00
2025-11-18 15:14:42.458462,599617610798787148,-65.00
2025-11-18 15:14:42.458462,599617610798787148,-55.00
2025-11-18 15:14:42.458462,599617610798787148,-74.00
2025-11-18 15:14:42.458462,599617610798787148,-69.00
2025-11-18 15:14:42.458462,599617610798787148,-74.00
2025-11-18 15:14:42.458462,599617610798787148,-101.00
2025-11-18 15:14:42.458462,599617610798787148,-103.00
2025-11-18 15:14:42.458462,599617610798787148,-65.00
2025-11-18 15:14:42.458462,599617610798787148,-21.00
2025-11-18 15:14:42.458462,599617610798787148,-24.00
2025-11-18 15:14:42.458462,599617610798787148,-55.00
2025-11-18 15:14:42.458462,599617610798787148,-55.00
2025-11-18 15:14:42.458462,599617610798787148,-38.00
2025-11-18 15:14:42.458462,599617610798787148,-28.00
2025-11-18 15:14:42.458462,599617610798787148,-14.00
2025-11-18 15:14:42.458462,599617610798787148,31.00
2025-11-18 15:14:42.458462,599617610798787148,50.00
2025-11-18 15:14:42.458462,599617610798787148,9.00
2025-11-18 15:14:42.458462,599617610798787148,16.00
2025-11-18 15:14:42.458462,599617610798787148,65.00
2025-11-18 15:14:42.458462,599617610798787148,60.00
2025-11-18 15:14:42.458462,599617610798787148,33.00
2025-11-18 15:14:42.458462,599617610798787148,24.00
2025-11-18 15:14:42.458462,599617610798787148,4.00
2025-11-18 15:14:42.458462,599617610798787148,-36.00
2025-11-18 15:14:42.458462,599617610798787148,-81.00
2025-11-18 15:14:42.458462,599617610798787148,-91.00
2025-11-18 15:14:42.458462,599617610798787148,-108.00
2025-11-18 15:14:42.458462,599617610798787148,-156.00
2025-11-18 15:14:42.458462,599617610798787148,-149.00
2025-11-18 15:14:42.458462,599617610798787148,-134.00
2025-11-18 15:14:42.458462,599617610798787148,-190.00
2025-11-18 15:14:42.458462,599617610798787148,-219.00
2025-11-18 15:14:42.458462,599617610798787148,-166.00
2025-11-18 15:14:43.058679,599617611359484191,-122.00
2025-11-18 15:14:43.058679,599617611359484191,-158.00
2025-11-18 15:14:43.058679,599617611359484191,-197.00
2025-11-18 15:14:43.058679,599617611359484191,-168.00
2025-11-18 15:14:43.058679,599617611359484191,-125.00
2025-11-18 15:14:43.058679,599617611359484191,-110.00
2025-11-18 15:14:43.058679,599617611359484191,-105.00
2025-11-18 15:14:43.058679,599617611359484191,-105.00
2025-11-18 15:14:43.058679,599617611359484191,-103.00
2025-11-18 15:14:43.058679,599617611359484191,-98.00
2025-11-18 15:14:43.058679,599617611359484191,-108.00
2025-11-18 15:14:43.058679,599617611359484191,-127.00
2025-11-18 15:14:43.058679,599617611359484191,-105.00
2025-11-18 15:14:43.058679,599617611359484191,-67.00
2025-11-18 15:14:43.058679,599617611359484191,-67.00
2025-11-18 15:14:43.058679,599617611359484191,-72.00
2025-11-18 15:14:43.058679,599617611359484191,-69.00
2025-11-18 15:14:43.058679,599617611359484191,-79.00
2025-11-18 15:14:43.058679,599617611359484191,-65.00
2025-11-18 15:14:43.058679,599617611359484191,-48.00
2025-11-18 15:14:43.058679,599617611359484191,-55.00
2025-11-18 15:14:43.058679,599617611359484191,-50.00
2025-11-18 15:14:43.058679,599617611359484191,-38.00
2025-11-18 15:14:43.058679,599617611359484191,-55.00
2025-11-18 15:14:43.058679,599617611359484191,-67.00
2025-11-18 15:14:43.058679,599617611359484191,-48.00
2025-11-18 15:14:43.058679,599617611359484191,-28.00
2025-11-18 15:14:43.058679,599617611359484191,-31.00
2025-11-18 15:14:43.058679,599617611359484191,-28.00
2025-11-18 15:14:43.058679,599617611359484191,-21.00
2025-11-18 15:14:43.058679,599617611359484191,-31.00
2025-11-18 15:14:43.058679,599617611359484191,-33.00
2025-11-18 15:14:43.058679,599617611359484191,-28.00
2025-11-18 15:14:43.058679,599617611359484191,-33.00
2025-11-18 15:14:43.058679,599617611359484191,-36.00
2025-11-18 15:14:43.058679,599617611359484191,-36.00
2025-11-18 15:14:43.058679,599617611359484191,-36.00
2025-11-18 15:14:43.058679,599617611359484191,-28.00
2025-11-18 15:14:43.058679,599617611359484191,-24.00
2025-11-18 15:14:43.058679,599617611359484191,-14.00
2025-11-18 15:14:43.058679,599617611359484191,2.00
2025-11-18 15:14:43.058679,599617611359484191,2.00
2025-11-18 15:14:43.058679,599617611359484191,-9.00
2025-11-18 15:14:43.058679,599617611359484191,-21.00
2025-11-18 15:14:43.058679,599617611359484191,-21.00
2025-11-18 15:14:43.058679,599617611359484191,-16.00
2025-11-18 15:14:43.058679,599617611359484191,-24.00
2025-11-18 15:14:43.058679,599617611359484191,-38.00
2025-11-18 15:14:43.058679,599617611359484191,-36.00
2025-11-18 15:14:43.058679,599617611359484191,-26.00
2025-11-18 15:14:43.058679,599617611359484191,-33.00
2025-11-18 15:14:43.058679,599617611359484191,-38.00
2025-11-18 15:14:43.058679,599617611359484191,-26.00
2025-11-18 15:14:43.058679,599617611359484191,-19.00
2025-11-18 15:14:43.058679,599617611359484191,-26.00
2025-11-18 15:14:43.058679,599617611359484191,-40.00
2025-11-18 15:14:43.058679,599617611359484191,-52.00
2025-11-18 15:14:43.058679,599617611359484191,7.00
2025-11-18 15:14:43.058679,599617611359484191,199.00
2025-11-18 15:14:43.058679,599617611359484191,440.00
2025-11-18 15:14:43.058679,599617611359484191,508.00
2025-11-18 15:14:43.058679,599617611359484191,214.00
2025-11-18 15:14:43.058679,599617611359484191,-180.00
2025-11-18 15:14:43.058679,599617611359484191,-252.00
2025-11-18 15:14:43.058679,599617611359484191,-142.00
2025-11-18 15:14:43.058679,599617611359484191,-118.00
2025-11-18 15:14:43.058679,599617611359484191,-98.00
2025-11-18 15:14:43.058679,599617611359484191,-36.00
2025-11-18 15:14:43.058679,599617611359484191,-24.00
2025-11-18 15:14:43.058679,599617611359484191,-40.00
2025-11-18 15:14:43.058679,599617611359484191,-36.00
2025-11-18 15:14:43.058679,599617611359484191,-33.00
2025-11-18 15:14:43.058679,599617611359484191,-21.00
2025-11-18 15:14:43.597148,599617611920181232,-4.00
2025-11-18 15:14:43.597148,599617611920181232,-21.00
2025-11-18 15:14:43.597148,599617611920181232,-43.00
2025-11-18 15:14:43.597148,599617611920181232,-31.00
2025-11-18 15:14:43.597148,599617611920181232,-19.00
2025-11-18 15:14:43.597148,599617611920181232,-28.00
2025-11-18 15:14:43.597148,599617611920181232,-38.00
2025-11-18 15:14:43.597148,599617611920181232,-40.00
2025-11-18 15:14:43.597148,599617611920181232,-24.00
2025-11-18 15:14:43.597148,599617611920181232,-4.00
2025-11-18 15:14:43.597148,599617611920181232,4.00
2025-11-18 15:14:43.597148,599617611920181232,9.00
2025-11-18 15:14:43.597148,599617611920181232,14.00
2025-11-18 15:14:43.597148,599617611920181232,21.00
2025-11-18 15:14:43.597148,599617611920181232,28.00
2025-11-18 15:14:43.597148,599617611920181232,21.00
2025-11-18 15:14:43.597148,599617611920181232,26.00
2025-11-18 15:14:43.597148,599617611920181232,55.00
2025-11-18 15:14:43.597148,599617611920181232,79.00
2025-11-18 15:14:43.597148,599617611920181232,79.00
2025-11-18 15:14:43.597148,599617611920181232,69.00
2025-11-18 15:14:43.597148,599617611920181232,77.00
2025-11-18 15:14:43.597148,599617611920181232,81.00
2025-11-18 15:14:43.597148,599617611920181232,48.00
2025-11-18 15:14:43.597148,599617611920181232,7.00
2025-11-18 15:14:43.597148,599617611920181232,-19.00
2025-11-18 15:14:43.597148,599617611920181232,-60.00
2025-11-18 15:14:43.597148,599617611920181232,-103.00
2025-11-18 15:14:43.597148,599617611920181232,-130.00
2025-11-18 15:14:43.597148,599617611920181232,-139.00
2025-11-18 15:14:43.597148,599617611920181232,-156.00
2025-11-18 15:14:43.597148,599617611920181232,-158.00
2025-11-18 15:14:43.597148,599617611920181232,-132.00
2025-11-18 15:14:43.597148,599617611920181232,-115.00
2025-11-18 15:14:43.597148,599617611920181232,-137.00
2025-11-18 15:14:43.597148,599617611920181232,-180.00
2025-11-18 15:14:43.597148,599617611920181232,-173.00
2025-11-18 15:14:43.597148,599617611920181232,-127.00
2025-11-18 15:14:43.597148,599617611920181232,-139.00
2025-11-18 15:14:43.597148,599617611920181232,-192.00
2025-11-18 15:14:43.597148,599617611920181232,-187.00
2025-11-18 15:14:43.597148,599617611920181232,-142.00
2025-11-18 15:14:43.597148,599617611920181232,-115.00
2025-11-18 15:14:43.597148,599617611920181232,-101.00
2025-11-18 15:14:43.597148,599617611920181232,-108.00
2025-11-18 15:14:43.597148,599617611920181232,-134.00
2025-11-18 15:14:43.597148,599617611920181232,-134.00
2025-11-18 15:14:43.597148,599617611920181232,-110.00
2025-11-18 15:14:43.597148,599617611920181232,-105.00
2025-11-18 15:14:43.597148,599617611920181232,-120.00
2025-11-18 15:14:43.597148,599617611920181232,-130.00
2025-11-18 15:14:43.597148,599617611920181232,-127.00
2025-11-18 15:14:43.597148,599617611920181232,-146.00
2025-11-18 15:14:43.597148,599617611920181232,-154.00
2025-11-18 15:14:43.597148,599617611920181232,-122.00
2025-11-18 15:14:43.597148,599617611920181232,-103.00
2025-11-18 15:14:43.597148,599617611920181232,-113.00
2025-11-18 15:14:43.597148,599617611920181232,-105.00
2025-11-18 15:14:43.597148,599617611920181232,-125.00
2025-11-18 15:14:43.597148,599617611920181232,-151.00
2025-11-18 15:14:43.597148,599617611920181232,-115.00
2025-11-18 15:14:43.597148,599617611920181232,-79.00
2025-11-18 15:14:43.597148,599617611920181232,-110.00
2025-11-18 15:14:43.597148,599617611920181232,-146.00
2025-11-18 15:14:43.597148,599617611920181232,-139.00
2025-11-18 15:14:43.597148,599617611920181232,-137.00
2025-11-18 15:14:43.597148,599617611920181232,-144.00
2025-11-18 15:14:43.597148,599617611920181232,-113.00
2025-11-18 15:14:43.597148,599617611920181232,-89.00
2025-11-18 15:14:43.597148,599617611920181232,-132.00
2025-11-18 15:14:43.597148,599617611920181232,-154.00
2025-11-18 15:14:43.597148,599617611920181232,-81.00
2025-11-18 15:14:43.597148,599617611920181232,-21.00
2025-11-18 15:14:44.168080,599617612480847755,-67.00
2025-11-18 15:14:44.168080,599617612480847755,-151.00
2025-11-18 15:14:44.168080,599617612480847755,-139.00
2025-11-18 15:14:44.168080,599617612480847755,-50.00
2025-11-18 15:14:44.168080,599617612480847755,-33.00
2025-11-18 15:14:44.168080,599617612480847755,-118.00
2025-11-18 15:14:44.168080,599617612480847755,-146.00
2025-11-18 15:14:44.168080,599617612480847755,-55.00
2025-11-18 15:14:44.168080,599617612480847755,4.00
2025-11-18 15:14:44.168080,599617612480847755,-48.00
2025-11-18 15:14:44.168080,599617612480847755,-110.00
2025-11-18 15:14:44.168080,599617612480847755,-96.00
2025-11-18 15:14:44.168080,599617612480847755,-50.00
2025-11-18 15:14:44.168080,599617612480847755,-21.00
2025-11-18 15:14:44.168080,599617612480847755,-38.00
2025-11-18 15:14:44.168080,599617612480847755,-130.00
2025-11-18 15:14:44.168080,599617612480847755,-146.00
2025-11-18 15:14:44.168080,599617612480847755,-33.00
2025-11-18 15:14:44.168080,599617612480847755,-12.00
2025-11-18 15:14:44.168080,599617612480847755,-108.00
2025-11-18 15:14:44.168080,599617612480847755,-45.00
2025-11-18 15:14:44.168080,599617612480847755,209.00
2025-11-18 15:14:44.168080,599617612480847755,431.00
2025-11-18 15:14:44.168080,599617612480847755,428.00
2025-11-18 15:14:44.168080,599617612480847755,110.00
2025-11-18 15:14:44.168080,599617612480847755,-228.00
2025-11-18 15:14:44.168080,599617612480847755,-281.00
2025-11-18 15:14:44.168080,599617612480847755,-238.00
2025-11-18 15:14:44.168080,599617612480847755,-166.00
2025-11-18 15:14:44.168080,599617612480847755,-52.00
2025-11-18 15:14:44.168080,599617612480847755,-45.00
2025-11-18 15:14:44.168080,599617612480847755,-40.00
2025-11-18 15:14:44.168080,599617612480847755,28.00
2025-11-18 15:14:44.168080,599617612480847755,24.00
2025-11-18 15:14:44.168080,599617612480847755,-14.00
2025-11-18 15:14:44.168080,599617612480847755,9.00
2025-11-18 15:14:44.168080,599617612480847755,38.00
2025-11-18 15:14:44.168080,599617612480847755,45.00
2025-11-18 15:14:44.168080,599617612480847755,52.00
2025-11-18 15:14:44.168080,599617612480847755,57.00
2025-11-18 15:14:44.168080,599617612480847755,84.00
2025-11-18 15:14:44.168080,599617612480847755,96.00
2025-11-18 15:14:44.168080,599617612480847755,24.00
2025-11-18 15:14:44.168080,599617612480847755,-24.00
2025-11-18 15:14:44.168080,599617612480847755,79.00
2025-11-18 15:14:44.168080,599617612480847755,146.00
2025-11-18 15:14:44.168080,599617612480847755,81.00
2025-11-18 15:14:44.168080,599617612480847755,55.00
2025-11-18 15:14:44.168080,599617612480847755,110.00
2025-11-18 15:14:44.168080,599617612480847755,127.00
2025-11-18 15:14:44.168080,599617612480847755,103.00
2025-11-18 15:14:44.168080,599617612480847755,113.00
2025-11-18 15:14:44.168080,599617612480847755,149.00
2025-11-18 15:14:44.168080,599617612480847755,178.00
2025-11-18 15:14:44.168080,599617612480847755,178.00
2025-11-18 15:14:44.168080,599617612480847755,187.00
2025-11-18 15:14:44.168080,599617612480847755,185.00
2025-11-18 15:14:44.168080,599617612480847755,127.00
2025-11-18 15:14:44.168080,599617612480847755,89.00
2025-11-18 15:14:44.168080,599617612480847755,113.00
2025-11-18 15:14:44.168080,599617612480847755,118.00
2025-11-18 15:14:44.168080,599617612480847755,79.00
2025-11-18 15:14:44.168080,599617612480847755,60.00
2025-11-18 15:14:44.168080,599617612480847755,50.00
2025-11-18 15:14:44.168080,599617612480847755,2.00
2025-11-18 15:14:44.168080,599617612480847755,-52.00
2025-11-18 15:14:44.168080,599617612480847755,-55.00
2025-11-18 15:14:44.168080,599617612480847755,-50.00
2025-11-18 15:14:44.168080,599617612480847755,-57.00
2025-11-18 15:14:44.168080,599617612480847755,-65.00
2025-11-18 15:14:44.168080,599617612480847755,-72.00
2025-11-18 15:14:44.168080,599617612480847755,-67.00
2025-11-18 15:14:44.168080,599617612480847755,-48.00
2025-11-18 15:14:44.707964,599617613041544796,-21.00
2025-11-18 15:14:44.707964,599617613041544796,-26.00
2025-11-18 15:14:44.707964,599617613041544796,-55.00
2025-11-18 15:14:44.707964,599617613041544796,-57.00
2025-11-18 15:14:44.707964,599617613041544796,-31.00
2025-11-18 15:14:44.707964,599617613041544796,-14.00
2025-11-18 15:14:44.707964,599617613041544796,-9.00
2025-11-18 15:14:44.707964,599617613041544796,-21.00
2025-11-18 15:14:44.707964,599617613041544796,-26.00
2025-11-18 15:14:44.707964,599617613041544796,-4.00
2025-11-18 15:14:44.707964,599617613041544796,16.00
2025-11-18 15:14:44.707964,599617613041544796,-9.00
2025-11-18 15:14:44.707964,599617613041544796,-36.00
2025-11-18 15:14:44.707964,599617613041544796,-16.00
2025-11-18 15:14:44.707964,599617613041544796,4.00
2025-11-18 15:14:44.707964,599617613041544796,-4.00
2025-11-18 15:14:44.707964,599617613041544796,-7.00
2025-11-18 15:14:44.707964,599617613041544796,-2.00
2025-11-18 15:14:44.707964,599617613041544796,-16.00
2025-11-18 15:14:44.707964,599617613041544796,-19.00
2025-11-18 15:14:44.707964,599617613041544796,-16.00
2025-11-18 15:14:44.707964,599617613041544796,-21.00
2025-11-18 15:14:44.707964,599617613041544796,-7.00
2025-11-18 15:14:44.707964,599617613041544796,2.00
2025-11-18 15:14:44.707964,599617613041544796,0.00
2025-11-18 15:14:44.707964,599617613041544796,9.00
2025-11-18 15:14:44.707964,599617613041544796,12.00
2025-11-18 15:14:44.707964,599617613041544796,4.00
2025-11-18 15:14:44.707964,599617613041544796,12.00
2025-11-18 15:14:44.707964,599617613041544796,16.00
2025-11-18 15:14:44.707964,599617613041544796,4.00
2025-11-18 15:14:44.707964,599617613041544796,14.00
2025-11-18 15:14:44.707964,599617613041544796,33.00
2025-11-18 15:14:44.707964,599617613041544796,19.00
2025-11-18 15:14:44.707964,599617613041544796,19.00
2025-11-18 15:14:44.707964,599617613041544796,55.00
2025-11-18 15:14:44.707964,599617613041544796,48.00
2025-11-18 15:14:44.707964,599617613041544796,19.00
2025-11-18 15:14:44.707964,599617613041544796,31.00
2025-11-18 15:14:44.707964,599617613041544796,40.00
2025-11-18 15:14:44.707964,599617613041544796,28.00
2025-11-18 15:14:44.707964,599617613041544796,26.00
2025-11-18 15:14:44.707964,599617613041544796,2.00
2025-11-18 15:14:44.707964,599617613041544796,-38.00
2025-11-18 15:14:44.707964,599617613041544796,-16.00
2025-11-18 15:14:44.707964,599617613041544796,40.00
2025-11-18 15:14:44.707964,599617613041544796,40.00
2025-11-18 15:14:44.707964,599617613041544796,14.00
2025-11-18 15:14:44.707964,599617613041544796,4.00
2025-11-18 15:14:44.707964,599617613041544796,12.00
2025-11-18 15:14:44.707964,599617613041544796,14.00
2025-11-18 15:14:44.707964,599617613041544796,16.00
2025-11-18 15:14:44.707964,599617613041544796,77.00
2025-11-18 15:14:44.707964,599617613041544796,267.00
2025-11-18 15:14:44.707964,599617613041544796,510.00
2025-11-18 15:14:44.707964,599617613041544796,513.00
2025-11-18 15:14:44.707964,599617613041544796,144.00
2025-11-18 15:14:44.707964,599617613041544796,-190.00
2025-11-18 15:14:44.707964,599617613041544796,-195.00
2025-11-18 15:14:44.707964,599617613041544796,-108.00
2025-11-18 15:14:44.707964,599617613041544796,-93.00
2025-11-18 15:14:44.707964,599617613041544796,-60.00
2025-11-18 15:14:44.707964,599617613041544796,-19.00
2025-11-18 15:14:44.707964,599617613041544796,-24.00
2025-11-18 15:14:44.707964,599617613041544796,-26.00
2025-11-18 15:14:44.707964,599617613041544796,4.00
2025-11-18 15:14:44.707964,599617613041544796,26.00
2025-11-18 15:14:44.707964,599617613041544796,7.00
2025-11-18 15:14:44.707964,599617613041544796,-9.00
2025-11-18 15:14:44.707964,599617613041544796,19.00
2025-11-18 15:14:44.707964,599617613041544796,48.00
2025-11-18 15:14:44.707964,599617613041544796,40.00
2025-11-18 15:14:44.707964,599617613041544796,28.00
2025-11-18 15:14:45.248345,599617613602241837,28.00
2025-11-18 15:14:45.248345,599617613602241837,33.00
2025-11-18 15:14:45.248345,599617613602241837,45.00
2025-11-18 15:14:45.248345,599617613602241837,43.00
2025-11-18 15:14:45.248345,599617613602241837,31.00
2025-11-18 15:14:45.248345,599617613602241837,45.00
2025-11-18 15:14:45.248345,599617613602241837,79.00
2025-11-18 15:14:45.248345,599617613602241837,89.00
2025-11-18 15:14:45.248345,599617613602241837,84.00
2025-11-18 15:14:45.248345,599617613602241837,113.00
2025-11-18 15:14:45.248345,599617613602241837,137.00
2025-11-18 15:14:45.248345,599617613602241837,118.00
2025-11-18 15:14:45.248345,599617613602241837,113.00
2025-11-18 15:14:45.248345,599617613602241837,134.00
2025-11-18 15:14:45.248345,599617613602241837,144.00
2025-11-18 15:14:45.248345,599617613602241837,130.00
2025-11-18 15:14:45.248345,599617613602241837,127.00
2025-11-18 15:14:45.248345,599617613602241837,132.00
2025-11-18 15:14:45.248345,599617613602241837,113.00
2025-11-18 15:14:45.248345,599617613602241837,96.00
2025-11-18 15:14:45.248345,599617613602241837,86.00
2025-11-18 15:14:45.248345,599617613602241837,43.00
2025-11-18 15:14:45.248345,599617613602241837,-21.00
2025-11-18 15:14:45.248345,599617613602241837,-48.00
2025-11-18 15:14:45.248345,599617613602241837,-55.00
2025-11-18 15:14:45.248345,599617613602241837,-93.00
2025-11-18 15:14:45.248345,599617613602241837,-118.00
2025-11-18 15:14:45.248345,599617613602241837,-105.00
2025-11-18 15:14:45.248345,599617613602241837,-81.00
2025-11-18 15:14:45.248345,599617613602241837,-60.00
2025-11-18 15:14:45.248345,599617613602241837,-79.00
2025-11-18 15:14:45.248345,599617613602241837,-108.00
2025-11-18 15:14:45.248345,599617613602241837,-67.00
2025-11-18 15:14:45.248345,599617613602241837,-19.00
2025-11-18 15:14:45.248345,599617613602241837,-67.00
2025-11-18 15:14:45.248345,599617613602241837,-101.00
2025-11-18 15:14:45.248345,599617613602241837,-72.00
2025-11-18 15:14:45.248345,599617613602241837,-72.00
2025-11-18 15:14:45.248345,599617613602241837,-74.00
2025-11-18 15:14:45.248345,599617613602241837,-43.00
2025-11-18 15:14:45.248345,599617613602241837,-45.00
2025-11-18 15:14:45.248345,599617613602241837,-84.00
2025-11-18 15:14:45.248345,599617613602241837,-69.00
2025-11-18 15:14:45.248345,599617613602241837,-33.00
2025-11-18 15:14:45.248345,599617613602241837,-62.00
2025-11-18 15:14:45.248345,599617613602241837,-96.00
2025-11-18 15:14:45.248345,599617613602241837,-77.00
2025-11-18 15:14:45.248345,599617613602241837,-40.00
2025-11-18 15:14:45.248345,599617613602241837,-31.00
2025-11-18 15:14:45.248345,599617613602241837,-67.00
2025-11-18 15:14:45.248345,599617613602241837,-96.00
2025-11-18 15:14:45.248345,599617613602241837,-77.00
2025-11-18 15:14:45.248345,599617613602241837,-62.00
2025-11-18 15:14:45.248345,599617613602241837,-77.00
2025-11-18 15:14:45.248345,599617613602241837,-69.00
2025-11-18 15:14:45.248345,599617613602241837,-43.00
2025-11-18 15:14:45.248345,599617613602241837,-48.00
2025-11-18 15:14:45.248345,599617613602241837,-77.00
2025-11-18 15:14:45.248345,599617613602241837,-84.00
2025-11-18 15:14:45.248345,599617613602241837,-62.00
2025-11-18 15:14:45.248345,599617613602241837,-48.00
2025-11-18 15:14:45.248345,599617613602241837,-57.00
2025-11-18 15:14:45.248345,599617613602241837,-72.00
2025-11-18 15:14:45.248345,599617613602241837,-69.00
2025-11-18 15:14:45.248345,599617613602241837,-52.00
2025-11-18 15:14:45.248345,599617613602241837,-36.00
2025-11-18 15:14:45.248345,599617613602241837,-26.00
2025-11-18 15:14:45.248345,599617613602241837,-38.00
2025-11-18 15:14:45.248345,599617613602241837,-33.00
2025-11-18 15:14:45.248345,599617613602241837,-9.00
2025-11-18 15:14:45.248345,599617613602241837,-12.00
2025-11-18 15:14:45.248345,599617613602241837,-33.00
2025-11-18 15:14:45.248345,599617613602241837,-48.00
2025-11-18 15:14:45.818218,599617614162908360,-48.00
2025-11-18 15:14:45.818218,599617614162908360,-28.00
2025-11-18 15:14:45.818218,599617614162908360,-28.00
2025-11-18 15:14:45.818218,599617614162908360,-48.00
2025-11-18 15:14:45.818218,599617614162908360,-43.00
2025-11-18 15:14:45.818218,599617614162908360,-45.00
2025-11-18 15:14:45.818218,599617614162908360,-57.00
2025-11-18 15:14:45.818218,599617614162908360,-74.00
2025-11-18 15:14:45.818218,599617614162908360,-84.00
2025-11-18 15:14:45.818218,599617614162908360,-40.00
2025-11-18 15:14:45.818218,599617614162908360,-4.00
2025-11-18 15:14:45.818218,599617614162908360,-24.00
2025-11-18 15:14:45.818218,599617614162908360,-52.00
2025-11-18 15:14:45.818218,599617614162908360,-31.00
2025-11-18 15:14:45.818218,599617614162908360,132.00
2025-11-18 15:14:45.818218,599617614162908360,407.00
2025-11-18 15:14:45.818218,599617614162908360,537.00
2025-11-18 15:14:45.818218,599617614162908360,252.00
2025-11-18 15:14:45.818218,599617614162908360,-192.00
2025-11-18 15:14:45.818218,599617614162908360,-313.00
2025-11-18 15:14:45.818218,599617614162908360,-192.00
2025-11-18 15:14:45.818218,599617614162908360,-139.00
2025-11-18 15:14:45.818218,599617614162908360,-115.00
2025-11-18 15:14:45.818218,599617614162908360,-55.00
2025-11-18 15:14:45.818218,599617614162908360,-33.00
2025-11-18 15:14:45.818218,599617614162908360,-57.00
2025-11-18 15:14:45.818218,599617614162908360,-52.00
2025-11-18 15:14:45.818218,599617614162908360,-21.00
2025-11-18 15:14:45.818218,599617614162908360,-28.00
2025-11-18 15:14:45.818218,599617614162908360,-48.00
2025-11-18 15:14:45.818218,599617614162908360,-31.00
2025-11-18 15:14:45.818218,599617614162908360,-4.00
2025-11-18 15:14:45.818218,599617614162908360,0.00
2025-11-18 15:14:45.818218,599617614162908360,2.00
2025-11-18 15:14:45.818218,599617614162908360,14.00
2025-11-18 15:14:45.818218,599617614162908360,19.00
2025-11-18 15:14:45.818218,599617614162908360,21.00
2025-11-18 15:14:45.818218,599617614162908360,26.00
2025-11-18 15:14:45.818218,599617614162908360,26.00
2025-11-18 15:14:45.818218,599617614162908360,31.00
2025-11-18 15:14:45.818218,599617614162908360,43.00
2025-11-18 15:14:45.818218,599617614162908360,50.00
2025-11-18 15:14:45.818218,599617614162908360,60.00
2025-11-18 15:14:45.818218,599617614162908360,79.00
2025-11-18 15:14:45.818218,599617614162908360,93.00
2025-11-18 15:14:45.818218,599617614162908360,105.00
2025-11-18 15:14:45.818218,599617614162908360,127.00
2025-11-18 15:14:45.818218,599617614162908360,137.00
2025-11-18 15:14:45.818218,599617614162908360,125.00
2025-11-18 15:14:45.818218,599617614162908360,113.00
2025-11-18 15:14:45.818218,599617614162908360,115.00
2025-11-18 15:14:45.818218,599617614162908360,110.00
2025-11-18 15:14:45.818218,599617614162908360,84.00
2025-11-18 15:14:45.818218,599617614162908360,65.00
2025-11-18 15:14:45.818218,599617614162908360,55.00
2025-11-18 15:14:45.818218,599617614162908360,24.00
2025-11-18 15:14:45.818218,599617614162908360,-24.00
2025-11-18 15:14:45.818218,599617614162908360,-50.00
2025-11-18 15:14:45.818218,599617614162908360,-62.00
2025-11-18 15:14:45.818218,599617614162908360,-96.00
2025-11-18 15:14:45.818218,599617614162908360,-127.00
2025-11-18 15:14:45.818218,599617614162908360,-125.00
2025-11-18 15:14:45.818218,599617614162908360,-108.00
2025-11-18 15:14:45.818218,599617614162908360,-93.00
2025-11-18 15:14:45.818218,599617614162908360,-93.00
2025-11-18 15:14:45.818218,599617614162908360,-105.00
2025-11-18 15:14:45.818218,599617614162908360,-101.00
2025-11-18 15:14:45.818218,599617614162908360,-84.00
2025-11-18 15:14:45.818218,599617614162908360,-77.00
2025-11-18 15:14:45.818218,599617614162908360,-77.00
2025-11-18 15:14:45.818218,599617614162908360,-77.00
2025-11-18 15:14:45.818218,599617614162908360,-72.00
2025-11-18 15:14:45.818218,599617614162908360,-62.00
2025-11-18 15:14:46.418265,599617614723605403,-57.00
2025-11-18 15:14:46.418265,599617614723605403,-57.00
2025-11-18 15:14:46.418265,599617614723605403,-62.00
2025-11-18 15:14:46.418265,599617614723605403,-57.00
2025-11-18 15:14:46.418265,599617614723605403,-40.00
2025-11-18 15:14:46.418265,599617614723605403,-31.00
2025-11-18 15:14:46.418265,599617614723605403,-43.00
2025-11-18 15:14:46.418265,599617614723605403,-52.00
2025-11-18 15:14:46.418265,599617614723605403,-52.00
2025-11-18 15:14:46.418265,599617614723605403,-48.00
2025-11-18 15:14:46.418265,599617614723605403,-43.00
2025-11-18 15:14:46.418265,599617614723605403,-57.00
2025-11-18 15:14:46.418265,599617614723605403,-77.00
2025-11-18 15:14:46.418265,599617614723605403,-69.00
2025-11-18 15:14:46.418265,599617614723605403,-48.00
2025-11-18 15:14:46.418265,599617614723605403,-48.00
2025-11-18 15:14:46.418265,599617614723605403,-55.00
2025-11-18 15:14:46.418265,599617614723605403,-57.00
2025-11-18 15:14:46.418265,599617614723605403,-55.00
2025-11-18 15:14:46.418265,599617614723605403,-57.00
2025-11-18 15:14:46.418265,599617614723605403,-60.00
2025-11-18 15:14:46.418265,599617614723605403,-50.00
2025-11-18 15:14:46.418265,599617614723605403,-40.00
2025-11-18 15:14:46.418265,599617614723605403,-48.00
2025-11-18 15:14:46.418265,599617614723605403,-55.00
2025-11-18 15:14:46.418265,599617614723605403,-57.00
2025-11-18 15:14:46.418265,599617614723605403,-55.00
2025-11-18 15:14:46.418265,599617614723605403,-43.00
2025-11-18 15:14:46.418265,599617614723605403,-31.00
2025-11-18 15:14:46.418265,599617614723605403,-40.00
2025-11-18 15:14:46.418265,599617614723605403,-67.00
2025-11-18 15:14:46.418265,599617614723605403,-60.00
2025-11-18 15:14:46.418265,599617614723605403,-28.00
2025-11-18 15:14:46.418265,599617614723605403,-14.00
2025-11-18 15:14:46.418265,599617614723605403,0.00
2025-11-18 15:14:46.418265,599617614723605403,4.00
2025-11-18 15:14:46.418265,599617614723605403,-7.00
2025-11-18 15:14:46.418265,599617614723605403,-19.00
2025-11-18 15:14:46.418265,599617614723605403,-38.00
2025-11-18 15:14:46.418265,599617614723605403,-45.00
2025-11-18 15:14:46.418265,599617614723605403,-40.00
2025-11-18 15:14:46.418265,599617614723605403,-45.00
2025-11-18 15:14:46.418265,599617614723605403,-48.00
2025-11-18 15:14:46.418265,599617614723605403,-21.00
2025-11-18 15:14:46.418265,599617614723605403,-14.00
2025-11-18 15:14:46.418265,599617614723605403,-28.00
2025-11-18 15:14:46.418265,599617614723605403,-28.00
2025-11-18 15:14:46.418265,599617614723605403,-26.00
2025-11-18 15:14:46.418265,599617614723605403,-31.00
2025-11-18 15:14:46.418265,599617614723605403,-21.00
2025-11-18 15:14:46.418265,599617614723605403,19.00
2025-11-18 15:14:46.418265,599617614723605403,154.00
2025-11-18 15:14:46.418265,599617614723605403,402.00
2025-11-18 15:14:46.418265,599617614723605403,532.00
2025-11-18 15:14:46.418265,599617614723605403,255.00
2025-11-18 15:14:46.418265,599617614723605403,-192.00
2025-11-18 15:14:46.418265,599617614723605403,-322.00
2025-11-18 15:14:46.418265,599617614723605403,-199.00
2025-11-18 15:14:46.418265,599617614723605403,-134.00
2025-11-18 15:14:46.418265,599617614723605403,-98.00
2025-11-18 15:14:46.418265,599617614723605403,-36.00
2025-11-18 15:14:46.418265,599617614723605403,-19.00
2025-11-18 15:14:46.418265,599617614723605403,-36.00
2025-11-18 15:14:46.418265,599617614723605403,-21.00
2025-11-18 15:14:46.418265,599617614723605403,-9.00
2025-11-18 15:14:46.418265,599617614723605403,-9.00
2025-11-18 15:14:46.418265,599617614723605403,7.00
2025-11-18 15:14:46.418265,599617614723605403,-2.00
2025-11-18 15:14:46.418265,599617614723605403,-21.00
2025-11-18 15:14:46.418265,599617614723605403,21.00
2025-11-18 15:14:46.418265,599617614723605403,65.00
2025-11-18 15:14:46.418265,599617614723605403,50.00
2025-11-18 15:14:46.418265,599617614723605403,38.00
2025-11-18 15:14:46.957716,599617615284302444,50.00
2025-11-18 15:14:46.957716,599617615284302444,67.00
2025-11-18 15:14:46.957716,599617615284302444,89.00
2025-11-18 15:14:46.957716,599617615284302444,86.00
2025-11-18 15:14:46.957716,599617615284302444,50.00
2025-11-18 15:14:46.957716,599617615284302444,62.00
2025-11-18 15:14:46.957716,599617615284302444,108.00
2025-11-18 15:14:46.957716,599617615284302444,118.00
2025-11-18 15:14:46.957716,599617615284302444,118.00
2025-11-18 15:14:46.957716,599617615284302444,139.00
2025-11-18 15:14:46.957716,599617615284302444,158.00
2025-11-18 15:14:46.957716,599617615284302444,178.00
2025-11-18 15:14:46.957716,599617615284302444,187.00
2025-11-18 15:14:46.957716,599617615284302444,161.00
2025-11-18 15:14:46.957716,599617615284302444,142.00
2025-11-18 15:14:46.957716,599617615284302444,171.00
2025-11-18 15:14:46.957716,599617615284302444,180.00
2025-11-18 15:14:46.957716,599617615284302444,125.00
2025-11-18 15:14:46.957716,599617615284302444,57.00
2025-11-18 15:14:46.957716,599617615284302444,28.00
2025-11-18 15:14:46.957716,599617615284302444,9.00
2025-11-18 15:14:46.957716,599617615284302444,-24.00
2025-11-18 15:14:46.957716,599617615284302444,-60.00
2025-11-18 15:14:46.957716,599617615284302444,-91.00
2025-11-18 15:14:46.957716,599617615284302444,-98.00
2025-11-18 15:14:46.957716,599617615284302444,-84.00
2025-11-18 15:14:46.957716,599617615284302444,-79.00
2025-11-18 15:14:46.957716,599617615284302444,-91.00
2025-11-18 15:14:46.957716,599617615284302444,-103.00
2025-11-18 15:14:46.957716,599617615284302444,-91.00
2025-11-18 15:14:46.957716,599617615284302444,-67.00
2025-11-18 15:14:46.957716,599617615284302444,-89.00
2025-11-18 15:14:46.957716,599617615284302444,-118.00
2025-11-18 15:14:46.957716,599617615284302444,-96.00
2025-11-18 15:14:46.957716,599617615284302444,-84.00
2025-11-18 15:14:46.957716,599617615284302444,-98.00
2025-11-18 15:14:46.957716,599617615284302444,-81.00
2025-11-18 15:14:46.957716,599617615284302444,-31.00
2025-11-18 15:14:46.957716,599617615284302444,-9.00
2025-11-18 15:14:46.957716,599617615284302444,-67.00
2025-11-18 15:14:46.957716,599617615284302444,-122.00
2025-11-18 15:14:46.957716,599617615284302444,-79.00
2025-11-18 15:14:46.957716,599617615284302444,-33.00
2025-11-18 15:14:46.957716,599617615284302444,-65.00
2025-11-18 15:14:46.957716,599617615284302444,-96.00
2025-11-18 15:14:46.957716,599617615284302444,-72.00
2025-11-18 15:14:46.957716,599617615284302444,-40.00
2025-11-18 15:14:46.957716,599617615284302444,-57.00
2025-11-18 15:14:46.957716,599617615284302444,-86.00
2025-11-18 15:14:46.957716,599617615284302444,-84.00
2025-11-18 15:14:46.957716,599617615284302444,-77.00
2025-11-18 15:14:46.957716,599617615284302444,-77.00
2025-11-18 15:14:46.957716,599617615284302444,-50.00
2025-11-18 15:14:46.957716,599617615284302444,-28.00
2025-11-18 15:14:46.957716,599617615284302444,-57.00
2025-11-18 15:14:46.957716,599617615284302444,-74.00
2025-11-18 15:14:46.957716,599617615284302444,-26.00
2025-11-18 15:14:46.957716,599617615284302444,-28.00
2025-11-18 15:14:46.957716,599617615284302444,-89.00
2025-11-18 15:14:46.957716,599617615284302444,-79.00
2025-11-18 15:14:46.957716,599617615284302444,-40.00
2025-11-18 15:14:46.957716,599617615284302444,-60.00
2025-11-18 15:14:46.957716,599617615284302444,-89.00
2025-11-18 15:14:46.957716,599617615284302444,-98.00
2025-11-18 15:14:46.957716,599617615284302444,-62.00
2025-11-18 15:14:46.957716,599617615284302444,-2.00
2025-11-18 15:14:46.957716,599617615284302444,7.00
2025-11-18 15:14:46.957716,599617615284302444,-4.00
2025-11-18 15:14:46.957716,599617615284302444,19.00
2025-11-18 15:14:46.957716,599617615284302444,16.00
2025-11-18 15:14:46.957716,599617615284302444,-38.00
2025-11-18 15:14:46.957716,599617615284302444,-60.00
2025-11-18 15:14:46.957716,599617615284302444,-36.00
2025-11-18 15:14:47.527895,599617615844999485,-28.00
2025-11-18 15:14:47.527895,599617615844999485,-33.00
2025-11-18 15:14:47.527895,599617615844999485,-28.00
2025-11-18 15:14:47.527895,599617615844999485,-26.00
2025-11-18 15:14:47.527895,599617615844999485,-38.00
2025-11-18 15:14:47.527895,599617615844999485,-52.00
2025-11-18 15:14:47.527895,599617615844999485,-52.00
2025-11-18 15:14:47.527895,599617615844999485,-38.00
2025-11-18 15:14:47.527895,599617615844999485,-21.00
2025-11-18 15:14:47.527895,599617615844999485,-31.00
2025-11-18 15:14:47.527895,599617615844999485,-65.00
2025-11-18 15:14:47.527895,599617615844999485,-74.00
2025-11-18 15:14:47.527895,599617615844999485,-36.00
2025-11-18 15:14:47.527895,599617615844999485,69.00
2025-11-18 15:14:47.527895,599617615844999485,274.00
2025-11-18 15:14:47.527895,599617615844999485,488.00
2025-11-18 15:14:47.527895,599617615844999485,455.00
2025-11-18 15:14:47.527895,599617615844999485,96.00
2025-11-18 15:14:47.527895,599617615844999485,-231.00
2025-11-18 15:14:47.527895,599617615844999485,-274.00
2025-11-18 15:14:47.527895,599617615844999485,-190.00
2025-11-18 15:14:47.527895,599617615844999485,-115.00
2025-11-18 15:14:47.527895,599617615844999485,-52.00
2025-11-18 15:14:47.527895,599617615844999485,-28.00
2025-11-18 15:14:47.527895,599617615844999485,-26.00
2025-11-18 15:14:47.527895,599617615844999485,-21.00
2025-11-18 15:14:47.527895,599617615844999485,-4.00
2025-11-18 15:14:47.527895,599617615844999485,19.00
2025-11-18 15:14:47.527895,599617615844999485,16.00
2025-11-18 15:14:47.527895,599617615844999485,-2.00
2025-11-18 15:14:47.527895,599617615844999485,-16.00
2025-11-18 15:14:47.527895,599617615844999485,-16.00
2025-11-18 15:14:47.527895,599617615844999485,0.00
2025-11-18 15:14:47.527895,599617615844999485,14.00
2025-11-18 15:14:47.527895,599617615844999485,16.00
2025-11-18 15:14:47.527895,599617615844999485,19.00
2025-11-18 15:14:47.527895,599617615844999485,28.00
2025-11-18 15:14:47.527895,599617615844999485,40.00
2025-11-18 15:14:47.527895,599617615844999485,45.00
2025-11-18 15:14:47.527895,599617615844999485,48.00
2025-11-18 15:14:47.527895,599617615844999485,57.00
2025-11-18 15:14:47.527895,599617615844999485,67.00
2025-11-18 15:14:47.527895,599617615844999485,55.00
2025-11-18 15:14:47.527895,599617615844999485,50.00
2025-11-18 15:14:47.527895,599617615844999485,65.00
2025-11-18 15:14:47.527895,599617615844999485,67.00
2025-11-18 15:14:47.527895,599617615844999485,77.00
2025-11-18 15:14:47.527895,599617615844999485,101.00
2025-11-18 15:14:47.527895,599617615844999485,103.00
2025-11-18 15:14:47.527895,599617615844999485,93.00
2025-11-18 15:14:47.527895,599617615844999485,93.00
2025-11-18 15:14:47.527895,599617615844999485,77.00
2025-11-18 15:14:47.527895,599617615844999485,33.00
2025-11-18 15:14:47.527895,599617615844999485,-9.00
2025-11-18 15:14:47.527895,599617615844999485,-40.00
2025-11-18 15:14:47.527895,599617615844999485,-62.00
2025-11-18 15:14:47.527895,599617615844999485,-89.00
2025-11-18 15:14:47.527895,599617615844999485,-127.00
2025-11-18 15:14:47.527895,599617615844999485,-158.00
2025-11-18 15:14:47.527895,599617615844999485,-178.00
2025-11-18 15:14:47.527895,599617615844999485,-192.00
2025-11-18 15:14:47.527895,599617615844999485,-199.00
2025-11-18 15:14:47.527895,599617615844999485,-197.00
2025-11-18 15:14:47.527895,599617615844999485,-192.00
2025-11-18 15:14:47.527895,599617615844999485,-197.00
2025-11-18 15:14:47.527895,599617615844999485,-192.00
2025-11-18 15:14:47.527895,599617615844999485,-180.00
2025-11-18 15:14:47.527895,599617615844999485,-175.00
2025-11-18 15:14:47.527895,599617615844999485,-173.00
2025-11-18 15:14:47.527895,599617615844999485,-168.00
2025-11-18 15:14:47.527895,599617615844999485,-163.00
2025-11-18 15:14:47.527895,599617615844999485,-161.00
2025-11-18 15:14:47.527895,599617615844999485,-163.00
